cycle,branch,branch_capacity_mAh,voltage_V
1,charge,0.0,1.3401199999999998
1,charge,1.9998,1.3433199999999998
1,charge,3.9996,1.34652
1,charge,5.9994,1.3497199999999998
1,charge,7.9992,1.35292
1,charge,9.999,1.3561199999999998
1,charge,11.9988,1.3593199999999999
1,charge,13.998600000000001,1.3625199999999997
1,charge,15.9984,1.3657199999999998
1,charge,17.998199999999997,1.36892
1,charge,19.998,1.3721199999999998
1,charge,21.997799999999998,1.3753199999999999
1,charge,23.9976,1.3785199999999997
1,charge,25.9974,1.3817199999999998
1,charge,27.997200000000003,1.38492
1,charge,29.996999999999996,1.3881199999999998
1,charge,31.9968,1.39132
1,charge,33.9966,1.3945199999999998
1,charge,35.996399999999994,1.3977199999999999
1,charge,37.9962,1.4009199999999997
1,charge,39.996,1.4041199999999998
1,charge,41.995799999999996,1.40732
1,charge,43.995599999999996,1.4105199999999998
1,charge,45.9954,1.4137199999999999
1,charge,47.9952,1.4169199999999997
1,charge,49.995,1.4201199999999998
1,charge,51.9948,1.42332
1,charge,53.9946,1.4265199999999998
1,charge,55.994400000000006,1.4297199999999999
1,charge,57.99419999999999,1.4329199999999997
1,charge,59.99399999999999,1.4361199999999998
1,charge,61.99379999999999,1.43932
1,charge,63.9936,1.4425199999999998
1,charge,65.9934,1.44572
1,charge,67.9932,1.4489199999999998
1,charge,69.99300000000001,1.4521199999999999
1,charge,71.99279999999999,1.4553199999999997
1,charge,73.9926,1.4585199999999998
1,charge,75.9924,1.46172
1,charge,77.9922,1.4649199999999998
1,charge,79.992,1.4681199999999999
1,charge,81.9918,1.4713199999999997
1,charge,83.99159999999999,1.4745199999999998
1,charge,85.9914,1.47772
1,charge,87.99119999999999,1.4809199999999998
1,charge,89.991,1.4841199999999999
1,charge,91.9908,1.4873199999999998
1,charge,93.9906,1.4905199999999998
1,charge,95.9904,1.4937199999999997
1,charge,97.99019999999999,1.4969199999999998
1,charge,99.99,1.50012
1,discharge,0.0,1.252474764
1,discharge,1.963763604,1.250074764
1,discharge,3.927527208,1.2476747639999999
1,discharge,5.891290811999999,1.245274764
1,discharge,7.855054416,1.242874764
1,discharge,9.81881802,1.240474764
1,discharge,11.782581623999999,1.238074764
1,discharge,13.746345228,1.2356747639999999
1,discharge,15.710108832,1.233274764
1,discharge,17.673872435999996,1.230874764
1,discharge,19.63763604,1.228474764
1,discharge,21.601399643999997,1.226074764
1,discharge,23.565163247999998,1.2236747639999999
1,discharge,25.528926851999998,1.221274764
1,discharge,27.492690456,1.218874764
1,discharge,29.456454059999995,1.216474764
1,discharge,31.420217664,1.214074764
1,discharge,33.383981268,1.211674764
1,discharge,35.34774487199999,1.209274764
1,discharge,37.311508476,1.206874764
1,discharge,39.27527208,1.204474764
1,discharge,41.239035683999994,1.202074764
1,discharge,43.202799287999994,1.199674764
1,discharge,45.166562891999995,1.1972747639999999
1,discharge,47.130326495999995,1.194874764
1,discharge,49.094090099999995,1.192474764
1,discharge,51.057853703999996,1.190074764
1,discharge,53.021617307999996,1.187674764
1,discharge,54.985380912,1.1852747639999999
1,discharge,56.94914451599999,1.182874764
1,discharge,58.91290811999999,1.180474764
1,discharge,60.87667172399999,1.178074764
1,discharge,62.840435328,1.175674764
1,discharge,64.80419893199999,1.1732747639999999
1,discharge,66.767962536,1.170874764
1,discharge,68.73172614,1.168474764
1,discharge,70.69548974399999,1.166074764
1,discharge,72.659253348,1.163674764
1,discharge,74.623016952,1.161274764
1,discharge,76.586780556,1.158874764
1,discharge,78.55054416,1.156474764
1,discharge,80.514307764,1.154074764
1,discharge,82.47807136799999,1.151674764
1,discharge,84.441834972,1.149274764
1,discharge,86.40559857599999,1.1468747639999999
1,discharge,88.36936218,1.144474764
1,discharge,90.33312578399999,1.142074764
1,discharge,92.296889388,1.139674764
1,discharge,94.26065299199999,1.137274764
1,discharge,96.22441659599998,1.1348747639999999
1,discharge,98.18818019999999,1.132474764
2,charge,0.0,1.3402399999999999
2,charge,1.9996,1.34344
2,charge,3.9992,1.3466399999999998
2,charge,5.9988,1.34984
2,charge,7.9984,1.35304
2,charge,9.998000000000001,1.35624
2,charge,11.9976,1.35944
2,charge,13.997200000000001,1.3626399999999999
2,charge,15.9968,1.36584
2,charge,17.9964,1.36904
2,charge,19.996000000000002,1.37224
2,charge,21.9956,1.37544
2,charge,23.9952,1.3786399999999999
2,charge,25.9948,1.38184
2,charge,27.994400000000002,1.38504
2,charge,29.994,1.38824
2,charge,31.9936,1.39144
2,charge,33.9932,1.3946399999999999
2,charge,35.9928,1.39784
2,charge,37.9924,1.4010399999999998
2,charge,39.992000000000004,1.40424
2,charge,41.9916,1.40744
2,charge,43.9912,1.41064
2,charge,45.99080000000001,1.41384
2,charge,47.9904,1.4170399999999999
2,charge,49.99,1.42024
2,charge,51.9896,1.42344
2,charge,53.989200000000004,1.42664
2,charge,55.988800000000005,1.42984
2,charge,57.9884,1.4330399999999999
2,charge,59.988,1.43624
2,charge,61.9876,1.43944
2,charge,63.9872,1.44264
2,charge,65.9868,1.44584
2,charge,67.9864,1.4490399999999999
2,charge,69.986,1.45224
2,charge,71.9856,1.4554399999999998
2,charge,73.9852,1.45864
2,charge,75.9848,1.46184
2,charge,77.98440000000001,1.46504
2,charge,79.98400000000001,1.46824
2,charge,81.98360000000001,1.4714399999999999
2,charge,83.9832,1.47464
2,charge,85.9828,1.47784
2,charge,87.9824,1.48104
2,charge,89.982,1.48424
2,charge,91.98160000000001,1.4874399999999999
2,charge,93.98120000000002,1.49064
2,charge,95.9808,1.49384
2,charge,97.9804,1.49704
2,charge,99.98,1.50024
2,discharge,0.0,1.252149456
2,discharge,1.963527216,1.249749456
2,discharge,3.927054432,1.2473494559999998
2,discharge,5.8905816479999995,1.2449494559999998
2,discharge,7.854108864,1.2425494559999999
2,discharge,9.81763608,1.240149456
2,discharge,11.781163295999999,1.237749456
2,discharge,13.744690512000002,1.2353494559999998
2,discharge,15.708217728,1.2329494559999998
2,discharge,17.671744944,1.2305494559999999
2,discharge,19.63527216,1.228149456
2,discharge,21.598799376,1.225749456
2,discharge,23.562326591999998,1.2233494559999998
2,discharge,25.525853808,1.2209494559999998
2,discharge,27.489381024000004,1.2185494559999999
2,discharge,29.45290824,1.216149456
2,discharge,31.416435456,1.213749456
2,discharge,33.379962672000005,1.2113494559999998
2,discharge,35.343489888,1.2089494559999998
2,discharge,37.307017103999996,1.2065494559999999
2,discharge,39.27054432,1.204149456
2,discharge,41.234071535999995,1.201749456
2,discharge,43.197598752,1.199349456
2,discharge,45.161125968,1.1969494559999998
2,discharge,47.124653183999996,1.1945494559999998
2,discharge,49.0881804,1.1921494559999999
2,discharge,51.051707616,1.189749456
2,discharge,53.015234832000004,1.187349456
2,discharge,54.97876204800001,1.1849494559999998
2,discharge,56.942289263999996,1.1825494559999998
2,discharge,58.90581648,1.1801494559999999
2,discharge,60.869343696,1.177749456
2,discharge,62.832870912,1.175349456
2,discharge,64.796398128,1.1729494559999998
2,discharge,66.75992534400001,1.1705494559999998
2,discharge,68.72345256,1.1681494559999999
2,discharge,70.686979776,1.165749456
2,discharge,72.650506992,1.163349456
2,discharge,74.61403420799999,1.160949456
2,discharge,76.577561424,1.1585494559999998
2,discharge,78.54108864,1.1561494559999999
2,discharge,80.504615856,1.153749456
2,discharge,82.46814307199999,1.151349456
2,discharge,84.43167028799999,1.148949456
2,discharge,86.395197504,1.1465494559999998
2,discharge,88.35872472,1.1441494559999998
2,discharge,90.322251936,1.1417494559999999
2,discharge,92.285779152,1.139349456
2,discharge,94.24930636799999,1.136949456
2,discharge,96.212833584,1.1345494559999998
2,discharge,98.1763608,1.1321494559999998
3,charge,0.0,1.3403599999999998
3,charge,1.9994,1.3435599999999999
3,charge,3.9988,1.3467599999999997
3,charge,5.9982,1.3499599999999998
3,charge,7.9976,1.35316
3,charge,9.997,1.3563599999999998
3,charge,11.9964,1.3595599999999999
3,charge,13.995800000000001,1.3627599999999997
3,charge,15.9952,1.3659599999999998
3,charge,17.9946,1.36916
3,charge,19.994,1.3723599999999998
3,charge,21.9934,1.37556
3,charge,23.9928,1.3787599999999998
3,charge,25.9922,1.3819599999999999
3,charge,27.991600000000002,1.38516
3,charge,29.991,1.3883599999999998
3,charge,31.9904,1.39156
3,charge,33.9898,1.3947599999999998
3,charge,35.9892,1.3979599999999999
3,charge,37.9886,1.4011599999999997
3,charge,39.988,1.4043599999999998
3,charge,41.9874,1.40756
3,charge,43.9868,1.4107599999999998
3,charge,45.986200000000004,1.4139599999999999
3,charge,47.9856,1.4171599999999998
3,charge,49.985,1.4203599999999998
3,charge,51.9844,1.42356
3,charge,53.9838,1.4267599999999998
3,charge,55.983200000000004,1.42996
3,charge,57.9826,1.4331599999999998
3,charge,59.982,1.4363599999999999
3,charge,61.9814,1.43956
3,charge,63.9808,1.4427599999999998
3,charge,65.9802,1.44596
3,charge,67.9796,1.4491599999999998
3,charge,69.979,1.4523599999999999
3,charge,71.9784,1.4555599999999997
3,charge,73.9778,1.4587599999999998
3,charge,75.9772,1.46196
3,charge,77.9766,1.4651599999999998
3,charge,79.976,1.4683599999999999
3,charge,81.97540000000001,1.4715599999999998
3,charge,83.9748,1.4747599999999998
3,charge,85.9742,1.47796
3,charge,87.9736,1.4811599999999998
3,charge,89.973,1.48436
3,charge,91.97240000000001,1.4875599999999998
3,charge,93.9718,1.4907599999999999
3,charge,95.9712,1.49396
3,charge,97.97059999999999,1.4971599999999998
3,charge,99.97,1.50036
3,discharge,0.0,1.251824076
3,discharge,1.9632908360000003,1.249424076
3,discharge,3.9265816720000006,1.2470240759999998
3,discharge,5.889872508000001,1.2446240759999998
3,discharge,7.853163344000001,1.2422240759999998
3,discharge,9.816454180000001,1.2398240759999999
3,discharge,11.779745016000001,1.237424076
3,discharge,13.743035852000002,1.2350240759999997
3,discharge,15.706326688000003,1.2326240759999998
3,discharge,17.669617524,1.2302240759999998
3,discharge,19.632908360000002,1.2278240759999999
3,discharge,21.596199196,1.225424076
3,discharge,23.559490032000003,1.2230240759999997
3,discharge,25.522780868,1.2206240759999998
3,discharge,27.486071704000004,1.2182240759999998
3,discharge,29.449362540000003,1.2158240759999999
3,discharge,31.412653376000005,1.213424076
3,discharge,33.37594421200001,1.2110240759999997
3,discharge,35.339235048,1.2086240759999998
3,discharge,37.302525884000005,1.2062240759999998
3,discharge,39.265816720000004,1.2038240759999999
3,discharge,41.229107556,1.201424076
3,discharge,43.192398392,1.199024076
3,discharge,45.15568922800001,1.1966240759999998
3,discharge,47.118980064000006,1.1942240759999998
3,discharge,49.082270900000005,1.1918240759999998
3,discharge,51.045561736,1.1894240759999999
3,discharge,53.00885257200001,1.187024076
3,discharge,54.97214340800001,1.1846240759999997
3,discharge,56.935434244,1.1822240759999998
3,discharge,58.898725080000006,1.1798240759999998
3,discharge,60.862015916000004,1.1774240759999999
3,discharge,62.82530675200001,1.175024076
3,discharge,64.78859758800002,1.1726240759999997
3,discharge,66.75188842400001,1.1702240759999998
3,discharge,68.71517926000001,1.1678240759999998
3,discharge,70.678470096,1.1654240759999999
3,discharge,72.64176093200001,1.163024076
3,discharge,74.60505176800001,1.160624076
3,discharge,76.56834260400001,1.1582240759999998
3,discharge,78.53163344000001,1.1558240759999998
3,discharge,80.49492427600002,1.1534240759999999
3,discharge,82.458215112,1.151024076
3,discharge,84.421505948,1.148624076
3,discharge,86.384796784,1.1462240759999998
3,discharge,88.34808762000002,1.1438240759999998
3,discharge,90.31137845600001,1.1414240759999998
3,discharge,92.27466929200001,1.1390240759999999
3,discharge,94.23796012800001,1.136624076
3,discharge,96.20125096400001,1.1342240759999997
3,discharge,98.16454180000001,1.1318240759999998
4,charge,0.0,1.34048
4,charge,1.9991999999999999,1.34368
4,charge,3.9983999999999997,1.34688
4,charge,5.997599999999999,1.35008
4,charge,7.9967999999999995,1.35328
4,charge,9.996,1.35648
4,charge,11.995199999999999,1.35968
4,charge,13.9944,1.3628799999999999
4,charge,15.993599999999999,1.36608
4,charge,17.9928,1.36928
4,charge,19.992,1.37248
4,charge,21.9912,1.37568
4,charge,23.990399999999998,1.3788799999999999
4,charge,25.9896,1.38208
4,charge,27.9888,1.38528
4,charge,29.987999999999996,1.38848
4,charge,31.987199999999998,1.39168
4,charge,33.9864,1.39488
4,charge,35.9856,1.39808
4,charge,37.9848,1.4012799999999999
4,charge,39.984,1.40448
4,charge,41.9832,1.40768
4,charge,43.9824,1.41088
4,charge,45.9816,1.41408
4,charge,47.980799999999995,1.4172799999999999
4,charge,49.98,1.42048
4,charge,51.9792,1.42368
4,charge,53.9784,1.42688
4,charge,55.9776,1.43008
4,charge,57.97679999999999,1.4332799999999999
4,charge,59.97599999999999,1.43648
4,charge,61.975199999999994,1.43968
4,charge,63.974399999999996,1.44288
4,charge,65.9736,1.44608
4,charge,67.9728,1.44928
4,charge,69.97200000000001,1.45248
4,charge,71.9712,1.4556799999999999
4,charge,73.9704,1.45888
4,charge,75.9696,1.46208
4,charge,77.9688,1.46528
4,charge,79.968,1.46848
4,charge,81.9672,1.4716799999999999
4,charge,83.9664,1.47488
4,charge,85.9656,1.47808
4,charge,87.9648,1.48128
4,charge,89.964,1.48448
4,charge,91.9632,1.48768
4,charge,93.9624,1.49088
4,charge,95.96159999999999,1.4940799999999999
4,charge,97.96079999999999,1.49728
4,charge,99.96,1.50048
4,discharge,0.0,1.2514986240000001
4,discharge,1.963054464,1.2490986240000002
4,discharge,3.926108928,1.246698624
4,discharge,5.8891633919999995,1.244298624
4,discharge,7.852217856,1.241898624
4,discharge,9.81527232,1.239498624
4,discharge,11.778326783999999,1.2370986240000001
4,discharge,13.741381248000001,1.234698624
4,discharge,15.704435712,1.232298624
4,discharge,17.667490175999998,1.229898624
4,discharge,19.63054464,1.227498624
4,discharge,21.593599104,1.2250986240000001
4,discharge,23.556653567999998,1.222698624
4,discharge,25.519708032,1.220298624
4,discharge,27.482762496000003,1.217898624
4,discharge,29.44581696,1.215498624
4,discharge,31.408871424,1.2130986240000001
4,discharge,33.371925888,1.210698624
4,discharge,35.334980351999995,1.208298624
4,discharge,37.298034816,1.205898624
4,discharge,39.26108928,1.203498624
4,discharge,41.224143743999996,1.2010986240000001
4,discharge,43.187198208,1.1986986240000002
4,discharge,45.150252672,1.196298624
4,discharge,47.113307135999996,1.193898624
4,discharge,49.0763616,1.191498624
4,discharge,51.039416064,1.189098624
4,discharge,53.002470528,1.1866986240000001
4,discharge,54.965524992000006,1.184298624
4,discharge,56.928579455999994,1.181898624
4,discharge,58.89163392,1.179498624
4,discharge,60.854688384,1.177098624
4,discharge,62.817742848,1.1746986240000001
4,discharge,64.780797312,1.172298624
4,discharge,66.743851776,1.169898624
4,discharge,68.70690624000001,1.167498624
4,discharge,70.66996070399999,1.165098624
4,discharge,72.633015168,1.1626986240000001
4,discharge,74.596069632,1.1602986240000002
4,discharge,76.559124096,1.157898624
4,discharge,78.52217856,1.155498624
4,discharge,80.48523302400001,1.153098624
4,discharge,82.44828748799999,1.1506986240000001
4,discharge,84.411341952,1.1482986240000002
4,discharge,86.374396416,1.145898624
4,discharge,88.33745088,1.143498624
4,discharge,90.300505344,1.141098624
4,discharge,92.263559808,1.138698624
4,discharge,94.22661427199999,1.1362986240000001
4,discharge,96.189668736,1.133898624
4,discharge,98.1527232,1.131498624
5,charge,0.0,1.3405999999999998
5,charge,1.999,1.3437999999999999
5,charge,3.998,1.347
5,charge,5.997,1.3501999999999998
5,charge,7.996,1.3534
5,charge,9.995000000000001,1.3565999999999998
5,charge,11.994,1.3598
5,charge,13.993000000000002,1.3629999999999998
5,charge,15.992,1.3661999999999999
5,charge,17.991,1.3694
5,charge,19.990000000000002,1.3725999999999998
5,charge,21.989,1.3758
5,charge,23.988,1.3789999999999998
5,charge,25.987000000000002,1.3821999999999999
5,charge,27.986000000000004,1.3854
5,charge,29.985,1.3885999999999998
5,charge,31.984,1.3918
5,charge,33.983000000000004,1.3949999999999998
5,charge,35.982,1.3981999999999999
5,charge,37.981,1.4013999999999998
5,charge,39.980000000000004,1.4045999999999998
5,charge,41.979,1.4078
5,charge,43.978,1.4109999999999998
5,charge,45.977000000000004,1.4142
5,charge,47.976,1.4173999999999998
5,charge,49.975,1.4205999999999999
5,charge,51.974000000000004,1.4238
5,charge,53.973000000000006,1.4269999999999998
5,charge,55.97200000000001,1.4302
5,charge,57.971,1.4333999999999998
5,charge,59.97,1.4365999999999999
5,charge,61.969,1.4398
5,charge,63.968,1.4429999999999998
5,charge,65.967,1.4462
5,charge,67.96600000000001,1.4493999999999998
5,charge,69.965,1.4526
5,charge,71.964,1.4557999999999998
5,charge,73.96300000000001,1.4589999999999999
5,charge,75.962,1.4622
5,charge,77.961,1.4653999999999998
5,charge,79.96000000000001,1.4686
5,charge,81.959,1.4717999999999998
5,charge,83.958,1.4749999999999999
5,charge,85.95700000000001,1.4782
5,charge,87.956,1.4813999999999998
5,charge,89.955,1.4846
5,charge,91.95400000000001,1.4877999999999998
5,charge,93.953,1.4909999999999999
5,charge,95.952,1.4941999999999998
5,charge,97.95100000000001,1.4973999999999998
5,charge,99.95,1.5006
5,discharge,0.0,1.2511731
5,discharge,1.9628181,1.2487731
5,discharge,3.9256362,1.2463730999999998
5,discharge,5.8884543,1.2439730999999998
5,discharge,7.8512724,1.2415730999999999
5,discharge,9.8140905,1.2391731
5,discharge,11.7769086,1.2367731
5,discharge,13.739726700000002,1.2343730999999998
5,discharge,15.7025448,1.2319730999999998
5,discharge,17.6653629,1.2295730999999999
5,discharge,19.628181,1.2271731
5,discharge,21.5909991,1.2247731
5,discharge,23.5538172,1.2223730999999998
5,discharge,25.5166353,1.2199730999999998
5,discharge,27.479453400000004,1.2175730999999999
5,discharge,29.4422715,1.2151731
5,discharge,31.4050896,1.2127731
5,discharge,33.3679077,1.2103731
5,discharge,35.3307258,1.2079730999999998
5,discharge,37.2935439,1.2055730999999998
5,discharge,39.256362,1.2031730999999999
5,discharge,41.2191801,1.2007731
5,discharge,43.1819982,1.1983731
5,discharge,45.1448163,1.1959730999999998
5,discharge,47.1076344,1.1935730999999998
5,discharge,49.0704525,1.1911730999999999
5,discharge,51.0332706,1.1887731
5,discharge,52.99608870000001,1.1863731
5,discharge,54.95890680000001,1.1839730999999998
5,discharge,56.9217249,1.1815730999999998
5,discharge,58.884543,1.1791730999999999
5,discharge,60.8473611,1.1767731
5,discharge,62.8101792,1.1743731
5,discharge,64.7729973,1.1719730999999998
5,discharge,66.7358154,1.1695730999999998
5,discharge,68.69863350000001,1.1671730999999999
5,discharge,70.6614516,1.1647731
5,discharge,72.6242697,1.1623731
5,discharge,74.5870878,1.1599731
5,discharge,76.5499059,1.1575730999999998
5,discharge,78.512724,1.1551730999999998
5,discharge,80.47554210000001,1.1527730999999999
5,discharge,82.4383602,1.1503731
5,discharge,84.4011783,1.1479731
5,discharge,86.3639964,1.1455730999999998
5,discharge,88.32681450000001,1.1431730999999998
5,discharge,90.2896326,1.1407730999999999
5,discharge,92.25245070000001,1.1383731
5,discharge,94.2152688,1.1359731
5,discharge,96.1780869,1.1335730999999998
5,discharge,98.140905,1.1311730999999998
6,charge,0.0,1.34072
6,charge,1.9988,1.34392
6,charge,3.9976,1.3471199999999999
6,charge,5.9963999999999995,1.35032
6,charge,7.9952,1.35352
6,charge,9.994,1.35672
6,charge,11.992799999999999,1.35992
6,charge,13.991600000000002,1.3631199999999999
6,charge,15.9904,1.36632
6,charge,17.9892,1.36952
6,charge,19.988,1.37272
6,charge,21.9868,1.37592
6,charge,23.985599999999998,1.37912
6,charge,25.9844,1.38232
6,charge,27.983200000000004,1.38552
6,charge,29.982,1.38872
6,charge,31.9808,1.39192
6,charge,33.979600000000005,1.39512
6,charge,35.9784,1.39832
6,charge,37.977199999999996,1.4015199999999999
6,charge,39.976,1.40472
6,charge,41.974799999999995,1.40792
6,charge,43.9736,1.41112
6,charge,45.9724,1.41432
6,charge,47.971199999999996,1.41752
6,charge,49.97,1.42072
6,charge,51.9688,1.42392
6,charge,53.967600000000004,1.42712
6,charge,55.96640000000001,1.43032
6,charge,57.965199999999996,1.43352
6,charge,59.964,1.43672
6,charge,61.9628,1.43992
6,charge,63.9616,1.44312
6,charge,65.9604,1.44632
6,charge,67.95920000000001,1.44952
6,charge,69.958,1.45272
6,charge,71.9568,1.4559199999999999
6,charge,73.9556,1.45912
6,charge,75.95439999999999,1.46232
6,charge,77.9532,1.46552
6,charge,79.952,1.46872
6,charge,81.9508,1.47192
6,charge,83.94959999999999,1.47512
6,charge,85.94839999999999,1.47832
6,charge,87.9472,1.48152
6,charge,89.946,1.48472
6,charge,91.9448,1.48792
6,charge,93.9436,1.49112
6,charge,95.94239999999999,1.49432
6,charge,97.9412,1.49752
6,charge,99.94,1.50072
6,discharge,0.0,1.250847504
6,discharge,1.962581744,1.248447504
6,discharge,3.925163488,1.2460475039999999
6,discharge,5.887745231999999,1.243647504
6,discharge,7.850326976,1.241247504
6,discharge,9.812908720000001,1.238847504
6,discharge,11.775490463999999,1.236447504
6,discharge,13.738072208000002,1.2340475039999999
6,discharge,15.700653952,1.231647504
6,discharge,17.663235696,1.229247504
6,discharge,19.625817440000002,1.226847504
6,discharge,21.588399184,1.224447504
6,discharge,23.550980927999998,1.2220475039999998
6,discharge,25.513562672000003,1.2196475039999999
6,discharge,27.476144416000004,1.217247504
6,discharge,29.438726159999998,1.214847504
6,discharge,31.401307904,1.212447504
6,discharge,33.363889648000004,1.2100475039999998
6,discharge,35.326471392,1.2076475039999999
6,discharge,37.289053136,1.205247504
6,discharge,39.251634880000005,1.202847504
6,discharge,41.214216624,1.200447504
6,discharge,43.176798368,1.198047504
6,discharge,45.139380112000005,1.1956475039999999
6,discharge,47.101961855999996,1.193247504
6,discharge,49.0645436,1.190847504
6,discharge,51.027125344000005,1.188447504
6,discharge,52.989707088,1.186047504
6,discharge,54.95228883200001,1.1836475039999999
6,discharge,56.914870576,1.181247504
6,discharge,58.877452319999996,1.178847504
6,discharge,60.840034064,1.176447504
6,discharge,62.802615808,1.174047504
6,discharge,64.765197552,1.1716475039999998
6,discharge,66.72777929600001,1.1692475039999999
6,discharge,68.69036104000001,1.166847504
6,discharge,70.652942784,1.164447504
6,discharge,72.615524528,1.162047504
6,discharge,74.578106272,1.159647504
6,discharge,76.540688016,1.1572475039999999
6,discharge,78.50326976000001,1.154847504
6,discharge,80.465851504,1.152447504
6,discharge,82.428433248,1.150047504
6,discharge,84.391014992,1.147647504
6,discharge,86.353596736,1.1452475039999999
6,discharge,88.31617848,1.142847504
6,discharge,90.27876022400001,1.140447504
6,discharge,92.241341968,1.138047504
6,discharge,94.20392371199999,1.135647504
6,discharge,96.166505456,1.1332475039999999
6,discharge,98.1290872,1.130847504
7,charge,0.0,1.3408399999999998
7,charge,1.9986000000000002,1.34404
7,charge,3.9972000000000003,1.3472399999999998
7,charge,5.9958,1.3504399999999999
7,charge,7.994400000000001,1.35364
7,charge,9.993000000000002,1.3568399999999998
7,charge,11.9916,1.36004
7,charge,13.990200000000002,1.3632399999999998
7,charge,15.988800000000001,1.3664399999999999
7,charge,17.9874,1.36964
7,charge,19.986000000000004,1.3728399999999998
7,charge,21.9846,1.37604
7,charge,23.9832,1.3792399999999998
7,charge,25.981800000000003,1.38244
7,charge,27.980400000000003,1.38564
7,charge,29.979,1.3888399999999999
7,charge,31.977600000000002,1.39204
7,charge,33.976200000000006,1.3952399999999998
7,charge,35.9748,1.39844
7,charge,37.973400000000005,1.4016399999999998
7,charge,39.97200000000001,1.4048399999999999
7,charge,41.970600000000005,1.40804
7,charge,43.9692,1.4112399999999998
7,charge,45.967800000000004,1.41444
7,charge,47.9664,1.4176399999999998
7,charge,49.965,1.4208399999999999
7,charge,51.96360000000001,1.42404
7,charge,53.96220000000001,1.4272399999999998
7,charge,55.960800000000006,1.43044
7,charge,57.9594,1.4336399999999998
7,charge,59.958,1.43684
7,charge,61.9566,1.44004
7,charge,63.955200000000005,1.4432399999999999
7,charge,65.9538,1.44644
7,charge,67.95240000000001,1.4496399999999998
7,charge,69.95100000000001,1.45284
7,charge,71.9496,1.4560399999999998
7,charge,73.9482,1.4592399999999999
7,charge,75.94680000000001,1.46244
7,charge,77.9454,1.4656399999999998
7,charge,79.94400000000002,1.46884
7,charge,81.94260000000001,1.4720399999999998
7,charge,83.94120000000001,1.4752399999999999
7,charge,85.9398,1.47844
7,charge,87.9384,1.4816399999999998
7,charge,89.93700000000001,1.48484
7,charge,91.93560000000001,1.4880399999999998
7,charge,93.93420000000002,1.49124
7,charge,95.9328,1.49444
7,charge,97.93140000000001,1.4976399999999999
7,charge,99.93,1.50084
7,discharge,0.0,1.2505218359999999
7,discharge,1.9623453960000001,1.248121836
7,discharge,3.9246907920000003,1.2457218359999997
7,discharge,5.887036188,1.2433218359999998
7,discharge,7.8493815840000005,1.2409218359999998
7,discharge,9.811726980000001,1.2385218359999999
7,discharge,11.774072376,1.236121836
7,discharge,13.736417772000001,1.2337218359999997
7,discharge,15.698763168000001,1.2313218359999998
7,discharge,17.661108564,1.2289218359999998
7,discharge,19.623453960000003,1.2265218359999999
7,discharge,21.585799356,1.224121836
7,discharge,23.548144752,1.2217218359999997
7,discharge,25.510490148000002,1.2193218359999998
7,discharge,27.472835544000002,1.2169218359999998
7,discharge,29.43518094,1.2145218359999999
7,discharge,31.397526336000002,1.212121836
7,discharge,33.359871732,1.209721836
7,discharge,35.322217128,1.2073218359999998
7,discharge,37.284562524,1.2049218359999998
7,discharge,39.246907920000005,1.2025218359999998
7,discharge,41.209253316,1.2001218359999999
7,discharge,43.171598712,1.197721836
7,discharge,45.133944108,1.1953218359999997
7,discharge,47.096289504,1.1929218359999998
7,discharge,49.0586349,1.1905218359999998
7,discharge,51.020980296000005,1.1881218359999999
7,discharge,52.98332569200001,1.185721836
7,discharge,54.945671088000005,1.1833218359999997
7,discharge,56.908016484,1.1809218359999998
7,discharge,58.87036188,1.1785218359999998
7,discharge,60.832707276,1.1761218359999999
7,discharge,62.795052672000004,1.173721836
7,discharge,64.757398068,1.1713218359999997
7,discharge,66.719743464,1.1689218359999998
7,discharge,68.68208886000001,1.1665218359999998
7,discharge,70.644434256,1.1641218359999999
7,discharge,72.606779652,1.161721836
7,discharge,74.569125048,1.159321836
7,discharge,76.531470444,1.1569218359999998
7,discharge,78.49381584000001,1.1545218359999998
7,discharge,80.45616123600001,1.1521218359999998
7,discharge,82.418506632,1.1497218359999999
7,discharge,84.380852028,1.147321836
7,discharge,86.343197424,1.1449218359999997
7,discharge,88.30554282,1.1425218359999998
7,discharge,90.267888216,1.1401218359999998
7,discharge,92.230233612,1.1377218359999999
7,discharge,94.192579008,1.135321836
7,discharge,96.154924404,1.1329218359999997
7,discharge,98.1172698,1.1305218359999998
8,charge,0.0,1.34096
8,charge,1.9984000000000002,1.34416
8,charge,3.9968000000000004,1.3473600000000001
8,charge,5.9952,1.35056
8,charge,7.993600000000001,1.35376
8,charge,9.992,1.35696
8,charge,11.9904,1.36016
8,charge,13.988800000000001,1.36336
8,charge,15.987200000000001,1.36656
8,charge,17.985599999999998,1.36976
8,charge,19.984,1.37296
8,charge,21.982400000000002,1.37616
8,charge,23.9808,1.37936
8,charge,25.979200000000002,1.38256
8,charge,27.977600000000002,1.38576
8,charge,29.976,1.38896
8,charge,31.974400000000003,1.39216
8,charge,33.97280000000001,1.39536
8,charge,35.971199999999996,1.39856
8,charge,37.9696,1.40176
8,charge,39.968,1.40496
8,charge,41.9664,1.40816
8,charge,43.964800000000004,1.41136
8,charge,45.9632,1.41456
8,charge,47.9616,1.41776
8,charge,49.96,1.42096
8,charge,51.958400000000005,1.42416
8,charge,53.9568,1.42736
8,charge,55.955200000000005,1.43056
8,charge,57.953599999999994,1.43376
8,charge,59.952,1.43696
8,charge,61.9504,1.44016
8,charge,63.948800000000006,1.44336
8,charge,65.94720000000001,1.44656
8,charge,67.94560000000001,1.44976
8,charge,69.944,1.45296
8,charge,71.94239999999999,1.45616
8,charge,73.9408,1.45936
8,charge,75.9392,1.46256
8,charge,77.9376,1.46576
8,charge,79.936,1.46896
8,charge,81.93440000000001,1.47216
8,charge,83.9328,1.47536
8,charge,85.9312,1.47856
8,charge,87.92960000000001,1.48176
8,charge,89.928,1.48496
8,charge,91.9264,1.48816
8,charge,93.9248,1.49136
8,charge,95.9232,1.4945599999999999
8,charge,97.9216,1.49776
8,charge,99.92,1.50096
8,discharge,0.0,1.250196096
8,discharge,1.9621090559999999,1.247796096
8,discharge,3.9242181119999997,1.245396096
8,discharge,5.886327167999999,1.242996096
8,discharge,7.848436223999999,1.240596096
8,discharge,9.81054528,1.238196096
8,discharge,11.772654335999999,1.235796096
8,discharge,13.734763392000001,1.2333960959999999
8,discharge,15.696872447999999,1.230996096
8,discharge,17.658981504,1.228596096
8,discharge,19.62109056,1.226196096
8,discharge,21.583199615999998,1.223796096
8,discharge,23.545308671999997,1.2213960959999999
8,discharge,25.507417728,1.218996096
8,discharge,27.469526784000003,1.216596096
8,discharge,29.43163584,1.214196096
8,discharge,31.393744895999998,1.211796096
8,discharge,33.355853952000004,1.2093960959999999
8,discharge,35.317963008,1.206996096
8,discharge,37.280072063999995,1.204596096
8,discharge,39.24218112,1.202196096
8,discharge,41.20429017599999,1.199796096
8,discharge,43.166399231999996,1.197396096
8,discharge,45.128508288,1.194996096
8,discharge,47.090617343999995,1.192596096
8,discharge,49.0527264,1.190196096
8,discharge,51.014835456,1.187796096
8,discharge,52.976944512,1.185396096
8,discharge,54.939053568000006,1.1829960959999999
8,discharge,56.901162623999994,1.180596096
8,discharge,58.86327168,1.178196096
8,discharge,60.825380736,1.175796096
8,discharge,62.787489791999995,1.173396096
8,discharge,64.749598848,1.1709960959999999
8,discharge,66.71170790400001,1.168596096
8,discharge,68.67381696,1.166196096
8,discharge,70.635926016,1.163796096
8,discharge,72.598035072,1.161396096
8,discharge,74.56014412799999,1.158996096
8,discharge,76.522253184,1.156596096
8,discharge,78.48436224,1.154196096
8,discharge,80.446471296,1.151796096
8,discharge,82.40858035199999,1.149396096
8,discharge,84.37068940799999,1.146996096
8,discharge,86.33279846399999,1.144596096
8,discharge,88.29490752,1.142196096
8,discharge,90.257016576,1.139796096
8,discharge,92.219125632,1.137396096
8,discharge,94.18123468799999,1.134996096
8,discharge,96.14334374399999,1.1325960959999999
8,discharge,98.1054528,1.130196096
9,charge,0.0,1.3410799999999998
9,charge,1.9982,1.34428
9,charge,3.9964,1.34748
9,charge,5.994599999999999,1.3506799999999999
9,charge,7.9928,1.35388
9,charge,9.991,1.3570799999999998
9,charge,11.989199999999999,1.36028
9,charge,13.987400000000001,1.3634799999999998
9,charge,15.9856,1.36668
9,charge,17.9838,1.36988
9,charge,19.982,1.3730799999999999
9,charge,21.9802,1.37628
9,charge,23.978399999999997,1.3794799999999998
9,charge,25.9766,1.38268
9,charge,27.974800000000002,1.38588
9,charge,29.973,1.3890799999999999
9,charge,31.9712,1.39228
9,charge,33.9694,1.3954799999999998
9,charge,35.9676,1.39868
9,charge,37.9658,1.4018799999999998
9,charge,39.964,1.4050799999999999
9,charge,41.962199999999996,1.40828
9,charge,43.9604,1.4114799999999998
9,charge,45.9586,1.41468
9,charge,47.956799999999994,1.4178799999999998
9,charge,49.955,1.42108
9,charge,51.9532,1.42428
9,charge,53.9514,1.4274799999999999
9,charge,55.949600000000004,1.43068
9,charge,57.947799999999994,1.4338799999999998
9,charge,59.946,1.43708
9,charge,61.944199999999995,1.44028
9,charge,63.9424,1.4434799999999999
9,charge,65.9406,1.44668
9,charge,67.9388,1.4498799999999998
9,charge,69.937,1.45308
9,charge,71.9352,1.4562799999999998
9,charge,73.93339999999999,1.4594799999999999
9,charge,75.9316,1.46268
9,charge,77.9298,1.4658799999999998
9,charge,79.928,1.46908
9,charge,81.92620000000001,1.4722799999999998
9,charge,83.92439999999999,1.47548
9,charge,85.9226,1.47868
9,charge,87.9208,1.4818799999999999
9,charge,89.919,1.48508
9,charge,91.9172,1.4882799999999998
9,charge,93.9154,1.49148
9,charge,95.91359999999999,1.4946799999999998
9,charge,97.9118,1.4978799999999999
9,charge,99.91,1.50108
9,discharge,0.0,1.2498702839999998
9,discharge,1.9618727240000002,1.2474702839999998
9,discharge,3.9237454480000005,1.2450702839999996
9,discharge,5.885618172,1.2426702839999997
9,discharge,7.847490896000001,1.2402702839999997
9,discharge,9.809363620000001,1.2378702839999998
9,discharge,11.771236344,1.2354702839999998
9,discharge,13.733109068000003,1.2330702839999996
9,discharge,15.694981792000002,1.2306702839999997
9,discharge,17.656854516,1.2282702839999997
9,discharge,19.618727240000002,1.2258702839999998
9,discharge,21.580599964,1.2234702839999998
9,discharge,23.542472688,1.2210702839999996
9,discharge,25.504345412000003,1.2186702839999997
9,discharge,27.466218136000006,1.2162702839999997
9,discharge,29.42809086,1.2138702839999997
9,discharge,31.389963584000004,1.2114702839999998
9,discharge,33.351836308,1.2090702839999996
9,discharge,35.313709032,1.2066702839999996
9,discharge,37.275581756,1.2042702839999997
9,discharge,39.237454480000004,1.2018702839999997
9,discharge,41.199327204,1.1994702839999998
9,discharge,43.161199928,1.1970702839999998
9,discharge,45.123072652000005,1.1946702839999996
9,discharge,47.084945376,1.1922702839999997
9,discharge,49.0468181,1.1898702839999997
9,discharge,51.008690824000006,1.1874702839999998
9,discharge,52.97056354800001,1.1850702839999998
9,discharge,54.93243627200001,1.1826702839999996
9,discharge,56.894308996,1.1802702839999997
9,discharge,58.85618172,1.1778702839999997
9,discharge,60.818054444000005,1.1754702839999998
9,discharge,62.77992716800001,1.1730702839999998
9,discharge,64.741799892,1.1706702839999996
9,discharge,66.703672616,1.1682702839999997
9,discharge,68.66554534000001,1.1658702839999997
9,discharge,70.627418064,1.1634702839999997
9,discharge,72.589290788,1.1610702839999998
9,discharge,74.551163512,1.1586702839999998
9,discharge,76.513036236,1.1562702839999996
9,discharge,78.47490896000001,1.1538702839999997
9,discharge,80.43678168400001,1.1514702839999997
9,discharge,82.398654408,1.1490702839999998
9,discharge,84.360527132,1.1466702839999998
9,discharge,86.322399856,1.1442702839999996
9,discharge,88.28427258,1.1418702839999997
9,discharge,90.24614530400001,1.1394702839999997
9,discharge,92.20801802800001,1.1370702839999998
9,discharge,94.169890752,1.1346702839999998
9,discharge,96.131763476,1.1322702839999996
9,discharge,98.0936362,1.1298702839999997
10,charge,0.0,1.3412
10,charge,1.9980000000000002,1.3444
10,charge,3.9960000000000004,1.3476
10,charge,5.994,1.3508
10,charge,7.992000000000001,1.354
10,charge,9.990000000000002,1.3572
10,charge,11.988,1.3604
10,charge,13.986000000000002,1.3636
10,charge,15.984000000000002,1.3668
10,charge,17.982,1.37
10,charge,19.980000000000004,1.3732
10,charge,21.978,1.3764
10,charge,23.976,1.3796
10,charge,25.974000000000004,1.3828
10,charge,27.972000000000005,1.3860000000000001
10,charge,29.97,1.3892
10,charge,31.968000000000004,1.3924
10,charge,33.966,1.3956
10,charge,35.964,1.3988
10,charge,37.962,1.402
10,charge,39.96000000000001,1.4052
10,charge,41.958,1.4084
10,charge,43.956,1.4116
10,charge,45.95400000000001,1.4148
10,charge,47.952,1.418
10,charge,49.95,1.4212
10,charge,51.94800000000001,1.4244
10,charge,53.946000000000005,1.4276
10,charge,55.94400000000001,1.4308
10,charge,57.942,1.434
10,charge,59.94,1.4372
10,charge,61.938,1.4404000000000001
10,charge,63.93600000000001,1.4436
10,charge,65.93400000000001,1.4468
10,charge,67.932,1.45
10,charge,69.93,1.4532
10,charge,71.928,1.4564
10,charge,73.926,1.4596
10,charge,75.924,1.4628
10,charge,77.92200000000001,1.466
10,charge,79.92000000000002,1.4692
10,charge,81.918,1.4724
10,charge,83.916,1.4756
10,charge,85.914,1.4788000000000001
10,charge,87.912,1.482
10,charge,89.91000000000001,1.4852
10,charge,91.90800000000002,1.4884
10,charge,93.906,1.4916
10,charge,95.904,1.4948000000000001
10,charge,97.902,1.498
10,charge,99.9,1.5012
10,discharge,0.0,1.2495444
10,discharge,1.9616364000000002,1.2471444
10,discharge,3.9232728000000003,1.2447443999999999
10,discharge,5.8849092,1.2423444
10,discharge,7.846545600000001,1.2399444
10,discharge,9.808182000000002,1.2375444
10,discharge,11.7698184,1.2351444
10,discharge,13.731454800000002,1.2327443999999999
10,discharge,15.693091200000001,1.2303444
10,discharge,17.6547276,1.2279444
10,discharge,19.616364000000004,1.2255444
10,discharge,21.5780004,1.2231444
10,discharge,23.5396368,1.2207443999999998
10,discharge,25.501273200000004,1.2183443999999999
10,discharge,27.462909600000003,1.2159444
10,discharge,29.424546,1.2135444
10,discharge,31.386182400000003,1.2111444
10,discharge,33.347818800000006,1.2087444
10,discharge,35.3094552,1.2063443999999999
10,discharge,37.271091600000005,1.2039444
10,discharge,39.23272800000001,1.2015444
10,discharge,41.194364400000005,1.1991444
10,discharge,43.1560008,1.1967444
10,discharge,45.117637200000004,1.1943443999999999
10,discharge,47.0792736,1.1919444
10,discharge,49.040910000000004,1.1895444
10,discharge,51.00254640000001,1.1871444
10,discharge,52.96418280000001,1.1847444
10,discharge,54.92581920000001,1.1823443999999999
10,discharge,56.8874556,1.1799444
10,discharge,58.849092,1.1775444
10,discharge,60.8107284,1.1751444
10,discharge,62.772364800000005,1.1727444
10,discharge,64.73400120000001,1.1703443999999998
10,discharge,66.69563760000001,1.1679443999999999
10,discharge,68.65727400000002,1.1655444
10,discharge,70.6189104,1.1631444
10,discharge,72.58054680000001,1.1607444
10,discharge,74.54218320000001,1.1583444
10,discharge,76.50381960000001,1.1559443999999999
10,discharge,78.46545600000002,1.1535444
10,discharge,80.4270924,1.1511444
10,discharge,82.38872880000001,1.1487444
10,discharge,84.3503652,1.1463444
10,discharge,86.3120016,1.1439443999999999
10,discharge,88.273638,1.1415444
10,discharge,90.23527440000001,1.1391444
10,discharge,92.19691080000001,1.1367444
10,discharge,94.1585472,1.1343444
10,discharge,96.1201836,1.1319443999999999
10,discharge,98.08182000000001,1.1295444
11,charge,0.0,1.3413199999999998
11,charge,1.9978,1.34452
11,charge,3.9956,1.3477199999999998
11,charge,5.993399999999999,1.35092
11,charge,7.9912,1.35412
11,charge,9.989,1.3573199999999999
11,charge,11.986799999999999,1.36052
11,charge,13.984600000000002,1.3637199999999998
11,charge,15.9824,1.36692
11,charge,17.9802,1.37012
11,charge,19.978,1.3733199999999999
11,charge,21.9758,1.37652
11,charge,23.973599999999998,1.3797199999999998
11,charge,25.971400000000003,1.38292
11,charge,27.969200000000004,1.38612
11,charge,29.967,1.3893199999999999
11,charge,31.9648,1.39252
11,charge,33.9626,1.3957199999999998
11,charge,35.9604,1.39892
11,charge,37.9582,1.4021199999999998
11,charge,39.956,1.40532
11,charge,41.9538,1.40852
11,charge,43.9516,1.4117199999999999
11,charge,45.949400000000004,1.41492
11,charge,47.947199999999995,1.4181199999999998
11,charge,49.945,1.42132
11,charge,51.942800000000005,1.42452
11,charge,53.9406,1.4277199999999999
11,charge,55.93840000000001,1.43092
11,charge,57.9362,1.4341199999999998
11,charge,59.934,1.43732
11,charge,61.9318,1.44052
11,charge,63.9296,1.44372
11,charge,65.9274,1.44692
11,charge,67.9252,1.4501199999999999
11,charge,69.923,1.45332
11,charge,71.9208,1.4565199999999998
11,charge,73.9186,1.45972
11,charge,75.9164,1.46292
11,charge,77.91420000000001,1.4661199999999999
11,charge,79.912,1.46932
11,charge,81.9098,1.4725199999999998
11,charge,83.9076,1.47572
11,charge,85.9054,1.47892
11,charge,87.9032,1.4821199999999999
11,charge,89.901,1.48532
11,charge,91.89880000000001,1.4885199999999998
11,charge,93.8966,1.49172
11,charge,95.89439999999999,1.49492
11,charge,97.8922,1.49812
11,charge,99.89,1.50132
11,discharge,0.0,1.249218444
11,discharge,1.961400084,1.246818444
11,discharge,3.922800168,1.244418444
11,discharge,5.884200251999999,1.242018444
11,discharge,7.845600336,1.239618444
11,discharge,9.807000420000001,1.237218444
11,discharge,11.768400503999999,1.234818444
11,discharge,13.729800588000002,1.232418444
11,discharge,15.691200672,1.230018444
11,discharge,17.652600756,1.227618444
11,discharge,19.614000840000003,1.225218444
11,discharge,21.575400924,1.222818444
11,discharge,23.536801007999998,1.2204184439999999
11,discharge,25.498201092000002,1.218018444
11,discharge,27.459601176000003,1.215618444
11,discharge,29.421001259999997,1.213218444
11,discharge,31.382401344,1.210818444
11,discharge,33.343801428,1.2084184439999999
11,discharge,35.305201512,1.206018444
11,discharge,37.266601596,1.203618444
11,discharge,39.228001680000006,1.201218444
11,discharge,41.189401763999996,1.198818444
11,discharge,43.150801848,1.196418444
11,discharge,45.112201932000005,1.194018444
11,discharge,47.073602015999995,1.191618444
11,discharge,49.0350021,1.189218444
11,discharge,50.996402184000004,1.186818444
11,discharge,52.957802268,1.184418444
11,discharge,54.919202352000006,1.182018444
11,discharge,56.880602436,1.179618444
11,discharge,58.842002519999994,1.177218444
11,discharge,60.803402604,1.174818444
11,discharge,62.764802688,1.172418444
11,discharge,64.72620277200001,1.1700184439999999
11,discharge,66.687602856,1.167618444
11,discharge,68.64900294,1.165218444
11,discharge,70.610403024,1.162818444
11,discharge,72.571803108,1.160418444
11,discharge,74.533203192,1.158018444
11,discharge,76.494603276,1.155618444
11,discharge,78.45600336000001,1.153218444
11,discharge,80.417403444,1.150818444
11,discharge,82.37880352799999,1.148418444
11,discharge,84.340203612,1.146018444
11,discharge,86.301603696,1.143618444
11,discharge,88.26300378,1.141218444
11,discharge,90.22440386400001,1.138818444
11,discharge,92.185803948,1.136418444
11,discharge,94.14720403199999,1.134018444
11,discharge,96.108604116,1.131618444
11,discharge,98.0700042,1.129218444
12,charge,0.0,1.34144
12,charge,1.9976,1.34464
12,charge,3.9952,1.3478400000000001
12,charge,5.9928,1.35104
12,charge,7.9904,1.35424
12,charge,9.988,1.35744
12,charge,11.9856,1.36064
12,charge,13.9832,1.36384
12,charge,15.9808,1.36704
12,charge,17.978399999999997,1.3702400000000001
12,charge,19.976,1.37344
12,charge,21.973599999999998,1.37664
12,charge,23.9712,1.37984
12,charge,25.968799999999998,1.38304
12,charge,27.9664,1.3862400000000001
12,charge,29.964,1.38944
12,charge,31.9616,1.39264
12,charge,33.9592,1.39584
12,charge,35.956799999999994,1.39904
12,charge,37.9544,1.40224
12,charge,39.952,1.40544
12,charge,41.9496,1.4086400000000001
12,charge,43.947199999999995,1.41184
12,charge,45.9448,1.41504
12,charge,47.9424,1.41824
12,charge,49.94,1.42144
12,charge,51.937599999999996,1.4246400000000001
12,charge,53.9352,1.42784
12,charge,55.9328,1.43104
12,charge,57.93039999999999,1.43424
12,charge,59.928,1.43744
12,charge,61.925599999999996,1.4406400000000001
12,charge,63.9232,1.44384
12,charge,65.9208,1.44704
12,charge,67.9184,1.45024
12,charge,69.916,1.45344
12,charge,71.91359999999999,1.45664
12,charge,73.9112,1.45984
12,charge,75.9088,1.4630400000000001
12,charge,77.9064,1.46624
12,charge,79.904,1.46944
12,charge,81.9016,1.47264
12,charge,83.8992,1.47584
12,charge,85.8968,1.4790400000000001
12,charge,87.89439999999999,1.48224
12,charge,89.892,1.48544
12,charge,91.8896,1.48864
12,charge,93.8872,1.49184
12,charge,95.8848,1.49504
12,charge,97.88239999999999,1.49824
12,charge,99.88,1.50144
12,discharge,0.0,1.248892416
12,discharge,1.961163776,1.246492416
12,discharge,3.922327552,1.2440924159999998
12,discharge,5.883491328,1.2416924159999998
12,discharge,7.844655104,1.2392924159999998
12,discharge,9.80581888,1.2368924159999999
12,discharge,11.766982656,1.234492416
12,discharge,13.728146432,1.2320924159999997
12,discharge,15.689310208,1.2296924159999998
12,discharge,17.650473983999998,1.2272924159999998
12,discharge,19.61163776,1.2248924159999999
12,discharge,21.572801536,1.222492416
12,discharge,23.533965312,1.2200924159999997
12,discharge,25.495129088,1.2176924159999998
12,discharge,27.456292864,1.2152924159999998
12,discharge,29.417456639999997,1.2128924159999999
12,discharge,31.378620416,1.210492416
12,discharge,33.339784192,1.208092416
12,discharge,35.300947967999996,1.2056924159999998
12,discharge,37.262111744,1.2032924159999998
12,discharge,39.22327552,1.2008924159999999
12,discharge,41.184439295999994,1.198492416
12,discharge,43.145603072,1.196092416
12,discharge,45.106766848,1.1936924159999998
12,discharge,47.067930624,1.1912924159999998
12,discharge,49.0290944,1.1888924159999998
12,discharge,50.990258176,1.1864924159999999
12,discharge,52.951421952000004,1.184092416
12,discharge,54.912585728,1.1816924159999997
12,discharge,56.873749503999996,1.1792924159999998
12,discharge,58.834913279999995,1.1768924159999998
12,discharge,60.796077055999994,1.1744924159999999
12,discharge,62.757240832,1.172092416
12,discharge,64.718404608,1.1696924159999997
12,discharge,66.679568384,1.1672924159999998
12,discharge,68.64073216,1.1648924159999998
12,discharge,70.60189593599999,1.1624924159999999
12,discharge,72.563059712,1.160092416
12,discharge,74.524223488,1.157692416
12,discharge,76.485387264,1.1552924159999998
12,discharge,78.44655104,1.1528924159999998
12,discharge,80.40771481600001,1.1504924159999999
12,discharge,82.36887859199999,1.148092416
12,discharge,84.330042368,1.145692416
12,discharge,86.291206144,1.1432924159999998
12,discharge,88.25236991999999,1.1408924159999998
12,discharge,90.213533696,1.1384924159999998
12,discharge,92.174697472,1.1360924159999999
12,discharge,94.135861248,1.133692416
12,discharge,96.09702502399999,1.1312924159999997
12,discharge,98.0581888,1.1288924159999998
13,charge,0.0,1.3415599999999999
13,charge,1.9974,1.34476
13,charge,3.9948,1.34796
13,charge,5.9922,1.35116
13,charge,7.9896,1.35436
13,charge,9.987000000000002,1.3575599999999999
13,charge,11.9844,1.36076
13,charge,13.981800000000002,1.3639599999999998
13,charge,15.9792,1.36716
13,charge,17.9766,1.37036
13,charge,19.974000000000004,1.37356
13,charge,21.971400000000003,1.37676
13,charge,23.9688,1.3799599999999999
13,charge,25.9662,1.38316
13,charge,27.963600000000003,1.38636
13,charge,29.961,1.38956
13,charge,31.9584,1.39276
13,charge,33.9558,1.3959599999999999
13,charge,35.9532,1.39916
13,charge,37.9506,1.4023599999999998
13,charge,39.94800000000001,1.40556
13,charge,41.9454,1.40876
13,charge,43.942800000000005,1.4119599999999999
13,charge,45.940200000000004,1.41516
13,charge,47.9376,1.4183599999999998
13,charge,49.935,1.42156
13,charge,51.9324,1.42476
13,charge,53.92980000000001,1.42796
13,charge,55.927200000000006,1.43116
13,charge,57.9246,1.4343599999999999
13,charge,59.922,1.43756
13,charge,61.9194,1.44076
13,charge,63.9168,1.44396
13,charge,65.91420000000001,1.44716
13,charge,67.9116,1.4503599999999999
13,charge,69.909,1.45356
13,charge,71.9064,1.4567599999999998
13,charge,73.9038,1.45996
13,charge,75.9012,1.46316
13,charge,77.8986,1.4663599999999999
13,charge,79.89600000000002,1.46956
13,charge,81.89340000000001,1.4727599999999998
13,charge,83.8908,1.47596
13,charge,85.8882,1.47916
13,charge,87.88560000000001,1.48236
13,charge,89.88300000000001,1.48556
13,charge,91.88040000000001,1.4887599999999999
13,charge,93.87780000000001,1.49196
13,charge,95.8752,1.4951599999999998
13,charge,97.8726,1.49836
13,charge,99.87,1.50156
13,discharge,0.0,1.248566316
13,discharge,1.960927476,1.246166316
13,discharge,3.921854952,1.2437663159999999
13,discharge,5.882782428,1.241366316
13,discharge,7.843709904,1.238966316
13,discharge,9.80463738,1.236566316
13,discharge,11.765564856,1.234166316
13,discharge,13.726492332000001,1.2317663159999999
13,discharge,15.687419808,1.229366316
13,discharge,17.648347284,1.226966316
13,discharge,19.60927476,1.224566316
13,discharge,21.570202236,1.222166316
13,discharge,23.531129712,1.2197663159999999
13,discharge,25.492057188,1.217366316
13,discharge,27.452984664000002,1.214966316
13,discharge,29.413912139999997,1.212566316
13,discharge,31.374839616,1.210166316
13,discharge,33.335767092000005,1.2077663159999998
13,discharge,35.296694568,1.2053663159999999
13,discharge,37.257622044,1.202966316
13,discharge,39.21854952,1.200566316
13,discharge,41.179476996,1.198166316
13,discharge,43.140404472,1.195766316
13,discharge,45.101331948,1.1933663159999999
13,discharge,47.062259424,1.190966316
13,discharge,49.0231869,1.188566316
13,discharge,50.984114376,1.186166316
13,discharge,52.945041852,1.183766316
13,discharge,54.905969328000005,1.1813663159999999
13,discharge,56.86689680399999,1.178966316
13,discharge,58.827824279999994,1.176566316
13,discharge,60.788751755999996,1.174166316
13,discharge,62.749679232,1.171766316
13,discharge,64.710606708,1.1693663159999999
13,discharge,66.67153418400001,1.166966316
13,discharge,68.63246166,1.164566316
13,discharge,70.593389136,1.162166316
13,discharge,72.554316612,1.159766316
13,discharge,74.515244088,1.157366316
13,discharge,76.476171564,1.1549663159999999
13,discharge,78.43709904,1.152566316
13,discharge,80.398026516,1.150166316
13,discharge,82.358953992,1.147766316
13,discharge,84.31988146799999,1.145366316
13,discharge,86.280808944,1.1429663159999999
13,discharge,88.24173642,1.140566316
13,discharge,90.202663896,1.138166316
13,discharge,92.163591372,1.135766316
13,discharge,94.124518848,1.133366316
13,discharge,96.085446324,1.1309663159999999
13,discharge,98.0463738,1.128566316
14,charge,0.0,1.3416799999999998
14,charge,1.9972,1.3448799999999999
14,charge,3.9944,1.34808
14,charge,5.9916,1.3512799999999998
14,charge,7.9888,1.35448
14,charge,9.986,1.3576799999999998
14,charge,11.9832,1.3608799999999999
14,charge,13.980400000000001,1.3640799999999997
14,charge,15.9776,1.3672799999999998
14,charge,17.9748,1.37048
14,charge,19.972,1.3736799999999998
14,charge,21.9692,1.3768799999999999
14,charge,23.9664,1.3800799999999998
14,charge,25.9636,1.3832799999999998
14,charge,27.960800000000003,1.38648
14,charge,29.958,1.3896799999999998
14,charge,31.9552,1.39288
14,charge,33.952400000000004,1.3960799999999998
14,charge,35.9496,1.3992799999999999
14,charge,37.9468,1.4024799999999997
14,charge,39.944,1.4056799999999998
14,charge,41.941199999999995,1.40888
14,charge,43.9384,1.4120799999999998
14,charge,45.9356,1.4152799999999999
14,charge,47.9328,1.4184799999999997
14,charge,49.93,1.4216799999999998
14,charge,51.9272,1.42488
14,charge,53.924400000000006,1.4280799999999998
14,charge,55.921600000000005,1.4312799999999999
14,charge,57.9188,1.4344799999999998
14,charge,59.916,1.4376799999999998
14,charge,61.913199999999996,1.44088
14,charge,63.9104,1.4440799999999998
14,charge,65.9076,1.44728
14,charge,67.90480000000001,1.4504799999999998
14,charge,69.902,1.4536799999999999
14,charge,71.8992,1.4568799999999997
14,charge,73.8964,1.4600799999999998
14,charge,75.8936,1.46328
14,charge,77.8908,1.4664799999999998
14,charge,79.888,1.4696799999999999
14,charge,81.88520000000001,1.4728799999999997
14,charge,83.88239999999999,1.4760799999999998
14,charge,85.8796,1.47928
14,charge,87.8768,1.4824799999999998
14,charge,89.874,1.48568
14,charge,91.8712,1.4888799999999998
14,charge,93.86840000000001,1.4920799999999999
14,charge,95.8656,1.4952799999999997
14,charge,97.8628,1.4984799999999998
14,charge,99.86,1.50168
14,discharge,0.0,1.248240144
14,discharge,1.960691184,1.245840144
14,discharge,3.921382368,1.2434401439999998
14,discharge,5.882073552,1.2410401439999998
14,discharge,7.842764736,1.2386401439999999
14,discharge,9.803455920000001,1.236240144
14,discharge,11.764147104,1.233840144
14,discharge,13.724838288000003,1.2314401439999998
14,discharge,15.685529472,1.2290401439999998
14,discharge,17.646220656,1.2266401439999999
14,discharge,19.606911840000002,1.224240144
14,discharge,21.567603024,1.221840144
14,discharge,23.528294208,1.2194401439999998
14,discharge,25.488985392000004,1.2170401439999998
14,discharge,27.449676576000005,1.2146401439999999
14,discharge,29.41036776,1.212240144
14,discharge,31.371058944,1.209840144
14,discharge,33.331750128,1.207440144
14,discharge,35.292441312,1.2050401439999998
14,discharge,37.253132496,1.2026401439999999
14,discharge,39.213823680000004,1.200240144
14,discharge,41.174514864,1.197840144
14,discharge,43.135206048,1.195440144
14,discharge,45.095897232000006,1.1930401439999998
14,discharge,47.056588416,1.1906401439999998
14,discharge,49.0172796,1.1882401439999999
14,discharge,50.97797078400001,1.185840144
14,discharge,52.938661968000005,1.183440144
14,discharge,54.89935315200001,1.1810401439999998
14,discharge,56.860044336,1.1786401439999998
14,discharge,58.82073552,1.1762401439999999
14,discharge,60.781426704000005,1.173840144
14,discharge,62.742117888,1.171440144
14,discharge,64.70280907200001,1.1690401439999998
14,discharge,66.663500256,1.1666401439999998
14,discharge,68.62419144,1.1642401439999999
14,discharge,70.584882624,1.161840144
14,discharge,72.545573808,1.159440144
14,discharge,74.506264992,1.157040144
14,discharge,76.46695617600001,1.1546401439999998
14,discharge,78.42764736000001,1.1522401439999999
14,discharge,80.388338544,1.149840144
14,discharge,82.349029728,1.147440144
14,discharge,84.309720912,1.145040144
14,discharge,86.270412096,1.1426401439999998
14,discharge,88.23110328,1.1402401439999998
14,discharge,90.19179446400001,1.1378401439999999
14,discharge,92.15248564800001,1.135440144
14,discharge,94.113176832,1.133040144
14,discharge,96.073868016,1.1306401439999998
14,discharge,98.0345592,1.1282401439999998
15,charge,0.0,1.3417999999999999
15,charge,1.9969999999999999,1.345
15,charge,3.9939999999999998,1.3481999999999998
15,charge,5.991,1.3514
15,charge,7.9879999999999995,1.3546
15,charge,9.985,1.3578
15,charge,11.982,1.361
15,charge,13.979000000000001,1.3641999999999999
15,charge,15.975999999999999,1.3674
15,charge,17.973,1.3706
15,charge,19.97,1.3738
15,charge,21.967,1.377
15,charge,23.964,1.3801999999999999
15,charge,25.961,1.3834
15,charge,27.958000000000002,1.3866
15,charge,29.955,1.3898
15,charge,31.951999999999998,1.393
15,charge,33.949,1.3961999999999999
15,charge,35.946,1.3994
15,charge,37.943,1.4025999999999998
15,charge,39.94,1.4058
15,charge,41.937,1.409
15,charge,43.934,1.4122
15,charge,45.931,1.4154
15,charge,47.928,1.4185999999999999
15,charge,49.925,1.4218
15,charge,51.922,1.425
15,charge,53.919,1.4282
15,charge,55.916000000000004,1.4314
15,charge,57.91299999999999,1.4345999999999999
15,charge,59.91,1.4378
15,charge,61.907,1.441
15,charge,63.903999999999996,1.4442
15,charge,65.901,1.4474
15,charge,67.898,1.4506
15,charge,69.895,1.4538
15,charge,71.892,1.4569999999999999
15,charge,73.889,1.4602
15,charge,75.886,1.4634
15,charge,77.883,1.4666
15,charge,79.88,1.4698
15,charge,81.877,1.4729999999999999
15,charge,83.874,1.4762
15,charge,85.871,1.4794
15,charge,87.868,1.4826
15,charge,89.865,1.4858
15,charge,91.862,1.4889999999999999
15,charge,93.859,1.4922
15,charge,95.856,1.4954
15,charge,97.853,1.4986
15,charge,99.85,1.5018
15,discharge,0.0,1.2479139000000001
15,discharge,1.9604549,1.2455139000000002
15,discharge,3.9209098,1.2431139
15,discharge,5.8813647,1.2407139
15,discharge,7.8418196,1.2383139
15,discharge,9.802274500000001,1.2359139000000001
15,discharge,11.7627294,1.2335139000000002
15,discharge,13.723184300000002,1.2311139
15,discharge,15.6836392,1.2287139
15,discharge,17.6440941,1.2263139
15,discharge,19.604549000000002,1.2239139
15,discharge,21.5650039,1.2215139000000002
15,discharge,23.5254588,1.2191139
15,discharge,25.4859137,1.2167139
15,discharge,27.446368600000003,1.2143139
15,discharge,29.406823499999998,1.2119139
15,discharge,31.3672784,1.2095139000000001
15,discharge,33.327733300000006,1.2071139
15,discharge,35.2881882,1.2047139
15,discharge,37.2486431,1.2023139
15,discharge,39.209098000000004,1.1999139
15,discharge,41.1695529,1.1975139000000001
15,discharge,43.1300078,1.1951139000000002
15,discharge,45.0904627,1.1927139
15,discharge,47.0509176,1.1903139
15,discharge,49.0113725,1.1879139
15,discharge,50.9718274,1.1855139000000001
15,discharge,52.932282300000004,1.1831139000000002
15,discharge,54.892737200000006,1.1807139
15,discharge,56.853192099999994,1.1783139
15,discharge,58.813646999999996,1.1759139
15,discharge,60.7741019,1.1735139
15,discharge,62.7345568,1.1711139000000002
15,discharge,64.69501170000001,1.1687139
15,discharge,66.65546660000001,1.1663139
15,discharge,68.61592150000001,1.1639139
15,discharge,70.5763764,1.1615139
15,discharge,72.5368313,1.1591139000000001
15,discharge,74.4972862,1.1567139000000002
15,discharge,76.4577411,1.1543139
15,discharge,78.41819600000001,1.1519139
15,discharge,80.37865090000001,1.1495139
15,discharge,82.3391058,1.1471139000000001
15,discharge,84.2995607,1.1447139000000002
15,discharge,86.2600156,1.1423139
15,discharge,88.2204705,1.1399139
15,discharge,90.1809254,1.1375139
15,discharge,92.14138030000001,1.1351139000000001
15,discharge,94.1018352,1.1327139000000002
15,discharge,96.0622901,1.1303139
15,discharge,98.022745,1.1279139
16,charge,0.0,1.3419199999999998
16,charge,1.9968000000000001,1.3451199999999999
16,charge,3.9936000000000003,1.3483199999999997
16,charge,5.9904,1.3515199999999998
16,charge,7.9872000000000005,1.35472
16,charge,9.984000000000002,1.3579199999999998
16,charge,11.9808,1.3611199999999999
16,charge,13.977600000000002,1.3643199999999998
16,charge,15.974400000000001,1.3675199999999998
16,charge,17.9712,1.37072
16,charge,19.968000000000004,1.3739199999999998
16,charge,21.9648,1.37712
16,charge,23.9616,1.3803199999999998
16,charge,25.9584,1.3835199999999999
16,charge,27.955200000000005,1.38672
16,charge,29.951999999999998,1.3899199999999998
16,charge,31.948800000000002,1.39312
16,charge,33.945600000000006,1.3963199999999998
16,charge,35.9424,1.3995199999999999
16,charge,37.9392,1.4027199999999997
16,charge,39.93600000000001,1.4059199999999998
16,charge,41.9328,1.40912
16,charge,43.9296,1.4123199999999998
16,charge,45.9264,1.41552
16,charge,47.9232,1.4187199999999998
16,charge,49.92,1.4219199999999999
16,charge,51.9168,1.42512
16,charge,53.9136,1.4283199999999998
16,charge,55.91040000000001,1.43152
16,charge,57.907199999999996,1.4347199999999998
16,charge,59.903999999999996,1.4379199999999999
16,charge,61.900800000000004,1.44112
16,charge,63.897600000000004,1.4443199999999998
16,charge,65.8944,1.44752
16,charge,67.89120000000001,1.4507199999999998
16,charge,69.888,1.4539199999999999
16,charge,71.8848,1.4571199999999997
16,charge,73.8816,1.4603199999999998
16,charge,75.8784,1.46352
16,charge,77.8752,1.4667199999999998
16,charge,79.87200000000001,1.46992
16,charge,81.86880000000001,1.4731199999999998
16,charge,83.8656,1.4763199999999999
16,charge,85.86240000000001,1.47952
16,charge,87.8592,1.4827199999999998
16,charge,89.85600000000001,1.48592
16,charge,91.8528,1.4891199999999998
16,charge,93.84960000000001,1.4923199999999999
16,charge,95.8464,1.49552
16,charge,97.8432,1.4987199999999998
16,charge,99.84,1.50192
16,discharge,0.0,1.247587584
16,discharge,1.9602186240000001,1.245187584
16,discharge,3.9204372480000003,1.2427875839999998
16,discharge,5.880655872,1.2403875839999998
16,discharge,7.8408744960000005,1.2379875839999999
16,discharge,9.80109312,1.235587584
16,discharge,11.761311744,1.233187584
16,discharge,13.721530368000002,1.2307875839999998
16,discharge,15.681748992000001,1.2283875839999998
16,discharge,17.641967616,1.2259875839999999
16,discharge,19.60218624,1.223587584
16,discharge,21.562404864,1.221187584
16,discharge,23.522623488,1.2187875839999998
16,discharge,25.482842112,1.2163875839999998
16,discharge,27.443060736000003,1.2139875839999998
16,discharge,29.40327936,1.2115875839999999
16,discharge,31.363497984000002,1.209187584
16,discharge,33.323716608000005,1.2067875839999997
16,discharge,35.283935232,1.2043875839999998
16,discharge,37.244153856000004,1.2019875839999998
16,discharge,39.20437248,1.1995875839999999
16,discharge,41.164591103999996,1.197187584
16,discharge,43.124809728,1.194787584
16,discharge,45.085028352,1.1923875839999998
16,discharge,47.045246976,1.1899875839999998
16,discharge,49.0054656,1.1875875839999999
16,discharge,50.965684224,1.185187584
16,discharge,52.92590284800001,1.182787584
16,discharge,54.886121472000006,1.1803875839999998
16,discharge,56.846340096,1.1779875839999998
16,discharge,58.80655872,1.1755875839999999
16,discharge,60.766777344,1.173187584
16,discharge,62.726995968000004,1.170787584
16,discharge,64.687214592,1.1683875839999998
16,discharge,66.64743321600001,1.1659875839999998
16,discharge,68.60765184,1.1635875839999998
16,discharge,70.567870464,1.1611875839999999
16,discharge,72.528089088,1.158787584
16,discharge,74.48830771200001,1.156387584
16,discharge,76.448526336,1.1539875839999998
16,discharge,78.40874496,1.1515875839999998
16,discharge,80.36896358400001,1.1491875839999999
16,discharge,82.32918220799999,1.146787584
16,discharge,84.289400832,1.144387584
16,discharge,86.249619456,1.1419875839999998
16,discharge,88.20983808,1.1395875839999998
16,discharge,90.170056704,1.1371875839999999
16,discharge,92.13027532800001,1.134787584
16,discharge,94.090493952,1.132387584
16,discharge,96.050712576,1.1299875839999998
16,discharge,98.0109312,1.1275875839999998
17,charge,0.0,1.34204
17,charge,1.9966,1.34524
17,charge,3.9932,1.34844
17,charge,5.9898,1.35164
17,charge,7.9864,1.35484
17,charge,9.983,1.35804
17,charge,11.9796,1.36124
17,charge,13.9762,1.3644399999999999
17,charge,15.9728,1.36764
17,charge,17.9694,1.37084
17,charge,19.966,1.37404
17,charge,21.9626,1.37724
17,charge,23.9592,1.38044
17,charge,25.9558,1.38364
17,charge,27.9524,1.38684
17,charge,29.948999999999998,1.39004
17,charge,31.9456,1.39324
17,charge,33.9422,1.39644
17,charge,35.9388,1.39964
17,charge,37.9354,1.4028399999999999
17,charge,39.932,1.40604
17,charge,41.928599999999996,1.40924
17,charge,43.9252,1.41244
17,charge,45.921800000000005,1.41564
17,charge,47.9184,1.4188399999999999
17,charge,49.915,1.42204
17,charge,51.9116,1.42524
17,charge,53.9082,1.42844
17,charge,55.9048,1.43164
17,charge,57.901399999999995,1.43484
17,charge,59.897999999999996,1.43804
17,charge,61.8946,1.44124
17,charge,63.8912,1.44444
17,charge,65.8878,1.44764
17,charge,67.8844,1.45084
17,charge,69.881,1.45404
17,charge,71.8776,1.4572399999999999
17,charge,73.8742,1.46044
17,charge,75.8708,1.46364
17,charge,77.8674,1.46684
17,charge,79.864,1.47004
17,charge,81.8606,1.4732399999999999
17,charge,83.85719999999999,1.47644
17,charge,85.85379999999999,1.47964
17,charge,87.8504,1.48284
17,charge,89.847,1.48604
17,charge,91.84360000000001,1.48924
17,charge,93.84020000000001,1.49244
17,charge,95.8368,1.4956399999999999
17,charge,97.8334,1.49884
17,charge,99.83,1.50204
17,discharge,0.0,1.247261196
17,discharge,1.9599823559999998,1.244861196
17,discharge,3.9199647119999996,1.2424611959999998
17,discharge,5.879947067999999,1.2400611959999999
17,discharge,7.839929423999999,1.237661196
17,discharge,9.79991178,1.235261196
17,discharge,11.759894135999998,1.232861196
17,discharge,13.719876492000001,1.2304611959999998
17,discharge,15.679858847999999,1.2280611959999999
17,discharge,17.639841204,1.225661196
17,discharge,19.59982356,1.223261196
17,discharge,21.559805916,1.220861196
17,discharge,23.519788271999996,1.2184611959999998
17,discharge,25.479770628,1.2160611959999998
17,discharge,27.439752984000002,1.2136611959999999
17,discharge,29.399735339999996,1.211261196
17,discharge,31.359717695999997,1.208861196
17,discharge,33.319700052,1.2064611959999998
17,discharge,35.279682408,1.2040611959999998
17,discharge,37.239664764,1.2016611959999999
17,discharge,39.19964712,1.199261196
17,discharge,41.159629476,1.196861196
17,discharge,43.119611832,1.194461196
17,discharge,45.079594188,1.1920611959999998
17,discharge,47.03957654399999,1.1896611959999999
17,discharge,48.9995589,1.187261196
17,discharge,50.959541256,1.184861196
17,discharge,52.919523612,1.182461196
17,discharge,54.879505968000004,1.1800611959999998
17,discharge,56.839488323999994,1.1776611959999999
17,discharge,58.79947067999999,1.175261196
17,discharge,60.759453036,1.172861196
17,discharge,62.719435391999994,1.170461196
17,discharge,64.67941774799999,1.1680611959999998
17,discharge,66.639400104,1.1656611959999998
17,discharge,68.59938246,1.1632611959999999
17,discharge,70.559364816,1.160861196
17,discharge,72.519347172,1.158461196
17,discharge,74.479329528,1.156061196
17,discharge,76.43931188399999,1.1536611959999998
17,discharge,78.39929424,1.1512611959999999
17,discharge,80.359276596,1.148861196
17,discharge,82.319258952,1.146461196
17,discharge,84.279241308,1.144061196
17,discharge,86.239223664,1.1416611959999998
17,discharge,88.19920601999999,1.1392611959999999
17,discharge,90.159188376,1.136861196
17,discharge,92.119170732,1.134461196
17,discharge,94.07915308799998,1.132061196
17,discharge,96.039135444,1.1296611959999998
17,discharge,97.9991178,1.1272611959999999
18,charge,0.0,1.3421599999999998
18,charge,1.9964,1.34536
18,charge,3.9928,1.34856
18,charge,5.989199999999999,1.3517599999999999
18,charge,7.9856,1.35496
18,charge,9.982,1.3581599999999998
18,charge,11.978399999999999,1.36136
18,charge,13.9748,1.3645599999999998
18,charge,15.9712,1.3677599999999999
18,charge,17.967599999999997,1.37096
18,charge,19.964,1.3741599999999998
18,charge,21.9604,1.37736
18,charge,23.956799999999998,1.3805599999999998
18,charge,25.9532,1.3837599999999999
18,charge,27.9496,1.38696
18,charge,29.945999999999998,1.3901599999999998
18,charge,31.9424,1.39336
18,charge,33.9388,1.3965599999999998
18,charge,35.935199999999995,1.39976
18,charge,37.931599999999996,1.4029599999999998
18,charge,39.928,1.4061599999999999
18,charge,41.9244,1.40936
18,charge,43.9208,1.4125599999999998
18,charge,45.9172,1.41576
18,charge,47.913599999999995,1.4189599999999998
18,charge,49.91,1.4221599999999999
18,charge,51.9064,1.42536
18,charge,53.9028,1.4285599999999998
18,charge,55.8992,1.43176
18,charge,57.895599999999995,1.4349599999999998
18,charge,59.891999999999996,1.4381599999999999
18,charge,61.8884,1.44136
18,charge,63.8848,1.4445599999999998
18,charge,65.88119999999999,1.44776
18,charge,67.8776,1.4509599999999998
18,charge,69.874,1.45416
18,charge,71.87039999999999,1.4573599999999998
18,charge,73.8668,1.4605599999999999
18,charge,75.86319999999999,1.46376
18,charge,77.8596,1.4669599999999998
18,charge,79.856,1.47016
18,charge,81.8524,1.4733599999999998
18,charge,83.8488,1.4765599999999999
18,charge,85.84519999999999,1.47976
18,charge,87.8416,1.4829599999999998
18,charge,89.838,1.48616
18,charge,91.8344,1.4893599999999998
18,charge,93.8308,1.4925599999999999
18,charge,95.82719999999999,1.4957599999999998
18,charge,97.82359999999998,1.4989599999999998
18,charge,99.82,1.50216
18,discharge,0.0,1.246934736
18,discharge,1.959746096,1.244534736
18,discharge,3.919492192,1.242134736
18,discharge,5.879238287999999,1.239734736
18,discharge,7.838984384,1.237334736
18,discharge,9.79873048,1.234934736
18,discharge,11.758476575999998,1.232534736
18,discharge,13.718222672,1.230134736
18,discharge,15.677968768,1.227734736
18,discharge,17.637714863999996,1.225334736
18,discharge,19.59746096,1.222934736
18,discharge,21.557207056,1.220534736
18,discharge,23.516953151999996,1.2181347359999999
18,discharge,25.476699248,1.215734736
18,discharge,27.436445344,1.213334736
18,discharge,29.396191439999996,1.210934736
18,discharge,31.355937536,1.208534736
18,discharge,33.315683631999995,1.206134736
18,discharge,35.27542972799999,1.203734736
18,discharge,37.235175823999995,1.201334736
18,discharge,39.19492192,1.198934736
18,discharge,41.154668015999995,1.196534736
18,discharge,43.114414112,1.194134736
18,discharge,45.074160207999995,1.191734736
18,discharge,47.03390630399999,1.189334736
18,discharge,48.993652399999995,1.186934736
18,discharge,50.953398496,1.184534736
18,discharge,52.913144591999995,1.182134736
18,discharge,54.872890688,1.179734736
18,discharge,56.83263678399999,1.177334736
18,discharge,58.79238287999999,1.174934736
18,discharge,60.752128975999995,1.172534736
18,discharge,62.711875072,1.170134736
18,discharge,64.671621168,1.1677347359999999
18,discharge,66.63136726399999,1.165334736
18,discharge,68.59111336,1.162934736
18,discharge,70.55085945599998,1.160534736
18,discharge,72.51060555199999,1.158134736
18,discharge,74.47035164799999,1.155734736
18,discharge,76.430097744,1.153334736
18,discharge,78.38984384,1.150934736
18,discharge,80.349589936,1.148534736
18,discharge,82.30933603199999,1.146134736
18,discharge,84.269082128,1.143734736
18,discharge,86.228828224,1.141334736
18,discharge,88.18857431999999,1.138934736
18,discharge,90.14832041599999,1.136534736
18,discharge,92.108066512,1.134134736
18,discharge,94.06781260799998,1.131734736
18,discharge,96.02755870399999,1.129334736
18,discharge,97.98730479999999,1.126934736
19,charge,0.0,1.34228
19,charge,1.9962000000000002,1.34548
19,charge,3.9924000000000004,1.3486799999999999
19,charge,5.9886,1.35188
19,charge,7.984800000000001,1.35508
19,charge,9.981000000000002,1.35828
19,charge,11.9772,1.36148
19,charge,13.973400000000002,1.36468
19,charge,15.969600000000002,1.36788
19,charge,17.965799999999998,1.37108
19,charge,19.962000000000003,1.37428
19,charge,21.9582,1.37748
19,charge,23.9544,1.38068
19,charge,25.9506,1.38388
19,charge,27.946800000000003,1.38708
19,charge,29.942999999999998,1.39028
19,charge,31.939200000000003,1.39348
19,charge,33.9354,1.39668
19,charge,35.931599999999996,1.39988
19,charge,37.927800000000005,1.4030799999999999
19,charge,39.92400000000001,1.40628
19,charge,41.9202,1.40948
19,charge,43.9164,1.41268
19,charge,45.912600000000005,1.41588
19,charge,47.9088,1.41908
19,charge,49.905,1.42228
19,charge,51.9012,1.42548
19,charge,53.897400000000005,1.42868
19,charge,55.893600000000006,1.43188
19,charge,57.889799999999994,1.43508
19,charge,59.885999999999996,1.43828
19,charge,61.8822,1.44148
19,charge,63.878400000000006,1.44468
19,charge,65.8746,1.44788
19,charge,67.8708,1.45108
19,charge,69.867,1.45428
19,charge,71.86319999999999,1.4574799999999999
19,charge,73.8594,1.46068
19,charge,75.85560000000001,1.46388
19,charge,77.85180000000001,1.46708
19,charge,79.84800000000001,1.47028
19,charge,81.84420000000001,1.47348
19,charge,83.8404,1.47668
19,charge,85.8366,1.47988
19,charge,87.8328,1.48308
19,charge,89.82900000000001,1.48628
19,charge,91.82520000000001,1.48948
19,charge,93.82140000000001,1.49268
19,charge,95.8176,1.49588
19,charge,97.8138,1.49908
19,charge,99.81,1.50228
19,discharge,0.0,1.246608204
19,discharge,1.9595098439999998,1.244208204
19,discharge,3.9190196879999997,1.2418082039999998
19,discharge,5.878529531999999,1.2394082039999998
19,discharge,7.838039375999999,1.237008204
19,discharge,9.79754922,1.234608204
19,discharge,11.757059063999998,1.232208204
19,discharge,13.716568908,1.2298082039999998
19,discharge,15.676078751999999,1.2274082039999998
19,discharge,17.635588595999998,1.2250082039999999
19,discharge,19.59509844,1.222608204
19,discharge,21.554608283999997,1.220208204
19,discharge,23.514118127999996,1.2178082039999998
19,discharge,25.473627972,1.2154082039999998
19,discharge,27.433137816,1.2130082039999999
19,discharge,29.392647659999994,1.210608204
19,discharge,31.352157503999997,1.208208204
19,discharge,33.311667348,1.2058082039999998
19,discharge,35.271177191999996,1.2034082039999998
19,discharge,37.230687036,1.2010082039999999
19,discharge,39.19019688,1.198608204
19,discharge,41.149706724,1.196208204
19,discharge,43.109216567999994,1.193808204
19,discharge,45.068726412,1.1914082039999998
19,discharge,47.02823625599999,1.1890082039999998
19,discharge,48.987746099999995,1.1866082039999999
19,discharge,50.947255944,1.184208204
19,discharge,52.906765788,1.181808204
19,discharge,54.866275632,1.1794082039999998
19,discharge,56.82578547599999,1.1770082039999998
19,discharge,58.78529531999999,1.1746082039999999
19,discharge,60.74480516399999,1.172208204
19,discharge,62.704315007999995,1.169808204
19,discharge,64.66382485199999,1.1674082039999998
19,discharge,66.623334696,1.1650082039999998
19,discharge,68.58284454,1.1626082039999999
19,discharge,70.54235438399999,1.160208204
19,discharge,72.50186422799999,1.157808204
19,discharge,74.461374072,1.155408204
19,discharge,76.420883916,1.1530082039999998
19,discharge,78.38039376,1.1506082039999999
19,discharge,80.339903604,1.148208204
19,discharge,82.299413448,1.145808204
19,discharge,84.25892329199999,1.143408204
19,discharge,86.21843313599999,1.1410082039999998
19,discharge,88.17794298,1.1386082039999998
19,discharge,90.137452824,1.1362082039999999
19,discharge,92.096962668,1.133808204
19,discharge,94.05647251199998,1.131408204
19,discharge,96.015982356,1.1290082039999998
19,discharge,97.97549219999999,1.1266082039999998
20,charge,0.0,1.3423999999999998
20,charge,1.996,1.3456
20,charge,3.992,1.3487999999999998
20,charge,5.9879999999999995,1.3519999999999999
20,charge,7.984,1.3552
20,charge,9.98,1.3583999999999998
20,charge,11.975999999999999,1.3616
20,charge,13.972000000000001,1.3647999999999998
20,charge,15.968,1.3679999999999999
20,charge,17.964,1.3712
20,charge,19.96,1.3743999999999998
20,charge,21.956,1.3776
20,charge,23.951999999999998,1.3807999999999998
20,charge,25.948,1.384
20,charge,27.944000000000003,1.3872
20,charge,29.939999999999998,1.3903999999999999
20,charge,31.936,1.3936
20,charge,33.932,1.3967999999999998
20,charge,35.928,1.4
20,charge,37.924,1.4031999999999998
20,charge,39.92,1.4063999999999999
20,charge,41.916,1.4096
20,charge,43.912,1.4127999999999998
20,charge,45.908,1.416
20,charge,47.903999999999996,1.4191999999999998
20,charge,49.9,1.4223999999999999
20,charge,51.896,1.4256
20,charge,53.892,1.4287999999999998
20,charge,55.888000000000005,1.432
20,charge,57.88399999999999,1.4351999999999998
20,charge,59.879999999999995,1.4384
20,charge,61.876,1.4416
20,charge,63.872,1.4447999999999999
20,charge,65.868,1.448
20,charge,67.864,1.4511999999999998
20,charge,69.86,1.4544
20,charge,71.856,1.4575999999999998
20,charge,73.852,1.4607999999999999
20,charge,75.848,1.464
20,charge,77.844,1.4671999999999998
20,charge,79.84,1.4704
20,charge,81.836,1.4735999999999998
20,charge,83.832,1.4768
20,charge,85.828,1.48
20,charge,87.824,1.4831999999999999
20,charge,89.82,1.4864
20,charge,91.816,1.4895999999999998
20,charge,93.812,1.4928
20,charge,95.80799999999999,1.496
20,charge,97.804,1.4991999999999999
20,charge,99.8,1.5024
20,discharge,0.0,1.2462815999999999
20,discharge,1.9592736,1.2438816
20,discharge,3.9185472,1.2414815999999997
20,discharge,5.877820799999999,1.2390815999999998
20,discharge,7.8370944,1.2366815999999998
20,discharge,9.796368000000001,1.2342815999999999
20,discharge,11.755641599999999,1.2318816
20,discharge,13.7149152,1.2294815999999997
20,discharge,15.6741888,1.2270815999999998
20,discharge,17.6334624,1.2246815999999998
20,discharge,19.592736000000002,1.2222815999999999
20,discharge,21.552009599999998,1.2198816
20,discharge,23.511283199999998,1.2174815999999997
20,discharge,25.4705568,1.2150815999999998
20,discharge,27.4298304,1.2126815999999998
20,discharge,29.389103999999996,1.2102815999999998
20,discharge,31.3483776,1.2078815999999999
20,discharge,33.3076512,1.2054815999999997
20,discharge,35.2669248,1.2030815999999998
20,discharge,37.2261984,1.2006815999999998
20,discharge,39.185472000000004,1.1982815999999998
20,discharge,41.1447456,1.1958815999999999
20,discharge,43.104019199999996,1.1934816
20,discharge,45.0632928,1.1910815999999997
20,discharge,47.022566399999995,1.1886815999999998
20,discharge,48.98184,1.1862815999999998
20,discharge,50.9411136,1.1838815999999999
20,discharge,52.900387200000004,1.1814816
20,discharge,54.8596608,1.1790815999999997
20,discharge,56.818934399999996,1.1766815999999998
20,discharge,58.77820799999999,1.1742815999999998
20,discharge,60.737481599999995,1.1718815999999999
20,discharge,62.6967552,1.1694816
20,discharge,64.6560288,1.1670815999999997
20,discharge,66.6153024,1.1646815999999998
20,discharge,68.57457600000001,1.1622815999999998
20,discharge,70.5338496,1.1598815999999998
20,discharge,72.4931232,1.1574815999999999
20,discharge,74.4523968,1.1550816
20,discharge,76.4116704,1.1526815999999998
20,discharge,78.37094400000001,1.1502815999999998
20,discharge,80.3302176,1.1478815999999998
20,discharge,82.2894912,1.1454815999999999
20,discharge,84.24876479999999,1.1430816
20,discharge,86.20803839999999,1.1406815999999997
20,discharge,88.167312,1.1382815999999998
20,discharge,90.1265856,1.1358815999999998
20,discharge,92.0858592,1.1334815999999999
20,discharge,94.04513279999999,1.1310816
20,discharge,96.0044064,1.1286815999999997
20,discharge,97.96368,1.1262815999999998
21,charge,0.0,1.34252
21,charge,1.9958000000000002,1.34572
21,charge,3.9916000000000005,1.3489200000000001
21,charge,5.9874,1.35212
21,charge,7.983200000000001,1.35532
21,charge,9.979000000000001,1.35852
21,charge,11.9748,1.36172
21,charge,13.970600000000003,1.36492
21,charge,15.966400000000002,1.36812
21,charge,17.9622,1.37132
21,charge,19.958000000000002,1.37452
21,charge,21.9538,1.37772
21,charge,23.9496,1.38092
21,charge,25.945400000000003,1.38412
21,charge,27.941200000000006,1.38732
21,charge,29.937,1.39052
21,charge,31.932800000000004,1.39372
21,charge,33.9286,1.39692
21,charge,35.9244,1.40012
21,charge,37.9202,1.40332
21,charge,39.916000000000004,1.40652
21,charge,41.9118,1.40972
21,charge,43.9076,1.41292
21,charge,45.903400000000005,1.41612
21,charge,47.8992,1.41932
21,charge,49.895,1.42252
21,charge,51.890800000000006,1.42572
21,charge,53.88660000000001,1.42892
21,charge,55.88240000000001,1.43212
21,charge,57.8782,1.43532
21,charge,59.874,1.43852
21,charge,61.869800000000005,1.4417200000000001
21,charge,63.86560000000001,1.44492
21,charge,65.8614,1.44812
21,charge,67.8572,1.45132
21,charge,69.85300000000001,1.45452
21,charge,71.8488,1.45772
21,charge,73.8446,1.46092
21,charge,75.8404,1.46412
21,charge,77.8362,1.46732
21,charge,79.83200000000001,1.47052
21,charge,81.82780000000001,1.47372
21,charge,83.8236,1.47692
21,charge,85.8194,1.48012
21,charge,87.8152,1.48332
21,charge,89.811,1.48652
21,charge,91.80680000000001,1.48972
21,charge,93.80260000000001,1.49292
21,charge,95.7984,1.49612
21,charge,97.7942,1.49932
21,charge,99.79,1.50252
21,discharge,0.0,1.245954924
21,discharge,1.9590373640000003,1.2435549240000001
21,discharge,3.9180747280000006,1.241154924
21,discharge,5.877112092,1.238754924
21,discharge,7.836149456000001,1.236354924
21,discharge,9.795186820000001,1.233954924
21,discharge,11.754224184,1.231554924
21,discharge,13.713261548000002,1.229154924
21,discharge,15.672298912000002,1.226754924
21,discharge,17.631336276,1.224354924
21,discharge,19.590373640000003,1.221954924
21,discharge,21.549411004000003,1.219554924
21,discharge,23.508448368,1.217154924
21,discharge,25.467485732000004,1.214754924
21,discharge,27.426523096000004,1.212354924
21,discharge,29.38556046,1.209954924
21,discharge,31.344597824000004,1.207554924
21,discharge,33.303635188,1.205154924
21,discharge,35.262672552,1.202754924
21,discharge,37.221709916,1.200354924
21,discharge,39.180747280000006,1.197954924
21,discharge,41.139784644,1.195554924
21,discharge,43.098822008000006,1.1931549240000001
21,discharge,45.057859372,1.190754924
21,discharge,47.016896736,1.188354924
21,discharge,48.9759341,1.185954924
21,discharge,50.93497146400001,1.183554924
21,discharge,52.894008828000004,1.181154924
21,discharge,54.85304619200001,1.178754924
21,discharge,56.812083556,1.176354924
21,discharge,58.77112092,1.173954924
21,discharge,60.730158284000005,1.171554924
21,discharge,62.68919564800001,1.169154924
21,discharge,64.648233012,1.166754924
21,discharge,66.607270376,1.164354924
21,discharge,68.56630774000001,1.161954924
21,discharge,70.525345104,1.159554924
21,discharge,72.484382468,1.157154924
21,discharge,74.443419832,1.1547549240000001
21,discharge,76.40245719600001,1.152354924
21,discharge,78.36149456000001,1.149954924
21,discharge,80.32053192400001,1.147554924
21,discharge,82.279569288,1.145154924
21,discharge,84.238606652,1.1427549240000001
21,discharge,86.19764401600001,1.140354924
21,discharge,88.15668138000001,1.137954924
21,discharge,90.115718744,1.135554924
21,discharge,92.07475610800002,1.133154924
21,discharge,94.033793472,1.130754924
21,discharge,95.99283083600001,1.128354924
21,discharge,97.9518682,1.125954924
22,charge,0.0,1.3426399999999998
22,charge,1.9956,1.34584
22,charge,3.9912,1.34904
22,charge,5.9868,1.3522399999999999
22,charge,7.9824,1.35544
22,charge,9.978000000000002,1.3586399999999998
22,charge,11.9736,1.36184
22,charge,13.9692,1.3650399999999998
22,charge,15.9648,1.36824
22,charge,17.9604,1.37144
22,charge,19.956000000000003,1.3746399999999999
22,charge,21.9516,1.37784
22,charge,23.9472,1.3810399999999998
22,charge,25.942800000000002,1.38424
22,charge,27.9384,1.38744
22,charge,29.933999999999997,1.3906399999999999
22,charge,31.9296,1.39384
22,charge,33.925200000000004,1.3970399999999998
22,charge,35.9208,1.40024
22,charge,37.9164,1.4034399999999998
22,charge,39.912000000000006,1.40664
22,charge,41.9076,1.40984
22,charge,43.9032,1.4130399999999999
22,charge,45.8988,1.41624
22,charge,47.8944,1.4194399999999998
22,charge,49.89,1.42264
22,charge,51.885600000000004,1.42584
22,charge,53.88120000000001,1.4290399999999999
22,charge,55.8768,1.43224
22,charge,57.8724,1.4354399999999998
22,charge,59.867999999999995,1.43864
22,charge,61.8636,1.44184
22,charge,63.8592,1.4450399999999999
22,charge,65.8548,1.44824
22,charge,67.85040000000001,1.4514399999999998
22,charge,69.846,1.45464
22,charge,71.8416,1.4578399999999998
22,charge,73.8372,1.46104
22,charge,75.8328,1.46424
22,charge,77.8284,1.4674399999999999
22,charge,79.82400000000001,1.47064
22,charge,81.81960000000001,1.4738399999999998
22,charge,83.8152,1.47704
22,charge,85.8108,1.48024
22,charge,87.8064,1.4834399999999999
22,charge,89.802,1.48664
22,charge,91.7976,1.4898399999999998
22,charge,93.79320000000001,1.49304
22,charge,95.7888,1.4962399999999998
22,charge,97.7844,1.4994399999999999
22,charge,99.78,1.50264
22,discharge,0.0,1.2456281759999999
22,discharge,1.958801136,1.243228176
22,discharge,3.917602272,1.2408281759999997
22,discharge,5.876403408,1.2384281759999998
22,discharge,7.835204544,1.2360281759999998
22,discharge,9.79400568,1.2336281759999999
22,discharge,11.752806816,1.231228176
22,discharge,13.711607952,1.2288281759999997
22,discharge,15.670409088,1.2264281759999998
22,discharge,17.629210223999998,1.2240281759999998
22,discharge,19.58801136,1.2216281759999998
22,discharge,21.546812495999998,1.2192281759999999
22,discharge,23.505613632,1.2168281759999997
22,discharge,25.464414767999997,1.2144281759999997
22,discharge,27.423215904,1.2120281759999998
22,discharge,29.382017039999997,1.2096281759999998
22,discharge,31.340818176,1.2072281759999999
22,discharge,33.299619312,1.204828176
22,discharge,35.258420447999995,1.2024281759999997
22,discharge,37.217221584,1.2000281759999998
22,discharge,39.17602272,1.1976281759999998
22,discharge,41.134823856,1.1952281759999999
22,discharge,43.093624991999995,1.192828176
22,discharge,45.052426128,1.1904281759999997
22,discharge,47.011227264,1.1880281759999998
22,discharge,48.9700284,1.1856281759999998
22,discharge,50.928829535999995,1.1832281759999999
22,discharge,52.887630672,1.180828176
22,discharge,54.846431808,1.1784281759999997
22,discharge,56.80523294399999,1.1760281759999998
22,discharge,58.764034079999995,1.1736281759999998
22,discharge,60.72283521599999,1.1712281759999998
22,discharge,62.681636352,1.1688281759999999
22,discharge,64.640437488,1.1664281759999997
22,discharge,66.599238624,1.1640281759999997
22,discharge,68.55803976,1.1616281759999998
22,discharge,70.51684089599999,1.1592281759999998
22,discharge,72.475642032,1.1568281759999999
22,discharge,74.434443168,1.154428176
22,discharge,76.39324430399999,1.1520281759999997
22,discharge,78.35204544,1.1496281759999998
22,discharge,80.310846576,1.1472281759999998
22,discharge,82.269647712,1.1448281759999999
22,discharge,84.228448848,1.142428176
22,discharge,86.18724998399999,1.1400281759999997
22,discharge,88.14605112,1.1376281759999998
22,discharge,90.104852256,1.1352281759999998
22,discharge,92.063653392,1.1328281759999999
22,discharge,94.022454528,1.130428176
22,discharge,95.98125566399999,1.1280281759999997
22,discharge,97.9400568,1.1256281759999998
23,charge,0.0,1.34276
23,charge,1.9954,1.34596
23,charge,3.9908,1.34916
23,charge,5.986199999999999,1.35236
23,charge,7.9816,1.35556
23,charge,9.977,1.35876
23,charge,11.972399999999999,1.36196
23,charge,13.9678,1.36516
23,charge,15.9632,1.36836
23,charge,17.958599999999997,1.3715600000000001
23,charge,19.954,1.37476
23,charge,21.9494,1.37796
23,charge,23.944799999999997,1.38116
23,charge,25.9402,1.38436
23,charge,27.9356,1.3875600000000001
23,charge,29.930999999999997,1.39076
23,charge,31.9264,1.39396
23,charge,33.921800000000005,1.39716
23,charge,35.917199999999994,1.40036
23,charge,37.9126,1.40356
23,charge,39.908,1.40676
23,charge,41.9034,1.40996
23,charge,43.8988,1.41316
23,charge,45.8942,1.41636
23,charge,47.889599999999994,1.41956
23,charge,49.885,1.42276
23,charge,51.8804,1.4259600000000001
23,charge,53.8758,1.42916
23,charge,55.8712,1.43236
23,charge,57.86659999999999,1.43556
23,charge,59.861999999999995,1.43876
23,charge,61.8574,1.4419600000000001
23,charge,63.8528,1.44516
23,charge,65.8482,1.44836
23,charge,67.84360000000001,1.45156
23,charge,69.839,1.45476
23,charge,71.83439999999999,1.45796
23,charge,73.82979999999999,1.46116
23,charge,75.8252,1.46436
23,charge,77.8206,1.46756
23,charge,79.816,1.47076
23,charge,81.8114,1.47396
23,charge,83.8068,1.47716
23,charge,85.8022,1.4803600000000001
23,charge,87.7976,1.48356
23,charge,89.79299999999999,1.48676
23,charge,91.7884,1.48996
23,charge,93.7838,1.49316
23,charge,95.77919999999999,1.4963600000000001
23,charge,97.77459999999999,1.49956
23,charge,99.77,1.50276
23,discharge,0.0,1.245301356
23,discharge,1.958564916,1.242901356
23,discharge,3.917129832,1.2405013559999998
23,discharge,5.875694748,1.2381013559999998
23,discharge,7.834259664,1.2357013559999999
23,discharge,9.792824580000001,1.233301356
23,discharge,11.751389496,1.230901356
23,discharge,13.709954412000002,1.2285013559999998
23,discharge,15.668519328,1.2261013559999998
23,discharge,17.627084244,1.2237013559999999
23,discharge,19.585649160000003,1.221301356
23,discharge,21.544214076,1.218901356
23,discharge,23.502778992,1.2165013559999998
23,discharge,25.461343908,1.2141013559999998
23,discharge,27.419908824000004,1.2117013559999998
23,discharge,29.378473739999997,1.2093013559999999
23,discharge,31.337038656,1.206901356
23,discharge,33.295603572000005,1.2045013559999997
23,discharge,35.254168488,1.2021013559999998
23,discharge,37.212733404,1.1997013559999998
23,discharge,39.171298320000005,1.1973013559999999
23,discharge,41.129863236,1.194901356
23,discharge,43.088428152,1.192501356
23,discharge,45.046993068,1.1901013559999998
23,discharge,47.005557984,1.1877013559999998
23,discharge,48.9641229,1.1853013559999999
23,discharge,50.922687816,1.182901356
23,discharge,52.881252732,1.180501356
23,discharge,54.83981764800001,1.1781013559999998
23,discharge,56.79838256399999,1.1757013559999998
23,discharge,58.756947479999994,1.1733013559999999
23,discharge,60.715512396,1.170901356
23,discharge,62.674077312,1.168501356
23,discharge,64.63264222800001,1.1661013559999998
23,discharge,66.59120714400001,1.1637013559999998
23,discharge,68.54977206000001,1.1613013559999998
23,discharge,70.508336976,1.1589013559999999
23,discharge,72.466901892,1.156501356
23,discharge,74.425466808,1.154101356
23,discharge,76.384031724,1.1517013559999998
23,discharge,78.34259664000001,1.1493013559999998
23,discharge,80.30116155600001,1.1469013559999999
23,discharge,82.259726472,1.144501356
23,discharge,84.218291388,1.142101356
23,discharge,86.176856304,1.1397013559999998
23,discharge,88.13542122,1.1373013559999998
23,discharge,90.093986136,1.1349013559999999
23,discharge,92.052551052,1.132501356
23,discharge,94.011115968,1.130101356
23,discharge,95.969680884,1.1277013559999998
23,discharge,97.9282458,1.1253013559999998
24,charge,0.0,1.3428799999999999
24,charge,1.9952,1.34608
24,charge,3.9904,1.3492799999999998
24,charge,5.9856,1.35248
24,charge,7.9808,1.35568
24,charge,9.976,1.3588799999999999
24,charge,11.9712,1.36208
24,charge,13.966400000000002,1.3652799999999998
24,charge,15.9616,1.36848
24,charge,17.9568,1.37168
24,charge,19.952,1.3748799999999999
24,charge,21.947200000000002,1.37808
24,charge,23.9424,1.3812799999999998
24,charge,25.937600000000003,1.38448
24,charge,27.932800000000004,1.38768
24,charge,29.928,1.39088
24,charge,31.9232,1.39408
24,charge,33.918400000000005,1.3972799999999999
24,charge,35.9136,1.40048
24,charge,37.9088,1.4036799999999998
24,charge,39.904,1.40688
24,charge,41.8992,1.41008
24,charge,43.894400000000005,1.4132799999999999
24,charge,45.8896,1.41648
24,charge,47.8848,1.4196799999999998
24,charge,49.88,1.42288
24,charge,51.87520000000001,1.42608
24,charge,53.870400000000004,1.4292799999999999
24,charge,55.86560000000001,1.43248
24,charge,57.8608,1.4356799999999998
24,charge,59.856,1.43888
24,charge,61.851200000000006,1.44208
24,charge,63.8464,1.44528
24,charge,65.8416,1.44848
24,charge,67.83680000000001,1.4516799999999999
24,charge,69.83200000000001,1.45488
24,charge,71.8272,1.4580799999999998
24,charge,73.8224,1.46128
24,charge,75.8176,1.46448
24,charge,77.81280000000001,1.4676799999999999
24,charge,79.808,1.47088
24,charge,81.8032,1.4740799999999998
24,charge,83.7984,1.47728
24,charge,85.7936,1.48048
24,charge,87.78880000000001,1.4836799999999999
24,charge,89.784,1.48688
24,charge,91.7792,1.4900799999999998
24,charge,93.77440000000001,1.49328
24,charge,95.7696,1.49648
24,charge,97.76480000000001,1.49968
24,charge,99.76,1.50288
24,discharge,0.0,1.244974464
24,discharge,1.958328704,1.242574464
24,discharge,3.916657408,1.2401744639999999
24,discharge,5.874986111999999,1.237774464
24,discharge,7.833314816,1.235374464
24,discharge,9.791643520000001,1.232974464
24,discharge,11.749972223999999,1.230574464
24,discharge,13.708300928,1.2281744639999999
24,discharge,15.666629632,1.225774464
24,discharge,17.624958336,1.223374464
24,discharge,19.583287040000002,1.220974464
24,discharge,21.541615743999998,1.218574464
24,discharge,23.499944447999997,1.2161744639999998
24,discharge,25.458273152,1.2137744639999999
24,discharge,27.416601856,1.211374464
24,discharge,29.374930559999996,1.208974464
24,discharge,31.333259264,1.206574464
24,discharge,33.291587968,1.2041744639999998
24,discharge,35.249916672,1.2017744639999999
24,discharge,37.208245376,1.199374464
24,discharge,39.166574080000004,1.196974464
24,discharge,41.124902784,1.194574464
24,discharge,43.083231487999996,1.192174464
24,discharge,45.041560192,1.1897744639999999
24,discharge,46.999888895999995,1.187374464
24,discharge,48.9582176,1.184974464
24,discharge,50.916546304,1.182574464
24,discharge,52.874875008000004,1.180174464
24,discharge,54.833203712,1.1777744639999999
24,discharge,56.791532415999995,1.175374464
24,discharge,58.74986111999999,1.172974464
24,discharge,60.708189823999994,1.170574464
24,discharge,62.666518528,1.168174464
24,discharge,64.624847232,1.1657744639999998
24,discharge,66.583175936,1.1633744639999999
24,discharge,68.54150464,1.160974464
24,discharge,70.499833344,1.158574464
24,discharge,72.45816204799999,1.156174464
24,discharge,74.416490752,1.153774464
24,discharge,76.374819456,1.1513744639999999
24,discharge,78.33314816000001,1.148974464
24,discharge,80.291476864,1.146574464
24,discharge,82.249805568,1.144174464
24,discharge,84.208134272,1.141774464
24,discharge,86.16646297599999,1.1393744639999999
24,discharge,88.12479168,1.136974464
24,discharge,90.083120384,1.134574464
24,discharge,92.04144908800001,1.132174464
24,discharge,93.99977779199999,1.129774464
24,discharge,95.958106496,1.1273744639999999
24,discharge,97.9164352,1.124974464
25,charge,0.0,1.3429999999999997
25,charge,1.995,1.3461999999999998
25,charge,3.99,1.3493999999999997
25,charge,5.984999999999999,1.3525999999999998
25,charge,7.98,1.3558
25,charge,9.975000000000001,1.3589999999999998
25,charge,11.969999999999999,1.3621999999999999
25,charge,13.965000000000002,1.3653999999999997
25,charge,15.96,1.3685999999999998
25,charge,17.955,1.3718
25,charge,19.950000000000003,1.3749999999999998
25,charge,21.945,1.3781999999999999
25,charge,23.939999999999998,1.3813999999999997
25,charge,25.935000000000002,1.3845999999999998
25,charge,27.930000000000003,1.3878
25,charge,29.924999999999997,1.3909999999999998
25,charge,31.92,1.3941999999999999
25,charge,33.915,1.3973999999999998
25,charge,35.91,1.4005999999999998
25,charge,37.905,1.4037999999999997
25,charge,39.900000000000006,1.4069999999999998
25,charge,41.894999999999996,1.4102
25,charge,43.89,1.4133999999999998
25,charge,45.885000000000005,1.4165999999999999
25,charge,47.879999999999995,1.4197999999999997
25,charge,49.875,1.4229999999999998
25,charge,51.870000000000005,1.4262
25,charge,53.865,1.4293999999999998
25,charge,55.86000000000001,1.4325999999999999
25,charge,57.855,1.4357999999999997
25,charge,59.849999999999994,1.4389999999999998
25,charge,61.845,1.4422
25,charge,63.84,1.4453999999999998
25,charge,65.83500000000001,1.4485999999999999
25,charge,67.83,1.4517999999999998
25,charge,69.825,1.4549999999999998
25,charge,71.82,1.4581999999999997
25,charge,73.815,1.4613999999999998
25,charge,75.81,1.4646
25,charge,77.805,1.4677999999999998
25,charge,79.80000000000001,1.4709999999999999
25,charge,81.795,1.4741999999999997
25,charge,83.78999999999999,1.4773999999999998
25,charge,85.785,1.4806
25,charge,87.78,1.4837999999999998
25,charge,89.775,1.4869999999999999
25,charge,91.77000000000001,1.4901999999999997
25,charge,93.765,1.4933999999999998
25,charge,95.75999999999999,1.4966
25,charge,97.755,1.4997999999999998
25,charge,99.75,1.503
25,discharge,0.0,1.2446475
25,discharge,1.9580925000000002,1.2422475
25,discharge,3.9161850000000005,1.2398474999999998
25,discharge,5.874277500000001,1.2374474999999998
25,discharge,7.832370000000001,1.2350474999999999
25,discharge,9.790462500000002,1.2326475
25,discharge,11.748555000000001,1.2302475
25,discharge,13.706647500000003,1.2278474999999998
25,discharge,15.664740000000002,1.2254474999999998
25,discharge,17.6228325,1.2230474999999998
25,discharge,19.580925000000004,1.2206474999999999
25,discharge,21.539017500000003,1.2182475
25,discharge,23.497110000000003,1.2158474999999997
25,discharge,25.455202500000002,1.2134474999999998
25,discharge,27.413295000000005,1.2110474999999998
25,discharge,29.3713875,1.2086474999999999
25,discharge,31.329480000000004,1.2062475
25,discharge,33.2875725,1.2038474999999997
25,discharge,35.245665,1.2014474999999998
25,discharge,37.2037575,1.1990474999999998
25,discharge,39.16185000000001,1.1966474999999999
25,discharge,41.1199425,1.1942475
25,discharge,43.07803500000001,1.1918475
25,discharge,45.036127500000006,1.1894474999999998
25,discharge,46.994220000000006,1.1870474999999998
25,discharge,48.952312500000005,1.1846474999999999
25,discharge,50.910405000000004,1.1822475
25,discharge,52.86849750000001,1.1798475
25,discharge,54.82659000000001,1.1774474999999998
25,discharge,56.7846825,1.1750474999999998
25,discharge,58.742775,1.1726474999999998
25,discharge,60.70086750000001,1.1702474999999999
25,discharge,62.65896000000001,1.1678475
25,discharge,64.61705250000001,1.1654474999999997
25,discharge,66.575145,1.1630474999999998
25,discharge,68.53323750000001,1.1606474999999998
25,discharge,70.49133,1.1582474999999999
25,discharge,72.44942250000001,1.1558475
25,discharge,74.407515,1.1534475
25,discharge,76.36560750000001,1.1510474999999998
25,discharge,78.32370000000002,1.1486474999999998
25,discharge,80.28179250000001,1.1462474999999999
25,discharge,82.239885,1.1438475
25,discharge,84.19797750000001,1.1414475
25,discharge,86.15607000000001,1.1390474999999998
25,discharge,88.1141625,1.1366474999999998
25,discharge,90.07225500000001,1.1342474999999999
25,discharge,92.03034750000002,1.1318475
25,discharge,93.98844000000001,1.1294475
25,discharge,95.9465325,1.1270474999999998
25,discharge,97.90462500000001,1.1246474999999998
26,charge,0.0,1.3431199999999999
26,charge,1.9948,1.34632
26,charge,3.9896,1.34952
26,charge,5.984399999999999,1.35272
26,charge,7.9792,1.35592
26,charge,9.974,1.3591199999999999
26,charge,11.968799999999998,1.36232
26,charge,13.963600000000001,1.3655199999999998
26,charge,15.9584,1.36872
26,charge,17.9532,1.37192
26,charge,19.948,1.37512
26,charge,21.9428,1.37832
26,charge,23.937599999999996,1.3815199999999999
26,charge,25.9324,1.38472
26,charge,27.927200000000003,1.38792
26,charge,29.921999999999997,1.39112
26,charge,31.9168,1.39432
26,charge,33.9116,1.3975199999999999
26,charge,35.9064,1.40072
26,charge,37.901199999999996,1.4039199999999998
26,charge,39.896,1.40712
26,charge,41.8908,1.41032
26,charge,43.8856,1.4135199999999999
26,charge,45.8804,1.41672
26,charge,47.87519999999999,1.4199199999999998
26,charge,49.87,1.42312
26,charge,51.8648,1.42632
26,charge,53.8596,1.42952
26,charge,55.854400000000005,1.43272
26,charge,57.849199999999996,1.4359199999999999
26,charge,59.843999999999994,1.43912
26,charge,61.8388,1.44232
26,charge,63.8336,1.44552
26,charge,65.8284,1.44872
26,charge,67.8232,1.4519199999999999
26,charge,69.818,1.45512
26,charge,71.8128,1.4583199999999998
26,charge,73.8076,1.46152
26,charge,75.80239999999999,1.46472
26,charge,77.7972,1.46792
26,charge,79.792,1.47112
26,charge,81.7868,1.4743199999999999
26,charge,83.7816,1.47752
26,charge,85.7764,1.48072
26,charge,87.7712,1.48392
26,charge,89.76599999999999,1.48712
26,charge,91.7608,1.4903199999999999
26,charge,93.7556,1.49352
26,charge,95.75039999999998,1.4967199999999998
26,charge,97.7452,1.49992
26,charge,99.74,1.50312
26,discharge,0.0,1.2443204639999998
26,discharge,1.957856304,1.241920464
26,discharge,3.915712608,1.2395204639999997
26,discharge,5.873568912,1.2371204639999998
26,discharge,7.831425216,1.2347204639999998
26,discharge,9.789281520000001,1.2323204639999998
26,discharge,11.747137824,1.2299204639999999
26,discharge,13.704994128000001,1.2275204639999997
26,discharge,15.662850432,1.2251204639999997
26,discharge,17.620706736,1.2227204639999998
26,discharge,19.578563040000002,1.2203204639999998
26,discharge,21.536419344,1.2179204639999999
26,discharge,23.494275648,1.2155204639999997
26,discharge,25.452131952000002,1.2131204639999997
26,discharge,27.409988256000002,1.2107204639999998
26,discharge,29.367844559999998,1.2083204639999998
26,discharge,31.325700864,1.2059204639999999
26,discharge,33.283557168,1.203520464
26,discharge,35.241413472,1.2011204639999997
26,discharge,37.199269776,1.1987204639999998
26,discharge,39.157126080000005,1.1963204639999998
26,discharge,41.114982384,1.1939204639999998
26,discharge,43.072838688,1.191520464
26,discharge,45.030694992,1.1891204639999997
26,discharge,46.988551296,1.1867204639999998
26,discharge,48.9464076,1.1843204639999998
26,discharge,50.904263904000004,1.1819204639999998
26,discharge,52.86212020800001,1.1795204639999999
26,discharge,54.819976512000004,1.1771204639999997
26,discharge,56.777832816,1.1747204639999997
26,discharge,58.735689119999996,1.1723204639999998
26,discharge,60.693545424,1.1699204639999998
26,discharge,62.651401728,1.1675204639999999
26,discharge,64.609258032,1.1651204639999997
26,discharge,66.567114336,1.1627204639999997
26,discharge,68.52497064,1.1603204639999998
26,discharge,70.482826944,1.1579204639999998
26,discharge,72.440683248,1.1555204639999999
26,discharge,74.398539552,1.153120464
26,discharge,76.356395856,1.1507204639999997
26,discharge,78.31425216000001,1.1483204639999998
26,discharge,80.27210846400001,1.1459204639999998
26,discharge,82.229964768,1.1435204639999998
26,discharge,84.187821072,1.141120464
26,discharge,86.145677376,1.1387204639999997
26,discharge,88.10353368,1.1363204639999998
26,discharge,90.061389984,1.1339204639999998
26,discharge,92.019246288,1.1315204639999998
26,discharge,93.977102592,1.1291204639999999
26,discharge,95.934958896,1.1267204639999997
26,discharge,97.8928152,1.1243204639999997
27,charge,0.0,1.3432399999999998
27,charge,1.9946000000000002,1.3464399999999999
27,charge,3.9892000000000003,1.34964
27,charge,5.9838000000000005,1.3528399999999998
27,charge,7.978400000000001,1.35604
27,charge,9.973,1.3592399999999998
27,charge,11.967600000000001,1.3624399999999999
27,charge,13.962200000000001,1.3656399999999997
27,charge,15.956800000000001,1.3688399999999998
27,charge,17.9514,1.37204
27,charge,19.946,1.3752399999999998
27,charge,21.9406,1.3784399999999999
27,charge,23.935200000000002,1.3816399999999998
27,charge,25.9298,1.3848399999999998
27,charge,27.924400000000002,1.38804
27,charge,29.919,1.3912399999999998
27,charge,31.913600000000002,1.39444
27,charge,33.9082,1.3976399999999998
27,charge,35.9028,1.4008399999999999
27,charge,37.897400000000005,1.4040399999999997
27,charge,39.892,1.4072399999999998
27,charge,41.8866,1.41044
27,charge,43.8812,1.4136399999999998
27,charge,45.875800000000005,1.4168399999999999
27,charge,47.870400000000004,1.4200399999999997
27,charge,49.865,1.4232399999999998
27,charge,51.8596,1.42644
27,charge,53.854200000000006,1.4296399999999998
27,charge,55.848800000000004,1.43284
27,charge,57.843399999999995,1.4360399999999998
27,charge,59.838,1.4392399999999999
27,charge,61.8326,1.44244
27,charge,63.827200000000005,1.4456399999999998
27,charge,65.82180000000001,1.44884
27,charge,67.8164,1.4520399999999998
27,charge,69.811,1.4552399999999999
27,charge,71.8056,1.4584399999999997
27,charge,73.8002,1.4616399999999998
27,charge,75.79480000000001,1.46484
27,charge,77.7894,1.4680399999999998
27,charge,79.784,1.4712399999999999
27,charge,81.77860000000001,1.4744399999999998
27,charge,83.7732,1.4776399999999998
27,charge,85.76780000000001,1.48084
27,charge,87.7624,1.4840399999999998
27,charge,89.757,1.48724
27,charge,91.75160000000001,1.4904399999999998
27,charge,93.74620000000002,1.4936399999999999
27,charge,95.74080000000001,1.4968399999999997
27,charge,97.7354,1.5000399999999998
27,charge,99.73,1.50324
27,discharge,0.0,1.2439933559999998
27,discharge,1.957620116,1.2415933559999999
27,discharge,3.915240232,1.2391933559999997
27,discharge,5.872860348,1.2367933559999997
27,discharge,7.830480464,1.2343933559999998
27,discharge,9.78810058,1.2319933559999998
27,discharge,11.745720696,1.2295933559999999
27,discharge,13.703340812,1.2271933559999997
27,discharge,15.660960928,1.2247933559999997
27,discharge,17.618581044,1.2223933559999998
27,discharge,19.57620116,1.2199933559999998
27,discharge,21.533821276,1.2175933559999998
27,discharge,23.491441392,1.2151933559999997
27,discharge,25.449061508,1.2127933559999997
27,discharge,27.406681624,1.2103933559999998
27,discharge,29.36430174,1.2079933559999998
27,discharge,31.321921856,1.2055933559999998
27,discharge,33.279541972000004,1.2031933559999999
27,discharge,35.237162088,1.2007933559999997
27,discharge,37.194782204,1.1983933559999997
27,discharge,39.15240232,1.1959933559999998
27,discharge,41.110022435999994,1.1935933559999998
27,discharge,43.067642552,1.1911933559999999
27,discharge,45.025262668,1.1887933559999997
27,discharge,46.982882784,1.1863933559999997
27,discharge,48.9405029,1.1839933559999998
27,discharge,50.898123016,1.1815933559999998
27,discharge,52.855743132,1.1791933559999999
27,discharge,54.813363248,1.1767933559999997
27,discharge,56.770983363999996,1.1743933559999997
27,discharge,58.72860348,1.1719933559999998
27,discharge,60.686223596,1.1695933559999998
27,discharge,62.643843712,1.1671933559999998
27,discharge,64.601463828,1.1647933559999997
27,discharge,66.55908394400001,1.1623933559999997
27,discharge,68.51670406000001,1.1599933559999998
27,discharge,70.474324176,1.1575933559999998
27,discharge,72.431944292,1.1551933559999998
27,discharge,74.389564408,1.1527933559999999
27,discharge,76.347184524,1.1503933559999997
27,discharge,78.30480464,1.1479933559999997
27,discharge,80.262424756,1.1455933559999998
27,discharge,82.22004487199999,1.1431933559999998
27,discharge,84.17766498799999,1.1407933559999999
27,discharge,86.135285104,1.1383933559999997
27,discharge,88.09290522,1.1359933559999997
27,discharge,90.050525336,1.1335933559999998
27,discharge,92.00814545200001,1.1311933559999998
27,discharge,93.965765568,1.1287933559999999
27,discharge,95.923385684,1.1263933559999997
27,discharge,97.8810058,1.1239933559999997
28,charge,0.0,1.3433599999999999
28,charge,1.9944,1.34656
28,charge,3.9888,1.3497599999999998
28,charge,5.9832,1.35296
28,charge,7.9776,1.35616
28,charge,9.972000000000001,1.35936
28,charge,11.9664,1.36256
28,charge,13.9608,1.3657599999999999
28,charge,15.9552,1.36896
28,charge,17.9496,1.37216
28,charge,19.944000000000003,1.37536
28,charge,21.9384,1.37856
28,charge,23.9328,1.3817599999999999
28,charge,25.9272,1.38496
28,charge,27.9216,1.38816
28,charge,29.915999999999997,1.39136
28,charge,31.9104,1.39456
28,charge,33.9048,1.39776
28,charge,35.8992,1.40096
28,charge,37.8936,1.4041599999999999
28,charge,39.888000000000005,1.40736
28,charge,41.8824,1.41056
28,charge,43.8768,1.41376
28,charge,45.8712,1.41696
28,charge,47.8656,1.4201599999999999
28,charge,49.86,1.42336
28,charge,51.8544,1.42656
28,charge,53.848800000000004,1.42976
28,charge,55.8432,1.43296
28,charge,57.837599999999995,1.4361599999999999
28,charge,59.831999999999994,1.43936
28,charge,61.8264,1.44256
28,charge,63.8208,1.44576
28,charge,65.8152,1.44896
28,charge,67.8096,1.45216
28,charge,69.804,1.45536
28,charge,71.7984,1.4585599999999999
28,charge,73.7928,1.46176
28,charge,75.7872,1.46496
28,charge,77.7816,1.46816
28,charge,79.77600000000001,1.47136
28,charge,81.77040000000001,1.4745599999999999
28,charge,83.7648,1.47776
28,charge,85.75919999999999,1.48096
28,charge,87.7536,1.48416
28,charge,89.748,1.48736
28,charge,91.7424,1.4905599999999999
28,charge,93.7368,1.49376
28,charge,95.7312,1.49696
28,charge,97.7256,1.50016
28,charge,99.72,1.50336
28,discharge,0.0,1.243666176
28,discharge,1.957383936,1.241266176
28,discharge,3.914767872,1.238866176
28,discharge,5.872151808,1.236466176
28,discharge,7.829535744,1.234066176
28,discharge,9.78691968,1.231666176
28,discharge,11.744303616,1.229266176
28,discharge,13.701687552000001,1.226866176
28,discharge,15.659071488,1.224466176
28,discharge,17.616455423999998,1.222066176
28,discharge,19.57383936,1.219666176
28,discharge,21.531223296,1.217266176
28,discharge,23.488607232,1.214866176
28,discharge,25.445991168,1.212466176
28,discharge,27.403375104000002,1.210066176
28,discharge,29.360759039999998,1.207666176
28,discharge,31.318142976,1.205266176
28,discharge,33.275526912000004,1.2028661760000001
28,discharge,35.232910847999996,1.200466176
28,discharge,37.190294784,1.198066176
28,discharge,39.14767872,1.195666176
28,discharge,41.105062655999994,1.193266176
28,discharge,43.062446592,1.190866176
28,discharge,45.019830528,1.188466176
28,discharge,46.977214464,1.186066176
28,discharge,48.9345984,1.183666176
28,discharge,50.891982336,1.181266176
28,discharge,52.849366272000005,1.178866176
28,discharge,54.806750208000004,1.176466176
28,discharge,56.764134143999996,1.174066176
28,discharge,58.721518079999996,1.171666176
28,discharge,60.678902015999995,1.169266176
28,discharge,62.636285952,1.166866176
28,discharge,64.59366988800001,1.164466176
28,discharge,66.55105382400001,1.162066176
28,discharge,68.50843776,1.159666176
28,discharge,70.46582169599999,1.157266176
28,discharge,72.42320563199999,1.154866176
28,discharge,74.380589568,1.1524661760000001
28,discharge,76.337973504,1.150066176
28,discharge,78.29535744,1.147666176
28,discharge,80.252741376,1.145266176
28,discharge,82.21012531199999,1.142866176
28,discharge,84.167509248,1.140466176
28,discharge,86.124893184,1.138066176
28,discharge,88.08227712,1.135666176
28,discharge,90.039661056,1.133266176
28,discharge,91.997044992,1.130866176
28,discharge,93.954428928,1.128466176
28,discharge,95.911812864,1.126066176
28,discharge,97.8691968,1.123666176
29,charge,0.0,1.3434799999999998
29,charge,1.9942,1.3466799999999999
29,charge,3.9884,1.3498799999999997
29,charge,5.9826,1.3530799999999998
29,charge,7.9768,1.35628
29,charge,9.971,1.3594799999999998
29,charge,11.9652,1.36268
29,charge,13.9594,1.3658799999999998
29,charge,15.9536,1.3690799999999999
29,charge,17.947799999999997,1.37228
29,charge,19.942,1.3754799999999998
29,charge,21.9362,1.37868
29,charge,23.9304,1.3818799999999998
29,charge,25.924599999999998,1.3850799999999999
29,charge,27.9188,1.38828
29,charge,29.912999999999997,1.3914799999999998
29,charge,31.9072,1.39468
29,charge,33.9014,1.3978799999999998
29,charge,35.895599999999995,1.4010799999999999
29,charge,37.8898,1.4042799999999998
29,charge,39.884,1.4074799999999998
29,charge,41.87819999999999,1.41068
29,charge,43.8724,1.4138799999999998
29,charge,45.8666,1.41708
29,charge,47.8608,1.4202799999999998
29,charge,49.855,1.4234799999999999
29,charge,51.849199999999996,1.42668
29,charge,53.8434,1.4298799999999998
29,charge,55.8376,1.43308
29,charge,57.831799999999994,1.4362799999999998
29,charge,59.82599999999999,1.4394799999999999
29,charge,61.82019999999999,1.44268
29,charge,63.8144,1.4458799999999998
29,charge,65.8086,1.44908
29,charge,67.8028,1.4522799999999998
29,charge,69.797,1.4554799999999999
29,charge,71.79119999999999,1.4586799999999998
29,charge,73.7854,1.4618799999999998
29,charge,75.7796,1.46508
29,charge,77.7738,1.4682799999999998
29,charge,79.768,1.47148
29,charge,81.7622,1.4746799999999998
29,charge,83.75639999999999,1.4778799999999999
29,charge,85.75059999999999,1.48108
29,charge,87.7448,1.4842799999999998
29,charge,89.73899999999999,1.48748
29,charge,91.7332,1.4906799999999998
29,charge,93.7274,1.4938799999999999
29,charge,95.7216,1.49708
29,charge,97.71579999999999,1.5002799999999998
29,charge,99.71,1.50348
29,discharge,0.0,1.243338924
29,discharge,1.957147764,1.240938924
29,discharge,3.914295528,1.2385389239999998
29,discharge,5.8714432919999995,1.2361389239999998
29,discharge,7.828591056,1.2337389239999998
29,discharge,9.785738819999999,1.231338924
29,discharge,11.742886583999999,1.228938924
29,discharge,13.700034347999999,1.2265389239999998
29,discharge,15.657182112,1.2241389239999998
29,discharge,17.614329875999996,1.2217389239999998
29,discharge,19.571477639999998,1.2193389239999999
29,discharge,21.528625403999996,1.216938924
29,discharge,23.485773167999998,1.2145389239999997
29,discharge,25.442920931999996,1.2121389239999998
29,discharge,27.400068695999998,1.2097389239999998
29,discharge,29.357216459999997,1.2073389239999999
29,discharge,31.314364224,1.204938924
29,discharge,33.271511988,1.2025389239999997
29,discharge,35.22865975199999,1.2001389239999998
29,discharge,37.185807516,1.1977389239999998
29,discharge,39.142955279999995,1.1953389239999999
29,discharge,41.100103043999994,1.192938924
29,discharge,43.05725080799999,1.190538924
29,discharge,45.014398572,1.1881389239999998
29,discharge,46.971546335999996,1.1857389239999998
29,discharge,48.928694099999994,1.1833389239999998
29,discharge,50.88584186399999,1.180938924
29,discharge,52.842989628,1.178538924
29,discharge,54.800137391999996,1.1761389239999998
29,discharge,56.75728515599999,1.1737389239999998
29,discharge,58.71443291999999,1.1713389239999998
29,discharge,60.67158068399999,1.1689389239999999
29,discharge,62.628728448,1.166538924
29,discharge,64.585876212,1.1641389239999997
29,discharge,66.543023976,1.1617389239999998
29,discharge,68.50017174,1.1593389239999998
29,discharge,70.45731950399998,1.1569389239999999
29,discharge,72.414467268,1.154538924
29,discharge,74.371615032,1.152138924
29,discharge,76.32876279599999,1.1497389239999998
29,discharge,78.28591055999999,1.1473389239999998
29,discharge,80.243058324,1.1449389239999999
29,discharge,82.20020608799999,1.142538924
29,discharge,84.15735385199999,1.140138924
29,discharge,86.11450161599998,1.1377389239999998
29,discharge,88.07164938,1.1353389239999998
29,discharge,90.028797144,1.1329389239999998
29,discharge,91.985944908,1.130538924
29,discharge,93.94309267199999,1.128138924
29,discharge,95.90024043599999,1.1257389239999998
29,discharge,97.85738819999999,1.1233389239999998
30,charge,0.0,1.3436
30,charge,1.994,1.3468
30,charge,3.988,1.35
30,charge,5.982,1.3532
30,charge,7.976,1.3564
30,charge,9.97,1.3596
30,charge,11.964,1.3628
30,charge,13.958000000000002,1.3659999999999999
30,charge,15.952,1.3692
30,charge,17.946,1.3724
30,charge,19.94,1.3756
30,charge,21.934,1.3788
30,charge,23.928,1.382
30,charge,25.922,1.3852
30,charge,27.916000000000004,1.3884
30,charge,29.91,1.3916
30,charge,31.904,1.3948
30,charge,33.898,1.398
30,charge,35.892,1.4012
30,charge,37.886,1.4043999999999999
30,charge,39.88,1.4076
30,charge,41.874,1.4108
30,charge,43.868,1.414
30,charge,45.862,1.4172
30,charge,47.856,1.4203999999999999
30,charge,49.85,1.4236
30,charge,51.844,1.4268
30,charge,53.83800000000001,1.43
30,charge,55.83200000000001,1.4332
30,charge,57.826,1.4364
30,charge,59.82,1.4396
30,charge,61.814,1.4428
30,charge,63.808,1.446
30,charge,65.802,1.4492
30,charge,67.796,1.4524
30,charge,69.79,1.4556
30,charge,71.784,1.4587999999999999
30,charge,73.778,1.462
30,charge,75.772,1.4652
30,charge,77.766,1.4684
30,charge,79.76,1.4716
30,charge,81.754,1.4747999999999999
30,charge,83.748,1.478
30,charge,85.742,1.4812
30,charge,87.736,1.4844
30,charge,89.73,1.4876
30,charge,91.724,1.4908
30,charge,93.718,1.494
30,charge,95.712,1.4971999999999999
30,charge,97.706,1.5004
30,charge,99.7,1.5036
30,discharge,0.0,1.2430116
30,discharge,1.9569116,1.2406116
30,discharge,3.9138232,1.2382115999999999
30,discharge,5.870734799999999,1.2358116
30,discharge,7.8276464,1.2334116
30,discharge,9.784558,1.2310116
30,discharge,11.741469599999999,1.2286116
30,discharge,13.698381200000002,1.2262115999999998
30,discharge,15.6552928,1.2238115999999999
30,discharge,17.6122044,1.2214116
30,discharge,19.569116,1.2190116
30,discharge,21.5260276,1.2166116
30,discharge,23.482939199999997,1.2142115999999998
30,discharge,25.439850800000002,1.2118115999999999
30,discharge,27.396762400000004,1.2094116
30,discharge,29.353673999999998,1.2070116
30,discharge,31.3105856,1.2046116
30,discharge,33.2674972,1.2022116
30,discharge,35.2244088,1.1998115999999999
30,discharge,37.1813204,1.1974116
30,discharge,39.138232,1.1950116
30,discharge,41.0951436,1.1926116
30,discharge,43.0520552,1.1902116
30,discharge,45.0089668,1.1878115999999999
30,discharge,46.965878399999994,1.1854116
30,discharge,48.92279,1.1830116
30,discharge,50.879701600000004,1.1806116
30,discharge,52.8366132,1.1782116
30,discharge,54.79352480000001,1.1758115999999998
30,discharge,56.7504364,1.1734115999999999
30,discharge,58.707347999999996,1.1710116
30,discharge,60.6642596,1.1686116
30,discharge,62.6211712,1.1662116
30,discharge,64.5780828,1.1638115999999998
30,discharge,66.5349944,1.1614115999999999
30,discharge,68.491906,1.1590116
30,discharge,70.4488176,1.1566116
30,discharge,72.4057292,1.1542116
30,discharge,74.3626408,1.1518116
30,discharge,76.3195524,1.1494115999999999
30,discharge,78.276464,1.1470116
30,discharge,80.2333756,1.1446116
30,discharge,82.1902872,1.1422116
30,discharge,84.1471988,1.1398116
30,discharge,86.1041104,1.1374115999999999
30,discharge,88.061022,1.1350116
30,discharge,90.0179336,1.1326116
30,discharge,91.9748452,1.1302116
30,discharge,93.93175679999999,1.1278116
30,discharge,95.8886684,1.1254115999999998
30,discharge,97.84558,1.1230115999999999
31,charge,0.0,1.3437199999999998
31,charge,1.9938,1.34692
31,charge,3.9876,1.35012
31,charge,5.9814,1.3533199999999999
31,charge,7.9752,1.35652
31,charge,9.969000000000001,1.3597199999999998
31,charge,11.9628,1.36292
31,charge,13.956600000000002,1.3661199999999998
31,charge,15.9504,1.3693199999999999
31,charge,17.9442,1.37252
31,charge,19.938000000000002,1.3757199999999998
31,charge,21.9318,1.37892
31,charge,23.9256,1.3821199999999998
31,charge,25.9194,1.3853199999999999
31,charge,27.913200000000003,1.38852
31,charge,29.906999999999996,1.3917199999999998
31,charge,31.9008,1.39492
31,charge,33.894600000000004,1.3981199999999998
31,charge,35.8884,1.40132
31,charge,37.8822,1.4045199999999998
31,charge,39.876000000000005,1.4077199999999999
31,charge,41.8698,1.41092
31,charge,43.8636,1.4141199999999998
31,charge,45.8574,1.41732
31,charge,47.8512,1.4205199999999998
31,charge,49.845,1.4237199999999999
31,charge,51.8388,1.42692
31,charge,53.8326,1.4301199999999998
31,charge,55.82640000000001,1.43332
31,charge,57.82019999999999,1.4365199999999998
31,charge,59.81399999999999,1.4397199999999999
31,charge,61.8078,1.44292
31,charge,63.8016,1.4461199999999999
31,charge,65.7954,1.44932
31,charge,67.78920000000001,1.4525199999999998
31,charge,69.783,1.45572
31,charge,71.7768,1.4589199999999998
31,charge,73.7706,1.4621199999999999
31,charge,75.7644,1.46532
31,charge,77.7582,1.4685199999999998
31,charge,79.75200000000001,1.47172
31,charge,81.7458,1.4749199999999998
31,charge,83.7396,1.4781199999999999
31,charge,85.7334,1.48132
31,charge,87.7272,1.4845199999999998
31,charge,89.721,1.48772
31,charge,91.7148,1.4909199999999998
31,charge,93.7086,1.49412
31,charge,95.7024,1.4973199999999998
31,charge,97.69619999999999,1.5005199999999999
31,charge,99.69,1.50372
31,discharge,0.0,1.242684204
31,discharge,1.956675444,1.240284204
31,discharge,3.913350888,1.2378842039999998
31,discharge,5.870026332,1.2354842039999998
31,discharge,7.826701776,1.2330842039999999
31,discharge,9.78337722,1.230684204
31,discharge,11.740052664,1.228284204
31,discharge,13.696728108,1.2258842039999998
31,discharge,15.653403552,1.2234842039999998
31,discharge,17.610078996,1.2210842039999998
31,discharge,19.56675444,1.2186842039999999
31,discharge,21.523429884,1.216284204
31,discharge,23.480105328,1.2138842039999997
31,discharge,25.436780772,1.2114842039999998
31,discharge,27.393456216,1.2090842039999998
31,discharge,29.35013166,1.2066842039999999
31,discharge,31.306807104,1.204284204
31,discharge,33.263482548,1.2018842039999997
31,discharge,35.220157992,1.1994842039999998
31,discharge,37.176833436,1.1970842039999998
31,discharge,39.13350888,1.1946842039999999
31,discharge,41.090184324,1.192284204
31,discharge,43.046859768,1.189884204
31,discharge,45.003535212,1.1874842039999998
31,discharge,46.960210656,1.1850842039999998
31,discharge,48.9168861,1.1826842039999999
31,discharge,50.873561544,1.180284204
31,discharge,52.830236988,1.177884204
31,discharge,54.786912432,1.1754842039999998
31,discharge,56.74358787599999,1.1730842039999998
31,discharge,58.70026332,1.1706842039999998
31,discharge,60.656938763999996,1.1682842039999999
31,discharge,62.613614208,1.165884204
31,discharge,64.570289652,1.1634842039999997
31,discharge,66.526965096,1.1610842039999998
31,discharge,68.48364054000001,1.1586842039999998
31,discharge,70.440315984,1.1562842039999999
31,discharge,72.39699142799999,1.153884204
31,discharge,74.353666872,1.151484204
31,discharge,76.310342316,1.1490842039999998
31,discharge,78.26701776,1.1466842039999998
31,discharge,80.223693204,1.1442842039999999
31,discharge,82.180368648,1.141884204
31,discharge,84.137044092,1.139484204
31,discharge,86.093719536,1.1370842039999998
31,discharge,88.05039498000001,1.1346842039999998
31,discharge,90.007070424,1.1322842039999998
31,discharge,91.963745868,1.129884204
31,discharge,93.920421312,1.127484204
31,discharge,95.877096756,1.1250842039999998
31,discharge,97.8337722,1.1226842039999998
32,charge,0.0,1.34384
32,charge,1.9936000000000003,1.34704
32,charge,3.9872000000000005,1.3502399999999999
32,charge,5.9808,1.35344
32,charge,7.974400000000001,1.35664
32,charge,9.968000000000002,1.35984
32,charge,11.9616,1.36304
32,charge,13.955200000000003,1.36624
32,charge,15.948800000000002,1.36944
32,charge,17.9424,1.37264
32,charge,19.936000000000003,1.37584
32,charge,21.9296,1.37904
32,charge,23.9232,1.38224
32,charge,25.916800000000002,1.38544
32,charge,27.910400000000006,1.38864
32,charge,29.904,1.39184
32,charge,31.897600000000004,1.39504
32,charge,33.891200000000005,1.39824
32,charge,35.8848,1.40144
32,charge,37.878400000000006,1.4046399999999999
32,charge,39.87200000000001,1.40784
32,charge,41.8656,1.41104
32,charge,43.8592,1.41424
32,charge,45.8528,1.41744
32,charge,47.8464,1.42064
32,charge,49.84,1.42384
32,charge,51.833600000000004,1.42704
32,charge,53.827200000000005,1.43024
32,charge,55.82080000000001,1.43344
32,charge,57.8144,1.43664
32,charge,59.808,1.43984
32,charge,61.8016,1.44304
32,charge,63.79520000000001,1.44624
32,charge,65.78880000000001,1.44944
32,charge,67.78240000000001,1.45264
32,charge,69.77600000000001,1.45584
32,charge,71.7696,1.45904
32,charge,73.7632,1.46224
32,charge,75.75680000000001,1.46544
32,charge,77.75040000000001,1.46864
32,charge,79.74400000000001,1.47184
32,charge,81.73760000000001,1.47504
32,charge,83.7312,1.47824
32,charge,85.7248,1.48144
32,charge,87.7184,1.48464
32,charge,89.712,1.48784
32,charge,91.7056,1.49104
32,charge,93.69920000000002,1.49424
32,charge,95.6928,1.49744
32,charge,97.6864,1.50064
32,charge,99.68,1.50384
32,discharge,0.0,1.2423567359999999
32,discharge,1.956439296,1.239956736
32,discharge,3.912878592,1.2375567359999997
32,discharge,5.869317888,1.2351567359999998
32,discharge,7.825757184,1.2327567359999998
32,discharge,9.782196480000001,1.2303567359999998
32,discharge,11.738635776,1.2279567359999999
32,discharge,13.695075072000002,1.2255567359999997
32,discharge,15.651514368,1.2231567359999997
32,discharge,17.607953664,1.2207567359999998
32,discharge,19.564392960000003,1.2183567359999998
32,discharge,21.520832256000002,1.2159567359999999
32,discharge,23.477271552,1.2135567359999997
32,discharge,25.433710848,1.2111567359999997
32,discharge,27.390150144000003,1.2087567359999998
32,discharge,29.34658944,1.2063567359999998
32,discharge,31.303028736,1.2039567359999999
32,discharge,33.259468032,1.2015567359999997
32,discharge,35.215907328,1.1991567359999997
32,discharge,37.172346624,1.1967567359999998
32,discharge,39.128785920000006,1.1943567359999998
32,discharge,41.085225216,1.1919567359999999
32,discharge,43.041664512000004,1.189556736
32,discharge,44.998103808,1.1871567359999997
32,discharge,46.954543104,1.1847567359999998
32,discharge,48.9109824,1.1823567359999998
32,discharge,50.867421696,1.1799567359999998
32,discharge,52.82386099200001,1.1775567359999999
32,discharge,54.78030028800001,1.1751567359999997
32,discharge,56.736739584,1.1727567359999997
32,discharge,58.69317888,1.1703567359999998
32,discharge,60.649618176000004,1.1679567359999998
32,discharge,62.606057472,1.1655567359999999
32,discharge,64.562496768,1.1631567359999997
32,discharge,66.518936064,1.1607567359999997
32,discharge,68.47537536000002,1.1583567359999998
32,discharge,70.431814656,1.1559567359999998
32,discharge,72.388253952,1.1535567359999999
32,discharge,74.344693248,1.151156736
32,discharge,76.30113254400001,1.1487567359999997
32,discharge,78.25757184000001,1.1463567359999998
32,discharge,80.21401113600001,1.1439567359999998
32,discharge,82.170450432,1.1415567359999998
32,discharge,84.126889728,1.139156736
32,discharge,86.08332902400001,1.1367567359999997
32,discharge,88.03976832000001,1.1343567359999998
32,discharge,89.996207616,1.1319567359999998
32,discharge,91.952646912,1.1295567359999998
32,discharge,93.909086208,1.1271567359999999
32,discharge,95.865525504,1.1247567359999997
32,discharge,97.8219648,1.1223567359999997
33,charge,0.0,1.3439599999999998
33,charge,1.9934,1.34716
33,charge,3.9868,1.3503599999999998
33,charge,5.9802,1.3535599999999999
33,charge,7.9736,1.35676
33,charge,9.967,1.3599599999999998
33,charge,11.9604,1.36316
33,charge,13.953800000000001,1.3663599999999998
33,charge,15.9472,1.3695599999999999
33,charge,17.9406,1.37276
33,charge,19.934,1.3759599999999998
33,charge,21.927400000000002,1.37916
33,charge,23.9208,1.3823599999999998
33,charge,25.9142,1.38556
33,charge,27.907600000000002,1.38876
33,charge,29.901,1.3919599999999999
33,charge,31.8944,1.39516
33,charge,33.887800000000006,1.3983599999999998
33,charge,35.8812,1.40156
33,charge,37.8746,1.4047599999999998
33,charge,39.868,1.4079599999999999
33,charge,41.861399999999996,1.41116
33,charge,43.854800000000004,1.4143599999999998
33,charge,45.848200000000006,1.41756
33,charge,47.8416,1.4207599999999998
33,charge,49.835,1.42396
33,charge,51.8284,1.42716
33,charge,53.8218,1.4303599999999999
33,charge,55.815200000000004,1.43356
33,charge,57.8086,1.4367599999999998
33,charge,59.802,1.43996
33,charge,61.7954,1.44316
33,charge,63.7888,1.4463599999999999
33,charge,65.7822,1.44956
33,charge,67.77560000000001,1.4527599999999998
33,charge,69.769,1.45596
33,charge,71.7624,1.4591599999999998
33,charge,73.7558,1.4623599999999999
33,charge,75.7492,1.46556
33,charge,77.74260000000001,1.4687599999999998
33,charge,79.736,1.47196
33,charge,81.72940000000001,1.4751599999999998
33,charge,83.72279999999999,1.47836
33,charge,85.7162,1.48156
33,charge,87.70960000000001,1.4847599999999999
33,charge,89.703,1.48796
33,charge,91.69640000000001,1.4911599999999998
33,charge,93.6898,1.49436
33,charge,95.6832,1.49756
33,charge,97.6766,1.5007599999999999
33,charge,99.67,1.50396
33,discharge,0.0,1.2420291959999998
33,discharge,1.956203156,1.2396291959999999
33,discharge,3.912406312,1.2372291959999997
33,discharge,5.868609468,1.2348291959999997
33,discharge,7.824812624,1.2324291959999998
33,discharge,9.78101578,1.2300291959999998
33,discharge,11.737218936,1.2276291959999999
33,discharge,13.693422092,1.2252291959999997
33,discharge,15.649625248,1.2228291959999997
33,discharge,17.605828404,1.2204291959999998
33,discharge,19.56203156,1.2180291959999998
33,discharge,21.518234716,1.2156291959999999
33,discharge,23.474437872,1.2132291959999997
33,discharge,25.430641028,1.2108291959999997
33,discharge,27.386844184,1.2084291959999998
33,discharge,29.34304734,1.2060291959999998
33,discharge,31.299250496,1.2036291959999998
33,discharge,33.255453652,1.2012291959999999
33,discharge,35.211656808,1.1988291959999997
33,discharge,37.167859964,1.1964291959999998
33,discharge,39.12406312,1.1940291959999998
33,discharge,41.080266275999996,1.1916291959999998
33,discharge,43.036469432,1.1892291959999999
33,discharge,44.992672588000005,1.1868291959999997
33,discharge,46.948875744,1.1844291959999997
33,discharge,48.9050789,1.1820291959999998
33,discharge,50.861282056,1.1796291959999998
33,discharge,52.817485212,1.1772291959999999
33,discharge,54.773688368,1.1748291959999997
33,discharge,56.729891523999996,1.1724291959999997
33,discharge,58.68609468,1.1700291959999998
33,discharge,60.642297836,1.1676291959999998
33,discharge,62.598500992,1.1652291959999999
33,discharge,64.554704148,1.1628291959999997
33,discharge,66.510907304,1.1604291959999997
33,discharge,68.46711046,1.1580291959999998
33,discharge,70.423313616,1.1556291959999998
33,discharge,72.379516772,1.1532291959999998
33,discharge,74.335719928,1.1508291959999999
33,discharge,76.291923084,1.1484291959999997
33,discharge,78.24812624,1.1460291959999998
33,discharge,80.204329396,1.1436291959999998
33,discharge,82.16053255199999,1.1412291959999998
33,discharge,84.116735708,1.1388291959999999
33,discharge,86.072938864,1.1364291959999997
33,discharge,88.02914202,1.1340291959999997
33,discharge,89.98534517600001,1.1316291959999998
33,discharge,91.94154833200001,1.1292291959999998
33,discharge,93.897751488,1.1268291959999999
33,discharge,95.853954644,1.1244291959999997
33,discharge,97.8101578,1.1220291959999997
34,charge,0.0,1.34408
34,charge,1.9932,1.34728
34,charge,3.9864,1.3504800000000001
34,charge,5.9796,1.35368
34,charge,7.9728,1.35688
34,charge,9.966000000000001,1.36008
34,charge,11.9592,1.36328
34,charge,13.9524,1.36648
34,charge,15.9456,1.36968
34,charge,17.938799999999997,1.37288
34,charge,19.932000000000002,1.37608
34,charge,21.9252,1.37928
34,charge,23.9184,1.38248
34,charge,25.9116,1.38568
34,charge,27.9048,1.3888800000000001
34,charge,29.897999999999996,1.39208
34,charge,31.8912,1.39528
34,charge,33.8844,1.39848
34,charge,35.877599999999994,1.40168
34,charge,37.8708,1.40488
34,charge,39.864000000000004,1.40808
34,charge,41.8572,1.41128
34,charge,43.8504,1.41448
34,charge,45.8436,1.41768
34,charge,47.8368,1.42088
34,charge,49.83,1.42408
34,charge,51.8232,1.42728
34,charge,53.8164,1.43048
34,charge,55.8096,1.43368
34,charge,57.80279999999999,1.43688
34,charge,59.79599999999999,1.44008
34,charge,61.789199999999994,1.4432800000000001
34,charge,63.7824,1.44648
34,charge,65.7756,1.44968
34,charge,67.7688,1.45288
34,charge,69.762,1.45608
34,charge,71.75519999999999,1.45928
34,charge,73.74839999999999,1.46248
34,charge,75.7416,1.46568
34,charge,77.7348,1.46888
34,charge,79.72800000000001,1.47208
34,charge,81.72120000000001,1.47528
34,charge,83.7144,1.47848
34,charge,85.7076,1.48168
34,charge,87.7008,1.48488
34,charge,89.694,1.48808
34,charge,91.6872,1.49128
34,charge,93.6804,1.49448
34,charge,95.6736,1.49768
34,charge,97.6668,1.50088
34,charge,99.66,1.50408
34,discharge,0.0,1.241701584
34,discharge,1.955967024,1.2393015840000001
34,discharge,3.911934048,1.236901584
34,discharge,5.8679010719999996,1.234501584
34,discharge,7.823868096,1.232101584
34,discharge,9.779835120000001,1.229701584
34,discharge,11.735802143999999,1.2273015840000001
34,discharge,13.691769168,1.224901584
34,discharge,15.647736192,1.222501584
34,discharge,17.603703216,1.220101584
34,discharge,19.559670240000003,1.217701584
34,discharge,21.515637264,1.215301584
34,discharge,23.471604287999998,1.212901584
34,discharge,25.427571312,1.210501584
34,discharge,27.383538336,1.208101584
34,discharge,29.339505359999997,1.205701584
34,discharge,31.295472384,1.203301584
34,discharge,33.251439408,1.200901584
34,discharge,35.207406432,1.198501584
34,discharge,37.163373456,1.196101584
34,discharge,39.119340480000005,1.193701584
34,discharge,41.075307504,1.191301584
34,discharge,43.031274528,1.1889015840000001
34,discharge,44.987241552,1.186501584
34,discharge,46.943208575999996,1.184101584
34,discharge,48.8991756,1.181701584
34,discharge,50.855142624,1.179301584
34,discharge,52.811109648000006,1.1769015840000001
34,discharge,54.767076672,1.174501584
34,discharge,56.723043696,1.172101584
34,discharge,58.679010719999994,1.169701584
34,discharge,60.634977744,1.167301584
34,discharge,62.590944768,1.164901584
34,discharge,64.546911792,1.162501584
34,discharge,66.502878816,1.160101584
34,discharge,68.45884584000001,1.157701584
34,discharge,70.414812864,1.155301584
34,discharge,72.370779888,1.152901584
34,discharge,74.326746912,1.1505015840000001
34,discharge,76.28271393600001,1.148101584
34,discharge,78.23868096000001,1.145701584
34,discharge,80.194647984,1.143301584
34,discharge,82.150615008,1.140901584
34,discharge,84.10658203199999,1.1385015840000001
34,discharge,86.062549056,1.136101584
34,discharge,88.01851608,1.133701584
34,discharge,89.974483104,1.131301584
34,discharge,91.930450128,1.128901584
34,discharge,93.88641715199999,1.1265015840000001
34,discharge,95.842384176,1.124101584
34,discharge,97.7983512,1.121701584
35,charge,0.0,1.3441999999999998
35,charge,1.993,1.3474
35,charge,3.986,1.3506
35,charge,5.979,1.3538
35,charge,7.972,1.357
35,charge,9.965000000000002,1.3601999999999999
35,charge,11.958,1.3634
35,charge,13.951000000000002,1.3665999999999998
35,charge,15.944,1.3698
35,charge,17.937,1.373
35,charge,19.930000000000003,1.3761999999999999
35,charge,21.923000000000002,1.3794
35,charge,23.916,1.3825999999999998
35,charge,25.909000000000002,1.3858
35,charge,27.902000000000005,1.389
35,charge,29.895,1.3921999999999999
35,charge,31.888,1.3954
35,charge,33.88100000000001,1.3985999999999998
35,charge,35.874,1.4018
35,charge,37.867000000000004,1.4049999999999998
35,charge,39.86000000000001,1.4082
35,charge,41.853,1.4114
35,charge,43.846000000000004,1.4145999999999999
35,charge,45.839000000000006,1.4178
35,charge,47.832,1.4209999999999998
35,charge,49.825,1.4242
35,charge,51.818000000000005,1.4274
35,charge,53.81100000000001,1.4305999999999999
35,charge,55.80400000000001,1.4338
35,charge,57.797,1.4369999999999998
35,charge,59.79,1.4402
35,charge,61.783,1.4434
35,charge,63.776,1.4465999999999999
35,charge,65.769,1.4498
35,charge,67.76200000000001,1.4529999999999998
35,charge,69.75500000000001,1.4562
35,charge,71.748,1.4593999999999998
35,charge,73.741,1.4626
35,charge,75.73400000000001,1.4658
35,charge,77.727,1.4689999999999999
35,charge,79.72000000000001,1.4722
35,charge,81.71300000000001,1.4753999999999998
35,charge,83.706,1.4786
35,charge,85.699,1.4818
35,charge,87.69200000000001,1.4849999999999999
35,charge,89.685,1.4882
35,charge,91.67800000000001,1.4913999999999998
35,charge,93.671,1.4946
35,charge,95.664,1.4977999999999998
35,charge,97.65700000000001,1.501
35,charge,99.65,1.5042
35,discharge,0.0,1.2413739
35,discharge,1.9557309,1.2389739
35,discharge,3.9114618,1.2365738999999998
35,discharge,5.8671927,1.2341738999999998
35,discharge,7.8229236,1.2317738999999999
35,discharge,9.778654500000002,1.2293739
35,discharge,11.7343854,1.2269739
35,discharge,13.690116300000001,1.2245738999999998
35,discharge,15.6458472,1.2221738999999998
35,discharge,17.6015781,1.2197738999999999
35,discharge,19.557309000000004,1.2173739
35,discharge,21.513039900000003,1.2149739
35,discharge,23.4687708,1.2125738999999998
35,discharge,25.4245017,1.2101738999999998
35,discharge,27.380232600000003,1.2077738999999998
35,discharge,29.3359635,1.2053738999999999
35,discharge,31.2916944,1.2029739
35,discharge,33.2474253,1.2005738999999997
35,discharge,35.2031562,1.1981738999999998
35,discharge,37.1588871,1.1957738999999998
35,discharge,39.11461800000001,1.1933738999999999
35,discharge,41.0703489,1.1909739
35,discharge,43.026079800000005,1.1885739
35,discharge,44.981810700000004,1.1861738999999998
35,discharge,46.9375416,1.1837738999999998
35,discharge,48.8932725,1.1813738999999999
35,discharge,50.8490034,1.1789739
35,discharge,52.80473430000001,1.1765739
35,discharge,54.760465200000006,1.1741738999999998
35,discharge,56.7161961,1.1717738999999998
35,discharge,58.671927,1.1693738999999999
35,discharge,60.6276579,1.1669739
35,discharge,62.5833888,1.1645739
35,discharge,64.5391197,1.1621738999999998
35,discharge,66.4948506,1.1597738999999998
35,discharge,68.45058150000001,1.1573738999999998
35,discharge,70.4063124,1.1549738999999999
35,discharge,72.3620433,1.1525739
35,discharge,74.3177742,1.1501739
35,discharge,76.27350510000001,1.1477738999999998
35,discharge,78.22923600000001,1.1453738999999998
35,discharge,80.1849669,1.1429738999999999
35,discharge,82.1406978,1.1405739
35,discharge,84.0964287,1.1381739
35,discharge,86.05215960000001,1.1357738999999998
35,discharge,88.0078905,1.1333738999999998
35,discharge,89.96362140000001,1.1309738999999999
35,discharge,91.91935230000001,1.1285739
35,discharge,93.8750832,1.1261739
35,discharge,95.8308141,1.1237738999999998
35,discharge,97.786545,1.1213738999999998
36,charge,0.0,1.34432
36,charge,1.9928000000000001,1.34752
36,charge,3.9856000000000003,1.35072
36,charge,5.9784,1.35392
36,charge,7.9712000000000005,1.35712
36,charge,9.964,1.36032
36,charge,11.9568,1.36352
36,charge,13.949600000000002,1.36672
36,charge,15.942400000000001,1.36992
36,charge,17.9352,1.3731200000000001
36,charge,19.928,1.37632
36,charge,21.9208,1.37952
36,charge,23.9136,1.38272
36,charge,25.9064,1.38592
36,charge,27.899200000000004,1.3891200000000001
36,charge,29.892,1.39232
36,charge,31.884800000000002,1.39552
36,charge,33.8776,1.39872
36,charge,35.8704,1.40192
36,charge,37.8632,1.40512
36,charge,39.856,1.40832
36,charge,41.8488,1.41152
36,charge,43.8416,1.41472
36,charge,45.8344,1.41792
36,charge,47.8272,1.42112
36,charge,49.82,1.42432
36,charge,51.8128,1.4275200000000001
36,charge,53.805600000000005,1.43072
36,charge,55.79840000000001,1.43392
36,charge,57.791199999999996,1.43712
36,charge,59.784,1.44032
36,charge,61.7768,1.4435200000000001
36,charge,63.769600000000004,1.44672
36,charge,65.7624,1.44992
36,charge,67.7552,1.45312
36,charge,69.748,1.45632
36,charge,71.7408,1.45952
36,charge,73.7336,1.46272
36,charge,75.7264,1.4659200000000001
36,charge,77.7192,1.46912
36,charge,79.712,1.47232
36,charge,81.7048,1.47552
36,charge,83.6976,1.47872
36,charge,85.6904,1.4819200000000001
36,charge,87.6832,1.48512
36,charge,89.676,1.48832
36,charge,91.6688,1.49152
36,charge,93.6616,1.49472
36,charge,95.6544,1.4979200000000001
36,charge,97.6472,1.50112
36,charge,99.64,1.50432
36,discharge,0.0,1.241046144
36,discharge,1.955494784,1.238646144
36,discharge,3.910989568,1.2362461439999999
36,discharge,5.866484352,1.233846144
36,discharge,7.821979136,1.231446144
36,discharge,9.77747392,1.229046144
36,discharge,11.732968704,1.226646144
36,discharge,13.688463488000002,1.2242461439999999
36,discharge,15.643958272,1.221846144
36,discharge,17.599453055999998,1.219446144
36,discharge,19.55494784,1.217046144
36,discharge,21.510442624,1.214646144
36,discharge,23.465937408,1.2122461439999999
36,discharge,25.421432192,1.209846144
36,discharge,27.376926976000004,1.207446144
36,discharge,29.33242176,1.205046144
36,discharge,31.287916544,1.202646144
36,discharge,33.243411328,1.2002461439999998
36,discharge,35.198906111999996,1.197846144
36,discharge,37.154400896,1.195446144
36,discharge,39.10989568,1.193046144
36,discharge,41.065390464,1.190646144
36,discharge,43.020885248,1.188246144
36,discharge,44.976380032,1.1858461439999999
36,discharge,46.931874816,1.183446144
36,discharge,48.8873696,1.181046144
36,discharge,50.842864384,1.178646144
36,discharge,52.798359168000005,1.176246144
36,discharge,54.75385395200001,1.1738461439999999
36,discharge,56.709348735999995,1.171446144
36,discharge,58.66484352,1.169046144
36,discharge,60.620338304,1.166646144
36,discharge,62.575833088,1.164246144
36,discharge,64.531327872,1.1618461439999999
36,discharge,66.486822656,1.159446144
36,discharge,68.44231744000001,1.157046144
36,discharge,70.39781222399999,1.154646144
36,discharge,72.353307008,1.152246144
36,discharge,74.308801792,1.149846144
36,discharge,76.264296576,1.147446144
36,discharge,78.21979136,1.145046144
36,discharge,80.17528614400001,1.142646144
36,discharge,82.130780928,1.140246144
36,discharge,84.086275712,1.137846144
36,discharge,86.041770496,1.1354461439999999
36,discharge,87.99726528000001,1.133046144
36,discharge,89.952760064,1.130646144
36,discharge,91.908254848,1.128246144
36,discharge,93.863749632,1.125846144
36,discharge,95.819244416,1.1234461439999999
36,discharge,97.7747392,1.121046144
37,charge,0.0,1.3444399999999999
37,charge,1.9926,1.34764
37,charge,3.9852,1.3508399999999998
37,charge,5.977799999999999,1.35404
37,charge,7.9704,1.35724
37,charge,9.963000000000001,1.3604399999999999
37,charge,11.955599999999999,1.36364
37,charge,13.9482,1.3668399999999998
37,charge,15.9408,1.37004
37,charge,17.9334,1.37324
37,charge,19.926000000000002,1.3764399999999999
37,charge,21.918599999999998,1.37964
37,charge,23.911199999999997,1.3828399999999998
37,charge,25.9038,1.38604
37,charge,27.8964,1.38924
37,charge,29.888999999999996,1.39244
37,charge,31.8816,1.39564
37,charge,33.8742,1.3988399999999999
37,charge,35.8668,1.40204
37,charge,37.8594,1.4052399999999998
37,charge,39.852000000000004,1.40844
37,charge,41.8446,1.41164
37,charge,43.837199999999996,1.4148399999999999
37,charge,45.8298,1.41804
37,charge,47.822399999999995,1.4212399999999998
37,charge,49.815,1.42444
37,charge,51.8076,1.42764
37,charge,53.800200000000004,1.43084
37,charge,55.7928,1.43404
37,charge,57.785399999999996,1.4372399999999999
37,charge,59.77799999999999,1.44044
37,charge,61.770599999999995,1.44364
37,charge,63.7632,1.44684
37,charge,65.7558,1.45004
37,charge,67.7484,1.4532399999999999
37,charge,69.741,1.45644
37,charge,71.7336,1.4596399999999998
37,charge,73.72619999999999,1.46284
37,charge,75.7188,1.46604
37,charge,77.7114,1.4692399999999999
37,charge,79.70400000000001,1.47244
37,charge,81.6966,1.4756399999999998
37,charge,83.6892,1.47884
37,charge,85.6818,1.48204
37,charge,87.67439999999999,1.48524
37,charge,89.667,1.48844
37,charge,91.6596,1.4916399999999999
37,charge,93.65220000000001,1.49484
37,charge,95.64479999999999,1.49804
37,charge,97.6374,1.50124
37,charge,99.63,1.50444
37,discharge,0.0,1.240718316
37,discharge,1.955258676,1.238318316
37,discharge,3.910517352,1.2359183159999998
37,discharge,5.865776028,1.2335183159999998
37,discharge,7.821034704,1.2311183159999999
37,discharge,9.77629338,1.228718316
37,discharge,11.731552056,1.226318316
37,discharge,13.686810732000001,1.2239183159999998
37,discharge,15.642069408,1.2215183159999998
37,discharge,17.597328084,1.2191183159999999
37,discharge,19.55258676,1.216718316
37,discharge,21.507845436,1.214318316
37,discharge,23.463104112,1.2119183159999998
37,discharge,25.418362788,1.2095183159999998
37,discharge,27.373621464000003,1.2071183159999999
37,discharge,29.32888014,1.204718316
37,discharge,31.284138816,1.202318316
37,discharge,33.239397492,1.1999183159999998
37,discharge,35.194656168,1.1975183159999998
37,discharge,37.149914844,1.1951183159999998
37,discharge,39.10517352,1.192718316
37,discharge,41.060432196,1.190318316
37,discharge,43.015690872,1.187918316
37,discharge,44.970949548,1.1855183159999998
37,discharge,46.926208224,1.1831183159999998
37,discharge,48.8814669,1.1807183159999999
37,discharge,50.836725576,1.178318316
37,discharge,52.791984252000006,1.175918316
37,discharge,54.747242928000006,1.1735183159999998
37,discharge,56.702501604,1.1711183159999998
37,discharge,58.65776028,1.1687183159999999
37,discharge,60.613018956,1.166318316
37,discharge,62.568277632,1.163918316
37,discharge,64.523536308,1.1615183159999998
37,discharge,66.478794984,1.1591183159999998
37,discharge,68.43405366,1.1567183159999999
37,discharge,70.389312336,1.154318316
37,discharge,72.344571012,1.151918316
37,discharge,74.299829688,1.149518316
37,discharge,76.255088364,1.1471183159999998
37,discharge,78.21034704,1.1447183159999998
37,discharge,80.165605716,1.142318316
37,discharge,82.120864392,1.139918316
37,discharge,84.076123068,1.137518316
37,discharge,86.031381744,1.1351183159999998
37,discharge,87.98664042,1.1327183159999998
37,discharge,89.941899096,1.1303183159999999
37,discharge,91.897157772,1.127918316
37,discharge,93.852416448,1.125518316
37,discharge,95.807675124,1.1231183159999998
37,discharge,97.7629338,1.1207183159999998
38,charge,0.0,1.3445599999999998
38,charge,1.9924000000000002,1.3477599999999998
38,charge,3.9848000000000003,1.3509599999999997
38,charge,5.9772,1.3541599999999998
38,charge,7.969600000000001,1.35736
38,charge,9.962000000000002,1.3605599999999998
38,charge,11.9544,1.3637599999999999
38,charge,13.946800000000001,1.3669599999999997
38,charge,15.939200000000001,1.3701599999999998
38,charge,17.9316,1.37336
38,charge,19.924000000000003,1.3765599999999998
38,charge,21.9164,1.3797599999999999
38,charge,23.9088,1.3829599999999997
38,charge,25.901200000000003,1.3861599999999998
38,charge,27.893600000000003,1.38936
38,charge,29.886,1.3925599999999998
38,charge,31.878400000000003,1.39576
38,charge,33.8708,1.3989599999999998
38,charge,35.8632,1.4021599999999999
38,charge,37.8556,1.4053599999999997
38,charge,39.848000000000006,1.4085599999999998
38,charge,41.8404,1.41176
38,charge,43.8328,1.4149599999999998
38,charge,45.8252,1.4181599999999999
38,charge,47.8176,1.4213599999999997
38,charge,49.81,1.4245599999999998
38,charge,51.802400000000006,1.42776
38,charge,53.79480000000001,1.4309599999999998
38,charge,55.787200000000006,1.4341599999999999
38,charge,57.7796,1.4373599999999997
38,charge,59.772,1.4405599999999998
38,charge,61.7644,1.44376
38,charge,63.756800000000005,1.4469599999999998
38,charge,65.7492,1.45016
38,charge,67.7416,1.4533599999999998
38,charge,69.73400000000001,1.4565599999999999
38,charge,71.7264,1.4597599999999997
38,charge,73.7188,1.4629599999999998
38,charge,75.7112,1.46616
38,charge,77.70360000000001,1.4693599999999998
38,charge,79.69600000000001,1.4725599999999999
38,charge,81.68840000000002,1.4757599999999997
38,charge,83.6808,1.4789599999999998
38,charge,85.67320000000001,1.48216
38,charge,87.6656,1.4853599999999998
38,charge,89.658,1.4885599999999999
38,charge,91.6504,1.4917599999999998
38,charge,93.64280000000001,1.4949599999999998
38,charge,95.6352,1.49816
38,charge,97.6276,1.5013599999999998
38,charge,99.62,1.50456
38,discharge,0.0,1.2403904159999999
38,discharge,1.9550225760000002,1.237990416
38,discharge,3.9100451520000004,1.2355904159999997
38,discharge,5.865067728,1.2331904159999998
38,discharge,7.820090304000001,1.2307904159999998
38,discharge,9.775112880000002,1.2283904159999999
38,discharge,11.730135456,1.225990416
38,discharge,13.685158032000002,1.2235904159999997
38,discharge,15.640180608000001,1.2211904159999998
38,discharge,17.595203184,1.2187904159999998
38,discharge,19.550225760000004,1.2163904159999999
38,discharge,21.505248336,1.213990416
38,discharge,23.460270912,1.2115904159999997
38,discharge,25.415293488000003,1.2091904159999998
38,discharge,27.370316064000004,1.2067904159999998
38,discharge,29.32533864,1.2043904159999999
38,discharge,31.280361216000003,1.201990416
38,discharge,33.235383792,1.199590416
38,discharge,35.190406368,1.1971904159999998
38,discharge,37.145428944,1.1947904159999998
38,discharge,39.10045152000001,1.1923904159999998
38,discharge,41.055474096,1.1899904159999999
38,discharge,43.010496672,1.187590416
38,discharge,44.96551924800001,1.1851904159999997
38,discharge,46.920541824,1.1827904159999998
38,discharge,48.8755644,1.1803904159999998
38,discharge,50.830586976000006,1.1779904159999999
38,discharge,52.785609552000004,1.175590416
38,discharge,54.74063212800001,1.1731904159999997
38,discharge,56.695654704,1.1707904159999998
38,discharge,58.65067728,1.1683904159999998
38,discharge,60.605699856,1.1659904159999999
38,discharge,62.560722432000006,1.163590416
38,discharge,64.51574500800001,1.1611904159999997
38,discharge,66.470767584,1.1587904159999998
38,discharge,68.42579016,1.1563904159999998
38,discharge,70.380812736,1.1539904159999999
38,discharge,72.335835312,1.151590416
38,discharge,74.290857888,1.149190416
38,discharge,76.24588046400001,1.1467904159999998
38,discharge,78.20090304000001,1.1443904159999998
38,discharge,80.155925616,1.1419904159999998
38,discharge,82.110948192,1.1395904159999999
38,discharge,84.065970768,1.137190416
38,discharge,86.020993344,1.1347904159999997
38,discharge,87.97601592000001,1.1323904159999998
38,discharge,89.93103849600001,1.1299904159999998
38,discharge,91.886061072,1.1275904159999999
38,discharge,93.841083648,1.125190416
38,discharge,95.796106224,1.1227904159999997
38,discharge,97.7511288,1.1203904159999998
39,charge,0.0,1.3446799999999999
39,charge,1.9922,1.34788
39,charge,3.9844,1.35108
39,charge,5.9765999999999995,1.35428
39,charge,7.9688,1.35748
39,charge,9.961,1.36068
39,charge,11.953199999999999,1.36388
39,charge,13.945400000000001,1.3670799999999999
39,charge,15.9376,1.37028
39,charge,17.9298,1.37348
39,charge,19.922,1.37668
39,charge,21.9142,1.37988
39,charge,23.906399999999998,1.3830799999999999
39,charge,25.898600000000002,1.38628
39,charge,27.890800000000002,1.38948
39,charge,29.883,1.39268
39,charge,31.8752,1.39588
39,charge,33.8674,1.3990799999999999
39,charge,35.8596,1.40228
39,charge,37.8518,1.4054799999999998
39,charge,39.844,1.40868
39,charge,41.8362,1.41188
39,charge,43.8284,1.41508
39,charge,45.8206,1.41828
39,charge,47.812799999999996,1.4214799999999999
39,charge,49.805,1.42468
39,charge,51.797200000000004,1.42788
39,charge,53.7894,1.43108
39,charge,55.781600000000005,1.43428
39,charge,57.773799999999994,1.4374799999999999
39,charge,59.766,1.44068
39,charge,61.7582,1.44388
39,charge,63.7504,1.44708
39,charge,65.7426,1.45028
39,charge,67.7348,1.4534799999999999
39,charge,69.727,1.45668
39,charge,71.7192,1.4598799999999998
39,charge,73.7114,1.46308
39,charge,75.7036,1.46628
39,charge,77.6958,1.46948
39,charge,79.688,1.47268
39,charge,81.6802,1.4758799999999999
39,charge,83.6724,1.47908
39,charge,85.6646,1.48228
39,charge,87.6568,1.48548
39,charge,89.649,1.48868
39,charge,91.6412,1.4918799999999999
39,charge,93.63340000000001,1.49508
39,charge,95.62559999999999,1.4982799999999998
39,charge,97.6178,1.50148
39,charge,99.61,1.50468
39,discharge,0.0,1.2400624439999999
39,discharge,1.954786484,1.237662444
39,discharge,3.909572968,1.2352624439999997
39,discharge,5.8643594519999995,1.2328624439999998
39,discharge,7.819145936,1.2304624439999998
39,discharge,9.773932420000001,1.2280624439999999
39,discharge,11.728718903999999,1.225662444
39,discharge,13.683505388,1.2232624439999997
39,discharge,15.638291872,1.2208624439999998
39,discharge,17.593078356,1.2184624439999998
39,discharge,19.547864840000003,1.2160624439999999
39,discharge,21.502651324,1.213662444
39,discharge,23.457437807999998,1.2112624439999997
39,discharge,25.412224292,1.2088624439999998
39,discharge,27.367010776,1.2064624439999998
39,discharge,29.321797259999997,1.2040624439999998
39,discharge,31.276583744,1.2016624439999999
39,discharge,33.231370228,1.199262444
39,discharge,35.186156712,1.1968624439999997
39,discharge,37.140943196,1.1944624439999998
39,discharge,39.095729680000005,1.1920624439999998
39,discharge,41.050516164,1.1896624439999999
39,discharge,43.005302648,1.187262444
39,discharge,44.960089132,1.1848624439999997
39,discharge,46.914875615999996,1.1824624439999998
39,discharge,48.8696621,1.1800624439999998
39,discharge,50.824448584,1.1776624439999999
39,discharge,52.779235068000006,1.175262444
39,discharge,54.734021552,1.1728624439999997
39,discharge,56.688808036,1.1704624439999998
39,discharge,58.64359451999999,1.1680624439999998
39,discharge,60.598381004,1.1656624439999999
39,discharge,62.553167488,1.163262444
39,discharge,64.507953972,1.1608624439999997
39,discharge,66.462740456,1.1584624439999998
39,discharge,68.41752694,1.1560624439999998
39,discharge,70.372313424,1.1536624439999998
39,discharge,72.327099908,1.1512624439999999
39,discharge,74.281886392,1.148862444
39,discharge,76.236672876,1.1464624439999997
39,discharge,78.19145936000001,1.1440624439999998
39,discharge,80.146245844,1.1416624439999998
39,discharge,82.101032328,1.1392624439999999
39,discharge,84.055818812,1.136862444
39,discharge,86.010605296,1.1344624439999997
39,discharge,87.96539178,1.1320624439999998
39,discharge,89.920178264,1.1296624439999998
39,discharge,91.87496474800001,1.1272624439999999
39,discharge,93.82975123199999,1.124862444
39,discharge,95.784537716,1.1224624439999997
39,discharge,97.7393242,1.1200624439999998
40,charge,0.0,1.3447999999999998
40,charge,1.992,1.3479999999999999
40,charge,3.984,1.3512
40,charge,5.975999999999999,1.3543999999999998
40,charge,7.968,1.3576
40,charge,9.96,1.3607999999999998
40,charge,11.951999999999998,1.3639999999999999
40,charge,13.944,1.3671999999999997
40,charge,15.936,1.3703999999999998
40,charge,17.927999999999997,1.3736
40,charge,19.92,1.3767999999999998
40,charge,21.912,1.38
40,charge,23.903999999999996,1.3831999999999998
40,charge,25.896,1.3863999999999999
40,charge,27.888,1.3896
40,charge,29.879999999999995,1.3927999999999998
40,charge,31.872,1.396
40,charge,33.864,1.3991999999999998
40,charge,35.855999999999995,1.4023999999999999
40,charge,37.848,1.4055999999999997
40,charge,39.84,1.4087999999999998
40,charge,41.831999999999994,1.412
40,charge,43.824,1.4151999999999998
40,charge,45.816,1.4183999999999999
40,charge,47.80799999999999,1.4215999999999998
40,charge,49.8,1.4247999999999998
40,charge,51.792,1.428
40,charge,53.784,1.4311999999999998
40,charge,55.776,1.4344
40,charge,57.767999999999994,1.4375999999999998
40,charge,59.75999999999999,1.4407999999999999
40,charge,61.751999999999995,1.444
40,charge,63.744,1.4471999999999998
40,charge,65.736,1.4504
40,charge,67.728,1.4535999999999998
40,charge,69.72,1.4567999999999999
40,charge,71.71199999999999,1.4599999999999997
40,charge,73.704,1.4631999999999998
40,charge,75.696,1.4664
40,charge,77.688,1.4695999999999998
40,charge,79.68,1.4727999999999999
40,charge,81.672,1.4759999999999998
40,charge,83.66399999999999,1.4791999999999998
40,charge,85.65599999999999,1.4824
40,charge,87.648,1.4855999999999998
40,charge,89.64,1.4888
40,charge,91.632,1.4919999999999998
40,charge,93.624,1.4951999999999999
40,charge,95.61599999999999,1.4983999999999997
40,charge,97.60799999999999,1.5015999999999998
40,charge,99.6,1.5048
40,discharge,0.0,1.2397344
40,discharge,1.9545503999999998,1.2373344
40,discharge,3.9091007999999996,1.2349343999999998
40,discharge,5.863651199999999,1.2325343999999998
40,discharge,7.818201599999999,1.2301343999999999
40,discharge,9.772751999999999,1.2277344
40,discharge,11.727302399999997,1.2253344
40,discharge,13.6818528,1.2229343999999998
40,discharge,15.636403199999998,1.2205343999999998
40,discharge,17.590953599999995,1.2181343999999998
40,discharge,19.545503999999998,1.2157343999999999
40,discharge,21.500054399999996,1.2133344
40,discharge,23.454604799999995,1.2109343999999997
40,discharge,25.409155199999997,1.2085343999999998
40,discharge,27.3637056,1.2061343999999998
40,discharge,29.318255999999995,1.2037343999999999
40,discharge,31.272806399999997,1.2013344
40,discharge,33.227356799999995,1.1989343999999997
40,discharge,35.18190719999999,1.1965343999999998
40,discharge,37.13645759999999,1.1941343999999998
40,discharge,39.091007999999995,1.1917343999999999
40,discharge,41.04555839999999,1.1893344
40,discharge,43.00010879999999,1.1869344
40,discharge,44.954659199999995,1.1845343999999998
40,discharge,46.90920959999999,1.1821343999999998
40,discharge,48.86375999999999,1.1797343999999998
40,discharge,50.818310399999994,1.1773344
40,discharge,52.7728608,1.1749344
40,discharge,54.7274112,1.1725343999999998
40,discharge,56.68196159999999,1.1701343999999998
40,discharge,58.63651199999999,1.1677343999999998
40,discharge,60.59106239999999,1.1653343999999999
40,discharge,62.545612799999994,1.1629344
40,discharge,64.50016319999999,1.1605343999999997
40,discharge,66.45471359999999,1.1581343999999998
40,discharge,68.409264,1.1557343999999998
40,discharge,70.36381439999998,1.1533343999999999
40,discharge,72.31836479999998,1.1509344
40,discharge,74.27291519999999,1.1485344
40,discharge,76.22746559999999,1.1461343999999998
40,discharge,78.18201599999999,1.1437343999999998
40,discharge,80.13656639999999,1.1413343999999999
40,discharge,82.09111679999998,1.1389344
40,discharge,84.04566719999998,1.1365344
40,discharge,86.00021759999998,1.1341343999999998
40,discharge,87.95476799999999,1.1317343999999998
40,discharge,89.90931839999999,1.1293343999999998
40,discharge,91.86386879999999,1.1269344
40,discharge,93.81841919999998,1.1245344
40,discharge,95.77296959999998,1.1221343999999998
40,discharge,97.72751999999998,1.1197343999999998
41,charge,0.0,1.34492
41,charge,1.9918,1.34812
41,charge,3.9836,1.3513199999999999
41,charge,5.9754,1.35452
41,charge,7.9672,1.35772
41,charge,9.959000000000001,1.36092
41,charge,11.9508,1.36412
41,charge,13.942600000000002,1.3673199999999999
41,charge,15.9344,1.37052
41,charge,17.9262,1.37372
41,charge,19.918000000000003,1.37692
41,charge,21.9098,1.38012
41,charge,23.9016,1.3833199999999999
41,charge,25.893400000000003,1.38652
41,charge,27.885200000000005,1.38972
41,charge,29.877,1.39292
41,charge,31.8688,1.39612
41,charge,33.860600000000005,1.39932
41,charge,35.8524,1.40252
41,charge,37.8442,1.4057199999999999
41,charge,39.836000000000006,1.40892
41,charge,41.8278,1.41212
41,charge,43.8196,1.41532
41,charge,45.811400000000006,1.41852
41,charge,47.8032,1.4217199999999999
41,charge,49.795,1.42492
41,charge,51.78680000000001,1.42812
41,charge,53.778600000000004,1.43132
41,charge,55.77040000000001,1.43452
41,charge,57.7622,1.4377199999999999
41,charge,59.754,1.44092
41,charge,61.7458,1.44412
41,charge,63.7376,1.44732
41,charge,65.7294,1.45052
41,charge,67.72120000000001,1.45372
41,charge,69.71300000000001,1.45692
41,charge,71.7048,1.4601199999999999
41,charge,73.6966,1.46332
41,charge,75.6884,1.46652
41,charge,77.6802,1.46972
41,charge,79.67200000000001,1.47292
41,charge,81.66380000000001,1.4761199999999999
41,charge,83.6556,1.47932
41,charge,85.6474,1.48252
41,charge,87.6392,1.48572
41,charge,89.631,1.48892
41,charge,91.62280000000001,1.49212
41,charge,93.61460000000001,1.49532
41,charge,95.6064,1.49852
41,charge,97.5982,1.50172
41,charge,99.59,1.50492
41,discharge,0.0,1.239406284
41,discharge,1.954314324,1.237006284
41,discharge,3.908628648,1.2346062839999998
41,discharge,5.862942972,1.2322062839999999
41,discharge,7.817257296,1.229806284
41,discharge,9.771571620000001,1.227406284
41,discharge,11.725885944,1.225006284
41,discharge,13.680200268000002,1.2226062839999998
41,discharge,15.634514592,1.2202062839999999
41,discharge,17.588828916,1.217806284
41,discharge,19.543143240000003,1.215406284
41,discharge,21.497457564,1.213006284
41,discharge,23.451771888,1.2106062839999998
41,discharge,25.406086212,1.2082062839999999
41,discharge,27.360400536000004,1.205806284
41,discharge,29.31471486,1.203406284
41,discharge,31.269029184,1.201006284
41,discharge,33.223343508000006,1.1986062839999998
41,discharge,35.177657832,1.1962062839999998
41,discharge,37.131972156,1.1938062839999999
41,discharge,39.086286480000005,1.191406284
41,discharge,41.040600804,1.189006284
41,discharge,42.994915128,1.186606284
41,discharge,44.949229452000004,1.1842062839999998
41,discharge,46.903543776,1.1818062839999999
41,discharge,48.8578581,1.179406284
41,discharge,50.812172424,1.177006284
41,discharge,52.766486748000005,1.174606284
41,discharge,54.72080107200001,1.1722062839999998
41,discharge,56.675115395999995,1.1698062839999999
41,discharge,58.62942972,1.167406284
41,discharge,60.583744044,1.165006284
41,discharge,62.538058368,1.162606284
41,discharge,64.492372692,1.1602062839999998
41,discharge,66.44668701600001,1.1578062839999999
41,discharge,68.40100134000001,1.155406284
41,discharge,70.355315664,1.153006284
41,discharge,72.309629988,1.150606284
41,discharge,74.263944312,1.148206284
41,discharge,76.218258636,1.1458062839999998
41,discharge,78.17257296000001,1.1434062839999999
41,discharge,80.126887284,1.141006284
41,discharge,82.081201608,1.138606284
41,discharge,84.035515932,1.136206284
41,discharge,85.989830256,1.1338062839999998
41,discharge,87.94414458,1.1314062839999999
41,discharge,89.89845890400001,1.129006284
41,discharge,91.852773228,1.126606284
41,discharge,93.807087552,1.124206284
41,discharge,95.76140187600001,1.1218062839999998
41,discharge,97.7157162,1.1194062839999999
42,charge,0.0,1.3450399999999998
42,charge,1.9916,1.3482399999999999
42,charge,3.9832,1.3514399999999998
42,charge,5.9748,1.3546399999999998
42,charge,7.9664,1.35784
42,charge,9.958,1.3610399999999998
42,charge,11.9496,1.36424
42,charge,13.9412,1.3674399999999998
42,charge,15.9328,1.3706399999999999
42,charge,17.9244,1.37384
42,charge,19.916,1.3770399999999998
42,charge,21.9076,1.38024
42,charge,23.8992,1.3834399999999998
42,charge,25.8908,1.3866399999999999
42,charge,27.8824,1.38984
42,charge,29.874,1.3930399999999998
42,charge,31.8656,1.39624
42,charge,33.8572,1.3994399999999998
42,charge,35.8488,1.4026399999999999
42,charge,37.8404,1.4058399999999998
42,charge,39.832,1.4090399999999998
42,charge,41.8236,1.41224
42,charge,43.8152,1.4154399999999998
42,charge,45.8068,1.41864
42,charge,47.7984,1.4218399999999998
42,charge,49.79,1.4250399999999999
42,charge,51.7816,1.42824
42,charge,53.7732,1.4314399999999998
42,charge,55.7648,1.43464
42,charge,57.75639999999999,1.4378399999999998
42,charge,59.748,1.4410399999999999
42,charge,61.739599999999996,1.44424
42,charge,63.7312,1.4474399999999998
42,charge,65.7228,1.45064
42,charge,67.7144,1.4538399999999998
42,charge,69.706,1.45704
42,charge,71.6976,1.4602399999999998
42,charge,73.6892,1.4634399999999999
42,charge,75.6808,1.46664
42,charge,77.6724,1.4698399999999998
42,charge,79.664,1.47304
42,charge,81.6556,1.4762399999999998
42,charge,83.6472,1.4794399999999999
42,charge,85.6388,1.48264
42,charge,87.6304,1.4858399999999998
42,charge,89.622,1.48904
42,charge,91.6136,1.4922399999999998
42,charge,93.60520000000001,1.4954399999999999
42,charge,95.5968,1.49864
42,charge,97.5884,1.5018399999999998
42,charge,99.58,1.50504
42,discharge,0.0,1.239078096
42,discharge,1.954078256,1.2366780960000001
42,discharge,3.908156512,1.234278096
42,discharge,5.8622347679999995,1.231878096
42,discharge,7.816313024,1.229478096
42,discharge,9.77039128,1.227078096
42,discharge,11.724469535999999,1.224678096
42,discharge,13.678547792000002,1.222278096
42,discharge,15.632626048,1.219878096
42,discharge,17.586704303999998,1.217478096
42,discharge,19.54078256,1.215078096
42,discharge,21.494860816,1.212678096
42,discharge,23.448939071999998,1.210278096
42,discharge,25.403017328,1.207878096
42,discharge,27.357095584000003,1.205478096
42,discharge,29.31117384,1.203078096
42,discharge,31.265252096,1.200678096
42,discharge,33.219330352,1.1982780960000001
42,discharge,35.173408607999995,1.195878096
42,discharge,37.127486864,1.193478096
42,discharge,39.08156512,1.191078096
42,discharge,41.035643375999996,1.188678096
42,discharge,42.989721632,1.1862780960000001
42,discharge,44.943799888,1.183878096
42,discharge,46.897878143999996,1.181478096
42,discharge,48.8519564,1.179078096
42,discharge,50.806034656,1.176678096
42,discharge,52.760112912000004,1.174278096
42,discharge,54.714191168000006,1.171878096
42,discharge,56.668269423999995,1.169478096
42,discharge,58.62234768,1.167078096
42,discharge,60.576425936,1.164678096
42,discharge,62.530504192,1.162278096
42,discharge,64.484582448,1.159878096
42,discharge,66.438660704,1.157478096
42,discharge,68.39273896,1.155078096
42,discharge,70.34681721599999,1.152678096
42,discharge,72.300895472,1.150278096
42,discharge,74.254973728,1.1478780960000001
42,discharge,76.209051984,1.145478096
42,discharge,78.16313024,1.143078096
42,discharge,80.117208496,1.140678096
42,discharge,82.07128675199999,1.138278096
42,discharge,84.025365008,1.1358780960000001
42,discharge,85.979443264,1.133478096
42,discharge,87.93352152,1.131078096
42,discharge,89.887599776,1.128678096
42,discharge,91.841678032,1.126278096
42,discharge,93.79575628799999,1.123878096
42,discharge,95.749834544,1.121478096
42,discharge,97.7039128,1.119078096
43,charge,0.0,1.34516
43,charge,1.9913999999999998,1.34836
43,charge,3.9827999999999997,1.35156
43,charge,5.9742,1.35476
43,charge,7.965599999999999,1.35796
43,charge,9.957,1.36116
43,charge,11.9484,1.36436
43,charge,13.9398,1.3675599999999999
43,charge,15.931199999999999,1.37076
43,charge,17.9226,1.37396
43,charge,19.914,1.37716
43,charge,21.9054,1.38036
43,charge,23.8968,1.38356
43,charge,25.888199999999998,1.38676
43,charge,27.8796,1.38996
43,charge,29.870999999999995,1.39316
43,charge,31.862399999999997,1.39636
43,charge,33.8538,1.39956
43,charge,35.8452,1.40276
43,charge,37.8366,1.4059599999999999
43,charge,39.828,1.40916
43,charge,41.819399999999995,1.41236
43,charge,43.8108,1.41556
43,charge,45.8022,1.41876
43,charge,47.7936,1.42196
43,charge,49.785,1.42516
43,charge,51.776399999999995,1.42836
43,charge,53.7678,1.43156
43,charge,55.7592,1.43476
43,charge,57.75059999999999,1.43796
43,charge,59.74199999999999,1.44116
43,charge,61.733399999999996,1.44436
43,charge,63.724799999999995,1.44756
43,charge,65.7162,1.45076
43,charge,67.7076,1.45396
43,charge,69.699,1.45716
43,charge,71.6904,1.4603599999999999
43,charge,73.6818,1.46356
43,charge,75.6732,1.46676
43,charge,77.6646,1.46996
43,charge,79.656,1.47316
43,charge,81.6474,1.47636
43,charge,83.63879999999999,1.47956
43,charge,85.63019999999999,1.48276
43,charge,87.6216,1.48596
43,charge,89.613,1.48916
43,charge,91.6044,1.49236
43,charge,93.5958,1.49556
43,charge,95.5872,1.4987599999999999
43,charge,97.5786,1.50196
43,charge,99.57,1.50516
43,discharge,0.0,1.238749836
43,discharge,1.953842196,1.236349836
43,discharge,3.907684392,1.2339498359999999
43,discharge,5.861526587999999,1.231549836
43,discharge,7.815368784,1.229149836
43,discharge,9.76921098,1.226749836
43,discharge,11.723053175999999,1.224349836
43,discharge,13.676895372,1.2219498359999998
43,discharge,15.630737568,1.2195498359999999
43,discharge,17.584579763999997,1.217149836
43,discharge,19.53842196,1.214749836
43,discharge,21.492264156,1.212349836
43,discharge,23.446106351999997,1.2099498359999998
43,discharge,25.399948548,1.2075498359999999
43,discharge,27.353790744,1.205149836
43,discharge,29.307632939999998,1.202749836
43,discharge,31.261475136,1.200349836
43,discharge,33.215317332,1.1979498359999998
43,discharge,35.169159527999994,1.1955498359999999
43,discharge,37.123001724,1.193149836
43,discharge,39.07684392,1.190749836
43,discharge,41.030686116,1.188349836
43,discharge,42.984528312,1.185949836
43,discharge,44.938370508,1.1835498359999999
43,discharge,46.892212703999995,1.181149836
43,discharge,48.8460549,1.178749836
43,discharge,50.799897096,1.176349836
43,discharge,52.753739292,1.173949836
43,discharge,54.707581488,1.1715498359999998
43,discharge,56.66142368399999,1.1691498359999999
43,discharge,58.615265879999995,1.166749836
43,discharge,60.569108076,1.164349836
43,discharge,62.522950272,1.161949836
43,discharge,64.476792468,1.1595498359999998
43,discharge,66.430634664,1.1571498359999999
43,discharge,68.38447686,1.154749836
43,discharge,70.33831905599999,1.152349836
43,discharge,72.292161252,1.149949836
43,discharge,74.246003448,1.147549836
43,discharge,76.199845644,1.1451498359999999
43,discharge,78.15368784,1.142749836
43,discharge,80.107530036,1.140349836
43,discharge,82.061372232,1.137949836
43,discharge,84.015214428,1.135549836
43,discharge,85.969056624,1.1331498359999999
43,discharge,87.92289882,1.130749836
43,discharge,89.876741016,1.128349836
43,discharge,91.83058321200001,1.125949836
43,discharge,93.78442540799999,1.123549836
43,discharge,95.738267604,1.1211498359999998
43,discharge,97.6921098,1.1187498359999999
44,charge,0.0,1.3452799999999998
44,charge,1.9912,1.34848
44,charge,3.9824,1.35168
44,charge,5.9736,1.3548799999999999
44,charge,7.9648,1.35808
44,charge,9.956000000000001,1.3612799999999998
44,charge,11.9472,1.36448
44,charge,13.938400000000001,1.3676799999999998
44,charge,15.9296,1.3708799999999999
44,charge,17.9208,1.37408
44,charge,19.912000000000003,1.3772799999999998
44,charge,21.903200000000002,1.38048
44,charge,23.8944,1.3836799999999998
44,charge,25.8856,1.38688
44,charge,27.876800000000003,1.39008
44,charge,29.868,1.3932799999999999
44,charge,31.8592,1.39648
44,charge,33.8504,1.3996799999999998
44,charge,35.8416,1.40288
44,charge,37.8328,1.4060799999999998
44,charge,39.824000000000005,1.4092799999999999
44,charge,41.8152,1.41248
44,charge,43.806400000000004,1.4156799999999998
44,charge,45.7976,1.41888
44,charge,47.7888,1.4220799999999998
44,charge,49.78,1.4252799999999999
44,charge,51.7712,1.42848
44,charge,53.76240000000001,1.4316799999999998
44,charge,55.753600000000006,1.43488
44,charge,57.7448,1.4380799999999998
44,charge,59.736,1.44128
44,charge,61.7272,1.44448
44,charge,63.7184,1.4476799999999999
44,charge,65.70960000000001,1.45088
44,charge,67.7008,1.4540799999999998
44,charge,69.69200000000001,1.45728
44,charge,71.6832,1.4604799999999998
44,charge,73.6744,1.4636799999999999
44,charge,75.6656,1.46688
44,charge,77.6568,1.4700799999999998
44,charge,79.64800000000001,1.47328
44,charge,81.6392,1.4764799999999998
44,charge,83.6304,1.4796799999999999
44,charge,85.6216,1.48288
44,charge,87.61280000000001,1.4860799999999998
44,charge,89.604,1.48928
44,charge,91.5952,1.4924799999999998
44,charge,93.58640000000001,1.49568
44,charge,95.5776,1.4988799999999998
44,charge,97.5688,1.5020799999999999
44,charge,99.56,1.50528
44,discharge,0.0,1.238421504
44,discharge,1.953606144,1.236021504
44,discharge,3.907212288,1.2336215039999998
44,discharge,5.860818432,1.2312215039999999
44,discharge,7.814424576,1.228821504
44,discharge,9.76803072,1.226421504
44,discharge,11.721636864,1.224021504
44,discharge,13.675243008,1.2216215039999998
44,discharge,15.628849152,1.2192215039999998
44,discharge,17.582455296,1.2168215039999999
44,discharge,19.53606144,1.214421504
44,discharge,21.489667584,1.212021504
44,discharge,23.443273728,1.2096215039999998
44,discharge,25.396879872,1.2072215039999998
44,discharge,27.350486016,1.2048215039999999
44,discharge,29.30409216,1.202421504
44,discharge,31.257698304,1.200021504
44,discharge,33.211304448,1.1976215039999998
44,discharge,35.164910592,1.1952215039999998
44,discharge,37.118516736000004,1.1928215039999999
44,discharge,39.07212288,1.190421504
44,discharge,41.025729024,1.188021504
44,discharge,42.979335168,1.185621504
44,discharge,44.932941312000004,1.1832215039999998
44,discharge,46.886547456,1.1808215039999999
44,discharge,48.8401536,1.178421504
44,discharge,50.793759744,1.176021504
44,discharge,52.747365888000004,1.173621504
44,discharge,54.700972032,1.1712215039999998
44,discharge,56.654578175999994,1.1688215039999998
44,discharge,58.60818432,1.1664215039999999
44,discharge,60.561790464,1.164021504
44,discharge,62.515396608,1.161621504
44,discharge,64.46900275200001,1.1592215039999998
44,discharge,66.422608896,1.1568215039999998
44,discharge,68.37621504,1.1544215039999999
44,discharge,70.329821184,1.152021504
44,discharge,72.283427328,1.149621504
44,discharge,74.23703347200001,1.147221504
44,discharge,76.190639616,1.1448215039999998
44,discharge,78.14424576,1.1424215039999999
44,discharge,80.09785190400001,1.140021504
44,discharge,82.051458048,1.137621504
44,discharge,84.005064192,1.135221504
44,discharge,85.958670336,1.1328215039999998
44,discharge,87.91227648,1.1304215039999999
44,discharge,89.86588262400001,1.128021504
44,discharge,91.81948876800001,1.125621504
44,discharge,93.773094912,1.123221504
44,discharge,95.726701056,1.1208215039999998
44,discharge,97.6803072,1.1184215039999998
45,charge,0.0,1.3454
45,charge,1.9909999999999999,1.3486
45,charge,3.9819999999999998,1.3518
45,charge,5.973,1.355
45,charge,7.9639999999999995,1.3582
45,charge,9.955,1.3614
45,charge,11.946,1.3646
45,charge,13.937000000000001,1.3678
45,charge,15.927999999999999,1.371
45,charge,17.919,1.3742
45,charge,19.91,1.3774
45,charge,21.901,1.3806
45,charge,23.892,1.3838
45,charge,25.883,1.387
45,charge,27.874000000000002,1.3902
45,charge,29.865,1.3934
45,charge,31.855999999999998,1.3966
45,charge,33.847,1.3998
45,charge,35.838,1.403
45,charge,37.829,1.4062
45,charge,39.82,1.4094
45,charge,41.811,1.4126
45,charge,43.802,1.4158
45,charge,45.793,1.419
45,charge,47.784,1.4222
45,charge,49.775,1.4254
45,charge,51.766,1.4286
45,charge,53.757000000000005,1.4318
45,charge,55.748000000000005,1.435
45,charge,57.739,1.4382
45,charge,59.73,1.4414
45,charge,61.721,1.4446
45,charge,63.711999999999996,1.4478
45,charge,65.703,1.451
45,charge,67.694,1.4542
45,charge,69.685,1.4574
45,charge,71.676,1.4606
45,charge,73.667,1.4638
45,charge,75.658,1.467
45,charge,77.649,1.4702
45,charge,79.64,1.4734
45,charge,81.631,1.4766
45,charge,83.622,1.4798
45,charge,85.613,1.483
45,charge,87.604,1.4862
45,charge,89.595,1.4894
45,charge,91.586,1.4926
45,charge,93.577,1.4958
45,charge,95.568,1.499
45,charge,97.559,1.5022
45,charge,99.55,1.5054
45,discharge,0.0,1.2380931000000002
45,discharge,1.9533700999999999,1.2356931000000002
45,discharge,3.9067401999999998,1.2332931
45,discharge,5.8601103,1.2308931
45,discharge,7.8134803999999995,1.2284931000000001
45,discharge,9.7668505,1.2260931000000002
45,discharge,11.7202206,1.2236931000000002
45,discharge,13.6735907,1.2212931
45,discharge,15.626960799999999,1.2188931
45,discharge,17.5803309,1.2164931
45,discharge,19.533701,1.2140931000000001
45,discharge,21.487071099999998,1.2116931000000002
45,discharge,23.4404412,1.2092931
45,discharge,25.3938113,1.2068931
45,discharge,27.3471814,1.2044931
45,discharge,29.300551499999997,1.2020931000000001
45,discharge,31.253921599999998,1.1996931000000002
45,discharge,33.2072917,1.1972931
45,discharge,35.1606618,1.1948931
45,discharge,37.1140319,1.1924931
45,discharge,39.067402,1.1900931000000001
45,discharge,41.020772099999995,1.1876931000000002
45,discharge,42.974142199999996,1.1852931000000002
45,discharge,44.927512300000004,1.1828931
45,discharge,46.8808824,1.1804931
45,discharge,48.8342525,1.1780931000000001
45,discharge,50.7876226,1.1756931000000002
45,discharge,52.7409927,1.1732931000000002
45,discharge,54.6943628,1.1708931
45,discharge,56.647732899999994,1.1684931
45,discharge,58.601102999999995,1.1660931
45,discharge,60.554473099999996,1.1636931000000001
45,discharge,62.507843199999996,1.1612931000000002
45,discharge,64.4612133,1.1588931
45,discharge,66.4145834,1.1564931
45,discharge,68.3679535,1.1540931
45,discharge,70.3213236,1.1516931000000001
45,discharge,72.2746937,1.1492931000000002
45,discharge,74.2280638,1.1468931000000002
45,discharge,76.1814339,1.1444931
45,discharge,78.134804,1.1420931
45,discharge,80.0881741,1.1396931000000001
45,discharge,82.04154419999999,1.1372931000000002
45,discharge,83.99491429999999,1.1348931000000002
45,discharge,85.94828439999999,1.1324931
45,discharge,87.90165449999999,1.1300931
45,discharge,89.85502460000001,1.1276931000000001
45,discharge,91.80839470000001,1.1252931000000002
45,discharge,93.7617648,1.1228931000000002
45,discharge,95.7151349,1.1204931
45,discharge,97.668505,1.1180931
46,charge,0.0,1.3455199999999998
46,charge,1.9908000000000001,1.34872
46,charge,3.9816000000000003,1.3519199999999998
46,charge,5.9724,1.3551199999999999
46,charge,7.9632000000000005,1.35832
46,charge,9.954,1.3615199999999998
46,charge,11.9448,1.36472
46,charge,13.935600000000003,1.3679199999999998
46,charge,15.926400000000001,1.37112
46,charge,17.9172,1.37432
46,charge,19.908,1.3775199999999999
46,charge,21.8988,1.38072
46,charge,23.8896,1.3839199999999998
46,charge,25.8804,1.38712
46,charge,27.871200000000005,1.39032
46,charge,29.862000000000002,1.3935199999999999
46,charge,31.852800000000002,1.39672
46,charge,33.8436,1.3999199999999998
46,charge,35.8344,1.40312
46,charge,37.8252,1.4063199999999998
46,charge,39.816,1.4095199999999999
46,charge,41.8068,1.41272
46,charge,43.7976,1.4159199999999998
46,charge,45.7884,1.41912
46,charge,47.7792,1.4223199999999998
46,charge,49.77,1.42552
46,charge,51.7608,1.42872
46,charge,53.7516,1.4319199999999999
46,charge,55.74240000000001,1.43512
46,charge,57.7332,1.4383199999999998
46,charge,59.724000000000004,1.44152
46,charge,61.714800000000004,1.44472
46,charge,63.705600000000004,1.4479199999999999
46,charge,65.69640000000001,1.45112
46,charge,67.6872,1.4543199999999998
46,charge,69.67800000000001,1.45752
46,charge,71.6688,1.4607199999999998
46,charge,73.6596,1.4639199999999999
46,charge,75.6504,1.46712
46,charge,77.64120000000001,1.4703199999999998
46,charge,79.632,1.47352
46,charge,81.62280000000001,1.4767199999999998
46,charge,83.6136,1.47992
46,charge,85.6044,1.48312
46,charge,87.5952,1.4863199999999999
46,charge,89.58600000000001,1.48952
46,charge,91.5768,1.4927199999999998
46,charge,93.56760000000001,1.49592
46,charge,95.5584,1.49912
46,charge,97.5492,1.5023199999999999
46,charge,99.54,1.50552
46,discharge,0.0,1.237764624
46,discharge,1.953134064,1.235364624
46,discharge,3.906268128,1.2329646239999998
46,discharge,5.859402191999999,1.2305646239999999
46,discharge,7.812536256,1.228164624
46,discharge,9.76567032,1.225764624
46,discharge,11.718804383999998,1.223364624
46,discharge,13.671938448,1.2209646239999998
46,discharge,15.625072512,1.2185646239999999
46,discharge,17.578206576,1.216164624
46,discharge,19.53134064,1.213764624
46,discharge,21.484474704,1.211364624
46,discharge,23.437608767999997,1.2089646239999998
46,discharge,25.390742832,1.2065646239999999
46,discharge,27.343876896,1.204164624
46,discharge,29.297010959999998,1.201764624
46,discharge,31.250145024,1.199364624
46,discharge,33.203279088,1.196964624
46,discharge,35.156413152,1.1945646239999999
46,discharge,37.109547215999996,1.192164624
46,discharge,39.06268128,1.189764624
46,discharge,41.015815343999996,1.187364624
46,discharge,42.968949408,1.184964624
46,discharge,44.922083472,1.1825646239999998
46,discharge,46.875217535999994,1.1801646239999999
46,discharge,48.8283516,1.177764624
46,discharge,50.781485664,1.175364624
46,discharge,52.734619728,1.172964624
46,discharge,54.687753792,1.1705646239999998
46,discharge,56.64088785599999,1.1681646239999999
46,discharge,58.594021919999996,1.165764624
46,discharge,60.547155984,1.163364624
46,discharge,62.500290048,1.160964624
46,discharge,64.453424112,1.1585646239999998
46,discharge,66.406558176,1.1561646239999999
46,discharge,68.35969224,1.153764624
46,discharge,70.312826304,1.151364624
46,discharge,72.265960368,1.148964624
46,discharge,74.21909443199999,1.146564624
46,discharge,76.172228496,1.1441646239999999
46,discharge,78.12536256,1.141764624
46,discharge,80.078496624,1.139364624
46,discharge,82.03163068799999,1.136964624
46,discharge,83.98476475199999,1.134564624
46,discharge,85.937898816,1.1321646239999998
46,discharge,87.89103288,1.1297646239999999
46,discharge,89.844166944,1.127364624
46,discharge,91.797301008,1.124964624
46,discharge,93.75043507199999,1.122564624
46,discharge,95.703569136,1.1201646239999998
46,discharge,97.6567032,1.1177646239999999
47,charge,0.0,1.34564
47,charge,1.9906000000000001,1.34884
47,charge,3.9812000000000003,1.3520400000000001
47,charge,5.9718,1.35524
47,charge,7.962400000000001,1.35844
47,charge,9.953000000000001,1.36164
47,charge,11.9436,1.36484
47,charge,13.934200000000002,1.36804
47,charge,15.924800000000001,1.37124
47,charge,17.915399999999998,1.37444
47,charge,19.906000000000002,1.37764
47,charge,21.8966,1.38084
47,charge,23.8872,1.38404
47,charge,25.8778,1.38724
47,charge,27.868400000000005,1.3904400000000001
47,charge,29.858999999999998,1.39364
47,charge,31.849600000000002,1.39684
47,charge,33.8402,1.40004
47,charge,35.830799999999996,1.40324
47,charge,37.821400000000004,1.40644
47,charge,39.812000000000005,1.40964
47,charge,41.8026,1.41284
47,charge,43.7932,1.41604
47,charge,45.7838,1.41924
47,charge,47.7744,1.42244
47,charge,49.765,1.42564
47,charge,51.7556,1.42884
47,charge,53.7462,1.43204
47,charge,55.73680000000001,1.43524
47,charge,57.727399999999996,1.43844
47,charge,59.717999999999996,1.44164
47,charge,61.7086,1.4448400000000001
47,charge,63.699200000000005,1.44804
47,charge,65.6898,1.45124
47,charge,67.6804,1.45444
47,charge,69.671,1.45764
47,charge,71.66159999999999,1.46084
47,charge,73.6522,1.46404
47,charge,75.64280000000001,1.46724
47,charge,77.63340000000001,1.47044
47,charge,79.62400000000001,1.47364
47,charge,81.61460000000001,1.47684
47,charge,83.6052,1.48004
47,charge,85.5958,1.4832400000000001
47,charge,87.5864,1.48644
47,charge,89.577,1.48964
47,charge,91.5676,1.49284
47,charge,93.55820000000001,1.49604
47,charge,95.5488,1.49924
47,charge,97.5394,1.50244
47,charge,99.53,1.50564
47,discharge,0.0,1.237436076
47,discharge,1.9528980360000001,1.235036076
47,discharge,3.9057960720000002,1.232636076
47,discharge,5.858694108,1.230236076
47,discharge,7.8115921440000005,1.227836076
47,discharge,9.764490180000001,1.225436076
47,discharge,11.717388216,1.223036076
47,discharge,13.670286252,1.220636076
47,discharge,15.623184288000001,1.218236076
47,discharge,17.576082323999998,1.215836076
47,discharge,19.528980360000002,1.213436076
47,discharge,21.481878396,1.211036076
47,discharge,23.434776432,1.208636076
47,discharge,25.387674468,1.206236076
47,discharge,27.340572504,1.203836076
47,discharge,29.293470539999998,1.201436076
47,discharge,31.246368576000002,1.199036076
47,discharge,33.199266612,1.1966360759999999
47,discharge,35.152164647999996,1.194236076
47,discharge,37.105062684,1.191836076
47,discharge,39.057960720000004,1.189436076
47,discharge,41.010858756,1.187036076
47,discharge,42.963756792,1.184636076
47,discharge,44.916654828,1.182236076
47,discharge,46.869552864,1.179836076
47,discharge,48.8224509,1.177436076
47,discharge,50.775348936,1.175036076
47,discharge,52.728246972,1.172636076
47,discharge,54.681145008,1.170236076
47,discharge,56.634043043999995,1.167836076
47,discharge,58.586941079999995,1.165436076
47,discharge,60.539839115999996,1.163036076
47,discharge,62.492737152000004,1.160636076
47,discharge,64.445635188,1.158236076
47,discharge,66.398533224,1.155836076
47,discharge,68.35143126000001,1.153436076
47,discharge,70.30432929599999,1.151036076
47,discharge,72.257227332,1.148636076
47,discharge,74.210125368,1.146236076
47,discharge,76.163023404,1.143836076
47,discharge,78.11592144000001,1.141436076
47,discharge,80.068819476,1.139036076
47,discharge,82.021717512,1.136636076
47,discharge,83.974615548,1.134236076
47,discharge,85.927513584,1.131836076
47,discharge,87.88041162,1.129436076
47,discharge,89.833309656,1.127036076
47,discharge,91.786207692,1.124636076
47,discharge,93.739105728,1.122236076
47,discharge,95.69200376399999,1.119836076
47,discharge,97.6449018,1.117436076
48,charge,0.0,1.3457599999999998
48,charge,1.9904,1.34896
48,charge,3.9808,1.35216
48,charge,5.9712,1.35536
48,charge,7.9616,1.35856
48,charge,9.952,1.3617599999999999
48,charge,11.9424,1.36496
48,charge,13.9328,1.3681599999999998
48,charge,15.9232,1.37136
48,charge,17.9136,1.37456
48,charge,19.904,1.3777599999999999
48,charge,21.8944,1.38096
48,charge,23.8848,1.3841599999999998
48,charge,25.8752,1.38736
48,charge,27.8656,1.39056
48,charge,29.855999999999998,1.3937599999999999
48,charge,31.8464,1.39696
48,charge,33.836800000000004,1.4001599999999998
48,charge,35.8272,1.40336
48,charge,37.8176,1.4065599999999998
48,charge,39.808,1.40976
48,charge,41.798399999999994,1.41296
48,charge,43.7888,1.4161599999999999
48,charge,45.7792,1.41936
48,charge,47.7696,1.4225599999999998
48,charge,49.76,1.42576
48,charge,51.7504,1.42896
48,charge,53.7408,1.4321599999999999
48,charge,55.7312,1.43536
48,charge,57.721599999999995,1.4385599999999998
48,charge,59.711999999999996,1.44176
48,charge,61.7024,1.44496
48,charge,63.6928,1.44816
48,charge,65.6832,1.45136
48,charge,67.67360000000001,1.4545599999999999
48,charge,69.664,1.45776
48,charge,71.6544,1.4609599999999998
48,charge,73.64479999999999,1.46416
48,charge,75.6352,1.46736
48,charge,77.6256,1.4705599999999999
48,charge,79.616,1.47376
48,charge,81.60640000000001,1.4769599999999998
48,charge,83.59679999999999,1.48016
48,charge,85.5872,1.48336
48,charge,87.5776,1.4865599999999999
48,charge,89.568,1.48976
48,charge,91.5584,1.4929599999999998
48,charge,93.5488,1.49616
48,charge,95.5392,1.4993599999999998
48,charge,97.52959999999999,1.50256
48,charge,99.52,1.50576
48,discharge,0.0,1.237107456
48,discharge,1.952662016,1.234707456
48,discharge,3.905324032,1.2323074559999998
48,discharge,5.857986047999999,1.2299074559999998
48,discharge,7.810648064,1.2275074559999999
48,discharge,9.76331008,1.225107456
48,discharge,11.715972095999998,1.222707456
48,discharge,13.668634112000001,1.2203074559999998
48,discharge,15.621296128,1.2179074559999998
48,discharge,17.573958144,1.2155074559999999
48,discharge,19.52662016,1.213107456
48,discharge,21.479282175999998,1.210707456
48,discharge,23.431944191999996,1.2083074559999998
48,discharge,25.384606208,1.2059074559999998
48,discharge,27.337268224000002,1.2035074559999999
48,discharge,29.289930239999997,1.201107456
48,discharge,31.242592256,1.198707456
48,discharge,33.195254272,1.196307456
48,discharge,35.147916288,1.1939074559999998
48,discharge,37.100578303999995,1.1915074559999999
48,discharge,39.05324032,1.189107456
48,discharge,41.005902336,1.186707456
48,discharge,42.958564351999996,1.184307456
48,discharge,44.911226368,1.1819074559999998
48,discharge,46.86388838399999,1.1795074559999998
48,discharge,48.8165504,1.1771074559999999
48,discharge,50.769212416,1.174707456
48,discharge,52.721874432,1.172307456
48,discharge,54.674536448000005,1.1699074559999998
48,discharge,56.627198463999996,1.1675074559999998
48,discharge,58.579860479999994,1.1651074559999999
48,discharge,60.532522496,1.162707456
48,discharge,62.485184512,1.160307456
48,discharge,64.437846528,1.1579074559999998
48,discharge,66.390508544,1.1555074559999998
48,discharge,68.34317056,1.1531074559999999
48,discharge,70.295832576,1.150707456
48,discharge,72.248494592,1.148307456
48,discharge,74.20115660799999,1.145907456
48,discharge,76.153818624,1.1435074559999998
48,discharge,78.10648064,1.1411074559999999
48,discharge,80.059142656,1.138707456
48,discharge,82.011804672,1.136307456
48,discharge,83.96446668799999,1.133907456
48,discharge,85.91712870399999,1.1315074559999998
48,discharge,87.86979072,1.1291074559999998
48,discharge,89.822452736,1.1267074559999999
48,discharge,91.775114752,1.124307456
48,discharge,93.72777676799998,1.121907456
48,discharge,95.68043878399999,1.1195074559999998
48,discharge,97.6331008,1.1171074559999998
49,charge,0.0,1.34588
49,charge,1.9902000000000002,1.34908
49,charge,3.9804000000000004,1.35228
49,charge,5.9706,1.35548
49,charge,7.960800000000001,1.35868
49,charge,9.951,1.36188
49,charge,11.9412,1.36508
49,charge,13.931400000000002,1.36828
49,charge,15.921600000000002,1.37148
49,charge,17.9118,1.3746800000000001
49,charge,19.902,1.37788
49,charge,21.892200000000003,1.38108
49,charge,23.8824,1.38428
49,charge,25.872600000000002,1.38748
49,charge,27.862800000000004,1.3906800000000001
49,charge,29.853,1.39388
49,charge,31.843200000000003,1.39708
49,charge,33.833400000000005,1.40028
49,charge,35.8236,1.40348
49,charge,37.8138,1.40668
49,charge,39.804,1.40988
49,charge,41.794200000000004,1.4130800000000001
49,charge,43.784400000000005,1.41628
49,charge,45.77460000000001,1.41948
49,charge,47.7648,1.42268
49,charge,49.755,1.42588
49,charge,51.745200000000004,1.4290800000000001
49,charge,53.735400000000006,1.43228
49,charge,55.72560000000001,1.43548
49,charge,57.7158,1.43868
49,charge,59.706,1.44188
49,charge,61.696200000000005,1.4450800000000001
49,charge,63.686400000000006,1.44828
49,charge,65.67660000000001,1.45148
49,charge,67.66680000000001,1.45468
49,charge,69.65700000000001,1.45788
49,charge,71.6472,1.46108
49,charge,73.6374,1.46428
49,charge,75.6276,1.4674800000000001
49,charge,77.6178,1.47068
49,charge,79.608,1.47388
49,charge,81.5982,1.47708
49,charge,83.58840000000001,1.48028
49,charge,85.57860000000001,1.4834800000000001
49,charge,87.56880000000001,1.48668
49,charge,89.55900000000001,1.48988
49,charge,91.54920000000001,1.49308
49,charge,93.53940000000001,1.49628
49,charge,95.5296,1.4994800000000001
49,charge,97.5198,1.50268
49,charge,99.51,1.50588
49,discharge,0.0,1.2367787639999999
49,discharge,1.952426004,1.234378764
49,discharge,3.904852008,1.2319787639999997
49,discharge,5.857278012,1.2295787639999998
49,discharge,7.809704016,1.2271787639999998
49,discharge,9.76213002,1.2247787639999999
49,discharge,11.714556024,1.222378764
49,discharge,13.666982028000003,1.2199787639999997
49,discharge,15.619408032,1.2175787639999998
49,discharge,17.571834036000002,1.2151787639999998
49,discharge,19.52426004,1.2127787639999998
49,discharge,21.476686044,1.2103787639999999
49,discharge,23.429112048,1.2079787639999997
49,discharge,25.381538052000003,1.2055787639999997
49,discharge,27.333964056000006,1.2031787639999998
49,discharge,29.286390060000002,1.2007787639999998
49,discharge,31.238816064,1.1983787639999999
49,discharge,33.19124206800001,1.195978764
49,discharge,35.143668072000004,1.1935787639999997
49,discharge,37.096094076,1.1911787639999998
49,discharge,39.04852008,1.1887787639999998
49,discharge,41.000946084,1.1863787639999999
49,discharge,42.953372088,1.183978764
49,discharge,44.905798092000005,1.1815787639999997
49,discharge,46.858224096,1.1791787639999998
49,discharge,48.810650100000004,1.1767787639999998
49,discharge,50.76307610400001,1.1743787639999999
49,discharge,52.71550210800001,1.171978764
49,discharge,54.66792811200001,1.1695787639999997
49,discharge,56.620354116,1.1671787639999998
49,discharge,58.572780120000004,1.1647787639999998
49,discharge,60.52520612400001,1.1623787639999998
49,discharge,62.477632128,1.1599787639999999
49,discharge,64.43005813200001,1.1575787639999997
49,discharge,66.38248413600002,1.1551787639999997
49,discharge,68.33491014,1.1527787639999998
49,discharge,70.28733614400001,1.1503787639999998
49,discharge,72.23976214800001,1.1479787639999999
49,discharge,74.192188152,1.145578764
49,discharge,76.144614156,1.1431787639999997
49,discharge,78.09704016,1.1407787639999998
49,discharge,80.04946616400001,1.1383787639999998
49,discharge,82.001892168,1.1359787639999999
49,discharge,83.954318172,1.133578764
49,discharge,85.906744176,1.1311787639999997
49,discharge,87.85917018,1.1287787639999998
49,discharge,89.81159618400001,1.1263787639999998
49,discharge,91.76402218800001,1.1239787639999999
49,discharge,93.716448192,1.121578764
49,discharge,95.668874196,1.1191787639999997
49,discharge,97.62130020000001,1.1167787639999998
50,charge,0.0,1.3459999999999999
50,charge,1.99,1.3492
50,charge,3.98,1.3523999999999998
50,charge,5.97,1.3556
50,charge,7.96,1.3588
50,charge,9.950000000000001,1.3619999999999999
50,charge,11.94,1.3652
50,charge,13.930000000000001,1.3683999999999998
50,charge,15.92,1.3716
50,charge,17.91,1.3748
50,charge,19.900000000000002,1.378
50,charge,21.89,1.3812
50,charge,23.88,1.3843999999999999
50,charge,25.87,1.3876
50,charge,27.860000000000003,1.3908
50,charge,29.849999999999998,1.394
50,charge,31.84,1.3972
50,charge,33.830000000000005,1.4003999999999999
50,charge,35.82,1.4036
50,charge,37.81,1.4067999999999998
50,charge,39.800000000000004,1.41
50,charge,41.79,1.4132
50,charge,43.78,1.4163999999999999
50,charge,45.77,1.4196
50,charge,47.76,1.4227999999999998
50,charge,49.75,1.426
50,charge,51.74,1.4292
50,charge,53.730000000000004,1.4324
50,charge,55.720000000000006,1.4356
50,charge,57.709999999999994,1.4387999999999999
50,charge,59.699999999999996,1.442
50,charge,61.69,1.4452
50,charge,63.68,1.4484
50,charge,65.67,1.4516
50,charge,67.66000000000001,1.4547999999999999
50,charge,69.65,1.458
50,charge,71.64,1.4611999999999998
50,charge,73.63,1.4644
50,charge,75.62,1.4676
50,charge,77.61,1.4707999999999999
50,charge,79.60000000000001,1.474
50,charge,81.59,1.4771999999999998
50,charge,83.58,1.4804
50,charge,85.57,1.4836
50,charge,87.56,1.4868
50,charge,89.55,1.49
50,charge,91.54,1.4931999999999999
50,charge,93.53,1.4964
50,charge,95.52,1.4996
50,charge,97.51,1.5028
50,charge,99.5,1.506
50,discharge,0.0,1.2364499999999998
50,discharge,1.95219,1.2340499999999999
50,discharge,3.90438,1.2316499999999997
50,discharge,5.85657,1.2292499999999997
50,discharge,7.80876,1.2268499999999998
50,discharge,9.760950000000001,1.2244499999999998
50,discharge,11.71314,1.2220499999999999
50,discharge,13.66533,1.2196499999999997
50,discharge,15.61752,1.2172499999999997
50,discharge,17.569709999999997,1.2148499999999998
50,discharge,19.521900000000002,1.2124499999999998
50,discharge,21.47409,1.2100499999999998
50,discharge,23.42628,1.2076499999999997
50,discharge,25.37847,1.2052499999999997
50,discharge,27.33066,1.2028499999999998
50,discharge,29.282849999999996,1.2004499999999998
50,discharge,31.23504,1.1980499999999998
50,discharge,33.18723,1.1956499999999997
50,discharge,35.139419999999994,1.1932499999999997
50,discharge,37.09161,1.1908499999999997
50,discharge,39.043800000000005,1.1884499999999998
50,discharge,40.99599,1.1860499999999998
50,discharge,42.94818,1.1836499999999999
50,discharge,44.90037,1.1812499999999997
50,discharge,46.85256,1.1788499999999997
50,discharge,48.80475,1.1764499999999998
50,discharge,50.75694,1.1740499999999998
50,discharge,52.70913,1.1716499999999999
50,discharge,54.66132,1.1692499999999997
50,discharge,56.61350999999999,1.1668499999999997
50,discharge,58.56569999999999,1.1644499999999998
50,discharge,60.517889999999994,1.1620499999999998
50,discharge,62.47008,1.1596499999999998
50,discharge,64.42227,1.1572499999999997
50,discharge,66.37446,1.1548499999999997
50,discharge,68.32665,1.1524499999999998
50,discharge,70.27883999999999,1.1500499999999998
50,discharge,72.23102999999999,1.1476499999999998
50,discharge,74.18322,1.1452499999999999
50,discharge,76.13541000000001,1.1428499999999997
50,discharge,78.08760000000001,1.1404499999999997
50,discharge,80.03979000000001,1.1380499999999998
50,discharge,81.99198,1.1356499999999998
50,discharge,83.94417,1.1332499999999999
50,discharge,85.89636,1.1308499999999997
50,discharge,87.84855,1.1284499999999997
50,discharge,89.80074,1.1260499999999998
50,discharge,91.75293,1.1236499999999998
50,discharge,93.70512,1.1212499999999999
50,discharge,95.65731,1.1188499999999997
50,discharge,97.6095,1.1164499999999997
51,charge,0.0,1.3461199999999998
51,charge,1.9898,1.3493199999999999
51,charge,3.9796,1.3525199999999997
51,charge,5.969399999999999,1.3557199999999998
51,charge,7.9592,1.35892
51,charge,9.949,1.3621199999999998
51,charge,11.938799999999999,1.3653199999999999
51,charge,13.928600000000001,1.3685199999999997
51,charge,15.9184,1.3717199999999998
51,charge,17.908199999999997,1.37492
51,charge,19.898,1.3781199999999998
51,charge,21.8878,1.3813199999999999
51,charge,23.877599999999997,1.3845199999999998
51,charge,25.8674,1.3877199999999998
51,charge,27.857200000000002,1.39092
51,charge,29.846999999999998,1.3941199999999998
51,charge,31.8368,1.39732
51,charge,33.8266,1.4005199999999998
51,charge,35.816399999999994,1.4037199999999999
51,charge,37.8062,1.4069199999999997
51,charge,39.796,1.4101199999999998
51,charge,41.785799999999995,1.41332
51,charge,43.7756,1.4165199999999998
51,charge,45.7654,1.4197199999999999
51,charge,47.755199999999995,1.4229199999999997
51,charge,49.745,1.4261199999999998
51,charge,51.7348,1.42932
51,charge,53.7246,1.4325199999999998
51,charge,55.714400000000005,1.4357199999999999
51,charge,57.70419999999999,1.4389199999999998
51,charge,59.693999999999996,1.4421199999999998
51,charge,61.6838,1.44532
51,charge,63.6736,1.4485199999999998
51,charge,65.6634,1.45172
51,charge,67.6532,1.4549199999999998
51,charge,69.643,1.4581199999999999
51,charge,71.63279999999999,1.4613199999999997
51,charge,73.62259999999999,1.4645199999999998
51,charge,75.6124,1.46772
51,charge,77.6022,1.4709199999999998
51,charge,79.592,1.4741199999999999
51,charge,81.5818,1.4773199999999997
51,charge,83.57159999999999,1.4805199999999998
51,charge,85.56139999999999,1.48372
51,charge,87.5512,1.4869199999999998
51,charge,89.541,1.49012
51,charge,91.5308,1.4933199999999998
51,charge,93.5206,1.4965199999999999
51,charge,95.51039999999999,1.49972
51,charge,97.50019999999999,1.5029199999999998
51,charge,99.49,1.50612
51,discharge,0.0,1.2361211639999998
51,discharge,1.9519540039999999,1.2337211639999999
51,discharge,3.9039080079999997,1.2313211639999997
51,discharge,5.855862011999999,1.2289211639999997
51,discharge,7.807816015999999,1.2265211639999998
51,discharge,9.75977002,1.2241211639999998
51,discharge,11.711724023999999,1.2217211639999999
51,discharge,13.663678028,1.2193211639999997
51,discharge,15.615632031999999,1.2169211639999997
51,discharge,17.567586035999998,1.2145211639999998
51,discharge,19.51954004,1.2121211639999998
51,discharge,21.471494044,1.2097211639999998
51,discharge,23.423448047999997,1.2073211639999997
51,discharge,25.375402052,1.2049211639999997
51,discharge,27.327356056,1.2025211639999998
51,discharge,29.279310059999997,1.2001211639999998
51,discharge,31.231264063999998,1.1977211639999998
51,discharge,33.183218068,1.1953211639999997
51,discharge,35.135172071999996,1.1929211639999997
51,discharge,37.087126076,1.1905211639999997
51,discharge,39.03908008,1.1881211639999998
51,discharge,40.99103408399999,1.1857211639999998
51,discharge,42.942988088,1.1833211639999999
51,discharge,44.894942092,1.1809211639999997
51,discharge,46.846896095999995,1.1785211639999997
51,discharge,48.798850099999996,1.1761211639999998
51,discharge,50.750804104,1.1737211639999998
51,discharge,52.702758108,1.1713211639999999
51,discharge,54.654712112,1.1689211639999997
51,discharge,56.60666611599999,1.1665211639999997
51,discharge,58.55862011999999,1.1641211639999998
51,discharge,60.510574123999994,1.1617211639999998
51,discharge,62.462528127999995,1.1593211639999998
51,discharge,64.414482132,1.1569211639999997
51,discharge,66.366436136,1.1545211639999997
51,discharge,68.31839014,1.1521211639999998
51,discharge,70.27034414399999,1.1497211639999998
51,discharge,72.222298148,1.1473211639999998
51,discharge,74.174252152,1.1449211639999999
51,discharge,76.126206156,1.1425211639999997
51,discharge,78.07816016,1.1401211639999997
51,discharge,80.030114164,1.1377211639999998
51,discharge,81.98206816799998,1.1353211639999998
51,discharge,83.93402217199998,1.1329211639999999
51,discharge,85.885976176,1.1305211639999997
51,discharge,87.83793018,1.1281211639999997
51,discharge,89.789884184,1.1257211639999998
51,discharge,91.741838188,1.1233211639999998
51,discharge,93.69379219199999,1.1209211639999999
51,discharge,95.64574619599999,1.1185211639999997
51,discharge,97.59770019999999,1.1161211639999997
52,charge,0.0,1.3462399999999999
52,charge,1.9896,1.34944
52,charge,3.9792,1.35264
52,charge,5.9688,1.35584
52,charge,7.9584,1.35904
52,charge,9.948,1.36224
52,charge,11.9376,1.36544
52,charge,13.927200000000003,1.3686399999999999
52,charge,15.9168,1.37184
52,charge,17.9064,1.37504
52,charge,19.896,1.37824
52,charge,21.8856,1.38144
52,charge,23.8752,1.3846399999999999
52,charge,25.864800000000002,1.38784
52,charge,27.854400000000005,1.39104
52,charge,29.844,1.39424
52,charge,31.8336,1.39744
52,charge,33.82320000000001,1.4006399999999999
52,charge,35.8128,1.40384
52,charge,37.8024,1.4070399999999998
52,charge,39.792,1.41024
52,charge,41.7816,1.41344
52,charge,43.7712,1.41664
52,charge,45.7608,1.41984
52,charge,47.7504,1.4230399999999999
52,charge,49.74,1.42624
52,charge,51.729600000000005,1.42944
52,charge,53.71920000000001,1.43264
52,charge,55.70880000000001,1.43584
52,charge,57.6984,1.4390399999999999
52,charge,59.688,1.44224
52,charge,61.677600000000005,1.44544
52,charge,63.6672,1.44864
52,charge,65.6568,1.45184
52,charge,67.64640000000001,1.45504
52,charge,69.63600000000001,1.45824
52,charge,71.6256,1.4614399999999999
52,charge,73.6152,1.46464
52,charge,75.6048,1.46784
52,charge,77.59440000000001,1.47104
52,charge,79.584,1.47424
52,charge,81.57360000000001,1.4774399999999999
52,charge,83.5632,1.48064
52,charge,85.5528,1.48384
52,charge,87.5424,1.48704
52,charge,89.53200000000001,1.49024
52,charge,91.5216,1.4934399999999999
52,charge,93.51120000000002,1.49664
52,charge,95.5008,1.4998399999999998
52,charge,97.49040000000001,1.50304
52,charge,99.48,1.50624
52,discharge,0.0,1.235792256
52,discharge,1.951718016,1.2333922560000001
52,discharge,3.903436032,1.230992256
52,discharge,5.855154048,1.228592256
52,discharge,7.806872064,1.226192256
52,discharge,9.758590080000001,1.223792256
52,discharge,11.710308096,1.2213922560000001
52,discharge,13.662026112000001,1.218992256
52,discharge,15.613744128,1.216592256
52,discharge,17.565462144,1.214192256
52,discharge,19.517180160000002,1.211792256
52,discharge,21.468898176,1.209392256
52,discharge,23.420616192,1.206992256
52,discharge,25.372334208,1.204592256
52,discharge,27.324052224000003,1.202192256
52,discharge,29.27577024,1.199792256
52,discharge,31.227488256,1.197392256
52,discharge,33.179206272,1.194992256
52,discharge,35.130924288,1.192592256
52,discharge,37.082642304000004,1.190192256
52,discharge,39.034360320000005,1.187792256
52,discharge,40.986078336,1.185392256
52,discharge,42.937796352,1.1829922560000001
52,discharge,44.88951436800001,1.180592256
52,discharge,46.841232384,1.178192256
52,discharge,48.7929504,1.175792256
52,discharge,50.744668416,1.173392256
52,discharge,52.696386432000004,1.1709922560000001
52,discharge,54.648104448000005,1.168592256
52,discharge,56.599822464,1.166192256
52,discharge,58.55154048,1.163792256
52,discharge,60.503258496,1.161392256
52,discharge,62.454976512,1.158992256
52,discharge,64.406694528,1.156592256
52,discharge,66.358412544,1.154192256
52,discharge,68.31013056,1.151792256
52,discharge,70.261848576,1.149392256
52,discharge,72.213566592,1.146992256
52,discharge,74.16528460800001,1.1445922560000001
52,discharge,76.11700262400001,1.142192256
52,discharge,78.06872064000001,1.139792256
52,discharge,80.02043865600001,1.137392256
52,discharge,81.972156672,1.134992256
52,discharge,83.923874688,1.1325922560000001
52,discharge,85.875592704,1.130192256
52,discharge,87.82731072,1.127792256
52,discharge,89.77902873600001,1.125392256
52,discharge,91.73074675200002,1.122992256
52,discharge,93.682464768,1.1205922560000001
52,discharge,95.634182784,1.118192256
52,discharge,97.5859008,1.115792256
53,charge,0.0,1.3463599999999998
53,charge,1.9894,1.3495599999999999
53,charge,3.9788,1.35276
53,charge,5.9681999999999995,1.3559599999999998
53,charge,7.9576,1.35916
53,charge,9.947000000000001,1.3623599999999998
53,charge,11.936399999999999,1.3655599999999999
53,charge,13.9258,1.3687599999999998
53,charge,15.9152,1.3719599999999998
53,charge,17.9046,1.37516
53,charge,19.894000000000002,1.3783599999999998
53,charge,21.883399999999998,1.38156
53,charge,23.872799999999998,1.3847599999999998
53,charge,25.8622,1.3879599999999999
53,charge,27.8516,1.39116
53,charge,29.840999999999998,1.3943599999999998
53,charge,31.8304,1.39756
53,charge,33.8198,1.4007599999999998
53,charge,35.8092,1.4039599999999999
53,charge,37.7986,1.4071599999999997
53,charge,39.788000000000004,1.4103599999999998
53,charge,41.7774,1.41356
53,charge,43.766799999999996,1.4167599999999998
53,charge,45.7562,1.4199599999999999
53,charge,47.745599999999996,1.4231599999999998
53,charge,49.735,1.4263599999999999
53,charge,51.7244,1.42956
53,charge,53.713800000000006,1.4327599999999998
53,charge,55.7032,1.43596
53,charge,57.6926,1.4391599999999998
53,charge,59.681999999999995,1.4423599999999999
53,charge,61.6714,1.44556
53,charge,63.6608,1.4487599999999998
53,charge,65.6502,1.45196
53,charge,67.6396,1.4551599999999998
53,charge,69.629,1.4583599999999999
53,charge,71.6184,1.4615599999999997
53,charge,73.6078,1.4647599999999998
53,charge,75.5972,1.46796
53,charge,77.5866,1.4711599999999998
53,charge,79.57600000000001,1.47436
53,charge,81.56540000000001,1.4775599999999998
53,charge,83.5548,1.4807599999999999
53,charge,85.5442,1.48396
53,charge,87.53359999999999,1.4871599999999998
53,charge,89.523,1.49036
53,charge,91.5124,1.4935599999999998
53,charge,93.5018,1.4967599999999999
53,charge,95.49119999999999,1.4999599999999997
53,charge,97.4806,1.5031599999999998
53,charge,99.47,1.50636
53,discharge,0.0,1.235463276
53,discharge,1.9514820360000003,1.233063276
53,discharge,3.9029640720000005,1.2306632759999998
53,discharge,5.854446108,1.2282632759999998
53,discharge,7.805928144000001,1.225863276
53,discharge,9.75741018,1.223463276
53,discharge,11.708892216,1.221063276
53,discharge,13.660374252000002,1.2186632759999998
53,discharge,15.611856288000002,1.2162632759999998
53,discharge,17.563338324,1.2138632759999999
53,discharge,19.51482036,1.211463276
53,discharge,21.466302396000003,1.209063276
53,discharge,23.417784432,1.2066632759999998
53,discharge,25.369266468000003,1.2042632759999998
53,discharge,27.320748504000004,1.2018632759999999
53,discharge,29.272230540000002,1.199463276
53,discharge,31.223712576000004,1.197063276
53,discharge,33.175194612000006,1.194663276
53,discharge,35.126676648,1.1922632759999998
53,discharge,37.078158684,1.1898632759999999
53,discharge,39.02964072,1.187463276
53,discharge,40.981122756000005,1.185063276
53,discharge,42.93260479200001,1.182663276
53,discharge,44.88408682800001,1.1802632759999998
53,discharge,46.835568864,1.1778632759999998
53,discharge,48.787050900000004,1.175463276
53,discharge,50.738532936000006,1.173063276
53,discharge,52.69001497200001,1.170663276
53,discharge,54.64149700800001,1.1682632759999998
53,discharge,56.592979044,1.1658632759999998
53,discharge,58.544461080000005,1.1634632759999999
53,discharge,60.49594311600001,1.161063276
53,discharge,62.44742515200001,1.158663276
53,discharge,64.39890718800001,1.1562632759999998
53,discharge,66.35038922400001,1.1538632759999998
53,discharge,68.30187126000001,1.1514632759999999
53,discharge,70.253353296,1.149063276
53,discharge,72.204835332,1.146663276
53,discharge,74.156317368,1.144263276
53,discharge,76.107799404,1.1418632759999998
53,discharge,78.05928144,1.1394632759999999
53,discharge,80.01076347600001,1.137063276
53,discharge,81.96224551200001,1.134663276
53,discharge,83.91372754800001,1.132263276
53,discharge,85.86520958400001,1.1298632759999998
53,discharge,87.81669162000001,1.1274632759999998
53,discharge,89.76817365600002,1.125063276
53,discharge,91.71965569200002,1.122663276
53,discharge,93.671137728,1.120263276
53,discharge,95.622619764,1.1178632759999998
53,discharge,97.57410180000001,1.1154632759999998
54,charge,0.0,1.34648
54,charge,1.9891999999999999,1.34968
54,charge,3.9783999999999997,1.3528799999999999
54,charge,5.967599999999999,1.35608
54,charge,7.956799999999999,1.35928
54,charge,9.946,1.36248
54,charge,11.935199999999998,1.36568
54,charge,13.9244,1.3688799999999999
54,charge,15.913599999999999,1.37208
54,charge,17.9028,1.37528
54,charge,19.892,1.37848
54,charge,21.8812,1.38168
54,charge,23.870399999999997,1.3848799999999999
54,charge,25.8596,1.38808
54,charge,27.8488,1.39128
54,charge,29.837999999999997,1.39448
54,charge,31.827199999999998,1.39768
54,charge,33.8164,1.40088
54,charge,35.8056,1.40408
54,charge,37.794799999999995,1.4072799999999999
54,charge,39.784,1.41048
54,charge,41.773199999999996,1.41368
54,charge,43.7624,1.41688
54,charge,45.751599999999996,1.42008
54,charge,47.74079999999999,1.4232799999999999
54,charge,49.73,1.42648
54,charge,51.7192,1.42968
54,charge,53.7084,1.43288
54,charge,55.6976,1.43608
54,charge,57.68679999999999,1.43928
54,charge,59.675999999999995,1.44248
54,charge,61.6652,1.44568
54,charge,63.654399999999995,1.44888
54,charge,65.64359999999999,1.45208
54,charge,67.6328,1.45528
54,charge,69.622,1.45848
54,charge,71.6112,1.4616799999999999
54,charge,73.6004,1.46488
54,charge,75.58959999999999,1.46808
54,charge,77.5788,1.47128
54,charge,79.568,1.47448
54,charge,81.5572,1.4776799999999999
54,charge,83.54639999999999,1.48088
54,charge,85.53559999999999,1.48408
54,charge,87.5248,1.48728
54,charge,89.514,1.49048
54,charge,91.50319999999999,1.49368
54,charge,93.4924,1.49688
54,charge,95.48159999999999,1.50008
54,charge,97.4708,1.50328
54,charge,99.46,1.50648
54,discharge,0.0,1.235134224
54,discharge,1.951246064,1.232734224
54,discharge,3.902492128,1.230334224
54,discharge,5.853738192,1.227934224
54,discharge,7.804984256,1.225534224
54,discharge,9.75623032,1.223134224
54,discharge,11.707476384,1.220734224
54,discharge,13.658722448000002,1.218334224
54,discharge,15.609968512,1.215934224
54,discharge,17.561214576,1.213534224
54,discharge,19.51246064,1.211134224
54,discharge,21.463706704,1.208734224
54,discharge,23.414952768,1.206334224
54,discharge,25.366198832000002,1.203934224
54,discharge,27.317444896000005,1.201534224
54,discharge,29.26869096,1.199134224
54,discharge,31.219937024,1.196734224
54,discharge,33.17118308800001,1.1943342239999999
54,discharge,35.122429152,1.191934224
54,discharge,37.073675216,1.189534224
54,discharge,39.02492128,1.187134224
54,discharge,40.976167344,1.184734224
54,discharge,42.927413408,1.182334224
54,discharge,44.878659472,1.179934224
54,discharge,46.829905536,1.177534224
54,discharge,48.7811516,1.175134224
54,discharge,50.732397664000004,1.172734224
54,discharge,52.68364372800001,1.170334224
54,discharge,54.63488979200001,1.167934224
54,discharge,56.586135856,1.165534224
54,discharge,58.53738192,1.163134224
54,discharge,60.488627984000004,1.160734224
54,discharge,62.439874048,1.158334224
54,discharge,64.39112011200001,1.155934224
54,discharge,66.34236617600001,1.153534224
54,discharge,68.29361224,1.151134224
54,discharge,70.244858304,1.148734224
54,discharge,72.19610436800001,1.146334224
54,discharge,74.147350432,1.143934224
54,discharge,76.098596496,1.141534224
54,discharge,78.04984256,1.139134224
54,discharge,80.001088624,1.136734224
54,discharge,81.952334688,1.134334224
54,discharge,83.903580752,1.131934224
54,discharge,85.854826816,1.129534224
54,discharge,87.80607288,1.127134224
54,discharge,89.757318944,1.124734224
54,discharge,91.70856500800001,1.122334224
54,discharge,93.659811072,1.119934224
54,discharge,95.611057136,1.117534224
54,discharge,97.5623032,1.115134224
55,charge,0.0,1.3465999999999998
55,charge,1.989,1.3497999999999999
55,charge,3.978,1.3529999999999998
55,charge,5.967,1.3561999999999999
55,charge,7.956,1.3594
55,charge,9.945,1.3625999999999998
55,charge,11.934,1.3658
55,charge,13.923000000000002,1.3689999999999998
55,charge,15.912,1.3721999999999999
55,charge,17.901,1.3754
55,charge,19.89,1.3785999999999998
55,charge,21.879,1.3818
55,charge,23.868,1.3849999999999998
55,charge,25.857000000000003,1.3881999999999999
55,charge,27.846000000000004,1.3914
55,charge,29.835,1.3945999999999998
55,charge,31.824,1.3978
55,charge,33.813,1.4009999999999998
55,charge,35.802,1.4042
55,charge,37.791000000000004,1.4073999999999998
55,charge,39.78,1.4105999999999999
55,charge,41.769,1.4138
55,charge,43.758,1.4169999999999998
55,charge,45.747,1.4202
55,charge,47.736,1.4233999999999998
55,charge,49.725,1.4265999999999999
55,charge,51.714000000000006,1.4298
55,charge,53.703,1.4329999999999998
55,charge,55.69200000000001,1.4362
55,charge,57.681,1.4393999999999998
55,charge,59.67,1.4425999999999999
55,charge,61.659,1.4458
55,charge,63.648,1.4489999999999998
55,charge,65.637,1.4522
55,charge,67.626,1.4553999999999998
55,charge,69.61500000000001,1.4586
55,charge,71.604,1.4617999999999998
55,charge,73.593,1.4649999999999999
55,charge,75.58200000000001,1.4682
55,charge,77.571,1.4713999999999998
55,charge,79.56,1.4746
55,charge,81.549,1.4777999999999998
55,charge,83.538,1.4809999999999999
55,charge,85.527,1.4842
55,charge,87.516,1.4873999999999998
55,charge,89.50500000000001,1.4906
55,charge,91.494,1.4937999999999998
55,charge,93.483,1.4969999999999999
55,charge,95.472,1.5002
55,charge,97.461,1.5033999999999998
55,charge,99.45,1.5066
55,discharge,0.0,1.2348051
55,discharge,1.9510101,1.2324051
55,discharge,3.9020202,1.2300050999999999
55,discharge,5.8530302999999995,1.2276051
55,discharge,7.8040404,1.2252051
55,discharge,9.755050500000001,1.2228051
55,discharge,11.706060599999999,1.2204051
55,discharge,13.657070700000002,1.2180050999999998
55,discharge,15.6080808,1.2156050999999999
55,discharge,17.5590909,1.2132051
55,discharge,19.510101000000002,1.2108051
55,discharge,21.4611111,1.2084051
55,discharge,23.412121199999998,1.2060050999999998
55,discharge,25.363131300000003,1.2036050999999999
55,discharge,27.314141400000004,1.2012051
55,discharge,29.265151499999998,1.1988051
55,discharge,31.2161616,1.1964051
55,discharge,33.167171700000004,1.1940051
55,discharge,35.1181818,1.1916050999999999
55,discharge,37.0691919,1.1892051
55,discharge,39.020202000000005,1.1868051
55,discharge,40.9712121,1.1844051
55,discharge,42.9222222,1.1820051
55,discharge,44.873232300000005,1.1796050999999999
55,discharge,46.824242399999996,1.1772051
55,discharge,48.7752525,1.1748051
55,discharge,50.726262600000005,1.1724051
55,discharge,52.6772727,1.1700051
55,discharge,54.62828280000001,1.1676050999999998
55,discharge,56.5792929,1.1652050999999999
55,discharge,58.530302999999996,1.1628051
55,discharge,60.4813131,1.1604051
55,discharge,62.4323232,1.1580051
55,discharge,64.3833333,1.1556050999999998
55,discharge,66.33434340000001,1.1532050999999999
55,discharge,68.28535350000001,1.1508051
55,discharge,70.2363636,1.1484051
55,discharge,72.1873737,1.1460051
55,discharge,74.1383838,1.1436051
55,discharge,76.0893939,1.1412050999999999
55,discharge,78.04040400000001,1.1388051
55,discharge,79.9914141,1.1364051
55,discharge,81.9424242,1.1340051
55,discharge,83.8934343,1.1316051
55,discharge,85.8444444,1.1292050999999999
55,discharge,87.7954545,1.1268051
55,discharge,89.74646460000001,1.1244051
55,discharge,91.6974747,1.1220051
55,discharge,93.64848479999999,1.1196051
55,discharge,95.5994949,1.1172050999999998
55,discharge,97.550505,1.1148050999999999
56,charge,0.0,1.34672
56,charge,1.9888,1.34992
56,charge,3.9776,1.35312
56,charge,5.966399999999999,1.35632
56,charge,7.9552,1.35952
56,charge,9.944,1.36272
56,charge,11.932799999999999,1.36592
56,charge,13.921600000000002,1.36912
56,charge,15.9104,1.37232
56,charge,17.8992,1.37552
56,charge,19.888,1.37872
56,charge,21.8768,1.38192
56,charge,23.865599999999997,1.38512
56,charge,25.854400000000002,1.38832
56,charge,27.843200000000003,1.39152
56,charge,29.831999999999997,1.39472
56,charge,31.8208,1.39792
56,charge,33.8096,1.40112
56,charge,35.7984,1.40432
56,charge,37.7872,1.4075199999999999
56,charge,39.776,1.41072
56,charge,41.7648,1.41392
56,charge,43.7536,1.41712
56,charge,45.7424,1.42032
56,charge,47.731199999999994,1.42352
56,charge,49.72,1.42672
56,charge,51.708800000000004,1.42992
56,charge,53.6976,1.43312
56,charge,55.686400000000006,1.43632
56,charge,57.6752,1.43952
56,charge,59.663999999999994,1.44272
56,charge,61.6528,1.44592
56,charge,63.6416,1.44912
56,charge,65.6304,1.45232
56,charge,67.6192,1.45552
56,charge,69.608,1.45872
56,charge,71.5968,1.4619199999999999
56,charge,73.5856,1.46512
56,charge,75.5744,1.46832
56,charge,77.5632,1.47152
56,charge,79.552,1.47472
56,charge,81.5408,1.47792
56,charge,83.5296,1.48112
56,charge,85.5184,1.48432
56,charge,87.5072,1.48752
56,charge,89.496,1.49072
56,charge,91.4848,1.49392
56,charge,93.4736,1.49712
56,charge,95.46239999999999,1.5003199999999999
56,charge,97.4512,1.50352
56,charge,99.44,1.50672
56,discharge,0.0,1.234475904
56,discharge,1.950774144,1.232075904
56,discharge,3.901548288,1.2296759039999998
56,discharge,5.852322431999999,1.2272759039999999
56,discharge,7.803096576,1.224875904
56,discharge,9.75387072,1.222475904
56,discharge,11.704644863999999,1.220075904
56,discharge,13.655419007999999,1.2176759039999998
56,discharge,15.606193152,1.2152759039999999
56,discharge,17.556967295999996,1.212875904
56,discharge,19.50774144,1.210475904
56,discharge,21.458515583999997,1.208075904
56,discharge,23.409289727999997,1.2056759039999998
56,discharge,25.360063871999998,1.2032759039999998
56,discharge,27.310838015999998,1.2008759039999999
56,discharge,29.261612159999995,1.198475904
56,discharge,31.212386304,1.196075904
56,discharge,33.163160448,1.193675904
56,discharge,35.11393459199999,1.1912759039999998
56,discharge,37.064708736,1.1888759039999999
56,discharge,39.01548288,1.186475904
56,discharge,40.966257023999994,1.184075904
56,discharge,42.917031167999994,1.181675904
56,discharge,44.867805311999994,1.1792759039999998
56,discharge,46.818579455999995,1.1768759039999999
56,discharge,48.769353599999995,1.174475904
56,discharge,50.720127743999996,1.172075904
56,discharge,52.670901887999996,1.169675904
56,discharge,54.621676031999996,1.1672759039999998
56,discharge,56.57245017599999,1.1648759039999999
56,discharge,58.52322431999999,1.162475904
56,discharge,60.47399846399999,1.160075904
56,discharge,62.424772608,1.157675904
56,discharge,64.37554675199999,1.1552759039999998
56,discharge,66.326320896,1.1528759039999998
56,discharge,68.27709504,1.1504759039999999
56,discharge,70.22786918399999,1.148075904
56,discharge,72.17864332799999,1.145675904
56,discharge,74.129417472,1.143275904
56,discharge,76.080191616,1.1408759039999998
56,discharge,78.03096576,1.1384759039999999
56,discharge,79.981739904,1.136075904
56,discharge,81.93251404799999,1.133675904
56,discharge,83.883288192,1.131275904
56,discharge,85.83406233599999,1.1288759039999998
56,discharge,87.78483648,1.1264759039999999
56,discharge,89.73561062399999,1.124075904
56,discharge,91.686384768,1.121675904
56,discharge,93.63715891199999,1.119275904
56,discharge,95.58793305599998,1.1168759039999998
56,discharge,97.53870719999999,1.1144759039999999
57,charge,0.0,1.3468399999999998
57,charge,1.9886000000000001,1.35004
57,charge,3.9772000000000003,1.35324
57,charge,5.9658,1.3564399999999999
57,charge,7.954400000000001,1.35964
57,charge,9.943000000000001,1.3628399999999998
57,charge,11.9316,1.36604
57,charge,13.920200000000003,1.3692399999999998
57,charge,15.908800000000001,1.3724399999999999
57,charge,17.8974,1.37564
57,charge,19.886000000000003,1.3788399999999998
57,charge,21.8746,1.38204
57,charge,23.8632,1.3852399999999998
57,charge,25.851800000000004,1.38844
57,charge,27.840400000000006,1.39164
57,charge,29.829,1.3948399999999999
57,charge,31.817600000000002,1.39804
57,charge,33.806200000000004,1.4012399999999998
57,charge,35.7948,1.40444
57,charge,37.7834,1.4076399999999998
57,charge,39.772000000000006,1.4108399999999999
57,charge,41.760600000000004,1.41404
57,charge,43.7492,1.4172399999999998
57,charge,45.73780000000001,1.42044
57,charge,47.7264,1.4236399999999998
57,charge,49.715,1.4268399999999999
57,charge,51.70360000000001,1.43004
57,charge,53.69220000000001,1.4332399999999998
57,charge,55.68080000000001,1.43644
57,charge,57.6694,1.4396399999999998
57,charge,59.658,1.44284
57,charge,61.64660000000001,1.44604
57,charge,63.635200000000005,1.4492399999999999
57,charge,65.6238,1.45244
57,charge,67.61240000000001,1.4556399999999998
57,charge,69.60100000000001,1.45884
57,charge,71.5896,1.4620399999999998
57,charge,73.57820000000001,1.4652399999999999
57,charge,75.5668,1.46844
57,charge,77.5554,1.4716399999999998
57,charge,79.54400000000001,1.47484
57,charge,81.53260000000002,1.4780399999999998
57,charge,83.52120000000001,1.48124
57,charge,85.5098,1.48444
57,charge,87.4984,1.4876399999999999
57,charge,89.48700000000001,1.49084
57,charge,91.47560000000001,1.4940399999999998
57,charge,93.4642,1.49724
57,charge,95.4528,1.5004399999999998
57,charge,97.4414,1.5036399999999999
57,charge,99.43,1.50684
57,discharge,0.0,1.234146636
57,discharge,1.9505381960000001,1.231746636
57,discharge,3.9010763920000002,1.2293466359999998
57,discharge,5.8516145879999995,1.2269466359999999
57,discharge,7.8021527840000005,1.224546636
57,discharge,9.75269098,1.222146636
57,discharge,11.703229175999999,1.219746636
57,discharge,13.653767372,1.2173466359999998
57,discharge,15.604305568000001,1.2149466359999999
57,discharge,17.554843763999997,1.212546636
57,discharge,19.50538196,1.210146636
57,discharge,21.455920156,1.207746636
57,discharge,23.406458351999998,1.2053466359999998
57,discharge,25.356996548,1.2029466359999998
57,discharge,27.307534744,1.200546636
57,discharge,29.258072939999998,1.198146636
57,discharge,31.208611136000002,1.195746636
57,discharge,33.159149332,1.1933466359999998
57,discharge,35.109687527999995,1.1909466359999998
57,discharge,37.060225724,1.1885466359999999
57,discharge,39.01076392,1.186146636
57,discharge,40.961302116,1.183746636
57,discharge,42.911840312,1.181346636
57,discharge,44.862378508,1.1789466359999998
57,discharge,46.812916703999996,1.1765466359999999
57,discharge,48.7634549,1.174146636
57,discharge,50.713993096,1.171746636
57,discharge,52.664531292,1.169346636
57,discharge,54.615069488,1.1669466359999998
57,discharge,56.56560768399999,1.1645466359999999
57,discharge,58.516145879999996,1.162146636
57,discharge,60.466684076,1.159746636
57,discharge,62.417222272000004,1.157346636
57,discharge,64.367760468,1.1549466359999998
57,discharge,66.318298664,1.1525466359999998
57,discharge,68.26883686000001,1.1501466359999999
57,discharge,70.21937505599999,1.147746636
57,discharge,72.169913252,1.145346636
57,discharge,74.120451448,1.142946636
57,discharge,76.07098964400001,1.1405466359999998
57,discharge,78.02152784,1.1381466359999999
57,discharge,79.972066036,1.135746636
57,discharge,81.922604232,1.133346636
57,discharge,83.873142428,1.130946636
57,discharge,85.823680624,1.1285466359999998
57,discharge,87.77421882,1.1261466359999999
57,discharge,89.724757016,1.123746636
57,discharge,91.67529521200001,1.121346636
57,discharge,93.62583340799999,1.118946636
57,discharge,95.576371604,1.1165466359999998
57,discharge,97.5269098,1.1141466359999999
58,charge,0.0,1.34696
58,charge,1.9884000000000002,1.35016
58,charge,3.9768000000000003,1.35336
58,charge,5.9652,1.35656
58,charge,7.953600000000001,1.35976
58,charge,9.942,1.36296
58,charge,11.9304,1.36616
58,charge,13.918800000000001,1.36936
58,charge,15.907200000000001,1.37256
58,charge,17.895599999999998,1.37576
58,charge,19.884,1.37896
58,charge,21.8724,1.38216
58,charge,23.8608,1.38536
58,charge,25.8492,1.38856
58,charge,27.837600000000002,1.39176
58,charge,29.826,1.39496
58,charge,31.814400000000003,1.39816
58,charge,33.802800000000005,1.40136
58,charge,35.791199999999996,1.40456
58,charge,37.7796,1.40776
58,charge,39.768,1.41096
58,charge,41.7564,1.41416
58,charge,43.7448,1.41736
58,charge,45.733200000000004,1.42056
58,charge,47.7216,1.42376
58,charge,49.71,1.42696
58,charge,51.6984,1.43016
58,charge,53.686800000000005,1.43336
58,charge,55.675200000000004,1.43656
58,charge,57.663599999999995,1.43976
58,charge,59.652,1.44296
58,charge,61.6404,1.4461600000000001
58,charge,63.628800000000005,1.44936
58,charge,65.61720000000001,1.45256
58,charge,67.60560000000001,1.45576
58,charge,69.59400000000001,1.45896
58,charge,71.58239999999999,1.46216
58,charge,73.5708,1.46536
58,charge,75.5592,1.46856
58,charge,77.5476,1.47176
58,charge,79.536,1.47496
58,charge,81.52440000000001,1.47816
58,charge,83.5128,1.48136
58,charge,85.5012,1.48456
58,charge,87.4896,1.48776
58,charge,89.47800000000001,1.49096
58,charge,91.46640000000001,1.49416
58,charge,93.4548,1.49736
58,charge,95.4432,1.5005600000000001
58,charge,97.4316,1.50376
58,charge,99.42,1.50696
58,discharge,0.0,1.233817296
58,discharge,1.950302256,1.231417296
58,discharge,3.900604512,1.2290172959999999
58,discharge,5.850906768,1.226617296
58,discharge,7.801209024,1.224217296
58,discharge,9.75151128,1.221817296
58,discharge,11.701813536,1.219417296
58,discharge,13.652115792,1.2170172959999999
58,discharge,15.602418048,1.214617296
58,discharge,17.552720303999997,1.212217296
58,discharge,19.50302256,1.209817296
58,discharge,21.453324816,1.207417296
58,discharge,23.403627072,1.2050172959999998
58,discharge,25.353929328,1.202617296
58,discharge,27.304231584,1.200217296
58,discharge,29.254533839999997,1.197817296
58,discharge,31.204836096,1.195417296
58,discharge,33.155138352,1.1930172959999998
58,discharge,35.105440607999995,1.1906172959999999
58,discharge,37.055742864,1.188217296
58,discharge,39.00604512,1.185817296
58,discharge,40.956347376,1.183417296
58,discharge,42.906649632,1.181017296
58,discharge,44.856951888,1.1786172959999999
58,discharge,46.807254144,1.176217296
58,discharge,48.7575564,1.173817296
58,discharge,50.707858656,1.171417296
58,discharge,52.658160912,1.169017296
58,discharge,54.608463168,1.1666172959999999
58,discharge,56.55876542399999,1.164217296
58,discharge,58.509067679999994,1.161817296
58,discharge,60.459369935999995,1.159417296
58,discharge,62.409672192,1.157017296
58,discharge,64.359974448,1.1546172959999998
58,discharge,66.310276704,1.152217296
58,discharge,68.26057896,1.149817296
58,discharge,70.21088121599999,1.147417296
58,discharge,72.16118347199999,1.145017296
58,discharge,74.111485728,1.142617296
58,discharge,76.061787984,1.1402172959999999
58,discharge,78.01209024,1.137817296
58,discharge,79.962392496,1.135417296
58,discharge,81.912694752,1.133017296
58,discharge,83.862997008,1.130617296
58,discharge,85.813299264,1.1282172959999999
58,discharge,87.76360152,1.125817296
58,discharge,89.713903776,1.123417296
58,discharge,91.66420603200001,1.121017296
58,discharge,93.614508288,1.118617296
58,discharge,95.564810544,1.1162172959999999
58,discharge,97.5151128,1.113817296
59,charge,0.0,1.3470799999999998
59,charge,1.9882,1.35028
59,charge,3.9764,1.3534799999999998
59,charge,5.9646,1.3566799999999999
59,charge,7.9528,1.35988
59,charge,9.941,1.3630799999999998
59,charge,11.9292,1.36628
59,charge,13.9174,1.3694799999999998
59,charge,15.9056,1.37268
59,charge,17.8938,1.37588
59,charge,19.882,1.3790799999999999
59,charge,21.8702,1.38228
59,charge,23.8584,1.3854799999999998
59,charge,25.8466,1.38868
59,charge,27.8348,1.39188
59,charge,29.822999999999997,1.3950799999999999
59,charge,31.8112,1.39828
59,charge,33.7994,1.4014799999999998
59,charge,35.7876,1.40468
59,charge,37.7758,1.4078799999999998
59,charge,39.764,1.41108
59,charge,41.752199999999995,1.41428
59,charge,43.7404,1.4174799999999999
59,charge,45.7286,1.42068
59,charge,47.7168,1.4238799999999998
59,charge,49.705,1.42708
59,charge,51.6932,1.43028
59,charge,53.681400000000004,1.4334799999999999
59,charge,55.6696,1.43668
59,charge,57.657799999999995,1.4398799999999998
59,charge,59.645999999999994,1.44308
59,charge,61.6342,1.44628
59,charge,63.6224,1.4494799999999999
59,charge,65.6106,1.45268
59,charge,67.5988,1.4558799999999998
59,charge,69.587,1.45908
59,charge,71.5752,1.4622799999999998
59,charge,73.5634,1.46548
59,charge,75.5516,1.46868
59,charge,77.5398,1.4718799999999999
59,charge,79.528,1.47508
59,charge,81.5162,1.4782799999999998
59,charge,83.50439999999999,1.48148
59,charge,85.4926,1.48468
59,charge,87.4808,1.4878799999999999
59,charge,89.469,1.49108
59,charge,91.4572,1.4942799999999998
59,charge,93.4454,1.49748
59,charge,95.4336,1.50068
59,charge,97.42179999999999,1.5038799999999999
59,charge,99.41,1.50708
59,discharge,0.0,1.2334878839999999
59,discharge,1.950066324,1.231087884
59,discharge,3.900132648,1.2286878839999997
59,discharge,5.850198971999999,1.2262878839999998
59,discharge,7.800265296,1.2238878839999998
59,discharge,9.75033162,1.2214878839999999
59,discharge,11.700397943999999,1.219087884
59,discharge,13.650464268000002,1.2166878839999997
59,discharge,15.600530592,1.2142878839999998
59,discharge,17.550596916,1.2118878839999998
59,discharge,19.50066324,1.2094878839999998
59,discharge,21.450729564,1.2070878839999999
59,discharge,23.400795887999998,1.2046878839999997
59,discharge,25.350862212000003,1.2022878839999998
59,discharge,27.300928536000004,1.1998878839999998
59,discharge,29.25099486,1.1974878839999998
59,discharge,31.201061184,1.1950878839999999
59,discharge,33.151127508,1.1926878839999997
59,discharge,35.101193832,1.1902878839999997
59,discharge,37.051260156,1.1878878839999998
59,discharge,39.00132648,1.1854878839999998
59,discharge,40.951392804,1.1830878839999999
59,discharge,42.901459128,1.180687884
59,discharge,44.851525452000004,1.1782878839999997
59,discharge,46.801591775999995,1.1758878839999998
59,discharge,48.7516581,1.1734878839999998
59,discharge,50.701724424000005,1.1710878839999999
59,discharge,52.651790748,1.168687884
59,discharge,54.60185707200001,1.1662878839999997
59,discharge,56.551923396,1.1638878839999998
59,discharge,58.50198972,1.1614878839999998
59,discharge,60.452056044,1.1590878839999998
59,discharge,62.402122368,1.1566878839999999
59,discharge,64.352188692,1.1542878839999997
59,discharge,66.302255016,1.1518878839999998
59,discharge,68.25232134000001,1.1494878839999998
59,discharge,70.202387664,1.1470878839999998
59,discharge,72.152453988,1.1446878839999999
59,discharge,74.102520312,1.142287884
59,discharge,76.052586636,1.1398878839999997
59,discharge,78.00265296,1.1374878839999998
59,discharge,79.95271928400001,1.1350878839999998
59,discharge,81.902785608,1.1326878839999999
59,discharge,83.852851932,1.130287884
59,discharge,85.802918256,1.1278878839999997
59,discharge,87.75298458,1.1254878839999998
59,discharge,89.70305090400001,1.1230878839999998
59,discharge,91.653117228,1.1206878839999999
59,discharge,93.60318355199999,1.118287884
59,discharge,95.553249876,1.1158878839999997
59,discharge,97.5033162,1.1134878839999998
60,charge,0.0,1.3472
60,charge,1.9880000000000002,1.3504
60,charge,3.9760000000000004,1.3536000000000001
60,charge,5.964,1.3568
60,charge,7.952000000000001,1.36
60,charge,9.940000000000001,1.3632
60,charge,11.928,1.3664
60,charge,13.916000000000002,1.3696
60,charge,15.904000000000002,1.3728
60,charge,17.892,1.3760000000000001
60,charge,19.880000000000003,1.3792
60,charge,21.868000000000002,1.3824
60,charge,23.856,1.3856
60,charge,25.844,1.3888
60,charge,27.832000000000004,1.3920000000000001
60,charge,29.82,1.3952
60,charge,31.808000000000003,1.3984
60,charge,33.79600000000001,1.4016
60,charge,35.784,1.4048
60,charge,37.772000000000006,1.408
60,charge,39.760000000000005,1.4112
60,charge,41.748,1.4144
60,charge,43.736000000000004,1.4176
60,charge,45.724000000000004,1.4208
60,charge,47.712,1.424
60,charge,49.7,1.4272
60,charge,51.688,1.4304000000000001
60,charge,53.67600000000001,1.4336
60,charge,55.66400000000001,1.4368
60,charge,57.652,1.44
60,charge,59.64,1.4432
60,charge,61.628,1.4464000000000001
60,charge,63.61600000000001,1.4496
60,charge,65.60400000000001,1.4528
60,charge,67.59200000000001,1.456
60,charge,69.58000000000001,1.4592
60,charge,71.568,1.4624
60,charge,73.556,1.4656
60,charge,75.54400000000001,1.4688
60,charge,77.53200000000001,1.472
60,charge,79.52000000000001,1.4752
60,charge,81.50800000000001,1.4784
60,charge,83.496,1.4816
60,charge,85.48400000000001,1.4848000000000001
60,charge,87.47200000000001,1.488
60,charge,89.46000000000001,1.4912
60,charge,91.44800000000001,1.4944
60,charge,93.436,1.4976
60,charge,95.424,1.5008
60,charge,97.412,1.504
60,charge,99.4,1.5072
60,discharge,0.0,1.2331584
60,discharge,1.9498304000000002,1.2307584
60,discharge,3.8996608000000004,1.2283583999999999
60,discharge,5.8494912,1.2259584
60,discharge,7.799321600000001,1.2235584
60,discharge,9.749152000000002,1.2211584
60,discharge,11.6989824,1.2187584
60,discharge,13.648812800000002,1.2163583999999998
60,discharge,15.598643200000001,1.2139583999999999
60,discharge,17.5484736,1.2115584
60,discharge,19.498304000000005,1.2091584
60,discharge,21.4481344,1.2067584
60,discharge,23.3979648,1.2043583999999998
60,discharge,25.347795200000004,1.2019583999999999
60,discharge,27.297625600000003,1.1995584
60,discharge,29.247456,1.1971584
60,discharge,31.197286400000003,1.1947584
60,discharge,33.147116800000006,1.1923583999999998
60,discharge,35.0969472,1.1899583999999999
60,discharge,37.046777600000006,1.1875584
60,discharge,38.99660800000001,1.1851584
60,discharge,40.946438400000005,1.1827584
60,discharge,42.8962688,1.1803584
60,discharge,44.846099200000005,1.1779583999999999
60,discharge,46.7959296,1.1755584
60,discharge,48.745760000000004,1.1731584
60,discharge,50.69559040000001,1.1707584
60,discharge,52.64542080000001,1.1683584
60,discharge,54.59525120000001,1.1659583999999998
60,discharge,56.5450816,1.1635583999999999
60,discharge,58.494912,1.1611584
60,discharge,60.4447424,1.1587584
60,discharge,62.394572800000006,1.1563584
60,discharge,64.3444032,1.1539583999999998
60,discharge,66.29423360000001,1.1515583999999999
60,discharge,68.24406400000001,1.1491584
60,discharge,70.1938944,1.1467584
60,discharge,72.1437248,1.1443584
60,discharge,74.09355520000001,1.1419584
60,discharge,76.04338560000001,1.1395583999999999
60,discharge,77.99321600000002,1.1371584
60,discharge,79.94304640000001,1.1347584
60,discharge,81.89287680000001,1.1323584
60,discharge,83.8427072,1.1299584
60,discharge,85.7925376,1.1275583999999998
60,discharge,87.74236800000001,1.1251584
60,discharge,89.69219840000001,1.1227584
60,discharge,91.64202880000002,1.1203584
60,discharge,93.5918592,1.1179584
60,discharge,95.54168960000001,1.1155583999999998
60,discharge,97.49152000000001,1.1131583999999999
61,charge,0.0,1.3473199999999999
61,charge,1.9878,1.35052
61,charge,3.9756,1.35372
61,charge,5.9634,1.35692
61,charge,7.9512,1.36012
61,charge,9.939,1.3633199999999999
61,charge,11.9268,1.36652
61,charge,13.914600000000002,1.3697199999999998
61,charge,15.9024,1.37292
61,charge,17.8902,1.37612
61,charge,19.878,1.3793199999999999
61,charge,21.8658,1.38252
61,charge,23.8536,1.3857199999999998
61,charge,25.8414,1.38892
61,charge,27.829200000000004,1.39212
61,charge,29.817,1.39532
61,charge,31.8048,1.39852
61,charge,33.7926,1.4017199999999999
61,charge,35.7804,1.40492
61,charge,37.7682,1.4081199999999998
61,charge,39.756,1.41132
61,charge,41.7438,1.41452
61,charge,43.7316,1.4177199999999999
61,charge,45.7194,1.42092
61,charge,47.7072,1.4241199999999998
61,charge,49.695,1.42732
61,charge,51.6828,1.43052
61,charge,53.6706,1.4337199999999999
61,charge,55.65840000000001,1.43692
61,charge,57.64619999999999,1.4401199999999998
61,charge,59.634,1.44332
61,charge,61.6218,1.44652
61,charge,63.6096,1.44972
61,charge,65.59740000000001,1.45292
61,charge,67.5852,1.4561199999999999
61,charge,69.57300000000001,1.45932
61,charge,71.5608,1.4625199999999998
61,charge,73.5486,1.46572
61,charge,75.5364,1.46892
61,charge,77.52420000000001,1.4721199999999999
61,charge,79.512,1.47532
61,charge,81.49980000000001,1.4785199999999998
61,charge,83.4876,1.48172
61,charge,85.4754,1.48492
61,charge,87.4632,1.4881199999999999
61,charge,89.45100000000001,1.49132
61,charge,91.4388,1.4945199999999998
61,charge,93.42660000000001,1.49772
61,charge,95.4144,1.5009199999999998
61,charge,97.4022,1.50412
61,charge,99.39,1.50732
61,discharge,0.0,1.232828844
61,discharge,1.949594484,1.230428844
61,discharge,3.899188968,1.2280288439999998
61,discharge,5.848783451999999,1.2256288439999998
61,discharge,7.798377936,1.2232288439999999
61,discharge,9.74797242,1.220828844
61,discharge,11.697566903999999,1.218428844
61,discharge,13.647161388,1.2160288439999998
61,discharge,15.596755872,1.2136288439999998
61,discharge,17.546350355999998,1.2112288439999999
61,discharge,19.49594484,1.208828844
61,discharge,21.445539324,1.206428844
61,discharge,23.395133807999997,1.2040288439999998
61,discharge,25.344728292,1.2016288439999998
61,discharge,27.294322776,1.1992288439999998
61,discharge,29.243917259999996,1.196828844
61,discharge,31.193511744,1.194428844
61,discharge,33.143106228,1.1920288439999998
61,discharge,35.092700711999996,1.1896288439999998
61,discharge,37.042295196,1.1872288439999998
61,discharge,38.99188968,1.1848288439999999
61,discharge,40.941484163999995,1.182428844
61,discharge,42.891078648,1.180028844
61,discharge,44.840673132,1.1776288439999998
61,discharge,46.790267615999994,1.1752288439999998
61,discharge,48.739862099999996,1.1728288439999999
61,discharge,50.689456584,1.170428844
61,discharge,52.639051068,1.168028844
61,discharge,54.588645552,1.1656288439999998
61,discharge,56.53824003599999,1.1632288439999998
61,discharge,58.48783451999999,1.1608288439999999
61,discharge,60.437429003999995,1.158428844
61,discharge,62.387023488,1.156028844
61,discharge,64.336617972,1.1536288439999998
61,discharge,66.286212456,1.1512288439999998
61,discharge,68.23580694,1.1488288439999998
61,discharge,70.18540142399999,1.146428844
61,discharge,72.134995908,1.144028844
61,discharge,74.084590392,1.141628844
61,discharge,76.034184876,1.1392288439999998
61,discharge,77.98377936,1.1368288439999998
61,discharge,79.933373844,1.1344288439999999
61,discharge,81.88296832799999,1.132028844
61,discharge,83.83256281199999,1.129628844
61,discharge,85.782157296,1.1272288439999998
61,discharge,87.73175178,1.1248288439999998
61,discharge,89.681346264,1.1224288439999999
61,discharge,91.630940748,1.120028844
61,discharge,93.58053523199999,1.117628844
61,discharge,95.53012971599999,1.1152288439999998
61,discharge,97.47972419999999,1.1128288439999998
62,charge,0.0,1.3474399999999997
62,charge,1.9876,1.3506399999999998
62,charge,3.9752,1.35384
62,charge,5.9628,1.3570399999999998
62,charge,7.9504,1.36024
62,charge,9.938,1.3634399999999998
62,charge,11.9256,1.3666399999999999
62,charge,13.913200000000002,1.3698399999999997
62,charge,15.9008,1.3730399999999998
62,charge,17.888399999999997,1.37624
62,charge,19.876,1.3794399999999998
62,charge,21.863599999999998,1.3826399999999999
62,charge,23.8512,1.3858399999999997
62,charge,25.8388,1.3890399999999998
62,charge,27.826400000000003,1.39224
62,charge,29.813999999999997,1.3954399999999998
62,charge,31.8016,1.3986399999999999
62,charge,33.7892,1.4018399999999998
62,charge,35.776799999999994,1.4050399999999998
62,charge,37.7644,1.4082399999999997
62,charge,39.752,1.4114399999999998
62,charge,41.739599999999996,1.41464
62,charge,43.727199999999996,1.4178399999999998
62,charge,45.7148,1.4210399999999999
62,charge,47.7024,1.4242399999999997
62,charge,49.69,1.4274399999999998
62,charge,51.6776,1.43064
62,charge,53.6652,1.4338399999999998
62,charge,55.652800000000006,1.4370399999999999
62,charge,57.64039999999999,1.4402399999999997
62,charge,59.62799999999999,1.4434399999999998
62,charge,61.61559999999999,1.44664
62,charge,63.6032,1.4498399999999998
62,charge,65.5908,1.4530399999999999
62,charge,67.5784,1.4562399999999998
62,charge,69.566,1.4594399999999998
62,charge,71.55359999999999,1.4626399999999997
62,charge,73.54119999999999,1.4658399999999998
62,charge,75.5288,1.46904
62,charge,77.5164,1.4722399999999998
62,charge,79.504,1.4754399999999999
62,charge,81.4916,1.4786399999999997
62,charge,83.47919999999999,1.4818399999999998
62,charge,85.46679999999999,1.48504
62,charge,87.45439999999999,1.4882399999999998
62,charge,89.442,1.4914399999999999
62,charge,91.4296,1.4946399999999997
62,charge,93.41720000000001,1.4978399999999998
62,charge,95.4048,1.5010399999999997
62,charge,97.3924,1.5042399999999998
62,charge,99.38,1.50744
62,discharge,0.0,1.232499216
62,discharge,1.949358576,1.230099216
62,discharge,3.898717152,1.2276992159999998
62,discharge,5.8480757279999995,1.2252992159999998
62,discharge,7.797434304,1.2228992159999998
62,discharge,9.746792880000001,1.2204992159999999
62,discharge,11.696151455999999,1.218099216
62,discharge,13.645510032,1.2156992159999997
62,discharge,15.594868608,1.2132992159999998
62,discharge,17.544227183999997,1.2108992159999998
62,discharge,19.493585760000002,1.2084992159999999
62,discharge,21.442944336,1.206099216
62,discharge,23.392302911999998,1.2036992159999997
62,discharge,25.341661488,1.2012992159999998
62,discharge,27.291020064,1.1988992159999998
62,discharge,29.240378639999996,1.1964992159999999
62,discharge,31.189737216,1.194099216
62,discharge,33.139095792,1.191699216
62,discharge,35.088454367999994,1.1892992159999998
62,discharge,37.037812944,1.1868992159999998
62,discharge,38.987171520000004,1.1844992159999999
62,discharge,40.936530096,1.182099216
62,discharge,42.885888672,1.179699216
62,discharge,44.835247248,1.1772992159999998
62,discharge,46.784605823999996,1.1748992159999998
62,discharge,48.7339644,1.1724992159999998
62,discharge,50.683322976,1.1700992159999999
62,discharge,52.632681552,1.167699216
62,discharge,54.582040128,1.1652992159999997
62,discharge,56.53139870399999,1.1628992159999998
62,discharge,58.48075727999999,1.1604992159999998
62,discharge,60.43011585599999,1.1580992159999999
62,discharge,62.379474432,1.155699216
62,discharge,64.328833008,1.1532992159999997
62,discharge,66.278191584,1.1508992159999998
62,discharge,68.22755016,1.1484992159999998
62,discharge,70.17690873599999,1.1460992159999999
62,discharge,72.126267312,1.143699216
62,discharge,74.075625888,1.141299216
62,discharge,76.024984464,1.1388992159999998
62,discharge,77.97434304000001,1.1364992159999998
62,discharge,79.923701616,1.1340992159999999
62,discharge,81.873060192,1.131699216
62,discharge,83.82241876799999,1.129299216
62,discharge,85.771777344,1.1268992159999998
62,discharge,87.72113592,1.1244992159999998
62,discharge,89.670494496,1.1220992159999998
62,discharge,91.619853072,1.1196992159999999
62,discharge,93.56921164799999,1.117299216
62,discharge,95.51857022399999,1.1148992159999997
62,discharge,97.4679288,1.1124992159999998
63,charge,0.0,1.3475599999999999
63,charge,1.9874,1.35076
63,charge,3.9748,1.3539599999999998
63,charge,5.9622,1.35716
63,charge,7.9496,1.36036
63,charge,9.937000000000001,1.3635599999999999
63,charge,11.9244,1.36676
63,charge,13.911800000000001,1.3699599999999998
63,charge,15.8992,1.37316
63,charge,17.8866,1.37636
63,charge,19.874000000000002,1.37956
63,charge,21.8614,1.38276
63,charge,23.8488,1.3859599999999999
63,charge,25.8362,1.38916
63,charge,27.823600000000003,1.39236
63,charge,29.811,1.39556
63,charge,31.7984,1.39876
63,charge,33.7858,1.4019599999999999
63,charge,35.7732,1.40516
63,charge,37.760600000000004,1.4083599999999998
63,charge,39.748000000000005,1.41156
63,charge,41.7354,1.41476
63,charge,43.7228,1.4179599999999999
63,charge,45.71020000000001,1.42116
63,charge,47.6976,1.4243599999999998
63,charge,49.685,1.42756
63,charge,51.6724,1.43076
63,charge,53.659800000000004,1.43396
63,charge,55.647200000000005,1.43716
63,charge,57.6346,1.4403599999999999
63,charge,59.622,1.44356
63,charge,61.6094,1.44676
63,charge,63.5968,1.44996
63,charge,65.58420000000001,1.45316
63,charge,67.5716,1.4563599999999999
63,charge,69.55900000000001,1.45956
63,charge,71.5464,1.4627599999999998
63,charge,73.5338,1.46596
63,charge,75.52120000000001,1.46916
63,charge,77.5086,1.47236
63,charge,79.49600000000001,1.47556
63,charge,81.4834,1.4787599999999999
63,charge,83.4708,1.48196
63,charge,85.4582,1.48516
63,charge,87.4456,1.48836
63,charge,89.433,1.49156
63,charge,91.42040000000001,1.4947599999999999
63,charge,93.40780000000001,1.49796
63,charge,95.3952,1.50116
63,charge,97.3826,1.50436
63,charge,99.37,1.50756
63,discharge,0.0,1.232169516
63,discharge,1.9491226760000002,1.229769516
63,discharge,3.8982453520000004,1.2273695159999998
63,discharge,5.847368028,1.2249695159999998
63,discharge,7.796490704000001,1.2225695159999999
63,discharge,9.745613380000002,1.220169516
63,discharge,11.694736056,1.217769516
63,discharge,13.643858732000002,1.2153695159999998
63,discharge,15.592981408000002,1.2129695159999998
63,discharge,17.542104083999998,1.2105695159999998
63,discharge,19.491226760000004,1.2081695159999999
63,discharge,21.440349436,1.205769516
63,discharge,23.389472112,1.2033695159999998
63,discharge,25.338594788,1.2009695159999998
63,discharge,27.287717464000004,1.1985695159999998
63,discharge,29.236840139999998,1.1961695159999999
63,discharge,31.185962816000004,1.193769516
63,discharge,33.135085492,1.191369516
63,discharge,35.084208167999996,1.1889695159999998
63,discharge,37.033330844000005,1.1865695159999998
63,discharge,38.98245352000001,1.1841695159999999
63,discharge,40.931576196,1.181769516
63,discharge,42.880698872,1.179369516
63,discharge,44.829821548000005,1.1769695159999998
63,discharge,46.778944224,1.1745695159999998
63,discharge,48.7280669,1.1721695159999999
63,discharge,50.677189576,1.169769516
63,discharge,52.626312252000005,1.167369516
63,discharge,54.57543492800001,1.1649695159999998
63,discharge,56.524557603999995,1.1625695159999998
63,discharge,58.473680279999996,1.1601695159999998
63,discharge,60.422802956,1.1577695159999999
63,discharge,62.37192563200001,1.155369516
63,discharge,64.321048308,1.1529695159999998
63,discharge,66.270170984,1.1505695159999998
63,discharge,68.21929366,1.1481695159999998
63,discharge,70.16841633599999,1.1457695159999999
63,discharge,72.117539012,1.143369516
63,discharge,74.06666168800001,1.140969516
63,discharge,76.01578436400001,1.1385695159999998
63,discharge,77.96490704000001,1.1361695159999998
63,discharge,79.91402971600002,1.1337695159999999
63,discharge,81.863152392,1.131369516
63,discharge,83.812275068,1.128969516
63,discharge,85.761397744,1.1265695159999998
63,discharge,87.71052042000001,1.1241695159999998
63,discharge,89.65964309600001,1.1217695159999999
63,discharge,91.60876577200001,1.119369516
63,discharge,93.557888448,1.116969516
63,discharge,95.507011124,1.1145695159999998
63,discharge,97.4561338,1.1121695159999998
64,charge,0.0,1.3476799999999998
64,charge,1.9872,1.3508799999999999
64,charge,3.9744,1.3540799999999997
64,charge,5.9616,1.3572799999999998
64,charge,7.9488,1.36048
64,charge,9.936,1.3636799999999998
64,charge,11.9232,1.3668799999999999
64,charge,13.910400000000001,1.3700799999999997
64,charge,15.8976,1.3732799999999998
64,charge,17.8848,1.37648
64,charge,19.872,1.3796799999999998
64,charge,21.8592,1.3828799999999999
64,charge,23.8464,1.3860799999999998
64,charge,25.8336,1.3892799999999998
64,charge,27.820800000000002,1.39248
64,charge,29.808,1.3956799999999998
64,charge,31.7952,1.39888
64,charge,33.7824,1.4020799999999998
64,charge,35.7696,1.4052799999999999
64,charge,37.7568,1.4084799999999997
64,charge,39.744,1.4116799999999998
64,charge,41.7312,1.41488
64,charge,43.7184,1.4180799999999998
64,charge,45.705600000000004,1.4212799999999999
64,charge,47.6928,1.4244799999999997
64,charge,49.68,1.4276799999999998
64,charge,51.6672,1.43088
64,charge,53.6544,1.4340799999999998
64,charge,55.641600000000004,1.43728
64,charge,57.6288,1.4404799999999998
64,charge,59.616,1.4436799999999999
64,charge,61.6032,1.44688
64,charge,63.5904,1.4500799999999998
64,charge,65.5776,1.45328
64,charge,67.5648,1.4564799999999998
64,charge,69.552,1.4596799999999999
64,charge,71.5392,1.4628799999999997
64,charge,73.5264,1.4660799999999998
64,charge,75.5136,1.46928
64,charge,77.5008,1.4724799999999998
64,charge,79.488,1.4756799999999999
64,charge,81.4752,1.4788799999999998
64,charge,83.4624,1.4820799999999998
64,charge,85.4496,1.48528
64,charge,87.4368,1.4884799999999998
64,charge,89.424,1.49168
64,charge,91.41120000000001,1.4948799999999998
64,charge,93.39840000000001,1.4980799999999999
64,charge,95.3856,1.50128
64,charge,97.3728,1.5044799999999998
64,charge,99.36,1.50768
64,discharge,0.0,1.231839744
64,discharge,1.9488867840000001,1.229439744
64,discharge,3.8977735680000003,1.2270397439999998
64,discharge,5.846660352,1.2246397439999999
64,discharge,7.795547136000001,1.222239744
64,discharge,9.74443392,1.219839744
64,discharge,11.693320704,1.217439744
64,discharge,13.642207488000002,1.2150397439999998
64,discharge,15.591094272000001,1.2126397439999999
64,discharge,17.539981056,1.210239744
64,discharge,19.48886784,1.207839744
64,discharge,21.437754624,1.205439744
64,discharge,23.386641408,1.2030397439999998
64,discharge,25.335528192,1.2006397439999998
64,discharge,27.284414976000004,1.1982397439999999
64,discharge,29.23330176,1.195839744
64,discharge,31.182188544000002,1.193439744
64,discharge,33.131075328,1.1910397439999998
64,discharge,35.079962112,1.1886397439999998
64,discharge,37.028848896,1.1862397439999999
64,discharge,38.97773568,1.183839744
64,discharge,40.926622464,1.181439744
64,discharge,42.875509248,1.179039744
64,discharge,44.824396032,1.1766397439999998
64,discharge,46.773282816,1.1742397439999999
64,discharge,48.7221696,1.171839744
64,discharge,50.671056384,1.169439744
64,discharge,52.619943168000006,1.167039744
64,discharge,54.56882995200001,1.1646397439999998
64,discharge,56.517716736,1.1622397439999999
64,discharge,58.46660352,1.159839744
64,discharge,60.415490304,1.157439744
64,discharge,62.364377088000005,1.155039744
64,discharge,64.31326387200001,1.1526397439999998
64,discharge,66.262150656,1.1502397439999998
64,discharge,68.21103744000001,1.1478397439999999
64,discharge,70.159924224,1.145439744
64,discharge,72.108811008,1.143039744
64,discharge,74.057697792,1.140639744
64,discharge,76.00658457600001,1.1382397439999998
64,discharge,77.95547136,1.1358397439999999
64,discharge,79.90435814400001,1.133439744
64,discharge,81.853244928,1.131039744
64,discharge,83.802131712,1.128639744
64,discharge,85.751018496,1.1262397439999998
64,discharge,87.69990528000001,1.1238397439999999
64,discharge,89.648792064,1.121439744
64,discharge,91.597678848,1.119039744
64,discharge,93.546565632,1.116639744
64,discharge,95.495452416,1.1142397439999998
64,discharge,97.4443392,1.1118397439999999
65,charge,0.0,1.3477999999999999
65,charge,1.9869999999999999,1.351
65,charge,3.9739999999999998,1.3542
65,charge,5.960999999999999,1.3574
65,charge,7.9479999999999995,1.3606
65,charge,9.935,1.3638
65,charge,11.921999999999999,1.367
65,charge,13.909,1.3701999999999999
65,charge,15.895999999999999,1.3734
65,charge,17.883,1.3766
65,charge,19.87,1.3798
65,charge,21.857,1.383
65,charge,23.843999999999998,1.3861999999999999
65,charge,25.831,1.3894
65,charge,27.818,1.3926
65,charge,29.804999999999996,1.3958
65,charge,31.791999999999998,1.399
65,charge,33.779,1.4022
65,charge,35.766,1.4054
65,charge,37.753,1.4085999999999999
65,charge,39.74,1.4118
65,charge,41.727,1.415
65,charge,43.714,1.4182
65,charge,45.701,1.4214
65,charge,47.687999999999995,1.4245999999999999
65,charge,49.675,1.4278
65,charge,51.662,1.431
65,charge,53.649,1.4342
65,charge,55.636,1.4374
65,charge,57.62299999999999,1.4405999999999999
65,charge,59.60999999999999,1.4438
65,charge,61.596999999999994,1.447
65,charge,63.583999999999996,1.4502
65,charge,65.571,1.4534
65,charge,67.558,1.4566
65,charge,69.545,1.4598
65,charge,71.532,1.4629999999999999
65,charge,73.51899999999999,1.4662
65,charge,75.506,1.4694
65,charge,77.493,1.4726
65,charge,79.48,1.4758
65,charge,81.467,1.4789999999999999
65,charge,83.454,1.4822
65,charge,85.44099999999999,1.4854
65,charge,87.428,1.4886
65,charge,89.41499999999999,1.4918
65,charge,91.402,1.4949999999999999
65,charge,93.389,1.4982
65,charge,95.37599999999999,1.5013999999999998
65,charge,97.363,1.5046
65,charge,99.35,1.5078
65,discharge,0.0,1.2315099
65,discharge,1.9486508999999999,1.2291099
65,discharge,3.8973017999999997,1.2267099
65,discharge,5.845952699999999,1.2243099
65,discharge,7.794603599999999,1.2219099
65,discharge,9.743254499999999,1.2195099
65,discharge,11.691905399999998,1.2171099
65,discharge,13.6405563,1.2147099
65,discharge,15.589207199999999,1.2123099
65,discharge,17.537858099999998,1.2099099
65,discharge,19.486508999999998,1.2075099
65,discharge,21.4351599,1.2051099
65,discharge,23.383810799999996,1.2027098999999999
65,discharge,25.3324617,1.2003099
65,discharge,27.2811126,1.1979099
65,discharge,29.229763499999997,1.1955099
65,discharge,31.178414399999998,1.1931099
65,discharge,33.1270653,1.1907098999999999
65,discharge,35.075716199999995,1.1883099
65,discharge,37.0243671,1.1859099
65,discharge,38.973017999999996,1.1835099
65,discharge,40.92166889999999,1.1811099
65,discharge,42.8703198,1.1787099
65,discharge,44.818970699999994,1.1763099
65,discharge,46.76762159999999,1.1739099
65,discharge,48.716272499999995,1.1715099
65,discharge,50.6649234,1.1691099
65,discharge,52.613574299999996,1.1667099
65,discharge,54.5622252,1.1643099
65,discharge,56.51087609999999,1.1619099
65,discharge,58.459526999999994,1.1595099
65,discharge,60.40817789999999,1.1571099
65,discharge,62.356828799999995,1.1547099
65,discharge,64.30547969999999,1.1523098999999999
65,discharge,66.2541306,1.1499099
65,discharge,68.2027815,1.1475099
65,discharge,70.15143239999999,1.1451099
65,discharge,72.1000833,1.1427099
65,discharge,74.0487342,1.1403099
65,discharge,75.99738509999999,1.1379099
65,discharge,77.94603599999999,1.1355099
65,discharge,79.8946869,1.1331099
65,discharge,81.84333779999999,1.1307099
65,discharge,83.79198869999999,1.1283099
65,discharge,85.7406396,1.1259099
65,discharge,87.6892905,1.1235099
65,discharge,89.63794139999999,1.1211099
65,discharge,91.58659229999999,1.1187099
65,discharge,93.53524319999998,1.1163099
65,discharge,95.48389409999999,1.1139099
65,discharge,97.43254499999999,1.1115099
66,charge,0.0,1.3479199999999998
66,charge,1.9868000000000001,1.3511199999999999
66,charge,3.9736000000000002,1.35432
66,charge,5.9604,1.3575199999999998
66,charge,7.9472000000000005,1.36072
66,charge,9.934000000000001,1.3639199999999998
66,charge,11.9208,1.36712
66,charge,13.907600000000002,1.3703199999999998
66,charge,15.894400000000001,1.3735199999999999
66,charge,17.8812,1.37672
66,charge,19.868000000000002,1.3799199999999998
66,charge,21.8548,1.38312
66,charge,23.8416,1.3863199999999998
66,charge,25.828400000000002,1.3895199999999999
66,charge,27.815200000000004,1.39272
66,charge,29.802,1.3959199999999998
66,charge,31.788800000000002,1.39912
66,charge,33.775600000000004,1.4023199999999998
66,charge,35.7624,1.4055199999999999
66,charge,37.7492,1.4087199999999998
66,charge,39.736000000000004,1.4119199999999998
66,charge,41.7228,1.41512
66,charge,43.7096,1.4183199999999998
66,charge,45.696400000000004,1.42152
66,charge,47.6832,1.4247199999999998
66,charge,49.67,1.4279199999999999
66,charge,51.656800000000004,1.43112
66,charge,53.643600000000006,1.4343199999999998
66,charge,55.63040000000001,1.43752
66,charge,57.6172,1.4407199999999998
66,charge,59.604,1.4439199999999999
66,charge,61.5908,1.44712
66,charge,63.577600000000004,1.4503199999999998
66,charge,65.5644,1.45352
66,charge,67.55120000000001,1.4567199999999998
66,charge,69.53800000000001,1.4599199999999999
66,charge,71.5248,1.4631199999999998
66,charge,73.5116,1.4663199999999998
66,charge,75.4984,1.46952
66,charge,77.4852,1.4727199999999998
66,charge,79.47200000000001,1.47592
66,charge,81.45880000000001,1.4791199999999998
66,charge,83.4456,1.4823199999999999
66,charge,85.4324,1.48552
66,charge,87.4192,1.4887199999999998
66,charge,89.406,1.49192
66,charge,91.39280000000001,1.4951199999999998
66,charge,93.37960000000001,1.4983199999999999
66,charge,95.3664,1.5015199999999997
66,charge,97.3532,1.5047199999999998
66,charge,99.34,1.50792
66,discharge,0.0,1.2311799839999997
66,discharge,1.948415024,1.2287799839999998
66,discharge,3.896830048,1.2263799839999996
66,discharge,5.845245072,1.2239799839999996
66,discharge,7.793660096,1.2215799839999997
66,discharge,9.74207512,1.2191799839999997
66,discharge,11.690490144,1.2167799839999998
66,discharge,13.638905168,1.2143799839999996
66,discharge,15.587320192,1.2119799839999996
66,discharge,17.535735216,1.2095799839999997
66,discharge,19.48415024,1.2071799839999997
66,discharge,21.432565264,1.2047799839999997
66,discharge,23.380980288,1.2023799839999996
66,discharge,25.329395312,1.1999799839999996
66,discharge,27.277810336,1.1975799839999997
66,discharge,29.226225359999997,1.1951799839999997
66,discharge,31.174640384,1.1927799839999997
66,discharge,33.123055408,1.1903799839999998
66,discharge,35.071470432,1.1879799839999996
66,discharge,37.019885456,1.1855799839999996
66,discharge,38.96830048,1.1831799839999997
66,discharge,40.916715503999995,1.1807799839999997
66,discharge,42.865130528,1.1783799839999998
66,discharge,44.813545552,1.1759799839999996
66,discharge,46.761960576,1.1735799839999996
66,discharge,48.7103756,1.1711799839999997
66,discharge,50.658790624,1.1687799839999997
66,discharge,52.607205648000004,1.1663799839999998
66,discharge,54.555620672,1.1639799839999996
66,discharge,56.504035695999995,1.1615799839999996
66,discharge,58.452450719999995,1.1591799839999997
66,discharge,60.400865744,1.1567799839999997
66,discharge,62.349280768,1.1543799839999997
66,discharge,64.297695792,1.1519799839999996
66,discharge,66.246110816,1.1495799839999996
66,discharge,68.19452584000001,1.1471799839999997
66,discharge,70.142940864,1.1447799839999997
66,discharge,72.091355888,1.1423799839999997
66,discharge,74.039770912,1.1399799839999998
66,discharge,75.98818593600001,1.1375799839999996
66,discharge,77.93660096,1.1351799839999996
66,discharge,79.885015984,1.1327799839999997
66,discharge,81.83343100799999,1.1303799839999997
66,discharge,83.78184603199999,1.1279799839999998
66,discharge,85.730261056,1.1255799839999996
66,discharge,87.67867608,1.1231799839999996
66,discharge,89.627091104,1.1207799839999997
66,discharge,91.575506128,1.1183799839999997
66,discharge,93.523921152,1.1159799839999998
66,discharge,95.472336176,1.1135799839999996
66,discharge,97.4207512,1.1111799839999996
67,charge,0.0,1.34804
67,charge,1.9866,1.35124
67,charge,3.9732,1.3544399999999999
67,charge,5.9597999999999995,1.35764
67,charge,7.9464,1.36084
67,charge,9.933,1.36404
67,charge,11.919599999999999,1.36724
67,charge,13.906200000000002,1.3704399999999999
67,charge,15.8928,1.37364
67,charge,17.8794,1.37684
67,charge,19.866,1.38004
67,charge,21.8526,1.38324
67,charge,23.839199999999998,1.38644
67,charge,25.8258,1.38964
67,charge,27.812400000000004,1.39284
67,charge,29.799,1.39604
67,charge,31.7856,1.39924
67,charge,33.772200000000005,1.40244
67,charge,35.7588,1.40564
67,charge,37.7454,1.4088399999999999
67,charge,39.732,1.41204
67,charge,41.718599999999995,1.41524
67,charge,43.7052,1.41844
67,charge,45.6918,1.42164
67,charge,47.678399999999996,1.4248399999999999
67,charge,49.665,1.42804
67,charge,51.6516,1.43124
67,charge,53.638200000000005,1.43444
67,charge,55.62480000000001,1.43764
67,charge,57.611399999999996,1.44084
67,charge,59.598,1.44404
67,charge,61.5846,1.44724
67,charge,63.5712,1.45044
67,charge,65.5578,1.45364
67,charge,67.54440000000001,1.45684
67,charge,69.531,1.46004
67,charge,71.5176,1.4632399999999999
67,charge,73.5042,1.46644
67,charge,75.4908,1.46964
67,charge,77.4774,1.47284
67,charge,79.464,1.47604
67,charge,81.45060000000001,1.4792399999999999
67,charge,83.43719999999999,1.48244
67,charge,85.4238,1.48564
67,charge,87.4104,1.48884
67,charge,89.397,1.49204
67,charge,91.3836,1.49524
67,charge,93.37020000000001,1.49844
67,charge,95.35679999999999,1.50164
67,charge,97.3434,1.50484
67,charge,99.33,1.50804
67,discharge,0.0,1.230849996
67,discharge,1.948179156,1.228449996
67,discharge,3.896358312,1.2260499959999998
67,discharge,5.8445374679999995,1.2236499959999998
67,discharge,7.792716624,1.2212499959999998
67,discharge,9.74089578,1.2188499959999999
67,discharge,11.689074935999999,1.216449996
67,discharge,13.637254092000001,1.2140499959999997
67,discharge,15.585433248,1.2116499959999998
67,discharge,17.533612404,1.2092499959999998
67,discharge,19.48179156,1.2068499959999999
67,discharge,21.429970716,1.204449996
67,discharge,23.378149871999998,1.2020499959999997
67,discharge,25.326329028,1.1996499959999998
67,discharge,27.274508184000002,1.1972499959999998
67,discharge,29.222687339999997,1.1948499959999999
67,discharge,31.170866496,1.192449996
67,discharge,33.119045652000004,1.190049996
67,discharge,35.067224808,1.1876499959999998
67,discharge,37.015403964,1.1852499959999998
67,discharge,38.96358312,1.1828499959999998
67,discharge,40.911762276,1.180449996
67,discharge,42.859941432,1.178049996
67,discharge,44.808120588,1.1756499959999998
67,discharge,46.756299743999996,1.1732499959999998
67,discharge,48.7044789,1.1708499959999998
67,discharge,50.652658056,1.1684499959999999
67,discharge,52.600837212,1.166049996
67,discharge,54.549016368000004,1.1636499959999997
67,discharge,56.49719552399999,1.1612499959999998
67,discharge,58.44537467999999,1.1588499959999998
67,discharge,60.393553835999995,1.1564499959999999
67,discharge,62.341732992,1.154049996
67,discharge,64.289912148,1.1516499959999997
67,discharge,66.23809130400001,1.1492499959999998
67,discharge,68.18627046,1.1468499959999998
67,discharge,70.134449616,1.1444499959999999
67,discharge,72.08262877199999,1.142049996
67,discharge,74.030807928,1.139649996
67,discharge,75.978987084,1.1372499959999998
67,discharge,77.92716624,1.1348499959999998
67,discharge,79.875345396,1.1324499959999998
67,discharge,81.823524552,1.130049996
67,discharge,83.77170370799999,1.127649996
67,discharge,85.719882864,1.1252499959999998
67,discharge,87.66806202,1.1228499959999998
67,discharge,89.616241176,1.1204499959999998
67,discharge,91.564420332,1.1180499959999999
67,discharge,93.51259948799999,1.115649996
67,discharge,95.460778644,1.1132499959999997
67,discharge,97.4089578,1.1108499959999998
68,charge,0.0,1.3481599999999998
68,charge,1.9864,1.35136
68,charge,3.9728,1.3545599999999998
68,charge,5.959199999999999,1.3577599999999999
68,charge,7.9456,1.36096
68,charge,9.932,1.3641599999999998
68,charge,11.918399999999998,1.36736
68,charge,13.9048,1.3705599999999998
68,charge,15.8912,1.3737599999999999
68,charge,17.877599999999997,1.37696
68,charge,19.864,1.3801599999999998
68,charge,21.850399999999997,1.38336
68,charge,23.836799999999997,1.3865599999999998
68,charge,25.8232,1.3897599999999999
68,charge,27.8096,1.39296
68,charge,29.795999999999996,1.3961599999999998
68,charge,31.7824,1.39936
68,charge,33.7688,1.4025599999999998
68,charge,35.755199999999995,1.40576
68,charge,37.7416,1.4089599999999998
68,charge,39.728,1.4121599999999999
68,charge,41.7144,1.41536
68,charge,43.700799999999994,1.4185599999999998
68,charge,45.6872,1.42176
68,charge,47.67359999999999,1.4249599999999998
68,charge,49.66,1.4281599999999999
68,charge,51.6464,1.43136
68,charge,53.6328,1.4345599999999998
68,charge,55.6192,1.43776
68,charge,57.605599999999995,1.4409599999999998
68,charge,59.59199999999999,1.4441599999999999
68,charge,61.578399999999995,1.44736
68,charge,63.5648,1.4505599999999998
68,charge,65.5512,1.45376
68,charge,67.5376,1.4569599999999998
68,charge,69.524,1.46016
68,charge,71.51039999999999,1.4633599999999998
68,charge,73.4968,1.4665599999999999
68,charge,75.4832,1.46976
68,charge,77.4696,1.4729599999999998
68,charge,79.456,1.47616
68,charge,81.4424,1.4793599999999998
68,charge,83.4288,1.4825599999999999
68,charge,85.4152,1.48576
68,charge,87.40159999999999,1.4889599999999998
68,charge,89.38799999999999,1.49216
68,charge,91.3744,1.4953599999999998
68,charge,93.3608,1.49856
68,charge,95.34719999999999,1.50176
68,charge,97.33359999999999,1.5049599999999999
68,charge,99.32,1.50816
68,discharge,0.0,1.2305199359999999
68,discharge,1.9479432959999998,1.228119936
68,discharge,3.8958865919999996,1.2257199359999997
68,discharge,5.843829887999999,1.2233199359999998
68,discharge,7.791773183999999,1.2209199359999998
68,discharge,9.739716479999998,1.2185199359999999
68,discharge,11.687659775999999,1.216119936
68,discharge,13.635603071999999,1.2137199359999997
68,discharge,15.583546367999999,1.2113199359999998
68,discharge,17.531489663999995,1.2089199359999998
68,discharge,19.479432959999997,1.2065199359999998
68,discharge,21.427376255999995,1.204119936
68,discharge,23.375319551999997,1.2017199359999997
68,discharge,25.323262847999995,1.1993199359999998
68,discharge,27.271206143999997,1.1969199359999998
68,discharge,29.219149439999995,1.1945199359999998
68,discharge,31.167092735999997,1.1921199359999999
68,discharge,33.115036032,1.189719936
68,discharge,35.06297932799999,1.1873199359999997
68,discharge,37.010922623999996,1.1849199359999998
68,discharge,38.958865919999994,1.1825199359999998
68,discharge,40.90680921599999,1.1801199359999999
68,discharge,42.85475251199999,1.177719936
68,discharge,44.802695807999996,1.1753199359999997
68,discharge,46.750639103999994,1.1729199359999998
68,discharge,48.69858239999999,1.1705199359999998
68,discharge,50.64652569599999,1.1681199359999999
68,discharge,52.594468991999996,1.165719936
68,discharge,54.542412287999994,1.1633199359999997
68,discharge,56.490355583999985,1.1609199359999998
68,discharge,58.43829887999999,1.1585199359999998
68,discharge,60.38624217599999,1.1561199359999998
68,discharge,62.334185471999994,1.153719936
68,discharge,64.28212876799999,1.1513199359999997
68,discharge,66.230072064,1.1489199359999998
68,discharge,68.17801535999999,1.1465199359999998
68,discharge,70.12595865599998,1.1441199359999998
68,discharge,72.07390195199999,1.1417199359999999
68,discharge,74.02184524799999,1.139319936
68,discharge,75.969788544,1.1369199359999997
68,discharge,77.91773183999999,1.1345199359999998
68,discharge,79.865675136,1.1321199359999998
68,discharge,81.81361843199998,1.1297199359999999
68,discharge,83.76156172799999,1.127319936
68,discharge,85.70950502399998,1.1249199359999997
68,discharge,87.65744831999999,1.1225199359999998
68,discharge,89.60539161599999,1.1201199359999998
68,discharge,91.553334912,1.1177199359999999
68,discharge,93.50127820799999,1.115319936
68,discharge,95.44922150399998,1.1129199359999997
68,discharge,97.39716479999998,1.1105199359999998
69,charge,0.0,1.34828
69,charge,1.9862000000000002,1.35148
69,charge,3.9724000000000004,1.35468
69,charge,5.9586,1.35788
69,charge,7.944800000000001,1.36108
69,charge,9.931000000000001,1.36428
69,charge,11.9172,1.36748
69,charge,13.903400000000001,1.37068
69,charge,15.889600000000002,1.37388
69,charge,17.875799999999998,1.37708
69,charge,19.862000000000002,1.38028
69,charge,21.848200000000002,1.38348
69,charge,23.8344,1.38668
69,charge,25.820600000000002,1.38988
69,charge,27.806800000000003,1.39308
69,charge,29.793,1.39628
69,charge,31.779200000000003,1.39948
69,charge,33.76540000000001,1.40268
69,charge,35.751599999999996,1.40588
69,charge,37.7378,1.4090799999999999
69,charge,39.724000000000004,1.41228
69,charge,41.7102,1.41548
69,charge,43.696400000000004,1.41868
69,charge,45.6826,1.42188
69,charge,47.6688,1.42508
69,charge,49.655,1.42828
69,charge,51.641200000000005,1.43148
69,charge,53.6274,1.43468
69,charge,55.613600000000005,1.43788
69,charge,57.599799999999995,1.44108
69,charge,59.586,1.44428
69,charge,61.5722,1.44748
69,charge,63.558400000000006,1.45068
69,charge,65.5446,1.45388
69,charge,67.53080000000001,1.45708
69,charge,69.51700000000001,1.46028
69,charge,71.50319999999999,1.46348
69,charge,73.4894,1.46668
69,charge,75.4756,1.46988
69,charge,77.46180000000001,1.47308
69,charge,79.44800000000001,1.47628
69,charge,81.4342,1.47948
69,charge,83.4204,1.48268
69,charge,85.4066,1.48588
69,charge,87.39280000000001,1.48908
69,charge,89.379,1.49228
69,charge,91.3652,1.49548
69,charge,93.35140000000001,1.49868
69,charge,95.3376,1.5018799999999999
69,charge,97.3238,1.50508
69,charge,99.31,1.50828
69,discharge,0.0,1.2301898039999999
69,discharge,1.947707444,1.227789804
69,discharge,3.895414888,1.2253898039999997
69,discharge,5.843122331999999,1.2229898039999998
69,discharge,7.790829776,1.2205898039999998
69,discharge,9.73853722,1.2181898039999999
69,discharge,11.686244663999998,1.215789804
69,discharge,13.633952108,1.2133898039999997
69,discharge,15.581659552,1.2109898039999998
69,discharge,17.529366995999997,1.2085898039999998
69,discharge,19.47707444,1.2061898039999999
69,discharge,21.424781883999998,1.203789804
69,discharge,23.372489327999997,1.2013898039999997
69,discharge,25.320196772,1.1989898039999998
69,discharge,27.267904216,1.1965898039999998
69,discharge,29.215611659999997,1.1941898039999999
69,discharge,31.163319104,1.191789804
69,discharge,33.111026548,1.1893898039999997
69,discharge,35.05873399199999,1.1869898039999998
69,discharge,37.006441435999996,1.1845898039999998
69,discharge,38.95414888,1.1821898039999998
69,discharge,40.90185632399999,1.1797898039999999
69,discharge,42.849563767999996,1.177389804
69,discharge,44.797271212,1.1749898039999997
69,discharge,46.744978655999994,1.1725898039999998
69,discharge,48.692686099999996,1.1701898039999998
69,discharge,50.640393544,1.1677898039999999
69,discharge,52.588100988,1.165389804
69,discharge,54.535808432,1.1629898039999997
69,discharge,56.48351587599999,1.1605898039999998
69,discharge,58.431223319999994,1.1581898039999998
69,discharge,60.378930763999996,1.1557898039999999
69,discharge,62.326638208,1.153389804
69,discharge,64.274345652,1.1509898039999997
69,discharge,66.222053096,1.1485898039999998
69,discharge,68.16976054,1.1461898039999998
69,discharge,70.11746798399999,1.1437898039999999
69,discharge,72.06517542799999,1.141389804
69,discharge,74.01288287199999,1.138989804
69,discharge,75.960590316,1.1365898039999998
69,discharge,77.90829776,1.1341898039999998
69,discharge,79.856005204,1.1317898039999998
69,discharge,81.80371264799999,1.1293898039999999
69,discharge,83.75142009199999,1.126989804
69,discharge,85.69912753599999,1.1245898039999997
69,discharge,87.64683498,1.1221898039999998
69,discharge,89.594542424,1.1197898039999998
69,discharge,91.542249868,1.1173898039999999
69,discharge,93.48995731199999,1.114989804
69,discharge,95.43766475599999,1.1125898039999997
69,discharge,97.38537219999999,1.1101898039999998
70,charge,0.0,1.3483999999999998
70,charge,1.986,1.3516
70,charge,3.972,1.3548
70,charge,5.957999999999999,1.3579999999999999
70,charge,7.944,1.3612
70,charge,9.93,1.3643999999999998
70,charge,11.915999999999999,1.3676
70,charge,13.902000000000001,1.3707999999999998
70,charge,15.888,1.3739999999999999
70,charge,17.874,1.3772
70,charge,19.86,1.3803999999999998
70,charge,21.846,1.3836
70,charge,23.831999999999997,1.3867999999999998
70,charge,25.818,1.39
70,charge,27.804000000000002,1.3932
70,charge,29.79,1.3963999999999999
70,charge,31.776,1.3996
70,charge,33.762,1.4027999999999998
70,charge,35.748,1.406
70,charge,37.734,1.4091999999999998
70,charge,39.72,1.4123999999999999
70,charge,41.705999999999996,1.4156
70,charge,43.692,1.4187999999999998
70,charge,45.678,1.422
70,charge,47.663999999999994,1.4251999999999998
70,charge,49.65,1.4284
70,charge,51.636,1.4316
70,charge,53.622,1.4347999999999999
70,charge,55.608000000000004,1.438
70,charge,57.593999999999994,1.4411999999999998
70,charge,59.58,1.4444
70,charge,61.565999999999995,1.4476
70,charge,63.552,1.4507999999999999
70,charge,65.538,1.454
70,charge,67.524,1.4571999999999998
70,charge,69.51,1.4604
70,charge,71.496,1.4635999999999998
70,charge,73.482,1.4667999999999999
70,charge,75.468,1.47
70,charge,77.454,1.4731999999999998
70,charge,79.44,1.4764
70,charge,81.426,1.4795999999999998
70,charge,83.41199999999999,1.4828
70,charge,85.398,1.486
70,charge,87.384,1.4891999999999999
70,charge,89.37,1.4924
70,charge,91.356,1.4955999999999998
70,charge,93.342,1.4988
70,charge,95.32799999999999,1.5019999999999998
70,charge,97.314,1.5051999999999999
70,charge,99.3,1.5084
70,discharge,0.0,1.2298596
70,discharge,1.9474716,1.2274596
70,discharge,3.8949432,1.2250595999999998
70,discharge,5.8424148,1.2226595999999998
70,discharge,7.7898864,1.2202595999999999
70,discharge,9.737358,1.2178596
70,discharge,11.6848296,1.2154596
70,discharge,13.632301200000002,1.2130595999999998
70,discharge,15.5797728,1.2106595999999998
70,discharge,17.5272444,1.2082595999999999
70,discharge,19.474716,1.2058596
70,discharge,21.4221876,1.2034596
70,discharge,23.3696592,1.2010595999999998
70,discharge,25.3171308,1.1986595999999998
70,discharge,27.264602400000005,1.1962595999999999
70,discharge,29.212074,1.1938596
70,discharge,31.1595456,1.1914596
70,discharge,33.1070172,1.1890595999999998
70,discharge,35.0544888,1.1866595999999998
70,discharge,37.0019604,1.1842595999999999
70,discharge,38.949432,1.1818596
70,discharge,40.8969036,1.1794596
70,discharge,42.8443752,1.1770596
70,discharge,44.7918468,1.1746595999999998
70,discharge,46.7393184,1.1722595999999998
70,discharge,48.68679,1.1698595999999999
70,discharge,50.6342616,1.1674596
70,discharge,52.5817332,1.1650596
70,discharge,54.52920480000001,1.1626595999999998
70,discharge,56.476676399999995,1.1602595999999998
70,discharge,58.424148,1.1578595999999999
70,discharge,60.3716196,1.1554596
70,discharge,62.3190912,1.1530596
70,discharge,64.2665628,1.1506595999999998
70,discharge,66.2140344,1.1482595999999998
70,discharge,68.161506,1.1458595999999999
70,discharge,70.1089776,1.1434596
70,discharge,72.0564492,1.1410596
70,discharge,74.0039208,1.1386596
70,discharge,75.9513924,1.1362595999999998
70,discharge,77.898864,1.1338595999999999
70,discharge,79.8463356,1.1314596
70,discharge,81.7938072,1.1290596
70,discharge,83.7412788,1.1266596
70,discharge,85.6887504,1.1242595999999998
70,discharge,87.636222,1.1218595999999998
70,discharge,89.5836936,1.1194595999999999
70,discharge,91.5311652,1.1170596
70,discharge,93.4786368,1.1146596
70,discharge,95.4261084,1.1122595999999998
70,discharge,97.37358,1.1098595999999998
71,charge,0.0,1.34852
71,charge,1.9858000000000002,1.35172
71,charge,3.9716000000000005,1.35492
71,charge,5.9574,1.35812
71,charge,7.943200000000001,1.36132
71,charge,9.929000000000002,1.36452
71,charge,11.9148,1.36772
71,charge,13.900600000000003,1.37092
71,charge,15.886400000000002,1.37412
71,charge,17.8722,1.37732
71,charge,19.858000000000004,1.38052
71,charge,21.8438,1.38372
71,charge,23.8296,1.38692
71,charge,25.815400000000004,1.39012
71,charge,27.801200000000005,1.3933200000000001
71,charge,29.787,1.39652
71,charge,31.772800000000004,1.39972
71,charge,33.7586,1.40292
71,charge,35.7444,1.40612
71,charge,37.7302,1.40932
71,charge,39.71600000000001,1.41252
71,charge,41.7018,1.41572
71,charge,43.6876,1.41892
71,charge,45.67340000000001,1.42212
71,charge,47.6592,1.42532
71,charge,49.645,1.42852
71,charge,51.63080000000001,1.43172
71,charge,53.616600000000005,1.43492
71,charge,55.60240000000001,1.43812
71,charge,57.5882,1.44132
71,charge,59.574,1.44452
71,charge,61.5598,1.4477200000000001
71,charge,63.54560000000001,1.45092
71,charge,65.5314,1.45412
71,charge,67.5172,1.45732
71,charge,69.50300000000001,1.46052
71,charge,71.4888,1.46372
71,charge,73.47460000000001,1.46692
71,charge,75.4604,1.47012
71,charge,77.4462,1.47332
71,charge,79.43200000000002,1.47652
71,charge,81.41780000000001,1.47972
71,charge,83.4036,1.48292
71,charge,85.38940000000001,1.48612
71,charge,87.3752,1.48932
71,charge,89.361,1.49252
71,charge,91.34680000000002,1.49572
71,charge,93.33260000000001,1.49892
71,charge,95.3184,1.5021200000000001
71,charge,97.30420000000001,1.50532
71,charge,99.29,1.50852
71,discharge,0.0,1.229529324
71,discharge,1.9472357640000002,1.227129324
71,discharge,3.8944715280000004,1.224729324
71,discharge,5.841707292000001,1.222329324
71,discharge,7.788943056000001,1.219929324
71,discharge,9.736178820000001,1.217529324
71,discharge,11.683414584000001,1.215129324
71,discharge,13.630650348000001,1.2127293239999999
71,discharge,15.577886112000002,1.210329324
71,discharge,17.525121876,1.207929324
71,discharge,19.472357640000002,1.205529324
71,discharge,21.419593404,1.203129324
71,discharge,23.366829168000002,1.2007293239999999
71,discharge,25.314064932,1.198329324
71,discharge,27.261300696000003,1.195929324
71,discharge,29.20853646,1.193529324
71,discharge,31.155772224000003,1.191129324
71,discharge,33.103007988,1.188729324
71,discharge,35.050243752,1.186329324
71,discharge,36.997479516000006,1.183929324
71,discharge,38.944715280000004,1.181529324
71,discharge,40.891951044,1.179129324
71,discharge,42.839186808,1.176729324
71,discharge,44.786422572000006,1.174329324
71,discharge,46.733658336000005,1.171929324
71,discharge,48.6808941,1.169529324
71,discharge,50.628129864,1.167129324
71,discharge,52.57536562800001,1.164729324
71,discharge,54.522601392000006,1.1623293239999999
71,discharge,56.469837156,1.159929324
71,discharge,58.41707292,1.157529324
71,discharge,60.364308684,1.155129324
71,discharge,62.31154444800001,1.152729324
71,discharge,64.258780212,1.1503293239999999
71,discharge,66.206015976,1.147929324
71,discharge,68.15325174000002,1.145529324
71,discharge,70.100487504,1.143129324
71,discharge,72.047723268,1.140729324
71,discharge,73.99495903200001,1.138329324
71,discharge,75.94219479600001,1.135929324
71,discharge,77.88943056000001,1.133529324
71,discharge,79.836666324,1.131129324
71,discharge,81.783902088,1.128729324
71,discharge,83.731137852,1.126329324
71,discharge,85.678373616,1.123929324
71,discharge,87.62560938000001,1.121529324
71,discharge,89.57284514400001,1.119129324
71,discharge,91.52008090800001,1.116729324
71,discharge,93.46731667200001,1.114329324
71,discharge,95.41455243600001,1.1119293239999999
71,discharge,97.3617882,1.109529324
72,charge,0.0,1.3486399999999998
72,charge,1.9856,1.35184
72,charge,3.9712,1.3550399999999998
72,charge,5.956799999999999,1.35824
72,charge,7.9424,1.36144
72,charge,9.928,1.3646399999999999
72,charge,11.913599999999999,1.36784
72,charge,13.899200000000002,1.3710399999999998
72,charge,15.8848,1.37424
72,charge,17.8704,1.37744
72,charge,19.856,1.3806399999999999
72,charge,21.8416,1.38384
72,charge,23.827199999999998,1.3870399999999998
72,charge,25.812800000000003,1.39024
72,charge,27.798400000000004,1.39344
72,charge,29.784,1.3966399999999999
72,charge,31.7696,1.39984
72,charge,33.7552,1.4030399999999998
72,charge,35.7408,1.40624
72,charge,37.7264,1.4094399999999998
72,charge,39.712,1.41264
72,charge,41.6976,1.41584
72,charge,43.6832,1.4190399999999999
72,charge,45.668800000000005,1.42224
72,charge,47.654399999999995,1.4254399999999998
72,charge,49.64,1.42864
72,charge,51.625600000000006,1.43184
72,charge,53.611200000000004,1.4350399999999999
72,charge,55.59680000000001,1.43824
72,charge,57.5824,1.4414399999999998
72,charge,59.568,1.44464
72,charge,61.5536,1.44784
72,charge,63.5392,1.4510399999999999
72,charge,65.5248,1.45424
72,charge,67.5104,1.4574399999999998
72,charge,69.49600000000001,1.46064
72,charge,71.4816,1.4638399999999998
72,charge,73.4672,1.46704
72,charge,75.4528,1.47024
72,charge,77.4384,1.4734399999999999
72,charge,79.424,1.47664
72,charge,81.40960000000001,1.4798399999999998
72,charge,83.3952,1.48304
72,charge,85.3808,1.48624
72,charge,87.3664,1.4894399999999999
72,charge,89.352,1.49264
72,charge,91.33760000000001,1.4958399999999998
72,charge,93.3232,1.49904
72,charge,95.30879999999999,1.50224
72,charge,97.2944,1.50544
72,charge,99.28,1.50864
72,discharge,0.0,1.229198976
72,discharge,1.946999936,1.226798976
72,discharge,3.893999872,1.2243989759999998
72,discharge,5.840999807999999,1.2219989759999998
72,discharge,7.787999744,1.219598976
72,discharge,9.734999680000001,1.217198976
72,discharge,11.681999615999999,1.214798976
72,discharge,13.628999552000002,1.2123989759999998
72,discharge,15.575999488,1.2099989759999998
72,discharge,17.522999423999998,1.2075989759999999
72,discharge,19.469999360000003,1.205198976
72,discharge,21.416999296,1.202798976
72,discharge,23.363999231999998,1.2003989759999998
72,discharge,25.310999168000002,1.1979989759999998
72,discharge,27.257999104000003,1.1955989759999999
72,discharge,29.204999039999997,1.193198976
72,discharge,31.151998976,1.190798976
72,discharge,33.098998912,1.1883989759999998
72,discharge,35.045998847999996,1.1859989759999998
72,discharge,36.992998784,1.1835989759999999
72,discharge,38.939998720000006,1.181198976
72,discharge,40.886998655999996,1.178798976
72,discharge,42.833998592,1.176398976
72,discharge,44.780998528000005,1.1739989759999998
72,discharge,46.727998463999995,1.1715989759999998
72,discharge,48.6749984,1.169198976
72,discharge,50.621998336000004,1.166798976
72,discharge,52.568998272,1.164398976
72,discharge,54.515998208000006,1.1619989759999998
72,discharge,56.462998144,1.1595989759999998
72,discharge,58.409998079999994,1.1571989759999999
72,discharge,60.356998016,1.154798976
72,discharge,62.303997952,1.152398976
72,discharge,64.250997888,1.1499989759999998
72,discharge,66.197997824,1.1475989759999998
72,discharge,68.14499776000001,1.1451989759999999
72,discharge,70.09199769599999,1.142798976
72,discharge,72.038997632,1.140398976
72,discharge,73.985997568,1.137998976
72,discharge,75.932997504,1.1355989759999998
72,discharge,77.87999744000001,1.1331989759999999
72,discharge,79.82699737600001,1.130798976
72,discharge,81.77399731199999,1.128398976
72,discharge,83.720997248,1.125998976
72,discharge,85.667997184,1.1235989759999998
72,discharge,87.61499712,1.1211989759999998
72,discharge,89.56199705600001,1.118798976
72,discharge,91.50899699200001,1.116398976
72,discharge,93.45599692799999,1.113998976
72,discharge,95.402996864,1.1115989759999998
72,discharge,97.3499968,1.1091989759999998
73,charge,0.0,1.34876
73,charge,1.9854,1.35196
73,charge,3.9708,1.3551600000000001
73,charge,5.9562,1.35836
73,charge,7.9416,1.36156
73,charge,9.927,1.36476
73,charge,11.9124,1.36796
73,charge,13.8978,1.37116
73,charge,15.8832,1.37436
73,charge,17.868599999999997,1.3775600000000001
73,charge,19.854,1.38076
73,charge,21.839399999999998,1.38396
73,charge,23.8248,1.38716
73,charge,25.8102,1.39036
73,charge,27.7956,1.3935600000000001
73,charge,29.781,1.39676
73,charge,31.7664,1.39996
73,charge,33.7518,1.40316
73,charge,35.737199999999994,1.40636
73,charge,37.7226,1.40956
73,charge,39.708,1.41276
73,charge,41.6934,1.41596
73,charge,43.678799999999995,1.41916
73,charge,45.6642,1.42236
73,charge,47.6496,1.42556
73,charge,49.635,1.42876
73,charge,51.6204,1.4319600000000001
73,charge,53.6058,1.43516
73,charge,55.5912,1.43836
73,charge,57.57659999999999,1.44156
73,charge,59.562,1.44476
73,charge,61.547399999999996,1.4479600000000001
73,charge,63.5328,1.45116
73,charge,65.51820000000001,1.45436
73,charge,67.5036,1.45756
73,charge,69.489,1.46076
73,charge,71.47439999999999,1.46396
73,charge,73.4598,1.46716
73,charge,75.4452,1.4703600000000001
73,charge,77.4306,1.47356
73,charge,79.416,1.47676
73,charge,81.40140000000001,1.47996
73,charge,83.3868,1.48316
73,charge,85.37219999999999,1.4863600000000001
73,charge,87.35759999999999,1.48956
73,charge,89.343,1.49276
73,charge,91.3284,1.49596
73,charge,93.3138,1.49916
73,charge,95.2992,1.50236
73,charge,97.2846,1.50556
73,charge,99.27,1.50876
73,discharge,0.0,1.228868556
73,discharge,1.946764116,1.226468556
73,discharge,3.893528232,1.2240685559999998
73,discharge,5.840292347999999,1.2216685559999998
73,discharge,7.787056464,1.2192685559999998
73,discharge,9.73382058,1.2168685559999999
73,discharge,11.680584695999999,1.214468556
73,discharge,13.627348812000001,1.2120685559999997
73,discharge,15.574112928,1.2096685559999998
73,discharge,17.520877044,1.2072685559999998
73,discharge,19.46764116,1.2048685559999999
73,discharge,21.414405276,1.202468556
73,discharge,23.361169391999997,1.2000685559999997
73,discharge,25.307933508,1.1976685559999998
73,discharge,27.254697624000002,1.1952685559999998
73,discharge,29.20146174,1.1928685559999999
73,discharge,31.148225856,1.190468556
73,discharge,33.094989972,1.1880685559999997
73,discharge,35.041754088,1.1856685559999998
73,discharge,36.988518204,1.1832685559999998
73,discharge,38.93528232,1.1808685559999998
73,discharge,40.882046435999996,1.178468556
73,discharge,42.828810552,1.176068556
73,discharge,44.775574668,1.1736685559999998
73,discharge,46.722338783999994,1.1712685559999998
73,discharge,48.6691029,1.1688685559999998
73,discharge,50.615867016,1.1664685559999999
73,discharge,52.562631132,1.164068556
73,discharge,54.509395248000004,1.1616685559999997
73,discharge,56.456159363999994,1.1592685559999998
73,discharge,58.40292348,1.1568685559999998
73,discharge,60.349687595999995,1.1544685559999999
73,discharge,62.296451712,1.152068556
73,discharge,64.243215828,1.1496685559999997
73,discharge,66.189979944,1.1472685559999998
73,discharge,68.13674406,1.1448685559999998
73,discharge,70.083508176,1.1424685559999999
73,discharge,72.03027229199999,1.140068556
73,discharge,73.977036408,1.137668556
73,discharge,75.923800524,1.1352685559999998
73,discharge,77.87056464,1.1328685559999998
73,discharge,79.81732875600001,1.1304685559999998
73,discharge,81.76409287199999,1.128068556
73,discharge,83.710856988,1.125668556
73,discharge,85.657621104,1.1232685559999998
73,discharge,87.60438522,1.1208685559999998
73,discharge,89.551149336,1.1184685559999998
73,discharge,91.497913452,1.1160685559999999
73,discharge,93.44467756799999,1.113668556
73,discharge,95.391441684,1.1112685559999997
73,discharge,97.3382058,1.1088685559999998
74,charge,0.0,1.3488799999999999
74,charge,1.9852,1.35208
74,charge,3.9704,1.35528
74,charge,5.9556000000000004,1.35848
74,charge,7.9408,1.36168
74,charge,9.926000000000002,1.3648799999999999
74,charge,11.911200000000001,1.36808
74,charge,13.896400000000002,1.3712799999999998
74,charge,15.8816,1.37448
74,charge,17.8668,1.37768
74,charge,19.852000000000004,1.3808799999999999
74,charge,21.837200000000003,1.38408
74,charge,23.822400000000002,1.3872799999999998
74,charge,25.8076,1.39048
74,charge,27.792800000000003,1.39368
74,charge,29.778,1.39688
74,charge,31.7632,1.40008
74,charge,33.748400000000004,1.4032799999999999
74,charge,35.7336,1.40648
74,charge,37.7188,1.4096799999999998
74,charge,39.70400000000001,1.41288
74,charge,41.6892,1.41608
74,charge,43.674400000000006,1.4192799999999999
74,charge,45.659600000000005,1.42248
74,charge,47.644800000000004,1.4256799999999998
74,charge,49.63,1.42888
74,charge,51.6152,1.43208
74,charge,53.60040000000001,1.43528
74,charge,55.58560000000001,1.43848
74,charge,57.5708,1.4416799999999999
74,charge,59.556,1.44488
74,charge,61.5412,1.44808
74,charge,63.5264,1.45128
74,charge,65.5116,1.45448
74,charge,67.49680000000001,1.4576799999999999
74,charge,69.48200000000001,1.46088
74,charge,71.4672,1.4640799999999998
74,charge,73.4524,1.46728
74,charge,75.4376,1.47048
74,charge,77.42280000000001,1.4736799999999999
74,charge,79.40800000000002,1.47688
74,charge,81.39320000000001,1.4800799999999998
74,charge,83.3784,1.48328
74,charge,85.3636,1.48648
74,charge,87.34880000000001,1.48968
74,charge,89.334,1.49288
74,charge,91.31920000000001,1.4960799999999999
74,charge,93.30440000000002,1.49928
74,charge,95.28960000000001,1.5024799999999998
74,charge,97.2748,1.50568
74,charge,99.26,1.50888
74,discharge,0.0,1.2285380639999999
74,discharge,1.946528304,1.226138064
74,discharge,3.893056608,1.2237380639999997
74,discharge,5.839584911999999,1.2213380639999998
74,discharge,7.786113216,1.2189380639999998
74,discharge,9.732641520000001,1.2165380639999999
74,discharge,11.679169823999999,1.214138064
74,discharge,13.625698128000002,1.2117380639999997
74,discharge,15.572226432,1.2093380639999998
74,discharge,17.518754735999998,1.2069380639999998
74,discharge,19.465283040000003,1.2045380639999999
74,discharge,21.411811344,1.202138064
74,discharge,23.358339647999998,1.1997380639999997
74,discharge,25.304867952000002,1.1973380639999998
74,discharge,27.251396256000003,1.1949380639999998
74,discharge,29.197924559999997,1.1925380639999998
74,discharge,31.144452864,1.1901380639999999
74,discharge,33.090981168,1.187738064
74,discharge,35.037509471999996,1.1853380639999997
74,discharge,36.984037776,1.1829380639999998
74,discharge,38.930566080000006,1.1805380639999998
74,discharge,40.877094383999996,1.1781380639999999
74,discharge,42.823622688,1.175738064
74,discharge,44.770150992000005,1.1733380639999997
74,discharge,46.716679295999995,1.1709380639999998
74,discharge,48.6632076,1.1685380639999998
74,discharge,50.609735904000004,1.1661380639999999
74,discharge,52.556264208,1.163738064
74,discharge,54.502792512000006,1.1613380639999997
74,discharge,56.449320816,1.1589380639999998
74,discharge,58.395849119999994,1.1565380639999998
74,discharge,60.342377424,1.1541380639999999
74,discharge,62.288905728,1.151738064
74,discharge,64.235434032,1.1493380639999997
74,discharge,66.181962336,1.1469380639999998
74,discharge,68.12849064000001,1.1445380639999998
74,discharge,70.07501894399999,1.1421380639999998
74,discharge,72.021547248,1.1397380639999999
74,discharge,73.968075552,1.137338064
74,discharge,75.914603856,1.1349380639999997
74,discharge,77.86113216000001,1.1325380639999998
74,discharge,79.80766046400001,1.1301380639999998
74,discharge,81.75418876799999,1.1277380639999999
74,discharge,83.700717072,1.125338064
74,discharge,85.647245376,1.1229380639999997
74,discharge,87.59377368,1.1205380639999998
74,discharge,89.54030198400001,1.1181380639999998
74,discharge,91.48683028800001,1.1157380639999999
74,discharge,93.43335859199999,1.113338064
74,discharge,95.379886896,1.1109380639999997
74,discharge,97.3264152,1.1085380639999998
75,charge,0.0,1.3489999999999998
75,charge,1.985,1.3521999999999998
75,charge,3.97,1.3554
75,charge,5.955,1.3585999999999998
75,charge,7.94,1.3618
75,charge,9.925,1.3649999999999998
75,charge,11.91,1.3681999999999999
75,charge,13.895000000000001,1.3713999999999997
75,charge,15.88,1.3745999999999998
75,charge,17.865,1.3778
75,charge,19.85,1.3809999999999998
75,charge,21.835,1.3841999999999999
75,charge,23.82,1.3873999999999997
75,charge,25.805,1.3905999999999998
75,charge,27.790000000000003,1.3938
75,charge,29.775,1.3969999999999998
75,charge,31.76,1.4002
75,charge,33.745000000000005,1.4033999999999998
75,charge,35.73,1.4065999999999999
75,charge,37.715,1.4097999999999997
75,charge,39.7,1.4129999999999998
75,charge,41.684999999999995,1.4162
75,charge,43.67,1.4193999999999998
75,charge,45.655,1.4225999999999999
75,charge,47.64,1.4257999999999997
75,charge,49.625,1.4289999999999998
75,charge,51.61,1.4322
75,charge,53.595000000000006,1.4353999999999998
75,charge,55.580000000000005,1.4385999999999999
75,charge,57.565,1.4417999999999997
75,charge,59.55,1.4449999999999998
75,charge,61.535,1.4482
75,charge,63.52,1.4513999999999998
75,charge,65.50500000000001,1.4546
75,charge,67.49000000000001,1.4577999999999998
75,charge,69.47500000000001,1.4609999999999999
75,charge,71.46,1.4641999999999997
75,charge,73.445,1.4673999999999998
75,charge,75.43,1.4706
75,charge,77.415,1.4737999999999998
75,charge,79.4,1.4769999999999999
75,charge,81.385,1.4801999999999997
75,charge,83.36999999999999,1.4833999999999998
75,charge,85.355,1.4866
75,charge,87.34,1.4897999999999998
75,charge,89.325,1.4929999999999999
75,charge,91.31,1.4961999999999998
75,charge,93.295,1.4993999999999998
75,charge,95.28,1.5025999999999997
75,charge,97.265,1.5057999999999998
75,charge,99.25,1.509
75,discharge,0.0,1.2282075
75,discharge,1.9462925000000002,1.2258075
75,discharge,3.8925850000000004,1.2234074999999998
75,discharge,5.838877500000001,1.2210074999999998
75,discharge,7.785170000000001,1.2186074999999998
75,discharge,9.731462500000001,1.2162074999999999
75,discharge,11.677755000000001,1.2138075
75,discharge,13.624047500000001,1.2114074999999997
75,discharge,15.570340000000002,1.2090074999999998
75,discharge,17.5166325,1.2066074999999998
75,discharge,19.462925000000002,1.2042074999999999
75,discharge,21.4092175,1.2018075
75,discharge,23.355510000000002,1.1994074999999997
75,discharge,25.3018025,1.1970074999999998
75,discharge,27.248095000000003,1.1946074999999998
75,discharge,29.1943875,1.1922074999999999
75,discharge,31.140680000000003,1.1898075
75,discharge,33.0869725,1.1874075
75,discharge,35.033265,1.1850074999999998
75,discharge,36.979557500000006,1.1826074999999998
75,discharge,38.925850000000004,1.1802074999999999
75,discharge,40.8721425,1.1778075
75,discharge,42.818435,1.1754075
75,discharge,44.764727500000006,1.1730074999999998
75,discharge,46.711020000000005,1.1706074999999998
75,discharge,48.6573125,1.1682074999999998
75,discharge,50.603605,1.1658074999999999
75,discharge,52.54989750000001,1.1634075
75,discharge,54.496190000000006,1.1610074999999997
75,discharge,56.4424825,1.1586074999999998
75,discharge,58.388775,1.1562074999999998
75,discharge,60.3350675,1.1538074999999999
75,discharge,62.28136000000001,1.1514075
75,discharge,64.2276525,1.1490074999999997
75,discharge,66.173945,1.1466074999999998
75,discharge,68.12023750000002,1.1442074999999998
75,discharge,70.06653,1.1418074999999999
75,discharge,72.0128225,1.1394075
75,discharge,73.95911500000001,1.1370075
75,discharge,75.90540750000001,1.1346074999999998
75,discharge,77.85170000000001,1.1322074999999998
75,discharge,79.7979925,1.1298074999999999
75,discharge,81.744285,1.1274075
75,discharge,83.6905775,1.1250075
75,discharge,85.63687,1.1226074999999998
75,discharge,87.58316250000001,1.1202074999999998
75,discharge,89.52945500000001,1.1178074999999998
75,discharge,91.47574750000001,1.1154074999999999
75,discharge,93.42204000000001,1.1130075
75,discharge,95.36833250000001,1.1106074999999997
75,discharge,97.314625,1.1082074999999998
76,charge,0.0,1.3491199999999999
76,charge,1.9848,1.35232
76,charge,3.9696,1.3555199999999998
76,charge,5.9544,1.35872
76,charge,7.9392,1.36192
76,charge,9.924,1.36512
76,charge,11.9088,1.36832
76,charge,13.893600000000001,1.3715199999999999
76,charge,15.8784,1.37472
76,charge,17.8632,1.37792
76,charge,19.848,1.38112
76,charge,21.8328,1.38432
76,charge,23.8176,1.3875199999999999
76,charge,25.8024,1.39072
76,charge,27.787200000000002,1.39392
76,charge,29.772,1.39712
76,charge,31.7568,1.40032
76,charge,33.7416,1.4035199999999999
76,charge,35.7264,1.40672
76,charge,37.7112,1.4099199999999998
76,charge,39.696,1.41312
76,charge,41.6808,1.41632
76,charge,43.6656,1.41952
76,charge,45.6504,1.42272
76,charge,47.6352,1.4259199999999999
76,charge,49.62,1.42912
76,charge,51.6048,1.43232
76,charge,53.5896,1.43552
76,charge,55.574400000000004,1.43872
76,charge,57.55919999999999,1.4419199999999999
76,charge,59.544,1.44512
76,charge,61.5288,1.44832
76,charge,63.5136,1.45152
76,charge,65.4984,1.45472
76,charge,67.4832,1.4579199999999999
76,charge,69.468,1.46112
76,charge,71.4528,1.4643199999999998
76,charge,73.43759999999999,1.46752
76,charge,75.4224,1.47072
76,charge,77.4072,1.47392
76,charge,79.392,1.47712
76,charge,81.3768,1.4803199999999999
76,charge,83.3616,1.48352
76,charge,85.34639999999999,1.48672
76,charge,87.3312,1.48992
76,charge,89.316,1.49312
76,charge,91.3008,1.4963199999999999
76,charge,93.2856,1.49952
76,charge,95.2704,1.50272
76,charge,97.25519999999999,1.50592
76,charge,99.24,1.50912
76,discharge,0.0,1.227876864
76,discharge,1.9460567039999999,1.225476864
76,discharge,3.8921134079999997,1.2230768639999998
76,discharge,5.838170111999999,1.2206768639999999
76,discharge,7.784226815999999,1.218276864
76,discharge,9.73028352,1.215876864
76,discharge,11.676340223999999,1.213476864
76,discharge,13.622396928,1.2110768639999998
76,discharge,15.568453631999999,1.2086768639999999
76,discharge,17.514510335999997,1.206276864
76,discharge,19.46056704,1.203876864
76,discharge,21.406623743999997,1.201476864
76,discharge,23.352680447999997,1.1990768639999998
76,discharge,25.298737151999998,1.1966768639999998
76,discharge,27.244793856,1.1942768639999999
76,discharge,29.190850559999994,1.191876864
76,discharge,31.136907263999998,1.189476864
76,discharge,33.082963968,1.1870768639999998
76,discharge,35.029020671999994,1.1846768639999998
76,discharge,36.975077375999994,1.1822768639999999
76,discharge,38.92113408,1.179876864
76,discharge,40.867190783999995,1.177476864
76,discharge,42.813247487999995,1.175076864
76,discharge,44.759304191999995,1.1726768639999998
76,discharge,46.705360895999995,1.1702768639999999
76,discharge,48.651417599999995,1.167876864
76,discharge,50.597474303999995,1.165476864
76,discharge,52.543531007999995,1.163076864
76,discharge,54.489587712,1.1606768639999998
76,discharge,56.43564441599999,1.1582768639999999
76,discharge,58.38170111999999,1.155876864
76,discharge,60.327757823999995,1.153476864
76,discharge,62.273814527999996,1.151076864
76,discharge,64.219871232,1.1486768639999998
76,discharge,66.165927936,1.1462768639999998
76,discharge,68.11198464,1.1438768639999999
76,discharge,70.05804134399999,1.141476864
76,discharge,72.00409804799999,1.139076864
76,discharge,73.95015475199999,1.136676864
76,discharge,75.89621145599999,1.1342768639999998
76,discharge,77.84226816,1.1318768639999999
76,discharge,79.788324864,1.129476864
76,discharge,81.73438156799999,1.127076864
76,discharge,83.68043827199999,1.124676864
76,discharge,85.62649497599999,1.1222768639999998
76,discharge,87.57255167999999,1.1198768639999999
76,discharge,89.51860838399999,1.117476864
76,discharge,91.46466508799999,1.115076864
76,discharge,93.41072179199999,1.112676864
76,discharge,95.35677849599999,1.1102768639999998
76,discharge,97.30283519999999,1.1078768639999999
77,charge,0.0,1.3492399999999998
77,charge,1.9846000000000001,1.3524399999999999
77,charge,3.9692000000000003,1.3556399999999997
77,charge,5.9538,1.3588399999999998
77,charge,7.938400000000001,1.36204
77,charge,9.923000000000002,1.3652399999999998
77,charge,11.9076,1.3684399999999999
77,charge,13.892200000000003,1.3716399999999997
77,charge,15.876800000000001,1.3748399999999998
77,charge,17.8614,1.37804
77,charge,19.846000000000004,1.3812399999999998
77,charge,21.8306,1.38444
77,charge,23.8152,1.3876399999999998
77,charge,25.7998,1.3908399999999999
77,charge,27.784400000000005,1.39404
77,charge,29.769,1.3972399999999998
77,charge,31.753600000000002,1.40044
77,charge,33.738200000000006,1.4036399999999998
77,charge,35.7228,1.4068399999999999
77,charge,37.7074,1.4100399999999997
77,charge,39.69200000000001,1.4132399999999998
77,charge,41.6766,1.41644
77,charge,43.6612,1.4196399999999998
77,charge,45.6458,1.4228399999999999
77,charge,47.6304,1.4260399999999998
77,charge,49.615,1.4292399999999998
77,charge,51.5996,1.43244
77,charge,53.5842,1.4356399999999998
77,charge,55.56880000000001,1.43884
77,charge,57.553399999999996,1.4420399999999998
77,charge,59.538,1.4452399999999999
77,charge,61.522600000000004,1.44844
77,charge,63.507200000000005,1.4516399999999998
77,charge,65.49180000000001,1.45484
77,charge,67.47640000000001,1.4580399999999998
77,charge,69.46100000000001,1.4612399999999999
77,charge,71.4456,1.4644399999999997
77,charge,73.4302,1.4676399999999998
77,charge,75.4148,1.47084
77,charge,77.3994,1.4740399999999998
77,charge,79.38400000000001,1.4772399999999999
77,charge,81.36860000000001,1.4804399999999998
77,charge,83.3532,1.4836399999999998
77,charge,85.3378,1.48684
77,charge,87.3224,1.4900399999999998
77,charge,89.307,1.49324
77,charge,91.2916,1.4964399999999998
77,charge,93.2762,1.4996399999999999
77,charge,95.2608,1.50284
77,charge,97.2454,1.5060399999999998
77,charge,99.23,1.50924
77,discharge,0.0,1.2275461559999998
77,discharge,1.9458209160000002,1.2251461559999999
77,discharge,3.8916418320000004,1.2227461559999997
77,discharge,5.837462748,1.2203461559999997
77,discharge,7.783283664000001,1.2179461559999998
77,discharge,9.729104580000001,1.2155461559999998
77,discharge,11.674925496,1.2131461559999999
77,discharge,13.620746412000003,1.2107461559999997
77,discharge,15.566567328000001,1.2083461559999997
77,discharge,17.512388244,1.2059461559999998
77,discharge,19.458209160000003,1.2035461559999998
77,discharge,21.404030076,1.2011461559999999
77,discharge,23.349850992,1.1987461559999997
77,discharge,25.295671908000003,1.1963461559999997
77,discharge,27.241492824000005,1.1939461559999998
77,discharge,29.18731374,1.1915461559999998
77,discharge,31.133134656000003,1.1891461559999998
77,discharge,33.078955572000005,1.1867461559999999
77,discharge,35.024776488,1.1843461559999997
77,discharge,36.970597404,1.1819461559999997
77,discharge,38.916418320000005,1.1795461559999998
77,discharge,40.862239236,1.1771461559999998
77,discharge,42.808060152,1.1747461559999999
77,discharge,44.753881068000005,1.1723461559999997
77,discharge,46.699701984,1.1699461559999997
77,discharge,48.6455229,1.1675461559999998
77,discharge,50.591343816000006,1.1651461559999998
77,discharge,52.53716473200001,1.1627461559999999
77,discharge,54.48298564800001,1.1603461559999997
77,discharge,56.428806564,1.1579461559999997
77,discharge,58.37462748,1.1555461559999998
77,discharge,60.320448396,1.1531461559999998
77,discharge,62.266269312000006,1.1507461559999999
77,discharge,64.21209022800001,1.1483461559999997
77,discharge,66.15791114400001,1.1459461559999997
77,discharge,68.10373206000001,1.1435461559999998
77,discharge,70.049552976,1.1411461559999998
77,discharge,71.995373892,1.1387461559999998
77,discharge,73.941194808,1.1363461559999999
77,discharge,75.88701572400001,1.1339461559999997
77,discharge,77.83283664000001,1.1315461559999997
77,discharge,79.77865755600001,1.1291461559999998
77,discharge,81.724478472,1.1267461559999998
77,discharge,83.670299388,1.1243461559999999
77,discharge,85.616120304,1.1219461559999997
77,discharge,87.56194122000001,1.1195461559999997
77,discharge,89.50776213600001,1.1171461559999998
77,discharge,91.45358305200001,1.1147461559999998
77,discharge,93.399403968,1.1123461559999999
77,discharge,95.345224884,1.1099461559999997
77,discharge,97.2910458,1.1075461559999997
78,charge,0.0,1.34936
78,charge,1.9844,1.35256
78,charge,3.9688,1.35576
78,charge,5.9532,1.35896
78,charge,7.9376,1.36216
78,charge,9.922,1.36536
78,charge,11.9064,1.36856
78,charge,13.8908,1.3717599999999999
78,charge,15.8752,1.37496
78,charge,17.8596,1.37816
78,charge,19.844,1.38136
78,charge,21.8284,1.38456
78,charge,23.8128,1.3877599999999999
78,charge,25.7972,1.39096
78,charge,27.7816,1.39416
78,charge,29.766,1.39736
78,charge,31.7504,1.40056
78,charge,33.7348,1.40376
78,charge,35.7192,1.40696
78,charge,37.7036,1.4101599999999999
78,charge,39.688,1.41336
78,charge,41.672399999999996,1.41656
78,charge,43.6568,1.41976
78,charge,45.641200000000005,1.42296
78,charge,47.6256,1.4261599999999999
78,charge,49.61,1.42936
78,charge,51.5944,1.43256
78,charge,53.5788,1.43576
78,charge,55.5632,1.43896
78,charge,57.547599999999996,1.4421599999999999
78,charge,59.532,1.44536
78,charge,61.5164,1.44856
78,charge,63.5008,1.45176
78,charge,65.4852,1.45496
78,charge,67.4696,1.45816
78,charge,69.45400000000001,1.46136
78,charge,71.4384,1.4645599999999999
78,charge,73.4228,1.46776
78,charge,75.4072,1.47096
78,charge,77.3916,1.47416
78,charge,79.376,1.47736
78,charge,81.3604,1.4805599999999999
78,charge,83.34479999999999,1.48376
78,charge,85.3292,1.48696
78,charge,87.3136,1.49016
78,charge,89.298,1.49336
78,charge,91.28240000000001,1.49656
78,charge,93.2668,1.49976
78,charge,95.2512,1.5029599999999999
78,charge,97.23559999999999,1.50616
78,charge,99.22,1.50936
78,discharge,0.0,1.227215376
78,discharge,1.945585136,1.224815376
78,discharge,3.891170272,1.2224153759999998
78,discharge,5.836755408,1.2200153759999999
78,discharge,7.782340544,1.217615376
78,discharge,9.72792568,1.215215376
78,discharge,11.673510816,1.212815376
78,discharge,13.619095952,1.2104153759999998
78,discharge,15.564681088,1.2080153759999999
78,discharge,17.510266224,1.205615376
78,discharge,19.45585136,1.203215376
78,discharge,21.401436496,1.200815376
78,discharge,23.347021632,1.1984153759999998
78,discharge,25.292606768,1.1960153759999999
78,discharge,27.238191904,1.193615376
78,discharge,29.18377704,1.191215376
78,discharge,31.129362176,1.188815376
78,discharge,33.074947312,1.1864153759999998
78,discharge,35.020532448,1.1840153759999998
78,discharge,36.966117584,1.1816153759999999
78,discharge,38.91170272,1.179215376
78,discharge,40.857287856,1.176815376
78,discharge,42.802872992,1.174415376
78,discharge,44.748458128,1.1720153759999998
78,discharge,46.694043264,1.1696153759999999
78,discharge,48.6396284,1.167215376
78,discharge,50.585213536,1.164815376
78,discharge,52.530798672,1.162415376
78,discharge,54.476383808,1.1600153759999998
78,discharge,56.42196894399999,1.1576153759999999
78,discharge,58.36755408,1.155215376
78,discharge,60.313139215999996,1.152815376
78,discharge,62.258724352,1.150415376
78,discharge,64.204309488,1.1480153759999998
78,discharge,66.149894624,1.1456153759999999
78,discharge,68.09547976,1.143215376
78,discharge,70.041064896,1.140815376
78,discharge,71.986650032,1.138415376
78,discharge,73.932235168,1.136015376
78,discharge,75.877820304,1.1336153759999998
78,discharge,77.82340544,1.1312153759999999
78,discharge,79.76899057600001,1.128815376
78,discharge,81.714575712,1.126415376
78,discharge,83.660160848,1.124015376
78,discharge,85.605745984,1.1216153759999998
78,discharge,87.55133112,1.1192153759999999
78,discharge,89.496916256,1.116815376
78,discharge,91.44250139200001,1.114415376
78,discharge,93.388086528,1.112015376
78,discharge,95.333671664,1.1096153759999998
78,discharge,97.2792568,1.1072153759999999
79,charge,0.0,1.3494799999999998
79,charge,1.9842,1.3526799999999999
79,charge,3.9684,1.35588
79,charge,5.9525999999999994,1.3590799999999998
79,charge,7.9368,1.36228
79,charge,9.921,1.3654799999999998
79,charge,11.905199999999999,1.36868
79,charge,13.8894,1.3718799999999998
79,charge,15.8736,1.3750799999999999
79,charge,17.857799999999997,1.37828
79,charge,19.842,1.3814799999999998
79,charge,21.8262,1.38468
79,charge,23.810399999999998,1.3878799999999998
79,charge,25.7946,1.3910799999999999
79,charge,27.7788,1.39428
79,charge,29.762999999999998,1.3974799999999998
79,charge,31.7472,1.40068
79,charge,33.7314,1.4038799999999998
79,charge,35.715599999999995,1.4070799999999999
79,charge,37.699799999999996,1.4102799999999998
79,charge,39.684,1.4134799999999998
79,charge,41.6682,1.41668
79,charge,43.6524,1.4198799999999998
79,charge,45.6366,1.42308
79,charge,47.620799999999996,1.4262799999999998
79,charge,49.605,1.4294799999999999
79,charge,51.5892,1.43268
79,charge,53.5734,1.4358799999999998
79,charge,55.5576,1.43908
79,charge,57.541799999999995,1.4422799999999998
79,charge,59.525999999999996,1.4454799999999999
79,charge,61.5102,1.44868
79,charge,63.4944,1.4518799999999998
79,charge,65.4786,1.45508
79,charge,67.4628,1.4582799999999998
79,charge,69.447,1.46148
79,charge,71.43119999999999,1.4646799999999998
79,charge,73.41539999999999,1.4678799999999999
79,charge,75.39959999999999,1.47108
79,charge,77.3838,1.4742799999999998
79,charge,79.368,1.47748
79,charge,81.3522,1.4806799999999998
79,charge,83.3364,1.4838799999999999
79,charge,85.3206,1.48708
79,charge,87.3048,1.4902799999999998
79,charge,89.289,1.49348
79,charge,91.2732,1.4966799999999998
79,charge,93.2574,1.4998799999999999
79,charge,95.24159999999999,1.5030799999999997
79,charge,97.22579999999999,1.5062799999999998
79,charge,99.21,1.50948
79,discharge,0.0,1.226884524
79,discharge,1.945349364,1.224484524
79,discharge,3.890698728,1.2220845239999998
79,discharge,5.8360480919999995,1.2196845239999998
79,discharge,7.781397456,1.2172845239999999
79,discharge,9.72674682,1.214884524
79,discharge,11.672096183999999,1.212484524
79,discharge,13.617445548000001,1.2100845239999998
79,discharge,15.562794912,1.2076845239999998
79,discharge,17.508144276,1.2052845239999999
79,discharge,19.45349364,1.202884524
79,discharge,21.398843004,1.200484524
79,discharge,23.344192367999998,1.1980845239999998
79,discharge,25.289541732,1.1956845239999998
79,discharge,27.234891096000002,1.1932845239999998
79,discharge,29.180240459999997,1.1908845239999999
79,discharge,31.125589824,1.188484524
79,discharge,33.070939188000004,1.186084524
79,discharge,35.016288552,1.1836845239999998
79,discharge,36.961637916,1.1812845239999998
79,discharge,38.90698728,1.1788845239999999
79,discharge,40.852336644,1.176484524
79,discharge,42.797686008,1.174084524
79,discharge,44.743035372,1.1716845239999998
79,discharge,46.688384735999996,1.1692845239999998
79,discharge,48.6337341,1.1668845239999999
79,discharge,50.579083464,1.164484524
79,discharge,52.524432828,1.162084524
79,discharge,54.469782192000004,1.1596845239999998
79,discharge,56.41513155599999,1.1572845239999998
79,discharge,58.36048091999999,1.1548845239999999
79,discharge,60.305830283999995,1.152484524
79,discharge,62.251179648,1.150084524
79,discharge,64.196529012,1.1476845239999998
79,discharge,66.14187837600001,1.1452845239999998
79,discharge,68.08722774,1.1428845239999998
79,discharge,70.032577104,1.1404845239999999
79,discharge,71.97792646799999,1.138084524
79,discharge,73.923275832,1.135684524
79,discharge,75.868625196,1.1332845239999998
79,discharge,77.81397456,1.1308845239999998
79,discharge,79.759323924,1.1284845239999999
79,discharge,81.704673288,1.126084524
79,discharge,83.65002265199999,1.123684524
79,discharge,85.595372016,1.1212845239999998
79,discharge,87.54072138,1.1188845239999998
79,discharge,89.486070744,1.1164845239999999
79,discharge,91.431420108,1.114084524
79,discharge,93.37676947199999,1.111684524
79,discharge,95.322118836,1.1092845239999998
79,discharge,97.2674682,1.1068845239999998
80,charge,0.0,1.3496
80,charge,1.9840000000000002,1.3528
80,charge,3.9680000000000004,1.3559999999999999
80,charge,5.952,1.3592
80,charge,7.936000000000001,1.3624
80,charge,9.920000000000002,1.3656
80,charge,11.904,1.3688
80,charge,13.888000000000002,1.3719999999999999
80,charge,15.872000000000002,1.3752
80,charge,17.855999999999998,1.3784
80,charge,19.840000000000003,1.3816
80,charge,21.824,1.3848
80,charge,23.808,1.388
80,charge,25.792,1.3912
80,charge,27.776000000000003,1.3944
80,charge,29.759999999999998,1.3976
80,charge,31.744000000000003,1.4008
80,charge,33.728,1.404
80,charge,35.711999999999996,1.4072
80,charge,37.696000000000005,1.4103999999999999
80,charge,39.68000000000001,1.4136
80,charge,41.664,1.4168
80,charge,43.648,1.42
80,charge,45.632000000000005,1.4232
80,charge,47.616,1.4264
80,charge,49.6,1.4296
80,charge,51.584,1.4328
80,charge,53.568000000000005,1.436
80,charge,55.55200000000001,1.4392
80,charge,57.535999999999994,1.4424
80,charge,59.519999999999996,1.4456
80,charge,61.504,1.4488
80,charge,63.48800000000001,1.452
80,charge,65.47200000000001,1.4552
80,charge,67.456,1.4584
80,charge,69.44000000000001,1.4616
80,charge,71.42399999999999,1.4647999999999999
80,charge,73.408,1.468
80,charge,75.39200000000001,1.4712
80,charge,77.376,1.4744
80,charge,79.36000000000001,1.4776
80,charge,81.34400000000001,1.4808
80,charge,83.328,1.484
80,charge,85.312,1.4872
80,charge,87.296,1.4904
80,charge,89.28,1.4936
80,charge,91.26400000000001,1.4968
80,charge,93.248,1.5
80,charge,95.232,1.5032
80,charge,97.216,1.5064
80,charge,99.2,1.5096
80,discharge,0.0,1.2265536
80,discharge,1.9451136,1.2241536
80,discharge,3.8902272,1.2217535999999998
80,discharge,5.8353408,1.2193535999999998
80,discharge,7.7804544,1.2169535999999999
80,discharge,9.725568,1.2145536
80,discharge,11.6706816,1.2121536
80,discharge,13.6157952,1.2097535999999998
80,discharge,15.5609088,1.2073535999999998
80,discharge,17.5060224,1.2049535999999998
80,discharge,19.451136,1.2025536
80,discharge,21.3962496,1.2001536
80,discharge,23.3413632,1.1977535999999998
80,discharge,25.2864768,1.1953535999999998
80,discharge,27.2315904,1.1929535999999998
80,discharge,29.176703999999997,1.1905535999999999
80,discharge,31.1218176,1.1881536
80,discharge,33.0669312,1.1857536
80,discharge,35.0120448,1.1833535999999998
80,discharge,36.9571584,1.1809535999999998
80,discharge,38.902272,1.1785535999999999
80,discharge,40.847385599999996,1.1761536
80,discharge,42.7924992,1.1737536
80,discharge,44.7376128,1.1713535999999998
80,discharge,46.6827264,1.1689535999999998
80,discharge,48.62784,1.1665535999999999
80,discharge,50.5729536,1.1641536
80,discharge,52.518067200000004,1.1617536
80,discharge,54.4631808,1.1593535999999998
80,discharge,56.408294399999996,1.1569535999999998
80,discharge,58.353407999999995,1.1545535999999998
80,discharge,60.2985216,1.1521535999999999
80,discharge,62.2436352,1.1497536
80,discharge,64.1887488,1.1473535999999998
80,discharge,66.1338624,1.1449535999999998
80,discharge,68.07897600000001,1.1425535999999998
80,discharge,70.0240896,1.1401535999999999
80,discharge,71.9692032,1.1377536
80,discharge,73.9143168,1.1353536
80,discharge,75.85943040000001,1.1329535999999998
80,discharge,77.804544,1.1305535999999998
80,discharge,79.7496576,1.1281535999999999
80,discharge,81.69477119999999,1.1257536
80,discharge,83.63988479999999,1.1233536
80,discharge,85.5849984,1.1209535999999998
80,discharge,87.530112,1.1185535999999998
80,discharge,89.4752256,1.1161535999999999
80,discharge,91.4203392,1.1137536
80,discharge,93.3654528,1.1113536
80,discharge,95.3105664,1.1089535999999998
80,discharge,97.25568,1.1065535999999998
81,charge,0.0,1.3497199999999998
81,charge,1.9838,1.35292
81,charge,3.9676,1.3561199999999998
81,charge,5.9514,1.3593199999999999
81,charge,7.9352,1.36252
81,charge,9.919,1.3657199999999998
81,charge,11.9028,1.36892
81,charge,13.886600000000001,1.3721199999999998
81,charge,15.8704,1.3753199999999999
81,charge,17.8542,1.37852
81,charge,19.838,1.3817199999999998
81,charge,21.8218,1.38492
81,charge,23.8056,1.3881199999999998
81,charge,25.7894,1.39132
81,charge,27.773200000000003,1.39452
81,charge,29.756999999999998,1.3977199999999999
81,charge,31.7408,1.40092
81,charge,33.7246,1.4041199999999998
81,charge,35.7084,1.40732
81,charge,37.6922,1.4105199999999998
81,charge,39.676,1.4137199999999999
81,charge,41.6598,1.41692
81,charge,43.6436,1.4201199999999998
81,charge,45.6274,1.42332
81,charge,47.6112,1.4265199999999998
81,charge,49.595,1.4297199999999999
81,charge,51.5788,1.43292
81,charge,53.5626,1.4361199999999998
81,charge,55.546400000000006,1.43932
81,charge,57.530199999999994,1.4425199999999998
81,charge,59.513999999999996,1.44572
81,charge,61.4978,1.44892
81,charge,63.4816,1.4521199999999999
81,charge,65.4654,1.45532
81,charge,67.4492,1.4585199999999998
81,charge,69.433,1.46172
81,charge,71.4168,1.4649199999999998
81,charge,73.4006,1.4681199999999999
81,charge,75.3844,1.47132
81,charge,77.3682,1.4745199999999998
81,charge,79.352,1.47772
81,charge,81.3358,1.4809199999999998
81,charge,83.3196,1.4841199999999999
81,charge,85.3034,1.48732
81,charge,87.2872,1.4905199999999998
81,charge,89.271,1.49372
81,charge,91.2548,1.4969199999999998
81,charge,93.2386,1.50012
81,charge,95.2224,1.50332
81,charge,97.2062,1.5065199999999999
81,charge,99.19,1.50972
81,discharge,0.0,1.226222604
81,discharge,1.944877844,1.223822604
81,discharge,3.889755688,1.2214226039999998
81,discharge,5.834633532,1.2190226039999998
81,discharge,7.779511376,1.2166226039999999
81,discharge,9.72438922,1.214222604
81,discharge,11.669267064,1.211822604
81,discharge,13.614144908000002,1.2094226039999998
81,discharge,15.559022752,1.2070226039999998
81,discharge,17.503900596,1.2046226039999999
81,discharge,19.44877844,1.202222604
81,discharge,21.393656284000002,1.199822604
81,discharge,23.338534128,1.1974226039999998
81,discharge,25.283411972000003,1.1950226039999998
81,discharge,27.228289816000004,1.1926226039999999
81,discharge,29.17316766,1.190222604
81,discharge,31.118045504,1.187822604
81,discharge,33.062923348000005,1.1854226039999998
81,discharge,35.007801192,1.1830226039999998
81,discharge,36.952679036,1.1806226039999999
81,discharge,38.89755688,1.178222604
81,discharge,40.842434724,1.175822604
81,discharge,42.787312568000004,1.173422604
81,discharge,44.732190412,1.1710226039999998
81,discharge,46.677068256,1.1686226039999998
81,discharge,48.6219461,1.1662226039999999
81,discharge,50.56682394400001,1.163822604
81,discharge,52.511701788,1.161422604
81,discharge,54.45657963200001,1.1590226039999998
81,discharge,56.401457476,1.1566226039999998
81,discharge,58.34633532,1.1542226039999999
81,discharge,60.291213164000006,1.151822604
81,discharge,62.236091008,1.149422604
81,discharge,64.180968852,1.1470226039999998
81,discharge,66.12584669600001,1.1446226039999998
81,discharge,68.07072454000001,1.1422226039999999
81,discharge,70.015602384,1.139822604
81,discharge,71.96048022800001,1.137422604
81,discharge,73.905358072,1.135022604
81,discharge,75.850235916,1.1326226039999998
81,discharge,77.79511376,1.1302226039999999
81,discharge,79.73999160400001,1.127822604
81,discharge,81.684869448,1.125422604
81,discharge,83.629747292,1.123022604
81,discharge,85.57462513600001,1.1206226039999998
81,discharge,87.51950298000001,1.1182226039999998
81,discharge,89.464380824,1.1158226039999999
81,discharge,91.409258668,1.113422604
81,discharge,93.354136512,1.111022604
81,discharge,95.299014356,1.1086226039999998
81,discharge,97.2438922,1.1062226039999998
82,charge,0.0,1.34984
82,charge,1.9836000000000003,1.35304
82,charge,3.9672000000000005,1.3562400000000001
82,charge,5.9508,1.35944
82,charge,7.934400000000001,1.36264
82,charge,9.918000000000001,1.36584
82,charge,11.9016,1.36904
82,charge,13.885200000000003,1.37224
82,charge,15.868800000000002,1.37544
82,charge,17.8524,1.37864
82,charge,19.836000000000002,1.38184
82,charge,21.8196,1.38504
82,charge,23.8032,1.38824
82,charge,25.786800000000003,1.39144
82,charge,27.770400000000006,1.39464
82,charge,29.754,1.39784
82,charge,31.737600000000004,1.40104
82,charge,33.7212,1.40424
82,charge,35.7048,1.40744
82,charge,37.6884,1.41064
82,charge,39.672000000000004,1.41384
82,charge,41.6556,1.41704
82,charge,43.6392,1.42024
82,charge,45.622800000000005,1.42344
82,charge,47.6064,1.42664
82,charge,49.59,1.42984
82,charge,51.573600000000006,1.43304
82,charge,53.55720000000001,1.43624
82,charge,55.54080000000001,1.43944
82,charge,57.5244,1.44264
82,charge,59.508,1.44584
82,charge,61.491600000000005,1.44904
82,charge,63.47520000000001,1.45224
82,charge,65.45880000000001,1.45544
82,charge,67.4424,1.45864
82,charge,69.42600000000002,1.46184
82,charge,71.4096,1.46504
82,charge,73.39320000000001,1.46824
82,charge,75.3768,1.47144
82,charge,77.36040000000001,1.47464
82,charge,79.34400000000001,1.47784
82,charge,81.32760000000002,1.48104
82,charge,83.3112,1.48424
82,charge,85.29480000000001,1.48744
82,charge,87.2784,1.49064
82,charge,89.26200000000001,1.49384
82,charge,91.24560000000001,1.49704
82,charge,93.2292,1.50024
82,charge,95.2128,1.5034399999999999
82,charge,97.19640000000001,1.50664
82,charge,99.18,1.50984
82,discharge,0.0,1.225891536
82,discharge,1.9446420960000002,1.223491536
82,discharge,3.8892841920000003,1.2210915359999999
82,discharge,5.833926288,1.218691536
82,discharge,7.778568384000001,1.216291536
82,discharge,9.72321048,1.213891536
82,discharge,11.667852576,1.211491536
82,discharge,13.612494672000002,1.2090915359999999
82,discharge,15.557136768000001,1.206691536
82,discharge,17.501778864,1.204291536
82,discharge,19.44642096,1.201891536
82,discharge,21.391063056,1.199491536
82,discharge,23.335705152,1.1970915359999998
82,discharge,25.280347248,1.1946915359999999
82,discharge,27.224989344000004,1.192291536
82,discharge,29.16963144,1.189891536
82,discharge,31.114273536000002,1.187491536
82,discharge,33.058915632,1.1850915359999998
82,discharge,35.003557728,1.1826915359999999
82,discharge,36.948199824,1.180291536
82,discharge,38.89284192,1.177891536
82,discharge,40.837484016,1.175491536
82,discharge,42.782126112,1.173091536
82,discharge,44.726768208,1.1706915359999999
82,discharge,46.671410304,1.168291536
82,discharge,48.6160524,1.165891536
82,discharge,50.560694496,1.163491536
82,discharge,52.505336592000006,1.161091536
82,discharge,54.44997868800001,1.1586915359999999
82,discharge,56.394620784,1.156291536
82,discharge,58.33926288,1.153891536
82,discharge,60.283904976,1.151491536
82,discharge,62.228547072000005,1.149091536
82,discharge,64.17318916800001,1.1466915359999998
82,discharge,66.117831264,1.1442915359999999
82,discharge,68.06247336000001,1.141891536
82,discharge,70.007115456,1.139491536
82,discharge,71.951757552,1.137091536
82,discharge,73.896399648,1.134691536
82,discharge,75.84104174400001,1.1322915359999999
82,discharge,77.78568384,1.129891536
82,discharge,79.73032593600001,1.127491536
82,discharge,81.674968032,1.125091536
82,discharge,83.619610128,1.122691536
82,discharge,85.564252224,1.1202915359999999
82,discharge,87.50889432000001,1.117891536
82,discharge,89.453536416,1.115491536
82,discharge,91.398178512,1.113091536
82,discharge,93.342820608,1.110691536
82,discharge,95.287462704,1.1082915359999999
82,discharge,97.2321048,1.105891536
83,charge,0.0,1.3499599999999998
83,charge,1.9834,1.35316
83,charge,3.9668,1.35636
83,charge,5.9502,1.3595599999999999
83,charge,7.9336,1.36276
83,charge,9.917000000000002,1.3659599999999998
83,charge,11.9004,1.36916
83,charge,13.8838,1.3723599999999998
83,charge,15.8672,1.37556
83,charge,17.8506,1.37876
83,charge,19.834000000000003,1.3819599999999999
83,charge,21.8174,1.38516
83,charge,23.8008,1.3883599999999998
83,charge,25.784200000000002,1.39156
83,charge,27.7676,1.39476
83,charge,29.750999999999998,1.3979599999999999
83,charge,31.7344,1.40116
83,charge,33.717800000000004,1.4043599999999998
83,charge,35.7012,1.40756
83,charge,37.6846,1.4107599999999998
83,charge,39.668000000000006,1.4139599999999999
83,charge,41.6514,1.41716
83,charge,43.6348,1.4203599999999998
83,charge,45.6182,1.42356
83,charge,47.6016,1.4267599999999998
83,charge,49.585,1.42996
83,charge,51.568400000000004,1.43316
83,charge,53.55180000000001,1.4363599999999999
83,charge,55.5352,1.43956
83,charge,57.5186,1.4427599999999998
83,charge,59.501999999999995,1.44596
83,charge,61.4854,1.44916
83,charge,63.4688,1.4523599999999999
83,charge,65.4522,1.45556
83,charge,67.43560000000001,1.4587599999999998
83,charge,69.41900000000001,1.46196
83,charge,71.4024,1.4651599999999998
83,charge,73.3858,1.4683599999999999
83,charge,75.3692,1.47156
83,charge,77.35260000000001,1.4747599999999998
83,charge,79.33600000000001,1.47796
83,charge,81.3194,1.4811599999999998
83,charge,83.3028,1.48436
83,charge,85.2862,1.48756
83,charge,87.2696,1.4907599999999999
83,charge,89.253,1.49396
83,charge,91.2364,1.4971599999999998
83,charge,93.2198,1.50036
83,charge,95.2032,1.5035599999999998
83,charge,97.1866,1.5067599999999999
83,charge,99.17,1.50996
83,discharge,0.0,1.2255603959999999
83,discharge,1.9444063560000002,1.223160396
83,discharge,3.8888127120000004,1.2207603959999997
83,discharge,5.833219068,1.2183603959999998
83,discharge,7.777625424000001,1.2159603959999998
83,discharge,9.722031780000002,1.2135603959999999
83,discharge,11.666438136,1.211160396
83,discharge,13.610844492000002,1.2087603959999997
83,discharge,15.555250848000002,1.2063603959999998
83,discharge,17.499657204,1.2039603959999998
83,discharge,19.444063560000004,1.2015603959999999
83,discharge,21.388469916000002,1.199160396
83,discharge,23.332876272,1.1967603959999997
83,discharge,25.277282628000002,1.1943603959999998
83,discharge,27.221688984000004,1.1919603959999998
83,discharge,29.16609534,1.1895603959999999
83,discharge,31.110501696000004,1.187160396
83,discharge,33.054908052,1.1847603959999997
83,discharge,34.999314408,1.1823603959999998
83,discharge,36.943720764000005,1.1799603959999998
83,discharge,38.88812712000001,1.1775603959999998
83,discharge,40.832533476,1.1751603959999999
83,discharge,42.776939832000004,1.172760396
83,discharge,44.721346188000005,1.1703603959999997
83,discharge,46.665752544,1.1679603959999998
83,discharge,48.6101589,1.1655603959999998
83,discharge,50.554565256000004,1.1631603959999999
83,discharge,52.498971612000005,1.160760396
83,discharge,54.44337796800001,1.1583603959999997
83,discharge,56.387784323999995,1.1559603959999998
83,discharge,58.33219068,1.1535603959999998
83,discharge,60.276597036,1.1511603959999999
83,discharge,62.22100339200001,1.148760396
83,discharge,64.165409748,1.1463603959999997
83,discharge,66.109816104,1.1439603959999998
83,discharge,68.05422246,1.1415603959999998
83,discharge,69.998628816,1.1391603959999999
83,discharge,71.943035172,1.136760396
83,discharge,73.88744152800001,1.134360396
83,discharge,75.83184788400001,1.1319603959999998
83,discharge,77.77625424000001,1.1295603959999998
83,discharge,79.72066059600002,1.1271603959999998
83,discharge,81.665066952,1.1247603959999999
83,discharge,83.609473308,1.122360396
83,discharge,85.55387966400001,1.1199603959999997
83,discharge,87.49828602000001,1.1175603959999998
83,discharge,89.44269237600001,1.1151603959999998
83,discharge,91.38709873200001,1.1127603959999999
83,discharge,93.331505088,1.110360396
83,discharge,95.275911444,1.1079603959999997
83,discharge,97.2203178,1.1055603959999998
84,charge,0.0,1.35008
84,charge,1.9832,1.35328
84,charge,3.9664,1.35648
84,charge,5.949599999999999,1.35968
84,charge,7.9328,1.36288
84,charge,9.916,1.36608
84,charge,11.899199999999999,1.36928
84,charge,13.8824,1.37248
84,charge,15.8656,1.37568
84,charge,17.848799999999997,1.37888
84,charge,19.832,1.38208
84,charge,21.8152,1.38528
84,charge,23.798399999999997,1.38848
84,charge,25.7816,1.39168
84,charge,27.7648,1.3948800000000001
84,charge,29.747999999999998,1.39808
84,charge,31.7312,1.40128
84,charge,33.714400000000005,1.40448
84,charge,35.697599999999994,1.40768
84,charge,37.6808,1.41088
84,charge,39.664,1.41408
84,charge,41.6472,1.41728
84,charge,43.6304,1.42048
84,charge,45.6136,1.42368
84,charge,47.596799999999995,1.42688
84,charge,49.58,1.43008
84,charge,51.5632,1.43328
84,charge,53.5464,1.43648
84,charge,55.5296,1.43968
84,charge,57.51279999999999,1.44288
84,charge,59.495999999999995,1.44608
84,charge,61.4792,1.4492800000000001
84,charge,63.4624,1.45248
84,charge,65.4456,1.45568
84,charge,67.42880000000001,1.45888
84,charge,69.412,1.46208
84,charge,71.39519999999999,1.46528
84,charge,73.3784,1.46848
84,charge,75.3616,1.47168
84,charge,77.3448,1.47488
84,charge,79.328,1.47808
84,charge,81.3112,1.48128
84,charge,83.2944,1.48448
84,charge,85.27759999999999,1.4876800000000001
84,charge,87.2608,1.49088
84,charge,89.244,1.49408
84,charge,91.2272,1.49728
84,charge,93.2104,1.50048
84,charge,95.19359999999999,1.5036800000000001
84,charge,97.1768,1.50688
84,charge,99.16,1.51008
84,discharge,0.0,1.225229184
84,discharge,1.944170624,1.222829184
84,discharge,3.888341248,1.220429184
84,discharge,5.8325118719999995,1.218029184
84,discharge,7.776682496,1.215629184
84,discharge,9.720853120000001,1.213229184
84,discharge,11.665023743999999,1.210829184
84,discharge,13.609194368,1.2084291839999999
84,discharge,15.553364992,1.206029184
84,discharge,17.497535615999997,1.203629184
84,discharge,19.441706240000002,1.201229184
84,discharge,21.385876864,1.198829184
84,discharge,23.330047487999998,1.1964291839999999
84,discharge,25.274218112,1.194029184
84,discharge,27.218388736,1.191629184
84,discharge,29.162559359999996,1.189229184
84,discharge,31.106729984,1.186829184
84,discharge,33.050900608,1.1844291839999999
84,discharge,34.995071231999994,1.182029184
84,discharge,36.939241856,1.179629184
84,discharge,38.883412480000004,1.177229184
84,discharge,40.827583104,1.174829184
84,discharge,42.771753728,1.172429184
84,discharge,44.715924352,1.1700291839999999
84,discharge,46.660094975999996,1.167629184
84,discharge,48.6042656,1.165229184
84,discharge,50.548436224,1.162829184
84,discharge,52.492606848,1.160429184
84,discharge,54.436777472,1.1580291839999999
84,discharge,56.38094809599999,1.155629184
84,discharge,58.32511871999999,1.153229184
84,discharge,60.26928934399999,1.150829184
84,discharge,62.213459968,1.148429184
84,discharge,64.157630592,1.1460291839999999
84,discharge,66.101801216,1.143629184
84,discharge,68.04597184,1.141229184
84,discharge,69.99014246399999,1.138829184
84,discharge,71.934313088,1.136429184
84,discharge,73.878483712,1.134029184
84,discharge,75.822654336,1.131629184
84,discharge,77.76682496000001,1.129229184
84,discharge,79.710995584,1.126829184
84,discharge,81.655166208,1.124429184
84,discharge,83.59933683199999,1.122029184
84,discharge,85.543507456,1.1196291839999999
84,discharge,87.48767808,1.117229184
84,discharge,89.431848704,1.114829184
84,discharge,91.376019328,1.112429184
84,discharge,93.32018995199999,1.110029184
84,discharge,95.26436057599999,1.1076291839999999
84,discharge,97.2085312,1.105229184
85,charge,0.0,1.3501999999999998
85,charge,1.983,1.3534
85,charge,3.966,1.3565999999999998
85,charge,5.949,1.3598
85,charge,7.932,1.363
85,charge,9.915000000000001,1.3661999999999999
85,charge,11.898,1.3694
85,charge,13.881000000000002,1.3725999999999998
85,charge,15.864,1.3758
85,charge,17.847,1.379
85,charge,19.830000000000002,1.3821999999999999
85,charge,21.813000000000002,1.3854
85,charge,23.796,1.3885999999999998
85,charge,25.779000000000003,1.3918
85,charge,27.762000000000004,1.395
85,charge,29.745,1.3981999999999999
85,charge,31.728,1.4014
85,charge,33.711000000000006,1.4045999999999998
85,charge,35.694,1.4078
85,charge,37.677,1.4109999999999998
85,charge,39.660000000000004,1.4142
85,charge,41.643,1.4174
85,charge,43.626000000000005,1.4205999999999999
85,charge,45.609,1.4238
85,charge,47.592,1.4269999999999998
85,charge,49.575,1.4302
85,charge,51.55800000000001,1.4334
85,charge,53.541000000000004,1.4365999999999999
85,charge,55.52400000000001,1.4398
85,charge,57.507,1.4429999999999998
85,charge,59.49,1.4462
85,charge,61.473000000000006,1.4494
85,charge,63.456,1.4526
85,charge,65.43900000000001,1.4558
85,charge,67.42200000000001,1.4589999999999999
85,charge,69.40500000000002,1.4622
85,charge,71.388,1.4653999999999998
85,charge,73.37100000000001,1.4686
85,charge,75.354,1.4718
85,charge,77.337,1.4749999999999999
85,charge,79.32000000000001,1.4782
85,charge,81.30300000000001,1.4813999999999998
85,charge,83.286,1.4846
85,charge,85.269,1.4878
85,charge,87.25200000000001,1.4909999999999999
85,charge,89.23500000000001,1.4942
85,charge,91.218,1.4973999999999998
85,charge,93.20100000000001,1.5006
85,charge,95.184,1.5038
85,charge,97.167,1.507
85,charge,99.15,1.5102
85,discharge,0.0,1.2248979
85,discharge,1.9439349000000001,1.2224979
85,discharge,3.8878698000000003,1.2200978999999998
85,discharge,5.8318047,1.2176978999999999
85,discharge,7.7757396000000005,1.2152979
85,discharge,9.719674500000002,1.2128979
85,discharge,11.6636094,1.2104979
85,discharge,13.607544300000002,1.2080978999999998
85,discharge,15.551479200000001,1.2056978999999999
85,discharge,17.4954141,1.2032979
85,discharge,19.439349000000004,1.2008979
85,discharge,21.383283900000002,1.1984979
85,discharge,23.3272188,1.1960978999999998
85,discharge,25.271153700000003,1.1936978999999999
85,discharge,27.215088600000005,1.1912979
85,discharge,29.1590235,1.1888979
85,discharge,31.102958400000002,1.1864979
85,discharge,33.04689330000001,1.1840978999999998
85,discharge,34.9908282,1.1816978999999999
85,discharge,36.934763100000005,1.1792979
85,discharge,38.87869800000001,1.1768979
85,discharge,40.8226329,1.1744979
85,discharge,42.766567800000004,1.1720979
85,discharge,44.710502700000006,1.1696978999999998
85,discharge,46.6544376,1.1672978999999999
85,discharge,48.5983725,1.1648979
85,discharge,50.542307400000006,1.1624979
85,discharge,52.48624230000001,1.1600979
85,discharge,54.43017720000001,1.1576978999999998
85,discharge,56.3741121,1.1552978999999999
85,discharge,58.318047,1.1528979
85,discharge,60.2619819,1.1504979
85,discharge,62.205916800000004,1.1480979
85,discharge,64.14985170000001,1.1456978999999998
85,discharge,66.09378660000002,1.1432978999999999
85,discharge,68.03772150000002,1.1408979
85,discharge,69.9816564,1.1384979
85,discharge,71.92559130000001,1.1360979
85,discharge,73.86952620000001,1.1336979
85,discharge,75.81346110000001,1.1312978999999999
85,discharge,77.75739600000001,1.1288979
85,discharge,79.70133090000002,1.1264979
85,discharge,81.6452658,1.1240979
85,discharge,83.5892007,1.1216979
85,discharge,85.53313560000001,1.1192978999999998
85,discharge,87.47707050000001,1.1168978999999999
85,discharge,89.42100540000001,1.1144979
85,discharge,91.36494030000001,1.1120979
85,discharge,93.3088752,1.1096979
85,discharge,95.2528101,1.1072978999999998
85,discharge,97.196745,1.1048978999999999
86,charge,0.0,1.35032
86,charge,1.9828000000000001,1.35352
86,charge,3.9656000000000002,1.3567200000000001
86,charge,5.9483999999999995,1.35992
86,charge,7.9312000000000005,1.36312
86,charge,9.914000000000001,1.36632
86,charge,11.896799999999999,1.36952
86,charge,13.879600000000002,1.37272
86,charge,15.862400000000001,1.37592
86,charge,17.8452,1.3791200000000001
86,charge,19.828000000000003,1.38232
86,charge,21.8108,1.38552
86,charge,23.793599999999998,1.38872
86,charge,25.776400000000002,1.39192
86,charge,27.759200000000003,1.3951200000000001
86,charge,29.741999999999997,1.39832
86,charge,31.724800000000002,1.40152
86,charge,33.7076,1.40472
86,charge,35.6904,1.40792
86,charge,37.6732,1.41112
86,charge,39.656000000000006,1.41432
86,charge,41.638799999999996,1.4175200000000001
86,charge,43.6216,1.42072
86,charge,45.604400000000005,1.42392
86,charge,47.587199999999996,1.42712
86,charge,49.57,1.43032
86,charge,51.552800000000005,1.4335200000000001
86,charge,53.5356,1.43672
86,charge,55.51840000000001,1.43992
86,charge,57.5012,1.44312
86,charge,59.483999999999995,1.44632
86,charge,61.4668,1.4495200000000001
86,charge,63.449600000000004,1.45272
86,charge,65.4324,1.45592
86,charge,67.4152,1.45912
86,charge,69.39800000000001,1.46232
86,charge,71.3808,1.46552
86,charge,73.3636,1.46872
86,charge,75.3464,1.4719200000000001
86,charge,77.3292,1.47512
86,charge,79.31200000000001,1.47832
86,charge,81.29480000000001,1.48152
86,charge,83.27759999999999,1.48472
86,charge,85.2604,1.4879200000000001
86,charge,87.2432,1.49112
86,charge,89.226,1.49432
86,charge,91.20880000000001,1.49752
86,charge,93.19160000000001,1.50072
86,charge,95.17439999999999,1.50392
86,charge,97.1572,1.50712
86,charge,99.14,1.51032
86,discharge,0.0,1.224566544
86,discharge,1.943699184,1.222166544
86,discharge,3.887398368,1.2197665439999998
86,discharge,5.831097551999999,1.2173665439999999
86,discharge,7.774796736,1.214966544
86,discharge,9.71849592,1.212566544
86,discharge,11.662195103999998,1.210166544
86,discharge,13.605894288,1.2077665439999998
86,discharge,15.549593472,1.2053665439999999
86,discharge,17.493292655999998,1.202966544
86,discharge,19.43699184,1.200566544
86,discharge,21.380691023999997,1.198166544
86,discharge,23.324390207999997,1.1957665439999998
86,discharge,25.268089392,1.1933665439999999
86,discharge,27.211788576,1.190966544
86,discharge,29.155487759999996,1.188566544
86,discharge,31.099186944,1.186166544
86,discharge,33.042886128,1.183766544
86,discharge,34.986585311999995,1.1813665439999999
86,discharge,36.930284496,1.178966544
86,discharge,38.87398368,1.176566544
86,discharge,40.817682864,1.174166544
86,discharge,42.761382047999994,1.171766544
86,discharge,44.705081232,1.1693665439999998
86,discharge,46.648780415999994,1.1669665439999999
86,discharge,48.5924796,1.164566544
86,discharge,50.536178784,1.162166544
86,discharge,52.479877968000004,1.159766544
86,discharge,54.423577152,1.1573665439999998
86,discharge,56.367276335999996,1.1549665439999999
86,discharge,58.31097551999999,1.152566544
86,discharge,60.254674703999996,1.150166544
86,discharge,62.198373888,1.147766544
86,discharge,64.142073072,1.1453665439999998
86,discharge,66.085772256,1.1429665439999999
86,discharge,68.02947144000001,1.140566544
86,discharge,69.97317062399999,1.138166544
86,discharge,71.916869808,1.135766544
86,discharge,73.860568992,1.133366544
86,discharge,75.804268176,1.1309665439999999
86,discharge,77.74796736,1.128566544
86,discharge,79.691666544,1.126166544
86,discharge,81.635365728,1.123766544
86,discharge,83.57906491199999,1.121366544
86,discharge,85.52276409599999,1.1189665439999998
86,discharge,87.46646328,1.1165665439999999
86,discharge,89.410162464,1.114166544
86,discharge,91.353861648,1.111766544
86,discharge,93.29756083199999,1.109366544
86,discharge,95.241260016,1.1069665439999998
86,discharge,97.1849592,1.1045665439999999
87,charge,0.0,1.3504399999999999
87,charge,1.9826,1.35364
87,charge,3.9652,1.35684
87,charge,5.947799999999999,1.36004
87,charge,7.9304,1.36324
87,charge,9.913,1.3664399999999999
87,charge,11.895599999999998,1.36964
87,charge,13.878200000000001,1.3728399999999998
87,charge,15.8608,1.37604
87,charge,17.8434,1.37924
87,charge,19.826,1.38244
87,charge,21.8086,1.38564
87,charge,23.791199999999996,1.3888399999999999
87,charge,25.7738,1.39204
87,charge,27.756400000000003,1.39524
87,charge,29.738999999999997,1.39844
87,charge,31.7216,1.40164
87,charge,33.7042,1.4048399999999999
87,charge,35.6868,1.40804
87,charge,37.669399999999996,1.4112399999999998
87,charge,39.652,1.41444
87,charge,41.6346,1.41764
87,charge,43.6172,1.4208399999999999
87,charge,45.5998,1.42404
87,charge,47.58239999999999,1.4272399999999998
87,charge,49.565,1.43044
87,charge,51.5476,1.43364
87,charge,53.5302,1.43684
87,charge,55.512800000000006,1.44004
87,charge,57.4954,1.4432399999999999
87,charge,59.477999999999994,1.44644
87,charge,61.4606,1.44964
87,charge,63.4432,1.45284
87,charge,65.4258,1.45604
87,charge,67.4084,1.4592399999999999
87,charge,69.391,1.46244
87,charge,71.3736,1.4656399999999998
87,charge,73.3562,1.46884
87,charge,75.33879999999999,1.47204
87,charge,77.3214,1.4752399999999999
87,charge,79.304,1.47844
87,charge,81.2866,1.4816399999999998
87,charge,83.2692,1.48484
87,charge,85.25179999999999,1.48804
87,charge,87.2344,1.49124
87,charge,89.217,1.49444
87,charge,91.1996,1.4976399999999999
87,charge,93.1822,1.50084
87,charge,95.16479999999999,1.5040399999999998
87,charge,97.14739999999999,1.50724
87,charge,99.13,1.51044
87,discharge,0.0,1.224235116
87,discharge,1.943463476,1.221835116
87,discharge,3.886926952,1.2194351159999999
87,discharge,5.830390427999999,1.217035116
87,discharge,7.773853904,1.214635116
87,discharge,9.71731738,1.212235116
87,discharge,11.660780855999999,1.209835116
87,discharge,13.604244332000002,1.2074351159999999
87,discharge,15.547707808,1.205035116
87,discharge,17.491171284,1.202635116
87,discharge,19.43463476,1.200235116
87,discharge,21.378098236,1.197835116
87,discharge,23.321561711999998,1.1954351159999999
87,discharge,25.265025188000003,1.193035116
87,discharge,27.208488664000004,1.190635116
87,discharge,29.15195214,1.188235116
87,discharge,31.095415616,1.185835116
87,discharge,33.038879092,1.183435116
87,discharge,34.982342568,1.1810351159999999
87,discharge,36.925806044,1.178635116
87,discharge,38.86926952,1.176235116
87,discharge,40.812732996,1.173835116
87,discharge,42.756196472,1.171435116
87,discharge,44.699659948000004,1.1690351159999999
87,discharge,46.643123423999995,1.166635116
87,discharge,48.5865869,1.164235116
87,discharge,50.530050376000005,1.161835116
87,discharge,52.473513852,1.159435116
87,discharge,54.41697732800001,1.1570351159999999
87,discharge,56.360440804,1.154635116
87,discharge,58.30390428,1.152235116
87,discharge,60.247367756,1.149835116
87,discharge,62.190831232,1.147435116
87,discharge,64.134294708,1.1450351159999999
87,discharge,66.077758184,1.142635116
87,discharge,68.02122166000001,1.140235116
87,discharge,69.964685136,1.137835116
87,discharge,71.908148612,1.135435116
87,discharge,73.851612088,1.133035116
87,discharge,75.795075564,1.1306351159999999
87,discharge,77.73853904,1.128235116
87,discharge,79.68200251600001,1.125835116
87,discharge,81.625465992,1.123435116
87,discharge,83.568929468,1.121035116
87,discharge,85.512392944,1.1186351159999999
87,discharge,87.45585642,1.116235116
87,discharge,89.39931989600001,1.113835116
87,discharge,91.342783372,1.111435116
87,discharge,93.28624684799999,1.109035116
87,discharge,95.229710324,1.1066351159999999
87,discharge,97.1731738,1.104235116
88,charge,0.0,1.3505599999999998
88,charge,1.9824000000000002,1.3537599999999999
88,charge,3.9648000000000003,1.35696
88,charge,5.9472000000000005,1.3601599999999998
88,charge,7.929600000000001,1.36336
88,charge,9.912,1.3665599999999998
88,charge,11.894400000000001,1.3697599999999999
88,charge,13.876800000000001,1.3729599999999997
88,charge,15.859200000000001,1.3761599999999998
88,charge,17.8416,1.37936
88,charge,19.824,1.3825599999999998
88,charge,21.8064,1.3857599999999999
88,charge,23.788800000000002,1.3889599999999998
88,charge,25.7712,1.3921599999999998
88,charge,27.753600000000002,1.39536
88,charge,29.736,1.3985599999999998
88,charge,31.718400000000003,1.40176
88,charge,33.7008,1.4049599999999998
88,charge,35.6832,1.4081599999999999
88,charge,37.665600000000005,1.4113599999999997
88,charge,39.648,1.4145599999999998
88,charge,41.6304,1.41776
88,charge,43.6128,1.4209599999999998
88,charge,45.595200000000006,1.4241599999999999
88,charge,47.577600000000004,1.4273599999999997
88,charge,49.56,1.4305599999999998
88,charge,51.5424,1.43376
88,charge,53.524800000000006,1.4369599999999998
88,charge,55.507200000000005,1.4401599999999999
88,charge,57.489599999999996,1.4433599999999998
88,charge,59.472,1.4465599999999998
88,charge,61.4544,1.44976
88,charge,63.436800000000005,1.4529599999999998
88,charge,65.4192,1.45616
88,charge,67.4016,1.4593599999999998
88,charge,69.38400000000001,1.4625599999999999
88,charge,71.3664,1.4657599999999997
88,charge,73.3488,1.4689599999999998
88,charge,75.33120000000001,1.47216
88,charge,77.31360000000001,1.4753599999999998
88,charge,79.296,1.4785599999999999
88,charge,81.2784,1.4817599999999997
88,charge,83.2608,1.4849599999999998
88,charge,85.2432,1.48816
88,charge,87.2256,1.4913599999999998
88,charge,89.20800000000001,1.4945599999999999
88,charge,91.19040000000001,1.4977599999999998
88,charge,93.17280000000001,1.5009599999999998
88,charge,95.15520000000001,1.5041599999999997
88,charge,97.1376,1.5073599999999998
88,charge,99.12,1.51056
88,discharge,0.0,1.2239036159999999
88,discharge,1.943227776,1.221503616
88,discharge,3.886455552,1.2191036159999997
88,discharge,5.829683328,1.2167036159999998
88,discharge,7.772911104,1.2143036159999998
88,discharge,9.71613888,1.2119036159999999
88,discharge,11.659366656,1.209503616
88,discharge,13.602594432,1.2071036159999997
88,discharge,15.545822208,1.2047036159999998
88,discharge,17.489049983999998,1.2023036159999998
88,discharge,19.43227776,1.1999036159999998
88,discharge,21.375505536,1.1975036159999999
88,discharge,23.318733312,1.1951036159999997
88,discharge,25.261961088,1.1927036159999997
88,discharge,27.205188864,1.1903036159999998
88,discharge,29.148416639999997,1.1879036159999998
88,discharge,31.091644416,1.1855036159999999
88,discharge,33.034872192,1.183103616
88,discharge,34.978099967999995,1.1807036159999997
88,discharge,36.921327744,1.1783036159999998
88,discharge,38.86455552,1.1759036159999998
88,discharge,40.807783296,1.1735036159999999
88,discharge,42.751011072,1.171103616
88,discharge,44.694238848,1.1687036159999997
88,discharge,46.637466624,1.1663036159999998
88,discharge,48.5806944,1.1639036159999998
88,discharge,50.523922176,1.1615036159999998
88,discharge,52.467149952,1.159103616
88,discharge,54.410377728,1.1567036159999997
88,discharge,56.353605503999994,1.1543036159999998
88,discharge,58.296833279999994,1.1519036159999998
88,discharge,60.240061055999995,1.1495036159999998
88,discharge,62.183288832,1.1471036159999999
88,discharge,64.126516608,1.1447036159999997
88,discharge,66.069744384,1.1423036159999997
88,discharge,68.01297216,1.1399036159999998
88,discharge,69.95619993599999,1.1375036159999998
88,discharge,71.89942771199999,1.1351036159999999
88,discharge,73.842655488,1.132703616
88,discharge,75.785883264,1.1303036159999997
88,discharge,77.72911104,1.1279036159999998
88,discharge,79.672338816,1.1255036159999998
88,discharge,81.615566592,1.1231036159999999
88,discharge,83.558794368,1.120703616
88,discharge,85.502022144,1.1183036159999997
88,discharge,87.44524992,1.1159036159999998
88,discharge,89.388477696,1.1135036159999998
88,discharge,91.33170547200001,1.1111036159999998
88,discharge,93.274933248,1.108703616
88,discharge,95.218161024,1.1063036159999997
88,discharge,97.1613888,1.1039036159999998
89,charge,0.0,1.3506799999999999
89,charge,1.9822,1.35388
89,charge,3.9644,1.3570799999999998
89,charge,5.9466,1.36028
89,charge,7.9288,1.36348
89,charge,9.911000000000001,1.36668
89,charge,11.8932,1.36988
89,charge,13.8754,1.3730799999999999
89,charge,15.8576,1.37628
89,charge,17.8398,1.37948
89,charge,19.822000000000003,1.38268
89,charge,21.8042,1.38588
89,charge,23.7864,1.3890799999999999
89,charge,25.7686,1.39228
89,charge,27.7508,1.39548
89,charge,29.732999999999997,1.39868
89,charge,31.7152,1.40188
89,charge,33.6974,1.4050799999999999
89,charge,35.6796,1.40828
89,charge,37.6618,1.4114799999999998
89,charge,39.644000000000005,1.41468
89,charge,41.6262,1.41788
89,charge,43.6084,1.42108
89,charge,45.5906,1.42428
89,charge,47.5728,1.4274799999999999
89,charge,49.555,1.43068
89,charge,51.5372,1.43388
89,charge,53.519400000000005,1.43708
89,charge,55.5016,1.44028
89,charge,57.483799999999995,1.4434799999999999
89,charge,59.465999999999994,1.44668
89,charge,61.4482,1.44988
89,charge,63.4304,1.45308
89,charge,65.4126,1.45628
89,charge,67.3948,1.4594799999999999
89,charge,69.37700000000001,1.46268
89,charge,71.3592,1.4658799999999998
89,charge,73.3414,1.46908
89,charge,75.3236,1.47228
89,charge,77.3058,1.47548
89,charge,79.28800000000001,1.47868
89,charge,81.2702,1.4818799999999999
89,charge,83.2524,1.48508
89,charge,85.2346,1.48828
89,charge,87.2168,1.49148
89,charge,89.199,1.49468
89,charge,91.1812,1.4978799999999999
89,charge,93.16340000000001,1.50108
89,charge,95.1456,1.50428
89,charge,97.1278,1.50748
89,charge,99.11,1.51068
89,discharge,0.0,1.223572044
89,discharge,1.9429920840000001,1.221172044
89,discharge,3.8859841680000002,1.2187720439999998
89,discharge,5.8289762519999995,1.2163720439999999
89,discharge,7.7719683360000005,1.213972044
89,discharge,9.71496042,1.211572044
89,discharge,11.657952503999999,1.209172044
89,discharge,13.600944588,1.2067720439999998
89,discharge,15.543936672000001,1.2043720439999999
89,discharge,17.486928755999998,1.201972044
89,discharge,19.42992084,1.199572044
89,discharge,21.372912924,1.197172044
89,discharge,23.315905007999998,1.1947720439999998
89,discharge,25.258897092,1.1923720439999999
89,discharge,27.201889176,1.189972044
89,discharge,29.14488126,1.187572044
89,discharge,31.087873344000002,1.185172044
89,discharge,33.030865428,1.182772044
89,discharge,34.973857511999995,1.1803720439999998
89,discharge,36.916849596,1.1779720439999999
89,discharge,38.85984168,1.175572044
89,discharge,40.802833764,1.173172044
89,discharge,42.745825848,1.170772044
89,discharge,44.688817932,1.1683720439999998
89,discharge,46.631810015999996,1.1659720439999999
89,discharge,48.5748021,1.163572044
89,discharge,50.517794184,1.161172044
89,discharge,52.460786268,1.158772044
89,discharge,54.403778352,1.1563720439999998
89,discharge,56.34677043599999,1.1539720439999999
89,discharge,58.28976252,1.151572044
89,discharge,60.232754604,1.149172044
89,discharge,62.175746688000004,1.146772044
89,discharge,64.118738772,1.1443720439999998
89,discharge,66.061730856,1.1419720439999999
89,discharge,68.00472294000001,1.139572044
89,discharge,69.94771502399999,1.137172044
89,discharge,71.890707108,1.134772044
89,discharge,73.833699192,1.132372044
89,discharge,75.77669127600001,1.1299720439999998
89,discharge,77.71968336,1.1275720439999999
89,discharge,79.662675444,1.125172044
89,discharge,81.605667528,1.122772044
89,discharge,83.548659612,1.120372044
89,discharge,85.491651696,1.1179720439999998
89,discharge,87.43464378,1.1155720439999999
89,discharge,89.377635864,1.113172044
89,discharge,91.32062794800001,1.110772044
89,discharge,93.26362003199999,1.108372044
89,discharge,95.206612116,1.1059720439999998
89,discharge,97.1496042,1.1035720439999999
90,charge,0.0,1.3507999999999998
90,charge,1.982,1.3539999999999999
90,charge,3.964,1.3571999999999997
90,charge,5.946,1.3603999999999998
90,charge,7.928,1.3636
90,charge,9.91,1.3667999999999998
90,charge,11.892,1.3699999999999999
90,charge,13.874,1.3731999999999998
90,charge,15.856,1.3763999999999998
90,charge,17.837999999999997,1.3796
90,charge,19.82,1.3827999999999998
90,charge,21.802,1.386
90,charge,23.784,1.3891999999999998
90,charge,25.766,1.3923999999999999
90,charge,27.748,1.3956
90,charge,29.729999999999997,1.3987999999999998
90,charge,31.712,1.402
90,charge,33.694,1.4051999999999998
90,charge,35.675999999999995,1.4083999999999999
90,charge,37.658,1.4115999999999997
90,charge,39.64,1.4147999999999998
90,charge,41.62199999999999,1.418
90,charge,43.604,1.4211999999999998
90,charge,45.586,1.4243999999999999
90,charge,47.568,1.4275999999999998
90,charge,49.55,1.4307999999999998
90,charge,51.532,1.434
90,charge,53.514,1.4371999999999998
90,charge,55.496,1.4404
90,charge,57.477999999999994,1.4435999999999998
90,charge,59.459999999999994,1.4467999999999999
90,charge,61.44199999999999,1.45
90,charge,63.424,1.4531999999999998
90,charge,65.406,1.4564
90,charge,67.388,1.4595999999999998
90,charge,69.37,1.4627999999999999
90,charge,71.35199999999999,1.4659999999999997
90,charge,73.33399999999999,1.4691999999999998
90,charge,75.316,1.4724
90,charge,77.298,1.4755999999999998
90,charge,79.28,1.4788
90,charge,81.262,1.4819999999999998
90,charge,83.24399999999999,1.4851999999999999
90,charge,85.226,1.4884
90,charge,87.208,1.4915999999999998
90,charge,89.19,1.4948
90,charge,91.172,1.4979999999999998
90,charge,93.154,1.5011999999999999
90,charge,95.136,1.5044
90,charge,97.118,1.5075999999999998
90,charge,99.1,1.5108
90,discharge,0.0,1.2232404
90,discharge,1.9427564,1.2208404
90,discharge,3.8855128,1.2184403999999998
90,discharge,5.828269199999999,1.2160403999999998
90,discharge,7.7710256,1.2136403999999998
90,discharge,9.713782,1.2112403999999999
90,discharge,11.656538399999999,1.2088404
90,discharge,13.5992948,1.2064403999999997
90,discharge,15.5420512,1.2040403999999998
90,discharge,17.484807599999996,1.2016403999999998
90,discharge,19.427564,1.1992403999999999
90,discharge,21.370320399999997,1.1968404
90,discharge,23.313076799999997,1.1944403999999997
90,discharge,25.255833199999998,1.1920403999999998
90,discharge,27.1985896,1.1896403999999998
90,discharge,29.141345999999995,1.1872403999999999
90,discharge,31.0841024,1.1848404
90,discharge,33.0268588,1.1824404
90,discharge,34.96961519999999,1.1800403999999998
90,discharge,36.9123716,1.1776403999999998
90,discharge,38.855128,1.1752403999999999
90,discharge,40.797884399999994,1.1728404
90,discharge,42.740640799999994,1.1704404
90,discharge,44.683397199999995,1.1680403999999998
90,discharge,46.626153599999995,1.1656403999999998
90,discharge,48.568909999999995,1.1632403999999998
90,discharge,50.511666399999996,1.1608403999999999
90,discharge,52.454422799999996,1.1584404
90,discharge,54.3971792,1.1560403999999997
90,discharge,56.33993559999999,1.1536403999999998
90,discharge,58.28269199999999,1.1512403999999998
90,discharge,60.22544839999999,1.1488403999999999
90,discharge,62.1682048,1.1464404
90,discharge,64.11096119999999,1.1440403999999997
90,discharge,66.0537176,1.1416403999999998
90,discharge,67.996474,1.1392403999999998
90,discharge,69.93923039999999,1.1368403999999999
90,discharge,71.88198679999999,1.1344404
90,discharge,73.8247432,1.1320404
90,discharge,75.7674996,1.1296403999999998
90,discharge,77.710256,1.1272403999999998
90,discharge,79.6530124,1.1248403999999999
90,discharge,81.59576879999999,1.1224404
90,discharge,83.5385252,1.1200404
90,discharge,85.48128159999999,1.1176403999999998
90,discharge,87.424038,1.1152403999999998
90,discharge,89.36679439999999,1.1128403999999998
90,discharge,91.3095508,1.1104403999999999
90,discharge,93.25230719999999,1.1080404
90,discharge,95.19506359999998,1.1056403999999997
90,discharge,97.13781999999999,1.1032403999999998
91,charge,0.0,1.35092
91,charge,1.9818,1.35412
91,charge,3.9636,1.35732
91,charge,5.9454,1.36052
91,charge,7.9272,1.36372
91,charge,9.909,1.36692
91,charge,11.8908,1.37012
91,charge,13.872600000000002,1.3733199999999999
91,charge,15.8544,1.37652
91,charge,17.8362,1.37972
91,charge,19.818,1.38292
91,charge,21.7998,1.38612
91,charge,23.7816,1.3893199999999999
91,charge,25.7634,1.39252
91,charge,27.745200000000004,1.39572
91,charge,29.727,1.39892
91,charge,31.7088,1.40212
91,charge,33.6906,1.40532
91,charge,35.6724,1.40852
91,charge,37.6542,1.4117199999999999
91,charge,39.636,1.41492
91,charge,41.6178,1.41812
91,charge,43.5996,1.42132
91,charge,45.5814,1.42452
91,charge,47.5632,1.4277199999999999
91,charge,49.545,1.43092
91,charge,51.5268,1.43412
91,charge,53.50860000000001,1.43732
91,charge,55.49040000000001,1.44052
91,charge,57.4722,1.44372
91,charge,59.454,1.44692
91,charge,61.4358,1.45012
91,charge,63.4176,1.45332
91,charge,65.3994,1.45652
91,charge,67.3812,1.45972
91,charge,69.36300000000001,1.46292
91,charge,71.3448,1.4661199999999999
91,charge,73.3266,1.46932
91,charge,75.3084,1.47252
91,charge,77.2902,1.47572
91,charge,79.272,1.47892
91,charge,81.25380000000001,1.4821199999999999
91,charge,83.2356,1.48532
91,charge,85.2174,1.48852
91,charge,87.1992,1.49172
91,charge,89.18100000000001,1.49492
91,charge,91.1628,1.49812
91,charge,93.14460000000001,1.50132
91,charge,95.1264,1.5045199999999999
91,charge,97.1082,1.50772
91,charge,99.09,1.51092
91,discharge,0.0,1.222908684
91,discharge,1.942520724,1.2205086840000001
91,discharge,3.885041448,1.218108684
91,discharge,5.8275621719999995,1.215708684
91,discharge,7.770082896,1.213308684
91,discharge,9.712603620000001,1.210908684
91,discharge,11.655124343999999,1.208508684
91,discharge,13.597645068000002,1.206108684
91,discharge,15.540165792,1.203708684
91,discharge,17.482686516,1.201308684
91,discharge,19.425207240000002,1.198908684
91,discharge,21.367727964,1.196508684
91,discharge,23.310248687999998,1.194108684
91,discharge,25.252769412000003,1.191708684
91,discharge,27.195290136000004,1.189308684
91,discharge,29.13781086,1.186908684
91,discharge,31.080331584,1.184508684
91,discharge,33.022852308000004,1.1821086840000001
91,discharge,34.965373032,1.179708684
91,discharge,36.907893756,1.177308684
91,discharge,38.850414480000005,1.174908684
91,discharge,40.792935204,1.172508684
91,discharge,42.735455928,1.1701086840000001
91,discharge,44.677976652000005,1.167708684
91,discharge,46.620497375999996,1.165308684
91,discharge,48.5630181,1.162908684
91,discharge,50.505538824000006,1.160508684
91,discharge,52.448059548,1.158108684
91,discharge,54.39058027200001,1.155708684
91,discharge,56.333100996,1.153308684
91,discharge,58.27562172,1.150908684
91,discharge,60.218142444,1.148508684
91,discharge,62.160663168,1.146108684
91,discharge,64.103183892,1.143708684
91,discharge,66.04570461600001,1.141308684
91,discharge,67.98822534000001,1.138908684
91,discharge,69.930746064,1.136508684
91,discharge,71.873266788,1.134108684
91,discharge,73.815787512,1.1317086840000001
91,discharge,75.758308236,1.129308684
91,discharge,77.70082896000001,1.126908684
91,discharge,79.643349684,1.124508684
91,discharge,81.585870408,1.122108684
91,discharge,83.528391132,1.1197086840000001
91,discharge,85.470911856,1.117308684
91,discharge,87.41343258,1.114908684
91,discharge,89.35595330400001,1.112508684
91,discharge,91.298474028,1.110108684
91,discharge,93.24099475199999,1.107708684
91,discharge,95.183515476,1.105308684
91,discharge,97.1260362,1.102908684
92,charge,0.0,1.3510399999999998
92,charge,1.9816,1.3542399999999999
92,charge,3.9632,1.35744
92,charge,5.9448,1.3606399999999998
92,charge,7.9264,1.36384
92,charge,9.908000000000001,1.3670399999999998
92,charge,11.8896,1.37024
92,charge,13.871200000000002,1.3734399999999998
92,charge,15.8528,1.3766399999999999
92,charge,17.8344,1.37984
92,charge,19.816000000000003,1.3830399999999998
92,charge,21.7976,1.38624
92,charge,23.7792,1.3894399999999998
92,charge,25.7608,1.3926399999999999
92,charge,27.742400000000004,1.39584
92,charge,29.723999999999997,1.3990399999999998
92,charge,31.7056,1.40224
92,charge,33.687200000000004,1.4054399999999998
92,charge,35.6688,1.40864
92,charge,37.6504,1.4118399999999998
92,charge,39.632000000000005,1.4150399999999999
92,charge,41.6136,1.41824
92,charge,43.5952,1.4214399999999998
92,charge,45.5768,1.42464
92,charge,47.5584,1.4278399999999998
92,charge,49.54,1.4310399999999999
92,charge,51.5216,1.43424
92,charge,53.5032,1.4374399999999998
92,charge,55.48480000000001,1.44064
92,charge,57.46639999999999,1.4438399999999998
92,charge,59.44799999999999,1.4470399999999999
92,charge,61.4296,1.45024
92,charge,63.4112,1.4534399999999998
92,charge,65.39280000000001,1.45664
92,charge,67.37440000000001,1.4598399999999998
92,charge,69.35600000000001,1.46304
92,charge,71.3376,1.4662399999999998
92,charge,73.3192,1.4694399999999999
92,charge,75.3008,1.47264
92,charge,77.2824,1.4758399999999998
92,charge,79.26400000000001,1.47904
92,charge,81.24560000000001,1.4822399999999998
92,charge,83.2272,1.4854399999999999
92,charge,85.2088,1.48864
92,charge,87.1904,1.4918399999999998
92,charge,89.172,1.49504
92,charge,91.1536,1.4982399999999998
92,charge,93.1352,1.5014399999999999
92,charge,95.1168,1.5046399999999998
92,charge,97.0984,1.5078399999999998
92,charge,99.08,1.51104
92,discharge,0.0,1.2225768959999999
92,discharge,1.942285056,1.220176896
92,discharge,3.884570112,1.2177768959999997
92,discharge,5.826855168,1.2153768959999998
92,discharge,7.769140224,1.2129768959999998
92,discharge,9.71142528,1.2105768959999998
92,discharge,11.653710336,1.208176896
92,discharge,13.595995392000003,1.2057768959999997
92,discharge,15.538280448,1.2033768959999998
92,discharge,17.480565504,1.2009768959999998
92,discharge,19.42285056,1.1985768959999998
92,discharge,21.365135616,1.1961768959999999
92,discharge,23.307420672,1.1937768959999997
92,discharge,25.249705728000002,1.1913768959999997
92,discharge,27.191990784000005,1.1889768959999998
92,discharge,29.13427584,1.1865768959999998
92,discharge,31.076560896,1.1841768959999999
92,discharge,33.01884595200001,1.1817768959999997
92,discharge,34.961131008,1.1793768959999997
92,discharge,36.903416064,1.1769768959999998
92,discharge,38.84570112,1.1745768959999998
92,discharge,40.787986176,1.1721768959999999
92,discharge,42.730271232,1.169776896
92,discharge,44.672556288,1.1673768959999997
92,discharge,46.614841344,1.1649768959999998
92,discharge,48.5571264,1.1625768959999998
92,discharge,50.499411456000004,1.1601768959999998
92,discharge,52.44169651200001,1.1577768959999999
92,discharge,54.38398156800001,1.1553768959999997
92,discharge,56.326266624,1.1529768959999998
92,discharge,58.26855168,1.1505768959999998
92,discharge,60.210836736000005,1.1481768959999998
92,discharge,62.153121792,1.1457768959999999
92,discharge,64.09540684800001,1.1433768959999997
92,discharge,66.03769190400001,1.1409768959999997
92,discharge,67.97997696,1.1385768959999998
92,discharge,69.922262016,1.1361768959999998
92,discharge,71.86454707200001,1.1337768959999999
92,discharge,73.806832128,1.131376896
92,discharge,75.749117184,1.1289768959999997
92,discharge,77.69140224,1.1265768959999998
92,discharge,79.633687296,1.1241768959999998
92,discharge,81.575972352,1.1217768959999999
92,discharge,83.518257408,1.119376896
92,discharge,85.460542464,1.1169768959999997
92,discharge,87.40282752,1.1145768959999998
92,discharge,89.345112576,1.1121768959999998
92,discharge,91.28739763200001,1.1097768959999998
92,discharge,93.229682688,1.1073768959999999
92,discharge,95.171967744,1.1049768959999997
92,discharge,97.1142528,1.1025768959999998
93,charge,0.0,1.35116
93,charge,1.9813999999999998,1.35436
93,charge,3.9627999999999997,1.3575599999999999
93,charge,5.9441999999999995,1.36076
93,charge,7.925599999999999,1.36396
93,charge,9.907,1.36716
93,charge,11.888399999999999,1.37036
93,charge,13.8698,1.37356
93,charge,15.851199999999999,1.37676
93,charge,17.8326,1.37996
93,charge,19.814,1.38316
93,charge,21.795399999999997,1.38636
93,charge,23.776799999999998,1.38956
93,charge,25.7582,1.39276
93,charge,27.7396,1.39596
93,charge,29.720999999999997,1.39916
93,charge,31.702399999999997,1.40236
93,charge,33.6838,1.40556
93,charge,35.6652,1.40876
93,charge,37.6466,1.4119599999999999
93,charge,39.628,1.41516
93,charge,41.609399999999994,1.41836
93,charge,43.590799999999994,1.42156
93,charge,45.5722,1.42476
93,charge,47.553599999999996,1.42796
93,charge,49.535,1.43116
93,charge,51.5164,1.43436
93,charge,53.4978,1.43756
93,charge,55.4792,1.44076
93,charge,57.46059999999999,1.44396
93,charge,59.44199999999999,1.44716
93,charge,61.423399999999994,1.45036
93,charge,63.404799999999994,1.45356
93,charge,65.3862,1.45676
93,charge,67.3676,1.45996
93,charge,69.349,1.46316
93,charge,71.3304,1.4663599999999999
93,charge,73.31179999999999,1.46956
93,charge,75.2932,1.47276
93,charge,77.27459999999999,1.47596
93,charge,79.256,1.47916
93,charge,81.2374,1.48236
93,charge,83.21879999999999,1.48556
93,charge,85.2002,1.48876
93,charge,87.18159999999999,1.49196
93,charge,89.163,1.49516
93,charge,91.1444,1.49836
93,charge,93.1258,1.50156
93,charge,95.10719999999999,1.50476
93,charge,97.08859999999999,1.50796
93,charge,99.07,1.51116
93,discharge,0.0,1.222245036
93,discharge,1.942049396,1.219845036
93,discharge,3.884098792,1.2174450359999998
93,discharge,5.8261481879999995,1.2150450359999998
93,discharge,7.768197584,1.2126450359999998
93,discharge,9.71024698,1.2102450359999999
93,discharge,11.652296375999999,1.207845036
93,discharge,13.594345772,1.2054450359999997
93,discharge,15.536395168,1.2030450359999998
93,discharge,17.478444563999997,1.2006450359999998
93,discharge,19.42049396,1.1982450359999999
93,discharge,21.362543356,1.195845036
93,discharge,23.304592751999998,1.1934450359999997
93,discharge,25.246642148,1.1910450359999998
93,discharge,27.188691544,1.1886450359999998
93,discharge,29.130740939999995,1.1862450359999999
93,discharge,31.072790336,1.183845036
93,discharge,33.014839732,1.181445036
93,discharge,34.95688912799999,1.1790450359999998
93,discharge,36.898938524,1.1766450359999998
93,discharge,38.84098792,1.1742450359999999
93,discharge,40.783037316,1.171845036
93,discharge,42.725086712,1.169445036
93,discharge,44.667136108,1.1670450359999998
93,discharge,46.609185503999996,1.1646450359999998
93,discharge,48.5512349,1.1622450359999998
93,discharge,50.493284296,1.1598450359999999
93,discharge,52.435333692,1.157445036
93,discharge,54.377383088,1.1550450359999997
93,discharge,56.31943248399999,1.1526450359999998
93,discharge,58.26148187999999,1.1502450359999998
93,discharge,60.20353127599999,1.1478450359999999
93,discharge,62.145580672,1.145445036
93,discharge,64.087630068,1.1430450359999997
93,discharge,66.029679464,1.1406450359999998
93,discharge,67.97172886,1.1382450359999998
93,discharge,69.91377825599999,1.1358450359999999
93,discharge,71.85582765199999,1.133445036
93,discharge,73.797877048,1.131045036
93,discharge,75.739926444,1.1286450359999998
93,discharge,77.68197584,1.1262450359999998
93,discharge,79.62402523600001,1.1238450359999999
93,discharge,81.566074632,1.121445036
93,discharge,83.508124028,1.119045036
93,discharge,85.450173424,1.1166450359999998
93,discharge,87.39222282,1.1142450359999998
93,discharge,89.334272216,1.1118450359999998
93,discharge,91.276321612,1.1094450359999999
93,discharge,93.21837100799999,1.107045036
93,discharge,95.16042040399999,1.1046450359999997
93,discharge,97.1024698,1.1022450359999998
94,charge,0.0,1.3512799999999998
94,charge,1.9812,1.35448
94,charge,3.9624,1.3576799999999998
94,charge,5.9436,1.3608799999999999
94,charge,7.9248,1.36408
94,charge,9.906,1.3672799999999998
94,charge,11.8872,1.37048
94,charge,13.868400000000001,1.3736799999999998
94,charge,15.8496,1.3768799999999999
94,charge,17.8308,1.38008
94,charge,19.812,1.3832799999999998
94,charge,21.793200000000002,1.38648
94,charge,23.7744,1.3896799999999998
94,charge,25.7556,1.39288
94,charge,27.736800000000002,1.39608
94,charge,29.718,1.3992799999999999
94,charge,31.6992,1.40248
94,charge,33.680400000000006,1.4056799999999998
94,charge,35.6616,1.40888
94,charge,37.6428,1.4120799999999998
94,charge,39.624,1.4152799999999999
94,charge,41.605199999999996,1.41848
94,charge,43.586400000000005,1.4216799999999998
94,charge,45.567600000000006,1.42488
94,charge,47.5488,1.4280799999999998
94,charge,49.53,1.4312799999999999
94,charge,51.5112,1.43448
94,charge,53.4924,1.4376799999999998
94,charge,55.473600000000005,1.44088
94,charge,57.4548,1.4440799999999998
94,charge,59.436,1.44728
94,charge,61.4172,1.45048
94,charge,63.3984,1.4536799999999999
94,charge,65.37960000000001,1.45688
94,charge,67.36080000000001,1.4600799999999998
94,charge,69.34200000000001,1.46328
94,charge,71.3232,1.4664799999999998
94,charge,73.3044,1.4696799999999999
94,charge,75.2856,1.47288
94,charge,77.2668,1.4760799999999998
94,charge,79.248,1.47928
94,charge,81.2292,1.4824799999999998
94,charge,83.21039999999999,1.48568
94,charge,85.1916,1.48888
94,charge,87.17280000000001,1.4920799999999999
94,charge,89.15400000000001,1.49528
94,charge,91.13520000000001,1.4984799999999998
94,charge,93.11640000000001,1.50168
94,charge,95.0976,1.50488
94,charge,97.0788,1.5080799999999999
94,charge,99.06,1.51128
94,discharge,0.0,1.221913104
94,discharge,1.941813744,1.219513104
94,discharge,3.883627488,1.2171131039999998
94,discharge,5.825441232,1.2147131039999999
94,discharge,7.767254976,1.212313104
94,discharge,9.709068720000001,1.209913104
94,discharge,11.650882464,1.207513104
94,discharge,13.592696208000001,1.2051131039999998
94,discharge,15.534509952,1.2027131039999999
94,discharge,17.476323696,1.200313104
94,discharge,19.418137440000002,1.197913104
94,discharge,21.359951184,1.195513104
94,discharge,23.301764928,1.1931131039999998
94,discharge,25.243578672,1.1907131039999999
94,discharge,27.185392416000003,1.188313104
94,discharge,29.12720616,1.185913104
94,discharge,31.069019904,1.183513104
94,discharge,33.010833648,1.181113104
94,discharge,34.952647392,1.1787131039999998
94,discharge,36.894461136000004,1.1763131039999999
94,discharge,38.836274880000005,1.173913104
94,discharge,40.778088624,1.171513104
94,discharge,42.719902368,1.169113104
94,discharge,44.66171611200001,1.1667131039999998
94,discharge,46.603529856,1.1643131039999999
94,discharge,48.5453436,1.161913104
94,discharge,50.487157344,1.159513104
94,discharge,52.428971088000004,1.157113104
94,discharge,54.370784832000005,1.1547131039999998
94,discharge,56.312598576,1.1523131039999999
94,discharge,58.25441232,1.149913104
94,discharge,60.196226064,1.147513104
94,discharge,62.138039808,1.145113104
94,discharge,64.079853552,1.1427131039999998
94,discharge,66.021667296,1.1403131039999999
94,discharge,67.96348104,1.137913104
94,discharge,69.905294784,1.135513104
94,discharge,71.847108528,1.133113104
94,discharge,73.78892227200001,1.130713104
94,discharge,75.73073601600001,1.1283131039999998
94,discharge,77.67254976000001,1.1259131039999999
94,discharge,79.61436350400001,1.123513104
94,discharge,81.556177248,1.121113104
94,discharge,83.497990992,1.118713104
94,discharge,85.439804736,1.1163131039999998
94,discharge,87.38161848,1.1139131039999999
94,discharge,89.32343222400002,1.111513104
94,discharge,91.26524596800002,1.109113104
94,discharge,93.207059712,1.106713104
94,discharge,95.148873456,1.1043131039999998
94,discharge,97.0906872,1.1019131039999999
95,charge,0.0,1.3514
95,charge,1.981,1.3546
95,charge,3.962,1.3578000000000001
95,charge,5.943,1.361
95,charge,7.924,1.3642
95,charge,9.905000000000001,1.3674
95,charge,11.886,1.3706
95,charge,13.867,1.3738
95,charge,15.848,1.377
95,charge,17.828999999999997,1.3802
95,charge,19.810000000000002,1.3834
95,charge,21.791,1.3866
95,charge,23.772,1.3898
95,charge,25.753,1.393
95,charge,27.734,1.3962
95,charge,29.714999999999996,1.3994
95,charge,31.696,1.4026
95,charge,33.677,1.4058
95,charge,35.657999999999994,1.409
95,charge,37.639,1.4122
95,charge,39.620000000000005,1.4154
95,charge,41.601,1.4186
95,charge,43.582,1.4218
95,charge,45.563,1.425
95,charge,47.544,1.4282
95,charge,49.525,1.4314
95,charge,51.506,1.4346
95,charge,53.487,1.4378
95,charge,55.468,1.441
95,charge,57.44899999999999,1.4442
95,charge,59.42999999999999,1.4474
95,charge,61.410999999999994,1.4506000000000001
95,charge,63.392,1.4538
95,charge,65.373,1.457
95,charge,67.354,1.4602
95,charge,69.33500000000001,1.4634
95,charge,71.31599999999999,1.4666
95,charge,73.297,1.4698
95,charge,75.278,1.473
95,charge,77.259,1.4762
95,charge,79.24000000000001,1.4794
95,charge,81.221,1.4826
95,charge,83.202,1.4858
95,charge,85.18299999999999,1.489
95,charge,87.164,1.4922
95,charge,89.145,1.4954
95,charge,91.126,1.4986
95,charge,93.107,1.5018
95,charge,95.088,1.505
95,charge,97.06899999999999,1.5082
95,charge,99.05,1.5114
95,discharge,0.0,1.2215811
95,discharge,1.9415780999999999,1.2191811000000001
95,discharge,3.8831561999999997,1.2167811
95,discharge,5.824734299999999,1.2143811
95,discharge,7.7663123999999994,1.2119811
95,discharge,9.7078905,1.2095811
95,discharge,11.649468599999999,1.2071811000000001
95,discharge,13.5910467,1.2047811
95,discharge,15.532624799999999,1.2023811
95,discharge,17.474202899999998,1.1999811
95,discharge,19.415781,1.1975811
95,discharge,21.3573591,1.1951811
95,discharge,23.298937199999997,1.1927811
95,discharge,25.2405153,1.1903811
95,discharge,27.1820934,1.1879811
95,discharge,29.123671499999997,1.1855811
95,discharge,31.065249599999998,1.1831811
95,discharge,33.0068277,1.1807811
95,discharge,34.948405799999996,1.1783811
95,discharge,36.8899839,1.1759811
95,discharge,38.831562,1.1735811
95,discharge,40.77314009999999,1.1711811
95,discharge,42.7147182,1.1687811000000001
95,discharge,44.6562963,1.1663811
95,discharge,46.597874399999995,1.1639811
95,discharge,48.539452499999996,1.1615811
95,discharge,50.4810306,1.1591811
95,discharge,52.4226087,1.1567811000000001
95,discharge,54.3641868,1.1543811
95,discharge,56.30576489999999,1.1519811
95,discharge,58.247342999999994,1.1495811
95,discharge,60.188921099999995,1.1471811
95,discharge,62.130499199999996,1.1447811
95,discharge,64.0720773,1.1423811
95,discharge,66.0136554,1.1399811
95,discharge,67.9552335,1.1375811
95,discharge,69.89681159999999,1.1351811
95,discharge,71.8383897,1.1327811
95,discharge,73.7799678,1.1303811000000001
95,discharge,75.7215459,1.1279811
95,discharge,77.663124,1.1255811
95,discharge,79.6047021,1.1231811
95,discharge,81.54628019999998,1.1207811
95,discharge,83.48785829999998,1.1183811000000001
95,discharge,85.4294364,1.1159811
95,discharge,87.3710145,1.1135811
95,discharge,89.3125926,1.1111811
95,discharge,91.2541707,1.1087811
95,discharge,93.19574879999999,1.1063811000000001
95,discharge,95.13732689999999,1.1039811
95,discharge,97.07890499999999,1.1015811
96,charge,0.0,1.3515199999999998
96,charge,1.9808000000000001,1.35472
96,charge,3.9616000000000002,1.35792
96,charge,5.9424,1.3611199999999999
96,charge,7.9232000000000005,1.36432
96,charge,9.904000000000002,1.3675199999999998
96,charge,11.8848,1.37072
96,charge,13.865600000000002,1.3739199999999998
96,charge,15.846400000000001,1.37712
96,charge,17.8272,1.38032
96,charge,19.808000000000003,1.3835199999999999
96,charge,21.788800000000002,1.38672
96,charge,23.7696,1.3899199999999998
96,charge,25.750400000000003,1.39312
96,charge,27.731200000000005,1.39632
96,charge,29.712,1.3995199999999999
96,charge,31.692800000000002,1.40272
96,charge,33.67360000000001,1.4059199999999998
96,charge,35.6544,1.40912
96,charge,37.635200000000005,1.4123199999999998
96,charge,39.61600000000001,1.41552
96,charge,41.5968,1.41872
96,charge,43.577600000000004,1.4219199999999999
96,charge,45.558400000000006,1.42512
96,charge,47.5392,1.4283199999999998
96,charge,49.52,1.43152
96,charge,51.500800000000005,1.43472
96,charge,53.48160000000001,1.4379199999999999
96,charge,55.46240000000001,1.44112
96,charge,57.4432,1.4443199999999998
96,charge,59.424,1.44752
96,charge,61.4048,1.45072
96,charge,63.385600000000004,1.4539199999999999
96,charge,65.36640000000001,1.45712
96,charge,67.34720000000002,1.4603199999999998
96,charge,69.32800000000002,1.46352
96,charge,71.3088,1.4667199999999998
96,charge,73.28960000000001,1.46992
96,charge,75.27040000000001,1.47312
96,charge,77.25120000000001,1.4763199999999999
96,charge,79.23200000000001,1.47952
96,charge,81.21280000000002,1.4827199999999998
96,charge,83.1936,1.48592
96,charge,85.1744,1.48912
96,charge,87.15520000000001,1.4923199999999999
96,charge,89.13600000000001,1.49552
96,charge,91.11680000000001,1.4987199999999998
96,charge,93.09760000000001,1.50192
96,charge,95.0784,1.5051199999999998
96,charge,97.0592,1.5083199999999999
96,charge,99.04,1.51152
96,discharge,0.0,1.2212490239999998
96,discharge,1.941342464,1.2188490239999998
96,discharge,3.882684928,1.2164490239999997
96,discharge,5.824027392,1.2140490239999997
96,discharge,7.765369856,1.2116490239999997
96,discharge,9.706712320000001,1.2092490239999998
96,discharge,11.648054784,1.2068490239999998
96,discharge,13.589397248000001,1.2044490239999996
96,discharge,15.530739712,1.2020490239999997
96,discharge,17.472082175999997,1.1996490239999997
96,discharge,19.413424640000002,1.1972490239999998
96,discharge,21.354767104,1.1948490239999998
96,discharge,23.296109568,1.1924490239999996
96,discharge,25.237452032,1.1900490239999997
96,discharge,27.178794496000002,1.1876490239999997
96,discharge,29.120136959999996,1.1852490239999998
96,discharge,31.061479424,1.1828490239999998
96,discharge,33.002821888,1.1804490239999996
96,discharge,34.944164351999994,1.1780490239999997
96,discharge,36.885506816,1.1756490239999997
96,discharge,38.826849280000005,1.1732490239999998
96,discharge,40.768191744,1.1708490239999998
96,discharge,42.709534208,1.1684490239999998
96,discharge,44.650876672,1.1660490239999997
96,discharge,46.592219136,1.1636490239999997
96,discharge,48.5335616,1.1612490239999997
96,discharge,50.474904064,1.1588490239999998
96,discharge,52.416246528,1.1564490239999998
96,discharge,54.357588992000004,1.1540490239999996
96,discharge,56.29893145599999,1.1516490239999997
96,discharge,58.24027391999999,1.1492490239999997
96,discharge,60.181616383999994,1.1468490239999998
96,discharge,62.122958848,1.1444490239999998
96,discharge,64.064301312,1.1420490239999996
96,discharge,66.005643776,1.1396490239999997
96,discharge,67.94698624,1.1372490239999997
96,discharge,69.88832870399999,1.1348490239999998
96,discharge,71.82967116799999,1.1324490239999998
96,discharge,73.771013632,1.1300490239999998
96,discharge,75.71235609600001,1.1276490239999997
96,discharge,77.65369856000001,1.1252490239999997
96,discharge,79.59504102400001,1.1228490239999998
96,discharge,81.536383488,1.1204490239999998
96,discharge,83.477725952,1.1180490239999998
96,discharge,85.419068416,1.1156490239999997
96,discharge,87.36041088,1.1132490239999997
96,discharge,89.301753344,1.1108490239999997
96,discharge,91.243095808,1.1084490239999998
96,discharge,93.184438272,1.1060490239999998
96,discharge,95.125780736,1.1036490239999996
96,discharge,97.0671232,1.1012490239999997
97,charge,0.0,1.35164
97,charge,1.9806000000000001,1.35484
97,charge,3.9612000000000003,1.35804
97,charge,5.9418,1.36124
97,charge,7.9224000000000006,1.36444
97,charge,9.903,1.36764
97,charge,11.8836,1.37084
97,charge,13.864200000000002,1.37404
97,charge,15.844800000000001,1.37724
97,charge,17.8254,1.3804400000000001
97,charge,19.806,1.38364
97,charge,21.7866,1.38684
97,charge,23.7672,1.39004
97,charge,25.7478,1.39324
97,charge,27.728400000000004,1.3964400000000001
97,charge,29.709,1.39964
97,charge,31.689600000000002,1.40284
97,charge,33.6702,1.40604
97,charge,35.6508,1.40924
97,charge,37.6314,1.41244
97,charge,39.612,1.41564
97,charge,41.5926,1.41884
97,charge,43.5732,1.42204
97,charge,45.5538,1.42524
97,charge,47.5344,1.42844
97,charge,49.515,1.43164
97,charge,51.4956,1.4348400000000001
97,charge,53.476200000000006,1.43804
97,charge,55.45680000000001,1.44124
97,charge,57.4374,1.44444
97,charge,59.418,1.44764
97,charge,61.3986,1.4508400000000001
97,charge,63.379200000000004,1.45404
97,charge,65.3598,1.45724
97,charge,67.3404,1.46044
97,charge,69.32100000000001,1.46364
97,charge,71.3016,1.46684
97,charge,73.2822,1.47004
97,charge,75.2628,1.47324
97,charge,77.24340000000001,1.47644
97,charge,79.224,1.47964
97,charge,81.20460000000001,1.48284
97,charge,83.1852,1.48604
97,charge,85.1658,1.4892400000000001
97,charge,87.1464,1.49244
97,charge,89.12700000000001,1.49564
97,charge,91.1076,1.49884
97,charge,93.0882,1.50204
97,charge,95.0688,1.5052400000000001
97,charge,97.0494,1.50844
97,charge,99.03,1.51164
97,discharge,0.0,1.220916876
97,discharge,1.941106836,1.218516876
97,discharge,3.882213672,1.2161168759999998
97,discharge,5.823320507999999,1.213716876
97,discharge,7.764427344,1.211316876
97,discharge,9.70553418,1.208916876
97,discharge,11.646641015999998,1.206516876
97,discharge,13.587747852,1.2041168759999998
97,discharge,15.528854688,1.2017168759999999
97,discharge,17.469961524,1.199316876
97,discharge,19.41106836,1.196916876
97,discharge,21.352175195999997,1.194516876
97,discharge,23.293282031999997,1.1921168759999998
97,discharge,25.234388868,1.1897168759999999
97,discharge,27.175495704,1.187316876
97,discharge,29.116602539999995,1.184916876
97,discharge,31.057709376,1.182516876
97,discharge,32.998816212,1.180116876
97,discharge,34.939923048,1.1777168759999999
97,discharge,36.881029884,1.175316876
97,discharge,38.82213672,1.172916876
97,discharge,40.763243556,1.170516876
97,discharge,42.704350391999995,1.168116876
97,discharge,44.645457228,1.1657168759999998
97,discharge,46.586564063999994,1.1633168759999999
97,discharge,48.5276709,1.160916876
97,discharge,50.468777736,1.158516876
97,discharge,52.409884572,1.156116876
97,discharge,54.350991408,1.1537168759999998
97,discharge,56.292098243999995,1.1513168759999999
97,discharge,58.23320507999999,1.148916876
97,discharge,60.17431191599999,1.146516876
97,discharge,62.115418752,1.144116876
97,discharge,64.056525588,1.1417168759999998
97,discharge,65.997632424,1.1393168759999999
97,discharge,67.93873926,1.136916876
97,discharge,69.879846096,1.134516876
97,discharge,71.820952932,1.132116876
97,discharge,73.762059768,1.129716876
97,discharge,75.703166604,1.1273168759999999
97,discharge,77.64427344,1.124916876
97,discharge,79.585380276,1.122516876
97,discharge,81.526487112,1.120116876
97,discharge,83.46759394799999,1.117716876
97,discharge,85.40870078399999,1.1153168759999998
97,discharge,87.34980761999999,1.1129168759999999
97,discharge,89.290914456,1.110516876
97,discharge,91.232021292,1.108116876
97,discharge,93.17312812799999,1.105716876
97,discharge,95.11423496399999,1.1033168759999998
97,discharge,97.0553418,1.1009168759999999
98,charge,0.0,1.3517599999999999
98,charge,1.9804,1.35496
98,charge,3.9608,1.3581599999999998
98,charge,5.941199999999999,1.36136
98,charge,7.9216,1.36456
98,charge,9.902000000000001,1.3677599999999999
98,charge,11.882399999999999,1.37096
98,charge,13.8628,1.3741599999999998
98,charge,15.8432,1.37736
98,charge,17.8236,1.38056
98,charge,19.804000000000002,1.3837599999999999
98,charge,21.784399999999998,1.38696
98,charge,23.764799999999997,1.3901599999999998
98,charge,25.7452,1.39336
98,charge,27.7256,1.39656
98,charge,29.705999999999996,1.39976
98,charge,31.6864,1.40296
98,charge,33.6668,1.4061599999999999
98,charge,35.6472,1.40936
98,charge,37.6276,1.4125599999999998
98,charge,39.608000000000004,1.41576
98,charge,41.5884,1.41896
98,charge,43.568799999999996,1.4221599999999999
98,charge,45.5492,1.42536
98,charge,47.529599999999995,1.4285599999999998
98,charge,49.51,1.43176
98,charge,51.4904,1.43496
98,charge,53.470800000000004,1.4381599999999999
98,charge,55.4512,1.44136
98,charge,57.431599999999996,1.4445599999999998
98,charge,59.41199999999999,1.44776
98,charge,61.392399999999995,1.45096
98,charge,63.3728,1.45416
98,charge,65.3532,1.45736
98,charge,67.3336,1.4605599999999999
98,charge,69.31400000000001,1.46376
98,charge,71.2944,1.4669599999999998
98,charge,73.2748,1.47016
98,charge,75.2552,1.47336
98,charge,77.2356,1.4765599999999999
98,charge,79.21600000000001,1.47976
98,charge,81.1964,1.4829599999999998
98,charge,83.1768,1.48616
98,charge,85.15719999999999,1.48936
98,charge,87.13759999999999,1.4925599999999999
98,charge,89.118,1.49576
98,charge,91.0984,1.4989599999999998
98,charge,93.0788,1.50216
98,charge,95.05919999999999,1.50536
98,charge,97.0396,1.50856
98,charge,99.02,1.51176
98,discharge,0.0,1.220584656
98,discharge,1.940871216,1.218184656
98,discharge,3.881742432,1.2157846559999999
98,discharge,5.822613647999999,1.213384656
98,discharge,7.763484864,1.210984656
98,discharge,9.70435608,1.208584656
98,discharge,11.645227295999998,1.206184656
98,discharge,13.586098512000001,1.2037846559999998
98,discharge,15.526969728,1.2013846559999999
98,discharge,17.467840944,1.198984656
98,discharge,19.40871216,1.196584656
98,discharge,21.349583376,1.194184656
98,discharge,23.290454591999996,1.1917846559999998
98,discharge,25.231325808,1.1893846559999999
98,discharge,27.172197024000003,1.186984656
98,discharge,29.113068239999997,1.184584656
98,discharge,31.053939456,1.182184656
98,discharge,32.994810672,1.1797846559999998
98,discharge,34.935681888,1.1773846559999999
98,discharge,36.876553103999996,1.174984656
98,discharge,38.81742432,1.172584656
98,discharge,40.758295536,1.170184656
98,discharge,42.699166752,1.167784656
98,discharge,44.640037968,1.1653846559999999
98,discharge,46.58090918399999,1.162984656
98,discharge,48.5217804,1.160584656
98,discharge,50.462651616,1.158184656
98,discharge,52.403522832,1.155784656
98,discharge,54.344394048000005,1.1533846559999998
98,discharge,56.285265263999996,1.1509846559999999
98,discharge,58.226136479999994,1.148584656
98,discharge,60.167007696,1.146184656
98,discharge,62.107878912,1.143784656
98,discharge,64.048750128,1.1413846559999998
98,discharge,65.989621344,1.1389846559999999
98,discharge,67.93049256,1.136584656
98,discharge,69.871363776,1.134184656
98,discharge,71.812234992,1.131784656
98,discharge,73.75310620799999,1.129384656
98,discharge,75.693977424,1.1269846559999999
98,discharge,77.63484864,1.124584656
98,discharge,79.575719856,1.122184656
98,discharge,81.516591072,1.119784656
98,discharge,83.45746228799999,1.117384656
98,discharge,85.398333504,1.1149846559999999
98,discharge,87.33920472,1.112584656
98,discharge,89.280075936,1.110184656
98,discharge,91.220947152,1.107784656
98,discharge,93.16181836799998,1.105384656
98,discharge,95.10268958399999,1.1029846559999998
98,discharge,97.0435608,1.1005846559999999
99,charge,0.0,1.3518799999999997
99,charge,1.9802000000000002,1.3550799999999998
99,charge,3.9604000000000004,1.3582799999999997
99,charge,5.9406,1.3614799999999998
99,charge,7.920800000000001,1.36468
99,charge,9.901000000000002,1.3678799999999998
99,charge,11.8812,1.3710799999999999
99,charge,13.861400000000001,1.3742799999999997
99,charge,15.841600000000001,1.3774799999999998
99,charge,17.8218,1.38068
99,charge,19.802000000000003,1.3838799999999998
99,charge,21.7822,1.3870799999999999
99,charge,23.7624,1.3902799999999997
99,charge,25.742600000000003,1.3934799999999998
99,charge,27.722800000000003,1.39668
99,charge,29.703,1.3998799999999998
99,charge,31.683200000000003,1.4030799999999999
99,charge,33.6634,1.4062799999999998
99,charge,35.6436,1.4094799999999998
99,charge,37.6238,1.4126799999999997
99,charge,39.604000000000006,1.4158799999999998
99,charge,41.5842,1.41908
99,charge,43.5644,1.4222799999999998
99,charge,45.5446,1.4254799999999999
99,charge,47.5248,1.4286799999999997
99,charge,49.505,1.4318799999999998
99,charge,51.485200000000006,1.43508
99,charge,53.46540000000001,1.4382799999999998
99,charge,55.445600000000006,1.4414799999999999
99,charge,57.4258,1.4446799999999997
99,charge,59.406,1.4478799999999998
99,charge,61.3862,1.45108
99,charge,63.366400000000006,1.4542799999999998
99,charge,65.34660000000001,1.4574799999999999
99,charge,67.3268,1.4606799999999998
99,charge,69.30700000000002,1.4638799999999998
99,charge,71.2872,1.4670799999999997
99,charge,73.26740000000001,1.4702799999999998
99,charge,75.2476,1.47348
99,charge,77.2278,1.4766799999999998
99,charge,79.20800000000001,1.4798799999999999
99,charge,81.18820000000001,1.4830799999999997
99,charge,83.1684,1.4862799999999998
99,charge,85.1486,1.48948
99,charge,87.1288,1.4926799999999998
99,charge,89.10900000000001,1.4958799999999999
99,charge,91.0892,1.4990799999999997
99,charge,93.06940000000002,1.5022799999999998
99,charge,95.0496,1.50548
99,charge,97.02980000000001,1.5086799999999998
99,charge,99.01,1.51188
99,discharge,0.0,1.220252364
99,discharge,1.9406356040000001,1.217852364
99,discharge,3.8812712080000003,1.215452364
99,discharge,5.821906812,1.213052364
99,discharge,7.7625424160000005,1.210652364
99,discharge,9.703178020000001,1.208252364
99,discharge,11.643813624,1.205852364
99,discharge,13.584449228,1.2034523639999999
99,discharge,15.525084832000001,1.201052364
99,discharge,17.465720435999998,1.198652364
99,discharge,19.406356040000002,1.196252364
99,discharge,21.346991644,1.193852364
99,discharge,23.287627248,1.1914523639999999
99,discharge,25.228262852,1.189052364
99,discharge,27.168898456,1.186652364
99,discharge,29.109534059999998,1.184252364
99,discharge,31.050169664000002,1.181852364
99,discharge,32.990805268,1.1794523639999999
99,discharge,34.931440871999996,1.177052364
99,discharge,36.872076476000004,1.174652364
99,discharge,38.812712080000004,1.172252364
99,discharge,40.753347684,1.169852364
99,discharge,42.693983288,1.167452364
99,discharge,44.634618892,1.165052364
99,discharge,46.575254496,1.162652364
99,discharge,48.5158901,1.160252364
99,discharge,50.456525704,1.157852364
99,discharge,52.397161308,1.155452364
99,discharge,54.337796912,1.1530523639999999
99,discharge,56.278432515999995,1.150652364
99,discharge,58.219068119999996,1.148252364
99,discharge,60.159703723999996,1.145852364
99,discharge,62.100339328000004,1.143452364
99,discharge,64.040974932,1.1410523639999999
99,discharge,65.981610536,1.138652364
99,discharge,67.92224614000001,1.136252364
99,discharge,69.86288174399999,1.133852364
99,discharge,71.803517348,1.131452364
99,discharge,73.74415295200001,1.129052364
99,discharge,75.684788556,1.126652364
99,discharge,77.62542416000001,1.124252364
99,discharge,79.566059764,1.121852364
99,discharge,81.506695368,1.119452364
99,discharge,83.447330972,1.117052364
99,discharge,85.387966576,1.114652364
99,discharge,87.32860218,1.112252364
99,discharge,89.269237784,1.109852364
99,discharge,91.209873388,1.107452364
99,discharge,93.150508992,1.105052364
99,discharge,95.09114459599999,1.1026523639999999
99,discharge,97.0317802,1.100252364
100,charge,0.0,1.3519999999999999
100,charge,1.98,1.3552
100,charge,3.96,1.3584
100,charge,5.9399999999999995,1.3616
100,charge,7.92,1.3648
100,charge,9.9,1.3679999999999999
100,charge,11.879999999999999,1.3712
100,charge,13.860000000000001,1.3743999999999998
100,charge,15.84,1.3776
100,charge,17.82,1.3808
100,charge,19.8,1.384
100,charge,21.78,1.3872
100,charge,23.759999999999998,1.3903999999999999
100,charge,25.740000000000002,1.3936
100,charge,27.720000000000002,1.3968
100,charge,29.7,1.4
100,charge,31.68,1.4032
100,charge,33.660000000000004,1.4063999999999999
100,charge,35.64,1.4096
100,charge,37.62,1.4127999999999998
100,charge,39.6,1.416
100,charge,41.58,1.4192
100,charge,43.56,1.4223999999999999
100,charge,45.54,1.4256
100,charge,47.519999999999996,1.4287999999999998
100,charge,49.5,1.432
100,charge,51.480000000000004,1.4352
100,charge,53.46,1.4384
100,charge,55.440000000000005,1.4416
100,charge,57.419999999999995,1.4447999999999999
100,charge,59.4,1.448
100,charge,61.38,1.4512
100,charge,63.36,1.4544
100,charge,65.34,1.4576
100,charge,67.32000000000001,1.4607999999999999
100,charge,69.30000000000001,1.464
100,charge,71.28,1.4671999999999998
100,charge,73.26,1.4704
100,charge,75.24,1.4736
100,charge,77.22,1.4768
100,charge,79.2,1.48
100,charge,81.18,1.4831999999999999
100,charge,83.16,1.4864
100,charge,85.14,1.4896
100,charge,87.12,1.4928
100,charge,89.10000000000001,1.496
100,charge,91.08,1.4991999999999999
100,charge,93.06,1.5024
100,charge,95.03999999999999,1.5055999999999998
100,charge,97.02,1.5088
100,charge,99.0,1.512
100,discharge,0.0,1.21992
100,discharge,1.9404,1.21752
100,discharge,3.8808,1.2151199999999998
100,discharge,5.821199999999999,1.2127199999999998
100,discharge,7.7616,1.2103199999999998
100,discharge,9.702,1.2079199999999999
100,discharge,11.642399999999999,1.20552
100,discharge,13.5828,1.2031199999999997
100,discharge,15.5232,1.2007199999999998
100,discharge,17.4636,1.1983199999999998
100,discharge,19.404,1.1959199999999999
100,discharge,21.3444,1.19352
100,discharge,23.284799999999997,1.1911199999999997
100,discharge,25.2252,1.1887199999999998
100,discharge,27.1656,1.1863199999999998
100,discharge,29.105999999999998,1.1839199999999999
100,discharge,31.0464,1.18152
100,discharge,32.9868,1.1791199999999997
100,discharge,34.9272,1.1767199999999998
100,discharge,36.867599999999996,1.1743199999999998
100,discharge,38.808,1.1719199999999999
100,discharge,40.7484,1.16952
100,discharge,42.6888,1.16712
100,discharge,44.6292,1.1647199999999998
100,discharge,46.569599999999994,1.1623199999999998
100,discharge,48.51,1.1599199999999998
100,discharge,50.4504,1.1575199999999999
100,discharge,52.3908,1.15512
100,discharge,54.3312,1.1527199999999997
100,discharge,56.27159999999999,1.1503199999999998
100,discharge,58.211999999999996,1.1479199999999998
100,discharge,60.1524,1.1455199999999999
100,discharge,62.0928,1.14312
100,discharge,64.0332,1.1407199999999997
100,discharge,65.9736,1.1383199999999998
100,discharge,67.914,1.1359199999999998
100,discharge,69.8544,1.1335199999999999
100,discharge,71.7948,1.13112
100,discharge,73.73519999999999,1.12872
100,discharge,75.6756,1.1263199999999998
100,discharge,77.616,1.1239199999999998
100,discharge,79.5564,1.1215199999999999
100,discharge,81.4968,1.11912
100,discharge,83.43719999999999,1.11672
100,discharge,85.3776,1.1143199999999998
100,discharge,87.318,1.1119199999999998
100,discharge,89.2584,1.1095199999999998
100,discharge,91.1988,1.1071199999999999
100,discharge,93.13919999999999,1.10472
100,discharge,95.0796,1.1023199999999997
100,discharge,97.02,1.0999199999999998
101,charge,0.0,1.3521199999999998
101,charge,1.9798,1.3553199999999999
101,charge,3.9596,1.35852
101,charge,5.939399999999999,1.3617199999999998
101,charge,7.9192,1.36492
101,charge,9.899000000000001,1.3681199999999998
101,charge,11.878799999999998,1.3713199999999999
101,charge,13.858600000000001,1.3745199999999997
101,charge,15.8384,1.3777199999999998
101,charge,17.818199999999997,1.38092
101,charge,19.798000000000002,1.3841199999999998
101,charge,21.7778,1.3873199999999999
101,charge,23.757599999999996,1.3905199999999998
101,charge,25.7374,1.3937199999999998
101,charge,27.717200000000002,1.39692
101,charge,29.696999999999996,1.4001199999999998
101,charge,31.6768,1.40332
101,charge,33.6566,1.4065199999999998
101,charge,35.636399999999995,1.4097199999999999
101,charge,37.6162,1.4129199999999997
101,charge,39.596000000000004,1.4161199999999998
101,charge,41.575799999999994,1.41932
101,charge,43.5556,1.4225199999999998
101,charge,45.5354,1.4257199999999999
101,charge,47.51519999999999,1.4289199999999997
101,charge,49.495,1.4321199999999998
101,charge,51.4748,1.43532
101,charge,53.4546,1.4385199999999998
101,charge,55.434400000000004,1.44172
101,charge,57.414199999999994,1.4449199999999998
101,charge,59.39399999999999,1.4481199999999999
101,charge,61.373799999999996,1.45132
101,charge,63.3536,1.4545199999999998
101,charge,65.3334,1.45772
101,charge,67.3132,1.4609199999999998
101,charge,69.293,1.4641199999999999
101,charge,71.27279999999999,1.4673199999999997
101,charge,73.2526,1.4705199999999998
101,charge,75.2324,1.47372
101,charge,77.2122,1.4769199999999998
101,charge,79.19200000000001,1.4801199999999999
101,charge,81.1718,1.4833199999999997
101,charge,83.15159999999999,1.4865199999999998
101,charge,85.1314,1.48972
101,charge,87.1112,1.4929199999999998
101,charge,89.091,1.49612
101,charge,91.0708,1.4993199999999998
101,charge,93.0506,1.5025199999999999
101,charge,95.03039999999999,1.5057199999999997
101,charge,97.0102,1.5089199999999998
101,charge,98.99,1.51212
101,discharge,0.0,1.2195875639999998
101,discharge,1.940164404,1.2171875639999998
101,discharge,3.880328808,1.2147875639999997
101,discharge,5.820493212,1.2123875639999997
101,discharge,7.760657616,1.2099875639999997
101,discharge,9.70082202,1.2075875639999998
101,discharge,11.640986424,1.2051875639999998
101,discharge,13.581150828,1.2027875639999996
101,discharge,15.521315232,1.2003875639999997
101,discharge,17.461479636,1.1979875639999997
101,discharge,19.40164404,1.1955875639999998
101,discharge,21.341808443999998,1.1931875639999998
101,discharge,23.281972848,1.1907875639999996
101,discharge,25.222137252,1.1883875639999997
101,discharge,27.162301656,1.1859875639999997
101,discharge,29.102466059999998,1.1835875639999998
101,discharge,31.042630464,1.1811875639999998
101,discharge,32.982794868,1.1787875639999998
101,discharge,34.922959272,1.1763875639999997
101,discharge,36.863123676,1.1739875639999997
101,discharge,38.80328808,1.1715875639999997
101,discharge,40.743452483999995,1.1691875639999998
101,discharge,42.683616887999996,1.1667875639999998
101,discharge,44.623781292000004,1.1643875639999997
101,discharge,46.563945696,1.1619875639999997
101,discharge,48.5041101,1.1595875639999997
101,discharge,50.444274504,1.1571875639999998
101,discharge,52.384438908,1.1547875639999998
101,discharge,54.324603312,1.1523875639999996
101,discharge,56.264767715999994,1.1499875639999997
101,discharge,58.204932119999995,1.1475875639999997
101,discharge,60.145096523999996,1.1451875639999998
101,discharge,62.085260928,1.1427875639999998
101,discharge,64.025425332,1.1403875639999996
101,discharge,65.965589736,1.1379875639999997
101,discharge,67.90575414,1.1355875639999997
101,discharge,69.845918544,1.1331875639999998
101,discharge,71.786082948,1.1307875639999998
101,discharge,73.726247352,1.1283875639999998
101,discharge,75.666411756,1.1259875639999997
101,discharge,77.60657616,1.1235875639999997
101,discharge,79.546740564,1.1211875639999997
101,discharge,81.48690496799999,1.1187875639999998
101,discharge,83.42706937199999,1.1163875639999998
101,discharge,85.36723377599999,1.1139875639999997
101,discharge,87.30739817999999,1.1115875639999997
101,discharge,89.24756258400001,1.1091875639999997
101,discharge,91.18772698800001,1.1067875639999998
101,discharge,93.127891392,1.1043875639999998
101,discharge,95.068055796,1.1019875639999996
101,discharge,97.0082202,1.0995875639999997
102,charge,0.0,1.3522399999999999
102,charge,1.9796,1.35544
102,charge,3.9592,1.3586399999999998
102,charge,5.9388,1.36184
102,charge,7.9184,1.36504
102,charge,9.898000000000001,1.36824
102,charge,11.8776,1.37144
102,charge,13.857200000000002,1.3746399999999999
102,charge,15.8368,1.37784
102,charge,17.8164,1.38104
102,charge,19.796000000000003,1.38424
102,charge,21.7756,1.38744
102,charge,23.7552,1.3906399999999999
102,charge,25.734800000000003,1.39384
102,charge,27.714400000000005,1.39704
102,charge,29.694,1.40024
102,charge,31.6736,1.40344
102,charge,33.653200000000005,1.40664
102,charge,35.6328,1.40984
102,charge,37.6124,1.4130399999999999
102,charge,39.592000000000006,1.41624
102,charge,41.571600000000004,1.41944
102,charge,43.5512,1.42264
102,charge,45.530800000000006,1.42584
102,charge,47.5104,1.4290399999999999
102,charge,49.49,1.43224
102,charge,51.46960000000001,1.43544
102,charge,53.449200000000005,1.43864
102,charge,55.42880000000001,1.44184
102,charge,57.4084,1.4450399999999999
102,charge,59.388,1.44824
102,charge,61.3676,1.45144
102,charge,63.3472,1.45464
102,charge,65.3268,1.45784
102,charge,67.30640000000001,1.46104
102,charge,69.28600000000002,1.46424
102,charge,71.2656,1.4674399999999999
102,charge,73.2452,1.47064
102,charge,75.2248,1.47384
102,charge,77.2044,1.47704
102,charge,79.18400000000001,1.48024
102,charge,81.1636,1.4834399999999999
102,charge,83.14320000000001,1.48664
102,charge,85.1228,1.48984
102,charge,87.1024,1.49304
102,charge,89.08200000000001,1.49624
102,charge,91.06160000000001,1.4994399999999999
102,charge,93.0412,1.50264
102,charge,95.0208,1.50584
102,charge,97.0004,1.50904
102,charge,98.98,1.51224
102,discharge,0.0,1.219255056
102,discharge,1.9399288160000001,1.216855056
102,discharge,3.8798576320000002,1.2144550559999998
102,discharge,5.819786448,1.2120550559999999
102,discharge,7.7597152640000004,1.209655056
102,discharge,9.69964408,1.207255056
102,discharge,11.639572896,1.204855056
102,discharge,13.579501712,1.2024550559999998
102,discharge,15.519430528000001,1.2000550559999998
102,discharge,17.459359344,1.1976550559999999
102,discharge,19.39928816,1.195255056
102,discharge,21.339216976,1.192855056
102,discharge,23.279145792,1.1904550559999998
102,discharge,25.219074608,1.1880550559999998
102,discharge,27.159003424,1.1856550559999999
102,discharge,29.09893224,1.183255056
102,discharge,31.038861056000002,1.180855056
102,discharge,32.978789872,1.1784550559999998
102,discharge,34.918718688,1.1760550559999998
102,discharge,36.858647504000004,1.1736550559999999
102,discharge,38.79857632,1.171255056
102,discharge,40.738505136,1.168855056
102,discharge,42.678433952,1.166455056
102,discharge,44.618362768000004,1.1640550559999998
102,discharge,46.558291584,1.1616550559999999
102,discharge,48.4982204,1.159255056
102,discharge,50.438149216,1.156855056
102,discharge,52.378078032000005,1.154455056
102,discharge,54.318006848,1.1520550559999998
102,discharge,56.257935663999994,1.1496550559999998
102,discharge,58.19786448,1.1472550559999999
102,discharge,60.137793296,1.144855056
102,discharge,62.077722112000004,1.142455056
102,discharge,64.01765092800001,1.1400550559999998
102,discharge,65.957579744,1.1376550559999998
102,discharge,67.89750856,1.1352550559999999
102,discharge,69.837437376,1.132855056
102,discharge,71.777366192,1.130455056
102,discharge,73.71729500800001,1.128055056
102,discharge,75.657223824,1.1256550559999998
102,discharge,77.59715264,1.1232550559999999
102,discharge,79.53708145600001,1.120855056
102,discharge,81.477010272,1.118455056
102,discharge,83.416939088,1.116055056
102,discharge,85.356867904,1.1136550559999998
102,discharge,87.29679672,1.1112550559999999
102,discharge,89.23672553600001,1.108855056
102,discharge,91.17665435200001,1.106455056
102,discharge,93.116583168,1.104055056
102,discharge,95.056511984,1.1016550559999998
102,discharge,96.9964408,1.0992550559999998
103,charge,0.0,1.3523599999999998
103,charge,1.9794,1.3555599999999999
103,charge,3.9588,1.3587599999999997
103,charge,5.9382,1.3619599999999998
103,charge,7.9176,1.36516
103,charge,9.897,1.3683599999999998
103,charge,11.8764,1.37156
103,charge,13.8558,1.3747599999999998
103,charge,15.8352,1.3779599999999999
103,charge,17.8146,1.38116
103,charge,19.794,1.3843599999999998
103,charge,21.7734,1.38756
103,charge,23.7528,1.3907599999999998
103,charge,25.7322,1.3939599999999999
103,charge,27.7116,1.39716
103,charge,29.691,1.4003599999999998
103,charge,31.6704,1.40356
103,charge,33.6498,1.4067599999999998
103,charge,35.6292,1.4099599999999999
103,charge,37.6086,1.4131599999999997
103,charge,39.588,1.4163599999999998
103,charge,41.5674,1.41956
103,charge,43.5468,1.4227599999999998
103,charge,45.5262,1.42596
103,charge,47.5056,1.4291599999999998
103,charge,49.485,1.4323599999999999
103,charge,51.4644,1.43556
103,charge,53.4438,1.4387599999999998
103,charge,55.4232,1.44196
103,charge,57.40259999999999,1.4451599999999998
103,charge,59.382,1.4483599999999999
103,charge,61.361399999999996,1.45156
103,charge,63.3408,1.4547599999999998
103,charge,65.3202,1.45796
103,charge,67.2996,1.4611599999999998
103,charge,69.27900000000001,1.4643599999999999
103,charge,71.2584,1.4675599999999998
103,charge,73.2378,1.4707599999999998
103,charge,75.2172,1.47396
103,charge,77.1966,1.4771599999999998
103,charge,79.176,1.48036
103,charge,81.1554,1.4835599999999998
103,charge,83.1348,1.4867599999999999
103,charge,85.1142,1.48996
103,charge,87.0936,1.4931599999999998
103,charge,89.07300000000001,1.49636
103,charge,91.0524,1.4995599999999998
103,charge,93.0318,1.5027599999999999
103,charge,95.0112,1.50596
103,charge,96.9906,1.5091599999999998
103,charge,98.97,1.51236
103,discharge,0.0,1.218922476
103,discharge,1.939693236,1.216522476
103,discharge,3.879386472,1.2141224759999998
103,discharge,5.819079707999999,1.2117224759999998
103,discharge,7.758772944,1.2093224759999999
103,discharge,9.69846618,1.206922476
103,discharge,11.638159415999999,1.204522476
103,discharge,13.577852652,1.2021224759999998
103,discharge,15.517545888,1.1997224759999998
103,discharge,17.457239123999997,1.1973224759999999
103,discharge,19.39693236,1.194922476
103,discharge,21.336625596,1.192522476
103,discharge,23.276318831999998,1.1901224759999998
103,discharge,25.216012068,1.1877224759999998
103,discharge,27.155705304,1.1853224759999998
103,discharge,29.095398539999998,1.182922476
103,discharge,31.035091776,1.180522476
103,discharge,32.974785012,1.178122476
103,discharge,34.914478247999995,1.1757224759999998
103,discharge,36.854171484,1.1733224759999998
103,discharge,38.79386472,1.1709224759999999
103,discharge,40.733557956,1.168522476
103,discharge,42.673251192,1.166122476
103,discharge,44.612944428,1.1637224759999998
103,discharge,46.552637663999995,1.1613224759999998
103,discharge,48.4923309,1.1589224759999999
103,discharge,50.432024136,1.156522476
103,discharge,52.371717372,1.154122476
103,discharge,54.311410608,1.1517224759999998
103,discharge,56.25110384399999,1.1493224759999998
103,discharge,58.190797079999996,1.1469224759999999
103,discharge,60.130490316,1.144522476
103,discharge,62.070183552,1.142122476
103,discharge,64.009876788,1.1397224759999998
103,discharge,65.949570024,1.1373224759999998
103,discharge,67.88926326,1.1349224759999998
103,discharge,69.82895649599999,1.132522476
103,discharge,71.768649732,1.130122476
103,discharge,73.708342968,1.127722476
103,discharge,75.64803620400001,1.1253224759999998
103,discharge,77.58772944,1.1229224759999998
103,discharge,79.527422676,1.1205224759999999
103,discharge,81.467115912,1.118122476
103,discharge,83.406809148,1.115722476
103,discharge,85.346502384,1.1133224759999998
103,discharge,87.28619562,1.1109224759999998
103,discharge,89.225888856,1.1085224759999999
103,discharge,91.16558209200001,1.106122476
103,discharge,93.10527532799999,1.103722476
103,discharge,95.044968564,1.1013224759999998
103,discharge,96.9846618,1.0989224759999998
104,charge,0.0,1.35248
104,charge,1.9791999999999998,1.35568
104,charge,3.9583999999999997,1.35888
104,charge,5.9376,1.36208
104,charge,7.916799999999999,1.36528
104,charge,9.896,1.36848
104,charge,11.8752,1.37168
104,charge,13.8544,1.3748799999999999
104,charge,15.833599999999999,1.37808
104,charge,17.8128,1.38128
104,charge,19.792,1.38448
104,charge,21.7712,1.38768
104,charge,23.7504,1.39088
104,charge,25.729599999999998,1.39408
104,charge,27.7088,1.39728
104,charge,29.687999999999995,1.40048
104,charge,31.667199999999998,1.40368
104,charge,33.6464,1.40688
104,charge,35.6256,1.41008
104,charge,37.6048,1.4132799999999999
104,charge,39.584,1.41648
104,charge,41.563199999999995,1.41968
104,charge,43.5424,1.42288
104,charge,45.5216,1.42608
104,charge,47.5008,1.4292799999999999
104,charge,49.48,1.43248
104,charge,51.459199999999996,1.43568
104,charge,53.4384,1.43888
104,charge,55.4176,1.44208
104,charge,57.39679999999999,1.44528
104,charge,59.37599999999999,1.44848
104,charge,61.355199999999996,1.45168
104,charge,63.334399999999995,1.45488
104,charge,65.3136,1.45808
104,charge,67.2928,1.46128
104,charge,69.272,1.46448
104,charge,71.2512,1.4676799999999999
104,charge,73.23039999999999,1.47088
104,charge,75.2096,1.47408
104,charge,77.1888,1.47728
104,charge,79.168,1.48048
104,charge,81.1472,1.4836799999999999
104,charge,83.12639999999999,1.48688
104,charge,85.1056,1.49008
104,charge,87.0848,1.49328
104,charge,89.064,1.49648
104,charge,91.0432,1.49968
104,charge,93.0224,1.50288
104,charge,95.0016,1.5060799999999999
104,charge,96.98079999999999,1.50928
104,charge,98.96,1.51248
104,discharge,0.0,1.218589824
104,discharge,1.939457664,1.216189824
104,discharge,3.878915328,1.2137898239999998
104,discharge,5.818372992,1.2113898239999998
104,discharge,7.757830656,1.2089898239999999
104,discharge,9.69728832,1.206589824
104,discharge,11.636745984,1.204189824
104,discharge,13.576203648000002,1.2017898239999998
104,discharge,15.515661312,1.1993898239999998
104,discharge,17.455118975999998,1.1969898239999999
104,discharge,19.39457664,1.194589824
104,discharge,21.334034304,1.192189824
104,discharge,23.273491968,1.1897898239999998
104,discharge,25.212949632,1.1873898239999998
104,discharge,27.152407296000003,1.1849898239999999
104,discharge,29.09186496,1.182589824
104,discharge,31.031322624,1.180189824
104,discharge,32.970780288,1.177789824
104,discharge,34.910237951999996,1.1753898239999998
104,discharge,36.849695616,1.1729898239999998
104,discharge,38.78915328,1.170589824
104,discharge,40.728610943999996,1.168189824
104,discharge,42.668068608,1.165789824
104,discharge,44.607526272,1.1633898239999998
104,discharge,46.546983936,1.1609898239999998
104,discharge,48.4864416,1.1585898239999999
104,discharge,50.425899264,1.156189824
104,discharge,52.365356928000004,1.153789824
104,discharge,54.30481459200001,1.1513898239999998
104,discharge,56.244272255999995,1.1489898239999998
104,discharge,58.18372992,1.1465898239999999
104,discharge,60.123187584,1.144189824
104,discharge,62.062645248,1.141789824
104,discharge,64.002102912,1.1393898239999998
104,discharge,65.941560576,1.1369898239999998
104,discharge,67.88101824,1.1345898239999999
104,discharge,69.82047590399999,1.132189824
104,discharge,71.759933568,1.129789824
104,discharge,73.699391232,1.127389824
104,discharge,75.638848896,1.1249898239999998
104,discharge,77.57830656,1.1225898239999998
104,discharge,79.517764224,1.120189824
104,discharge,81.45722188799999,1.117789824
104,discharge,83.396679552,1.115389824
104,discharge,85.336137216,1.1129898239999998
104,discharge,87.27559488,1.1105898239999998
104,discharge,89.215052544,1.1081898239999999
104,discharge,91.154510208,1.105789824
104,discharge,93.093967872,1.103389824
104,discharge,95.033425536,1.1009898239999998
104,discharge,96.9728832,1.0985898239999998
105,charge,0.0,1.3525999999999998
105,charge,1.979,1.3558
105,charge,3.958,1.359
105,charge,5.937,1.3621999999999999
105,charge,7.916,1.3654
105,charge,9.895000000000001,1.3685999999999998
105,charge,11.874,1.3718
105,charge,13.853000000000002,1.3749999999999998
105,charge,15.832,1.3781999999999999
105,charge,17.811,1.3814
105,charge,19.790000000000003,1.3845999999999998
105,charge,21.769000000000002,1.3878
105,charge,23.748,1.3909999999999998
105,charge,25.727,1.3941999999999999
105,charge,27.706000000000003,1.3974
105,charge,29.685,1.4005999999999998
105,charge,31.664,1.4038
105,charge,33.643,1.4069999999999998
105,charge,35.622,1.4102
105,charge,37.601,1.4133999999999998
105,charge,39.580000000000005,1.4165999999999999
105,charge,41.559,1.4198
105,charge,43.538000000000004,1.4229999999999998
105,charge,45.517,1.4262
105,charge,47.496,1.4293999999999998
105,charge,49.475,1.4325999999999999
105,charge,51.454,1.4358
105,charge,53.43300000000001,1.4389999999999998
105,charge,55.412000000000006,1.4422
105,charge,57.391,1.4453999999999998
105,charge,59.37,1.4485999999999999
105,charge,61.349000000000004,1.4518
105,charge,63.328,1.4549999999999998
105,charge,65.307,1.4582
105,charge,67.286,1.4613999999999998
105,charge,69.26500000000001,1.4646
105,charge,71.244,1.4677999999999998
105,charge,73.223,1.4709999999999999
105,charge,75.202,1.4742
105,charge,77.18100000000001,1.4773999999999998
105,charge,79.16000000000001,1.4806
105,charge,81.13900000000001,1.4837999999999998
105,charge,83.118,1.4869999999999999
105,charge,85.097,1.4902
105,charge,87.07600000000001,1.4933999999999998
105,charge,89.055,1.4966
105,charge,91.034,1.4997999999999998
105,charge,93.013,1.503
105,charge,94.992,1.5061999999999998
105,charge,96.971,1.5093999999999999
105,charge,98.95,1.5126
105,discharge,0.0,1.2182571
105,discharge,1.9392221,1.2158571
105,discharge,3.8784442,1.2134570999999998
105,discharge,5.8176663,1.2110570999999999
105,discharge,7.7568884,1.2086571
105,discharge,9.696110500000001,1.2062571
105,discharge,11.6353326,1.2038571
105,discharge,13.574554700000002,1.2014570999999998
105,discharge,15.5137768,1.1990570999999999
105,discharge,17.4529989,1.1966571
105,discharge,19.392221000000003,1.1942571
105,discharge,21.3314431,1.1918571
105,discharge,23.2706652,1.1894570999999998
105,discharge,25.209887300000002,1.1870570999999999
105,discharge,27.149109400000004,1.1846571
105,discharge,29.0883315,1.1822571
105,discharge,31.0275536,1.1798571
105,discharge,32.96677570000001,1.1774570999999998
105,discharge,34.9059978,1.1750570999999999
105,discharge,36.845219900000004,1.1726571
105,discharge,38.784442000000006,1.1702571
105,discharge,40.7236641,1.1678571
105,discharge,42.6628862,1.1654571
105,discharge,44.602108300000005,1.1630570999999998
105,discharge,46.5413304,1.1606570999999999
105,discharge,48.4805525,1.1582571
105,discharge,50.419774600000004,1.1558571
105,discharge,52.358996700000006,1.1534571
105,discharge,54.29821880000001,1.1510570999999998
105,discharge,56.237440899999996,1.1486570999999999
105,discharge,58.176663,1.1462571
105,discharge,60.1158851,1.1438571
105,discharge,62.0551072,1.1414571
105,discharge,63.994329300000004,1.1390570999999998
105,discharge,65.93355140000001,1.1366570999999999
105,discharge,67.87277350000001,1.1342571
105,discharge,69.8119956,1.1318571
105,discharge,71.7512177,1.1294571
105,discharge,73.69043980000001,1.1270571
105,discharge,75.6296619,1.1246570999999999
105,discharge,77.56888400000001,1.1222571
105,discharge,79.5081061,1.1198571
105,discharge,81.4473282,1.1174571
105,discharge,83.3865503,1.1150571
105,discharge,85.3257724,1.1126570999999998
105,discharge,87.2649945,1.1102570999999999
105,discharge,89.20421660000001,1.1078571
105,discharge,91.1434387,1.1054571
105,discharge,93.0826608,1.1030571
105,discharge,95.02188290000001,1.1006570999999998
105,discharge,96.961105,1.0982570999999999
106,charge,0.0,1.35272
106,charge,1.9788,1.35592
106,charge,3.9576,1.3591199999999999
106,charge,5.9364,1.36232
106,charge,7.9152,1.36552
106,charge,9.894,1.36872
106,charge,11.8728,1.37192
106,charge,13.851600000000001,1.37512
106,charge,15.8304,1.37832
106,charge,17.8092,1.38152
106,charge,19.788,1.38472
106,charge,21.7668,1.38792
106,charge,23.7456,1.39112
106,charge,25.7244,1.39432
106,charge,27.703200000000002,1.39752
106,charge,29.682,1.40072
106,charge,31.6608,1.40392
106,charge,33.6396,1.40712
106,charge,35.6184,1.41032
106,charge,37.5972,1.4135199999999999
106,charge,39.576,1.41672
106,charge,41.5548,1.41992
106,charge,43.5336,1.42312
106,charge,45.5124,1.42632
106,charge,47.4912,1.42952
106,charge,49.47,1.43272
106,charge,51.4488,1.43592
106,charge,53.427600000000005,1.43912
106,charge,55.406400000000005,1.44232
106,charge,57.3852,1.44552
106,charge,59.364,1.44872
106,charge,61.3428,1.45192
106,charge,63.3216,1.45512
106,charge,65.3004,1.45832
106,charge,67.2792,1.46152
106,charge,69.25800000000001,1.46472
106,charge,71.2368,1.46792
106,charge,73.2156,1.47112
106,charge,75.1944,1.47432
106,charge,77.1732,1.47752
106,charge,79.152,1.48072
106,charge,81.13080000000001,1.48392
106,charge,83.1096,1.48712
106,charge,85.0884,1.49032
106,charge,87.0672,1.49352
106,charge,89.046,1.49672
106,charge,91.0248,1.49992
106,charge,93.0036,1.50312
106,charge,94.9824,1.50632
106,charge,96.96119999999999,1.50952
106,charge,98.94,1.51272
106,discharge,0.0,1.217924304
106,discharge,1.938986544,1.215524304
106,discharge,3.877973088,1.213124304
106,discharge,5.816959632,1.210724304
106,discharge,7.755946176,1.208324304
106,discharge,9.69493272,1.205924304
106,discharge,11.633919264,1.203524304
106,discharge,13.572905808000002,1.201124304
106,discharge,15.511892352,1.198724304
106,discharge,17.450878896,1.196324304
106,discharge,19.38986544,1.193924304
106,discharge,21.328851984,1.191524304
106,discharge,23.267838528,1.189124304
106,discharge,25.206825072,1.186724304
106,discharge,27.145811616000003,1.184324304
106,discharge,29.08479816,1.181924304
106,discharge,31.023784704,1.179524304
106,discharge,32.962771248,1.177124304
106,discharge,34.901757792,1.174724304
106,discharge,36.840744336,1.172324304
106,discharge,38.77973088,1.169924304
106,discharge,40.718717424,1.167524304
106,discharge,42.657703968,1.165124304
106,discharge,44.596690512,1.162724304
106,discharge,46.535677056,1.160324304
106,discharge,48.4746636,1.157924304
106,discharge,50.413650144,1.155524304
106,discharge,52.352636688000004,1.153124304
106,discharge,54.291623232000006,1.150724304
106,discharge,56.230609775999994,1.148324304
106,discharge,58.16959632,1.145924304
106,discharge,60.108582864,1.143524304
106,discharge,62.047569408,1.141124304
106,discharge,63.986555952,1.138724304
106,discharge,65.925542496,1.136324304
106,discharge,67.86452904000001,1.133924304
106,discharge,69.803515584,1.131524304
106,discharge,71.742502128,1.129124304
106,discharge,73.681488672,1.1267243040000001
106,discharge,75.620475216,1.124324304
106,discharge,77.55946176,1.121924304
106,discharge,79.49844830400001,1.119524304
106,discharge,81.437434848,1.117124304
106,discharge,83.376421392,1.114724304
106,discharge,85.315407936,1.112324304
106,discharge,87.25439448,1.109924304
106,discharge,89.193381024,1.107524304
106,discharge,91.132367568,1.105124304
106,discharge,93.071354112,1.102724304
106,discharge,95.010340656,1.100324304
106,discharge,96.9493272,1.097924304
107,charge,0.0,1.3528399999999998
107,charge,1.9786000000000001,1.35604
107,charge,3.9572000000000003,1.3592399999999998
107,charge,5.9358,1.3624399999999999
107,charge,7.9144000000000005,1.36564
107,charge,9.893,1.3688399999999998
107,charge,11.8716,1.37204
107,charge,13.850200000000003,1.3752399999999998
107,charge,15.828800000000001,1.3784399999999999
107,charge,17.8074,1.38164
107,charge,19.786,1.3848399999999998
107,charge,21.7646,1.38804
107,charge,23.7432,1.3912399999999998
107,charge,25.7218,1.39444
107,charge,27.700400000000005,1.39764
107,charge,29.679000000000002,1.4008399999999999
107,charge,31.657600000000002,1.40404
107,charge,33.6362,1.4072399999999998
107,charge,35.6148,1.41044
107,charge,37.5934,1.4136399999999998
107,charge,39.572,1.4168399999999999
107,charge,41.5506,1.42004
107,charge,43.5292,1.4232399999999998
107,charge,45.5078,1.42644
107,charge,47.4864,1.4296399999999998
107,charge,49.465,1.43284
107,charge,51.4436,1.43604
107,charge,53.422200000000004,1.4392399999999999
107,charge,55.40080000000001,1.44244
107,charge,57.3794,1.4456399999999998
107,charge,59.358000000000004,1.44884
107,charge,61.336600000000004,1.45204
107,charge,63.315200000000004,1.4552399999999999
107,charge,65.2938,1.45844
107,charge,67.2724,1.4616399999999998
107,charge,69.251,1.46484
107,charge,71.2296,1.4680399999999998
107,charge,73.2082,1.4712399999999999
107,charge,75.1868,1.47444
107,charge,77.1654,1.4776399999999998
107,charge,79.144,1.48084
107,charge,81.1226,1.4840399999999998
107,charge,83.1012,1.48724
107,charge,85.0798,1.49044
107,charge,87.0584,1.4936399999999999
107,charge,89.037,1.49684
107,charge,91.0156,1.5000399999999998
107,charge,92.9942,1.50324
107,charge,94.9728,1.50644
107,charge,96.9514,1.5096399999999999
107,charge,98.93,1.51284
107,discharge,0.0,1.217591436
107,discharge,1.938750996,1.215191436
107,discharge,3.877501992,1.2127914359999998
107,discharge,5.816252988,1.2103914359999999
107,discharge,7.755003984,1.207991436
107,discharge,9.693754980000001,1.205591436
107,discharge,11.632505976,1.203191436
107,discharge,13.571256972,1.2007914359999998
107,discharge,15.510007968,1.1983914359999999
107,discharge,17.448758964,1.195991436
107,discharge,19.387509960000003,1.193591436
107,discharge,21.326260956,1.191191436
107,discharge,23.265011952,1.1887914359999998
107,discharge,25.203762948,1.1863914359999999
107,discharge,27.142513944,1.183991436
107,discharge,29.081264939999997,1.181591436
107,discharge,31.020015936,1.179191436
107,discharge,32.958766932,1.1767914359999998
107,discharge,34.897517928,1.1743914359999998
107,discharge,36.836268924,1.1719914359999999
107,discharge,38.775019920000005,1.169591436
107,discharge,40.713770916,1.167191436
107,discharge,42.652521912,1.164791436
107,discharge,44.591272908,1.1623914359999998
107,discharge,46.530023904,1.1599914359999999
107,discharge,48.4687749,1.157591436
107,discharge,50.407525896,1.155191436
107,discharge,52.346276892000006,1.152791436
107,discharge,54.285027888,1.1503914359999998
107,discharge,56.223778884,1.1479914359999999
107,discharge,58.162529879999994,1.145591436
107,discharge,60.101280876,1.143191436
107,discharge,62.040031872,1.140791436
107,discharge,63.978782868,1.1383914359999998
107,discharge,65.917533864,1.1359914359999999
107,discharge,67.85628486,1.133591436
107,discharge,69.795035856,1.131191436
107,discharge,71.733786852,1.128791436
107,discharge,73.672537848,1.126391436
107,discharge,75.611288844,1.1239914359999998
107,discharge,77.55003984000001,1.1215914359999999
107,discharge,79.488790836,1.119191436
107,discharge,81.427541832,1.116791436
107,discharge,83.366292828,1.114391436
107,discharge,85.305043824,1.1119914359999998
107,discharge,87.24379482,1.1095914359999999
107,discharge,89.182545816,1.107191436
107,discharge,91.12129681200001,1.104791436
107,discharge,93.060047808,1.102391436
107,discharge,94.998798804,1.0999914359999998
107,discharge,96.9375498,1.0975914359999999
108,charge,0.0,1.35296
108,charge,1.9784000000000002,1.35616
108,charge,3.9568000000000003,1.3593600000000001
108,charge,5.9352,1.36256
108,charge,7.913600000000001,1.36576
108,charge,9.892000000000001,1.36896
108,charge,11.8704,1.37216
108,charge,13.848800000000002,1.37536
108,charge,15.827200000000001,1.37856
108,charge,17.8056,1.38176
108,charge,19.784000000000002,1.38496
108,charge,21.7624,1.38816
108,charge,23.7408,1.39136
108,charge,25.7192,1.39456
108,charge,27.697600000000005,1.3977600000000001
108,charge,29.676,1.40096
108,charge,31.654400000000003,1.40416
108,charge,33.6328,1.40736
108,charge,35.6112,1.41056
108,charge,37.589600000000004,1.41376
108,charge,39.568000000000005,1.41696
108,charge,41.5464,1.42016
108,charge,43.5248,1.42336
108,charge,45.5032,1.42656
108,charge,47.4816,1.42976
108,charge,49.46,1.43296
108,charge,51.4384,1.43616
108,charge,53.4168,1.43936
108,charge,55.39520000000001,1.44256
108,charge,57.373599999999996,1.44576
108,charge,59.352,1.44896
108,charge,61.3304,1.4521600000000001
108,charge,63.308800000000005,1.45536
108,charge,65.2872,1.45856
108,charge,67.2656,1.46176
108,charge,69.24400000000001,1.46496
108,charge,71.2224,1.46816
108,charge,73.2008,1.47136
108,charge,75.17920000000001,1.47456
108,charge,77.1576,1.47776
108,charge,79.13600000000001,1.48096
108,charge,81.1144,1.48416
108,charge,83.0928,1.48736
108,charge,85.0712,1.49056
108,charge,87.0496,1.49376
108,charge,89.028,1.49696
108,charge,91.0064,1.50016
108,charge,92.9848,1.50336
108,charge,94.9632,1.50656
108,charge,96.9416,1.50976
108,charge,98.92,1.51296
108,discharge,0.0,1.2172584960000001
108,discharge,1.9385154559999997,1.2148584960000002
108,discharge,3.8770309119999995,1.212458496
108,discharge,5.815546367999999,1.210058496
108,discharge,7.754061823999999,1.207658496
108,discharge,9.69257728,1.2052584960000001
108,discharge,11.631092735999998,1.2028584960000002
108,discharge,13.569608192,1.200458496
108,discharge,15.508123647999998,1.198058496
108,discharge,17.446639104,1.195658496
108,discharge,19.38515456,1.1932584960000001
108,discharge,21.323670015999998,1.1908584960000002
108,discharge,23.262185471999995,1.188458496
108,discharge,25.200700928,1.186058496
108,discharge,27.139216384,1.183658496
108,discharge,29.077731839999995,1.181258496
108,discharge,31.016247295999996,1.1788584960000001
108,discharge,32.954762752,1.176458496
108,discharge,34.893278208,1.174058496
108,discharge,36.831793663999996,1.171658496
108,discharge,38.77030912,1.169258496
108,discharge,40.708824576,1.1668584960000001
108,discharge,42.647340031999995,1.1644584960000002
108,discharge,44.585855488,1.162058496
108,discharge,46.52437094399999,1.159658496
108,discharge,48.462886399999995,1.157258496
108,discharge,50.401401856,1.1548584960000001
108,discharge,52.339917312,1.1524584960000002
108,discharge,54.278432768,1.150058496
108,discharge,56.21694822399999,1.147658496
108,discharge,58.15546367999999,1.145258496
108,discharge,60.093979135999994,1.1428584960000001
108,discharge,62.03249459199999,1.1404584960000002
108,discharge,63.971010048,1.138058496
108,discharge,65.909525504,1.135658496
108,discharge,67.84804096,1.133258496
108,discharge,69.786556416,1.130858496
108,discharge,71.72507187199999,1.1284584960000001
108,discharge,73.66358732799999,1.1260584960000002
108,discharge,75.602102784,1.123658496
108,discharge,77.54061824,1.121258496
108,discharge,79.47913369599999,1.118858496
108,discharge,81.417649152,1.1164584960000001
108,discharge,83.35616460799999,1.1140584960000002
108,discharge,85.29468006399999,1.111658496
108,discharge,87.23319552,1.109258496
108,discharge,89.171710976,1.106858496
108,discharge,91.11022643199999,1.1044584960000001
108,discharge,93.04874188799998,1.1020584960000002
108,discharge,94.98725734399999,1.099658496
108,discharge,96.92577279999999,1.097258496
109,charge,0.0,1.3530799999999998
109,charge,1.9782,1.35628
109,charge,3.9564,1.35948
109,charge,5.9346,1.36268
109,charge,7.9128,1.36588
109,charge,9.891,1.3690799999999999
109,charge,11.8692,1.37228
109,charge,13.8474,1.3754799999999998
109,charge,15.8256,1.37868
109,charge,17.8038,1.38188
109,charge,19.782,1.3850799999999999
109,charge,21.7602,1.38828
109,charge,23.7384,1.3914799999999998
109,charge,25.7166,1.39468
109,charge,27.6948,1.39788
109,charge,29.673,1.4010799999999999
109,charge,31.6512,1.40428
109,charge,33.629400000000004,1.4074799999999998
109,charge,35.6076,1.41068
109,charge,37.5858,1.4138799999999998
109,charge,39.564,1.41708
109,charge,41.542199999999994,1.42028
109,charge,43.5204,1.4234799999999999
109,charge,45.4986,1.42668
109,charge,47.4768,1.4298799999999998
109,charge,49.455,1.43308
109,charge,51.4332,1.43628
109,charge,53.4114,1.4394799999999999
109,charge,55.3896,1.44268
109,charge,57.367799999999995,1.4458799999999998
109,charge,59.346,1.44908
109,charge,61.3242,1.45228
109,charge,63.3024,1.4554799999999999
109,charge,65.2806,1.45868
109,charge,67.25880000000001,1.4618799999999998
109,charge,69.23700000000001,1.46508
109,charge,71.2152,1.4682799999999998
109,charge,73.1934,1.47148
109,charge,75.1716,1.47468
109,charge,77.1498,1.4778799999999999
109,charge,79.128,1.48108
109,charge,81.1062,1.4842799999999998
109,charge,83.08439999999999,1.48748
109,charge,85.06259999999999,1.49068
109,charge,87.0408,1.4938799999999999
109,charge,89.019,1.49708
109,charge,90.9972,1.5002799999999998
109,charge,92.97540000000001,1.50348
109,charge,94.9536,1.5066799999999998
109,charge,96.9318,1.5098799999999999
109,charge,98.91,1.51308
109,discharge,0.0,1.2169254840000001
109,discharge,1.938279924,1.2145254840000002
109,discharge,3.876559848,1.212125484
109,discharge,5.814839772,1.209725484
109,discharge,7.753119696,1.207325484
109,discharge,9.69139962,1.204925484
109,discharge,11.629679544,1.2025254840000001
109,discharge,13.567959468000002,1.200125484
109,discharge,15.506239392,1.197725484
109,discharge,17.444519316,1.195325484
109,discharge,19.38279924,1.192925484
109,discharge,21.321079164,1.1905254840000001
109,discharge,23.259359088,1.188125484
109,discharge,25.197639012,1.185725484
109,discharge,27.135918936000003,1.183325484
109,discharge,29.07419886,1.180925484
109,discharge,31.012478784,1.1785254840000001
109,discharge,32.950758708,1.176125484
109,discharge,34.889038632,1.173725484
109,discharge,36.827318556,1.171325484
109,discharge,38.76559848,1.168925484
109,discharge,40.703878404,1.1665254840000001
109,discharge,42.642158328,1.1641254840000002
109,discharge,44.580438252,1.161725484
109,discharge,46.518718176,1.159325484
109,discharge,48.4569981,1.156925484
109,discharge,50.395278024,1.154525484
109,discharge,52.333557948000006,1.1521254840000001
109,discharge,54.271837872000006,1.149725484
109,discharge,56.210117796,1.147325484
109,discharge,58.14839772,1.144925484
109,discharge,60.086677644,1.142525484
109,discharge,62.024957568,1.1401254840000001
109,discharge,63.963237492000005,1.137725484
109,discharge,65.901517416,1.135325484
109,discharge,67.83979734,1.132925484
109,discharge,69.778077264,1.130525484
109,discharge,71.716357188,1.1281254840000001
109,discharge,73.654637112,1.1257254840000002
109,discharge,75.592917036,1.123325484
109,discharge,77.53119696,1.120925484
109,discharge,79.469476884,1.118525484
109,discharge,81.407756808,1.1161254840000001
109,discharge,83.346036732,1.1137254840000002
109,discharge,85.284316656,1.111325484
109,discharge,87.22259658,1.108925484
109,discharge,89.160876504,1.106525484
109,discharge,91.099156428,1.104125484
109,discharge,93.037436352,1.1017254840000001
109,discharge,94.975716276,1.099325484
109,discharge,96.9139962,1.096925484
110,charge,0.0,1.3532
110,charge,1.9780000000000002,1.3564
110,charge,3.9560000000000004,1.3596
110,charge,5.934,1.3628
110,charge,7.912000000000001,1.366
110,charge,9.89,1.3692
110,charge,11.868,1.3724
110,charge,13.846000000000002,1.3756
110,charge,15.824000000000002,1.3788
110,charge,17.802,1.3820000000000001
110,charge,19.78,1.3852
110,charge,21.758000000000003,1.3884
110,charge,23.736,1.3916
110,charge,25.714000000000002,1.3948
110,charge,27.692000000000004,1.3980000000000001
110,charge,29.67,1.4012
110,charge,31.648000000000003,1.4044
110,charge,33.626000000000005,1.4076
110,charge,35.604,1.4108
110,charge,37.582,1.414
110,charge,39.56,1.4172
110,charge,41.538000000000004,1.4204
110,charge,43.516000000000005,1.4236
110,charge,45.49400000000001,1.4268
110,charge,47.472,1.43
110,charge,49.45,1.4332
110,charge,51.428000000000004,1.4364000000000001
110,charge,53.406000000000006,1.4396
110,charge,55.38400000000001,1.4428
110,charge,57.362,1.446
110,charge,59.34,1.4492
110,charge,61.318000000000005,1.4524000000000001
110,charge,63.29600000000001,1.4556
110,charge,65.274,1.4588
110,charge,67.25200000000001,1.462
110,charge,69.23,1.4652
110,charge,71.208,1.4684
110,charge,73.186,1.4716
110,charge,75.164,1.4748
110,charge,77.14200000000001,1.478
110,charge,79.12,1.4812
110,charge,81.09800000000001,1.4844
110,charge,83.07600000000001,1.4876
110,charge,85.054,1.4908000000000001
110,charge,87.03200000000001,1.494
110,charge,89.01,1.4972
110,charge,90.98800000000001,1.5004
110,charge,92.96600000000001,1.5036
110,charge,94.944,1.5068000000000001
110,charge,96.922,1.51
110,charge,98.9,1.5132
110,discharge,0.0,1.2165924
110,discharge,1.9380444000000001,1.2141924
110,discharge,3.8760888000000002,1.2117923999999998
110,discharge,5.8141332,1.2093923999999998
110,discharge,7.7521776000000004,1.2069923999999999
110,discharge,9.690222,1.2045924
110,discharge,11.6282664,1.2021924
110,discharge,13.566310800000002,1.1997923999999998
110,discharge,15.504355200000001,1.1973923999999998
110,discharge,17.442399599999998,1.1949923999999998
110,discharge,19.380444,1.1925923999999999
110,discharge,21.3184884,1.1901924
110,discharge,23.2565328,1.1877923999999997
110,discharge,25.1945772,1.1853923999999998
110,discharge,27.132621600000004,1.1829923999999998
110,discharge,29.070666,1.1805923999999999
110,discharge,31.008710400000002,1.1781924
110,discharge,32.9467548,1.1757923999999997
110,discharge,34.884799199999996,1.1733923999999998
110,discharge,36.8228436,1.1709923999999998
110,discharge,38.760888,1.1685923999999999
110,discharge,40.6989324,1.1661924
110,discharge,42.6369768,1.1637924
110,discharge,44.5750212,1.1613923999999998
110,discharge,46.5130656,1.1589923999999998
110,discharge,48.45111,1.1565923999999999
110,discharge,50.3891544,1.1541924
110,discharge,52.327198800000005,1.1517924
110,discharge,54.26524320000001,1.1493923999999998
110,discharge,56.203287599999996,1.1469923999999998
110,discharge,58.141332,1.1445923999999998
110,discharge,60.0793764,1.1421923999999999
110,discharge,62.017420800000004,1.1397924
110,discharge,63.955465200000006,1.1373923999999997
110,discharge,65.8935096,1.1349923999999998
110,discharge,67.83155400000001,1.1325923999999998
110,discharge,69.76959839999999,1.1301923999999999
110,discharge,71.7076428,1.1277924
110,discharge,73.6456872,1.1253924
110,discharge,75.58373160000001,1.1229923999999998
110,discharge,77.521776,1.1205923999999998
110,discharge,79.45982040000001,1.1181923999999999
110,discharge,81.3978648,1.1157924
110,discharge,83.3359092,1.1133924
110,discharge,85.2739536,1.1109923999999998
110,discharge,87.21199800000001,1.1085923999999998
110,discharge,89.1500424,1.1061923999999999
110,discharge,91.0880868,1.1037924
110,discharge,93.0261312,1.1013924
110,discharge,94.9641756,1.0989923999999998
110,discharge,96.90222,1.0965923999999998
111,charge,0.0,1.3533199999999999
111,charge,1.9778,1.35652
111,charge,3.9556,1.3597199999999998
111,charge,5.9334,1.36292
111,charge,7.9112,1.36612
111,charge,9.889000000000001,1.3693199999999999
111,charge,11.8668,1.37252
111,charge,13.844600000000002,1.3757199999999998
111,charge,15.8224,1.37892
111,charge,17.8002,1.38212
111,charge,19.778000000000002,1.3853199999999999
111,charge,21.7558,1.38852
111,charge,23.7336,1.3917199999999998
111,charge,25.7114,1.39492
111,charge,27.689200000000003,1.39812
111,charge,29.666999999999998,1.40132
111,charge,31.6448,1.40452
111,charge,33.622600000000006,1.4077199999999999
111,charge,35.6004,1.41092
111,charge,37.5782,1.4141199999999998
111,charge,39.556000000000004,1.41732
111,charge,41.5338,1.42052
111,charge,43.5116,1.4237199999999999
111,charge,45.4894,1.42692
111,charge,47.4672,1.4301199999999998
111,charge,49.445,1.43332
111,charge,51.4228,1.43652
111,charge,53.400600000000004,1.4397199999999999
111,charge,55.378400000000006,1.44292
111,charge,57.356199999999994,1.4461199999999999
111,charge,59.333999999999996,1.44932
111,charge,61.3118,1.45252
111,charge,63.2896,1.45572
111,charge,65.26740000000001,1.45892
111,charge,67.24520000000001,1.4621199999999999
111,charge,69.22300000000001,1.46532
111,charge,71.2008,1.4685199999999998
111,charge,73.1786,1.47172
111,charge,75.1564,1.47492
111,charge,77.1342,1.4781199999999999
111,charge,79.11200000000001,1.48132
111,charge,81.08980000000001,1.4845199999999998
111,charge,83.0676,1.48772
111,charge,85.0454,1.49092
111,charge,87.0232,1.49412
111,charge,89.001,1.49732
111,charge,90.9788,1.5005199999999999
111,charge,92.95660000000001,1.50372
111,charge,94.9344,1.50692
111,charge,96.9122,1.51012
111,charge,98.89,1.51332
111,discharge,0.0,1.216259244
111,discharge,1.937808884,1.213859244
111,discharge,3.875617768,1.2114592439999998
111,discharge,5.813426652,1.2090592439999999
111,discharge,7.751235536,1.206659244
111,discharge,9.689044420000002,1.204259244
111,discharge,11.626853304,1.201859244
111,discharge,13.564662188000002,1.1994592439999998
111,discharge,15.502471072,1.1970592439999999
111,discharge,17.440279956,1.194659244
111,discharge,19.378088840000004,1.192259244
111,discharge,21.315897724000003,1.189859244
111,discharge,23.253706608,1.1874592439999998
111,discharge,25.191515492,1.1850592439999998
111,discharge,27.129324376000003,1.1826592439999999
111,discharge,29.06713326,1.180259244
111,discharge,31.004942144,1.177859244
111,discharge,32.942751028,1.1754592439999998
111,discharge,34.880559912,1.1730592439999998
111,discharge,36.818368796,1.1706592439999999
111,discharge,38.75617768000001,1.168259244
111,discharge,40.693986564,1.165859244
111,discharge,42.631795448000005,1.163459244
111,discharge,44.569604332000004,1.1610592439999998
111,discharge,46.507413216,1.1586592439999999
111,discharge,48.4452221,1.156259244
111,discharge,50.383030984,1.153859244
111,discharge,52.32083986800001,1.151459244
111,discharge,54.258648752000006,1.1490592439999998
111,discharge,56.196457636,1.1466592439999999
111,discharge,58.13426652,1.144259244
111,discharge,60.072075404,1.141859244
111,discharge,62.009884288,1.139459244
111,discharge,63.94769317200001,1.1370592439999998
111,discharge,65.885502056,1.1346592439999998
111,discharge,67.82331094000001,1.1322592439999999
111,discharge,69.761119824,1.129859244
111,discharge,71.698928708,1.127459244
111,discharge,73.636737592,1.125059244
111,discharge,75.57454647600001,1.1226592439999998
111,discharge,77.51235536000002,1.1202592439999999
111,discharge,79.450164244,1.117859244
111,discharge,81.387973128,1.115459244
111,discharge,83.325782012,1.113059244
111,discharge,85.26359089600001,1.1106592439999998
111,discharge,87.20139978,1.1082592439999999
111,discharge,89.13920866400001,1.105859244
111,discharge,91.07701754800001,1.103459244
111,discharge,93.014826432,1.101059244
111,discharge,94.952635316,1.0986592439999998
111,discharge,96.8904442,1.0962592439999999
112,charge,0.0,1.3534399999999998
112,charge,1.9776,1.3566399999999998
112,charge,3.9552,1.3598399999999997
112,charge,5.932799999999999,1.3630399999999998
112,charge,7.9104,1.36624
112,charge,9.888,1.3694399999999998
112,charge,11.865599999999999,1.3726399999999999
112,charge,13.843200000000001,1.3758399999999997
112,charge,15.8208,1.3790399999999998
112,charge,17.798399999999997,1.38224
112,charge,19.776,1.3854399999999998
112,charge,21.7536,1.3886399999999999
112,charge,23.731199999999998,1.3918399999999997
112,charge,25.7088,1.3950399999999998
112,charge,27.686400000000003,1.39824
112,charge,29.663999999999998,1.4014399999999998
112,charge,31.6416,1.4046399999999999
112,charge,33.6192,1.4078399999999998
112,charge,35.596799999999995,1.4110399999999998
112,charge,37.5744,1.4142399999999997
112,charge,39.552,1.4174399999999998
112,charge,41.529599999999995,1.42064
112,charge,43.5072,1.4238399999999998
112,charge,45.4848,1.4270399999999999
112,charge,47.462399999999995,1.4302399999999997
112,charge,49.44,1.4334399999999998
112,charge,51.4176,1.43664
112,charge,53.3952,1.4398399999999998
112,charge,55.372800000000005,1.4430399999999999
112,charge,57.35039999999999,1.4462399999999997
112,charge,59.327999999999996,1.4494399999999998
112,charge,61.3056,1.45264
112,charge,63.2832,1.4558399999999998
112,charge,65.2608,1.45904
112,charge,67.2384,1.4622399999999998
112,charge,69.21600000000001,1.4654399999999999
112,charge,71.19359999999999,1.4686399999999997
112,charge,73.1712,1.4718399999999998
112,charge,75.1488,1.47504
112,charge,77.1264,1.4782399999999998
112,charge,79.104,1.4814399999999999
112,charge,81.08160000000001,1.4846399999999997
112,charge,83.05919999999999,1.4878399999999998
112,charge,85.0368,1.49104
112,charge,87.0144,1.4942399999999998
112,charge,88.992,1.4974399999999999
112,charge,90.9696,1.5006399999999998
112,charge,92.9472,1.5038399999999998
112,charge,94.92479999999999,1.50704
112,charge,96.9024,1.5102399999999998
112,charge,98.88,1.51344
112,discharge,0.0,1.2159260159999998
112,discharge,1.9375733759999998,1.2135260159999999
112,discharge,3.8751467519999996,1.2111260159999997
112,discharge,5.812720127999999,1.2087260159999997
112,discharge,7.750293503999999,1.2063260159999998
112,discharge,9.68786688,1.2039260159999998
112,discharge,11.625440255999997,1.2015260159999999
112,discharge,13.563013631999999,1.1991260159999997
112,discharge,15.500587007999998,1.1967260159999997
112,discharge,17.438160383999996,1.1943260159999998
112,discharge,19.37573376,1.1919260159999998
112,discharge,21.313307135999995,1.1895260159999999
112,discharge,23.250880511999995,1.1871260159999997
112,discharge,25.188453887999998,1.1847260159999997
112,discharge,27.126027263999998,1.1823260159999998
112,discharge,29.063600639999994,1.1799260159999998
112,discharge,31.001174015999997,1.1775260159999998
112,discharge,32.938747391999996,1.1751260159999997
112,discharge,34.87632076799999,1.1727260159999997
112,discharge,36.813894143999995,1.1703260159999997
112,discharge,38.75146752,1.1679260159999998
112,discharge,40.689040895999995,1.1655260159999998
112,discharge,42.62661427199999,1.1631260159999999
112,discharge,44.564187647999994,1.1607260159999997
112,discharge,46.50176102399999,1.1583260159999997
112,discharge,48.43933439999999,1.1559260159999998
112,discharge,50.376907775999996,1.1535260159999998
112,discharge,52.314481152,1.1511260159999999
112,discharge,54.252054527999995,1.1487260159999997
112,discharge,56.18962790399999,1.1463260159999997
112,discharge,58.12720127999999,1.1439260159999998
112,discharge,60.06477465599999,1.1415260159999998
112,discharge,62.00234803199999,1.1391260159999999
112,discharge,63.939921408,1.1367260159999997
112,discharge,65.87749478399999,1.1343260159999997
112,discharge,67.81506816,1.1319260159999998
112,discharge,69.75264153599998,1.1295260159999998
112,discharge,71.69021491199999,1.1271260159999998
112,discharge,73.62778828799999,1.1247260159999999
112,discharge,75.565361664,1.1223260159999997
112,discharge,77.50293504,1.1199260159999997
112,discharge,79.440508416,1.1175260159999998
112,discharge,81.37808179199999,1.1151260159999998
112,discharge,83.31565516799999,1.1127260159999999
112,discharge,85.25322854399998,1.1103260159999997
112,discharge,87.19080191999998,1.1079260159999997
112,discharge,89.12837529599999,1.1055260159999998
112,discharge,91.06594867199999,1.1031260159999998
112,discharge,93.00352204799998,1.1007260159999999
112,discharge,94.94109542399998,1.0983260159999997
112,discharge,96.87866879999999,1.0959260159999997
113,charge,0.0,1.3535599999999999
113,charge,1.9774,1.35676
113,charge,3.9548,1.35996
113,charge,5.9322,1.36316
113,charge,7.9096,1.36636
113,charge,9.887,1.3695599999999999
113,charge,11.8644,1.37276
113,charge,13.841800000000003,1.3759599999999998
113,charge,15.8192,1.37916
113,charge,17.7966,1.38236
113,charge,19.774,1.38556
113,charge,21.7514,1.38876
113,charge,23.7288,1.3919599999999999
113,charge,25.706200000000003,1.39516
113,charge,27.683600000000006,1.39836
113,charge,29.661,1.40156
113,charge,31.6384,1.40476
113,charge,33.61580000000001,1.4079599999999999
113,charge,35.5932,1.41116
113,charge,37.5706,1.4143599999999998
113,charge,39.548,1.41756
113,charge,41.5254,1.42076
113,charge,43.5028,1.42396
113,charge,45.4802,1.42716
113,charge,47.4576,1.4303599999999999
113,charge,49.435,1.43356
113,charge,51.412400000000005,1.43676
113,charge,53.38980000000001,1.43996
113,charge,55.36720000000001,1.44316
113,charge,57.3446,1.4463599999999999
113,charge,59.322,1.44956
113,charge,61.299400000000006,1.45276
113,charge,63.2768,1.45596
113,charge,65.25420000000001,1.45916
113,charge,67.23160000000001,1.4623599999999999
113,charge,69.209,1.46556
113,charge,71.1864,1.4687599999999998
113,charge,73.16380000000001,1.47196
113,charge,75.1412,1.47516
113,charge,77.1186,1.47836
113,charge,79.096,1.48156
113,charge,81.0734,1.4847599999999999
113,charge,83.0508,1.48796
113,charge,85.0282,1.49116
113,charge,87.0056,1.49436
113,charge,88.983,1.49756
113,charge,90.9604,1.5007599999999999
113,charge,92.93780000000001,1.50396
113,charge,94.9152,1.5071599999999998
113,charge,96.8926,1.51036
113,charge,98.87,1.51356
113,discharge,0.0,1.215592716
113,discharge,1.937337876,1.213192716
113,discharge,3.874675752,1.2107927159999998
113,discharge,5.812013628,1.2083927159999999
113,discharge,7.749351504,1.205992716
113,discharge,9.68668938,1.203592716
113,discharge,11.624027256,1.201192716
113,discharge,13.561365132,1.1987927159999998
113,discharge,15.498703008,1.1963927159999999
113,discharge,17.436040884,1.193992716
113,discharge,19.37337876,1.191592716
113,discharge,21.310716636,1.189192716
113,discharge,23.248054512,1.1867927159999998
113,discharge,25.185392388,1.1843927159999998
113,discharge,27.122730264,1.1819927159999999
113,discharge,29.06006814,1.179592716
113,discharge,30.997406016,1.177192716
113,discharge,32.934743892,1.1747927159999998
113,discharge,34.872081768,1.1723927159999998
113,discharge,36.809419644,1.1699927159999999
113,discharge,38.74675752,1.167592716
113,discharge,40.684095396,1.165192716
113,discharge,42.621433272,1.162792716
113,discharge,44.558771148000005,1.1603927159999998
113,discharge,46.496109024,1.1579927159999999
113,discharge,48.4334469,1.155592716
113,discharge,50.370784776,1.153192716
113,discharge,52.308122652,1.150792716
113,discharge,54.245460528,1.1483927159999998
113,discharge,56.182798403999996,1.1459927159999999
113,discharge,58.12013628,1.143592716
113,discharge,60.057474156,1.141192716
113,discharge,61.994812032,1.138792716
113,discharge,63.932149908,1.1363927159999998
113,discharge,65.869487784,1.1339927159999998
113,discharge,67.80682566,1.1315927159999999
113,discharge,69.744163536,1.129192716
113,discharge,71.681501412,1.126792716
113,discharge,73.618839288,1.124392716
113,discharge,75.556177164,1.1219927159999998
113,discharge,77.49351504,1.1195927159999999
113,discharge,79.430852916,1.117192716
113,discharge,81.368190792,1.114792716
113,discharge,83.305528668,1.112392716
113,discharge,85.242866544,1.1099927159999998
113,discharge,87.18020442,1.1075927159999999
113,discharge,89.11754229600001,1.105192716
113,discharge,91.05488017200001,1.102792716
113,discharge,92.992218048,1.100392716
113,discharge,94.929555924,1.0979927159999998
113,discharge,96.8668938,1.0955927159999999
114,charge,0.0,1.3536799999999998
114,charge,1.9772,1.3568799999999999
114,charge,3.9544,1.36008
114,charge,5.9315999999999995,1.3632799999999998
114,charge,7.9088,1.36648
114,charge,9.886000000000001,1.3696799999999998
114,charge,11.863199999999999,1.3728799999999999
114,charge,13.8404,1.3760799999999997
114,charge,15.8176,1.3792799999999998
114,charge,17.7948,1.38248
114,charge,19.772000000000002,1.3856799999999998
114,charge,21.7492,1.38888
114,charge,23.726399999999998,1.3920799999999998
114,charge,25.7036,1.3952799999999999
114,charge,27.6808,1.39848
114,charge,29.657999999999998,1.4016799999999998
114,charge,31.6352,1.40488
114,charge,33.6124,1.4080799999999998
114,charge,35.5896,1.4112799999999999
114,charge,37.5668,1.4144799999999997
114,charge,39.544000000000004,1.4176799999999998
114,charge,41.5212,1.42088
114,charge,43.4984,1.4240799999999998
114,charge,45.4756,1.4272799999999999
114,charge,47.452799999999996,1.4304799999999998
114,charge,49.43,1.4336799999999998
114,charge,51.4072,1.43688
114,charge,53.38440000000001,1.4400799999999998
114,charge,55.3616,1.44328
114,charge,57.3388,1.4464799999999998
114,charge,59.315999999999995,1.4496799999999999
114,charge,61.2932,1.45288
114,charge,63.2704,1.4560799999999998
114,charge,65.2476,1.45928
114,charge,67.2248,1.4624799999999998
114,charge,69.20200000000001,1.4656799999999999
114,charge,71.1792,1.4688799999999997
114,charge,73.1564,1.4720799999999998
114,charge,75.1336,1.47528
114,charge,77.1108,1.4784799999999998
114,charge,79.08800000000001,1.4816799999999999
114,charge,81.0652,1.4848799999999998
114,charge,83.0424,1.4880799999999998
114,charge,85.0196,1.49128
114,charge,86.9968,1.4944799999999998
114,charge,88.974,1.49768
114,charge,90.9512,1.5008799999999998
114,charge,92.92840000000001,1.5040799999999999
114,charge,94.90559999999999,1.5072799999999997
114,charge,96.8828,1.5104799999999998
114,charge,98.86,1.51368
114,discharge,0.0,1.215259344
114,discharge,1.9371023840000001,1.212859344
114,discharge,3.8742047680000002,1.2104593439999998
114,discharge,5.811307152,1.2080593439999998
114,discharge,7.7484095360000005,1.2056593439999999
114,discharge,9.685511920000001,1.203259344
114,discharge,11.622614304,1.200859344
114,discharge,13.559716688000002,1.1984593439999998
114,discharge,15.496819072000001,1.1960593439999998
114,discharge,17.433921456,1.1936593439999998
114,discharge,19.371023840000003,1.1912593439999999
114,discharge,21.308126224000002,1.188859344
114,discharge,23.245228608,1.1864593439999997
114,discharge,25.182330992,1.1840593439999998
114,discharge,27.119433376000003,1.1816593439999998
114,discharge,29.05653576,1.1792593439999999
114,discharge,30.993638144000002,1.176859344
114,discharge,32.930740528,1.1744593439999997
114,discharge,34.867842912,1.1720593439999998
114,discharge,36.804945296,1.1696593439999998
114,discharge,38.742047680000006,1.1672593439999999
114,discharge,40.679150064,1.164859344
114,discharge,42.616252448000004,1.162459344
114,discharge,44.553354832000004,1.1600593439999998
114,discharge,46.490457216,1.1576593439999998
114,discharge,48.4275596,1.1552593439999999
114,discharge,50.364661984,1.152859344
114,discharge,52.30176436800001,1.150459344
114,discharge,54.23886675200001,1.1480593439999998
114,discharge,56.175969136,1.1456593439999998
114,discharge,58.11307152,1.1432593439999998
114,discharge,60.050173904000005,1.1408593439999999
114,discharge,61.987276288000004,1.138459344
114,discharge,63.924378672,1.1360593439999997
114,discharge,65.861481056,1.1336593439999998
114,discharge,67.79858344000002,1.1312593439999998
114,discharge,69.735685824,1.1288593439999999
114,discharge,71.672788208,1.126459344
114,discharge,73.609890592,1.124059344
114,discharge,75.54699297600001,1.1216593439999998
114,discharge,77.48409536000001,1.1192593439999998
114,discharge,79.42119774400001,1.1168593439999999
114,discharge,81.358300128,1.114459344
114,discharge,83.295402512,1.112059344
114,discharge,85.23250489600001,1.1096593439999998
114,discharge,87.16960728000001,1.1072593439999998
114,discharge,89.10670966400001,1.1048593439999999
114,discharge,91.043812048,1.102459344
114,discharge,92.980914432,1.100059344
114,discharge,94.918016816,1.0976593439999998
114,discharge,96.8551192,1.0952593439999998
115,charge,0.0,1.3538
115,charge,1.9769999999999999,1.357
115,charge,3.9539999999999997,1.3601999999999999
115,charge,5.930999999999999,1.3634
115,charge,7.9079999999999995,1.3666
115,charge,9.885,1.3698
115,charge,11.861999999999998,1.373
115,charge,13.839,1.3761999999999999
115,charge,15.815999999999999,1.3794
115,charge,17.793,1.3826
115,charge,19.77,1.3858
115,charge,21.747,1.389
115,charge,23.723999999999997,1.3921999999999999
115,charge,25.701,1.3954
115,charge,27.678,1.3986
115,charge,29.654999999999998,1.4018
115,charge,31.631999999999998,1.405
115,charge,33.609,1.4082
115,charge,35.586,1.4114
115,charge,37.562999999999995,1.4145999999999999
115,charge,39.54,1.4178
115,charge,41.516999999999996,1.421
115,charge,43.494,1.4242
115,charge,45.471,1.4274
115,charge,47.44799999999999,1.4305999999999999
115,charge,49.425,1.4338
115,charge,51.402,1.437
115,charge,53.379,1.4402
115,charge,55.356,1.4434
115,charge,57.33299999999999,1.4465999999999999
115,charge,59.309999999999995,1.4498
115,charge,61.287,1.453
115,charge,63.263999999999996,1.4562
115,charge,65.241,1.4594
115,charge,67.218,1.4626
115,charge,69.19500000000001,1.4658
115,charge,71.172,1.4689999999999999
115,charge,73.149,1.4722
115,charge,75.12599999999999,1.4754
115,charge,77.103,1.4786
115,charge,79.08,1.4818
115,charge,81.057,1.4849999999999999
115,charge,83.03399999999999,1.4882
115,charge,85.011,1.4914
115,charge,86.988,1.4946
115,charge,88.965,1.4978
115,charge,90.942,1.501
115,charge,92.919,1.5042
115,charge,94.89599999999999,1.5074
115,charge,96.87299999999999,1.5106
115,charge,98.85,1.5138
115,discharge,0.0,1.2149259000000001
115,discharge,1.9368669,1.2125259000000002
115,discharge,3.8737338,1.2101259
115,discharge,5.8106007,1.2077259
115,discharge,7.7474676,1.2053259
115,discharge,9.6843345,1.2029259
115,discharge,11.6212014,1.2005259000000001
115,discharge,13.5580683,1.1981259
115,discharge,15.4949352,1.1957259
115,discharge,17.4318021,1.1933259
115,discharge,19.368669,1.1909259
115,discharge,21.3055359,1.1885259000000001
115,discharge,23.2424028,1.1861259
115,discharge,25.1792697,1.1837259
115,discharge,27.1161366,1.1813259
115,discharge,29.0530035,1.1789259
115,discharge,30.9898704,1.1765259000000001
115,discharge,32.9267373,1.1741259
115,discharge,34.8636042,1.1717259
115,discharge,36.8004711,1.1693259
115,discharge,38.737338,1.1669259
115,discharge,40.6742049,1.1645259000000001
115,discharge,42.6110718,1.1621259000000002
115,discharge,44.5479387,1.1597259
115,discharge,46.4848056,1.1573259
115,discharge,48.4216725,1.1549259
115,discharge,50.3585394,1.1525259
115,discharge,52.2954063,1.1501259000000001
115,discharge,54.2322732,1.1477259
115,discharge,56.16914009999999,1.1453259
115,discharge,58.106007,1.1429259
115,discharge,60.0428739,1.1405259
115,discharge,61.9797408,1.1381259000000001
115,discharge,63.9166077,1.1357259
115,discharge,65.8534746,1.1333259
115,discharge,67.79034150000001,1.1309259
115,discharge,69.7272084,1.1285259
115,discharge,71.6640753,1.1261259000000001
115,discharge,73.6009422,1.1237259000000002
115,discharge,75.5378091,1.1213259
115,discharge,77.474676,1.1189259
115,discharge,79.4115429,1.1165259
115,discharge,81.3484098,1.1141259000000001
115,discharge,83.2852767,1.1117259000000002
115,discharge,85.2221436,1.1093259
115,discharge,87.15901050000001,1.1069259
115,discharge,89.0958774,1.1045259
115,discharge,91.0327443,1.1021259
115,discharge,92.9696112,1.0997259000000001
115,discharge,94.9064781,1.0973259
115,discharge,96.843345,1.0949259
116,charge,0.0,1.3539199999999998
116,charge,1.9768000000000001,1.3571199999999999
116,charge,3.9536000000000002,1.3603199999999998
116,charge,5.9304,1.3635199999999998
116,charge,7.9072000000000005,1.36672
116,charge,9.884,1.3699199999999998
116,charge,11.8608,1.37312
116,charge,13.837600000000002,1.3763199999999998
116,charge,15.814400000000001,1.3795199999999999
116,charge,17.7912,1.38272
116,charge,19.768,1.3859199999999998
116,charge,21.7448,1.38912
116,charge,23.7216,1.3923199999999998
116,charge,25.698400000000003,1.3955199999999999
116,charge,27.675200000000004,1.39872
116,charge,29.652,1.4019199999999998
116,charge,31.628800000000002,1.40512
116,charge,33.6056,1.4083199999999998
116,charge,35.5824,1.4115199999999999
116,charge,37.559200000000004,1.4147199999999998
116,charge,39.536,1.4179199999999998
116,charge,41.5128,1.42112
116,charge,43.4896,1.4243199999999998
116,charge,45.4664,1.42752
116,charge,47.4432,1.4307199999999998
116,charge,49.42,1.4339199999999999
116,charge,51.396800000000006,1.43712
116,charge,53.3736,1.4403199999999998
116,charge,55.35040000000001,1.44352
116,charge,57.3272,1.4467199999999998
116,charge,59.304,1.4499199999999999
116,charge,61.2808,1.45312
116,charge,63.257600000000004,1.4563199999999998
116,charge,65.23440000000001,1.45952
116,charge,67.2112,1.4627199999999998
116,charge,69.188,1.46592
116,charge,71.1648,1.4691199999999998
116,charge,73.1416,1.4723199999999999
116,charge,75.11840000000001,1.47552
116,charge,77.0952,1.4787199999999998
116,charge,79.072,1.48192
116,charge,81.04880000000001,1.4851199999999998
116,charge,83.0256,1.4883199999999999
116,charge,85.00240000000001,1.49152
116,charge,86.9792,1.4947199999999998
116,charge,88.956,1.49792
116,charge,90.9328,1.5011199999999998
116,charge,92.90960000000001,1.5043199999999999
116,charge,94.8864,1.50752
116,charge,96.8632,1.5107199999999998
116,charge,98.84,1.51392
116,discharge,0.0,1.214592384
116,discharge,1.936631424,1.212192384
116,discharge,3.873262848,1.2097923839999998
116,discharge,5.809894271999999,1.2073923839999998
116,discharge,7.746525696,1.2049923839999999
116,discharge,9.68315712,1.202592384
116,discharge,11.619788543999999,1.200192384
116,discharge,13.556419968000002,1.1977923839999998
116,discharge,15.493051392,1.1953923839999998
116,discharge,17.429682816,1.1929923839999999
116,discharge,19.36631424,1.190592384
116,discharge,21.302945664,1.188192384
116,discharge,23.239577087999997,1.1857923839999998
116,discharge,25.176208512000002,1.1833923839999998
116,discharge,27.112839936000004,1.1809923839999998
116,discharge,29.04947136,1.1785923839999999
116,discharge,30.986102784,1.176192384
116,discharge,32.922734208,1.173792384
116,discharge,34.859365632,1.1713923839999998
116,discharge,36.795997056,1.1689923839999998
116,discharge,38.73262848,1.1665923839999999
116,discharge,40.669259904,1.164192384
116,discharge,42.605891328,1.161792384
116,discharge,44.542522752,1.1593923839999998
116,discharge,46.479154175999994,1.1569923839999998
116,discharge,48.4157856,1.1545923839999999
116,discharge,50.352417024000005,1.152192384
116,discharge,52.289048448,1.149792384
116,discharge,54.22567987200001,1.1473923839999998
116,discharge,56.162311296,1.1449923839999998
116,discharge,58.09894272,1.1425923839999998
116,discharge,60.035574144,1.140192384
116,discharge,61.972205568,1.137792384
116,discharge,63.908836992000005,1.1353923839999998
116,discharge,65.845468416,1.1329923839999998
116,discharge,67.78209984,1.1305923839999998
116,discharge,69.718731264,1.1281923839999999
116,discharge,71.655362688,1.125792384
116,discharge,73.591994112,1.123392384
116,discharge,75.528625536,1.1209923839999998
116,discharge,77.46525696,1.1185923839999998
116,discharge,79.401888384,1.1161923839999999
116,discharge,81.338519808,1.113792384
116,discharge,83.275151232,1.111392384
116,discharge,85.211782656,1.1089923839999998
116,discharge,87.14841408,1.1065923839999998
116,discharge,89.085045504,1.1041923839999999
116,discharge,91.021676928,1.101792384
116,discharge,92.95830835199999,1.099392384
116,discharge,94.894939776,1.0969923839999998
116,discharge,96.8315712,1.0945923839999998
117,charge,0.0,1.35404
117,charge,1.9766,1.35724
117,charge,3.9532,1.36044
117,charge,5.929799999999999,1.36364
117,charge,7.9064,1.36684
117,charge,9.883000000000001,1.37004
117,charge,11.859599999999999,1.37324
117,charge,13.836200000000002,1.3764399999999999
117,charge,15.8128,1.37964
117,charge,17.7894,1.38284
117,charge,19.766000000000002,1.38604
117,charge,21.7426,1.38924
117,charge,23.719199999999997,1.39244
117,charge,25.695800000000002,1.39564
117,charge,27.672400000000003,1.39884
117,charge,29.648999999999997,1.40204
117,charge,31.6256,1.40524
117,charge,33.6022,1.40844
117,charge,35.5788,1.41164
117,charge,37.5554,1.4148399999999999
117,charge,39.532000000000004,1.41804
117,charge,41.5086,1.42124
117,charge,43.4852,1.42444
117,charge,45.461800000000004,1.42764
117,charge,47.438399999999994,1.43084
117,charge,49.415,1.43404
117,charge,51.391600000000004,1.43724
117,charge,53.3682,1.44044
117,charge,55.344800000000006,1.44364
117,charge,57.3214,1.44684
117,charge,59.297999999999995,1.45004
117,charge,61.2746,1.45324
117,charge,63.2512,1.45644
117,charge,65.2278,1.45964
117,charge,67.2044,1.46284
117,charge,69.18100000000001,1.46604
117,charge,71.1576,1.4692399999999999
117,charge,73.13419999999999,1.47244
117,charge,75.1108,1.47564
117,charge,77.0874,1.47884
117,charge,79.06400000000001,1.48204
117,charge,81.0406,1.48524
117,charge,83.0172,1.48844
117,charge,84.9938,1.49164
117,charge,86.9704,1.49484
117,charge,88.947,1.49804
117,charge,90.92360000000001,1.50124
117,charge,92.9002,1.50444
117,charge,94.87679999999999,1.5076399999999999
117,charge,96.8534,1.51084
117,charge,98.83,1.51404
117,discharge,0.0,1.214258796
117,discharge,1.936395956,1.211858796
117,discharge,3.872791912,1.2094587959999998
117,discharge,5.8091878679999995,1.2070587959999999
117,discharge,7.745583824,1.204658796
117,discharge,9.681979779999999,1.202258796
117,discharge,11.618375735999999,1.199858796
117,discharge,13.554771692,1.1974587959999998
117,discharge,15.491167648,1.1950587959999999
117,discharge,17.427563603999996,1.192658796
117,discharge,19.363959559999998,1.190258796
117,discharge,21.300355515999996,1.187858796
117,discharge,23.236751471999998,1.1854587959999998
117,discharge,25.173147427999996,1.1830587959999999
117,discharge,27.109543384,1.180658796
117,discharge,29.045939339999997,1.178258796
117,discharge,30.982335296,1.175858796
117,discharge,32.918731252,1.1734587959999998
117,discharge,34.85512720799999,1.1710587959999998
117,discharge,36.791523164,1.1686587959999999
117,discharge,38.727919119999996,1.166258796
117,discharge,40.664315075999994,1.163858796
117,discharge,42.60071103199999,1.161458796
117,discharge,44.537106988,1.1590587959999998
117,discharge,46.473502943999996,1.1566587959999999
117,discharge,48.409898899999995,1.154258796
117,discharge,50.34629485599999,1.151858796
117,discharge,52.282690812,1.149458796
117,discharge,54.219086768,1.1470587959999998
117,discharge,56.15548272399999,1.1446587959999999
117,discharge,58.09187867999999,1.142258796
117,discharge,60.02827463599999,1.139858796
117,discharge,61.964670592,1.137458796
117,discharge,63.901066547999996,1.1350587959999998
117,discharge,65.837462504,1.1326587959999999
117,discharge,67.77385846,1.130258796
117,discharge,69.71025441599998,1.127858796
117,discharge,71.646650372,1.125458796
117,discharge,73.583046328,1.123058796
117,discharge,75.519442284,1.1206587959999998
117,discharge,77.45583823999999,1.1182587959999999
117,discharge,79.392234196,1.115858796
117,discharge,81.32863015199999,1.113458796
117,discharge,83.26502610799999,1.111058796
117,discharge,85.20142206399998,1.1086587959999998
117,discharge,87.13781802,1.1062587959999999
117,discharge,89.074213976,1.103858796
117,discharge,91.010609932,1.101458796
117,discharge,92.94700588799999,1.099058796
117,discharge,94.88340184399999,1.0966587959999998
117,discharge,96.81979779999999,1.0942587959999999
118,charge,0.0,1.3541599999999998
118,charge,1.9764,1.35736
118,charge,3.9528,1.36056
118,charge,5.9292,1.3637599999999999
118,charge,7.9056,1.36696
118,charge,9.882,1.3701599999999998
118,charge,11.8584,1.37336
118,charge,13.8348,1.3765599999999998
118,charge,15.8112,1.3797599999999999
118,charge,17.787599999999998,1.38296
118,charge,19.764,1.3861599999999998
118,charge,21.740399999999998,1.38936
118,charge,23.7168,1.3925599999999998
118,charge,25.693199999999997,1.39576
118,charge,27.6696,1.39896
118,charge,29.645999999999997,1.4021599999999999
118,charge,31.6224,1.40536
118,charge,33.5988,1.4085599999999998
118,charge,35.575199999999995,1.41176
118,charge,37.5516,1.4149599999999998
118,charge,39.528,1.4181599999999999
118,charge,41.5044,1.42136
118,charge,43.480799999999995,1.4245599999999998
118,charge,45.4572,1.42776
118,charge,47.4336,1.4309599999999998
118,charge,49.41,1.4341599999999999
118,charge,51.386399999999995,1.43736
118,charge,53.3628,1.4405599999999998
118,charge,55.3392,1.44376
118,charge,57.31559999999999,1.4469599999999998
118,charge,59.291999999999994,1.45016
118,charge,61.26839999999999,1.45336
118,charge,63.2448,1.4565599999999999
118,charge,65.2212,1.45976
118,charge,67.1976,1.4629599999999998
118,charge,69.174,1.46616
118,charge,71.15039999999999,1.4693599999999998
118,charge,73.12679999999999,1.4725599999999999
118,charge,75.1032,1.47576
118,charge,77.0796,1.4789599999999998
118,charge,79.056,1.48216
118,charge,81.0324,1.4853599999999998
118,charge,83.0088,1.4885599999999999
118,charge,84.98519999999999,1.49176
118,charge,86.96159999999999,1.4949599999999998
118,charge,88.938,1.49816
118,charge,90.9144,1.5013599999999998
118,charge,92.8908,1.50456
118,charge,94.8672,1.5077599999999998
118,charge,96.8436,1.5109599999999999
118,charge,98.82,1.51416
118,discharge,0.0,1.2139251359999998
118,discharge,1.9361604959999996,1.211525136
118,discharge,3.8723209919999992,1.2091251359999997
118,discharge,5.808481487999999,1.2067251359999998
118,discharge,7.7446419839999985,1.2043251359999998
118,discharge,9.680802479999999,1.2019251359999998
118,discharge,11.616962975999998,1.1995251359999999
118,discharge,13.553123472,1.1971251359999997
118,discharge,15.489283967999997,1.1947251359999997
118,discharge,17.425444463999998,1.1923251359999998
118,discharge,19.361604959999998,1.1899251359999998
118,discharge,21.297765455999997,1.1875251359999999
118,discharge,23.233925951999996,1.1851251359999997
118,discharge,25.170086447999996,1.1827251359999997
118,discharge,27.106246944,1.1803251359999998
118,discharge,29.042407439999995,1.1779251359999998
118,discharge,30.978567935999994,1.1755251359999999
118,discharge,32.914728432,1.173125136
118,discharge,34.850888927999996,1.1707251359999997
118,discharge,36.787049423999996,1.1683251359999998
118,discharge,38.723209919999995,1.1659251359999998
118,discharge,40.659370415999994,1.1635251359999998
118,discharge,42.595530911999994,1.161125136
118,discharge,44.53169140799999,1.1587251359999997
118,discharge,46.46785190399999,1.1563251359999998
118,discharge,48.40401239999999,1.1539251359999998
118,discharge,50.34017289599999,1.1515251359999998
118,discharge,52.276333392,1.1491251359999999
118,discharge,54.212493888,1.1467251359999997
118,discharge,56.14865438399999,1.1443251359999997
118,discharge,58.08481487999999,1.1419251359999998
118,discharge,60.02097537599999,1.1395251359999998
118,discharge,61.95713587199999,1.1371251359999999
118,discharge,63.893296367999994,1.1347251359999997
118,discharge,65.829456864,1.1323251359999997
118,discharge,67.76561736,1.1299251359999998
118,discharge,69.70177785599999,1.1275251359999998
118,discharge,71.63793835199999,1.1251251359999999
118,discharge,73.57409884799999,1.122725136
118,discharge,75.51025934399999,1.1203251359999997
118,discharge,77.44641983999999,1.1179251359999998
118,discharge,79.38258033599999,1.1155251359999998
118,discharge,81.31874083199999,1.1131251359999998
118,discharge,83.25490132799999,1.110725136
118,discharge,85.19106182399999,1.1083251359999997
118,discharge,87.12722231999999,1.1059251359999998
118,discharge,89.06338281599999,1.1035251359999998
118,discharge,90.99954331199999,1.1011251359999998
118,discharge,92.93570380799999,1.0987251359999999
118,discharge,94.87186430399998,1.0963251359999997
118,discharge,96.80802479999998,1.0939251359999997
119,charge,0.0,1.35428
119,charge,1.9762000000000002,1.35748
119,charge,3.9524000000000004,1.36068
119,charge,5.9286,1.36388
119,charge,7.904800000000001,1.36708
119,charge,9.881,1.37028
119,charge,11.8572,1.37348
119,charge,13.833400000000001,1.37668
119,charge,15.809600000000001,1.37988
119,charge,17.7858,1.38308
119,charge,19.762,1.38628
119,charge,21.7382,1.38948
119,charge,23.7144,1.39268
119,charge,25.6906,1.39588
119,charge,27.666800000000002,1.39908
119,charge,29.643,1.40228
119,charge,31.619200000000003,1.40548
119,charge,33.595400000000005,1.40868
119,charge,35.5716,1.41188
119,charge,37.5478,1.41508
119,charge,39.524,1.41828
119,charge,41.5002,1.42148
119,charge,43.4764,1.42468
119,charge,45.452600000000004,1.42788
119,charge,47.4288,1.43108
119,charge,49.405,1.43428
119,charge,51.3812,1.43748
119,charge,53.357400000000005,1.44068
119,charge,55.333600000000004,1.44388
119,charge,57.309799999999996,1.44708
119,charge,59.286,1.45028
119,charge,61.2622,1.45348
119,charge,63.238400000000006,1.45668
119,charge,65.2146,1.45988
119,charge,67.19080000000001,1.46308
119,charge,69.167,1.46628
119,charge,71.1432,1.46948
119,charge,73.1194,1.47268
119,charge,75.0956,1.47588
119,charge,77.07180000000001,1.47908
119,charge,79.048,1.48228
119,charge,81.02420000000001,1.48548
119,charge,83.0004,1.48868
119,charge,84.9766,1.49188
119,charge,86.9528,1.49508
119,charge,88.929,1.49828
119,charge,90.90520000000001,1.50148
119,charge,92.88140000000001,1.50468
119,charge,94.8576,1.50788
119,charge,96.8338,1.51108
119,charge,98.81,1.51428
119,discharge,0.0,1.213591404
119,discharge,1.935925044,1.211191404
119,discharge,3.871850088,1.2087914039999998
119,discharge,5.807775132,1.206391404
119,discharge,7.743700176,1.203991404
119,discharge,9.67962522,1.201591404
119,discharge,11.615550264,1.199191404
119,discharge,13.551475308,1.1967914039999998
119,discharge,15.487400352,1.1943914039999999
119,discharge,17.423325396,1.191991404
119,discharge,19.35925044,1.189591404
119,discharge,21.295175484,1.187191404
119,discharge,23.231100528,1.1847914039999998
119,discharge,25.167025572,1.1823914039999999
119,discharge,27.102950616,1.179991404
119,discharge,29.03887566,1.177591404
119,discharge,30.974800704,1.175191404
119,discharge,32.910725748000004,1.1727914039999998
119,discharge,34.846650792,1.1703914039999999
119,discharge,36.782575836,1.167991404
119,discharge,38.71850088,1.165591404
119,discharge,40.654425923999995,1.163191404
119,discharge,42.590350968,1.160791404
119,discharge,44.526276012000004,1.1583914039999998
119,discharge,46.462201056,1.155991404
119,discharge,48.3981261,1.153591404
119,discharge,50.334051144,1.151191404
119,discharge,52.269976188,1.148791404
119,discharge,54.205901232,1.1463914039999998
119,discharge,56.141826275999996,1.1439914039999999
119,discharge,58.07775132,1.141591404
119,discharge,60.013676364,1.139191404
119,discharge,61.949601408,1.136791404
119,discharge,63.885526452,1.1343914039999998
119,discharge,65.82145149600001,1.1319914039999999
119,discharge,67.75737654000001,1.129591404
119,discharge,69.693301584,1.127191404
119,discharge,71.629226628,1.124791404
119,discharge,73.565151672,1.122391404
119,discharge,75.501076716,1.1199914039999999
119,discharge,77.43700176,1.117591404
119,discharge,79.372926804,1.115191404
119,discharge,81.30885184799999,1.112791404
119,discharge,83.24477689199999,1.110391404
119,discharge,85.180701936,1.1079914039999998
119,discharge,87.11662698,1.1055914039999999
119,discharge,89.05255202400001,1.103191404
119,discharge,90.98847706800001,1.100791404
119,discharge,92.924402112,1.098391404
119,discharge,94.860327156,1.0959914039999998
119,discharge,96.7962522,1.0935914039999999
120,charge,0.0,1.3543999999999998
120,charge,1.976,1.3576
120,charge,3.952,1.3607999999999998
120,charge,5.928,1.3639999999999999
120,charge,7.904,1.3672
120,charge,9.88,1.3703999999999998
120,charge,11.856,1.3736
120,charge,13.832,1.3767999999999998
120,charge,15.808,1.38
120,charge,17.784,1.3832
120,charge,19.76,1.3863999999999999
120,charge,21.736,1.3896
120,charge,23.712,1.3927999999999998
120,charge,25.688,1.396
120,charge,27.664,1.3992
120,charge,29.639999999999997,1.4023999999999999
120,charge,31.616,1.4056
120,charge,33.592,1.4087999999999998
120,charge,35.568,1.412
120,charge,37.544,1.4151999999999998
120,charge,39.52,1.4183999999999999
120,charge,41.495999999999995,1.4216
120,charge,43.472,1.4247999999999998
120,charge,45.448,1.428
120,charge,47.424,1.4311999999999998
120,charge,49.4,1.4344
120,charge,51.376,1.4376
120,charge,53.352000000000004,1.4407999999999999
120,charge,55.328,1.444
120,charge,57.303999999999995,1.4471999999999998
120,charge,59.279999999999994,1.4504
120,charge,61.256,1.4536
120,charge,63.232,1.4567999999999999
120,charge,65.208,1.46
120,charge,67.184,1.4631999999999998
120,charge,69.16000000000001,1.4664
120,charge,71.136,1.4695999999999998
120,charge,73.112,1.4727999999999999
120,charge,75.088,1.476
120,charge,77.06400000000001,1.4791999999999998
120,charge,79.04,1.4824
120,charge,81.016,1.4855999999999998
120,charge,82.99199999999999,1.4888
120,charge,84.96799999999999,1.492
120,charge,86.944,1.4951999999999999
120,charge,88.92,1.4984
120,charge,90.896,1.5015999999999998
120,charge,92.872,1.5048
120,charge,94.848,1.508
120,charge,96.824,1.5111999999999999
120,charge,98.8,1.5144
120,discharge,0.0,1.2132576
120,discharge,1.9356896000000001,1.2108576
120,discharge,3.8713792000000002,1.2084575999999998
120,discharge,5.8070688,1.2060575999999998
120,discharge,7.7427584000000005,1.2036575999999999
120,discharge,9.678448000000001,1.2012576
120,discharge,11.6141376,1.1988576
120,discharge,13.549827200000001,1.1964575999999998
120,discharge,15.485516800000001,1.1940575999999998
120,discharge,17.4212064,1.1916575999999999
120,discharge,19.356896000000003,1.1892576
120,discharge,21.2925856,1.1868576
120,discharge,23.2282752,1.1844575999999998
120,discharge,25.163964800000002,1.1820575999999998
120,discharge,27.099654400000002,1.1796575999999999
120,discharge,29.035344,1.1772576
120,discharge,30.971033600000002,1.1748576
120,discharge,32.9067232,1.1724576
120,discharge,34.8424128,1.1700575999999998
120,discharge,36.7781024,1.1676575999999999
120,discharge,38.713792000000005,1.1652576
120,discharge,40.6494816,1.1628576
120,discharge,42.5851712,1.1604576
120,discharge,44.5208608,1.1580575999999998
120,discharge,46.4565504,1.1556575999999998
120,discharge,48.39224,1.1532575999999999
120,discharge,50.327929600000004,1.1508576
120,discharge,52.26361920000001,1.1484576
120,discharge,54.199308800000004,1.1460575999999998
120,discharge,56.1349984,1.1436575999999998
120,discharge,58.070688,1.1412575999999999
120,discharge,60.0063776,1.1388576
120,discharge,61.942067200000004,1.1364576
120,discharge,63.87775680000001,1.1340575999999998
120,discharge,65.8134464,1.1316575999999998
120,discharge,67.74913600000001,1.1292575999999999
120,discharge,69.6848256,1.1268576
120,discharge,71.6205152,1.1244576
120,discharge,73.5562048,1.1220576
120,discharge,75.4918944,1.1196575999999998
120,discharge,77.42758400000001,1.1172575999999999
120,discharge,79.36327360000001,1.1148576
120,discharge,81.2989632,1.1124576
120,discharge,83.2346528,1.1100576
120,discharge,85.1703424,1.1076575999999998
120,discharge,87.106032,1.1052575999999998
120,discharge,89.0417216,1.1028575999999999
120,discharge,90.9774112,1.1004576
120,discharge,92.9131008,1.0980576
120,discharge,94.8487904,1.0956575999999998
120,discharge,96.78448,1.0932575999999998
121,charge,0.0,1.35452
121,charge,1.9758000000000002,1.35772
121,charge,3.9516000000000004,1.3609200000000001
121,charge,5.9274000000000004,1.36412
121,charge,7.903200000000001,1.36732
121,charge,9.879000000000001,1.37052
121,charge,11.854800000000001,1.37372
121,charge,13.830600000000002,1.37692
121,charge,15.806400000000002,1.38012
121,charge,17.7822,1.38332
121,charge,19.758000000000003,1.38652
121,charge,21.733800000000002,1.38972
121,charge,23.709600000000002,1.39292
121,charge,25.6854,1.39612
121,charge,27.661200000000004,1.3993200000000001
121,charge,29.637,1.40252
121,charge,31.612800000000004,1.40572
121,charge,33.58860000000001,1.40892
121,charge,35.5644,1.41212
121,charge,37.540200000000006,1.41532
121,charge,39.516000000000005,1.41852
121,charge,41.4918,1.42172
121,charge,43.467600000000004,1.42492
121,charge,45.443400000000004,1.42812
121,charge,47.419200000000004,1.43132
121,charge,49.395,1.43452
121,charge,51.3708,1.43772
121,charge,53.34660000000001,1.44092
121,charge,55.32240000000001,1.44412
121,charge,57.2982,1.44732
121,charge,59.274,1.45052
121,charge,61.2498,1.4537200000000001
121,charge,63.22560000000001,1.45692
121,charge,65.2014,1.46012
121,charge,67.17720000000001,1.46332
121,charge,69.153,1.46652
121,charge,71.1288,1.46972
121,charge,73.1046,1.47292
121,charge,75.08040000000001,1.47612
121,charge,77.0562,1.47932
121,charge,79.03200000000001,1.48252
121,charge,81.00780000000002,1.48572
121,charge,82.9836,1.48892
121,charge,84.9594,1.4921200000000001
121,charge,86.93520000000001,1.49532
121,charge,88.911,1.49852
121,charge,90.88680000000001,1.50172
121,charge,92.86260000000001,1.50492
121,charge,94.83840000000001,1.50812
121,charge,96.8142,1.51132
121,charge,98.79,1.51452
121,discharge,0.0,1.212923724
121,discharge,1.9354541640000003,1.210523724
121,discharge,3.8709083280000005,1.2081237239999998
121,discharge,5.806362492000001,1.2057237239999998
121,discharge,7.741816656000001,1.2033237239999999
121,discharge,9.677270820000002,1.200923724
121,discharge,11.612724984000002,1.198523724
121,discharge,13.548179148000003,1.1961237239999998
121,discharge,15.483633312000002,1.1937237239999998
121,discharge,17.419087476,1.1913237239999999
121,discharge,19.354541640000004,1.188923724
121,discharge,21.289995804000004,1.186523724
121,discharge,23.225449968000003,1.1841237239999998
121,discharge,25.160904132000002,1.1817237239999998
121,discharge,27.096358296000005,1.1793237239999999
121,discharge,29.03181246,1.176923724
121,discharge,30.967266624000004,1.174523724
121,discharge,32.902720788,1.172123724
121,discharge,34.838174952,1.1697237239999998
121,discharge,36.773629116,1.1673237239999998
121,discharge,38.70908328000001,1.1649237239999999
121,discharge,40.644537444,1.162523724
121,discharge,42.57999160800001,1.160123724
121,discharge,44.51544577200001,1.1577237239999998
121,discharge,46.450899936000006,1.1553237239999998
121,discharge,48.386354100000005,1.1529237239999999
121,discharge,50.321808264000005,1.150523724
121,discharge,52.25726242800001,1.148123724
121,discharge,54.19271659200001,1.1457237239999998
121,discharge,56.128170756,1.1433237239999998
121,discharge,58.06362492,1.1409237239999999
121,discharge,59.99907908400001,1.138523724
121,discharge,61.93453324800001,1.136123724
121,discharge,63.86998741200001,1.1337237239999998
121,discharge,65.805441576,1.1313237239999998
121,discharge,67.74089574000001,1.1289237239999999
121,discharge,69.676349904,1.126523724
121,discharge,71.61180406800001,1.124123724
121,discharge,73.547258232,1.121723724
121,discharge,75.48271239600001,1.1193237239999998
121,discharge,77.41816656000002,1.1169237239999998
121,discharge,79.35362072400001,1.1145237239999999
121,discharge,81.289074888,1.112123724
121,discharge,83.22452905200001,1.109723724
121,discharge,85.15998321600001,1.1073237239999998
121,discharge,87.09543738,1.1049237239999998
121,discharge,89.03089154400001,1.1025237239999999
121,discharge,90.96634570800002,1.100123724
121,discharge,92.90179987200001,1.097723724
121,discharge,94.837254036,1.0953237239999998
121,discharge,96.77270820000001,1.0929237239999998
122,charge,0.0,1.3546399999999998
122,charge,1.9756,1.35784
122,charge,3.9512,1.36104
122,charge,5.9268,1.36424
122,charge,7.9024,1.36744
122,charge,9.878,1.3706399999999999
122,charge,11.8536,1.37384
122,charge,13.829200000000002,1.3770399999999998
122,charge,15.8048,1.38024
122,charge,17.7804,1.38344
122,charge,19.756,1.3866399999999999
122,charge,21.7316,1.38984
122,charge,23.7072,1.3930399999999998
122,charge,25.6828,1.39624
122,charge,27.658400000000004,1.39944
122,charge,29.634,1.4026399999999999
122,charge,31.6096,1.40584
122,charge,33.5852,1.4090399999999998
122,charge,35.5608,1.41224
122,charge,37.5364,1.4154399999999998
122,charge,39.512,1.41864
122,charge,41.4876,1.42184
122,charge,43.4632,1.4250399999999999
122,charge,45.4388,1.42824
122,charge,47.4144,1.4314399999999998
122,charge,49.39,1.43464
122,charge,51.3656,1.43784
122,charge,53.3412,1.4410399999999999
122,charge,55.31680000000001,1.44424
122,charge,57.292399999999994,1.4474399999999998
122,charge,59.268,1.45064
122,charge,61.2436,1.45384
122,charge,63.2192,1.45704
122,charge,65.1948,1.46024
122,charge,67.1704,1.4634399999999999
122,charge,69.146,1.46664
122,charge,71.1216,1.4698399999999998
122,charge,73.0972,1.47304
122,charge,75.0728,1.47624
122,charge,77.0484,1.4794399999999999
122,charge,79.024,1.48264
122,charge,80.9996,1.4858399999999998
122,charge,82.9752,1.48904
122,charge,84.9508,1.49224
122,charge,86.9264,1.4954399999999999
122,charge,88.902,1.49864
122,charge,90.8776,1.5018399999999998
122,charge,92.8532,1.50504
122,charge,94.8288,1.5082399999999998
122,charge,96.8044,1.51144
122,charge,98.78,1.51464
122,discharge,0.0,1.212589776
122,discharge,1.935218736,1.210189776
122,discharge,3.870437472,1.2077897759999998
122,discharge,5.805656207999999,1.2053897759999999
122,discharge,7.740874944,1.202989776
122,discharge,9.676093680000001,1.200589776
122,discharge,11.611312415999999,1.198189776
122,discharge,13.546531152,1.1957897759999998
122,discharge,15.481749888,1.1933897759999998
122,discharge,17.416968624,1.1909897759999999
122,discharge,19.352187360000002,1.188589776
122,discharge,21.287406095999998,1.186189776
122,discharge,23.222624831999997,1.1837897759999998
122,discharge,25.157843568,1.1813897759999998
122,discharge,27.093062304,1.1789897759999999
122,discharge,29.028281039999996,1.176589776
122,discharge,30.963499776,1.174189776
122,discharge,32.898718512,1.1717897759999998
122,discharge,34.833937248,1.1693897759999998
122,discharge,36.769155984,1.1669897759999999
122,discharge,38.704374720000004,1.164589776
122,discharge,40.639593456,1.162189776
122,discharge,42.574812191999996,1.159789776
122,discharge,44.510030928,1.1573897759999998
122,discharge,46.445249663999995,1.1549897759999999
122,discharge,48.3804684,1.152589776
122,discharge,50.315687136,1.150189776
122,discharge,52.250905872000004,1.147789776
122,discharge,54.186124608,1.1453897759999998
122,discharge,56.121343343999996,1.1429897759999998
122,discharge,58.05656207999999,1.1405897759999999
122,discharge,59.991780815999995,1.138189776
122,discharge,61.926999552,1.135789776
122,discharge,63.862218288,1.1333897759999998
122,discharge,65.797437024,1.1309897759999998
122,discharge,67.73265576,1.1285897759999999
122,discharge,69.667874496,1.126189776
122,discharge,71.60309323199999,1.123789776
122,discharge,73.538311968,1.121389776
122,discharge,75.473530704,1.1189897759999998
122,discharge,77.40874944000001,1.1165897759999999
122,discharge,79.343968176,1.114189776
122,discharge,81.279186912,1.111789776
122,discharge,83.214405648,1.109389776
122,discharge,85.14962438399999,1.1069897759999998
122,discharge,87.08484312,1.1045897759999999
122,discharge,89.020061856,1.102189776
122,discharge,90.95528059200001,1.099789776
122,discharge,92.89049932799999,1.097389776
122,discharge,94.825718064,1.0949897759999998
122,discharge,96.7609368,1.0925897759999998
123,charge,0.0,1.35476
123,charge,1.9754,1.35796
123,charge,3.9508,1.36116
123,charge,5.9262,1.36436
123,charge,7.9016,1.36756
123,charge,9.877,1.37076
123,charge,11.8524,1.37396
123,charge,13.827800000000002,1.37716
123,charge,15.8032,1.38036
123,charge,17.778599999999997,1.3835600000000001
123,charge,19.754,1.38676
123,charge,21.7294,1.38996
123,charge,23.7048,1.39316
123,charge,25.6802,1.39636
123,charge,27.655600000000003,1.3995600000000001
123,charge,29.630999999999997,1.40276
123,charge,31.6064,1.40596
123,charge,33.5818,1.40916
123,charge,35.557199999999995,1.41236
123,charge,37.5326,1.41556
123,charge,39.508,1.41876
123,charge,41.483399999999996,1.4219600000000001
123,charge,43.4588,1.42516
123,charge,45.4342,1.42836
123,charge,47.4096,1.43156
123,charge,49.385,1.43476
123,charge,51.3604,1.4379600000000001
123,charge,53.3358,1.44116
123,charge,55.31120000000001,1.44436
123,charge,57.28659999999999,1.44756
123,charge,59.26199999999999,1.45076
123,charge,61.237399999999994,1.4539600000000001
123,charge,63.2128,1.45716
123,charge,65.1882,1.46036
123,charge,67.1636,1.46356
123,charge,69.13900000000001,1.46676
123,charge,71.11439999999999,1.46996
123,charge,73.0898,1.47316
123,charge,75.0652,1.4763600000000001
123,charge,77.0406,1.47956
123,charge,79.016,1.48276
123,charge,80.9914,1.48596
123,charge,82.96679999999999,1.48916
123,charge,84.9422,1.4923600000000001
123,charge,86.9176,1.49556
123,charge,88.893,1.49876
123,charge,90.8684,1.50196
123,charge,92.8438,1.50516
123,charge,94.8192,1.5083600000000001
123,charge,96.79459999999999,1.51156
123,charge,98.77,1.51476
123,discharge,0.0,1.212255756
123,discharge,1.9349833159999998,1.209855756
123,discharge,3.8699666319999997,1.2074557559999999
123,discharge,5.804949947999999,1.205055756
123,discharge,7.739933263999999,1.202655756
123,discharge,9.67491658,1.200255756
123,discharge,11.609899895999998,1.197855756
123,discharge,13.544883211999998,1.1954557559999999
123,discharge,15.479866527999999,1.193055756
123,discharge,17.414849843999995,1.190655756
123,discharge,19.34983316,1.188255756
123,discharge,21.284816475999996,1.185855756
123,discharge,23.219799791999996,1.1834557559999999
123,discharge,25.154783107999997,1.181055756
123,discharge,27.089766423999997,1.178655756
123,discharge,29.024749739999994,1.176255756
123,discharge,30.959733055999997,1.173855756
123,discharge,32.894716372,1.1714557559999998
123,discharge,34.82969968799999,1.169055756
123,discharge,36.764683004,1.166655756
123,discharge,38.69966632,1.164255756
123,discharge,40.63464963599999,1.161855756
123,discharge,42.56963295199999,1.159455756
123,discharge,44.50461626799999,1.1570557559999999
123,discharge,46.43959958399999,1.154655756
123,discharge,48.37458289999999,1.152255756
123,discharge,50.30956621599999,1.149855756
123,discharge,52.24454953199999,1.147455756
123,discharge,54.179532847999994,1.1450557559999999
123,discharge,56.11451616399999,1.142655756
123,discharge,58.04949947999999,1.140255756
123,discharge,59.98448279599999,1.137855756
123,discharge,61.919466111999995,1.135455756
123,discharge,63.854449427999995,1.1330557559999999
123,discharge,65.789432744,1.130655756
123,discharge,67.72441606,1.128255756
123,discharge,69.65939937599998,1.125855756
123,discharge,71.59438269199998,1.123455756
123,discharge,73.529366008,1.121055756
123,discharge,75.464349324,1.118655756
123,discharge,77.39933264,1.116255756
123,discharge,79.334315956,1.113855756
123,discharge,81.26929927199998,1.111455756
123,discharge,83.20428258799998,1.109055756
123,discharge,85.13926590399998,1.1066557559999999
123,discharge,87.07424921999998,1.104255756
123,discharge,89.00923253599998,1.101855756
123,discharge,90.944215852,1.099455756
123,discharge,92.87919916799999,1.097055756
123,discharge,94.81418248399999,1.0946557559999999
123,discharge,96.74916579999999,1.092255756
124,charge,0.0,1.3548799999999999
124,charge,1.9752,1.35808
124,charge,3.9504,1.3612799999999998
124,charge,5.9256,1.36448
124,charge,7.9008,1.36768
124,charge,9.876000000000001,1.3708799999999999
124,charge,11.8512,1.37408
124,charge,13.826400000000001,1.3772799999999998
124,charge,15.8016,1.38048
124,charge,17.7768,1.38368
124,charge,19.752000000000002,1.38688
124,charge,21.7272,1.39008
124,charge,23.7024,1.3932799999999999
124,charge,25.6776,1.39648
124,charge,27.652800000000003,1.39968
124,charge,29.628,1.40288
124,charge,31.6032,1.40608
124,charge,33.5784,1.4092799999999999
124,charge,35.5536,1.41248
124,charge,37.528800000000004,1.4156799999999998
124,charge,39.504000000000005,1.41888
124,charge,41.4792,1.42208
124,charge,43.4544,1.4252799999999999
124,charge,45.42960000000001,1.42848
124,charge,47.4048,1.4316799999999998
124,charge,49.38,1.43488
124,charge,51.3552,1.43808
124,charge,53.330400000000004,1.44128
124,charge,55.305600000000005,1.44448
124,charge,57.2808,1.4476799999999999
124,charge,59.256,1.45088
124,charge,61.2312,1.45408
124,charge,63.2064,1.45728
124,charge,65.1816,1.46048
124,charge,67.1568,1.4636799999999999
124,charge,69.132,1.46688
124,charge,71.1072,1.4700799999999998
124,charge,73.0824,1.47328
124,charge,75.05760000000001,1.47648
124,charge,77.03280000000001,1.4796799999999999
124,charge,79.00800000000001,1.48288
124,charge,80.98320000000001,1.4860799999999998
124,charge,82.9584,1.48928
124,charge,84.9336,1.49248
124,charge,86.9088,1.49568
124,charge,88.884,1.49888
124,charge,90.85920000000002,1.5020799999999999
124,charge,92.83440000000002,1.50528
124,charge,94.8096,1.50848
124,charge,96.7848,1.51168
124,charge,98.76,1.51488
124,discharge,0.0,1.211921664
124,discharge,1.934747904,1.209521664
124,discharge,3.869495808,1.2071216639999998
124,discharge,5.804243712,1.2047216639999998
124,discharge,7.738991616,1.2023216639999998
124,discharge,9.67373952,1.1999216639999999
124,discharge,11.608487424,1.197521664
124,discharge,13.543235328,1.1951216639999998
124,discharge,15.477983232,1.1927216639999998
124,discharge,17.412731135999998,1.1903216639999998
124,discharge,19.34747904,1.1879216639999999
124,discharge,21.282226943999998,1.185521664
124,discharge,23.216974848,1.1831216639999997
124,discharge,25.151722751999998,1.1807216639999998
124,discharge,27.086470656,1.1783216639999998
124,discharge,29.021218559999998,1.1759216639999999
124,discharge,30.955966464,1.173521664
124,discharge,32.890714368,1.1711216639999997
124,discharge,34.825462271999996,1.1687216639999998
124,discharge,36.760210176,1.1663216639999998
124,discharge,38.69495808,1.1639216639999999
124,discharge,40.629705984,1.161521664
124,discharge,42.564453887999996,1.159121664
124,discharge,44.499201792,1.1567216639999998
124,discharge,46.433949696,1.1543216639999998
124,discharge,48.3686976,1.1519216639999998
124,discharge,50.303445503999995,1.1495216639999999
124,discharge,52.238193408,1.147121664
124,discharge,54.172941312,1.1447216639999998
124,discharge,56.10768921599999,1.1423216639999998
124,discharge,58.042437119999995,1.1399216639999998
124,discharge,59.97718502399999,1.1375216639999999
124,discharge,61.911932928,1.135121664
124,discharge,63.846680832,1.1327216639999997
124,discharge,65.781428736,1.1303216639999998
124,discharge,67.71617664,1.1279216639999998
124,discharge,69.65092454399999,1.1255216639999999
124,discharge,71.585672448,1.123121664
124,discharge,73.520420352,1.120721664
124,discharge,75.455168256,1.1183216639999998
124,discharge,77.38991616,1.1159216639999998
124,discharge,79.324664064,1.1135216639999999
124,discharge,81.259411968,1.111121664
124,discharge,83.194159872,1.108721664
124,discharge,85.12890777599999,1.1063216639999998
124,discharge,87.06365568,1.1039216639999998
124,discharge,88.998403584,1.1015216639999998
124,discharge,90.93315148800001,1.0991216639999999
124,discharge,92.867899392,1.096721664
124,discharge,94.80264729599999,1.0943216639999997
124,discharge,96.7373952,1.0919216639999998
125,charge,0.0,1.3549999999999998
125,charge,1.975,1.3581999999999999
125,charge,3.95,1.3613999999999997
125,charge,5.925,1.3645999999999998
125,charge,7.9,1.3678
125,charge,9.875,1.3709999999999998
125,charge,11.85,1.3741999999999999
125,charge,13.825000000000001,1.3773999999999997
125,charge,15.8,1.3805999999999998
125,charge,17.775,1.3838
125,charge,19.75,1.3869999999999998
125,charge,21.725,1.3901999999999999
125,charge,23.7,1.3933999999999997
125,charge,25.675,1.3965999999999998
125,charge,27.650000000000002,1.3998
125,charge,29.625,1.4029999999999998
125,charge,31.6,1.4062
125,charge,33.575,1.4093999999999998
125,charge,35.55,1.4125999999999999
125,charge,37.525,1.4157999999999997
125,charge,39.5,1.4189999999999998
125,charge,41.475,1.4222
125,charge,43.45,1.4253999999999998
125,charge,45.425000000000004,1.4285999999999999
125,charge,47.4,1.4317999999999997
125,charge,49.375,1.4349999999999998
125,charge,51.35,1.4382
125,charge,53.325,1.4413999999999998
125,charge,55.300000000000004,1.4445999999999999
125,charge,57.275,1.4477999999999998
125,charge,59.25,1.4509999999999998
125,charge,61.225,1.4542
125,charge,63.2,1.4573999999999998
125,charge,65.175,1.4606
125,charge,67.15,1.4637999999999998
125,charge,69.125,1.4669999999999999
125,charge,71.1,1.4701999999999997
125,charge,73.075,1.4733999999999998
125,charge,75.05,1.4766
125,charge,77.025,1.4797999999999998
125,charge,79.0,1.4829999999999999
125,charge,80.97500000000001,1.4861999999999997
125,charge,82.95,1.4893999999999998
125,charge,84.925,1.4926
125,charge,86.9,1.4957999999999998
125,charge,88.875,1.4989999999999999
125,charge,90.85000000000001,1.5021999999999998
125,charge,92.825,1.5053999999999998
125,charge,94.8,1.5086
125,charge,96.77499999999999,1.5117999999999998
125,charge,98.75,1.515
125,discharge,0.0,1.2115874999999998
125,discharge,1.9345125000000003,1.2091874999999999
125,discharge,3.8690250000000006,1.2067874999999997
125,discharge,5.8035375,1.2043874999999997
125,discharge,7.738050000000001,1.2019874999999998
125,discharge,9.672562500000002,1.1995874999999998
125,discharge,11.607075,1.1971874999999998
125,discharge,13.541587500000002,1.1947874999999997
125,discharge,15.476100000000002,1.1923874999999997
125,discharge,17.4106125,1.1899874999999998
125,discharge,19.345125000000003,1.1875874999999998
125,discharge,21.279637500000003,1.1851874999999998
125,discharge,23.21415,1.1827874999999997
125,discharge,25.148662500000004,1.1803874999999997
125,discharge,27.083175000000004,1.1779874999999997
125,discharge,29.0176875,1.1755874999999998
125,discharge,30.952200000000005,1.1731874999999998
125,discharge,32.8867125,1.1707874999999999
125,discharge,34.821225,1.1683874999999997
125,discharge,36.7557375,1.1659874999999997
125,discharge,38.690250000000006,1.1635874999999998
125,discharge,40.6247625,1.1611874999999998
125,discharge,42.55927500000001,1.1587874999999999
125,discharge,44.4937875,1.1563874999999997
125,discharge,46.4283,1.1539874999999997
125,discharge,48.362812500000004,1.1515874999999998
125,discharge,50.29732500000001,1.1491874999999998
125,discharge,52.231837500000005,1.1467874999999998
125,discharge,54.16635000000001,1.1443874999999997
125,discharge,56.1008625,1.1419874999999997
125,discharge,58.035375,1.1395874999999998
125,discharge,59.969887500000006,1.1371874999999998
125,discharge,61.90440000000001,1.1347874999999998
125,discharge,63.838912500000006,1.1323874999999997
125,discharge,65.773425,1.1299874999999997
125,discharge,67.70793750000001,1.1275874999999997
125,discharge,69.64245,1.1251874999999998
125,discharge,71.57696250000001,1.1227874999999998
125,discharge,73.511475,1.1203874999999999
125,discharge,75.44598750000002,1.1179874999999997
125,discharge,77.38050000000001,1.1155874999999997
125,discharge,79.31501250000001,1.1131874999999998
125,discharge,81.249525,1.1107874999999998
125,discharge,83.1840375,1.1083874999999999
125,discharge,85.11855000000001,1.1059874999999997
125,discharge,87.05306250000001,1.1035874999999997
125,discharge,88.987575,1.1011874999999998
125,discharge,90.92208750000002,1.0987874999999998
125,discharge,92.8566,1.0963874999999998
125,discharge,94.79111250000001,1.0939874999999997
125,discharge,96.72562500000001,1.0915874999999997
126,charge,0.0,1.3551199999999999
126,charge,1.9747999999999999,1.35832
126,charge,3.9495999999999998,1.36152
126,charge,5.9243999999999994,1.36472
126,charge,7.8991999999999996,1.36792
126,charge,9.874,1.37112
126,charge,11.848799999999999,1.37432
126,charge,13.8236,1.3775199999999999
126,charge,15.798399999999999,1.38072
126,charge,17.7732,1.38392
126,charge,19.748,1.38712
126,charge,21.7228,1.39032
126,charge,23.697599999999998,1.3935199999999999
126,charge,25.6724,1.39672
126,charge,27.6472,1.39992
126,charge,29.621999999999996,1.40312
126,charge,31.596799999999998,1.40632
126,charge,33.571600000000004,1.4095199999999999
126,charge,35.5464,1.41272
126,charge,37.5212,1.4159199999999998
126,charge,39.496,1.41912
126,charge,41.4708,1.42232
126,charge,43.4456,1.42552
126,charge,45.4204,1.42872
126,charge,47.395199999999996,1.4319199999999999
126,charge,49.37,1.43512
126,charge,51.3448,1.43832
126,charge,53.3196,1.44152
126,charge,55.2944,1.44472
126,charge,57.26919999999999,1.4479199999999999
126,charge,59.24399999999999,1.45112
126,charge,61.218799999999995,1.45432
126,charge,63.193599999999996,1.45752
126,charge,65.1684,1.46072
126,charge,67.14320000000001,1.4639199999999999
126,charge,69.11800000000001,1.46712
126,charge,71.0928,1.4703199999999998
126,charge,73.0676,1.47352
126,charge,75.0424,1.47672
126,charge,77.0172,1.47992
126,charge,78.992,1.48312
126,charge,80.9668,1.4863199999999999
126,charge,82.9416,1.48952
126,charge,84.9164,1.49272
126,charge,86.8912,1.49592
126,charge,88.866,1.49912
126,charge,90.8408,1.5023199999999999
126,charge,92.8156,1.50552
126,charge,94.79039999999999,1.5087199999999998
126,charge,96.7652,1.51192
126,charge,98.74,1.51512
126,discharge,0.0,1.211253264
126,discharge,1.934277104,1.208853264
126,discharge,3.868554208,1.2064532639999999
126,discharge,5.8028313119999995,1.204053264
126,discharge,7.737108416,1.201653264
126,discharge,9.671385520000001,1.199253264
126,discharge,11.605662623999999,1.196853264
126,discharge,13.539939728,1.1944532639999998
126,discharge,15.474216832,1.192053264
126,discharge,17.408493936,1.189653264
126,discharge,19.342771040000002,1.187253264
126,discharge,21.277048144,1.184853264
126,discharge,23.211325247999998,1.1824532639999998
126,discharge,25.145602352,1.1800532639999999
126,discharge,27.079879456,1.177653264
126,discharge,29.014156559999996,1.175253264
126,discharge,30.948433664,1.172853264
126,discharge,32.882710768,1.1704532639999998
126,discharge,34.816987872,1.1680532639999999
126,discharge,36.751264976,1.165653264
126,discharge,38.685542080000005,1.163253264
126,discharge,40.619819184,1.160853264
126,discharge,42.554096288,1.158453264
126,discharge,44.488373392,1.1560532639999999
126,discharge,46.422650495999996,1.153653264
126,discharge,48.3569276,1.151253264
126,discharge,50.291204704,1.148853264
126,discharge,52.225481808000005,1.146453264
126,discharge,54.159758912,1.1440532639999998
126,discharge,56.094036016,1.141653264
126,discharge,58.02831311999999,1.139253264
126,discharge,59.962590223999996,1.136853264
126,discharge,61.896867328,1.134453264
126,discharge,63.831144432,1.1320532639999998
126,discharge,65.765421536,1.1296532639999999
126,discharge,67.69969864000001,1.127253264
126,discharge,69.633975744,1.124853264
126,discharge,71.568252848,1.122453264
126,discharge,73.502529952,1.120053264
126,discharge,75.436807056,1.1176532639999999
126,discharge,77.37108416000001,1.115253264
126,discharge,79.305361264,1.112853264
126,discharge,81.239638368,1.110453264
126,discharge,83.17391547199999,1.108053264
126,discharge,85.108192576,1.1056532639999999
126,discharge,87.04246968,1.103253264
126,discharge,88.976746784,1.100853264
126,discharge,90.911023888,1.098453264
126,discharge,92.84530099199999,1.096053264
126,discharge,94.779578096,1.0936532639999998
126,discharge,96.7138552,1.091253264
127,charge,0.0,1.3552399999999998
127,charge,1.9746000000000001,1.3584399999999999
127,charge,3.9492000000000003,1.36164
127,charge,5.9238,1.3648399999999998
127,charge,7.8984000000000005,1.36804
127,charge,9.873000000000001,1.3712399999999998
127,charge,11.8476,1.3744399999999999
127,charge,13.822200000000002,1.3776399999999998
127,charge,15.796800000000001,1.3808399999999998
127,charge,17.7714,1.38404
127,charge,19.746000000000002,1.3872399999999998
127,charge,21.7206,1.39044
127,charge,23.6952,1.3936399999999998
127,charge,25.669800000000002,1.3968399999999999
127,charge,27.644400000000005,1.40004
127,charge,29.619,1.4032399999999998
127,charge,31.593600000000002,1.40644
127,charge,33.568200000000004,1.4096399999999998
127,charge,35.5428,1.4128399999999999
127,charge,37.5174,1.4160399999999997
127,charge,39.492000000000004,1.4192399999999998
127,charge,41.4666,1.42244
127,charge,43.4412,1.4256399999999998
127,charge,45.415800000000004,1.4288399999999999
127,charge,47.3904,1.4320399999999998
127,charge,49.365,1.4352399999999998
127,charge,51.339600000000004,1.43844
127,charge,53.31420000000001,1.4416399999999998
127,charge,55.28880000000001,1.44484
127,charge,57.2634,1.4480399999999998
127,charge,59.238,1.4512399999999999
127,charge,61.2126,1.45444
127,charge,63.187200000000004,1.4576399999999998
127,charge,65.1618,1.46084
127,charge,67.13640000000001,1.4640399999999998
127,charge,69.111,1.4672399999999999
127,charge,71.0856,1.4704399999999997
127,charge,73.06020000000001,1.4736399999999998
127,charge,75.0348,1.47684
127,charge,77.0094,1.4800399999999998
127,charge,78.98400000000001,1.48324
127,charge,80.9586,1.4864399999999998
127,charge,82.9332,1.4896399999999999
127,charge,84.90780000000001,1.49284
127,charge,86.8824,1.4960399999999998
127,charge,88.857,1.49924
127,charge,90.83160000000001,1.5024399999999998
127,charge,92.8062,1.5056399999999999
127,charge,94.7808,1.5088399999999997
127,charge,96.75540000000001,1.5120399999999998
127,charge,98.73,1.51524
127,discharge,0.0,1.2109189559999998
127,discharge,1.934041716,1.2085189559999998
127,discharge,3.868083432,1.2061189559999996
127,discharge,5.802125148,1.2037189559999997
127,discharge,7.736166864,1.2013189559999997
127,discharge,9.67020858,1.1989189559999998
127,discharge,11.604250296,1.1965189559999998
127,discharge,13.538292012000003,1.1941189559999996
127,discharge,15.472333728,1.1917189559999997
127,discharge,17.406375444000002,1.1893189559999997
127,discharge,19.34041716,1.1869189559999997
127,discharge,21.274458876,1.1845189559999998
127,discharge,23.208500592,1.1821189559999996
127,discharge,25.142542308000003,1.1797189559999997
127,discharge,27.076584024000006,1.1773189559999997
127,discharge,29.010625740000002,1.1749189559999997
127,discharge,30.944667456,1.1725189559999998
127,discharge,32.87870917200001,1.1701189559999996
127,discharge,34.812750888000004,1.1677189559999996
127,discharge,36.746792604,1.1653189559999997
127,discharge,38.68083432,1.1629189559999997
127,discharge,40.614876036,1.1605189559999998
127,discharge,42.548917752,1.1581189559999998
127,discharge,44.482959468000004,1.1557189559999996
127,discharge,46.417001184,1.1533189559999997
127,discharge,48.3510429,1.1509189559999997
127,discharge,50.285084616000006,1.1485189559999998
127,discharge,52.21912633200001,1.1461189559999998
127,discharge,54.15316804800001,1.1437189559999996
127,discharge,56.087209764,1.1413189559999997
127,discharge,58.021251480000004,1.1389189559999997
127,discharge,59.95529319600001,1.1365189559999997
127,discharge,61.889334912,1.1341189559999998
127,discharge,63.823376628000005,1.1317189559999996
127,discharge,65.75741834400002,1.1293189559999997
127,discharge,67.69146006000001,1.1269189559999997
127,discharge,69.62550177600001,1.1245189559999997
127,discharge,71.559543492,1.1221189559999998
127,discharge,73.493585208,1.1197189559999998
127,discharge,75.42762692400001,1.1173189559999996
127,discharge,77.36166864,1.1149189559999997
127,discharge,79.29571035600001,1.1125189559999997
127,discharge,81.229752072,1.1101189559999998
127,discharge,83.163793788,1.1077189559999998
127,discharge,85.097835504,1.1053189559999996
127,discharge,87.03187722000001,1.1029189559999997
127,discharge,88.96591893600001,1.1005189559999997
127,discharge,90.899960652,1.0981189559999998
127,discharge,92.834002368,1.0957189559999998
127,discharge,94.76804408400001,1.0933189559999996
127,discharge,96.7020858,1.0909189559999997
128,charge,0.0,1.35536
128,charge,1.9744,1.35856
128,charge,3.9488,1.3617599999999999
128,charge,5.9232,1.36496
128,charge,7.8976,1.36816
128,charge,9.872,1.37136
128,charge,11.8464,1.37456
128,charge,13.820800000000002,1.3777599999999999
128,charge,15.7952,1.38096
128,charge,17.7696,1.38416
128,charge,19.744,1.38736
128,charge,21.7184,1.39056
128,charge,23.6928,1.3937599999999999
128,charge,25.6672,1.39696
128,charge,27.641600000000004,1.40016
128,charge,29.616,1.40336
128,charge,31.5904,1.40656
128,charge,33.564800000000005,1.40976
128,charge,35.5392,1.41296
128,charge,37.5136,1.4161599999999999
128,charge,39.488,1.41936
128,charge,41.462399999999995,1.42256
128,charge,43.4368,1.42576
128,charge,45.4112,1.42896
128,charge,47.3856,1.4321599999999999
128,charge,49.36,1.43536
128,charge,51.3344,1.43856
128,charge,53.308800000000005,1.44176
128,charge,55.28320000000001,1.44496
128,charge,57.2576,1.44816
128,charge,59.232,1.45136
128,charge,61.2064,1.45456
128,charge,63.1808,1.45776
128,charge,65.15520000000001,1.46096
128,charge,67.12960000000001,1.46416
128,charge,69.104,1.46736
128,charge,71.0784,1.4705599999999999
128,charge,73.0528,1.47376
128,charge,75.0272,1.47696
128,charge,77.0016,1.48016
128,charge,78.976,1.48336
128,charge,80.9504,1.4865599999999999
128,charge,82.92479999999999,1.48976
128,charge,84.8992,1.49296
128,charge,86.8736,1.49616
128,charge,88.848,1.49936
128,charge,90.8224,1.50256
128,charge,92.7968,1.50576
128,charge,94.7712,1.50896
128,charge,96.7456,1.51216
128,charge,98.72,1.51536
128,discharge,0.0,1.210584576
128,discharge,1.933806336,1.208184576
128,discharge,3.867612672,1.2057845759999999
128,discharge,5.801419007999999,1.203384576
128,discharge,7.735225344,1.200984576
128,discharge,9.66903168,1.198584576
128,discharge,11.602838015999998,1.196184576
128,discharge,13.536644352,1.1937845759999999
128,discharge,15.470450688,1.191384576
128,discharge,17.404257023999996,1.188984576
128,discharge,19.33806336,1.186584576
128,discharge,21.271869696,1.184184576
128,discharge,23.205676031999996,1.1817845759999999
128,discharge,25.139482368,1.179384576
128,discharge,27.073288704,1.176984576
128,discharge,29.007095039999996,1.174584576
128,discharge,30.940901376,1.172184576
128,discharge,32.874707711999996,1.169784576
128,discharge,34.80851404799999,1.167384576
128,discharge,36.742320383999996,1.164984576
128,discharge,38.67612672,1.162584576
128,discharge,40.609933055999996,1.160184576
128,discharge,42.543739392,1.157784576
128,discharge,44.477545727999996,1.1553845759999999
128,discharge,46.41135206399999,1.152984576
128,discharge,48.345158399999995,1.150584576
128,discharge,50.278964736,1.148184576
128,discharge,52.212771071999995,1.145784576
128,discharge,54.146577408,1.1433845759999999
128,discharge,56.08038374399999,1.140984576
128,discharge,58.01419007999999,1.138584576
128,discharge,59.947996415999995,1.136184576
128,discharge,61.881802752,1.133784576
128,discharge,63.815609087999995,1.1313845759999999
128,discharge,65.74941542399999,1.128984576
128,discharge,67.68322176,1.126584576
128,discharge,69.61702809599998,1.124184576
128,discharge,71.55083443199999,1.121784576
128,discharge,73.48464076799999,1.119384576
128,discharge,75.418447104,1.116984576
128,discharge,77.35225344,1.114584576
128,discharge,79.286059776,1.112184576
128,discharge,81.21986611199999,1.109784576
128,discharge,83.153672448,1.107384576
128,discharge,85.087478784,1.1049845759999999
128,discharge,87.02128511999999,1.102584576
128,discharge,88.95509145599999,1.100184576
128,discharge,90.888897792,1.097784576
128,discharge,92.82270412799998,1.095384576
128,discharge,94.75651046399999,1.0929845759999999
128,discharge,96.69031679999999,1.090584576
129,charge,0.0,1.3554799999999998
129,charge,1.9742,1.3586799999999999
129,charge,3.9484,1.3618799999999998
129,charge,5.922599999999999,1.3650799999999998
129,charge,7.8968,1.36828
129,charge,9.871,1.3714799999999998
129,charge,11.845199999999998,1.37468
129,charge,13.8194,1.3778799999999998
129,charge,15.7936,1.3810799999999999
129,charge,17.767799999999998,1.38428
129,charge,19.742,1.3874799999999998
129,charge,21.716199999999997,1.39068
129,charge,23.690399999999997,1.3938799999999998
129,charge,25.6646,1.3970799999999999
129,charge,27.6388,1.40028
129,charge,29.612999999999996,1.4034799999999998
129,charge,31.5872,1.40668
129,charge,33.5614,1.4098799999999998
129,charge,35.535599999999995,1.41308
129,charge,37.5098,1.4162799999999998
129,charge,39.484,1.4194799999999999
129,charge,41.4582,1.42268
129,charge,43.432399999999994,1.4258799999999998
129,charge,45.4066,1.42908
129,charge,47.380799999999994,1.4322799999999998
129,charge,49.355,1.4354799999999999
129,charge,51.3292,1.43868
129,charge,53.3034,1.4418799999999998
129,charge,55.2776,1.44508
129,charge,57.251799999999996,1.4482799999999998
129,charge,59.22599999999999,1.4514799999999999
129,charge,61.200199999999995,1.45468
129,charge,63.1744,1.4578799999999998
129,charge,65.1486,1.46108
129,charge,67.1228,1.4642799999999998
129,charge,69.09700000000001,1.46748
129,charge,71.07119999999999,1.4706799999999998
129,charge,73.0454,1.4738799999999999
129,charge,75.0196,1.47708
129,charge,76.9938,1.4802799999999998
129,charge,78.968,1.48348
129,charge,80.9422,1.4866799999999998
129,charge,82.9164,1.4898799999999999
129,charge,84.89059999999999,1.49308
129,charge,86.86479999999999,1.4962799999999998
129,charge,88.839,1.49948
129,charge,90.8132,1.5026799999999998
129,charge,92.7874,1.5058799999999999
129,charge,94.76159999999999,1.50908
129,charge,96.7358,1.5122799999999998
129,charge,98.71,1.51548
129,discharge,0.0,1.2102501239999999
129,discharge,1.9335709639999998,1.207850124
129,discharge,3.8671419279999997,1.2054501239999997
129,discharge,5.800712891999999,1.2030501239999998
129,discharge,7.734283855999999,1.2006501239999998
129,discharge,9.66785482,1.1982501239999999
129,discharge,11.601425783999998,1.195850124
129,discharge,13.534996748000001,1.1934501239999997
129,discharge,15.468567711999999,1.1910501239999998
129,discharge,17.402138676,1.1886501239999998
129,discharge,19.33570964,1.1862501239999999
129,discharge,21.269280604,1.183850124
129,discharge,23.202851567999996,1.1814501239999997
129,discharge,25.136422532,1.1790501239999998
129,discharge,27.069993496000002,1.1766501239999998
129,discharge,29.003564459999996,1.1742501239999998
129,discharge,30.937135423999997,1.1718501239999999
129,discharge,32.870706388,1.169450124
129,discharge,34.804277352,1.1670501239999997
129,discharge,36.737848316,1.1646501239999998
129,discharge,38.67141928,1.1622501239999998
129,discharge,40.604990244,1.1598501239999999
129,discharge,42.538561208,1.157450124
129,discharge,44.472132172,1.1550501239999997
129,discharge,46.40570313599999,1.1526501239999998
129,discharge,48.3392741,1.1502501239999998
129,discharge,50.272845064,1.1478501239999999
129,discharge,52.206416028,1.145450124
129,discharge,54.139986992000004,1.1430501239999997
129,discharge,56.073557955999995,1.1406501239999998
129,discharge,58.00712891999999,1.1382501239999998
129,discharge,59.940699884,1.1358501239999998
129,discharge,61.874270847999995,1.133450124
129,discharge,63.807841812,1.1310501239999997
129,discharge,65.741412776,1.1286501239999998
129,discharge,67.67498374,1.1262501239999998
129,discharge,69.608554704,1.1238501239999998
129,discharge,71.542125668,1.1214501239999999
129,discharge,73.475696632,1.119050124
129,discharge,75.40926759599999,1.1166501239999997
129,discharge,77.34283856,1.1142501239999998
129,discharge,79.276409524,1.1118501239999998
129,discharge,81.209980488,1.1094501239999999
129,discharge,83.143551452,1.107050124
129,discharge,85.077122416,1.1046501239999997
129,discharge,87.01069337999999,1.1022501239999998
129,discharge,88.944264344,1.0998501239999998
129,discharge,90.877835308,1.0974501239999999
129,discharge,92.81140627199999,1.095050124
129,discharge,94.744977236,1.0926501239999997
129,discharge,96.6785482,1.0902501239999998
130,charge,0.0,1.3556
130,charge,1.9740000000000002,1.3588
130,charge,3.9480000000000004,1.362
130,charge,5.922,1.3652
130,charge,7.896000000000001,1.3684
130,charge,9.870000000000001,1.3716
130,charge,11.844,1.3748
130,charge,13.818000000000001,1.378
130,charge,15.792000000000002,1.3812
130,charge,17.766,1.3844
130,charge,19.740000000000002,1.3876
130,charge,21.714000000000002,1.3908
130,charge,23.688,1.394
130,charge,25.662000000000003,1.3972
130,charge,27.636000000000003,1.4004
130,charge,29.61,1.4036
130,charge,31.584000000000003,1.4068
130,charge,33.558,1.41
130,charge,35.532,1.4132
130,charge,37.506,1.4163999999999999
130,charge,39.480000000000004,1.4196
130,charge,41.454,1.4228
130,charge,43.428000000000004,1.426
130,charge,45.402,1.4292
130,charge,47.376,1.4324
130,charge,49.35,1.4356
130,charge,51.324000000000005,1.4388
130,charge,53.298,1.442
130,charge,55.272000000000006,1.4452
130,charge,57.245999999999995,1.4484
130,charge,59.22,1.4516
130,charge,61.194,1.4548
130,charge,63.168000000000006,1.458
130,charge,65.14200000000001,1.4612
130,charge,67.116,1.4644
130,charge,69.09,1.4676
130,charge,71.064,1.4707999999999999
130,charge,73.038,1.474
130,charge,75.012,1.4772
130,charge,76.986,1.4804
130,charge,78.96000000000001,1.4836
130,charge,80.93400000000001,1.4868
130,charge,82.908,1.49
130,charge,84.882,1.4932
130,charge,86.85600000000001,1.4964
130,charge,88.83,1.4996
130,charge,90.804,1.5028
130,charge,92.778,1.506
130,charge,94.752,1.5091999999999999
130,charge,96.726,1.5124
130,charge,98.7,1.5156
130,discharge,0.0,1.2099156
130,discharge,1.9333356000000002,1.2075156
130,discharge,3.8666712000000003,1.2051155999999998
130,discharge,5.8000068,1.2027155999999999
130,discharge,7.733342400000001,1.2003156
130,discharge,9.666678000000001,1.1979156
130,discharge,11.6000136,1.1955156
130,discharge,13.533349200000002,1.1931155999999998
130,discharge,15.466684800000001,1.1907155999999999
130,discharge,17.4000204,1.1883156
130,discharge,19.333356000000002,1.1859156
130,discharge,21.2666916,1.1835156
130,discharge,23.2000272,1.1811155999999998
130,discharge,25.1333628,1.1787155999999999
130,discharge,27.066698400000003,1.1763156
130,discharge,29.000034,1.1739156
130,discharge,30.933369600000002,1.1715156
130,discharge,32.866705200000006,1.1691156
130,discharge,34.8000408,1.1667155999999999
130,discharge,36.733376400000004,1.1643156
130,discharge,38.666712000000004,1.1619156
130,discharge,40.600047599999996,1.1595156
130,discharge,42.5333832,1.1571156
130,discharge,44.4667188,1.1547155999999998
130,discharge,46.4000544,1.1523155999999999
130,discharge,48.33339,1.1499156
130,discharge,50.2667256,1.1475156
130,discharge,52.20006120000001,1.1451156
130,discharge,54.13339680000001,1.1427155999999998
130,discharge,56.0667324,1.1403155999999999
130,discharge,58.000068,1.1379156
130,discharge,59.9334036,1.1355156
130,discharge,61.866739200000005,1.1331156
130,discharge,63.800074800000004,1.1307155999999998
130,discharge,65.73341040000001,1.1283155999999999
130,discharge,67.666746,1.1259156
130,discharge,69.6000816,1.1235156
130,discharge,71.5334172,1.1211156
130,discharge,73.46675280000001,1.1187156
130,discharge,75.4000884,1.1163155999999999
130,discharge,77.33342400000001,1.1139156
130,discharge,79.26675960000001,1.1115156
130,discharge,81.20009519999999,1.1091156
130,discharge,83.1334308,1.1067156
130,discharge,85.0667664,1.1043155999999998
130,discharge,87.000102,1.1019155999999999
130,discharge,88.9334376,1.0995156
130,discharge,90.86677320000001,1.0971156
130,discharge,92.8001088,1.0947156
130,discharge,94.7334444,1.0923155999999998
130,discharge,96.66678,1.0899155999999999
131,charge,0.0,1.3557199999999998
131,charge,1.9738,1.35892
131,charge,3.9476,1.36212
131,charge,5.921399999999999,1.3653199999999999
131,charge,7.8952,1.36852
131,charge,9.869,1.3717199999999998
131,charge,11.842799999999999,1.37492
131,charge,13.816600000000001,1.3781199999999998
131,charge,15.7904,1.3813199999999999
131,charge,17.7642,1.38452
131,charge,19.738,1.3877199999999998
131,charge,21.7118,1.39092
131,charge,23.685599999999997,1.3941199999999998
131,charge,25.6594,1.39732
131,charge,27.633200000000002,1.40052
131,charge,29.607,1.4037199999999999
131,charge,31.5808,1.40692
131,charge,33.5546,1.4101199999999998
131,charge,35.5284,1.41332
131,charge,37.5022,1.4165199999999998
131,charge,39.476,1.4197199999999999
131,charge,41.449799999999996,1.42292
131,charge,43.4236,1.4261199999999998
131,charge,45.3974,1.42932
131,charge,47.371199999999995,1.4325199999999998
131,charge,49.345,1.4357199999999999
131,charge,51.3188,1.43892
131,charge,53.2926,1.4421199999999998
131,charge,55.266400000000004,1.44532
131,charge,57.240199999999994,1.4485199999999998
131,charge,59.214,1.45172
131,charge,61.187799999999996,1.45492
131,charge,63.1616,1.4581199999999999
131,charge,65.1354,1.46132
131,charge,67.1092,1.4645199999999998
131,charge,69.083,1.46772
131,charge,71.0568,1.4709199999999998
131,charge,73.03059999999999,1.4741199999999999
131,charge,75.0044,1.47732
131,charge,76.9782,1.4805199999999998
131,charge,78.952,1.48372
131,charge,80.92580000000001,1.4869199999999998
131,charge,82.89959999999999,1.49012
131,charge,84.8734,1.49332
131,charge,86.8472,1.4965199999999999
131,charge,88.821,1.49972
131,charge,90.7948,1.5029199999999998
131,charge,92.7686,1.50612
131,charge,94.74239999999999,1.5093199999999998
131,charge,96.7162,1.5125199999999999
131,charge,98.69,1.51572
131,discharge,0.0,1.209581004
131,discharge,1.933100244,1.207181004
131,discharge,3.866200488,1.2047810039999998
131,discharge,5.799300732,1.2023810039999998
131,discharge,7.732400976,1.1999810039999999
131,discharge,9.665501220000001,1.197581004
131,discharge,11.598601464,1.195181004
131,discharge,13.531701708000002,1.1927810039999998
131,discharge,15.464801952,1.1903810039999998
131,discharge,17.397902196,1.1879810039999998
131,discharge,19.331002440000002,1.1855810039999999
131,discharge,21.264102684,1.183181004
131,discharge,23.197202928,1.1807810039999997
131,discharge,25.130303172,1.1783810039999998
131,discharge,27.063403416000003,1.1759810039999998
131,discharge,28.99650366,1.1735810039999999
131,discharge,30.929603904,1.171181004
131,discharge,32.862704148000006,1.168781004
131,discharge,34.795804392,1.1663810039999998
131,discharge,36.728904636,1.1639810039999998
131,discharge,38.662004880000005,1.1615810039999999
131,discharge,40.595105124,1.159181004
131,discharge,42.528205368,1.156781004
131,discharge,44.461305612000004,1.1543810039999998
131,discharge,46.394405856,1.1519810039999998
131,discharge,48.3275061,1.1495810039999999
131,discharge,50.260606344,1.147181004
131,discharge,52.193706588000005,1.144781004
131,discharge,54.12680683200001,1.1423810039999998
131,discharge,56.059907075999995,1.1399810039999998
131,discharge,57.99300732,1.1375810039999998
131,discharge,59.926107564,1.1351810039999999
131,discharge,61.859207808,1.132781004
131,discharge,63.792308052,1.1303810039999997
131,discharge,65.72540829600001,1.1279810039999998
131,discharge,67.65850854000001,1.1255810039999998
131,discharge,69.591608784,1.1231810039999999
131,discharge,71.524709028,1.120781004
131,discharge,73.457809272,1.118381004
131,discharge,75.39090951600001,1.1159810039999998
131,discharge,77.32400976000001,1.1135810039999998
131,discharge,79.25711000400001,1.1111810039999999
131,discharge,81.190210248,1.108781004
131,discharge,83.123310492,1.106381004
131,discharge,85.056410736,1.1039810039999998
131,discharge,86.98951098,1.1015810039999998
131,discharge,88.92261122400001,1.0991810039999999
131,discharge,90.85571146800001,1.096781004
131,discharge,92.788811712,1.094381004
131,discharge,94.721911956,1.0919810039999998
131,discharge,96.6550122,1.0895810039999998
132,charge,0.0,1.35584
132,charge,1.9736000000000002,1.35904
132,charge,3.9472000000000005,1.36224
132,charge,5.9208,1.36544
132,charge,7.894400000000001,1.36864
132,charge,9.868000000000002,1.37184
132,charge,11.8416,1.37504
132,charge,13.815200000000003,1.37824
132,charge,15.788800000000002,1.38144
132,charge,17.7624,1.38464
132,charge,19.736000000000004,1.38784
132,charge,21.709600000000002,1.39104
132,charge,23.6832,1.39424
132,charge,25.656800000000004,1.39744
132,charge,27.630400000000005,1.40064
132,charge,29.604,1.40384
132,charge,31.577600000000004,1.40704
132,charge,33.5512,1.41024
132,charge,35.5248,1.41344
132,charge,37.498400000000004,1.41664
132,charge,39.47200000000001,1.41984
132,charge,41.4456,1.42304
132,charge,43.419200000000004,1.42624
132,charge,45.39280000000001,1.42944
132,charge,47.3664,1.43264
132,charge,49.34,1.43584
132,charge,51.31360000000001,1.43904
132,charge,53.287200000000006,1.44224
132,charge,55.26080000000001,1.44544
132,charge,57.2344,1.44864
132,charge,59.208,1.45184
132,charge,61.1816,1.4550400000000001
132,charge,63.15520000000001,1.45824
132,charge,65.12880000000001,1.46144
132,charge,67.1024,1.46464
132,charge,69.07600000000001,1.46784
132,charge,71.0496,1.47104
132,charge,73.0232,1.47424
132,charge,74.99680000000001,1.47744
132,charge,76.97040000000001,1.48064
132,charge,78.94400000000002,1.48384
132,charge,80.91760000000001,1.48704
132,charge,82.8912,1.49024
132,charge,84.8648,1.49344
132,charge,86.83840000000001,1.49664
132,charge,88.81200000000001,1.49984
132,charge,90.78560000000002,1.50304
132,charge,92.7592,1.50624
132,charge,94.7328,1.5094400000000001
132,charge,96.7064,1.51264
132,charge,98.68,1.51584
132,discharge,0.0,1.209246336
132,discharge,1.932864896,1.2068463360000001
132,discharge,3.865729792,1.204446336
132,discharge,5.798594688,1.202046336
132,discharge,7.731459584,1.199646336
132,discharge,9.664324480000001,1.197246336
132,discharge,11.597189376,1.1948463360000001
132,discharge,13.530054272000003,1.192446336
132,discharge,15.462919168,1.190046336
132,discharge,17.395784064,1.187646336
132,discharge,19.328648960000002,1.185246336
132,discharge,21.261513856,1.182846336
132,discharge,23.194378752,1.180446336
132,discharge,25.127243648000004,1.178046336
132,discharge,27.060108544000006,1.175646336
132,discharge,28.99297344,1.173246336
132,discharge,30.925838336,1.170846336
132,discharge,32.858703232,1.1684463360000001
132,discharge,34.791568128,1.166046336
132,discharge,36.724433024,1.163646336
132,discharge,38.657297920000005,1.161246336
132,discharge,40.590162816,1.158846336
132,discharge,42.523027712,1.1564463360000001
132,discharge,44.455892608000006,1.154046336
132,discharge,46.388757504,1.151646336
132,discharge,48.3216224,1.149246336
132,discharge,50.25448729600001,1.146846336
132,discharge,52.187352192000006,1.1444463360000001
132,discharge,54.12021708800001,1.142046336
132,discharge,56.053081984,1.139646336
132,discharge,57.98594688,1.137246336
132,discharge,59.918811776000005,1.134846336
132,discharge,61.851676672,1.132446336
132,discharge,63.78454156800001,1.130046336
132,discharge,65.717406464,1.127646336
132,discharge,67.65027136,1.125246336
132,discharge,69.583136256,1.122846336
132,discharge,71.516001152,1.120446336
132,discharge,73.448866048,1.1180463360000001
132,discharge,75.38173094400001,1.115646336
132,discharge,77.31459584000001,1.113246336
132,discharge,79.24746073600001,1.110846336
132,discharge,81.180325632,1.108446336
132,discharge,83.113190528,1.1060463360000001
132,discharge,85.046055424,1.103646336
132,discharge,86.97892032,1.101246336
132,discharge,88.91178521600001,1.098846336
132,discharge,90.84465011200001,1.096446336
132,discharge,92.777515008,1.0940463360000001
132,discharge,94.710379904,1.091646336
132,discharge,96.6432448,1.089246336
133,charge,0.0,1.3559599999999998
133,charge,1.9734,1.35916
133,charge,3.9468,1.3623599999999998
133,charge,5.9201999999999995,1.3655599999999999
133,charge,7.8936,1.36876
133,charge,9.867,1.3719599999999998
133,charge,11.840399999999999,1.37516
133,charge,13.813800000000002,1.3783599999999998
133,charge,15.7872,1.38156
133,charge,17.7606,1.38476
133,charge,19.734,1.3879599999999999
133,charge,21.7074,1.39116
133,charge,23.680799999999998,1.3943599999999998
133,charge,25.654200000000003,1.39756
133,charge,27.627600000000005,1.40076
133,charge,29.601,1.4039599999999999
133,charge,31.5744,1.40716
133,charge,33.5478,1.4103599999999998
133,charge,35.5212,1.41356
133,charge,37.4946,1.4167599999999998
133,charge,39.468,1.4199599999999999
133,charge,41.4414,1.42316
133,charge,43.4148,1.4263599999999999
133,charge,45.388200000000005,1.42956
133,charge,47.361599999999996,1.4327599999999998
133,charge,49.335,1.43596
133,charge,51.308400000000006,1.43916
133,charge,53.281800000000004,1.4423599999999999
133,charge,55.25520000000001,1.44556
133,charge,57.2286,1.4487599999999998
133,charge,59.202,1.45196
133,charge,61.1754,1.45516
133,charge,63.1488,1.4583599999999999
133,charge,65.1222,1.46156
133,charge,67.0956,1.4647599999999998
133,charge,69.069,1.46796
133,charge,71.0424,1.4711599999999998
133,charge,73.0158,1.47436
133,charge,74.9892,1.47756
133,charge,76.96260000000001,1.4807599999999999
133,charge,78.936,1.48396
133,charge,80.9094,1.4871599999999998
133,charge,82.8828,1.49036
133,charge,84.8562,1.49356
133,charge,86.8296,1.4967599999999999
133,charge,88.803,1.49996
133,charge,90.77640000000001,1.5031599999999998
133,charge,92.74980000000001,1.50636
133,charge,94.72319999999999,1.50956
133,charge,96.6966,1.5127599999999999
133,charge,98.67,1.51596
133,discharge,0.0,1.2089115959999999
133,discharge,1.932629556,1.206511596
133,discharge,3.865259112,1.2041115959999997
133,discharge,5.797888668,1.2017115959999998
133,discharge,7.730518224,1.1993115959999998
133,discharge,9.663147780000001,1.1969115959999999
133,discharge,11.595777336,1.194511596
133,discharge,13.528406892000001,1.1921115959999997
133,discharge,15.461036448,1.1897115959999998
133,discharge,17.393666004,1.1873115959999998
133,discharge,19.326295560000002,1.1849115959999998
133,discharge,21.258925116,1.1825115959999999
133,discharge,23.191554672,1.1801115959999997
133,discharge,25.124184228,1.1777115959999997
133,discharge,27.056813784000003,1.1753115959999998
133,discharge,28.989443339999998,1.1729115959999998
133,discharge,30.922072896,1.1705115959999999
133,discharge,32.854702452000005,1.1681115959999997
133,discharge,34.787332008,1.1657115959999997
133,discharge,36.719961564,1.1633115959999998
133,discharge,38.652591120000004,1.1609115959999998
133,discharge,40.585220676,1.1585115959999999
133,discharge,42.517850232,1.156111596
133,discharge,44.450479788,1.1537115959999997
133,discharge,46.383109344,1.1513115959999998
133,discharge,48.3157389,1.1489115959999998
133,discharge,50.248368456,1.1465115959999999
133,discharge,52.180998012,1.144111596
133,discharge,54.113627568000005,1.1417115959999997
133,discharge,56.04625712399999,1.1393115959999998
133,discharge,57.978886679999995,1.1369115959999998
133,discharge,59.911516236,1.1345115959999998
133,discharge,61.844145792,1.1321115959999999
133,discharge,63.776775348,1.1297115959999997
133,discharge,65.70940490400001,1.1273115959999997
133,discharge,67.64203446,1.1249115959999998
133,discharge,69.574664016,1.1225115959999998
133,discharge,71.507293572,1.1201115959999999
133,discharge,73.439923128,1.117711596
133,discharge,75.372552684,1.1153115959999997
133,discharge,77.30518224000001,1.1129115959999998
133,discharge,79.237811796,1.1105115959999998
133,discharge,81.170441352,1.1081115959999999
133,discharge,83.10307090799999,1.105711596
133,discharge,85.035700464,1.1033115959999997
133,discharge,86.96833002,1.1009115959999998
133,discharge,88.900959576,1.0985115959999998
133,discharge,90.833589132,1.0961115959999999
133,discharge,92.766218688,1.093711596
133,discharge,94.698848244,1.0913115959999997
133,discharge,96.6314778,1.0889115959999998
134,charge,0.0,1.35608
134,charge,1.9732,1.35928
134,charge,3.9464,1.3624800000000001
134,charge,5.9196,1.36568
134,charge,7.8928,1.36888
134,charge,9.866,1.37208
134,charge,11.8392,1.37528
134,charge,13.8124,1.37848
134,charge,15.7856,1.38168
134,charge,17.758799999999997,1.38488
134,charge,19.732,1.38808
134,charge,21.705199999999998,1.39128
134,charge,23.6784,1.39448
134,charge,25.6516,1.39768
134,charge,27.6248,1.4008800000000001
134,charge,29.598,1.40408
134,charge,31.5712,1.40728
134,charge,33.5444,1.41048
134,charge,35.517599999999995,1.41368
134,charge,37.4908,1.41688
134,charge,39.464,1.42008
134,charge,41.4372,1.42328
134,charge,43.410399999999996,1.42648
134,charge,45.3836,1.42968
134,charge,47.3568,1.43288
134,charge,49.33,1.43608
134,charge,51.3032,1.4392800000000001
134,charge,53.2764,1.44248
134,charge,55.2496,1.44568
134,charge,57.22279999999999,1.44888
134,charge,59.196,1.45208
134,charge,61.1692,1.4552800000000001
134,charge,63.1424,1.45848
134,charge,65.1156,1.46168
134,charge,67.0888,1.46488
134,charge,69.062,1.46808
134,charge,71.03519999999999,1.47128
134,charge,73.0084,1.47448
134,charge,74.9816,1.47768
134,charge,76.9548,1.48088
134,charge,78.928,1.48408
134,charge,80.9012,1.48728
134,charge,82.8744,1.49048
134,charge,84.8476,1.4936800000000001
134,charge,86.82079999999999,1.49688
134,charge,88.794,1.50008
134,charge,90.7672,1.50328
134,charge,92.74040000000001,1.50648
134,charge,94.7136,1.50968
134,charge,96.68679999999999,1.51288
134,charge,98.66,1.51608
134,discharge,0.0,1.208576784
134,discharge,1.932394224,1.206176784
134,discharge,3.864788448,1.2037767839999998
134,discharge,5.797182672,1.2013767839999998
134,discharge,7.729576896,1.1989767839999999
134,discharge,9.66197112,1.196576784
134,discharge,11.594365344,1.194176784
134,discharge,13.526759568000001,1.1917767839999998
134,discharge,15.459153792,1.1893767839999998
134,discharge,17.391548015999998,1.1869767839999998
134,discharge,19.32394224,1.1845767839999999
134,discharge,21.256336464,1.182176784
134,discharge,23.188730688,1.1797767839999997
134,discharge,25.121124912,1.1773767839999998
134,discharge,27.053519136000002,1.1749767839999998
134,discharge,28.985913359999998,1.1725767839999999
134,discharge,30.918307584,1.170176784
134,discharge,32.850701808000004,1.167776784
134,discharge,34.783096031999996,1.1653767839999998
134,discharge,36.715490256,1.1629767839999998
134,discharge,38.64788448,1.1605767839999999
134,discharge,40.580278703999994,1.158176784
134,discharge,42.512672928,1.155776784
134,discharge,44.445067152,1.1533767839999998
134,discharge,46.377461376,1.1509767839999998
134,discharge,48.3098556,1.1485767839999999
134,discharge,50.242249824,1.146176784
134,discharge,52.174644048000005,1.143776784
134,discharge,54.107038272000004,1.1413767839999998
134,discharge,56.039432495999996,1.1389767839999998
134,discharge,57.971826719999996,1.1365767839999998
134,discharge,59.904220943999995,1.1341767839999999
134,discharge,61.836615168,1.131776784
134,discharge,63.769009392,1.1293767839999997
134,discharge,65.70140361600001,1.1269767839999998
134,discharge,67.63379784,1.1245767839999998
134,discharge,69.56619206399999,1.1221767839999999
134,discharge,71.498586288,1.119776784
134,discharge,73.430980512,1.117376784
134,discharge,75.363374736,1.1149767839999998
134,discharge,77.29576896,1.1125767839999998
134,discharge,79.22816318400001,1.1101767839999999
134,discharge,81.16055740799999,1.107776784
134,discharge,83.092951632,1.105376784
134,discharge,85.025345856,1.1029767839999998
134,discharge,86.95774008,1.1005767839999998
134,discharge,88.890134304,1.0981767839999999
134,discharge,90.822528528,1.095776784
134,discharge,92.754922752,1.093376784
134,discharge,94.68731697599999,1.0909767839999998
134,discharge,96.6197112,1.0885767839999998
135,charge,0.0,1.3561999999999999
135,charge,1.973,1.3594
135,charge,3.946,1.3626
135,charge,5.9190000000000005,1.3658
135,charge,7.892,1.369
135,charge,9.865000000000002,1.3721999999999999
135,charge,11.838000000000001,1.3754
135,charge,13.811000000000002,1.3785999999999998
135,charge,15.784,1.3818
135,charge,17.757,1.385
135,charge,19.730000000000004,1.3881999999999999
135,charge,21.703000000000003,1.3914
135,charge,23.676000000000002,1.3945999999999998
135,charge,25.649,1.3978
135,charge,27.622000000000003,1.401
135,charge,29.595,1.4042
135,charge,31.568,1.4074
135,charge,33.541000000000004,1.4105999999999999
135,charge,35.514,1.4138
135,charge,37.487,1.4169999999999998
135,charge,39.46000000000001,1.4202
135,charge,41.433,1.4234
135,charge,43.406000000000006,1.4265999999999999
135,charge,45.379000000000005,1.4298
135,charge,47.352000000000004,1.4329999999999998
135,charge,49.325,1.4362
135,charge,51.298,1.4394
135,charge,53.27100000000001,1.4425999999999999
135,charge,55.24400000000001,1.4458
135,charge,57.217,1.4489999999999998
135,charge,59.19,1.4522
135,charge,61.163000000000004,1.4554
135,charge,63.136,1.4586
135,charge,65.10900000000001,1.4618
135,charge,67.08200000000001,1.4649999999999999
135,charge,69.055,1.4682
135,charge,71.028,1.4713999999999998
135,charge,73.001,1.4746
135,charge,74.974,1.4778
135,charge,76.947,1.4809999999999999
135,charge,78.92000000000002,1.4842
135,charge,80.89300000000001,1.4873999999999998
135,charge,82.866,1.4906
135,charge,84.839,1.4938
135,charge,86.81200000000001,1.4969999999999999
135,charge,88.78500000000001,1.5002
135,charge,90.75800000000001,1.5033999999999998
135,charge,92.73100000000001,1.5066
135,charge,94.70400000000001,1.5097999999999998
135,charge,96.677,1.513
135,charge,98.65,1.5162
135,discharge,0.0,1.2082419
135,discharge,1.9321589000000001,1.2058419
135,discharge,3.8643178000000002,1.2034418999999998
135,discharge,5.7964766999999995,1.2010418999999999
135,discharge,7.7286356000000005,1.1986419
135,discharge,9.660794500000002,1.1962419
135,discharge,11.592953399999999,1.1938419
135,discharge,13.525112300000002,1.1914418999999998
135,discharge,15.457271200000001,1.1890418999999999
135,discharge,17.3894301,1.1866419
135,discharge,19.321589000000003,1.1842419
135,discharge,21.2537479,1.1818419
135,discharge,23.185906799999998,1.1794418999999998
135,discharge,25.118065700000002,1.1770418999999999
135,discharge,27.050224600000004,1.1746419
135,discharge,28.982383499999997,1.1722419
135,discharge,30.914542400000002,1.1698419
135,discharge,32.8467013,1.1674419
135,discharge,34.7788602,1.1650418999999999
135,discharge,36.7110191,1.1626419
135,discharge,38.643178000000006,1.1602419
135,discharge,40.575336899999996,1.1578419
135,discharge,42.5074958,1.1554419
135,discharge,44.439654700000006,1.1530418999999998
135,discharge,46.371813599999996,1.1506418999999999
135,discharge,48.3039725,1.1482419
135,discharge,50.236131400000005,1.1458419
135,discharge,52.1682903,1.1434419
135,discharge,54.10044920000001,1.1410418999999998
135,discharge,56.0326081,1.1386418999999999
135,discharge,57.964766999999995,1.1362419
135,discharge,59.8969259,1.1338419
135,discharge,61.829084800000004,1.1314419
135,discharge,63.7612437,1.1290418999999998
135,discharge,65.6934026,1.1266418999999999
135,discharge,67.6255615,1.1242419
135,discharge,69.5577204,1.1218419
135,discharge,71.4898793,1.1194419
135,discharge,73.4220382,1.1170419
135,discharge,75.35419710000001,1.1146418999999999
135,discharge,77.28635600000001,1.1122419
135,discharge,79.2185149,1.1098419
135,discharge,81.15067379999999,1.1074419
135,discharge,83.0828327,1.1050419
135,discharge,85.0149916,1.1026418999999998
135,discharge,86.9471505,1.1002418999999999
135,discharge,88.87930940000001,1.0978419
135,discharge,90.8114683,1.0954419
135,discharge,92.74362719999999,1.0930419
135,discharge,94.6757861,1.0906418999999998
135,discharge,96.607945,1.0882418999999999
136,charge,0.0,1.3563199999999997
136,charge,1.9728,1.3595199999999998
136,charge,3.9456,1.36272
136,charge,5.9184,1.3659199999999998
136,charge,7.8912,1.36912
136,charge,9.864,1.3723199999999998
136,charge,11.8368,1.3755199999999999
136,charge,13.809600000000001,1.3787199999999997
136,charge,15.7824,1.3819199999999998
136,charge,17.7552,1.38512
136,charge,19.728,1.3883199999999998
136,charge,21.7008,1.3915199999999999
136,charge,23.6736,1.3947199999999997
136,charge,25.6464,1.3979199999999998
136,charge,27.619200000000003,1.40112
136,charge,29.592,1.4043199999999998
136,charge,31.5648,1.4075199999999999
136,charge,33.537600000000005,1.4107199999999998
136,charge,35.5104,1.4139199999999998
136,charge,37.483200000000004,1.4171199999999997
136,charge,39.456,1.4203199999999998
136,charge,41.428799999999995,1.42352
136,charge,43.4016,1.4267199999999998
136,charge,45.3744,1.4299199999999999
136,charge,47.3472,1.4331199999999997
136,charge,49.32,1.4363199999999998
136,charge,51.2928,1.43952
136,charge,53.265600000000006,1.4427199999999998
136,charge,55.238400000000006,1.4459199999999999
136,charge,57.2112,1.4491199999999997
136,charge,59.184,1.4523199999999998
136,charge,61.1568,1.45552
136,charge,63.1296,1.4587199999999998
136,charge,65.1024,1.4619199999999999
136,charge,67.07520000000001,1.4651199999999998
136,charge,69.048,1.4683199999999998
136,charge,71.0208,1.4715199999999997
136,charge,72.9936,1.4747199999999998
136,charge,74.96640000000001,1.47792
136,charge,76.9392,1.4811199999999998
136,charge,78.912,1.4843199999999999
136,charge,80.88480000000001,1.4875199999999997
136,charge,82.85759999999999,1.4907199999999998
136,charge,84.8304,1.49392
136,charge,86.8032,1.4971199999999998
136,charge,88.776,1.5003199999999999
136,charge,90.7488,1.5035199999999997
136,charge,92.72160000000001,1.5067199999999998
136,charge,94.6944,1.5099199999999997
136,charge,96.6672,1.5131199999999998
136,charge,98.64,1.51632
136,discharge,0.0,1.2079069439999999
136,discharge,1.931923584,1.205506944
136,discharge,3.863847168,1.2031069439999997
136,discharge,5.795770751999999,1.2007069439999998
136,discharge,7.727694336,1.1983069439999998
136,discharge,9.65961792,1.1959069439999999
136,discharge,11.591541503999998,1.193506944
136,discharge,13.523465088,1.1911069439999997
136,discharge,15.455388672,1.1887069439999998
136,discharge,17.387312255999998,1.1863069439999998
136,discharge,19.31923584,1.1839069439999999
136,discharge,21.251159423999997,1.181506944
136,discharge,23.183083007999997,1.1791069439999997
136,discharge,25.115006592,1.1767069439999998
136,discharge,27.046930176,1.1743069439999998
136,discharge,28.978853759999996,1.1719069439999998
136,discharge,30.910777344,1.1695069439999999
136,discharge,32.842700928,1.167106944
136,discharge,34.774624511999995,1.1647069439999997
136,discharge,36.706548096,1.1623069439999998
136,discharge,38.63847168,1.1599069439999998
136,discharge,40.570395264,1.1575069439999999
136,discharge,42.502318847999994,1.155106944
136,discharge,44.434242432,1.1527069439999997
136,discharge,46.366166015999994,1.1503069439999998
136,discharge,48.2980896,1.1479069439999998
136,discharge,50.230013184,1.1455069439999999
136,discharge,52.161936768000004,1.143106944
136,discharge,54.093860352,1.1407069439999997
136,discharge,56.025783935999996,1.1383069439999998
136,discharge,57.95770751999999,1.1359069439999998
136,discharge,59.889631103999996,1.1335069439999998
136,discharge,61.821554688,1.131106944
136,discharge,63.753478272,1.1287069439999997
136,discharge,65.685401856,1.1263069439999998
136,discharge,67.61732544,1.1239069439999998
136,discharge,69.54924902399999,1.1215069439999998
136,discharge,71.481172608,1.1191069439999999
136,discharge,73.413096192,1.116706944
136,discharge,75.345019776,1.1143069439999997
136,discharge,77.27694336,1.1119069439999998
136,discharge,79.20886694400001,1.1095069439999998
136,discharge,81.140790528,1.1071069439999999
136,discharge,83.072714112,1.104706944
136,discharge,85.00463769599999,1.1023069439999997
136,discharge,86.93656127999999,1.0999069439999998
136,discharge,88.868484864,1.0975069439999998
136,discharge,90.800408448,1.0951069439999999
136,discharge,92.73233203199999,1.092706944
136,discharge,94.66425561599999,1.0903069439999997
136,discharge,96.5961792,1.0879069439999998
137,charge,0.0,1.3564399999999999
137,charge,1.9726,1.35964
137,charge,3.9452,1.3628399999999998
137,charge,5.9178,1.36604
137,charge,7.8904,1.36924
137,charge,9.863,1.3724399999999999
137,charge,11.8356,1.37564
137,charge,13.808200000000001,1.3788399999999998
137,charge,15.7808,1.38204
137,charge,17.7534,1.38524
137,charge,19.726,1.38844
137,charge,21.6986,1.39164
137,charge,23.6712,1.3948399999999999
137,charge,25.6438,1.39804
137,charge,27.616400000000002,1.40124
137,charge,29.589,1.40444
137,charge,31.5616,1.40764
137,charge,33.5342,1.4108399999999999
137,charge,35.5068,1.41404
137,charge,37.4794,1.4172399999999998
137,charge,39.452,1.42044
137,charge,41.4246,1.42364
137,charge,43.3972,1.4268399999999999
137,charge,45.3698,1.43004
137,charge,47.3424,1.4332399999999998
137,charge,49.315,1.43644
137,charge,51.2876,1.43964
137,charge,53.2602,1.44284
137,charge,55.232800000000005,1.44604
137,charge,57.20539999999999,1.4492399999999999
137,charge,59.178,1.45244
137,charge,61.1506,1.45564
137,charge,63.1232,1.45884
137,charge,65.0958,1.46204
137,charge,67.0684,1.4652399999999999
137,charge,69.041,1.46844
137,charge,71.0136,1.4716399999999998
137,charge,72.9862,1.47484
137,charge,74.9588,1.47804
137,charge,76.9314,1.48124
137,charge,78.904,1.48444
137,charge,80.8766,1.4876399999999999
137,charge,82.8492,1.49084
137,charge,84.8218,1.49404
137,charge,86.7944,1.49724
137,charge,88.767,1.50044
137,charge,90.7396,1.5036399999999999
137,charge,92.7122,1.50684
137,charge,94.6848,1.51004
137,charge,96.6574,1.51324
137,charge,98.63,1.51644
137,discharge,0.0,1.207571916
137,discharge,1.9316882759999998,1.205171916
137,discharge,3.8633765519999996,1.2027719159999999
137,discharge,5.795064827999999,1.200371916
137,discharge,7.726753103999999,1.197971916
137,discharge,9.65844138,1.195571916
137,discharge,11.590129655999998,1.193171916
137,discharge,13.521817932000001,1.1907719159999999
137,discharge,15.453506207999999,1.188371916
137,discharge,17.385194484,1.185971916
137,discharge,19.31688276,1.183571916
137,discharge,21.248571035999998,1.181171916
137,discharge,23.180259311999997,1.1787719159999999
137,discharge,25.111947588,1.176371916
137,discharge,27.043635864000002,1.173971916
137,discharge,28.975324139999998,1.171571916
137,discharge,30.907012415999997,1.169171916
137,discharge,32.838700692,1.166771916
137,discharge,34.770388968,1.164371916
137,discharge,36.702077243999994,1.161971916
137,discharge,38.63376552,1.159571916
137,discharge,40.56545379599999,1.157171916
137,discharge,42.497142071999995,1.154771916
137,discharge,44.428830348,1.1523719159999999
137,discharge,46.360518623999994,1.149971916
137,discharge,48.2922069,1.147571916
137,discharge,50.223895176,1.145171916
137,discharge,52.155583452,1.142771916
137,discharge,54.087271728000005,1.1403719159999999
137,discharge,56.01896000399999,1.137971916
137,discharge,57.950648279999996,1.135571916
137,discharge,59.882336556,1.133171916
137,discharge,61.814024831999994,1.130771916
137,discharge,63.745713108,1.1283719159999999
137,discharge,65.677401384,1.125971916
137,discharge,67.60908966,1.123571916
137,discharge,69.540777936,1.121171916
137,discharge,71.472466212,1.118771916
137,discharge,73.40415448799999,1.116371916
137,discharge,75.33584276399999,1.113971916
137,discharge,77.26753104,1.111571916
137,discharge,79.199219316,1.109171916
137,discharge,81.13090759199999,1.106771916
137,discharge,83.06259586799999,1.104371916
137,discharge,84.99428414399999,1.1019719159999999
137,discharge,86.92597242,1.099571916
137,discharge,88.857660696,1.097171916
137,discharge,90.789348972,1.094771916
137,discharge,92.72103724799999,1.092371916
137,discharge,94.65272552399999,1.0899719159999999
137,discharge,96.5844138,1.087571916
138,charge,0.0,1.3565599999999998
138,charge,1.9724000000000002,1.3597599999999999
138,charge,3.9448000000000003,1.3629599999999997
138,charge,5.9172,1.3661599999999998
138,charge,7.889600000000001,1.36936
138,charge,9.862000000000002,1.3725599999999998
138,charge,11.8344,1.3757599999999999
138,charge,13.806800000000003,1.3789599999999997
138,charge,15.779200000000001,1.3821599999999998
138,charge,17.7516,1.38536
138,charge,19.724000000000004,1.3885599999999998
138,charge,21.6964,1.3917599999999999
138,charge,23.6688,1.3949599999999998
138,charge,25.6412,1.3981599999999998
138,charge,27.613600000000005,1.40136
138,charge,29.586,1.4045599999999998
138,charge,31.558400000000002,1.40776
138,charge,33.530800000000006,1.4109599999999998
138,charge,35.5032,1.4141599999999999
138,charge,37.4756,1.4173599999999997
138,charge,39.44800000000001,1.4205599999999998
138,charge,41.4204,1.42376
138,charge,43.3928,1.4269599999999998
138,charge,45.3652,1.4301599999999999
138,charge,47.3376,1.4333599999999997
138,charge,49.31,1.4365599999999998
138,charge,51.2824,1.43976
138,charge,53.2548,1.4429599999999998
138,charge,55.22720000000001,1.44616
138,charge,57.1996,1.4493599999999998
138,charge,59.172,1.4525599999999999
138,charge,61.144400000000005,1.45576
138,charge,63.116800000000005,1.4589599999999998
138,charge,65.0892,1.46216
138,charge,67.06160000000001,1.4653599999999998
138,charge,69.034,1.4685599999999999
138,charge,71.0064,1.4717599999999997
138,charge,72.9788,1.4749599999999998
138,charge,74.9512,1.47816
138,charge,76.92360000000001,1.4813599999999998
138,charge,78.89600000000002,1.4845599999999999
138,charge,80.86840000000001,1.4877599999999997
138,charge,82.8408,1.4909599999999998
138,charge,84.81320000000001,1.49416
138,charge,86.7856,1.4973599999999998
138,charge,88.75800000000001,1.50056
138,charge,90.7304,1.5037599999999998
138,charge,92.70280000000001,1.5069599999999999
138,charge,94.6752,1.51016
138,charge,96.6476,1.5133599999999998
138,charge,98.62,1.51656
138,discharge,0.0,1.207236816
138,discharge,1.9314529760000003,1.204836816
138,discharge,3.8629059520000006,1.2024368159999999
138,discharge,5.794358928,1.200036816
138,discharge,7.725811904000001,1.197636816
138,discharge,9.657264880000001,1.195236816
138,discharge,11.588717856,1.192836816
138,discharge,13.520170832000003,1.1904368159999998
138,discharge,15.451623808000003,1.1880368159999999
138,discharge,17.383076784,1.185636816
138,discharge,19.314529760000003,1.183236816
138,discharge,21.245982736000002,1.180836816
138,discharge,23.177435712,1.1784368159999998
138,discharge,25.108888688000004,1.1760368159999999
138,discharge,27.040341664000007,1.173636816
138,discharge,28.971794640000002,1.171236816
138,discharge,30.903247616000005,1.168836816
138,discharge,32.834700592000004,1.166436816
138,discharge,34.766153568,1.1640368159999999
138,discharge,36.697606544,1.161636816
138,discharge,38.629059520000006,1.159236816
138,discharge,40.560512496,1.156836816
138,discharge,42.491965472000004,1.154436816
138,discharge,44.42341844800001,1.1520368159999999
138,discharge,46.354871424,1.149636816
138,discharge,48.286324400000005,1.147236816
138,discharge,50.21777737600001,1.144836816
138,discharge,52.14923035200001,1.142436816
138,discharge,54.08068332800001,1.1400368159999998
138,discharge,56.012136304,1.1376368159999999
138,discharge,57.943589280000005,1.135236816
138,discharge,59.87504225600001,1.132836816
138,discharge,61.80649523200001,1.130436816
138,discharge,63.73794820800001,1.1280368159999998
138,discharge,65.66940118400001,1.1256368159999999
138,discharge,67.60085416000001,1.123236816
138,discharge,69.532307136,1.120836816
138,discharge,71.463760112,1.118436816
138,discharge,73.395213088,1.116036816
138,discharge,75.32666606400001,1.1136368159999999
138,discharge,77.25811904000001,1.111236816
138,discharge,79.18957201600001,1.108836816
138,discharge,81.121024992,1.106436816
138,discharge,83.052477968,1.104036816
138,discharge,84.98393094400001,1.1016368159999999
138,discharge,86.91538392000001,1.099236816
138,discharge,88.84683689600001,1.096836816
138,discharge,90.77828987200002,1.094436816
138,discharge,92.709742848,1.092036816
138,discharge,94.64119582400001,1.0896368159999998
138,discharge,96.57264880000001,1.0872368159999999
139,charge,0.0,1.3566799999999999
139,charge,1.9722,1.35988
139,charge,3.9444,1.36308
139,charge,5.9166,1.36628
139,charge,7.8888,1.36948
139,charge,9.861,1.37268
139,charge,11.8332,1.37588
139,charge,13.8054,1.3790799999999999
139,charge,15.7776,1.38228
139,charge,17.7498,1.38548
139,charge,19.722,1.38868
139,charge,21.6942,1.39188
139,charge,23.6664,1.3950799999999999
139,charge,25.6386,1.39828
139,charge,27.6108,1.40148
139,charge,29.583,1.40468
139,charge,31.5552,1.40788
139,charge,33.5274,1.41108
139,charge,35.4996,1.41428
139,charge,37.4718,1.4174799999999999
139,charge,39.444,1.42068
139,charge,41.416199999999996,1.42388
139,charge,43.3884,1.42708
139,charge,45.360600000000005,1.43028
139,charge,47.3328,1.4334799999999999
139,charge,49.305,1.43668
139,charge,51.2772,1.43988
139,charge,53.2494,1.44308
139,charge,55.2216,1.44628
139,charge,57.193799999999996,1.4494799999999999
139,charge,59.166,1.45268
139,charge,61.1382,1.45588
139,charge,63.1104,1.45908
139,charge,65.0826,1.46228
139,charge,67.0548,1.46548
139,charge,69.027,1.46868
139,charge,70.9992,1.4718799999999999
139,charge,72.9714,1.47508
139,charge,74.9436,1.47828
139,charge,76.9158,1.48148
139,charge,78.888,1.48468
139,charge,80.8602,1.4878799999999999
139,charge,82.83239999999999,1.49108
139,charge,84.8046,1.49428
139,charge,86.7768,1.49748
139,charge,88.749,1.50068
139,charge,90.72120000000001,1.5038799999999999
139,charge,92.69340000000001,1.50708
139,charge,94.6656,1.5102799999999998
139,charge,96.6378,1.51348
139,charge,98.61,1.51668
139,discharge,0.0,1.206901644
139,discharge,1.9312176840000002,1.204501644
139,discharge,3.8624353680000003,1.2021016439999999
139,discharge,5.793653052,1.199701644
139,discharge,7.724870736000001,1.197301644
139,discharge,9.656088420000001,1.194901644
139,discharge,11.587306104,1.192501644
139,discharge,13.518523788000001,1.1901016439999998
139,discharge,15.449741472000001,1.187701644
139,discharge,17.380959156,1.185301644
139,discharge,19.312176840000003,1.182901644
139,discharge,21.243394524,1.180501644
139,discharge,23.174612208,1.1781016439999998
139,discharge,25.105829892000003,1.1757016439999999
139,discharge,27.037047576000003,1.173301644
139,discharge,28.96826526,1.170901644
139,discharge,30.899482944000003,1.168501644
139,discharge,32.830700628,1.1661016439999998
139,discharge,34.761918312,1.1637016439999999
139,discharge,36.693135996,1.161301644
139,discharge,38.624353680000006,1.158901644
139,discharge,40.555571364,1.156501644
139,discharge,42.486789048,1.154101644
139,discharge,44.418006732,1.1517016439999999
139,discharge,46.349224416,1.149301644
139,discharge,48.2804421,1.146901644
139,discharge,50.211659784000005,1.144501644
139,discharge,52.14287746800001,1.142101644
139,discharge,54.074095152000005,1.1397016439999998
139,discharge,56.005312836,1.137301644
139,discharge,57.93653052,1.134901644
139,discharge,59.867748204,1.132501644
139,discharge,61.798965888000005,1.130101644
139,discharge,63.73018357200001,1.1277016439999998
139,discharge,65.661401256,1.1253016439999999
139,discharge,67.59261894000001,1.122901644
139,discharge,69.523836624,1.120501644
139,discharge,71.455054308,1.118101644
139,discharge,73.386271992,1.115701644
139,discharge,75.31748967600001,1.1133016439999999
139,discharge,77.24870736000001,1.110901644
139,discharge,79.17992504400002,1.108501644
139,discharge,81.111142728,1.106101644
139,discharge,83.04236041200001,1.103701644
139,discharge,84.973578096,1.1013016439999999
139,discharge,86.90479578,1.098901644
139,discharge,88.836013464,1.096501644
139,discharge,90.76723114800001,1.094101644
139,discharge,92.698448832,1.091701644
139,discharge,94.629666516,1.0893016439999998
139,discharge,96.5608842,1.086901644
140,charge,0.0,1.3567999999999998
140,charge,1.972,1.3599999999999999
140,charge,3.944,1.3632
140,charge,5.9159999999999995,1.3663999999999998
140,charge,7.888,1.3696
140,charge,9.86,1.3727999999999998
140,charge,11.831999999999999,1.376
140,charge,13.804,1.3791999999999998
140,charge,15.776,1.3823999999999999
140,charge,17.747999999999998,1.3856
140,charge,19.72,1.3887999999999998
140,charge,21.692,1.392
140,charge,23.663999999999998,1.3951999999999998
140,charge,25.636,1.3983999999999999
140,charge,27.608,1.4016
140,charge,29.58,1.4047999999999998
140,charge,31.552,1.408
140,charge,33.524,1.4111999999999998
140,charge,35.495999999999995,1.4143999999999999
140,charge,37.467999999999996,1.4175999999999997
140,charge,39.44,1.4207999999999998
140,charge,41.412,1.424
140,charge,43.384,1.4271999999999998
140,charge,45.356,1.4304
140,charge,47.327999999999996,1.4335999999999998
140,charge,49.3,1.4367999999999999
140,charge,51.272,1.44
140,charge,53.244,1.4431999999999998
140,charge,55.216,1.4464
140,charge,57.187999999999995,1.4495999999999998
140,charge,59.16,1.4527999999999999
140,charge,61.132,1.456
140,charge,63.104,1.4591999999999998
140,charge,65.076,1.4624
140,charge,67.048,1.4655999999999998
140,charge,69.02,1.4687999999999999
140,charge,70.99199999999999,1.4719999999999998
140,charge,72.964,1.4751999999999998
140,charge,74.93599999999999,1.4784
140,charge,76.908,1.4815999999999998
140,charge,78.88,1.4848
140,charge,80.852,1.4879999999999998
140,charge,82.824,1.4911999999999999
140,charge,84.79599999999999,1.4944
140,charge,86.768,1.4975999999999998
140,charge,88.74,1.5008
140,charge,90.712,1.5039999999999998
140,charge,92.684,1.5071999999999999
140,charge,94.65599999999999,1.5103999999999997
140,charge,96.62799999999999,1.5135999999999998
140,charge,98.6,1.5168
140,discharge,0.0,1.2065663999999998
140,discharge,1.9309823999999998,1.2041663999999999
140,discharge,3.8619647999999995,1.2017663999999997
140,discharge,5.792947199999999,1.1993663999999997
140,discharge,7.723929599999999,1.1969663999999998
140,discharge,9.654912,1.1945663999999998
140,discharge,11.585894399999997,1.1921663999999998
140,discharge,13.5168768,1.1897663999999997
140,discharge,15.447859199999998,1.1873663999999997
140,discharge,17.378841599999998,1.1849663999999998
140,discharge,19.309824,1.1825663999999998
140,discharge,21.240806399999997,1.1801663999999998
140,discharge,23.171788799999995,1.1777663999999997
140,discharge,25.1027712,1.1753663999999997
140,discharge,27.0337536,1.1729663999999997
140,discharge,28.964735999999995,1.1705663999999998
140,discharge,30.895718399999996,1.1681663999999998
140,discharge,32.8267008,1.1657663999999999
140,discharge,34.757683199999995,1.1633663999999997
140,discharge,36.68866559999999,1.1609663999999997
140,discharge,38.619648,1.1585663999999998
140,discharge,40.550630399999996,1.1561663999999998
140,discharge,42.48161279999999,1.1537663999999999
140,discharge,44.4125952,1.1513663999999997
140,discharge,46.34357759999999,1.1489663999999997
140,discharge,48.274559999999994,1.1465663999999998
140,discharge,50.2055424,1.1441663999999998
140,discharge,52.1365248,1.1417663999999998
140,discharge,54.0675072,1.1393663999999997
140,discharge,55.99848959999999,1.1369663999999997
140,discharge,57.92947199999999,1.1345663999999998
140,discharge,59.860454399999995,1.1321663999999998
140,discharge,61.79143679999999,1.1297663999999998
140,discharge,63.7224192,1.1273663999999997
140,discharge,65.6534016,1.1249663999999997
140,discharge,67.584384,1.1225663999999997
140,discharge,69.51536639999999,1.1201663999999998
140,discharge,71.4463488,1.1177663999999998
140,discharge,73.37733119999999,1.1153663999999999
140,discharge,75.30831359999999,1.1129663999999997
140,discharge,77.239296,1.1105663999999997
140,discharge,79.1702784,1.1081663999999998
140,discharge,81.10126079999999,1.1057663999999998
140,discharge,83.03224319999998,1.1033663999999999
140,discharge,84.96322559999999,1.1009663999999997
140,discharge,86.89420799999999,1.0985663999999997
140,discharge,88.8251904,1.0961663999999998
140,discharge,90.75617279999999,1.0937663999999998
140,discharge,92.68715519999998,1.0913663999999998
140,discharge,94.61813759999998,1.0889663999999997
140,discharge,96.54911999999999,1.0865663999999997
141,charge,0.0,1.35692
141,charge,1.9718000000000002,1.36012
141,charge,3.9436000000000004,1.3633199999999999
141,charge,5.9154,1.36652
141,charge,7.887200000000001,1.36972
141,charge,9.859000000000002,1.37292
141,charge,11.8308,1.37612
141,charge,13.802600000000002,1.3793199999999999
141,charge,15.774400000000002,1.38252
141,charge,17.746199999999998,1.38572
141,charge,19.718000000000004,1.38892
141,charge,21.6898,1.39212
141,charge,23.6616,1.39532
141,charge,25.6334,1.39852
141,charge,27.605200000000004,1.40172
141,charge,29.576999999999998,1.40492
141,charge,31.548800000000004,1.40812
141,charge,33.5206,1.41132
141,charge,35.492399999999996,1.41452
141,charge,37.464200000000005,1.4177199999999999
141,charge,39.43600000000001,1.42092
141,charge,41.4078,1.42412
141,charge,43.3796,1.42732
141,charge,45.351400000000005,1.43052
141,charge,47.3232,1.4337199999999999
141,charge,49.295,1.43692
141,charge,51.2668,1.44012
141,charge,53.238600000000005,1.44332
141,charge,55.21040000000001,1.44652
141,charge,57.182199999999995,1.44972
141,charge,59.153999999999996,1.45292
141,charge,61.1258,1.45612
141,charge,63.09760000000001,1.45932
141,charge,65.0694,1.46252
141,charge,67.0412,1.46572
141,charge,69.013,1.46892
141,charge,70.98479999999999,1.4721199999999999
141,charge,72.9566,1.47532
141,charge,74.92840000000001,1.47852
141,charge,76.90020000000001,1.48172
141,charge,78.87200000000001,1.48492
141,charge,80.84380000000002,1.4881199999999999
141,charge,82.8156,1.49132
141,charge,84.7874,1.49452
141,charge,86.7592,1.49772
141,charge,88.73100000000001,1.50092
141,charge,90.70280000000001,1.50412
141,charge,92.67460000000001,1.50732
141,charge,94.6464,1.51052
141,charge,96.6182,1.51372
141,charge,98.59,1.51692
141,discharge,0.0,1.206231084
141,discharge,1.9307471239999998,1.203831084
141,discharge,3.8614942479999996,1.2014310839999998
141,discharge,5.7922413719999994,1.1990310839999998
141,discharge,7.722988495999999,1.1966310839999998
141,discharge,9.653735619999999,1.1942310839999999
141,discharge,11.584482743999999,1.191831084
141,discharge,13.515229868,1.1894310839999997
141,discharge,15.445976991999999,1.1870310839999998
141,discharge,17.376724116,1.1846310839999998
141,discharge,19.307471239999998,1.1822310839999999
141,discharge,21.238218363999998,1.179831084
141,discharge,23.168965487999998,1.1774310839999997
141,discharge,25.099712611999998,1.1750310839999998
141,discharge,27.030459736,1.1726310839999998
141,discharge,28.961206859999997,1.1702310839999999
141,discharge,30.891953983999997,1.167831084
141,discharge,32.822701108,1.1654310839999997
141,discharge,34.753448232,1.1630310839999998
141,discharge,36.684195356,1.1606310839999998
141,discharge,38.614942479999996,1.1582310839999999
141,discharge,40.545689603999996,1.155831084
141,discharge,42.476436727999996,1.153431084
141,discharge,44.407183851999996,1.1510310839999998
141,discharge,46.337930975999996,1.1486310839999998
141,discharge,48.268678099999995,1.1462310839999998
141,discharge,50.199425223999995,1.1438310839999999
141,discharge,52.130172347999995,1.141431084
141,discharge,54.060919472,1.1390310839999997
141,discharge,55.99166659599999,1.1366310839999998
141,discharge,57.922413719999994,1.1342310839999998
141,discharge,59.853160843999994,1.1318310839999999
141,discharge,61.783907967999994,1.129431084
141,discharge,63.714655091999994,1.1270310839999997
141,discharge,65.645402216,1.1246310839999998
141,discharge,67.57614934,1.1222310839999998
141,discharge,69.506896464,1.1198310839999999
141,discharge,71.43764358799999,1.117431084
141,discharge,73.368390712,1.115031084
141,discharge,75.299137836,1.1126310839999998
141,discharge,77.22988495999999,1.1102310839999998
141,discharge,79.160632084,1.1078310839999999
141,discharge,81.09137920799999,1.105431084
141,discharge,83.02212633199998,1.103031084
141,discharge,84.95287345599999,1.1006310839999998
141,discharge,86.88362058,1.0982310839999998
141,discharge,88.81436770399999,1.0958310839999998
141,discharge,90.745114828,1.0934310839999999
141,discharge,92.67586195199999,1.091031084
141,discharge,94.60660907599998,1.0886310839999997
141,discharge,96.53735619999999,1.0862310839999998
142,charge,0.0,1.3570399999999998
142,charge,1.9716,1.36024
142,charge,3.9432,1.3634399999999998
142,charge,5.9148,1.3666399999999999
142,charge,7.8864,1.36984
142,charge,9.858,1.3730399999999998
142,charge,11.8296,1.37624
142,charge,13.801200000000001,1.3794399999999998
142,charge,15.7728,1.3826399999999999
142,charge,17.7444,1.38584
142,charge,19.716,1.3890399999999998
142,charge,21.6876,1.39224
142,charge,23.6592,1.3954399999999998
142,charge,25.6308,1.3986399999999999
142,charge,27.602400000000003,1.40184
142,charge,29.573999999999998,1.4050399999999998
142,charge,31.5456,1.40824
142,charge,33.5172,1.4114399999999998
142,charge,35.4888,1.41464
142,charge,37.4604,1.4178399999999998
142,charge,39.432,1.4210399999999999
142,charge,41.4036,1.42424
142,charge,43.3752,1.4274399999999998
142,charge,45.3468,1.43064
142,charge,47.3184,1.4338399999999998
142,charge,49.29,1.4370399999999999
142,charge,51.2616,1.44024
142,charge,53.233200000000004,1.4434399999999998
142,charge,55.204800000000006,1.44664
142,charge,57.176399999999994,1.4498399999999998
142,charge,59.147999999999996,1.4530399999999999
142,charge,61.1196,1.45624
142,charge,63.0912,1.4594399999999998
142,charge,65.0628,1.46264
142,charge,67.0344,1.4658399999999998
142,charge,69.006,1.46904
142,charge,70.9776,1.4722399999999998
142,charge,72.9492,1.4754399999999999
142,charge,74.9208,1.47864
142,charge,76.8924,1.4818399999999998
142,charge,78.864,1.48504
142,charge,80.8356,1.4882399999999998
142,charge,82.8072,1.4914399999999999
142,charge,84.7788,1.49464
142,charge,86.7504,1.4978399999999998
142,charge,88.722,1.50104
142,charge,90.6936,1.5042399999999998
142,charge,92.6652,1.50744
142,charge,94.6368,1.51064
142,charge,96.6084,1.5138399999999999
142,charge,98.58,1.51704
142,discharge,0.0,1.205895696
142,discharge,1.930511856,1.203495696
142,discharge,3.861023712,1.2010956959999999
142,discharge,5.791535568,1.198695696
142,discharge,7.722047424,1.196295696
142,discharge,9.65255928,1.193895696
142,discharge,11.583071136,1.191495696
142,discharge,13.513582992000002,1.1890956959999999
142,discharge,15.444094848,1.186695696
142,discharge,17.374606703999998,1.184295696
142,discharge,19.30511856,1.181895696
142,discharge,21.235630416,1.179495696
142,discharge,23.166142272,1.1770956959999999
142,discharge,25.096654128,1.174695696
142,discharge,27.027165984000003,1.172295696
142,discharge,28.95767784,1.169895696
142,discharge,30.888189696,1.167495696
142,discharge,32.818701552,1.1650956959999998
142,discharge,34.749213407999996,1.162695696
142,discharge,36.679725264,1.160295696
142,discharge,38.61023712,1.157895696
142,discharge,40.540748975999996,1.155495696
142,discharge,42.471260832,1.153095696
142,discharge,44.401772688,1.1506956959999999
142,discharge,46.332284544,1.148295696
142,discharge,48.2627964,1.145895696
142,discharge,50.193308256,1.143495696
142,discharge,52.123820112000004,1.141095696
142,discharge,54.05433196800001,1.1386956959999999
142,discharge,55.984843823999995,1.136295696
142,discharge,57.91535568,1.133895696
142,discharge,59.845867536,1.131495696
142,discharge,61.776379392,1.129095696
142,discharge,63.706891248000005,1.1266956959999999
142,discharge,65.637403104,1.124295696
142,discharge,67.56791496000001,1.121895696
142,discharge,69.49842681599999,1.119495696
142,discharge,71.428938672,1.117095696
142,discharge,73.359450528,1.114695696
142,discharge,75.289962384,1.112295696
142,discharge,77.22047424,1.109895696
142,discharge,79.15098609600001,1.107495696
142,discharge,81.08149795199999,1.105095696
142,discharge,83.012009808,1.102695696
142,discharge,84.942521664,1.1002956959999999
142,discharge,86.87303352,1.097895696
142,discharge,88.803545376,1.095495696
142,discharge,90.734057232,1.093095696
142,discharge,92.664569088,1.090695696
142,discharge,94.595080944,1.0882956959999999
142,discharge,96.5255928,1.085895696
143,charge,0.0,1.35716
143,charge,1.9713999999999998,1.36036
143,charge,3.9427999999999996,1.36356
143,charge,5.914199999999999,1.36676
143,charge,7.885599999999999,1.36996
143,charge,9.857,1.37316
143,charge,11.828399999999998,1.37636
143,charge,13.799800000000001,1.37956
143,charge,15.771199999999999,1.38276
143,charge,17.7426,1.38596
143,charge,19.714,1.38916
143,charge,21.685399999999998,1.39236
143,charge,23.656799999999997,1.39556
143,charge,25.6282,1.39876
143,charge,27.599600000000002,1.40196
143,charge,29.570999999999998,1.40516
143,charge,31.542399999999997,1.40836
143,charge,33.5138,1.41156
143,charge,35.4852,1.41476
143,charge,37.456599999999995,1.4179599999999999
143,charge,39.428,1.42116
143,charge,41.39939999999999,1.42436
143,charge,43.370799999999996,1.42756
143,charge,45.3422,1.43076
143,charge,47.313599999999994,1.43396
143,charge,49.285,1.43716
143,charge,51.2564,1.44036
143,charge,53.2278,1.44356
143,charge,55.199200000000005,1.44676
143,charge,57.17059999999999,1.44996
143,charge,59.141999999999996,1.45316
143,charge,61.1134,1.45636
143,charge,63.084799999999994,1.45956
143,charge,65.0562,1.46276
143,charge,67.0276,1.46596
143,charge,68.999,1.46916
143,charge,70.9704,1.47236
143,charge,72.9418,1.47556
143,charge,74.91319999999999,1.47876
143,charge,76.88459999999999,1.48196
143,charge,78.856,1.48516
143,charge,80.8274,1.48836
143,charge,82.79879999999999,1.49156
143,charge,84.77019999999999,1.49476
143,charge,86.74159999999999,1.49796
143,charge,88.713,1.50116
143,charge,90.6844,1.50436
143,charge,92.6558,1.50756
143,charge,94.62719999999999,1.5107599999999999
143,charge,96.59859999999999,1.51396
143,charge,98.57,1.51716
143,discharge,0.0,1.205560236
143,discharge,1.930276596,1.203160236
143,discharge,3.860553192,1.2007602359999998
143,discharge,5.790829788,1.1983602359999999
143,discharge,7.721106384,1.195960236
143,discharge,9.651382980000001,1.193560236
143,discharge,11.581659576,1.191160236
143,discharge,13.511936172,1.1887602359999998
143,discharge,15.442212768,1.1863602359999998
143,discharge,17.372489364,1.1839602359999999
143,discharge,19.302765960000002,1.181560236
143,discharge,21.233042556,1.179160236
143,discharge,23.163319152,1.1767602359999998
143,discharge,25.093595748,1.1743602359999998
143,discharge,27.023872344,1.1719602359999999
143,discharge,28.954148939999996,1.169560236
143,discharge,30.884425536,1.167160236
143,discharge,32.814702132,1.1647602359999998
143,discharge,34.744978728,1.1623602359999998
143,discharge,36.675255324,1.1599602359999999
143,discharge,38.605531920000004,1.157560236
143,discharge,40.535808515999996,1.155160236
143,discharge,42.466085112,1.152760236
143,discharge,44.396361708,1.1503602359999998
143,discharge,46.326638304,1.1479602359999999
143,discharge,48.2569149,1.145560236
143,discharge,50.187191496,1.143160236
143,discharge,52.117468092,1.140760236
143,discharge,54.047744688,1.1383602359999998
143,discharge,55.97802128399999,1.1359602359999998
143,discharge,57.90829787999999,1.1335602359999999
143,discharge,59.838574476,1.131160236
143,discharge,61.768851072,1.128760236
143,discharge,63.699127668,1.1263602359999998
143,discharge,65.629404264,1.1239602359999998
143,discharge,67.55968086,1.1215602359999999
143,discharge,69.489957456,1.119160236
143,discharge,71.420234052,1.116760236
143,discharge,73.350510648,1.114360236
143,discharge,75.280787244,1.1119602359999998
143,discharge,77.21106384000001,1.1095602359999999
143,discharge,79.14134043600001,1.107160236
143,discharge,81.07161703199999,1.104760236
143,discharge,83.00189362799999,1.102360236
143,discharge,84.932170224,1.0999602359999998
143,discharge,86.86244682,1.0975602359999999
143,discharge,88.792723416,1.095160236
143,discharge,90.723000012,1.092760236
143,discharge,92.653276608,1.090360236
143,discharge,94.583553204,1.0879602359999998
143,discharge,96.5138298,1.0855602359999998
144,charge,0.0,1.3572799999999998
144,charge,1.9712,1.36048
144,charge,3.9424,1.36368
144,charge,5.9136,1.3668799999999999
144,charge,7.8848,1.37008
144,charge,9.856000000000002,1.3732799999999998
144,charge,11.8272,1.37648
144,charge,13.7984,1.3796799999999998
144,charge,15.7696,1.3828799999999999
144,charge,17.7408,1.38608
144,charge,19.712000000000003,1.3892799999999998
144,charge,21.6832,1.39248
144,charge,23.6544,1.3956799999999998
144,charge,25.625600000000002,1.39888
144,charge,27.5968,1.40208
144,charge,29.567999999999998,1.4052799999999999
144,charge,31.5392,1.40848
144,charge,33.510400000000004,1.4116799999999998
144,charge,35.4816,1.41488
144,charge,37.4528,1.4180799999999998
144,charge,39.42400000000001,1.4212799999999999
144,charge,41.3952,1.42448
144,charge,43.3664,1.4276799999999998
144,charge,45.3376,1.43088
144,charge,47.3088,1.4340799999999998
144,charge,49.28,1.43728
144,charge,51.251200000000004,1.44048
144,charge,53.22240000000001,1.4436799999999999
144,charge,55.1936,1.44688
144,charge,57.1648,1.4500799999999998
144,charge,59.135999999999996,1.45328
144,charge,61.1072,1.45648
144,charge,63.0784,1.4596799999999999
144,charge,65.0496,1.46288
144,charge,67.02080000000001,1.4660799999999998
144,charge,68.992,1.46928
144,charge,70.9632,1.4724799999999998
144,charge,72.9344,1.4756799999999999
144,charge,74.9056,1.47888
144,charge,76.8768,1.4820799999999998
144,charge,78.84800000000001,1.48528
144,charge,80.81920000000001,1.4884799999999998
144,charge,82.7904,1.49168
144,charge,84.7616,1.49488
144,charge,86.7328,1.4980799999999999
144,charge,88.70400000000001,1.50128
144,charge,90.6752,1.5044799999999998
144,charge,92.64640000000001,1.50768
144,charge,94.6176,1.5108799999999998
144,charge,96.5888,1.5140799999999999
144,charge,98.56,1.51728
144,discharge,0.0,1.205224704
144,discharge,1.930041344,1.202824704
144,discharge,3.860082688,1.2004247039999998
144,discharge,5.790124032,1.1980247039999998
144,discharge,7.720165376,1.1956247039999999
144,discharge,9.65020672,1.193224704
144,discharge,11.580248064,1.190824704
144,discharge,13.510289408000002,1.1884247039999998
144,discharge,15.440330752,1.1860247039999998
144,discharge,17.370372096,1.1836247039999999
144,discharge,19.30041344,1.181224704
144,discharge,21.230454784,1.178824704
144,discharge,23.160496128,1.1764247039999998
144,discharge,25.090537472,1.1740247039999998
144,discharge,27.020578816000004,1.1716247039999999
144,discharge,28.95062016,1.169224704
144,discharge,30.880661504,1.166824704
144,discharge,32.810702848000005,1.164424704
144,discharge,34.740744192,1.1620247039999998
144,discharge,36.670785536,1.1596247039999998
144,discharge,38.60082688,1.1572247039999999
144,discharge,40.530868223999995,1.154824704
144,discharge,42.460909568,1.152424704
144,discharge,44.390950912,1.1500247039999998
144,discharge,46.320992256,1.1476247039999998
144,discharge,48.2510336,1.1452247039999999
144,discharge,50.181074944,1.142824704
144,discharge,52.111116288000005,1.140424704
144,discharge,54.04115763200001,1.1380247039999998
144,discharge,55.971198976,1.1356247039999998
144,discharge,57.90124032,1.1332247039999999
144,discharge,59.831281664,1.130824704
144,discharge,61.761323008,1.128424704
144,discharge,63.691364352,1.1260247039999998
144,discharge,65.62140569600001,1.1236247039999998
144,discharge,67.55144704,1.1212247039999998
144,discharge,69.481488384,1.118824704
144,discharge,71.411529728,1.116424704
144,discharge,73.341571072,1.114024704
144,discharge,75.271612416,1.1116247039999998
144,discharge,77.20165376,1.1092247039999998
144,discharge,79.131695104,1.1068247039999999
144,discharge,81.06173644799999,1.104424704
144,discharge,82.991777792,1.102024704
144,discharge,84.921819136,1.0996247039999998
144,discharge,86.85186048,1.0972247039999998
144,discharge,88.781901824,1.0948247039999999
144,discharge,90.711943168,1.092424704
144,discharge,92.641984512,1.090024704
144,discharge,94.572025856,1.0876247039999998
144,discharge,96.5020672,1.0852247039999998
145,charge,0.0,1.3574
145,charge,1.971,1.3606
145,charge,3.942,1.3638
145,charge,5.912999999999999,1.367
145,charge,7.884,1.3702
145,charge,9.855,1.3734
145,charge,11.825999999999999,1.3766
145,charge,13.797,1.3798
145,charge,15.768,1.383
145,charge,17.738999999999997,1.3862
145,charge,19.71,1.3894
145,charge,21.681,1.3926
145,charge,23.651999999999997,1.3958
145,charge,25.623,1.399
145,charge,27.594,1.4022000000000001
145,charge,29.564999999999998,1.4054
145,charge,31.536,1.4086
145,charge,33.507,1.4118
145,charge,35.477999999999994,1.415
145,charge,37.449,1.4182
145,charge,39.42,1.4214
145,charge,41.391,1.4246
145,charge,43.362,1.4278
145,charge,45.333,1.431
145,charge,47.303999999999995,1.4342
145,charge,49.275,1.4374
145,charge,51.246,1.4406
145,charge,53.217,1.4438
145,charge,55.188,1.447
145,charge,57.15899999999999,1.4502
145,charge,59.129999999999995,1.4534
145,charge,61.101,1.4566000000000001
145,charge,63.072,1.4598
145,charge,65.043,1.463
145,charge,67.014,1.4662
145,charge,68.985,1.4694
145,charge,70.95599999999999,1.4726
145,charge,72.92699999999999,1.4758
145,charge,74.898,1.479
145,charge,76.869,1.4822
145,charge,78.84,1.4854
145,charge,80.811,1.4886
145,charge,82.782,1.4918
145,charge,84.753,1.495
145,charge,86.724,1.4982
145,charge,88.695,1.5014
145,charge,90.666,1.5046
145,charge,92.637,1.5078
145,charge,94.60799999999999,1.5110000000000001
145,charge,96.579,1.5142
145,charge,98.55,1.5174
145,discharge,0.0,1.2048891
145,discharge,1.9298061,1.2024891
145,discharge,3.8596122,1.2000890999999998
145,discharge,5.7894182999999995,1.1976890999999998
145,discharge,7.7192244,1.1952890999999999
145,discharge,9.6490305,1.1928891
145,discharge,11.578836599999999,1.1904891
145,discharge,13.5086427,1.1880890999999998
145,discharge,15.4384488,1.1856890999999998
145,discharge,17.368254899999997,1.1832890999999999
145,discharge,19.298061,1.1808891
145,discharge,21.227867099999997,1.1784891
145,discharge,23.157673199999998,1.1760890999999998
145,discharge,25.0874793,1.1736890999999998
145,discharge,27.0172854,1.1712890999999999
145,discharge,28.947091499999996,1.1688891
145,discharge,30.8768976,1.1664891
145,discharge,32.8067037,1.1640891
145,discharge,34.73650979999999,1.1616890999999998
145,discharge,36.6663159,1.1592890999999999
145,discharge,38.596122,1.1568891
145,discharge,40.525928099999994,1.1544891
145,discharge,42.455734199999995,1.1520891
145,discharge,44.385540299999995,1.1496890999999998
145,discharge,46.315346399999996,1.1472890999999998
145,discharge,48.245152499999996,1.1448890999999999
145,discharge,50.1749586,1.1424891
145,discharge,52.1047647,1.1400891
145,discharge,54.0345708,1.1376890999999998
145,discharge,55.96437689999999,1.1352890999999998
145,discharge,57.89418299999999,1.1328890999999999
145,discharge,59.82398909999999,1.1304891
145,discharge,61.7537952,1.1280891
145,discharge,63.6836013,1.1256890999999998
145,discharge,65.6134074,1.1232890999999998
145,discharge,67.54321350000001,1.1208890999999999
145,discharge,69.47301959999999,1.1184891
145,discharge,71.4028257,1.1160891
145,discharge,73.3326318,1.1136891
145,discharge,75.2624379,1.1112890999999998
145,discharge,77.192244,1.1088890999999998
145,discharge,79.1220501,1.1064891
145,discharge,81.05185619999999,1.1040891
145,discharge,82.9816623,1.1016891
145,discharge,84.91146839999999,1.0992890999999998
145,discharge,86.8412745,1.0968890999999998
145,discharge,88.77108059999999,1.0944890999999999
145,discharge,90.7008867,1.0920891
145,discharge,92.63069279999999,1.0896891
145,discharge,94.56049889999998,1.0872890999999998
145,discharge,96.49030499999999,1.0848890999999998
146,charge,0.0,1.3575199999999998
146,charge,1.9708,1.36072
146,charge,3.9416,1.3639199999999998
146,charge,5.9124,1.36712
146,charge,7.8832,1.37032
146,charge,9.854000000000001,1.3735199999999999
146,charge,11.8248,1.37672
146,charge,13.795600000000002,1.3799199999999998
146,charge,15.7664,1.38312
146,charge,17.7372,1.38632
146,charge,19.708000000000002,1.3895199999999999
146,charge,21.678800000000003,1.39272
146,charge,23.6496,1.3959199999999998
146,charge,25.620400000000004,1.39912
146,charge,27.591200000000004,1.40232
146,charge,29.562,1.4055199999999999
146,charge,31.5328,1.40872
146,charge,33.503600000000006,1.4119199999999998
146,charge,35.4744,1.41512
146,charge,37.4452,1.4183199999999998
146,charge,39.416000000000004,1.42152
146,charge,41.3868,1.42472
146,charge,43.357600000000005,1.4279199999999999
146,charge,45.3284,1.43112
146,charge,47.2992,1.4343199999999998
146,charge,49.27,1.43752
146,charge,51.24080000000001,1.44072
146,charge,53.211600000000004,1.4439199999999999
146,charge,55.18240000000001,1.44712
146,charge,57.1532,1.4503199999999998
146,charge,59.124,1.45352
146,charge,61.094800000000006,1.45672
146,charge,63.0656,1.4599199999999999
146,charge,65.0364,1.46312
146,charge,67.00720000000001,1.4663199999999998
146,charge,68.97800000000001,1.46952
146,charge,70.9488,1.4727199999999998
146,charge,72.9196,1.47592
146,charge,74.8904,1.47912
146,charge,76.86120000000001,1.4823199999999999
146,charge,78.83200000000001,1.48552
146,charge,80.8028,1.4887199999999998
146,charge,82.7736,1.49192
146,charge,84.7444,1.49512
146,charge,86.71520000000001,1.4983199999999999
146,charge,88.686,1.50152
146,charge,90.6568,1.5047199999999998
146,charge,92.62760000000002,1.50792
146,charge,94.5984,1.51112
146,charge,96.56920000000001,1.5143199999999999
146,charge,98.54,1.51752
146,discharge,0.0,1.204553424
146,discharge,1.9295708640000002,1.202153424
146,discharge,3.8591417280000004,1.1997534239999998
146,discharge,5.788712592,1.1973534239999999
146,discharge,7.718283456000001,1.194953424
146,discharge,9.64785432,1.192553424
146,discharge,11.577425184,1.190153424
146,discharge,13.506996048000001,1.1877534239999998
146,discharge,15.436566912000002,1.1853534239999999
146,discharge,17.366137776,1.182953424
146,discharge,19.29570864,1.180553424
146,discharge,21.225279504,1.178153424
146,discharge,23.154850368,1.1757534239999998
146,discharge,25.084421232,1.1733534239999999
146,discharge,27.013992096000003,1.170953424
146,discharge,28.94356296,1.168553424
146,discharge,30.873133824000004,1.166153424
146,discharge,32.802704688000006,1.1637534239999998
146,discharge,34.732275552,1.1613534239999999
146,discharge,36.661846416,1.158953424
146,discharge,38.59141728,1.156553424
146,discharge,40.520988144,1.154153424
146,discharge,42.450559008,1.151753424
146,discharge,44.380129872000005,1.1493534239999998
146,discharge,46.309700736,1.1469534239999999
146,discharge,48.2392716,1.144553424
146,discharge,50.168842464,1.142153424
146,discharge,52.09841332800001,1.139753424
146,discharge,54.027984192000005,1.1373534239999998
146,discharge,55.957555056,1.1349534239999999
146,discharge,57.88712592,1.132553424
146,discharge,59.816696784,1.130153424
146,discharge,61.74626764800001,1.127753424
146,discharge,63.675838512000006,1.1253534239999998
146,discharge,65.60540937600001,1.1229534239999999
146,discharge,67.53498024000001,1.120553424
146,discharge,69.464551104,1.118153424
146,discharge,71.39412196800001,1.115753424
146,discharge,73.323692832,1.113353424
146,discharge,75.253263696,1.1109534239999999
146,discharge,77.18283456,1.108553424
146,discharge,79.11240542400002,1.106153424
146,discharge,81.041976288,1.103753424
146,discharge,82.971547152,1.101353424
146,discharge,84.901118016,1.0989534239999998
146,discharge,86.83068888000001,1.0965534239999999
146,discharge,88.76025974400001,1.094153424
146,discharge,90.68983060800001,1.091753424
146,discharge,92.619401472,1.089353424
146,discharge,94.548972336,1.0869534239999998
146,discharge,96.4785432,1.0845534239999999
147,charge,0.0,1.35764
147,charge,1.9706000000000001,1.36084
147,charge,3.9412000000000003,1.3640400000000001
147,charge,5.9117999999999995,1.36724
147,charge,7.8824000000000005,1.37044
147,charge,9.853000000000002,1.37364
147,charge,11.823599999999999,1.37684
147,charge,13.794200000000002,1.38004
147,charge,15.764800000000001,1.38324
147,charge,17.7354,1.3864400000000001
147,charge,19.706000000000003,1.38964
147,charge,21.6766,1.39284
147,charge,23.647199999999998,1.39604
147,charge,25.617800000000003,1.39924
147,charge,27.588400000000004,1.4024400000000001
147,charge,29.558999999999997,1.40564
147,charge,31.529600000000002,1.40884
147,charge,33.5002,1.41204
147,charge,35.4708,1.41524
147,charge,37.4414,1.41844
147,charge,39.412000000000006,1.42164
147,charge,41.3826,1.42484
147,charge,43.3532,1.42804
147,charge,45.323800000000006,1.43124
147,charge,47.294399999999996,1.43444
147,charge,49.265,1.43764
147,charge,51.235600000000005,1.4408400000000001
147,charge,53.2062,1.44404
147,charge,55.17680000000001,1.44724
147,charge,57.1474,1.45044
147,charge,59.117999999999995,1.45364
147,charge,61.0886,1.4568400000000001
147,charge,63.059200000000004,1.46004
147,charge,65.02980000000001,1.46324
147,charge,67.0004,1.46644
147,charge,68.971,1.46964
147,charge,70.9416,1.47284
147,charge,72.9122,1.47604
147,charge,74.8828,1.47924
147,charge,76.85340000000001,1.48244
147,charge,78.82400000000001,1.48564
147,charge,80.7946,1.48884
147,charge,82.7652,1.49204
147,charge,84.7358,1.4952400000000001
147,charge,86.7064,1.49844
147,charge,88.677,1.50164
147,charge,90.64760000000001,1.50484
147,charge,92.6182,1.50804
147,charge,94.58879999999999,1.51124
147,charge,96.5594,1.51444
147,charge,98.53,1.51764
147,discharge,0.0,1.204217676
147,discharge,1.9293356359999998,1.2018176760000001
147,discharge,3.8586712719999996,1.199417676
147,discharge,5.788006907999999,1.197017676
147,discharge,7.717342543999999,1.194617676
147,discharge,9.64667818,1.192217676
147,discharge,11.576013815999998,1.189817676
147,discharge,13.505349452,1.187417676
147,discharge,15.434685087999998,1.185017676
147,discharge,17.364020724,1.182617676
147,discharge,19.29335636,1.180217676
147,discharge,21.222691996,1.177817676
147,discharge,23.152027631999996,1.175417676
147,discharge,25.081363268,1.173017676
147,discharge,27.010698904,1.170617676
147,discharge,28.940034539999996,1.168217676
147,discharge,30.869370175999997,1.165817676
147,discharge,32.798705812,1.163417676
147,discharge,34.728041448,1.161017676
147,discharge,36.657377084,1.158617676
147,discharge,38.58671272,1.156217676
147,discharge,40.516048356,1.153817676
147,discharge,42.445383992,1.1514176760000001
147,discharge,44.374719628,1.149017676
147,discharge,46.30405526399999,1.146617676
147,discharge,48.233390899999996,1.144217676
147,discharge,50.162726536,1.141817676
147,discharge,52.092062172,1.139417676
147,discharge,54.021397808,1.137017676
147,discharge,55.950733443999994,1.134617676
147,discharge,57.88006907999999,1.132217676
147,discharge,59.809404715999996,1.129817676
147,discharge,61.73874035199999,1.127417676
147,discharge,63.668075988,1.125017676
147,discharge,65.597411624,1.122617676
147,discharge,67.52674726000001,1.120217676
147,discharge,69.456082896,1.117817676
147,discharge,71.38541853199999,1.115417676
147,discharge,73.314754168,1.1130176760000001
147,discharge,75.244089804,1.110617676
147,discharge,77.17342544,1.108217676
147,discharge,79.102761076,1.105817676
147,discharge,81.032096712,1.103417676
147,discharge,82.96143234799999,1.1010176760000001
147,discharge,84.890767984,1.098617676
147,discharge,86.82010362,1.096217676
147,discharge,88.749439256,1.093817676
147,discharge,90.67877489199999,1.091417676
147,discharge,92.60811052799998,1.089017676
147,discharge,94.53744616399999,1.086617676
147,discharge,96.46678179999999,1.084217676
148,charge,0.0,1.3577599999999999
148,charge,1.9704,1.36096
148,charge,3.9408,1.36416
148,charge,5.911199999999999,1.36736
148,charge,7.8816,1.37056
148,charge,9.852,1.3737599999999999
148,charge,11.822399999999998,1.37696
148,charge,13.792800000000002,1.3801599999999998
148,charge,15.7632,1.38336
148,charge,17.7336,1.38656
148,charge,19.704,1.3897599999999999
148,charge,21.6744,1.39296
148,charge,23.644799999999996,1.3961599999999998
148,charge,25.6152,1.39936
148,charge,27.585600000000003,1.40256
148,charge,29.555999999999997,1.40576
148,charge,31.5264,1.40896
148,charge,33.4968,1.4121599999999999
148,charge,35.4672,1.41536
148,charge,37.437599999999996,1.4185599999999998
148,charge,39.408,1.42176
148,charge,41.3784,1.42496
148,charge,43.3488,1.4281599999999999
148,charge,45.3192,1.43136
148,charge,47.28959999999999,1.4345599999999998
148,charge,49.26,1.43776
148,charge,51.2304,1.44096
148,charge,53.2008,1.4441599999999999
148,charge,55.171200000000006,1.44736
148,charge,57.1416,1.4505599999999998
148,charge,59.111999999999995,1.45376
148,charge,61.0824,1.45696
148,charge,63.0528,1.46016
148,charge,65.0232,1.46336
148,charge,66.9936,1.4665599999999999
148,charge,68.964,1.46976
148,charge,70.9344,1.4729599999999998
148,charge,72.9048,1.47616
148,charge,74.87519999999999,1.47936
148,charge,76.8456,1.4825599999999999
148,charge,78.816,1.48576
148,charge,80.7864,1.4889599999999998
148,charge,82.7568,1.49216
148,charge,84.7272,1.49536
148,charge,86.6976,1.49856
148,charge,88.66799999999999,1.50176
148,charge,90.6384,1.5049599999999999
148,charge,92.6088,1.50816
148,charge,94.57919999999999,1.5113599999999998
148,charge,96.5496,1.51456
148,charge,98.52,1.51776
148,discharge,0.0,1.203881856
148,discharge,1.929100416,1.201481856
148,discharge,3.858200832,1.1990818559999998
148,discharge,5.7873012479999995,1.1966818559999999
148,discharge,7.716401664,1.194281856
148,discharge,9.64550208,1.191881856
148,discharge,11.574602495999999,1.189481856
148,discharge,13.503702912000001,1.1870818559999998
148,discharge,15.432803328,1.1846818559999999
148,discharge,17.361903744,1.182281856
148,discharge,19.29100416,1.179881856
148,discharge,21.220104576,1.177481856
148,discharge,23.149204991999998,1.1750818559999998
148,discharge,25.078305408000002,1.1726818559999999
148,discharge,27.007405824000003,1.170281856
148,discharge,28.93650624,1.167881856
148,discharge,30.865606656,1.165481856
148,discharge,32.794707072,1.1630818559999998
148,discharge,34.723807488,1.1606818559999998
148,discharge,36.652907904,1.1582818559999999
148,discharge,38.58200832,1.155881856
148,discharge,40.511108736,1.153481856
148,discharge,42.440209152,1.151081856
148,discharge,44.369309568,1.1486818559999998
148,discharge,46.298409983999996,1.1462818559999999
148,discharge,48.2275104,1.143881856
148,discharge,50.156610816000004,1.141481856
148,discharge,52.085711232,1.139081856
148,discharge,54.014811648000006,1.1366818559999998
148,discharge,55.943912063999996,1.1342818559999999
148,discharge,57.87301248,1.131881856
148,discharge,59.802112896,1.129481856
148,discharge,61.731213312,1.127081856
148,discharge,63.660313728000006,1.1246818559999998
148,discharge,65.589414144,1.1222818559999999
148,discharge,67.51851456,1.119881856
148,discharge,69.447614976,1.117481856
148,discharge,71.376715392,1.115081856
148,discharge,73.305815808,1.112681856
148,discharge,75.234916224,1.1102818559999998
148,discharge,77.16401664,1.1078818559999999
148,discharge,79.09311705600001,1.105481856
148,discharge,81.022217472,1.103081856
148,discharge,82.951317888,1.100681856
148,discharge,84.880418304,1.0982818559999998
148,discharge,86.80951872,1.0958818559999999
148,discharge,88.738619136,1.093481856
148,discharge,90.66771955200001,1.091081856
148,discharge,92.59681996799999,1.088681856
148,discharge,94.525920384,1.0862818559999998
148,discharge,96.4550208,1.0838818559999999
149,charge,0.0,1.3578799999999998
149,charge,1.9702000000000002,1.3610799999999998
149,charge,3.9404000000000003,1.36428
149,charge,5.9106000000000005,1.3674799999999998
149,charge,7.880800000000001,1.37068
149,charge,9.851,1.3738799999999998
149,charge,11.821200000000001,1.3770799999999999
149,charge,13.791400000000001,1.3802799999999997
149,charge,15.761600000000001,1.3834799999999998
149,charge,17.7318,1.38668
149,charge,19.702,1.3898799999999998
149,charge,21.6722,1.3930799999999999
149,charge,23.642400000000002,1.3962799999999997
149,charge,25.6126,1.3994799999999998
149,charge,27.582800000000002,1.40268
149,charge,29.553,1.4058799999999998
149,charge,31.523200000000003,1.4090799999999999
149,charge,33.4934,1.4122799999999998
149,charge,35.4636,1.4154799999999998
149,charge,37.433800000000005,1.4186799999999997
149,charge,39.404,1.4218799999999998
149,charge,41.3742,1.42508
149,charge,43.3444,1.4282799999999998
149,charge,45.314600000000006,1.4314799999999999
149,charge,47.284800000000004,1.4346799999999997
149,charge,49.255,1.4378799999999998
149,charge,51.2252,1.44108
149,charge,53.19540000000001,1.4442799999999998
149,charge,55.165600000000005,1.4474799999999999
149,charge,57.135799999999996,1.4506799999999997
149,charge,59.106,1.4538799999999998
149,charge,61.0762,1.45708
149,charge,63.046400000000006,1.4602799999999998
149,charge,65.01660000000001,1.46348
149,charge,66.9868,1.4666799999999998
149,charge,68.95700000000001,1.4698799999999999
149,charge,70.9272,1.4730799999999997
149,charge,72.8974,1.4762799999999998
149,charge,74.86760000000001,1.47948
149,charge,76.8378,1.4826799999999998
149,charge,78.808,1.4858799999999999
149,charge,80.77820000000001,1.4890799999999997
149,charge,82.7484,1.4922799999999998
149,charge,84.71860000000001,1.49548
149,charge,86.6888,1.4986799999999998
149,charge,88.659,1.5018799999999999
149,charge,90.62920000000001,1.5050799999999998
149,charge,92.59940000000002,1.5082799999999998
149,charge,94.56960000000001,1.5114799999999997
149,charge,96.5398,1.5146799999999998
149,charge,98.51,1.51788
149,discharge,0.0,1.203545964
149,discharge,1.9288652040000003,1.201145964
149,discharge,3.8577304080000006,1.1987459639999998
149,discharge,5.786595612,1.1963459639999998
149,discharge,7.715460816000001,1.1939459639999999
149,discharge,9.644326020000001,1.191545964
149,discharge,11.573191224,1.189145964
149,discharge,13.502056428000003,1.1867459639999998
149,discharge,15.430921632000002,1.1843459639999998
149,discharge,17.359786836,1.1819459639999998
149,discharge,19.288652040000002,1.179545964
149,discharge,21.217517244000003,1.177145964
149,discharge,23.146382448,1.1747459639999998
149,discharge,25.075247652000005,1.1723459639999998
149,discharge,27.004112856000006,1.1699459639999998
149,discharge,28.932978060000003,1.1675459639999999
149,discharge,30.861843264000004,1.165145964
149,discharge,32.790708468000005,1.162745964
149,discharge,34.719573672,1.1603459639999998
149,discharge,36.64843887600001,1.1579459639999998
149,discharge,38.577304080000005,1.1555459639999999
149,discharge,40.506169284,1.153145964
149,discharge,42.43503448800001,1.150745964
149,discharge,44.363899692000004,1.1483459639999998
149,discharge,46.292764896,1.1459459639999998
149,discharge,48.221630100000006,1.1435459639999999
149,discharge,50.15049530400001,1.141145964
149,discharge,52.07936050800001,1.138745964
149,discharge,54.00822571200001,1.1363459639999998
149,discharge,55.937090916,1.1339459639999998
149,discharge,57.86595612000001,1.1315459639999998
149,discharge,59.794821324000004,1.129145964
149,discharge,61.72368652800001,1.126745964
149,discharge,63.65255173200001,1.1243459639999998
149,discharge,65.58141693600001,1.1219459639999998
149,discharge,67.51028214000002,1.1195459639999998
149,discharge,69.439147344,1.1171459639999999
149,discharge,71.36801254800001,1.114745964
149,discharge,73.29687775200001,1.112345964
149,discharge,75.225742956,1.1099459639999998
149,discharge,77.15460816000001,1.1075459639999998
149,discharge,79.08347336400001,1.1051459639999999
149,discharge,81.012338568,1.102745964
149,discharge,82.94120377200001,1.100345964
149,discharge,84.87006897600001,1.0979459639999998
149,discharge,86.79893418000002,1.0955459639999998
149,discharge,88.72779938400001,1.0931459639999999
149,discharge,90.65666458800001,1.090745964
149,discharge,92.585529792,1.088345964
149,discharge,94.51439499600001,1.0859459639999998
149,discharge,96.44326020000001,1.0835459639999998
150,charge,0.0,1.3579999999999999
150,charge,1.97,1.3612
150,charge,3.94,1.3643999999999998
150,charge,5.91,1.3676
150,charge,7.88,1.3708
150,charge,9.850000000000001,1.3739999999999999
150,charge,11.82,1.3772
150,charge,13.790000000000001,1.3803999999999998
150,charge,15.76,1.3836
150,charge,17.73,1.3868
150,charge,19.700000000000003,1.39
150,charge,21.67,1.3932
150,charge,23.64,1.3963999999999999
150,charge,25.61,1.3996
150,charge,27.580000000000002,1.4028
150,charge,29.549999999999997,1.406
150,charge,31.52,1.4092
150,charge,33.49,1.4123999999999999
150,charge,35.46,1.4156
150,charge,37.43,1.4187999999999998
150,charge,39.400000000000006,1.422
150,charge,41.37,1.4252
150,charge,43.34,1.4284
150,charge,45.31,1.4316
150,charge,47.28,1.4347999999999999
150,charge,49.25,1.438
150,charge,51.22,1.4412
150,charge,53.190000000000005,1.4444
150,charge,55.160000000000004,1.4476
150,charge,57.129999999999995,1.4507999999999999
150,charge,59.099999999999994,1.454
150,charge,61.07,1.4572
150,charge,63.04,1.4604
150,charge,65.01,1.4636
150,charge,66.98,1.4667999999999999
150,charge,68.95,1.47
150,charge,70.92,1.4731999999999998
150,charge,72.89,1.4764
150,charge,74.86,1.4796
150,charge,76.83,1.4828
150,charge,78.80000000000001,1.486
150,charge,80.77000000000001,1.4891999999999999
150,charge,82.74,1.4924
150,charge,84.71,1.4956
150,charge,86.68,1.4988
150,charge,88.65,1.502
150,charge,90.62,1.5051999999999999
150,charge,92.59,1.5084
150,charge,94.56,1.5116
150,charge,96.53,1.5148
150,charge,98.5,1.518
150,discharge,0.0,1.20321
150,discharge,1.92863,1.20081
150,discharge,3.85726,1.1984099999999998
150,discharge,5.78589,1.1960099999999998
150,discharge,7.71452,1.1936099999999998
150,discharge,9.64315,1.1912099999999999
150,discharge,11.57178,1.18881
150,discharge,13.50041,1.1864099999999997
150,discharge,15.42904,1.1840099999999998
150,discharge,17.35767,1.1816099999999998
150,discharge,19.2863,1.1792099999999999
150,discharge,21.21493,1.17681
150,discharge,23.14356,1.1744099999999997
150,discharge,25.07219,1.1720099999999998
150,discharge,27.00082,1.1696099999999998
150,discharge,28.92945,1.1672099999999999
150,discharge,30.85808,1.16481
150,discharge,32.78671,1.16241
150,discharge,34.71534,1.1600099999999998
150,discharge,36.64397,1.1576099999999998
150,discharge,38.5726,1.1552099999999998
150,discharge,40.50123,1.15281
150,discharge,42.42986,1.15041
150,discharge,44.35849,1.1480099999999998
150,discharge,46.28712,1.1456099999999998
150,discharge,48.21575,1.1432099999999998
150,discharge,50.14438,1.1408099999999999
150,discharge,52.073010000000004,1.13841
150,discharge,54.00164,1.1360099999999997
150,discharge,55.93026999999999,1.1336099999999998
150,discharge,57.8589,1.1312099999999998
150,discharge,59.78753,1.1288099999999999
150,discharge,61.71616,1.12641
150,discharge,63.64479,1.1240099999999997
150,discharge,65.57342,1.1216099999999998
150,discharge,67.50205000000001,1.1192099999999998
150,discharge,69.43068,1.1168099999999999
150,discharge,71.35931,1.11441
150,discharge,73.28794,1.11201
150,discharge,75.21657,1.1096099999999998
150,discharge,77.1452,1.1072099999999998
150,discharge,79.07383,1.1048099999999998
150,discharge,81.00246,1.10241
150,discharge,82.93109,1.10001
150,discharge,84.85972,1.0976099999999998
150,discharge,86.78835000000001,1.0952099999999998
150,discharge,88.71698,1.0928099999999998
150,discharge,90.64561,1.0904099999999999
150,discharge,92.57424,1.08801
150,discharge,94.50287,1.0856099999999997
150,discharge,96.4315,1.0832099999999998
