species,sputter_time_s,x_um,y_um,normalized_intensity
F-,30,0.0,0.0,0.0812795
F-,30,0.28169,0.0,0.0904179
F-,30,0.56338,0.0,0.0987614
F-,30,0.84507,0.0,0.1056016
F-,30,1.12676,0.0,0.1103944
F-,30,1.40845,0.0,0.1128191
F-,30,1.69014,0.0,0.1128121
F-,30,1.97183,0.0,0.1105724
F-,30,2.25352,0.0,0.1065375
F-,30,2.53521,0.0,0.1013331
F-,30,2.8169,0.0,0.0957018
F-,30,3.09859,0.0,0.09042
F-,30,3.38028,0.0,0.0862105
F-,30,3.66197,0.0,0.0836622
F-,30,3.94366,0.0,0.0831656
F-,30,4.22535,0.0,0.0848704
F-,30,4.50704,0.0,0.088671
F-,30,4.78873,0.0,0.0942203
F-,30,5.07042,0.0,0.1009713
F-,30,5.35211,0.0,0.1082406
F-,30,5.6338,0.0,0.1152869
F-,30,5.91549,0.0,0.1213958
F-,30,6.19718,0.0,0.1259614
F-,30,6.47887,0.0,0.1285543
F-,30,6.76056,0.0,0.1289703
F-,30,7.04225,0.0,0.1272518
F-,30,7.32394,0.0,0.1236817
F-,30,7.60563,0.0,0.1187495
F-,30,7.88732,0.0,0.1130934
F-,30,8.16901,0.0,0.1074251
F-,30,8.4507,0.0,0.1024464
F-,30,8.73239,0.0,0.0987669
F-,30,9.01408,0.0,0.0968319
F-,30,9.29577,0.0,0.0968696
F-,30,9.57746,0.0,0.0988633
F-,30,9.85915,0.0,0.1025514
F-,30,10.14085,0.0,0.1074575
F-,30,10.42254,0.0,0.1129438
F-,30,10.70423,0.0,0.1182853
F-,30,10.98592,0.0,0.1227539
F-,30,11.26761,0.0,0.1257044
F-,30,11.5493,0.0,0.1266511
F-,30,11.83099,0.0,0.1253273
F-,30,12.11268,0.0,0.1217207
F-,30,12.39437,0.0,0.1160791
F-,30,12.67606,0.0,0.1088875
F-,30,12.95775,0.0,0.1008176
F-,30,13.23944,0.0,0.0926555
F-,30,13.52113,0.0,0.0852162
F-,30,13.80282,0.0,0.0792536
F-,30,14.08451,0.0,0.0753769
F-,30,14.3662,0.0,0.0739831
F-,30,14.64789,0.0,0.0752111
F-,30,14.92958,0.0,0.0789261
F-,30,15.21127,0.0,0.0847331
F-,30,15.49296,0.0,0.0920192
F-,30,15.77465,0.0,0.1000201
F-,30,16.05634,0.0,0.1079033
F-,30,16.33803,0.0,0.1148581
F-,30,16.61972,0.0,0.120183
F-,30,16.90141,0.0,0.1233609
F-,30,17.1831,0.0,0.1241125
F-,30,17.46479,0.0,0.1224241
F-,30,17.74648,0.0,0.1185448
F-,30,18.02817,0.0,0.1129546
F-,30,18.30986,0.0,0.1063074
F-,30,18.59155,0.0,0.0993545
F-,30,18.87324,0.0,0.0928579
F-,30,19.15493,0.0,0.0875028
F-,30,19.43662,0.0,0.0838201
F-,30,19.71831,0.0,0.0821264
F-,30,20.0,0.0,0.0824886
F-,30,0.0,0.28169,0.0780143
F-,30,0.28169,0.28169,0.0865973
F-,30,0.56338,0.28169,0.0940319
F-,30,0.84507,0.28169,0.099712
F-,30,1.12676,0.28169,0.1032358
F-,30,1.40845,0.28169,0.1044491
F-,30,1.69014,0.28169,0.1034608
F-,30,1.97183,0.28169,0.1006285
F-,30,2.25352,0.28169,0.096517
F-,30,2.53521,0.28169,0.0918337
F-,30,2.8169,0.28169,0.0873488
F-,30,3.09859,0.28169,0.0838085
F-,30,3.38028,0.28169,0.0818516
F-,30,3.66197,0.28169,0.0819391
F-,30,3.94366,0.28169,0.0843033
F-,30,4.22535,0.28169,0.0889233
F-,30,4.50704,0.28169,0.095529
F-,30,4.78873,0.28169,0.1036328
F-,30,5.07042,0.28169,0.1125854
F-,30,5.35211,0.28169,0.1216493
F-,30,5.6338,0.28169,0.1300817
F-,30,5.91549,0.28169,0.1372175
F-,30,6.19718,0.28169,0.1425428
F-,30,6.47887,0.28169,0.1457501
F-,30,6.76056,0.28169,0.1467704
F-,30,7.04225,0.28169,0.145777
F-,30,7.32394,0.28169,0.1431614
F-,30,7.60563,0.28169,0.1394844
F-,30,7.88732,0.28169,0.1354067
F-,30,8.16901,0.28169,0.1316088
F-,30,8.4507,0.28169,0.1287083
F-,30,8.73239,0.28169,0.127184
F-,30,9.01408,0.28169,0.1273166
F-,30,9.29577,0.28169,0.1291528
F-,30,9.57746,0.28169,0.132496
F-,30,9.85915,0.28169,0.1369265
F-,30,10.14085,0.28169,0.1418486
F-,30,10.42254,0.28169,0.1465579
F-,30,10.70423,0.28169,0.1503242
F-,30,10.98592,0.28169,0.1524778
F-,30,11.26761,0.28169,0.1524907
F-,30,11.5493,0.28169,0.1500427
F-,30,11.83099,0.28169,0.1450659
F-,30,12.11268,0.28169,0.1377603
F-,30,12.39437,0.28169,0.1285796
F-,30,12.67606,0.28169,0.118189
F-,30,12.95775,0.28169,0.1073978
F-,30,13.23944,0.28169,0.0970758
F-,30,13.52113,0.28169,0.0880614
F-,30,13.80282,0.28169,0.0810729
F-,30,14.08451,0.28169,0.0766318
F-,30,14.3662,0.28169,0.0750075
F-,30,14.64789,0.28169,0.0761892
F-,30,14.92958,0.28169,0.0798887
F-,30,15.21127,0.28169,0.0855724
F-,30,15.49296,0.28169,0.0925217
F-,30,15.77465,0.28169,0.0999116
F-,30,16.05634,0.28169,0.1069011
F-,30,16.33803,0.28169,0.1127244
F-,30,16.61972,0.28169,0.1167728
F-,30,16.90141,0.28169,0.1186579
F-,30,17.1831,0.28169,0.1182501
F-,30,17.46479,0.28169,0.1156869
F-,30,17.74648,0.28169,0.1113516
F-,30,18.02817,0.28169,0.1058241
F-,30,18.30986,0.28169,0.0998105
F-,30,18.59155,0.28169,0.0940586
F-,30,18.87324,0.28169,0.0892693
F-,30,19.15493,0.28169,0.0860148
F-,30,19.43662,0.28169,0.0846713
F-,30,19.71831,0.28169,0.0853748
F-,30,20.0,0.28169,0.0880053
F-,30,0.0,0.56338,0.0757193
F-,30,0.28169,0.56338,0.0830806
F-,30,0.56338,0.56338,0.0889913
F-,30,0.84507,0.56338,0.092982
F-,30,1.12676,0.56338,0.0948181
F-,30,1.40845,0.56338,0.0945252
F-,30,1.69014,0.56338,0.0923843
F-,30,1.97183,0.56338,0.0889004
F-,30,2.25352,0.56338,0.0847442
F-,30,2.53521,0.56338,0.0806777
F-,30,2.8169,0.56338,0.0774685
F-,30,3.09859,0.56338,0.0758047
F-,30,3.38028,0.56338,0.0762193
F-,30,3.66197,0.56338,0.0790316
F-,30,3.94366,0.56338,0.0843134
F-,30,4.22535,0.56338,0.091882
F-,30,4.50704,0.56338,0.1013219
F-,30,4.78873,0.56338,0.1120318
F-,30,5.07042,0.56338,0.1232918
F-,30,5.35211,0.56338,0.1343428
F-,30,5.6338,0.56338,0.1444695
F-,30,5.91549,0.56338,0.1530775
F-,30,6.19718,0.56338,0.159756
F-,30,6.47887,0.56338,0.164318
F-,30,6.76056,0.56338,0.1668156
F-,30,7.04225,0.56338,0.1675258
F-,30,7.32394,0.56338,0.1669119
F-,30,7.60563,0.56338,0.1655615
F-,30,7.88732,0.56338,0.1641109
F-,30,8.16901,0.56338,0.1631632
F-,30,8.4507,0.56338,0.1632106
F-,30,8.73239,0.56338,0.1645694
F-,30,9.01408,0.56338,0.1673357
F-,30,9.29577,0.56338,0.1713672
F-,30,9.57746,0.56338,0.1762941
F-,30,9.85915,0.56338,0.1815561
F-,30,10.14085,0.56338,0.1864653
F-,30,10.42254,0.56338,0.1902837
F-,30,10.70423,0.56338,0.1923103
F-,30,10.98592,0.56338,0.1919651
F-,30,11.26761,0.56338,0.1888626
F-,30,11.5493,0.56338,0.1828643
F-,30,11.83099,0.56338,0.1741052
F-,30,12.11268,0.56338,0.1629907
F-,30,12.39437,0.56338,0.1501633
F-,30,12.67606,0.56338,0.1364425
F-,30,12.95775,0.56338,0.1227453
F-,30,13.23944,0.56338,0.1099944
F-,30,13.52113,0.56338,0.0990247
F-,30,13.80282,0.56338,0.0904994
F-,30,14.08451,0.56338,0.0848431
F-,30,14.3662,0.56338,0.0822014
F-,30,14.64789,0.56338,0.08243
F-,30,14.92958,0.56338,0.0851151
F-,30,15.21127,0.56338,0.0896232
F-,30,15.49296,0.56338,0.0951737
F-,30,15.77465,0.56338,0.1009275
F-,30,16.05634,0.56338,0.1060793
F-,30,16.33803,0.56338,0.1099466
F-,30,16.61972,0.56338,0.1120413
F-,30,16.90141,0.56338,0.1121203
F-,30,17.1831,0.56338,0.1102054
F-,30,17.46479,0.56338,0.1065744
F-,30,17.74648,0.56338,0.1017217
F-,30,18.02817,0.56338,0.0962946
F-,30,18.30986,0.56338,0.0910135
F-,30,18.59155,0.56338,0.0865831
F-,30,18.87324,0.56338,0.0836071
F-,30,19.15493,0.56338,0.0825148
F-,30,19.43662,0.56338,0.0835083
F-,30,19.71831,0.56338,0.0865362
F-,30,20.0,0.56338,0.0912969
F-,30,0.0,0.84507,0.0751922
F-,30,0.28169,0.84507,0.0807774
F-,30,0.56338,0.84507,0.0846666
F-,30,0.84507,0.84507,0.0865552
F-,30,1.12676,0.84507,0.0863923
F-,30,1.40845,0.84507,0.0843873
F-,30,1.69014,0.84507,0.0809867
F-,30,1.97183,0.84507,0.0768248
F-,30,2.25352,0.84507,0.0726545
F-,30,2.53521,0.84507,0.0692641
F-,30,2.8169,0.84507,0.067392
F-,30,3.09859,0.84507,0.0676464
F-,30,3.38028,0.84507,0.0704404
F-,30,3.66197,0.84507,0.0759479
F-,30,3.94366,0.84507,0.0840873
F-,30,4.22535,0.84507,0.0945314
F-,30,4.50704,0.84507,0.1067451
F-,30,4.78873,0.84507,0.1200443
F-,30,5.07042,0.84507,0.1336706
F-,30,5.35211,0.84507,0.1468728
F-,30,5.6338,0.84507,0.1589862
F-,30,5.91549,0.84507,0.1695007
F-,30,6.19718,0.84507,0.1781101
F-,30,6.47887,0.84507,0.1847375
F-,30,6.76056,0.84507,0.1895334
F-,30,7.04225,0.84507,0.1928465
F-,30,7.32394,0.84507,0.1951719
F-,30,7.60563,0.84507,0.1970809
F-,30,7.88732,0.84507,0.1991428
F-,30,8.16901,0.84507,0.2018456
F-,30,8.4507,0.84507,0.2055265
F-,30,8.73239,0.84507,0.2103204
F-,30,9.01408,0.84507,0.2161326
F-,30,9.29577,0.84507,0.2226385
F-,30,9.57746,0.84507,0.2293123
F-,30,9.85915,0.84507,0.2354806
F-,30,10.14085,0.84507,0.2403956
F-,30,10.42254,0.84507,0.2433195
F-,30,10.70423,0.84507,0.2436114
F-,30,10.98592,0.84507,0.2408052
F-,30,11.26761,0.84507,0.2346716
F-,30,11.5493,0.84507,0.2252552
F-,30,11.83099,0.84507,0.2128828
F-,30,12.11268,0.84507,0.198142
F-,30,12.39437,0.84507,0.1818311
F-,30,12.67606,0.84507,0.1648858
F-,30,12.95775,0.84507,0.1482909
F-,30,13.23944,0.84507,0.1329857
F-,30,13.52113,0.84507,0.1197734
F-,30,13.80282,0.84507,0.1092454
F-,30,14.08451,0.84507,0.1017274
F-,30,14.3662,0.84507,0.0972539
F-,30,14.64789,0.84507,0.0955743
F-,30,14.92958,0.84507,0.0961892
F-,30,15.21127,0.84507,0.0984126
F-,30,15.49296,0.84507,0.1014545
F-,30,15.77465,0.84507,0.1045122
F-,30,16.05634,0.84507,0.106862
F-,30,16.33803,0.84507,0.1079397
F-,30,16.61972,0.84507,0.1074011
F-,30,16.90141,0.84507,0.1051559
F-,30,17.1831,0.84507,0.1013716
F-,30,17.46479,0.84507,0.0964461
F-,30,17.74648,0.84507,0.0909545
F-,30,18.02817,0.84507,0.0855742
F-,30,18.30986,0.84507,0.0809997
F-,30,18.59155,0.84507,0.0778545
F-,30,18.87324,0.84507,0.0766132
F-,30,19.15493,0.84507,0.0775397
F-,30,19.43662,0.84507,0.080652
F-,30,19.71831,0.84507,0.085714
F-,30,20.0,0.84507,0.0922584
F-,30,0.0,1.12676,0.076914
F-,30,0.28169,1.12676,0.0803376
F-,30,0.56338,1.12676,0.081883
F-,30,0.84507,1.12676,0.0814291
F-,30,1.12676,1.12676,0.0791165
F-,30,1.40845,1.12676,0.075334
F-,30,1.69014,1.12676,0.0706788
F-,30,1.97183,1.12676,0.0658926
F-,30,2.25352,1.12676,0.0617836
F-,30,2.53521,1.12676,0.0591402
F-,30,2.8169,1.12676,0.0586488
F-,30,3.09859,1.12676,0.0608222
F-,30,3.38028,1.12676,0.0659473
F-,30,3.66197,1.12676,0.0740576
F-,30,3.94366,1.12676,0.0849324
F-,30,4.22535,1.12676,0.0981233
F-,30,4.50704,1.12676,0.1130039
F-,30,4.78873,1.12676,0.1288378
F-,30,5.07042,1.12676,0.1448567
F-,30,5.35211,1.12676,0.1603404
F-,30,5.6338,1.12676,0.1746889
F-,30,5.91549,1.12676,0.1874802
F-,30,6.19718,1.12676,0.1985059
F-,30,6.47887,1.12676,0.2077807
F-,30,6.76056,1.12676,0.2155259
F-,30,7.04225,1.12676,0.2221278
F-,30,7.32394,1.12676,0.2280761
F-,30,7.60563,1.12676,0.2338895
F-,30,7.88732,1.12676,0.2400377
F-,30,8.16901,1.12676,0.246869
F-,30,8.4507,1.12676,0.2545515
F-,30,8.73239,1.12676,0.2630367
F-,30,9.01408,1.12676,0.2720487
F-,30,9.29577,1.12676,0.2811018
F-,30,9.57746,1.12676,0.2895448
F-,30,9.85915,1.12676,0.2966263
F-,30,10.14085,1.12676,0.3015756
F-,30,10.42254,1.12676,0.3036892
F-,30,10.70423,1.12676,0.3024122
F-,30,10.98592,1.12676,0.2974076
F-,30,11.26761,1.12676,0.2886037
F-,30,11.5493,1.12676,0.2762145
F-,30,11.83099,1.12676,0.260731
F-,30,12.11268,1.12676,0.2428829
F-,30,12.39437,1.12676,0.223576
F-,30,12.67606,1.12676,0.2038102
F-,30,12.95775,1.12676,0.1845879
F-,30,13.23944,1.12676,0.1668219
F-,30,13.52113,1.12676,0.1512532
F-,30,13.80282,1.12676,0.1383862
F-,30,14.08451,1.12676,0.1284503
F-,30,14.3662,1.12676,0.1213898
F-,30,14.64789,1.12676,0.1168844
F-,30,14.92958,1.12676,0.1143979
F-,30,15.21127,1.12676,0.1132489
F-,30,15.49296,1.12676,0.1126965
F-,30,15.77465,1.12676,0.1120295
F-,30,16.05634,1.12676,0.1106518
F-,30,16.33803,1.12676,0.1081505
F-,30,16.61972,1.12676,0.1043425
F-,30,16.90141,1.12676,0.0992918
F-,30,17.1831,1.12676,0.0932965
F-,30,17.46479,1.12676,0.0868475
F-,30,17.74648,1.12676,0.0805637
F-,30,18.02817,1.12676,0.0751115
F-,30,18.30986,1.12676,0.0711184
F-,30,18.59155,1.12676,0.0690911
F-,30,18.87324,1.12676,0.0693478
F-,30,19.15493,1.12676,0.0719726
F-,30,19.43662,1.12676,0.0767978
F-,30,19.71831,1.12676,0.0834152
F-,30,20.0,1.12676,0.0912164
F-,30,0.0,1.40845,0.0809558
F-,30,0.28169,1.40845,0.082038
F-,30,0.56338,1.40845,0.0811302
F-,30,0.84507,1.40845,0.0783045
F-,30,1.12676,1.40845,0.0738905
F-,30,1.40845,1.40845,0.0684441
F-,30,1.69014,1.40845,0.0626918
F-,30,1.97183,1.40845,0.0574569
F-,30,2.25352,1.40845,0.0535754
F-,30,2.53521,1.40845,0.0518116
F-,30,2.8169,1.40845,0.0527818
F-,30,3.09859,1.40845,0.0568939
F-,30,3.38028,1.40845,0.0643096
F-,30,3.66197,1.40845,0.074932
F-,30,3.94366,1.40845,0.0884204
F-,30,4.22535,1.40845,0.1042294
F-,30,4.50704,1.40845,0.1216681
F-,30,4.78873,1.40845,0.1399731
F-,30,5.07042,1.40845,0.1583869
F-,30,5.35211,1.40845,0.1762336
F-,30,5.6338,1.40845,0.1929823
F-,30,5.91549,1.40845,0.2082937
F-,30,6.19718,1.40845,0.2220417
F-,30,6.47887,1.40845,0.23431
F-,30,6.76056,1.40845,0.2453628
F-,30,7.04225,1.40845,0.2555933
F-,30,7.32394,1.40845,0.2654565
F-,30,7.60563,1.40845,0.2753934
F-,30,7.88732,1.40845,0.285757
F-,30,8.16901,1.40845,0.2967483
F-,30,8.4507,1.40845,0.3083704
F-,30,8.73239,1.40845,0.3204072
F-,30,9.01408,1.40845,0.3324285
F-,30,9.29577,1.40845,0.3438235
F-,30,9.57746,1.40845,0.3538566
F-,30,9.85915,1.40845,0.3617415
F-,30,10.14085,1.40845,0.366725
F-,30,10.42254,1.40845,0.3681696
F-,30,10.70423,1.40845,0.3656277
F-,30,10.98592,1.40845,0.3588972
F-,30,11.26761,1.40845,0.3480533
F-,30,11.5493,1.40845,0.3334517
F-,30,11.83099,1.40845,0.3157041
F-,30,12.11268,1.40845,0.2956273
F-,30,12.39437,1.40845,0.2741715
F-,30,12.67606,1.40845,0.2523358
F-,30,12.95775,1.40845,0.2310796
F-,30,13.23944,1.40845,0.2112392
F-,30,13.52113,1.40845,0.1934579
F-,30,13.80282,1.40845,0.1781374
F-,30,14.08451,1.40845,0.1654152
F-,30,14.3662,1.40845,0.1551703
F-,30,14.64789,1.40845,0.1470554
F-,30,14.92958,1.40845,0.1405534
F-,30,15.21127,1.40845,0.1350505
F-,30,15.49296,1.40845,0.1299186
F-,30,15.77465,1.40845,0.1245965
F-,30,16.05634,1.40845,0.1186618
F-,30,16.33803,1.40845,0.1118845
F-,30,16.61972,1.40845,0.104256
F-,30,16.90141,1.40845,0.0959897
F-,30,17.1831,1.40845,0.0874938
F-,30,17.46479,1.40845,0.079319
F-,30,17.74648,1.40845,0.0720871
F-,30,18.02817,1.40845,0.0664098
F-,30,18.30986,1.40845,0.0628074
F-,30,18.59155,1.40845,0.0616367
F-,30,18.87324,1.40845,0.0630385
F-,30,19.15493,1.40845,0.0669094
F-,30,19.43662,1.40845,0.0729027
F-,30,19.71831,1.40845,0.0804587
F-,30,20.0,1.40845,0.0888592
F-,30,0.0,1.69014,0.086952
F-,30,0.28169,1.69014,0.0857309
F-,30,0.56338,1.69014,0.0824877
F-,30,0.84507,1.69014,0.0774872
F-,30,1.12676,1.69014,0.0712367
F-,30,1.40845,1.69014,0.0644389
F-,30,1.69014,1.69014,0.0579236
F-,30,1.97183,1.69014,0.0525668
F-,30,2.25352,1.69014,0.0492061
F-,30,2.53521,1.69014,0.0485599
F-,30,2.8169,1.69014,0.0511609
F-,30,3.09859,1.69014,0.0573077
F-,30,3.38028,1.69014,0.0670414
F-,30,3.66197,1.69014,0.0801479
F-,30,3.94366,1.69014,0.0961848
F-,30,4.22535,1.69014,0.1145305
F-,30,4.50704,1.69014,0.1344497
F-,30,4.78873,1.69014,0.1551682
F-,30,5.07042,1.69014,0.1759492
F-,30,5.35211,1.69014,0.1961631
F-,30,5.6338,1.69014,0.2153426
F-,30,5.91549,1.69014,0.2332175
F-,30,6.19718,1.69014,0.2497252
F-,30,6.47887,1.69014,0.2649957
F-,30,6.76056,1.69014,0.2793126
F-,30,7.04225,1.69014,0.2930545
F-,30,7.32394,1.69014,0.306625
F-,30,7.60563,1.69014,0.3203783
F-,30,7.88732,1.69014,0.3345512
F-,30,8.16901,1.69014,0.3492087
F-,30,8.4507,1.69014,0.3642116
F-,30,8.73239,1.69014,0.3792092
F-,30,9.01408,1.69014,0.3936593
F-,30,9.29577,1.69014,0.4068734
F-,30,9.57746,1.69014,0.4180816
F-,30,9.85915,1.69014,0.4265109
F-,30,10.14085,1.69014,0.4314661
F-,30,10.42254,1.69014,0.4324063
F-,30,10.70423,1.69014,0.429006
F-,30,10.98592,1.69014,0.4211959
F-,30,11.26761,1.69014,0.4091768
F-,30,11.5493,1.69014,0.3934073
F-,30,11.83099,1.69014,0.3745648
F-,30,12.11268,1.69014,0.3534856
F-,30,12.39437,1.69014,0.3310901
F-,30,12.67606,1.69014,0.3083015
F-,30,12.95775,1.69014,0.2859669
F-,30,13.23944,1.69014,0.2647878
F-,30,13.52113,1.69014,0.2452693
F-,30,13.80282,1.69014,0.2276903
F-,30,14.08451,1.69014,0.2120993
F-,30,14.3662,1.69014,0.198334
F-,30,14.64789,1.69014,0.1860639
F-,30,14.92958,1.69014,0.1748484
F-,30,15.21127,1.69014,0.164207
F-,30,15.49296,1.69014,0.1536903
F-,30,15.77465,1.69014,0.1429467
F-,30,16.05634,1.69014,0.1317753
F-,30,16.33803,1.69014,0.1201591
F-,30,16.61972,1.69014,0.1082754
F-,30,16.90141,1.69014,0.0964799
F-,30,17.1831,1.69014,0.0852674
F-,30,17.46479,1.69014,0.0752122
F-,30,17.74648,1.69014,0.0668967
F-,30,18.02817,1.69014,0.0608348
F-,30,18.30986,1.69014,0.0574008
F-,30,18.59155,1.69014,0.0567733
F-,30,18.87324,1.69014,0.0588998
F-,30,19.15493,1.69014,0.0634883
F-,30,19.43662,1.69014,0.0700273
F-,30,19.71831,1.69014,0.0778313
F-,30,20.0,1.69014,0.086109
F-,30,0.0,1.97183,0.0941448
F-,30,0.28169,1.97183,0.0908637
F-,30,0.56338,1.97183,0.0856182
F-,30,0.84507,1.97183,0.0788563
F-,30,1.12676,1.97183,0.0712438
F-,30,1.40845,1.97183,0.0636037
F-,30,1.69014,1.97183,0.0568393
F-,30,1.97183,1.97183,0.0518504
F-,30,2.25352,1.97183,0.0494505
F-,30,2.53521,1.97183,0.0502942
F-,30,2.8169,1.97183,0.05482
F-,30,3.09859,1.97183,0.0632158
F-,30,3.38028,1.97183,0.0754083
F-,30,3.66197,1.97183,0.0910769
F-,30,3.94366,1.97183,0.1096911
F-,30,4.22535,1.97183,0.1305656
F-,30,4.50704,1.97183,0.1529301
F-,30,4.78873,1.97183,0.1760036
F-,30,5.07042,1.97183,0.1990681
F-,30,5.35211,1.97183,0.2215322
F-,30,5.6338,1.97183,0.2429785
F-,30,5.91549,1.97183,0.2631895
F-,30,6.19718,1.97183,0.2821483
F-,30,6.47887,1.97183,0.3000142
F-,30,6.76056,1.97183,0.3170764
F-,30,7.04225,1.97183,0.3336914
F-,30,7.32394,1.97183,0.3502107
F-,30,7.60563,1.97183,0.3669105
F-,30,7.88732,1.97183,0.3839298
F-,30,8.16901,1.97183,0.4012263
F-,30,8.4507,1.97183,0.4185568
F-,30,8.73239,1.97183,0.4354826
F-,30,9.01408,1.97183,0.451402
F-,30,9.29577,1.97183,0.4656043
F-,30,9.57746,1.97183,0.4773398
F-,30,9.85915,1.97183,0.4858974
F-,30,10.14085,1.97183,0.4906801
F-,30,10.42254,1.97183,0.4912695
F-,30,10.70423,1.97183,0.4874724
F-,30,10.98592,1.97183,0.4793433
F-,30,11.26761,1.97183,0.4671815
F-,30,11.5493,1.97183,0.4515023
F-,30,11.83099,1.97183,0.4329875
F-,30,12.11268,1.97183,0.4124197
F-,30,12.39437,1.97183,0.39061
F-,30,12.67606,1.97183,0.3683253
F-,30,12.95775,1.97183,0.3462249
F-,30,13.23944,1.97183,0.3248128
F-,30,13.52113,1.97183,0.3044088
F-,30,13.80282,1.97183,0.2851428
F-,30,14.08451,1.97183,0.2669699
F-,30,14.3662,1.97183,0.2497053
F-,30,14.64789,1.97183,0.2330724
F-,30,14.92958,1.97183,0.2167608
F-,30,15.21127,1.97183,0.2004846
F-,30,15.49296,1.97183,0.1840373
F-,30,15.77465,1.97183,0.1673353
F-,30,16.05634,1.97183,0.1504459
F-,30,16.33803,1.97183,0.1335963
F-,30,16.61972,1.97183,0.1171618
F-,30,16.90141,1.97183,0.1016339
F-,30,17.1831,1.97183,0.0875711
F-,30,17.46479,1.97183,0.0755377
F-,30,17.74648,1.97183,0.0660361
F-,30,18.02817,1.97183,0.0594423
F-,30,18.30986,1.97183,0.0559511
F-,30,18.59155,1.97183,0.055539
F-,30,18.87324,1.97183,0.0579504
F-,30,19.15493,1.97183,0.0627096
F-,30,19.43662,1.97183,0.0691586
F-,30,19.71831,1.97183,0.0765168
F-,30,20.0,1.97183,0.083957
F-,30,0.0,2.25352,0.1014944
F-,30,0.28169,2.25352,0.096566
F-,30,0.56338,2.25352,0.0898314
F-,30,0.84507,2.25352,0.0819041
F-,30,1.12676,2.25352,0.0735826
F-,30,1.40845,2.25352,0.06578
F-,30,1.69014,2.25352,0.0594417
F-,30,1.97183,2.25352,0.0554626
F-,30,2.25352,2.25352,0.0546092
F-,30,2.53521,2.25352,0.0574561
F-,30,2.8169,2.25352,0.0643399
F-,30,3.09859,2.25352,0.0753362
F-,30,3.38028,2.25352,0.0902603
F-,30,3.66197,2.25352,0.1086902
F-,30,3.94366,2.25352,0.1300111
F-,30,4.22535,2.25352,0.1534755
F-,30,4.50704,2.25352,0.1782742
F-,30,4.78873,2.25352,0.2036112
F-,30,5.07042,2.25352,0.2287747
F-,30,5.35211,2.25352,0.2531966
F-,30,5.6338,2.25352,0.2764939
F-,30,5.91549,2.25352,0.2984877
F-,30,6.19718,2.25352,0.3191958
F-,30,6.47887,2.25352,0.3388015
F-,30,6.76056,2.25352,0.3576007
F-,30,7.04225,2.25352,0.3759356
F-,30,7.32394,2.25352,0.3941227
F-,30,7.60563,2.25352,0.4123848
F-,30,7.88732,2.25352,0.4307961
F-,30,8.16901,2.25352,0.4492487
F-,30,8.4507,2.25352,0.4674434
F-,30,8.73239,2.25352,0.4849073
F-,30,9.01408,2.25352,0.5010355
F-,30,9.29577,2.25352,0.5151518
F-,30,9.57746,2.25352,0.5265796
F-,30,9.85915,2.25352,0.534716
F-,30,10.14085,2.25352,0.5390972
F-,30,10.42254,2.25352,0.5394489
F-,30,10.70423,2.25352,0.5357154
F-,30,10.98592,2.25352,0.5280629
F-,30,11.26761,2.25352,0.516859
F-,30,11.5493,2.25352,0.5026298
F-,30,11.83099,2.25352,0.4860007
F-,30,12.11268,2.25352,0.4676301
F-,30,12.39437,2.25352,0.4481424
F-,30,12.67606,2.25352,0.4280699
F-,30,12.95775,2.25352,0.4078107
F-,30,13.23944,2.25352,0.3876058
F-,30,13.52113,2.25352,0.3675391
F-,30,13.80282,2.25352,0.3475576
F-,30,14.08451,2.25352,0.3275096
F-,30,14.3662,2.25352,0.3071933
F-,30,14.64789,2.25352,0.2864115
F-,30,14.92958,2.25352,0.2650236
F-,30,15.21127,2.25352,0.2429895
F-,30,15.49296,2.25352,0.2204005
F-,30,15.77465,2.25352,0.1974937
F-,30,16.05634,2.25352,0.1746491
F-,30,16.33803,2.25352,0.1523687
F-,30,16.61972,2.25352,0.1312407
F-,30,16.90141,2.25352,0.1118903
F-,30,17.1831,2.25352,0.0949233
F-,30,17.46479,2.25352,0.0808659
F-,30,17.74648,2.25352,0.0701076
F-,30,18.02817,2.25352,0.0628536
F-,30,18.30986,2.25352,0.059092
F-,30,18.59155,2.25352,0.0585807
F-,30,18.87324,2.25352,0.0608571
F-,30,19.15493,2.25352,0.0652715
F-,30,19.43662,2.25352,0.0710414
F-,30,19.71831,2.25352,0.0773226
F-,30,20.0,2.25352,0.0832886
F-,30,0.0,2.53521,0.107838
F-,30,0.28169,2.53521,0.101792
F-,30,0.56338,2.53521,0.0942077
F-,30,0.84507,2.53521,0.0858399
F-,30,1.12676,2.53521,0.0775901
F-,30,1.40845,2.53521,0.0704289
F-,30,1.69014,2.53521,0.0653128
F-,30,1.97183,2.53521,0.0631049
F-,30,2.25352,2.53521,0.0645042
F-,30,2.53521,2.53521,0.069991
F-,30,2.8169,2.53521,0.0797916
F-,30,3.09859,2.53521,0.0938649
F-,30,3.38028,2.53521,0.1119113
F-,30,3.66197,2.53521,0.1334029
F-,30,3.94366,2.53521,0.1576326
F-,30,4.22535,2.53521,0.1837784
F-,30,4.50704,2.53521,0.2109767
F-,30,4.78873,2.53521,0.2383985
F-,30,5.07042,2.53521,0.2653201
F-,30,5.35211,2.53521,0.291181
F-,30,5.6338,2.53521,0.3156219
F-,30,5.91549,2.53521,0.3384973
F-,30,6.19718,2.53521,0.3598626
F-,30,6.47887,2.53521,0.3799348
F-,30,6.76056,2.53521,0.3990341
F-,30,7.04225,2.53521,0.4175126
F-,30,7.32394,2.53521,0.4356819
F-,30,7.60563,2.53521,0.4537477
F-,30,7.88732,2.53521,0.4717614
F-,30,8.16901,2.53521,0.4895954
F-,30,8.4507,2.53521,0.5069444
F-,30,8.73239,2.53521,0.5233537
F-,30,9.01408,2.53521,0.538268
F-,30,9.29577,2.53521,0.5510962
F-,30,9.57746,2.53521,0.561281
F-,30,9.85915,2.53521,0.568366
F-,30,10.14085,2.53521,0.5720484
F-,30,10.42254,2.53521,0.5722137
F-,30,10.70423,2.53521,0.5689449
F-,30,10.98592,2.53521,0.5625068
F-,30,11.26761,2.53521,0.5533078
F-,30,11.5493,2.53521,0.541844
F-,30,11.83099,2.53521,0.5286332
F-,30,12.11268,2.53521,0.5141497
F-,30,12.39437,2.53521,0.4987663
F-,30,12.67606,2.53521,0.4827145
F-,30,12.95775,2.53521,0.4660661
F-,30,13.23944,2.53521,0.4487402
F-,30,13.52113,2.53521,0.430534
F-,30,13.80282,2.53521,0.4111726
F-,30,14.08451,2.53521,0.3903718
F-,30,14.3662,2.53521,0.3679032
F-,30,14.64789,2.53521,0.3436543
F-,30,14.92958,2.53521,0.3176737
F-,30,15.21127,2.53521,0.2901981
F-,30,15.49296,2.53521,0.2616543
F-,30,15.77465,2.53521,0.2326406
F-,30,16.05634,2.53521,0.2038866
F-,30,16.33803,2.53521,0.1761985
F-,30,16.61972,2.53521,0.1503953
F-,30,16.90141,2.53521,0.1272415
F-,30,17.1831,2.53521,0.1073831
F-,30,17.46479,2.53521,0.0912922
F-,30,17.74648,2.53521,0.0792242
F-,30,18.02817,2.53521,0.0711923
F-,30,18.30986,2.53521,0.0669613
F-,30,18.59155,2.53521,0.0660623
F-,30,18.87324,2.53521,0.0678288
F-,30,19.15493,2.53521,0.0714508
F-,30,19.43662,2.53521,0.0760452
F-,30,19.71831,2.53521,0.0807342
F-,30,20.0,2.53521,0.0847253
F-,30,0.0,2.8169,0.1120732
F-,30,0.28169,2.8169,0.1054953
F-,30,0.56338,2.8169,0.0977621
F-,30,0.84507,2.8169,0.0897417
F-,30,1.12676,2.8169,0.0824066
F-,30,1.40845,2.8169,0.0767527
F-,30,1.69014,2.8169,0.0737186
F-,30,1.97183,2.8169,0.074111
F-,30,2.25352,2.8169,0.0785425
F-,30,2.53521,2.8169,0.0873855
F-,30,2.8169,2.8169,0.1007451
F-,30,3.09859,2.8169,0.1184528
F-,30,3.38028,2.8169,0.1400815
F-,30,3.66197,2.8169,0.1649809
F-,30,3.94366,2.8169,0.1923314
F-,30,4.22535,2.8169,0.2212131
F-,30,4.50704,2.8169,0.2506839
F-,30,4.78873,2.8169,0.27986
F-,30,5.07042,2.8169,0.3079897
F-,30,5.35211,2.8169,0.3345119
F-,30,5.6338,2.8169,0.3590916
F-,30,5.91549,2.8169,0.3816282
F-,30,6.19718,2.8169,0.4022341
F-,30,6.47887,2.8169,0.4211867
F-,30,6.76056,2.8169,0.4388625
F-,30,7.04225,2.8169,0.4556593
F-,30,7.32394,2.8169,0.471922
F-,30,7.60563,2.8169,0.4878787
F-,30,7.88732,2.8169,0.5035989
F-,30,8.16901,2.8169,0.5189772
F-,30,8.4507,2.8169,0.5337455
F-,30,8.73239,2.8169,0.5475095
F-,30,9.01408,2.8169,0.5598055
F-,30,9.29577,2.8169,0.5701658
F-,30,9.57746,2.8169,0.5781866
F-,30,9.85915,2.8169,0.5835845
F-,30,10.14085,2.8169,0.5862366
F-,30,10.42254,2.8169,0.586196
F-,30,10.70423,2.8169,0.5836827
F-,30,10.98592,2.8169,0.5790477
F-,30,11.26761,2.8169,0.5727188
F-,30,11.5493,2.8169,0.5651324
F-,30,11.83099,2.8169,0.5566632
F-,30,12.11268,2.8169,0.5475608
F-,30,12.39437,2.8169,0.5379036
F-,30,12.67606,2.8169,0.5275769
F-,30,12.95775,2.8169,0.5162809
F-,30,13.23944,2.8169,0.5035679
F-,30,13.52113,2.8169,0.4889052
F-,30,13.80282,2.8169,0.4717565
F-,30,14.08451,2.8169,0.4516706
F-,30,14.3662,2.8169,0.428365
F-,30,14.64789,2.8169,0.4017933
F-,30,14.92958,2.8169,0.3721859
F-,30,15.21127,2.8169,0.3400582
F-,30,15.49296,2.8169,0.3061852
F-,30,15.77465,2.8169,0.2715455
F-,30,16.05634,2.8169,0.2372418
F-,30,16.33803,2.8169,0.2044081
F-,30,16.61972,2.8169,0.174114
F-,30,16.90141,2.8169,0.1472765
F-,30,17.1831,2.8169,0.1245885
F-,30,17.46479,2.8169,0.1064676
F-,30,17.74648,2.8169,0.0930308
F-,30,18.02817,2.8169,0.0840939
F-,30,18.30986,2.8169,0.0791958
F-,30,18.59155,2.8169,0.0776439
F-,30,18.87324,2.8169,0.0785777
F-,30,19.15493,2.8169,0.0810455
F-,30,19.43662,2.8169,0.0840876
F-,30,19.71831,2.8169,0.0868199
F-,30,20.0,2.8169,0.0885108
F-,30,0.0,3.09859,0.1133387
F-,30,0.28169,3.09859,0.106809
F-,30,0.56338,3.09859,0.0996223
F-,30,0.84507,3.09859,0.0927302
F-,30,1.12676,3.09859,0.0871443
F-,30,1.40845,3.09859,0.0838557
F-,30,1.69014,3.09859,0.0837587
F-,30,1.97183,3.09859,0.087582
F-,30,2.25352,3.09859,0.0958343
F-,30,2.53521,3.09859,0.1087645
F-,30,2.8169,3.09859,0.1263407
F-,30,3.09859,3.09859,0.1482482
F-,30,3.38028,3.09859,0.1739097
F-,30,3.66197,3.09859,0.2025248
F-,30,3.94366,3.09859,0.2331312
F-,30,4.22535,3.09859,0.2646811
F-,30,4.50704,3.09859,0.2961286
F-,30,4.78873,3.09859,0.3265179
F-,30,5.07042,3.09859,0.3550637
F-,30,5.35211,3.09859,0.3812114
F-,30,5.6338,3.09859,0.4046705
F-,30,5.91549,3.09859,0.4254148
F-,30,6.19718,3.09859,0.4436507
F-,30,6.47887,3.09859,0.4597573
F-,30,6.76056,3.09859,0.4742081
F-,30,7.04225,3.09859,0.4874864
F-,30,7.32394,3.09859,0.5000066
F-,30,7.60563,3.09859,0.5120528
F-,30,7.88732,3.09859,0.5237434
F-,30,8.16901,3.09859,0.5350245
F-,30,8.4507,3.09859,0.5456927
F-,30,8.73239,3.09859,0.5554415
F-,30,9.01408,3.09859,0.5639233
F-,30,9.29577,3.09859,0.5708171
F-,30,9.57746,3.09859,0.5758904
F-,30,9.85915,3.09859,0.5790463
F-,30,10.14085,3.09859,0.5803484
F-,30,10.42254,3.09859,0.5800186
F-,30,10.70423,3.09859,0.5784078
F-,30,10.98592,3.09859,0.575943
F-,30,11.26761,3.09859,0.5730573
F-,30,11.5493,3.09859,0.5701124
F-,30,11.83099,3.09859,0.5673237
F-,30,12.11268,3.09859,0.5647012
F-,30,12.39437,3.09859,0.5620139
F-,30,12.67606,3.09859,0.5587862
F-,30,12.95775,3.09859,0.5543298
F-,30,13.23944,3.09859,0.547809
F-,30,13.52113,3.09859,0.5383351
F-,30,13.80282,3.09859,0.525078
F-,30,14.08451,3.09859,0.5073813
F-,30,14.3662,3.09859,0.4848667
F-,30,14.64789,3.09859,0.4575115
F-,30,14.92958,3.09859,0.4256884
F-,30,15.21127,3.09859,0.3901601
F-,30,15.49296,3.09859,0.3520282
F-,30,15.77465,3.09859,0.3126421
F-,30,16.05634,3.09859,0.2734792
F-,30,16.33803,3.09859,0.2360125
F-,30,16.61972,3.09859,0.2015797
F-,30,16.90141,3.09859,0.1712712
F-,30,17.1831,3.09859,0.1458465
F-,30,17.46479,3.09859,0.1256875
F-,30,17.74648,3.09859,0.1107884
F-,30,18.02817,3.09859,0.1007825
F-,30,18.30986,3.09859,0.0949971
F-,30,18.59155,3.09859,0.0925326
F-,30,18.87324,3.09859,0.0923541
F-,30,19.15493,3.09859,0.0933902
F-,30,19.43662,3.09859,0.0946283
F-,30,19.71831,3.09859,0.0952013
F-,30,20.0,3.09859,0.0944578
F-,30,0.0,3.38028,0.1111618
F-,30,0.28169,3.38028,0.1052022
F-,30,0.56338,3.38028,0.0991925
F-,30,0.84507,3.38028,0.0941378
F-,30,1.12676,3.38028,0.0910592
F-,30,1.40845,3.38028,0.0909164
F-,30,1.69014,3.38028,0.0945363
F-,30,1.97183,3.38028,0.1025505
F-,30,2.25352,3.38028,0.1153459
F-,30,2.53521,3.38028,0.1330294
F-,30,2.8169,3.38028,0.1554097
F-,30,3.09859,3.38028,0.1819991
F-,30,3.38028,3.38028,0.2120369
F-,30,3.66197,3.38028,0.2445376
F-,30,3.94366,3.38028,0.2783614
F-,30,4.22535,3.38028,0.3123041
F-,30,4.50704,3.38028,0.345198
F-,30,4.78873,3.38028,0.3760128
F-,30,5.07042,3.38028,0.4039426
F-,30,5.35211,3.38028,0.4284685
F-,30,5.6338,3.38028,0.4493854
F-,30,5.91549,3.38028,0.4667902
F-,30,6.19718,3.38028,0.4810341
F-,30,6.47887,3.38028,0.4926452
F-,30,6.76056,3.38028,0.5022358
F-,30,7.04225,3.38028,0.5104075
F-,30,7.32394,3.38028,0.5176691
F-,30,7.60563,3.38028,0.5243788
F-,30,7.88732,3.38028,0.5307167
F-,30,8.16901,3.38028,0.5366906
F-,30,8.4507,3.38028,0.5421705
F-,30,8.73239,3.38028,0.5469452
F-,30,9.01408,3.38028,0.5507906
F-,30,9.29577,3.38028,0.5535371
F-,30,9.57746,3.38028,0.5551262
F-,30,9.85915,3.38028,0.5556469
F-,30,10.14085,3.38028,0.5553443
F-,30,10.42254,3.38028,0.554601
F-,30,10.70423,3.38028,0.5538893
F-,30,10.98592,3.38028,0.5537029
F-,30,11.26761,3.38028,0.5544735
F-,30,11.5493,3.38028,0.556486
F-,30,11.83099,3.38028,0.5598018
F-,30,12.11268,3.38028,0.5642028
F-,30,12.39437,3.38028,0.5691656
F-,30,12.67606,3.38028,0.5738735
F-,30,12.95775,3.38028,0.5772674
F-,30,13.23944,3.38028,0.5781356
F-,30,13.52113,3.38028,0.575233
F-,30,13.80282,3.38028,0.5674198
F-,30,14.08451,3.38028,0.5538018
F-,30,14.3662,3.38028,0.5338556
F-,30,14.64789,3.38028,0.5075202
F-,30,14.92958,3.38028,0.4752422
F-,30,15.21127,3.38028,0.4379633
F-,30,15.49296,3.38028,0.3970513
F-,30,15.77465,3.38028,0.3541806
F-,30,16.05634,3.38028,0.3111759
F-,30,16.33803,3.38028,0.2698403
F-,30,16.61972,3.38028,0.2317891
F-,30,16.90141,3.38028,0.1983089
F-,30,17.1831,3.38028,0.1702585
F-,30,17.46479,3.38028,0.1480209
F-,30,17.74648,3.38028,0.1315062
F-,30,18.02817,3.38028,0.1202014
F-,30,18.30986,3.38028,0.1132577
F-,30,18.59155,3.38028,0.1096003
F-,30,18.87324,3.38028,0.1080499
F-,30,19.15493,3.38028,0.1074421
F-,30,19.43662,3.38028,0.1067349
F-,30,19.71831,3.38028,0.1050963
F-,30,20.0,3.38028,0.1019656
F-,30,0.0,3.66197,0.105552
F-,30,0.28169,3.66197,0.1005886
F-,30,0.56338,3.66197,0.0962757
F-,30,0.84507,3.66197,0.0936439
F-,30,1.12676,3.66197,0.0936979
F-,30,1.40845,3.66197,0.0973433
F-,30,1.69014,3.66197,0.1053199
F-,30,1.97183,3.66197,0.1181443
F-,30,2.25352,3.66197,0.1360627
F-,30,2.53521,3.66197,0.1590169
F-,30,2.8169,3.66197,0.1866278
F-,30,3.09859,3.66197,0.2181993
F-,30,3.38028,3.66197,0.2527495
F-,30,3.66197,3.66197,0.2890697
F-,30,3.94366,3.66197,0.3258118
F-,30,4.22535,3.66197,0.361597
F-,30,4.50704,3.66197,0.3951357
F-,30,4.78873,3.66197,0.4253421
F-,30,5.07042,3.66197,0.4514284
F-,30,5.35211,3.66197,0.472964
F-,30,5.6338,3.66197,0.4898904
F-,30,5.91549,3.66197,0.5024894
F-,30,6.19718,3.66197,0.5113126
F-,30,6.47887,3.66197,0.5170817
F-,30,6.76056,3.66197,0.520578
F-,30,7.04225,3.66197,0.522538
F-,30,7.32394,3.66197,0.5235698
F-,30,7.60563,3.66197,0.5241016
F-,30,7.88732,3.66197,0.5243663
F-,30,8.16901,3.66197,0.5244223
F-,30,8.4507,3.66197,0.5242022
F-,30,8.73239,3.66197,0.5235804
F-,30,9.01408,3.66197,0.5224466
F-,30,9.29577,3.66197,0.520773
F-,30,9.57746,3.66197,0.5186637
F-,30,9.85915,3.66197,0.5163797
F-,30,10.14085,3.66197,0.5143323
F-,30,10.42254,3.66197,0.5130481
F-,30,10.70423,3.66197,0.5131061
F-,30,10.98592,3.66197,0.515056
F-,30,11.26761,3.66197,0.5193261
F-,30,11.5493,3.66197,0.5261333
F-,30,11.83099,3.66197,0.5354067
F-,30,12.11268,3.66197,0.5467356
F-,30,12.39437,3.66197,0.5593515
F-,30,12.67606,3.66197,0.5721504
F-,30,12.95775,3.66197,0.583758
F-,30,13.23944,3.66197,0.5926344
F-,30,13.52113,3.66197,0.5972112
F-,30,13.80282,3.66197,0.5960494
F-,30,14.08451,3.66197,0.5879998
F-,30,14.3662,3.66197,0.5723477
F-,30,14.64789,3.66197,0.5489219
F-,30,14.92958,3.66197,0.5181507
F-,30,15.21127,3.66197,0.4810539
F-,30,15.49296,3.66197,0.4391668
F-,30,15.77465,3.66197,0.3944028
F-,30,16.05634,3.66197,0.3488707
F-,30,16.33803,3.66197,0.3046684
F-,30,16.61972,3.66197,0.2636817
F-,30,16.90141,3.66197,0.2274129
F-,30,17.1831,3.66197,0.19686
F-,30,17.46479,3.66197,0.1724604
F-,30,17.74648,3.66197,0.1540994
F-,30,18.02817,3.66197,0.1411782
F-,30,18.30986,3.66197,0.1327275
F-,30,18.59155,3.66197,0.1275472
F-,30,18.87324,3.66197,0.1243548
F-,30,19.15493,3.66197,0.1219255
F-,30,19.43662,3.66197,0.1192111
F-,30,19.71831,3.66197,0.1154272
F-,30,20.0,3.66197,0.110107
F-,30,0.0,3.94366,0.0970235
F-,30,0.28169,3.94366,0.0933681
F-,30,0.56338,3.94366,0.091135
F-,30,0.84507,3.94366,0.0913556
F-,30,1.12676,3.94366,0.0949959
F-,30,1.40845,3.94366,0.1028886
F-,30,1.69014,3.94366,0.1156702
F-,30,1.97183,3.94366,0.1337246
F-,30,2.25352,3.94366,0.157136
F-,30,2.53521,3.94366,0.1856538
F-,30,2.8169,3.94366,0.2186766
F-,30,3.09859,3.94366,0.2552614
F-,30,3.38028,3.94366,0.2941659
F-,30,3.66197,3.94366,0.3339261
F-,30,3.94366,3.94366,0.3729674
F-,30,4.22535,3.94366,0.4097382
F-,30,4.50704,3.94366,0.4428517
F-,30,4.78873,3.94366,0.4712137
F-,30,5.07042,3.94366,0.4941191
F-,30,5.35211,3.94366,0.5112998
F-,30,5.6338,3.94366,0.5229177
F-,30,5.91549,3.94366,0.5295051
F-,30,6.19718,3.94366,0.531863
F-,30,6.47887,3.94366,0.5309361
F-,30,6.76056,3.94366,0.5276844
F-,30,7.04225,3.94366,0.5229715
F-,30,7.32394,3.94366,0.5174841
F-,30,7.60563,3.94366,0.5116925
F-,30,7.88732,3.94366,0.5058528
F-,30,8.16901,3.94366,0.5000448
F-,30,8.4507,3.94366,0.494238
F-,30,8.73239,3.94366,0.4883694
F-,30,9.01408,3.94366,0.4824222
F-,30,9.29577,3.94366,0.47649
F-,30,9.57746,3.94366,0.4708184
F-,30,9.85915,3.94366,0.465817
F-,30,10.14085,3.94366,0.4620384
F-,30,10.42254,3.94366,0.4601288
F-,30,10.70423,3.94366,0.4607524
F-,30,10.98592,3.94366,0.464501
F-,30,11.26761,3.94366,0.4717974
F-,30,11.5493,3.94366,0.4828047
F-,30,11.83099,3.94366,0.4973521
F-,30,12.11268,3.94366,0.5148884
F-,30,12.39437,3.94366,0.5344698
F-,30,12.67606,3.94366,0.5547885
F-,30,12.95775,3.94366,0.5742435
F-,30,13.23944,3.94366,0.5910509
F-,30,13.52113,3.94366,0.603388
F-,30,13.80282,3.94366,0.6095594
F-,30,14.08451,3.94366,0.6081688
F-,30,14.3662,3.94366,0.5982791
F-,30,14.64789,3.94366,0.5795386
F-,30,14.92958,3.94366,0.5522545
F-,30,15.21127,3.94366,0.5173998
F-,30,15.49296,3.94366,0.476545
F-,30,15.77465,3.94366,0.431719
F-,30,16.05634,3.94366,0.3852131
F-,30,16.33803,3.94366,0.3393522
F-,30,16.61972,3.94366,0.2962628
F-,30,16.90141,3.94366,0.2576707
F-,30,17.1831,3.94366,0.2247535
F-,30,17.46479,3.94366,0.1980669
F-,30,17.74648,3.94366,0.1775487
F-,30,18.02817,3.94366,0.1625958
F-,30,18.30986,3.94366,0.1521951
F-,30,18.59155,3.94366,0.1450881
F-,30,18.87324,3.94366,0.1399429
F-,30,19.15493,3.94366,0.1355134
F-,30,19.43662,3.94366,0.1307683
F-,30,19.71831,3.94366,0.12498
F-,30,20.0,3.94366,0.1177692
F-,30,0.0,4.22535,0.0865421
F-,30,0.28169,4.22535,0.0843947
F-,30,0.56338,4.22535,0.0844829
F-,30,0.84507,4.22535,0.0878176
F-,30,1.12676,4.22535,0.0953087
F-,30,1.40845,4.22535,0.1077011
F-,30,1.69014,4.22535,0.1255128
F-,30,1.97183,4.22535,0.1489772
F-,30,2.25352,4.22535,0.1779926
F-,30,2.53521,4.22535,0.212085
F-,30,2.8169,4.22535,0.2503937
F-,30,3.09859,4.22535,0.2916907
F-,30,3.38028,4.22535,0.3344412
F-,30,3.66197,4.22535,0.3769076
F-,30,3.94366,4.22535,0.4172918
F-,30,4.22535,4.22535,0.4538983
F-,30,4.50704,4.22535,0.485297
F-,30,4.78873,4.22535,0.5104607
F-,30,5.07042,4.22535,0.5288535
F-,30,5.35211,4.22535,0.5404569
F-,30,5.6338,4.22535,0.5457298
F-,30,5.91549,4.22535,0.5455106
F-,30,6.19718,4.22535,0.5408808
F-,30,6.47887,4.22535,0.5330124
F-,30,6.76056,4.22535,0.5230256
F-,30,7.04225,4.22535,0.5118753
F-,30,7.32394,4.22535,0.5002817
F-,30,7.60563,4.22535,0.4887092
F-,30,7.88732,4.22535,0.4773913
F-,30,8.16901,4.22535,0.4663899
F-,30,8.4507,4.22535,0.455678
F-,30,8.73239,4.22535,0.4452278
F-,30,9.01408,4.22535,0.4350907
F-,30,9.29577,4.22535,0.4254574
F-,30,9.57746,4.22535,0.4166883
F-,30,9.85915,4.22535,0.4093122
F-,30,10.14085,4.22535,0.4039914
F-,30,10.42254,4.22535,0.4014595
F-,30,10.70423,4.22535,0.402438
F-,30,10.98592,4.22535,0.4075411
F-,30,11.26761,4.22535,0.4171803
F-,30,11.5493,4.22535,0.4314771
F-,30,11.83099,4.22535,0.4501964
F-,30,12.11268,4.22535,0.4727057
F-,30,12.39437,4.22535,0.4979688
F-,30,12.67606,4.22535,0.5245756
F-,30,12.95775,4.22535,0.5508113
F-,30,13.23944,4.22535,0.5747619
F-,30,13.52113,4.22535,0.5944523
F-,30,13.80282,4.22535,0.608007
F-,30,14.08451,4.22535,0.6138225
F-,30,14.3662,4.22535,0.6107331
F-,30,14.64789,4.22535,0.5981516
F-,30,14.92958,4.22535,0.5761646
F-,30,15.21127,4.22535,0.5455634
F-,30,15.49296,4.22535,0.5077997
F-,30,15.77465,4.22535,0.4648634
F-,30,16.05634,4.22535,0.4190924
F-,30,16.33803,4.22535,0.3729359
F-,30,16.61972,4.22535,0.3287033
F-,30,16.90141,4.22535,0.2883329
F-,30,17.1831,4.22535,0.2532146
F-,30,17.46479,4.22535,0.2240892
F-,30,17.74648,4.22535,0.2010362
F-,30,18.02817,4.22535,0.1835454
F-,30,18.30986,4.22535,0.1706553
F-,30,18.59155,4.22535,0.1611323
F-,30,18.87324,4.22535,0.1536607
F-,30,19.15493,4.22535,0.1470185
F-,30,19.43662,4.22535,0.1402161
F-,30,19.71831,4.22535,0.1325878
F-,30,20.0,4.22535,0.1238299
F-,30,0.0,4.50704,0.0754048
F-,30,0.28169,4.50704,0.074873
F-,30,0.56338,4.50704,0.0773975
F-,30,0.84507,4.50704,0.0839506
F-,30,1.12676,4.50704,0.0953728
F-,30,1.40845,4.50704,0.1123086
F-,30,1.69014,4.50704,0.1351438
F-,30,1.97183,4.50704,0.1639422
F-,30,2.25352,4.50704,0.1983901
F-,30,2.53521,4.50704,0.2377572
F-,30,2.8169,4.50704,0.2808884
F-,30,3.09859,4.50704,0.3262392
F-,30,3.38028,4.50704,0.371964
F-,30,3.66197,4.50704,0.416055
F-,30,3.94366,4.50704,0.4565207
F-,30,4.22535,4.50704,0.4915804
F-,30,4.50704,4.50704,0.5198443
F-,30,4.78873,4.50704,0.5404498
F-,30,5.07042,4.50704,0.55313
F-,30,5.35211,4.50704,0.5582042
F-,30,5.6338,4.50704,0.5564929
F-,30,5.91549,4.50704,0.5491754
F-,30,6.19718,4.50704,0.5376157
F-,30,6.47887,4.50704,0.5231866
F-,30,6.76056,4.50704,0.5071195
F-,30,7.04225,4.50704,0.4904
F-,30,7.32394,4.50704,0.4737173
F-,30,7.60563,4.50704,0.4574702
F-,30,7.88732,4.50704,0.441818
F-,30,8.16901,4.50704,0.4267643
F-,30,8.4507,4.50704,0.4122543
F-,30,8.73239,4.50704,0.3982702
F-,30,9.01408,4.50704,0.3849094
F-,30,9.29577,4.50704,0.3724361
F-,30,9.57746,4.50704,0.3612981
F-,30,9.85915,4.50704,0.3521113
F-,30,10.14085,4.50704,0.3456113
F-,30,10.42254,4.50704,0.3425819
F-,30,10.70423,4.50704,0.3437668
F-,30,10.98592,4.50704,0.3497763
F-,30,11.26761,4.50704,0.3609972
F-,30,11.5493,4.50704,0.3775166
F-,30,11.83099,4.50704,0.3990649
F-,30,12.11268,4.50704,0.4249857
F-,30,12.39437,4.50704,0.4542333
F-,30,12.67606,4.50704,0.4854027
F-,30,12.95775,4.50704,0.5167898
F-,30,13.23944,4.50704,0.546482
F-,30,13.52113,4.50704,0.5724775
F-,30,13.80282,4.50704,0.5928271
F-,30,14.08451,4.50704,0.6057913
F-,30,14.3662,4.50704,0.6100011
F-,30,14.64789,4.50704,0.6046063
F-,30,14.92958,4.50704,0.5893906
F-,30,15.21127,4.50704,0.5648358
F-,30,15.49296,4.50704,0.5321146
F-,30,15.77465,4.50704,0.4930053
F-,30,16.05634,4.50704,0.4497293
F-,30,16.33803,4.50704,0.4047274
F-,30,16.61972,4.50704,0.3604036
F-,30,16.90141,4.50704,0.3188738
F-,30,17.1831,4.50704,0.281757
F-,30,17.46479,4.50704,0.2500403
F-,30,17.74648,4.50704,0.2240369
F-,30,18.02817,4.50704,0.2034373
F-,30,18.30986,4.50704,0.1874395
F-,30,18.59155,4.50704,0.1749308
F-,30,18.87324,4.50704,0.1646881
F-,30,19.15493,4.50704,0.155565
F-,30,19.43662,4.50704,0.1466405
F-,30,19.71831,4.50704,0.1373136
F-,30,20.0,4.50704,0.1273392
F-,30,0.0,4.78873,0.0650665
F-,30,0.28169,4.78873,0.0661989
F-,30,0.56338,4.78873,0.0711781
F-,30,0.84507,4.78873,0.0809247
F-,30,1.12676,4.78873,0.0961983
F-,30,1.40845,4.78873,0.1175332
F-,30,1.69014,4.78873,0.1451686
F-,30,1.97183,4.78873,0.1789788
F-,30,2.25352,4.78873,0.2184111
F-,30,2.53521,4.78873,0.2624477
F-,30,2.8169,4.78873,0.3096097
F-,30,3.09859,4.78873,0.3580179
F-,30,3.38028,4.78873,0.4055173
F-,30,3.66197,4.78873,0.4498593
F-,30,3.94366,4.78873,0.4889191
F-,30,4.22535,4.78873,0.5209186
F-,30,4.50704,4.78873,0.5446138
F-,30,4.78873,4.78873,0.5594176
F-,30,5.07042,4.78873,0.565432
F-,30,5.35211,4.78873,0.563389
F-,30,5.6338,4.78873,0.554512
F-,30,5.91549,4.78873,0.5403238
F-,30,6.19718,4.78873,0.5224393
F-,30,6.47887,4.78873,0.5023733
F-,30,6.76056,4.78873,0.4813947
F-,30,7.04225,4.78873,0.460441
F-,30,7.32394,4.78873,0.4400976
F-,30,7.60563,4.78873,0.4206368
F-,30,7.88732,4.78873,0.4020981
F-,30,8.16901,4.78873,0.3843946
F-,30,8.4507,4.78873,0.3674223
F-,30,8.73239,4.78873,0.3511578
F-,30,9.01408,4.78873,0.3357296
F-,30,9.29577,4.78873,0.3214562
F-,30,9.57746,4.78873,0.3088479
F-,30,9.85915,4.78873,0.2985752
F-,30,10.14085,4.78873,0.2914087
F-,30,10.42254,4.78873,0.2881409
F-,30,10.70423,4.78873,0.2894981
F-,30,10.98592,4.78873,0.2960534
F-,30,11.26761,4.78873,0.308149
F-,30,11.5493,4.78873,0.3258347
F-,30,11.83099,4.78873,0.3488272
F-,30,12.11268,4.78873,0.3764921
F-,30,12.39437,4.78873,0.4078485
F-,30,12.67606,4.78873,0.4415957
F-,30,12.95775,4.78873,0.4761611
F-,30,13.23944,4.78873,0.5097685
F-,30,13.52113,4.78873,0.5405262
F-,30,13.80282,4.78873,0.5665361
F-,30,14.08451,4.78873,0.5860211
F-,30,14.3662,4.78873,0.5974665
F-,30,14.64789,4.78873,0.5997639
F-,30,14.92958,4.78873,0.5923432
F-,30,15.21127,4.78873,0.5752705
F-,30,15.49296,4.78873,0.5492906
F-,30,15.77465,4.78873,0.5157965
F-,30,16.05634,4.78873,0.4767166
F-,30,16.33803,4.78873,0.4343275
F-,30,16.61972,4.78873,0.3910133
F-,30,16.90141,4.78873,0.3490057
F-,30,17.1831,4.78873,0.3101478
F-,30,17.46479,4.78873,0.2757204
F-,30,17.74648,4.78873,0.2463561
F-,30,18.02817,4.78873,0.2220549
F-,30,18.30986,4.78873,0.2022882
F-,30,18.59155,4.78873,0.1861685
F-,30,18.87324,4.78873,0.172649
F-,30,19.15493,4.78873,0.1607157
F-,30,19.43662,4.78873,0.1495444
F-,30,19.71831,4.78873,0.1386011
F-,30,20.0,4.78873,0.1276795
F-,30,0.0,5.07042,0.0569423
F-,30,0.28169,5.07042,0.0597663
F-,30,0.56338,5.07042,0.0671619
F-,30,0.84507,5.07042,0.0799869
F-,30,1.12676,5.07042,0.0989118
F-,30,1.40845,5.07042,0.1243509
F-,30,1.69014,5.07042,0.1563831
F-,30,1.97183,5.07042,0.1946722
F-,30,2.25352,5.07042,0.2384004
F-,30,2.53521,5.07042,0.2862365
F-,30,2.8169,5.07042,0.3363591
F-,30,3.09859,5.07042,0.3865534
F-,30,3.38028,5.07042,0.4343809
F-,30,3.66197,5.07042,0.4774088
F-,30,3.94366,5.07042,0.5134665
F-,30,4.22535,5.07042,0.5408878
F-,30,4.50704,5.07042,0.5586935
F-,30,4.78873,5.07042,0.5666815
F-,30,5.07042,5.07042,0.5654087
F-,30,5.35211,5.07042,0.5560694
F-,30,5.6338,5.07042,0.5402965
F-,30,5.91549,5.07042,0.5199237
F-,30,6.19718,5.07042,0.4967514
F-,30,6.47887,5.07042,0.4723522
F-,30,6.76056,5.07042,0.4479419
F-,30,7.04225,5.07042,0.4243258
F-,30,7.32394,5.07042,0.4019168
F-,30,7.60563,5.07042,0.3808104
F-,30,7.88732,5.07042,0.3608957
F-,30,8.16901,5.07042,0.3419795
F-,30,8.4507,5.07042,0.3239025
F-,30,8.73239,5.07042,0.3066328
F-,30,9.01408,5.07042,0.290324
F-,30,9.29577,5.07042,0.2753365
F-,30,9.57746,5.07042,0.2622208
F-,30,9.85915,5.07042,0.2516709
F-,30,10.14085,5.07042,0.2444537
F-,30,10.42254,5.07042,0.2413277
F-,30,10.70423,5.07042,0.2429596
F-,30,10.98592,5.07042,0.2498484
F-,30,11.26761,5.07042,0.2622654
F-,30,11.5493,5.07042,0.2802122
F-,30,11.83099,5.07042,0.3034004
F-,30,12.11268,5.07042,0.3312491
F-,30,12.39437,5.07042,0.3628983
F-,30,12.67606,5.07042,0.3972332
F-,30,12.95775,5.07042,0.4329173
F-,30,13.23944,5.07042,0.4684328
F-,30,13.52113,5.07042,0.5021301
F-,30,13.80282,5.07042,0.5322925
F-,30,14.08451,5.07042,0.5572197
F-,30,14.3662,5.07042,0.5753345
F-,30,14.64789,5.07042,0.5853099
F-,30,14.92958,5.07042,0.5862075
F-,30,15.21127,5.07042,0.5776071
F-,30,15.49296,5.07042,0.5597042
F-,30,15.77465,5.07042,0.5333483
F-,30,16.05634,5.07042,0.5000014
F-,30,16.33803,5.07042,0.4616108
F-,30,16.61972,5.07042,0.4204058
F-,30,16.90141,5.07042,0.3786475
F-,30,17.1831,5.07042,0.3383742
F-,30,17.46479,5.07042,0.3011854
F-,30,17.74648,5.07042,0.2681051
F-,30,18.02817,5.07042,0.2395431
F-,30,18.30986,5.07042,0.2153562
F-,30,18.59155,5.07042,0.194988
F-,30,18.87324,5.07042,0.1776542
F-,30,19.15493,5.07042,0.1625332
F-,30,19.43662,5.07042,0.1489276
F-,30,19.71831,5.07042,0.1363721
F-,30,20.0,5.07042,0.1246783
F-,30,0.0,5.35211,0.0522113
F-,30,0.28169,5.35211,0.0567694
F-,30,0.56338,5.35211,0.0665265
F-,30,0.84507,5.35211,0.0822689
F-,30,1.12676,5.35211,0.1045717
F-,30,1.40845,5.35211,0.1337197
F-,30,1.69014,5.35211,0.1696169
F-,30,1.97183,5.35211,0.2116969
F-,30,2.25352,5.35211,0.2588548
F-,30,2.53521,5.35211,0.3094271
F-,30,2.8169,5.35211,0.3612466
F-,30,3.09859,5.35211,0.4117822
F-,30,3.38028,5.35211,0.4583618
F-,30,3.66197,5.35211,0.4984502
F-,30,3.94366,5.35211,0.5299391
F-,30,4.22535,5.35211,0.5513951
F-,30,4.50704,5.35211,0.5622209
F-,30,4.78873,5.35211,0.5626954
F-,30,5.07042,5.35211,0.5538894
F-,30,5.35211,5.35211,0.5374733
F-,30,5.6338,5.35211,0.5154593
F-,30,5.91549,5.35211,0.4899243
F-,30,6.19718,5.35211,0.4627626
F-,30,6.47887,5.35211,0.4355047
F-,30,6.76056,5.35211,0.4092196
F-,30,7.04225,5.35211,0.3845042
F-,30,7.32394,5.35211,0.3615453
F-,30,7.60563,5.35211,0.3402325
F-,30,7.88732,5.35211,0.320295
F-,30,8.16901,5.35211,0.3014377
F-,30,8.4507,5.35211,0.2834565
F-,30,8.73239,5.35211,0.2663201
F-,30,9.01408,5.35211,0.2502097
F-,30,9.29577,5.35211,0.2355199
F-,30,9.57746,5.35211,0.2228223
F-,30,9.85915,5.35211,0.2128047
F-,30,10.14085,5.35211,0.2061931
F-,30,10.42254,5.35211,0.2036704
F-,30,10.70423,5.35211,0.2058024
F-,30,10.98592,5.35211,0.2129773
F-,30,11.26761,5.35211,0.2253667
F-,30,11.5493,5.35211,0.2429078
F-,30,11.83099,5.35211,0.2653054
F-,30,12.11268,5.35211,0.2920482
F-,30,12.39437,5.35211,0.3224328
F-,30,12.67606,5.35211,0.3555872
F-,30,12.95775,5.35211,0.3904887
F-,30,13.23944,5.35211,0.4259753
F-,30,13.52113,5.35211,0.4607518
F-,30,13.80282,5.35211,0.4934027
F-,30,14.08451,5.35211,0.5224206
F-,30,14.3662,5.35211,0.546265
F-,30,14.64789,5.35211,0.5634579
F-,30,14.92958,5.35211,0.5727156
F-,30,15.21127,5.35211,0.5731031
F-,30,15.49296,5.35211,0.5641851
F-,30,15.77465,5.35211,0.5461417
F-,30,16.05634,5.35211,0.5198143
F-,30,16.33803,5.35211,0.4866603
F-,30,16.61972,5.35211,0.4486114
F-,30,16.90141,5.35211,0.4078537
F-,30,17.1831,5.35211,0.366566
F-,30,17.46479,5.35211,0.3266681
F-,30,17.74648,5.35211,0.289624
F-,30,18.02817,5.35211,0.2563377
F-,30,18.30986,5.35211,0.2271522
F-,30,18.59155,5.35211,0.2019425
F-,30,18.87324,5.35211,0.1802715
F-,30,19.15493,5.35211,0.1615688
F-,30,19.43662,5.35211,0.145294
F-,30,19.71831,5.35211,0.1310531
F-,30,20.0,5.35211,0.118655
F-,30,0.0,5.6338,0.0516529
F-,30,0.28169,5.6338,0.0580293
F-,30,0.56338,5.6338,0.0701102
F-,30,0.84507,5.6338,0.0886046
F-,30,1.12676,5.6338,0.1139858
F-,30,1.40845,5.6338,0.1464003
F-,30,1.69014,5.6338,0.1855638
F-,30,1.97183,5.6338,0.2306618
F-,30,2.25352,5.6338,0.2802852
F-,30,2.53521,5.6338,0.3324322
F-,30,2.8169,5.6338,0.3846013
F-,30,3.09859,5.6338,0.4339853
F-,30,3.38028,5.6338,0.47775
F-,30,3.66197,5.6338,0.5133581
F-,30,3.94366,5.6338,0.5388811
F-,30,4.22535,5.6338,0.553239
F-,30,4.50704,5.6338,0.5563186
F-,30,4.78873,5.6338,0.5489488
F-,30,5.07042,5.6338,0.532737
F-,30,5.35211,5.6338,0.5098058
F-,30,5.6338,5.6338,0.4824802
F-,30,5.91549,5.6338,0.4529853
F-,30,6.19718,5.6338,0.4232032
F-,30,6.47887,5.6338,0.3945202
F-,30,6.76056,5.6338,0.3677755
F-,30,7.04225,5.6338,0.3433006
F-,30,7.32394,5.6338,0.3210275
F-,30,7.60563,5.6338,0.3006363
F-,30,7.88732,5.6338,0.2817102
F-,30,8.16901,5.6338,0.2638761
F-,30,8.4507,5.6338,0.2469094
F-,30,8.73239,5.6338,0.2307975
F-,30,9.01408,5.6338,0.2157569
F-,30,9.29577,5.6338,0.2022107
F-,30,9.57746,5.6338,0.190734
F-,30,9.85915,5.6338,0.1819803
F-,30,10.14085,5.6338,0.1765998
F-,30,10.42254,5.6338,0.1751626
F-,30,10.70423,5.6338,0.1780967
F-,30,10.98592,5.6338,0.185647
F-,30,11.26761,5.6338,0.1978599
F-,30,11.5493,5.6338,0.2145904
F-,30,11.83099,5.6338,0.2355293
F-,30,12.11268,5.6338,0.2602385
F-,30,12.39437,5.6338,0.2881874
F-,30,12.67606,5.6338,0.3187769
F-,30,12.95775,5.6338,0.3513449
F-,30,13.23944,5.6338,0.3851487
F-,30,13.52113,5.6338,0.4193289
F-,30,13.80282,5.6338,0.4528667
F-,30,14.08451,5.6338,0.4845508
F-,30,14.3662,5.6338,0.5129783
F-,30,14.64789,5.6338,0.5366057
F-,30,14.92958,5.6338,0.5538595
F-,30,15.21127,5.6338,0.5633035
F-,30,15.49296,5.6338,0.5638368
F-,30,15.77465,5.6338,0.5548873
F-,30,16.05634,5.6338,0.5365557
F-,30,16.33803,5.6338,0.5096693
F-,30,16.61972,5.6338,0.4757242
F-,30,16.90141,5.6338,0.4367164
F-,30,17.1831,5.6338,0.3948919
F-,30,17.46479,5.6338,0.3524652
F-,30,17.74648,5.6338,0.3113634
F-,30,18.02817,5.6338,0.2730449
F-,30,18.30986,5.6338,0.2384215
F-,30,18.59155,5.6338,0.2078866
F-,30,18.87324,5.6338,0.1814266
F-,30,19.15493,5.6338,0.1587776
F-,30,19.43662,5.6338,0.1395845
F-,30,19.71831,5.6338,0.1235274
F-,30,20.0,5.6338,0.1103941
F-,30,0.0,5.91549,0.0555388
F-,30,0.28169,5.91549,0.0638713
F-,30,0.56338,5.91549,0.0782774
F-,30,0.84507,5.91549,0.0993843
F-,30,1.12676,5.91549,0.127559
F-,30,1.40845,5.91549,0.1628018
F-,30,1.69014,5.91549,0.2046272
F-,30,1.97183,5.91549,0.251959
F-,30,2.25352,5.91549,0.3030756
F-,30,2.53521,5.91549,0.3556417
F-,30,2.8169,5.91549,0.4068502
F-,30,3.09859,5.91549,0.4536756
F-,30,3.38028,5.91549,0.4932084
F-,30,3.66197,5.91549,0.523018
F-,30,3.94366,5.91549,0.5414724
F-,30,4.22535,5.91549,0.5479502
F-,30,4.50704,5.91549,0.5428993
F-,30,4.78873,5.91549,0.5277311
F-,30,5.07042,5.91549,0.5045744
F-,30,5.35211,5.91549,0.4759428
F-,30,5.6338,5.91549,0.44438
F-,30,5.91549,5.91549,0.412149
F-,30,6.19718,5.91549,0.3810118
F-,30,6.47887,5.91549,0.3521211
F-,30,6.76056,5.91549,0.3260245
F-,30,7.04225,5.91549,0.3027589
F-,30,7.32394,5.91549,0.2820016
F-,30,7.60563,5.91549,0.2632453
F-,30,7.88732,5.91549,0.2459628
F-,30,8.16901,5.91549,0.2297407
F-,30,8.4507,5.91549,0.2143671
F-,30,8.73239,5.91549,0.1998698
F-,30,9.01408,5.91549,0.1865086
F-,30,9.29577,5.91549,0.1747287
F-,30,9.57746,5.91549,0.165091
F-,30,9.85915,5.91549,0.1581881
F-,30,10.14085,5.91549,0.1545636
F-,30,10.42254,5.91549,0.1546434
F-,30,10.70423,5.91549,0.158689
F-,30,10.98592,5.91549,0.1667784
F-,30,11.26761,5.91549,0.1788142
F-,30,11.5493,5.91549,0.1945568
F-,30,11.83099,5.91549,0.2136744
F-,30,12.11268,5.91549,0.2357986
F-,30,12.39437,5.91549,0.260572
F-,30,12.67606,5.91549,0.2876749
F-,30,12.95775,5.91549,0.3168209
F-,30,13.23944,5.91549,0.3477143
F-,30,13.52113,5.91549,0.3799749
F-,30,13.80282,5.91549,0.4130416
F-,30,14.08451,5.91549,0.4460774
F-,30,14.3662,5.91549,0.4779064
F-,30,14.64789,5.91549,0.5070092
F-,30,14.92958,5.91549,0.5316007
F-,30,15.21127,5.91549,0.5497938
F-,30,15.49296,5.91549,0.5598334
F-,30,15.77465,5.91549,0.5603622
F-,30,16.05634,5.91549,0.5506641
F-,30,16.33803,5.91549,0.530829
F-,30,16.61972,5.91549,0.5017967
F-,30,16.90141,5.91549,0.4652599
F-,30,17.1831,5.91549,0.4234445
F-,30,17.46479,5.91549,0.378812
F-,30,17.74648,5.91549,0.333747
F-,30,18.02817,5.91549,0.2902945
F-,30,18.30986,5.91549,0.2499925
F-,30,18.59155,5.91549,0.2138206
F-,30,18.87324,5.91549,0.1822515
F-,30,19.15493,5.91549,0.1553744
F-,30,19.43662,5.91549,0.1330446
F-,30,19.71831,5.91549,0.1150187
F-,30,20.0,5.91549,0.1010469
F-,30,0.0,6.19718,0.0635968
F-,30,0.28169,6.19718,0.0740705
F-,30,0.56338,6.19718,0.0908473
F-,30,0.84507,6.19718,0.1144701
F-,30,1.12676,6.19718,0.1451963
F-,30,1.40845,6.19718,0.1828734
F-,30,1.69014,6.19718,0.2268051
F-,30,1.97183,6.19718,0.2756451
F-,30,2.25352,6.19718,0.3273595
F-,30,2.53521,6.19718,0.3792972
F-,30,2.8169,6.19718,0.428388
F-,30,3.09859,6.19718,0.4714578
F-,30,3.38028,6.19718,0.5056163
F-,30,3.66197,6.19718,0.5286464
F-,30,3.94366,6.19718,0.5393158
F-,30,4.22535,6.19718,0.5375423
F-,30,4.50704,6.19718,0.5243764
F-,30,4.78873,6.19718,0.501807
F-,30,5.07042,6.19718,0.4724319
F-,30,5.35211,6.19718,0.4390657
F-,30,5.6338,6.19718,0.4043605
F-,30,5.91549,6.19718,0.3705055
F-,30,6.19718,6.19718,0.3390464
F-,30,6.47887,6.19718,0.3108358
F-,30,6.76056,6.19718,0.2860976
F-,30,7.04225,6.19718,0.2645752
F-,30,7.32394,6.19718,0.245719
F-,30,7.60563,6.19718,0.2288785
F-,30,7.88732,6.19718,0.2134657
F-,30,8.16901,6.19718,0.1990727
F-,30,8.4507,6.19718,0.1855348
F-,30,8.73239,6.19718,0.1729402
F-,30,9.01408,6.19718,0.1615955
F-,30,9.29577,6.19718,0.1519594
F-,30,9.57746,6.19718,0.1445584
F-,30,9.85915,6.19718,0.1399001
F-,30,10.14085,6.19718,0.1383955
F-,30,10.42254,6.19718,0.1403033
F-,30,10.70423,6.19718,0.1457012
F-,30,10.98592,6.19718,0.1544875
F-,30,11.26761,6.19718,0.1664145
F-,30,11.5493,6.19718,0.1811436
F-,30,11.83099,6.19718,0.198317
F-,30,12.11268,6.19718,0.21763
F-,30,12.39437,6.19718,0.2388893
F-,30,12.67606,6.19718,0.2620428
F-,30,12.95775,6.19718,0.2871676
F-,30,13.23944,6.19718,0.3144083
F-,30,13.52113,6.19718,0.3438686
F-,30,13.80282,6.19718,0.3754677
F-,30,14.08451,6.19718,0.4087877
F-,30,14.3662,6.19718,0.4429453
F-,30,14.64789,6.19718,0.4765281
F-,30,14.92958,6.19718,0.5076263
F-,30,15.21127,6.19718,0.5339797
F-,30,15.49296,6.19718,0.5532318
F-,30,15.77465,6.19718,0.5632551
F-,30,16.05634,6.19718,0.5624898
F-,30,16.33803,6.19718,0.550223
F-,30,16.61972,6.19718,0.5267455
F-,30,16.90141,6.19718,0.4933456
F-,30,17.1831,6.19718,0.4521378
F-,30,17.46479,6.19718,0.4057647
F-,30,17.74648,6.19718,0.3570369
F-,30,18.02817,6.19718,0.3085879
F-,30,18.30986,6.19718,0.2626109
F-,30,18.59155,6.19718,0.2207146
F-,30,18.87324,6.19718,0.1839025
F-,30,19.15493,6.19718,0.1526518
F-,30,19.43662,6.19718,0.1270468
F-,30,19.71831,6.19718,0.1069215
F-,30,20.0,6.19718,0.0919755
F-,30,0.0,6.47887,0.0750515
F-,30,0.28169,6.47887,0.087876
F-,30,0.56338,6.47887,0.1071006
F-,30,0.84507,6.47887,0.1331851
F-,30,1.12676,6.47887,0.166276
F-,30,1.40845,6.47887,0.2060633
F-,30,1.69014,6.47887,0.2516349
F-,30,1.97183,6.47887,0.3013723
F-,30,2.25352,6.47887,0.3529385
F-,30,2.53521,6.47887,0.4033946
F-,30,2.8169,6.47887,0.4494593
F-,30,3.09859,6.47887,0.4878861
F-,30,3.38028,6.47887,0.5158956
F-,30,3.66197,6.47887,0.5315792
F-,30,3.94366,6.47887,0.5341839
F-,30,4.22535,6.47887,0.5242148
F-,30,4.50704,6.47887,0.50333
F-,30,4.78873,6.47887,0.4740536
F-,30,5.07042,6.47887,0.4393708
F-,30,5.35211,6.47887,0.4022902
F-,30,5.6338,6.47887,0.3654584
F-,30,5.91549,6.47887,0.3308903
F-,30,6.19718,6.47887,0.2998428
F-,30,6.47887,6.47887,0.2728307
F-,30,6.76056,6.47887,0.2497541
F-,30,7.04225,6.47887,0.2300922
F-,30,7.32394,6.47887,0.2131185
F-,30,7.60563,6.47887,0.1980977
F-,30,7.88732,6.47887,0.1844372
F-,30,8.16901,6.47887,0.1717798
F-,30,8.4507,6.47887,0.1600375
F-,30,8.73239,6.47887,0.1493716
F-,30,9.01408,6.47887,0.1401332
F-,30,9.29577,6.47887,0.1327798
F-,30,9.57746,6.47887,0.1277833
F-,30,9.85915,6.47887,0.1255435
F-,30,10.14085,6.47887,0.1263201
F-,30,10.42254,6.47887,0.1301914
F-,30,10.70423,6.47887,0.1370452
F-,30,10.98592,6.47887,0.1466024
F-,30,11.26761,6.47887,0.1584706
F-,30,11.5493,6.47887,0.1722201
F-,30,11.83099,6.47887,0.1874712
F-,30,12.11268,6.47887,0.2039798
F-,30,12.39437,6.47887,0.2217037
F-,30,12.67606,6.47887,0.2408345
F-,30,12.95775,6.47887,0.2617803
F-,30,13.23944,6.47887,0.2850909
F-,30,13.52113,6.47887,0.3113241
F-,30,13.80282,6.47887,0.3408644
F-,30,14.08451,6.47887,0.3737208
F-,30,14.3662,6.47887,0.4093397
F-,30,14.64789,6.47887,0.4464794
F-,30,14.92958,6.47887,0.4831907
F-,30,15.21127,6.47887,0.5169332
F-,30,15.49296,6.47887,0.5448323
F-,30,15.77465,6.47887,0.564049
F-,30,16.05634,6.47887,0.5722006
F-,30,16.33803,6.47887,0.567751
F-,30,16.61972,6.47887,0.5502857
F-,30,16.90141,6.47887,0.520608
F-,30,17.1831,6.47887,0.4806349
F-,30,17.46479,6.47887,0.4331135
F-,30,17.74648,6.47887,0.3812262
F-,30,18.02817,6.47887,0.328169
F-,30,18.30986,6.47887,0.2767888
F-,30,18.59155,6.47887,0.2293391
F-,30,18.87324,6.47887,0.1873768
F-,30,19.15493,6.47887,0.1517869
F-,30,19.43662,6.47887,0.122893
F-,30,19.71831,6.47887,0.1006057
F-,30,20.0,6.47887,0.0845632
F-,30,0.0,6.76056,0.0887356
F-,30,0.28169,6.76056,0.1041069
F-,30,0.56338,6.76056,0.1258618
F-,30,0.84507,6.76056,0.15438
F-,30,1.12676,6.76056,0.1896993
F-,30,1.40845,6.76056,0.2313518
F-,30,1.69014,6.76056,0.2782085
F-,30,1.97183,6.76056,0.3283838
F-,30,2.25352,6.76056,0.3792546
F-,30,2.53521,6.76056,0.4276302
F-,30,2.8169,6.76056,0.4700747
F-,30,3.09859,6.76056,0.5033427
F-,30,3.38028,6.76056,0.5248476
F-,30,3.66197,6.76056,0.5330628
F-,30,3.94366,6.76056,0.5277648
F-,30,4.22535,6.76056,0.5100586
F-,30,4.50704,6.76056,0.4821792
F-,30,4.78873,6.76056,0.4471148
F-,30,5.07042,6.76056,0.408137
F-,30,5.35211,6.76056,0.3683364
F-,30,5.6338,6.76056,0.330251
F-,30,5.91549,6.76056,0.2956417
F-,30,6.19718,6.76056,0.2654329
F-,30,6.47887,6.76056,0.2397964
F-,30,6.76056,6.76056,0.2183361
F-,30,7.04225,6.76056,0.200319
F-,30,7.32394,6.76056,0.1849055
F-,30,7.60563,6.76056,0.1713389
F-,30,7.88732,6.76056,0.1590753
F-,30,8.16901,6.76056,0.1478465
F-,30,8.4507,6.76056,0.1376606
F-,30,8.73239,6.76056,0.1287543
F-,30,9.01408,6.76056,0.1215126
F-,30,9.29577,6.76056,0.1163732
F-,30,9.57746,6.76056,0.1137317
F-,30,9.85915,6.76056,0.1138619
F-,30,10.14085,6.76056,0.1168602
F-,30,10.42254,6.76056,0.1226222
F-,30,10.70423,6.76056,0.1308532
F-,30,10.98592,6.76056,0.1411115
F-,30,11.26761,6.76056,0.15288
F-,30,11.5493,6.76056,0.1656569
F-,30,11.83099,6.76056,0.1790549
F-,30,12.11268,6.76056,0.1928929
F-,30,12.39437,6.76056,0.207267
F-,30,12.67606,6.76056,0.2225829
F-,30,12.95775,6.76056,0.2395347
F-,30,13.23944,6.76056,0.2590221
F-,30,13.52113,6.76056,0.2819996
F-,30,13.80282,6.76056,0.30927
F-,30,14.08451,6.76056,0.3412436
F-,30,14.3662,6.76056,0.3777011
F-,30,14.64789,6.76056,0.4176122
F-,30,14.92958,6.76056,0.4590616
F-,30,15.21127,6.76056,0.4993245
F-,30,15.49296,6.76056,0.5351115
F-,30,15.77465,6.76056,0.5629635
F-,30,16.05634,6.76056,0.5797381
F-,30,16.33803,6.76056,0.5830997
F-,30,16.61972,6.76056,0.5719103
F-,30,16.90141,6.76056,0.5464362
F-,30,17.1831,6.76056,0.5083221
F-,30,17.46479,6.76056,0.4603411
F-,30,17.74648,6.76056,0.4059772
F-,30,18.02817,6.76056,0.3489374
F-,30,18.30986,6.76056,0.2926923
F-,30,18.59155,6.76056,0.240128
F-,30,18.87324,6.76056,0.1933543
F-,30,19.15493,6.76056,0.1536663
F-,30,19.43662,6.76056,0.121628
F-,30,19.71831,6.76056,0.097222
F-,30,20.0,6.76056,0.0800168
F-,30,0.0,7.04225,0.1032547
F-,30,0.28169,7.04225,0.1213104
F-,30,0.56338,7.04225,0.1456452
F-,30,0.84507,7.04225,0.1765672
F-,30,1.12676,7.04225,0.214011
F-,30,1.40845,7.04225,0.2573544
F-,30,1.69014,7.04225,0.3052564
F-,30,1.97183,7.04225,0.3555755
F-,30,2.25352,7.04225,0.4054258
F-,30,2.53521,7.04225,0.4514042
F-,30,2.8169,7.04225,0.4899755
F-,30,3.09859,7.04225,0.5179609
F-,30,3.38028,7.04225,0.5330293
F-,30,3.66197,7.04225,0.5340837
F-,30,3.94366,7.04225,0.5214476
F-,30,4.22535,7.04225,0.4968054
F-,30,4.50704,7.04225,0.4629085
F-,30,4.78873,7.04225,0.423118
F-,30,5.07042,7.04225,0.380885
F-,30,5.35211,7.04225,0.3392777
F-,30,5.6338,7.04225,0.3006408
F-,30,5.91549,7.04225,0.2664308
F-,30,6.19718,7.04225,0.2372263
F-,30,6.47887,7.04225,0.2128789
F-,30,6.76056,7.04225,0.1927463
F-,30,7.04225,7.04225,0.1759488
F-,30,7.32394,7.04225,0.1616013
F-,30,7.60563,7.04225,0.1489854
F-,30,7.88732,7.04225,0.1376499
F-,30,8.16901,7.04225,0.1274402
F-,30,8.4507,7.04225,0.1184672
F-,30,8.73239,7.04225,0.1110346
F-,30,9.01408,7.04225,0.1055427
F-,30,9.29577,7.04225,0.1023868
F-,30,9.57746,7.04225,0.1018661
F-,30,9.85915,7.04225,0.1041148
F-,30,10.14085,7.04225,0.1090629
F-,30,10.42254,7.04225,0.1164314
F-,30,10.70423,7.04225,0.1257622
F-,30,10.98592,7.04225,0.1364786
F-,30,11.26761,7.04225,0.1479703
F-,30,11.5493,7.04225,0.1596938
F-,30,11.83099,7.04225,0.1712762
F-,30,12.11268,7.04225,0.1826087
F-,30,12.39437,7.04225,0.1939161
F-,30,12.67606,7.04225,0.2057873
F-,30,12.95775,7.04225,0.2191517
F-,30,13.23944,7.04225,0.2351911
F-,30,13.52113,7.04225,0.2551825
F-,30,13.80282,7.04225,0.2802762
F-,30,14.08451,7.04225,0.3112301
F-,30,14.3662,7.04225,0.3481359
F-,30,14.64789,7.04225,0.39019
F-,30,14.92958,7.04225,0.4355659
F-,30,15.21127,7.04225,0.4814447
F-,30,15.49296,7.04225,0.5242331
F-,30,15.77465,7.04225,0.5599649
F-,30,16.05634,7.04225,0.5848338
F-,30,16.33803,7.04225,0.5957667
F-,30,16.61972,7.04225,0.5909221
F-,30,16.90141,7.04225,0.5700066
F-,30,17.1831,7.04225,0.5343376
F-,30,17.46479,7.04225,0.4866387
F-,30,17.74648,7.04225,0.430617
F-,30,18.02817,7.04225,0.3704197
F-,30,18.30986,7.04225,0.3100857
F-,30,18.59155,7.04225,0.253096
F-,30,18.87324,7.04225,0.2020887
F-,30,19.15493,7.04225,0.1587551
F-,30,19.43662,7.04225,0.1238891
F-,30,19.71831,7.04225,0.0975376
F-,30,20.0,7.04225,0.0791929
F-,30,0.0,7.32394,0.1171809
F-,30,0.28169,7.32394,0.1379539
F-,30,0.56338,7.32394,0.1648457
F-,30,0.84507,7.32394,0.198105
F-,30,1.12676,7.32394,0.2375732
F-,30,1.40845,7.32394,0.2824828
F-,30,1.69014,7.32394,0.331291
F-,30,1.97183,7.32394,0.3816166
F-,30,2.25352,7.32394,0.4303385
F-,30,2.53521,7.32394,0.47388
F-,30,2.8169,7.32394,0.5086555
F-,30,3.09859,7.32394,0.5316028
F-,30,3.38028,7.32394,0.5406875
F-,30,3.66197,7.32394,0.5352604
F-,30,3.94366,7.32394,0.5161785
F-,30,4.22535,7.32394,0.4856559
F-,30,4.50704,7.32394,0.4468806
F-,30,4.78873,7.32394,0.4034868
F-,30,5.07042,7.32394,0.3590025
F-,30,5.35211,7.32394,0.3163867
F-,30,5.6338,7.32394,0.2777329
F-,30,5.91549,7.32394,0.2441714
F-,30,6.19718,7.32394,0.2159506
F-,30,6.47887,7.32394,0.1926467
F-,30,6.76056,7.32394,0.1734347
F-,30,7.04225,7.32394,0.1573573
F-,30,7.32394,7.32394,0.1435467
F-,30,7.60563,7.32394,0.1313708
F-,30,7.88732,7.32394,0.1205006
F-,30,8.16901,7.32394,0.1109042
F-,30,8.4507,7.32394,0.102788
F-,30,8.73239,7.32394,0.0965036
F-,30,9.01408,7.32394,0.092442
F-,30,9.29577,7.32394,0.0909325
F-,30,9.57746,7.32394,0.0921604
F-,30,9.85915,7.32394,0.0961131
F-,30,10.14085,7.32394,0.1025595
F-,30,10.42254,7.32394,0.1110643
F-,30,10.70423,7.32394,0.1210354
F-,30,10.98592,7.32394,0.1317985
F-,30,11.26761,7.32394,0.1426908
F-,30,11.5493,7.32394,0.1531648
F-,30,11.83099,7.32394,0.1628911
F-,30,12.11268,7.32394,0.1718467
F-,30,12.39437,7.32394,0.1803797
F-,30,12.67606,7.32394,0.1892333
F-,30,12.95775,7.32394,0.1995202
F-,30,13.23944,7.32394,0.2126333
F-,30,13.52113,7.32394,0.2300882
F-,30,13.80282,7.32394,0.2532984
F-,30,14.08451,7.32394,0.2832974
F-,30,14.3662,7.32394,0.3204429
F-,30,14.64789,7.32394,0.3641494
F-,30,14.92958,7.32394,0.4127155
F-,30,15.21127,7.32394,0.4633052
F-,30,15.49296,7.32394,0.5121301
F-,30,15.77465,7.32394,0.5548402
F-,30,16.05634,7.32394,0.5870826
F-,30,16.33803,7.32394,0.6051386
F-,30,16.61972,7.32394,0.6065155
F-,30,16.90141,7.32394,0.5903682
F-,30,17.1831,7.32394,0.5576525
F-,30,17.46479,7.32394,0.5109782
F-,30,17.74648,7.32394,0.4541944
F-,30,18.02817,7.32394,0.3918051
F-,30,18.30986,7.32394,0.3283426
F-,30,18.59155,7.32394,0.2678222
F-,30,18.87324,7.32394,0.2133657
F-,30,19.15493,7.32394,0.1670293
F-,30,19.43662,7.32394,0.1298166
F-,30,19.71831,7.32394,0.101827
F-,30,20.0,7.32394,0.0824716
F-,30,0.0,7.60563,0.1292464
F-,30,0.28169,7.60563,0.1526272
F-,30,0.56338,7.60563,0.1819439
F-,30,0.84507,7.60563,0.2174031
F-,30,1.12676,7.60563,0.2587682
F-,30,1.40845,7.60563,0.3051395
F-,30,1.69014,7.60563,0.3547879
F-,30,1.97183,7.60563,0.4051133
F-,30,2.25352,7.60563,0.4527867
F-,30,2.53521,7.60563,0.4940934
F-,30,2.8169,7.60563,0.525435
F-,30,3.09859,7.60563,0.5438982
F-,30,3.38028,7.60563,0.5477611
F-,30,3.66197,7.60563,0.5368127
F-,30,3.94366,7.60563,0.5124032
F-,30,4.22535,7.60563,0.4772068
F-,30,4.50704,7.60563,0.4347573
F-,30,4.78873,7.60563,0.3888645
F-,30,5.07042,7.60563,0.3430466
F-,30,5.35211,7.60563,0.3000896
F-,30,5.6338,7.60563,0.2618064
F-,30,5.91549,7.60563,0.2290077
F-,30,6.19718,7.60563,0.2016495
F-,30,6.47887,7.60563,0.1790915
F-,30,6.76056,7.60563,0.1603937
F-,30,7.04225,7.60563,0.144585
F-,30,7.32394,7.60563,0.1308657
F-,30,7.60563,7.60563,0.1187223
F-,30,7.88732,7.60563,0.1079589
F-,30,8.16901,7.60563,0.0986602
F-,30,8.4507,7.60563,0.0911078
F-,30,8.73239,7.60563,0.0856739
F-,30,9.01408,7.60563,0.082712
F-,30,9.29577,7.60563,0.0824628
F-,30,9.57746,7.60563,0.0849847
F-,30,9.85915,7.60563,0.0901183
F-,30,10.14085,7.60563,0.0974849
F-,30,10.42254,7.60563,0.10652
F-,30,10.70423,7.60563,0.116535
F-,30,10.98592,7.60563,0.1268021
F-,30,11.26761,7.60563,0.1366517
F-,30,11.5493,7.60563,0.1455743
F-,30,11.83099,7.60563,0.1533154
F-,30,12.11268,7.60563,0.1599549
F-,30,12.39437,7.60563,0.1659604
F-,30,12.67606,7.60563,0.1722037
F-,30,12.95775,7.60563,0.1799315
F-,30,13.23944,7.60563,0.1906781
F-,30,13.52113,7.60563,0.2061138
F-,30,13.80282,7.60563,0.227826
F-,30,14.08451,7.60563,0.2570437
F-,30,14.3662,7.60563,0.2943304
F-,30,14.64789,7.60563,0.3392943
F-,30,14.92958,7.60563,0.3903761
F-,30,15.21127,7.60563,0.4447844
F-,30,15.49296,7.60563,0.4986349
F-,30,15.77465,7.60563,0.5473172
F-,30,16.05634,7.60563,0.5860593
F-,30,16.33803,7.60563,0.6106082
F-,30,16.61972,7.60563,0.6178984
F-,30,16.90141,7.60563,0.6065667
F-,30,17.1831,7.60563,0.5771964
F-,30,17.46479,7.60563,0.5322329
F-,30,17.74648,7.60563,0.4755903
F-,30,18.02817,7.60563,0.4120405
F-,30,18.30986,7.60563,0.346521
F-,30,18.59155,7.60563,0.2835036
F-,30,18.87324,7.60563,0.2265319
F-,30,19.15493,7.60563,0.1779814
F-,30,19.43662,7.60563,0.1390364
F-,30,19.71831,7.60563,0.1098333
F-,30,20.0,7.60563,0.0896988
F-,30,0.0,7.88732,0.1385083
F-,30,0.28169,7.88732,0.1642217
F-,30,0.56338,7.88732,0.1956975
F-,30,0.84507,7.88732,0.2331221
F-,30,1.12676,7.88732,0.2762002
F-,30,1.40845,7.88732,0.3239185
F-,30,1.69014,7.88732,0.3743805
F-,30,1.97183,7.88732,0.4247896
F-,30,2.25352,7.88732,0.4716358
F-,30,2.53521,7.88732,0.5110943
F-,30,2.8169,7.88732,0.5395781
F-,30,3.09859,7.88732,0.5543348
F-,30,3.38028,7.88732,0.5539468
F-,30,3.66197,7.88732,0.5386076
F-,30,3.94366,7.88732,0.5100998
F-,30,4.22535,7.88732,0.4714766
F-,30,4.50704,7.88732,0.4265267
F-,30,4.78873,7.88732,0.3791504
F-,30,5.07042,7.88732,0.3327895
F-,30,5.35211,7.88732,0.2900213
F-,30,5.6338,7.88732,0.2523764
F-,30,5.91549,7.88732,0.2203756
F-,30,6.19718,7.88732,0.1937353
F-,30,6.47887,7.88732,0.1716634
F-,30,6.76056,7.88732,0.1531681
F-,30,7.04225,7.88732,0.1373169
F-,30,7.32394,7.88732,0.1234122
F-,30,7.60563,7.88732,0.1110723
F-,30,7.88732,7.88732,0.1002286
F-,30,8.16901,7.88732,0.0910608
F-,30,8.4507,7.88732,0.0838957
F-,30,8.73239,7.88732,0.0790932
F-,30,9.01408,7.88732,0.076941
F-,30,9.29577,7.88732,0.0775711
F-,30,9.57746,7.88732,0.0809082
F-,30,9.85915,7.88732,0.0866532
F-,30,10.14085,7.88732,0.0943013
F-,30,10.42254,7.88732,0.1031923
F-,30,10.70423,7.88732,0.112584
F-,30,10.98592,7.88732,0.1217423
F-,30,11.26761,7.88732,0.1300381
F-,30,11.5493,7.88732,0.137041
F-,30,11.83099,7.88732,0.142603
F-,30,12.11268,7.88732,0.1469225
F-,30,12.39437,7.88732,0.1505837
F-,30,12.67606,7.88732,0.1545636
F-,30,12.95775,7.88732,0.1601977
F-,30,13.23944,7.88732,0.1690976
F-,30,13.52113,7.88732,0.1830096
F-,30,13.80282,7.88732,0.2036101
F-,30,14.08451,7.88732,0.2322419
F-,30,14.3662,7.88732,0.2696107
F-,30,14.64789,7.88732,0.3154822
F-,30,14.92958,7.88732,0.3684421
F-,30,15.21127,7.88732,0.4257891
F-,30,15.49296,7.88732,0.4836288
F-,30,15.77465,7.88732,0.537205
F-,30,16.05634,7.88732,0.5814547
F-,30,16.33803,7.88732,0.6117116
F-,30,16.61972,7.88732,0.6244323
F-,30,16.90141,7.88732,0.6177908
F-,30,17.1831,7.88732,0.5920073
F-,30,17.46479,7.88732,0.549329
F-,30,17.74648,7.88732,0.493667
F-,30,18.02817,7.88732,0.4299723
F-,30,18.30986,7.88732,0.3634933
F-,30,18.59155,7.88732,0.2990694
F-,30,18.87324,7.88732,0.240591
F-,30,19.15493,7.88732,0.1906974
F-,30,19.43662,7.88732,0.1507171
F-,30,19.71831,7.88732,0.1208055
F-,30,20.0,7.88732,0.1002036
F-,30,0.0,8.16901,0.1444605
F-,30,0.28169,8.16901,0.1720626
F-,30,0.56338,8.16901,0.2052905
F-,30,0.84507,8.16901,0.2443361
F-,30,1.12676,8.16901,0.2888686
F-,30,1.40845,8.16901,0.3377828
F-,30,1.69014,8.16901,0.3890372
F-,30,1.97183,8.16901,0.4396615
F-,30,2.25352,8.16901,0.4859876
F-,30,2.53521,8.16901,0.5240996
F-,30,2.8169,8.16901,0.5504311
F-,30,3.09859,8.16901,0.5623834
F-,30,3.38028,8.16901,0.5588141
F-,30,3.66197,8.16901,0.5402678
F-,30,3.94366,8.16901,0.5088867
F-,30,4.22535,8.16901,0.4680189
F-,30,4.50704,8.16901,0.4216257
F-,30,4.78873,8.16901,0.373631
F-,30,5.07042,8.16901,0.3273591
F-,30,5.35211,8.16901,0.28517
F-,30,5.6338,8.16901,0.2483341
F-,30,5.91549,8.16901,0.2171294
F-,30,6.19718,8.16901,0.1910936
F-,30,6.47887,8.16901,0.169345
F-,30,6.76056,8.16901,0.1508932
F-,30,7.04225,8.16901,0.1348804
F-,30,7.32394,8.16901,0.1207264
F-,30,7.60563,8.16901,0.1081759
F-,30,7.88732,8.16901,0.0972658
F-,30,8.16901,8.16901,0.0882381
F-,30,8.4507,8.16901,0.0814275
F-,30,8.73239,8.16901,0.0771471
F-,30,9.01408,8.16901,0.0755918
F-,30,9.29577,8.16901,0.0767706
F-,30,9.57746,8.16901,0.0804738
F-,30,9.85915,8.16901,0.0862767
F-,30,10.14085,8.16901,0.0935763
F-,30,10.42254,8.16901,0.1016549
F-,30,10.70423,8.16901,0.1097615
F-,30,10.98592,8.16901,0.1172031
F-,30,11.26761,8.16901,0.1234354
F-,30,11.5493,8.16901,0.128145
F-,30,11.83099,8.16901,0.1313166
F-,30,12.11268,8.16901,0.1332792
F-,30,12.39437,8.16901,0.1347292
F-,30,12.67606,8.16901,0.1367258
F-,30,12.95775,8.16901,0.1406532
F-,30,13.23944,8.16901,0.1481433
F-,30,13.52113,8.16901,0.1609493
F-,30,13.80282,8.16901,0.1807608
F-,30,14.08451,8.16901,0.2089607
F-,30,14.3662,8.16901,0.2463343
F-,30,14.64789,8.16901,0.2927661
F-,30,14.92958,8.16901,0.3469795
F-,30,15.21127,8.16901,0.4063946
F-,30,15.49296,8.16901,0.4671764
F-,30,15.77465,8.16901,0.5245247
F-,30,16.05634,8.16901,0.5732051
F-,30,16.33803,8.16901,0.6082593
F-,30,16.61972,8.16901,0.6257691
F-,30,16.90141,8.16901,0.6235161
F-,30,17.1831,8.16901,0.6013843
F-,30,17.46479,8.16901,0.5614054
F-,30,17.74648,8.16901,0.507432
F-,30,18.02817,8.16901,0.444512
F-,30,18.30986,8.16901,0.3781095
F-,30,18.59155,8.16901,0.3133377
F-,30,18.87324,8.16901,0.2543524
F-,30,19.15493,8.16901,0.2039936
F-,30,19.43662,8.16901,0.1636931
F-,30,19.71831,8.16901,0.1336066
F-,30,20.0,8.16901,0.1128901
F-,30,0.0,8.4507,0.1470777
F-,30,0.28169,8.4507,0.1759754
F-,30,0.56338,8.4507,0.2104197
F-,30,0.84507,8.4507,0.2506364
F-,30,1.12676,8.4507,0.296285
F-,30,1.40845,8.4507,0.3461929
F-,30,1.69014,8.4507,0.3981967
F-,30,1.97183,8.4507,0.4491746
F-,30,2.25352,8.4507,0.4953183
F-,30,2.53521,8.4507,0.5326301
F-,30,2.8169,8.4507,0.5575591
F-,30,3.09859,8.4507,0.5676358
F-,30,3.38028,8.4507,0.5619464
F-,30,3.66197,8.4507,0.5413212
F-,30,3.94366,8.4507,0.5081837
F-,30,4.22535,8.4507,0.4660978
F-,30,4.50704,8.4507,0.4191299
F-,30,4.78873,8.4507,0.3711824
F-,30,5.07042,8.4507,0.3254479
F-,30,5.35211,8.4507,0.2840845
F-,30,5.6338,8.4507,0.2481445
F-,30,5.91549,8.4507,0.2177205
F-,30,6.19718,8.4507,0.1922332
F-,30,6.47887,8.4507,0.1707662
F-,30,6.76056,8.4507,0.1523696
F-,30,7.04225,8.4507,0.1362779
F-,30,7.32394,8.4507,0.1220253
F-,30,7.60563,8.4507,0.1094617
F-,30,7.88732,8.4507,0.0986948
F-,30,8.16901,8.4507,0.0899881
F-,30,8.4507,8.4507,0.083644
F-,30,8.73239,8.4507,0.0798952
F-,30,9.01408,8.4507,0.0788213
F-,30,9.29577,8.4507,0.0802996
F-,30,9.57746,8.4507,0.0839925
F-,30,9.85915,8.4507,0.0893705
F-,30,10.14085,8.4507,0.0957644
F-,30,10.42254,8.4507,0.1024393
F-,30,10.70423,8.4507,0.1086798
F-,30,10.98592,8.4507,0.1138777
F-,30,11.26761,8.4507,0.1176126
F-,30,11.5493,8.4507,0.1197182
F-,30,11.83099,8.4507,0.1203308
F-,30,12.11268,8.4507,0.1199156
F-,30,12.39437,8.4507,0.1192726
F-,30,12.67606,8.4507,0.1195201
F-,30,12.95775,8.4507,0.1220545
F-,30,13.23944,8.4507,0.1284797
F-,30,13.52113,8.4507,0.140498
F-,30,13.80282,8.4507,0.1597496
F-,30,14.08451,8.4507,0.1875954
F-,30,14.3662,8.4507,0.2248467
F-,30,14.64789,8.4507,0.2714692
F-,30,14.92958,8.4507,0.3263122
F-,30,15.21127,8.4507,0.3869367
F-,30,15.49296,8.4507,0.4496207
F-,30,15.77465,8.4507,0.5096043
F-,30,16.05634,8.4507,0.5615884
F-,30,16.33803,8.4507,0.6004358
F-,30,16.61972,8.4507,0.6219577
F-,30,16.90141,8.4507,0.6236215
F-,30,17.1831,8.4507,0.6050159
F-,30,17.46479,8.4507,0.5679555
F-,30,17.74648,8.4507,0.5161929
F-,30,18.02817,8.4507,0.4548008
F-,30,18.30986,8.4507,0.3893692
F-,30,18.59155,8.4507,0.3251925
F-,30,18.87324,8.4507,0.2666079
F-,30,19.15493,8.4507,0.2165908
F-,30,19.43662,8.4507,0.1766341
F-,30,19.71831,8.4507,0.1468752
F-,30,20.0,8.4507,0.1263886
F-,30,0.0,8.73239,0.1467851
F-,30,0.28169,8.73239,0.1762767
F-,30,0.56338,8.73239,0.2113058
F-,30,0.84507,8.73239,0.2521612
F-,30,1.12676,8.73239,0.2985197
F-,30,1.40845,8.73239,0.3491664
F-,30,1.69014,8.73239,0.4018397
F-,30,1.97183,8.73239,0.453286
F-,30,2.25352,8.73239,0.4995694
F-,30,2.53521,8.73239,0.5366104
F-,30,2.8169,8.73239,0.560856
F-,30,3.09859,8.73239,0.5699271
F-,30,3.38028,8.73239,0.5630807
F-,30,3.66197,8.73239,0.54136
F-,30,3.94366,8.73239,0.5073934
F-,30,4.22535,8.73239,0.4648916
F-,30,4.50704,8.73239,0.4179771
F-,30,4.78873,8.73239,0.3705098
F-,30,5.07042,8.73239,0.3255599
F-,30,5.35211,8.73239,0.2851206
F-,30,5.6338,8.73239,0.2500809
F-,30,5.91549,8.73239,0.2204109
F-,30,6.19718,8.73239,0.1954722
F-,30,6.47887,8.73239,0.174357
F-,30,6.76056,8.73239,0.1561785
F-,30,7.04225,8.73239,0.1402649
F-,30,7.32394,8.73239,0.1262454
F-,30,7.60563,8.73239,0.1140402
F-,30,7.88732,8.73239,0.1037849
F-,30,8.16901,8.73239,0.0957198
F-,30,8.4507,8.73239,0.0900753
F-,30,8.73239,8.73239,0.0869738
F-,30,9.01408,8.73239,0.0863633
F-,30,9.29577,8.73239,0.0879878
F-,30,9.57746,8.73239,0.0913947
F-,30,9.85915,8.73239,0.0959752
F-,30,10.14085,8.73239,0.1010291
F-,30,10.42254,8.73239,0.1058444
F-,30,10.70423,8.73239,0.1097823
F-,30,10.98592,8.73239,0.1123571
F-,30,11.26761,8.73239,0.1133026
F-,30,11.5493,8.73239,0.1126206
F-,30,11.83099,8.73239,0.110608
F-,30,12.11268,8.73239,0.1078635
F-,30,12.39437,8.73239,0.1052765
F-,30,12.67606,8.73239,0.1040001
F-,30,12.95775,8.73239,0.1054093
F-,30,13.23944,8.73239,0.1110398
F-,30,13.52113,8.73239,0.1224977
F-,30,13.80282,8.73239,0.1413259
F-,30,14.08451,8.73239,0.1688159
F-,30,14.3662,8.73239,0.2057627
F-,30,14.64789,8.73239,0.2521824
F-,30,14.92958,8.73239,0.307037
F-,30,15.21127,8.73239,0.3680385
F-,30,15.49296,8.73239,0.4316166
F-,30,15.77465,8.73239,0.4931178
F-,30,16.05634,8.73239,0.5472667
F-,30,16.33803,8.73239,0.588848
F-,30,16.61972,8.73239,0.6135005
F-,30,16.90141,8.73239,0.618458
F-,30,17.1831,8.73239,0.603064
F-,30,17.46479,8.73239,0.5689282
F-,30,17.74648,8.73239,0.5196764
F-,30,18.02817,8.73239,0.4603469
F-,30,18.30986,8.73239,0.3965757
F-,30,18.59155,8.73239,0.3337508
F-,30,18.87324,8.73239,0.2763102
F-,30,19.15493,8.73239,0.2273007
F-,30,19.43662,8.73239,0.188235
F-,30,19.71831,8.73239,0.1592164
F-,30,20.0,8.73239,0.1392443
F-,30,0.0,9.01408,0.1443614
F-,30,0.28169,9.01408,0.1736945
F-,30,0.56338,9.01408,0.2086302
F-,30,0.84507,9.01408,0.2495484
F-,30,1.12676,9.01408,0.2961695
F-,30,1.40845,9.01408,0.3472609
F-,30,1.69014,9.01408,0.4004854
F-,30,1.97183,9.01408,0.4524749
F-,30,2.25352,9.01408,0.4991732
F-,30,2.53521,9.01408,0.536411
F-,30,2.8169,9.01408,0.5606054
F-,30,3.09859,9.01408,0.5694202
F-,30,3.38028,9.01408,0.5622175
F-,30,3.66197,9.01408,0.5401802
F-,30,3.94366,9.01408,0.5060704
F-,30,4.22535,9.01408,0.4636909
F-,30,4.50704,9.01408,0.4171907
F-,30,4.78873,9.01408,0.3703882
F-,30,5.07042,9.01408,0.3262615
F-,30,5.35211,9.01408,0.2866914
F-,30,5.6338,9.01408,0.2524677
F-,30,5.91549,9.01408,0.2235003
F-,30,6.19718,9.01408,0.1991422
F-,30,6.47887,9.01408,0.1785247
F-,30,6.76056,9.01408,0.1608322
F-,30,7.04225,9.01408,0.145472
F-,30,7.32394,9.01408,0.132136
F-,30,7.60563,9.01408,0.1207716
F-,30,7.88732,9.01408,0.1114949
F-,30,8.16901,9.01408,0.1044784
F-,30,8.4507,9.01408,0.0998442
F-,30,8.73239,9.01408,0.0975807
F-,30,9.01408,9.01408,0.0974953
F-,30,9.29577,9.01408,0.0992041
F-,30,9.57746,9.01408,0.1021588
F-,30,9.85915,9.01408,0.1057005
F-,30,10.14085,9.01408,0.1091336
F-,30,10.42254,9.01408,0.111807
F-,30,10.70423,9.01408,0.1131942
F-,30,10.98592,9.01408,0.1129611
F-,30,11.26761,9.01408,0.1110164
F-,30,11.5493,9.01408,0.1075391
F-,30,11.83099,9.01408,0.1029856
F-,30,12.11268,9.01408,0.0980761
F-,30,12.39437,9.01408,0.0937688
F-,30,12.67606,9.01408,0.0912253
F-,30,12.95775,9.01408,0.0917686
F-,30,13.23944,9.01408,0.0968337
F-,30,13.52113,9.01408,0.107897
F-,30,13.80282,9.01408,0.126371
F-,30,14.08451,9.01408,0.1534458
F-,30,14.3662,9.01408,0.1898716
F-,30,14.64789,9.01408,0.2356918
F-,30,14.92958,9.01408,0.2899685
F-,30,15.21127,9.01408,0.3505692
F-,30,15.49296,9.01408,0.4140989
F-,30,15.77465,9.01408,0.4760584
F-,30,16.05634,9.01408,0.5312648
F-,30,16.33803,9.01408,0.5745091
F-,30,16.61972,9.01408,0.6013455
F-,30,16.90141,9.01408,0.6088524
F-,30,17.1831,9.01408,0.596184
F-,30,17.46479,9.01408,0.5647682
F-,30,17.74648,9.01408,0.5180912
F-,30,18.02817,9.01408,0.4611124
F-,30,18.30986,9.01408,0.3994457
F-,30,18.59155,9.01408,0.338495
F-,30,18.87324,9.01408,0.2827251
F-,30,19.15493,9.01408,0.2351944
F-,30,19.43662,9.01408,0.197399
F-,30,19.71831,9.01408,0.1693946
F-,30,20.0,9.01408,0.1501159
F-,30,0.0,9.29577,0.14079
F-,30,0.28169,9.29577,0.1692292
F-,30,0.56338,9.29577,0.203407
F-,30,0.84507,9.29577,0.2438193
F-,30,1.12676,9.29577,0.2902533
F-,30,1.40845,9.29577,0.3414823
F-,30,1.69014,9.29577,0.3951136
F-,30,1.97183,9.29577,0.4476797
F-,30,2.25352,9.29577,0.4950071
F-,30,2.53521,9.29577,0.5328231
F-,30,2.8169,9.29577,0.5574812
F-,30,3.09859,9.29577,0.5666342
F-,30,3.38028,9.29577,0.559682
F-,30,3.66197,9.29577,0.537876
F-,30,3.94366,9.29577,0.5040506
F-,30,4.22535,9.29577,0.4620596
F-,30,4.50704,9.29577,0.4160674
F-,30,4.78873,9.29577,0.3698709
F-,30,5.07042,9.29577,0.3264025
F-,30,5.35211,9.29577,0.2874941
F-,30,5.6338,9.29577,0.2539038
F-,30,5.91549,9.29577,0.2255406
F-,30,6.19718,9.29577,0.2017899
F-,30,6.47887,9.29577,0.181841
F-,30,6.76056,9.29577,0.1649433
F-,30,7.04225,9.29577,0.1505572
F-,30,7.32394,9.29577,0.1383966
F-,30,7.60563,9.29577,0.1283887
F-,30,7.88732,9.29577,0.1205819
F-,30,8.16901,9.29577,0.11504
F-,30,8.4507,9.29577,0.111747
F-,30,8.73239,9.29577,0.1105416
F-,30,9.01408,9.29577,0.1110891
F-,30,9.29577,9.29577,0.1128909
F-,30,9.57746,9.29577,0.1153267
F-,30,9.85915,9.29577,0.1177193
F-,30,10.14085,9.29577,0.1194124
F-,30,10.42254,9.29577,0.1198497
F-,30,10.70423,9.29577,0.1186453
F-,30,10.98592,9.29577,0.1156365
F-,30,11.26761,9.29577,0.110916
F-,30,11.5493,9.29577,0.1048383
F-,30,11.83099,9.29577,0.0980064
F-,30,12.11268,9.29577,0.0912415
F-,30,12.39437,9.29577,0.0855447
F-,30,12.67606,9.29577,0.0820569
F-,30,12.95775,9.29577,0.0820218
F-,30,13.23944,9.29577,0.0867481
F-,30,13.52113,9.29577,0.0975606
F-,30,13.80282,9.29577,0.115722
F-,30,14.08451,9.29577,0.1423041
F-,30,14.3662,9.29577,0.1779957
F-,30,14.64789,9.29577,0.2228535
F-,30,14.92958,9.29577,0.2760294
F-,30,15.21127,9.29577,0.3355438
F-,30,15.49296,9.29577,0.3981891
F-,30,15.77465,9.29577,0.4596497
F-,30,16.05634,9.29577,0.5148846
F-,30,16.33803,9.29577,0.5587568
F-,30,16.61972,9.29577,0.5868111
F-,30,16.90141,9.29577,0.5960435
F-,30,17.1831,9.29577,0.5854762
F-,30,17.46479,9.29577,0.5563871
F-,30,17.74648,9.29577,0.5121234
F-,30,18.02817,9.29577,0.4575346
F-,30,18.30986,9.29577,0.3981587
F-,30,18.59155,9.29577,0.3393496
F-,30,18.87324,9.29577,0.2855336
F-,30,19.15493,9.29577,0.2397293
F-,30,19.43662,9.29577,0.2033836
F-,30,19.71831,9.29577,0.1764974
F-,30,20.0,9.29577,0.1579538
F-,30,0.0,9.57746,0.1370844
F-,30,0.28169,9.57746,0.1639804
F-,30,0.56338,9.57746,0.1968124
F-,30,0.84507,9.57746,0.2362116
F-,30,1.12676,9.57746,0.2820517
F-,30,1.40845,9.57746,0.3331316
F-,30,1.69014,9.57746,0.3870221
F-,30,1.97183,9.57746,0.4401686
F-,30,2.25352,9.57746,0.4882814
F-,30,2.53521,9.57746,0.5269678
F-,30,2.8169,9.57746,0.5524811
F-,30,3.09859,9.57746,0.5624079
F-,30,3.38028,9.57746,0.5561201
F-,30,3.66197,9.57746,0.5348716
F-,30,3.94366,9.57746,0.5015167
F-,30,4.22535,9.57746,0.4599333
F-,30,4.50704,9.57746,0.4143042
F-,30,4.78873,9.57746,0.368439
F-,30,5.07042,9.57746,0.325282
F-,30,5.35211,9.57746,0.2866851
F-,30,5.6338,9.57746,0.253442
F-,30,5.91549,9.57746,0.2255148
F-,30,6.19718,9.57746,0.2023539
F-,30,6.47887,9.57746,0.1832132
F-,30,6.76056,9.57746,0.1673919
F-,30,7.04225,9.57746,0.1543691
F-,30,7.32394,9.57746,0.1438363
F-,30,7.60563,9.57746,0.1356517
F-,30,7.88732,9.57746,0.1297525
F-,30,8.16901,9.57746,0.126059
F-,30,8.4507,9.57746,0.1243954
F-,30,8.73239,9.57746,0.1244438
F-,30,9.01408,9.57746,0.1257347
F-,30,9.29577,9.57746,0.1276742
F-,30,9.57746,9.57746,0.1295979
F-,30,9.85915,9.57746,0.1308428
F-,30,10.14085,9.57746,0.1308247
F-,30,10.42254,9.57746,0.12911
F-,30,10.70423,9.57746,0.1254732
F-,30,10.98592,9.57746,0.1199329
F-,30,11.26761,9.57746,0.1127634
F-,30,11.5493,9.57746,0.1044818
F-,30,11.83099,9.57746,0.0958153
F-,30,12.11268,9.57746,0.0876576
F-,30,12.39437,9.57746,0.0810214
F-,30,12.67606,9.57746,0.076998
F-,30,12.95775,9.57746,0.0767266
F-,30,13.23944,9.57746,0.0813714
F-,30,13.52113,9.57746,0.0920938
F-,30,13.80282,9.57746,0.11
F-,30,14.08451,9.57746,0.1360387
F-,30,14.3662,9.57746,0.1708327
F-,30,14.64789,9.57746,0.2144442
F-,30,14.92958,9.57746,0.2661061
F-,30,15.21127,9.57746,0.3239843
F-,30,15.49296,9.57746,0.3850583
F-,30,15.77465,9.57746,0.4452086
F-,30,16.05634,9.57746,0.4995666
F-,30,16.33803,9.57746,0.5431151
F-,30,16.61972,9.57746,0.5714512
F-,30,16.90141,9.57746,0.5815535
F-,30,17.1831,9.57746,0.5723696
F-,30,17.46479,9.57746,0.5450654
F-,30,17.74648,9.57746,0.5028602
F-,30,18.02817,9.57746,0.4504765
F-,30,18.30986,9.57746,0.3933359
F-,30,18.59155,9.57746,0.336689
F-,30,18.87324,9.57746,0.2848696
F-,30,19.15493,9.57746,0.2408126
F-,30,19.43662,9.57746,0.2058915
F-,30,19.71831,9.57746,0.1800487
F-,30,20.0,9.57746,0.162133
F-,30,0.0,9.85915,0.1341139
F-,30,0.28169,9.85915,0.1589648
F-,30,0.56338,9.85915,0.1899964
F-,30,0.84507,9.85915,0.2279877
F-,30,1.12676,9.85915,0.2729134
F-,30,1.40845,9.85915,0.3236139
F-,30,1.69014,9.85915,0.37764
F-,30,1.97183,9.85915,0.4313617
F-,30,2.25352,9.85915,0.480374
F-,30,2.53521,9.85915,0.5201481
F-,30,2.8169,9.85915,0.5468012
F-,30,3.09859,9.85915,0.5578011
F-,30,3.38028,9.85915,0.5524294
F-,30,3.66197,9.85915,0.5318832
F-,30,3.94366,9.85915,0.4989932
F-,30,4.22535,9.85915,0.4576434
F-,30,4.50704,9.85915,0.4120491
F-,30,4.78873,9.85915,0.3660747
F-,30,5.07042,9.85915,0.3227389
F-,30,5.35211,9.85915,0.2839839
F-,30,5.6338,9.85915,0.2507034
F-,30,5.91549,9.85915,0.2229597
F-,30,6.19718,9.85915,0.2002923
F-,30,6.47887,9.85915,0.1820194
F-,30,6.76056,9.85915,0.167467
F-,30,7.04225,9.85915,0.1560957
F-,30,7.32394,9.85915,0.1475291
F-,30,7.60563,9.85915,0.1415121
F-,30,7.88732,9.85915,0.137833
F-,30,8.16901,9.85915,0.1362425
F-,30,8.4507,9.85915,0.1363934
F-,30,8.73239,9.85915,0.1378133
F-,30,9.01408,9.85915,0.1399138
F-,30,9.29577,9.85915,0.1420303
F-,30,9.57746,9.85915,0.1434853
F-,30,9.85915,9.85915,0.1436619
F-,30,10.14085,9.85915,0.1420773
F-,30,10.42254,9.85915,0.138442
F-,30,10.70423,9.85915,0.1327014
F-,30,10.98592,9.85915,0.1250551
F-,30,11.26761,9.85915,0.1159466
F-,30,11.5493,9.85915,0.1060323
F-,30,11.83099,9.85915,0.0961331
F-,30,12.11268,9.85915,0.0871805
F-,30,12.39437,9.85915,0.0801655
F-,30,12.67606,9.85915,0.0761009
F-,30,12.95775,9.85915,0.0760004
F-,30,13.23944,9.85915,0.0808723
F-,30,13.52113,9.85915,0.091712
F-,30,13.80282,9.85915,0.109473
F-,30,14.08451,9.85915,0.1349866
F-,30,14.3662,9.85915,0.1688126
F-,30,14.64789,9.85915,0.211016
F-,30,14.92958,9.85915,0.2609018
F-,30,15.21127,9.85915,0.3167682
F-,30,15.49296,9.85915,0.3757699
F-,30,15.77465,9.85915,0.4339816
F-,30,16.05634,9.85915,0.4867198
F-,30,16.33803,9.85915,0.5291192
F-,30,16.61972,9.85915,0.5568771
F-,30,16.90141,9.85915,0.5670127
F-,30,17.1831,9.85915,0.5584541
F-,30,17.46479,9.85915,0.5322973
F-,30,17.74648,9.85915,0.4916531
F-,30,18.02817,9.85915,0.4411116
F-,30,18.30986,9.85915,0.3859505
F-,30,18.59155,9.85915,0.3312757
F-,30,18.87324,9.85915,0.2812853
F-,30,19.15493,9.85915,0.2387964
F-,30,19.43662,9.85915,0.2050908
F-,30,19.71831,9.85915,0.1800543
F-,30,20.0,9.85915,0.1625206
F-,30,0.0,10.14085,0.1324589
F-,30,0.28169,10.14085,0.1549548
F-,30,0.56338,10.14085,0.1839076
F-,30,0.84507,10.14085,0.2202481
F-,30,1.12676,10.14085,0.2640594
F-,30,1.40845,10.14085,0.3142362
F-,30,1.69014,10.14085,0.368324
F-,30,1.97183,10.14085,0.4226299
F-,30,2.25352,10.14085,0.4726363
F-,30,2.53521,10.14085,0.513666
F-,30,2.8169,10.14085,0.5416689
F-,30,3.09859,10.14085,0.5539464
F-,30,3.38028,10.14085,0.5496339
F-,30,3.66197,10.14085,0.5298181
F-,30,3.94366,10.14085,0.4972689
F-,30,4.22535,10.14085,0.4558647
F-,30,4.50704,10.14085,0.4098707
F-,30,4.78873,10.14085,0.3632504
F-,30,5.07042,10.14085,0.3191591
F-,30,5.35211,10.14085,0.2796959
F-,30,5.6338,10.14085,0.2459133
F-,30,5.91549,10.14085,0.2180151
F-,30,6.19718,10.14085,0.1956472
F-,30,6.47887,10.14085,0.1781862
F-,30,6.76056,10.14085,0.1649602
F-,30,7.04225,10.14085,0.1553734
F-,30,7.32394,10.14085,0.1489405
F-,30,7.60563,10.14085,0.1452549
F-,30,7.88732,10.14085,0.1439271
F-,30,8.16901,10.14085,0.1445223
F-,30,8.4507,10.14085,0.1465203
F-,30,8.73239,10.14085,0.1493062
F-,30,9.01408,10.14085,0.1521948
F-,30,9.29577,10.14085,0.1544812
F-,30,9.57746,10.14085,0.1555071
F-,30,9.85915,10.14085,0.154732
F-,30,10.14085,10.14085,0.1517976
F-,30,10.42254,10.14085,0.1465731
F-,30,10.70423,10.14085,0.1391779
F-,30,10.98592,10.14085,0.1299821
F-,30,11.26761,10.14085,0.1195765
F-,30,11.5493,10.14085,0.1087255
F-,30,11.83099,10.14085,0.0983075
F-,30,12.11268,10.14085,0.0892542
F-,30,12.39437,10.14085,0.0825006
F-,30,12.67606,10.14085,0.0789547
F-,30,12.95775,10.14085,0.0794891
F-,30,13.23944,10.14085,0.0849518
F-,30,13.52113,10.14085,0.096178
F-,30,13.80282,10.14085,0.11398
F-,30,14.08451,10.14085,0.139085
F-,30,14.3662,10.14085,0.1719976
F-,30,14.64789,10.14085,0.2127853
F-,30,14.92958,10.14085,0.2608129
F-,30,15.21127,10.14085,0.3144916
F-,30,15.49296,10.14085,0.3711298
F-,30,15.77465,10.14085,0.4269806
F-,30,16.05634,10.14085,0.4775446
F-,30,16.33803,10.14085,0.5181266
F-,30,16.61972,10.14085,0.5445616
F-,30,16.90141,10.14085,0.5539589
F-,30,17.1831,10.14085,0.5452809
F-,30,17.46479,10.14085,0.5195973
F-,30,17.74648,10.14085,0.4799366
F-,30,18.02817,10.14085,0.4307596
F-,30,18.30986,10.14085,0.3771827
F-,30,18.59155,10.14085,0.3241372
F-,30,18.87324,10.14085,0.2756524
F-,30,19.15493,10.14085,0.2344016
F-,30,19.43662,10.14085,0.2015635
F-,30,19.71831,10.14085,0.1769732
F-,30,20.0,10.14085,0.1594705
F-,30,0.0,10.42254,0.1323173
F-,30,0.28169,10.42254,0.1523632
F-,30,0.56338,10.42254,0.1791567
F-,30,0.84507,10.42254,0.2137757
F-,30,1.12676,10.42254,0.2564131
F-,30,1.40845,10.42254,0.3060259
F-,30,1.69014,10.42254,0.3601684
F-,30,1.97183,10.42254,0.4150996
F-,30,2.25352,10.42254,0.4661972
F-,30,2.53521,10.42254,0.5086296
F-,30,2.8169,10.42254,0.5381565
F-,30,3.09859,10.42254,0.5518734
F-,30,3.38028,10.42254,0.5487198
F-,30,3.66197,10.42254,0.5296252
F-,30,3.94366,10.42254,0.4972638
F-,30,4.22535,10.42254,0.4554969
F-,30,4.50704,10.42254,0.4086552
F-,30,4.78873,10.42254,0.3608413
F-,30,5.07042,10.42254,0.315402
F-,30,5.35211,10.42254,0.2746536
F-,30,5.6338,10.42254,0.2398587
F-,30,5.91549,10.42254,0.2113974
F-,30,6.19718,10.42254,0.1890354
F-,30,6.47887,10.42254,0.1721999
F-,30,6.76056,10.42254,0.1601967
F-,30,7.04225,10.42254,0.1523409
F-,30,7.32394,10.42254,0.1480033
F-,30,7.60563,10.42254,0.146597
F-,30,7.88732,10.42254,0.147536
F-,30,8.16901,10.42254,0.1501951
F-,30,8.4507,10.42254,0.1538892
F-,30,8.73239,10.42254,0.1578812
F-,30,9.01408,10.42254,0.1614182
F-,30,9.29577,10.42254,0.1637874
F-,30,9.57746,10.42254,0.1643824
F-,30,9.85915,10.42254,0.1627667
F-,30,10.14085,10.42254,0.1587242
F-,30,10.42254,10.42254,0.1522893
F-,30,10.70423,10.42254,0.1437505
F-,30,10.98592,10.42254,0.1336294
F-,30,11.26761,10.42254,0.1226351
F-,30,11.5493,10.42254,0.1116036
F-,30,11.83099,10.42254,0.1014307
F-,30,12.11268,10.42254,0.0930105
F-,30,12.39437,10.42254,0.0871903
F-,30,12.67606,10.42254,0.0847516
F-,30,12.95775,10.42254,0.0864166
F-,30,13.23944,10.42254,0.0928756
F-,30,13.52113,10.42254,0.1048165
F-,30,13.80282,10.42254,0.1229286
F-,30,14.08451,10.42254,0.1478514
F-,30,14.3662,10.42254,0.1800444
F-,30,14.64789,10.42254,0.2195749
F-,30,14.92958,10.42254,0.2658522
F-,30,15.21127,10.42254,0.3173733
F-,30,15.49296,10.42254,0.3715694
F-,30,15.77465,10.42254,0.4248464
F-,30,16.05634,10.42254,0.4728772
F-,30,16.33803,10.42254,0.511145
F-,30,16.61972,10.42254,0.5356515
F-,30,16.90141,10.42254,0.5436414
F-,30,17.1831,10.42254,0.534161
F-,30,17.46479,10.42254,0.5082987
F-,30,17.74648,10.42254,0.4690297
F-,30,18.02817,10.42254,0.420695
F-,30,18.30986,10.42254,0.3682405
F-,30,18.59155,10.42254,0.316401
F-,30,18.87324,10.42254,0.2690126
F-,30,19.15493,10.42254,0.2285862
F-,30,19.43662,10.42254,0.1961919
F-,30,19.71831,10.42254,0.1716224
F-,30,20.0,10.42254,0.1537454
F-,30,0.0,10.70423,0.1334773
F-,30,0.28169,10.70423,0.1511902
F-,30,0.56338,10.70423,0.17594
F-,30,0.84507,10.70423,0.208938
F-,30,1.12676,10.70423,0.2504813
F-,30,1.40845,10.70423,0.2995944
F-,30,1.69014,10.70423,0.3538551
F-,30,1.97183,10.70423,0.4094924
F-,30,2.25352,10.70423,0.4617945
F-,30,2.53521,10.70423,0.5057799
F-,30,2.8169,10.70423,0.5370053
F-,30,3.09859,10.70423,0.5523312
F-,30,3.38028,10.70423,0.5504606
F-,30,3.66197,10.70423,0.5321218
F-,30,3.94366,10.70423,0.4998591
F-,30,4.22535,10.70423,0.4575005
F-,30,4.50704,10.70423,0.409449
F-,30,4.78873,10.70423,0.3599748
F-,30,5.07042,10.70423,0.3126608
F-,30,5.35211,10.70423,0.2700881
F-,30,5.6338,10.70423,0.2337731
F-,30,5.91549,10.70423,0.2043008
F-,30,6.19718,10.70423,0.1815678
F-,30,6.47887,10.70423,0.1650453
F-,30,6.76056,10.70423,0.1539978
F-,30,7.04225,10.70423,0.1476254
F-,30,7.32394,10.70423,0.1451297
F-,30,7.60563,10.70423,0.1457251
F-,30,7.88732,10.70423,0.148622
F-,30,8.16901,10.70423,0.1530101
F-,30,8.4507,10.70423,0.1580569
F-,30,8.73239,10.70423,0.1629306
F-,30,9.01408,10.70423,0.1668433
F-,30,9.29577,10.70423,0.169109
F-,30,9.57746,10.70423,0.1692037
F-,30,9.85915,10.70423,0.1668176
F-,30,10.14085,10.70423,0.16189
F-,30,10.42254,10.70423,0.1546199
F-,30,10.70423,10.70423,0.1454506
F-,30,10.98592,10.70423,0.1350304
F-,30,11.26761,10.70423,0.1241524
F-,30,11.5493,10.70423,0.113685
F-,30,11.83099,10.70423,0.1045017
F-,30,12.11268,10.70423,0.0974233
F-,30,12.39437,10.70423,0.0931831
F-,30,12.67606,10.70423,0.0924207
F-,30,12.95775,10.70423,0.0957058
F-,30,13.23944,10.70423,0.1035816
F-,30,13.52113,10.70423,0.1166065
F-,30,13.80282,10.70423,0.1353686
F-,30,14.08451,10.70423,0.1604378
F-,30,14.3662,10.70423,0.1922363
F-,30,14.64789,10.70423,0.2308243
F-,30,14.92958,10.70423,0.2756338
F-,30,15.21127,10.70423,0.3252137
F-,30,15.49296,10.70423,0.3770802
F-,30,15.77465,10.70423,0.4277587
F-,30,16.05634,10.70423,0.4730768
F-,30,16.33803,10.70423,0.508699
F-,30,16.61972,10.70423,0.5308185
F-,30,16.90141,10.70423,0.5368557
F-,30,17.1831,10.70423,0.5259892
F-,30,17.46479,10.70423,0.4993693
F-,30,17.74648,10.70423,0.4599484
F-,30,18.02817,10.70423,0.4119595
F-,30,18.30986,10.70423,0.3601735
F-,30,18.59155,10.70423,0.309113
F-,30,18.87324,10.70423,0.2624027
F-,30,19.15493,10.70423,0.2223787
F-,30,19.43662,10.70423,0.1900006
F-,30,19.71831,10.70423,0.1650296
F-,30,20.0,10.70423,0.1463813
F-,30,0.0,10.98592,0.1353605
F-,30,0.28169,10.98592,0.1510412
F-,30,0.56338,10.98592,0.1740324
F-,30,0.84507,10.98592,0.2056566
F-,30,1.12676,10.98592,0.2463036
F-,30,1.40845,10.98592,0.2950682
F-,30,1.69014,10.98592,0.349567
F-,30,1.97183,10.98592,0.4060232
F-,30,2.25352,10.98592,0.4596603
F-,30,2.53521,10.98592,0.505363
F-,30,2.8169,10.98592,0.5384866
F-,30,3.09859,10.98592,0.5556397
F-,30,3.38028,10.98592,0.5552565
F-,30,3.66197,10.98592,0.5378243
F-,30,3.94366,10.98592,0.5057201
F-,30,4.22535,10.98592,0.4627129
F-,30,4.50704,10.98592,0.4132707
F-,30,4.78873,10.98592,0.3618434
F-,30,5.07042,10.98592,0.3122763
F-,30,5.35211,10.98592,0.2674502
F-,30,5.6338,10.98592,0.2291671
F-,30,5.91549,10.98592,0.1982406
F-,30,6.19718,10.98592,0.1747088
F-,30,6.47887,10.98592,0.1580851
F-,30,6.76056,10.98592,0.1475808
F-,30,7.04225,10.98592,0.1422653
F-,30,7.32394,10.98592,0.1411579
F-,30,7.60563,10.98592,0.1432677
F-,30,7.88732,10.98592,0.1476055
F-,30,8.16901,10.98592,0.153191
F-,30,8.4507,10.98592,0.1590699
F-,30,8.73239,10.98592,0.1643477
F-,30,9.01408,10.98592,0.1682371
F-,30,9.29577,10.98592,0.1701122
F-,30,9.57746,10.98592,0.1695589
F-,30,9.85915,10.98592,0.1664121
F-,30,10.14085,10.98592,0.1607718
F-,30,10.42254,10.98592,0.1529942
F-,30,10.70423,10.98592,0.1436577
F-,30,10.98592,10.98592,0.1335068
F-,30,11.26761,10.98592,0.1233818
F-,30,11.5493,10.98592,0.1141443
F-,30,11.83099,10.98592,0.1066086
F-,30,12.11268,10.98592,0.1014924
F-,30,12.39437,10.98592,0.0993951
F-,30,12.67606,10.98592,0.1008081
F-,30,12.95775,10.98592,0.1061546
F-,30,13.23944,10.98592,0.1158465
F-,30,13.52113,10.98592,0.1303362
F-,30,13.80282,10.98592,0.1501327
F-,30,14.08451,10.98592,0.1757522
F-,30,14.3662,10.98592,0.2075826
F-,30,14.64789,10.98592,0.2456642
F-,30,14.92958,10.98592,0.2894225
F-,30,15.21127,10.98592,0.3374186
F-,30,15.49296,10.98592,0.3872107
F-,30,15.77465,10.98592,0.4354085
F-,30,16.05634,10.98592,0.4779749
F-,30,16.33803,10.98592,0.5107581
F-,30,16.61972,10.98592,0.530166
F-,30,16.90141,10.98592,0.5338348
F-,30,17.1831,10.98592,0.5211201
F-,30,17.46479,10.98592,0.4932752
F-,30,17.74648,10.98592,0.4532576
F-,30,18.02817,10.98592,0.4052044
F-,30,18.30986,10.98592,0.3537081
F-,30,18.59155,10.98592,0.303067
F-,30,18.87324,10.98592,0.2566806
F-,30,19.15493,10.98592,0.2167019
F-,30,19.43662,10.98592,0.1839809
F-,30,19.71831,10.98592,0.1582581
F-,30,20.0,10.98592,0.138515
F-,30,0.0,11.26761,0.1371278
F-,30,0.28169,11.26761,0.1512123
F-,30,0.56338,11.26761,0.1728518
F-,30,0.84507,11.26761,0.2034512
F-,30,1.12676,11.26761,0.2434766
F-,30,1.40845,11.26761,0.2920941
F-,30,1.69014,11.26761,0.3469766
F-,30,1.97183,11.26761,0.4043727
F-,30,2.25352,11.26761,0.4594765
F-,30,2.53521,11.26761,0.5070697
F-,30,2.8169,11.26761,0.5423231
F-,30,3.09859,11.26761,0.561591
F-,30,3.38028,11.26761,0.563017
F-,30,3.66197,11.26761,0.5468108
F-,30,3.94366,11.26761,0.5151394
F-,30,4.22535,11.26761,0.4716747
F-,30,4.50704,11.26761,0.4209238
F-,30,4.78873,11.26761,0.3675059
F-,30,5.07042,11.26761,0.3155346
F-,30,5.35211,11.26761,0.2682058
F-,30,5.6338,11.26761,0.2276278
F-,30,5.91549,11.26761,0.1948608
F-,30,6.19718,11.26761,0.1700959
F-,30,6.47887,11.26761,0.1528929
F-,30,6.76056,11.26761,0.142409
F-,30,7.04225,11.26761,0.1375799
F-,30,7.32394,11.26761,0.1372423
F-,30,7.60563,11.26761,0.1402063
F-,30,7.88732,11.26761,0.1452982
F-,30,8.16901,11.26761,0.1513914
F-,30,8.4507,11.26761,0.157441
F-,30,8.73239,11.26761,0.1625251
F-,30,9.01408,11.26761,0.165892
F-,30,9.29577,11.26761,0.1670066
F-,30,9.57746,11.26761,0.1655872
F-,30,9.85915,11.26761,0.1616244
F-,30,10.14085,11.26761,0.1553776
F-,30,10.42254,11.26761,0.1473464
F-,30,10.70423,11.26761,0.1382186
F-,30,10.98592,11.26761,0.1288023
F-,30,11.26761,11.26761,0.1199479
F-,30,11.5493,11.26761,0.1124734
F-,30,11.83099,11.26761,0.1071026
F-,30,12.11268,11.26761,0.104428
F-,30,12.39437,11.26761,0.1049046
F-,30,12.67606,11.26761,0.1088776
F-,30,12.95775,11.26761,0.1166375
F-,30,13.23944,11.26761,0.1284873
F-,30,13.52113,11.26761,0.1447977
F-,30,13.80282,11.26761,0.1660199
F-,30,14.08451,11.26761,0.1926272
F-,30,14.3662,11.26761,0.2249691
F-,30,14.64789,11.26761,0.2630453
F-,30,14.92958,11.26761,0.3062392
F-,30,15.21127,11.26761,0.3530803
F-,30,15.49296,11.26761,0.401125
F-,30,15.77465,11.26761,0.4470344
F-,30,16.05634,11.26761,0.4868913
F-,30,16.33803,11.26761,0.5167336
F-,30,16.61972,11.26761,0.5332103
F-,30,16.90141,11.26761,0.5342122
F-,30,17.1831,11.26761,0.5193146
F-,30,17.46479,11.26761,0.4899104
F-,30,17.74648,11.26761,0.4489853
F-,30,18.02817,11.26761,0.400589
F-,30,18.30986,11.26761,0.3491309
F-,30,18.59155,11.26761,0.2986741
F-,30,18.87324,11.26761,0.2523814
F-,30,19.15493,11.26761,0.2122169
F-,30,19.43662,11.26761,0.1789236
F-,30,19.71831,11.26761,0.1522315
F-,30,20.0,11.26761,0.1312023
F-,30,0.0,11.5493,0.1378315
F-,30,0.28169,11.5493,0.1508274
F-,30,0.56338,11.5493,0.1715821
F-,30,0.84507,11.5493,0.2015479
F-,30,1.12676,11.5493,0.2412481
F-,30,1.40845,11.5493,0.2899196
F-,30,1.69014,11.5493,0.3453128
F-,30,1.97183,11.5493,0.403739
F-,30,2.25352,11.5493,0.4604107
F-,30,2.53521,11.5493,0.5100526
F-,30,2.8169,11.5493,0.5476851
F-,30,3.09859,11.5493,0.5694222
F-,30,3.38028,11.5493,0.5731064
F-,30,3.66197,11.5493,0.5586374
F-,30,3.94366,11.5493,0.5279249
F-,30,4.22535,11.5493,0.4844911
F-,30,4.50704,11.5493,0.4328341
F-,30,4.78873,11.5493,0.3777072
F-,30,5.07042,11.5493,0.323472
F-,30,5.35211,11.5493,0.2736348
F-,30,5.6338,11.5493,0.2306156
F-,30,5.91549,11.5493,0.1957327
F-,30,6.19718,11.5493,0.1693438
F-,30,6.47887,11.5493,0.1510673
F-,30,6.76056,11.5493,0.1400171
F-,30,7.04225,11.5493,0.1350071
F-,30,7.32394,11.5493,0.1347053
F-,30,7.60563,11.5493,0.1377425
F-,30,7.88732,11.5493,0.1427856
F-,30,8.16901,11.5493,0.1485934
F-,30,8.4507,11.5493,0.1540652
F-,30,8.73239,11.5493,0.1582871
F-,30,9.01408,11.5493,0.1605756
F-,30,9.29577,11.5493,0.160512
F-,30,9.57746,11.5493,0.1579625
F-,30,9.85915,11.5493,0.1530773
F-,30,10.14085,11.5493,0.1462668
F-,30,10.42254,11.5493,0.1381534
F-,30,10.70423,11.5493,0.129506
F-,30,10.98592,11.5493,0.1211618
F-,30,11.26761,11.5493,0.113946
F-,30,11.5493,11.5493,0.1086018
F-,30,11.83099,11.5493,0.1057385
F-,30,12.11268,11.5493,0.1058103
F-,30,12.39437,11.5493,0.1091273
F-,30,12.67606,11.5493,0.1158999
F-,30,12.95775,11.5493,0.1263064
F-,30,13.23944,11.5493,0.1405663
F-,30,13.52113,11.5493,0.158993
F-,30,13.80282,11.5493,0.1819966
F-,30,14.08451,11.5493,0.2100109
F-,30,14.3662,11.5493,0.2433347
F-,30,14.64789,11.5493,0.2818984
F-,30,14.92958,11.5493,0.3250032
F-,30,15.21127,11.5493,0.3711023
F-,30,15.49296,11.5493,0.4177113
F-,30,15.77465,11.5493,0.4615163
F-,30,16.05634,11.5493,0.498714
F-,30,16.33803,11.5493,0.5255465
F-,30,16.61972,11.5493,0.5389348
F-,30,16.90141,11.5493,0.5370636
F-,30,17.1831,11.5493,0.5197669
F-,30,17.46479,11.5493,0.4886067
F-,30,17.74648,11.5493,0.4466134
F-,30,18.02817,11.5493,0.397751
F-,30,18.30986,11.5493,0.3462384
F-,30,18.59155,11.5493,0.2958909
F-,30,18.87324,11.5493,0.2496249
F-,30,19.15493,11.5493,0.2092113
F-,30,19.43662,11.5493,0.1752892
F-,30,19.71831,11.5493,0.1475864
F-,30,20.0,11.5493,0.1252549
F-,30,0.0,11.83099,0.1365887
F-,30,0.28169,11.83099,0.1490063
F-,30,0.56338,11.83099,0.1693342
F-,30,0.84507,11.83099,0.1990341
F-,30,1.12676,11.83099,0.2386648
F-,30,1.40845,11.83099,0.287534
F-,30,1.69014,11.83099,0.3434932
F-,30,1.97183,11.83099,0.4029613
F-,30,2.25352,11.83099,0.4612277
F-,30,2.53521,11.83099,0.5130218
F-,30,2.8169,11.83099,0.5532661
F-,30,3.09859,11.83099,0.5778652
F-,30,3.38028,11.83099,0.5843641
F-,30,3.66197,11.83099,0.5723263
F-,30,3.94366,11.83099,0.5433532
F-,30,4.22535,11.83099,0.5007507
F-,30,4.50704,11.83099,0.4489379
F-,30,4.78873,11.83099,0.3927392
F-,30,5.07042,11.83099,0.3367164
F-,30,5.35211,11.83099,0.2846568
F-,30,5.6338,11.83099,0.239281
F-,30,5.91549,11.83099,0.2021694
F-,30,6.19718,11.83099,0.17386
F-,30,6.47887,11.83099,0.1540503
F-,30,6.76056,11.83099,0.1418355
F-,30,7.04225,11.83099,0.1359341
F-,30,7.32394,11.83099,0.1348757
F-,30,7.60563,11.83099,0.137144
F-,30,7.88732,11.83099,0.141282
F-,30,8.16901,11.83099,0.145971
F-,30,8.4507,11.83099,0.1500913
F-,30,8.73239,11.83099,0.1527711
F-,30,9.01408,11.83099,0.1534226
F-,30,9.29577,11.83099,0.1517621
F-,30,9.57746,11.83099,0.1478112
F-,30,9.85915,11.83099,0.1418753
F-,30,10.14085,11.83099,0.1344995
F-,30,10.42254,11.83099,0.1264045
F-,30,10.70423,11.83099,0.1184083
F-,30,10.98592,11.83099,0.1113436
F-,30,11.26761,11.83099,0.1059795
F-,30,11.5493,11.83099,0.1029588
F-,30,11.83099,11.83099,0.102762
F-,30,12.11268,11.83099,0.1057015
F-,30,12.39437,11.83099,0.1119515
F-,30,12.67606,11.83099,0.1216066
F-,30,12.95775,11.83099,0.1347586
F-,30,13.23944,11.83099,0.1515697
F-,30,13.52113,11.83099,0.1723169
F-,30,13.80282,11.83099,0.1973789
F-,30,14.08451,11.83099,0.2271453
F-,30,14.3662,11.83099,0.2618424
F-,30,14.64789,11.83099,0.3012967
F-,30,14.92958,11.83099,0.3446854
F-,30,15.21127,11.83099,0.3903453
F-,30,15.49296,11.83099,0.4357205
F-,30,15.77465,11.83099,0.47751
F-,30,16.05634,11.83099,0.5120311
F-,30,16.33803,11.83099,0.5357556
F-,30,16.61972,11.83099,0.545913
F-,30,16.90141,11.83099,0.5410216
F-,30,17.1831,11.83099,0.5212074
F-,30,17.46479,11.83099,0.488222
F-,30,17.74648,11.83099,0.4451471
F-,30,18.02817,11.83099,0.3958552
F-,30,18.30986,11.83099,0.3443616
F-,30,18.59155,11.83099,0.2942202
F-,30,18.87324,11.83099,0.2480912
F-,30,19.15493,11.83099,0.2075496
F-,30,19.43662,11.83099,0.1731337
F-,30,19.71831,11.83099,0.1445754
F-,30,20.0,11.83099,0.1211218
F-,30,0.0,12.11268,0.1327484
F-,30,0.28169,12.11268,0.1450357
F-,30,0.56338,12.11268,0.1653206
F-,30,0.84507,12.11268,0.1950353
F-,30,1.12676,12.11268,0.2347514
F-,30,1.40845,12.11268,0.2838483
F-,30,1.69014,12.11268,0.3403047
F-,30,1.97183,12.11268,0.4006977
F-,30,2.25352,12.11268,0.4604618
F-,30,2.53521,12.11268,0.5144076
F-,30,2.8169,12.11268,0.5574287
F-,30,3.09859,12.11268,0.5852709
F-,30,3.38028,12.11268,0.5952003
F-,30,3.66197,12.11268,0.5864275
F-,30,3.94366,12.11268,0.5601943
F-,30,4.22535,12.11268,0.5195131
F-,30,4.50704,12.11268,0.4686333
F-,30,4.78873,12.11268,0.4123606
F-,30,5.07042,12.11268,0.35538
F-,30,5.35211,12.11268,0.3017045
F-,30,5.6338,12.11268,0.2543249
F-,30,5.91549,12.11268,0.2150769
F-,30,6.19718,12.11268,0.184692
F-,30,6.47887,12.11268,0.1629745
F-,30,6.76056,12.11268,0.1490375
F-,30,7.04225,12.11268,0.1415471
F-,30,7.32394,12.11268,0.1389392
F-,30,7.60563,12.11268,0.1395961
F-,30,7.88732,12.11268,0.1419818
F-,30,8.16901,12.11268,0.1447421
F-,30,8.4507,12.11268,0.1467756
F-,30,8.73239,12.11268,0.1472832
F-,30,9.01408,12.11268,0.1457935
F-,30,9.29577,12.11268,0.1421681
F-,30,9.57746,12.11268,0.1365824
F-,30,9.85915,12.11268,0.1294841
F-,30,10.14085,12.11268,0.1215303
F-,30,10.42254,12.11268,0.1135099
F-,30,10.70423,12.11268,0.1062576
F-,30,10.98592,12.11268,0.1005698
F-,30,11.26761,12.11268,0.0971329
F-,30,11.5493,12.11268,0.0964729
F-,30,11.83099,12.11268,0.0989346
F-,30,12.11268,12.11268,0.1046953
F-,30,12.39437,12.11268,0.1138104
F-,30,12.67606,12.11268,0.1262834
F-,30,12.95775,12.11268,0.1421468
F-,30,13.23944,12.11268,0.1615296
F-,30,13.52113,12.11268,0.184687
F-,30,13.80282,12.11268,0.2119674
F-,30,14.08451,12.11268,0.2437013
F-,30,14.3662,12.11268,0.2800137
F-,30,14.64789,12.11268,0.3205898
F-,30,14.92958,12.11268,0.3644437
F-,30,15.21127,12.11268,0.4097652
F-,30,15.49296,12.11268,0.4539121
F-,30,15.77465,12.11268,0.4936006
F-,30,16.05634,12.11268,0.5252924
F-,30,16.33803,12.11268,0.5457261
F-,30,16.61972,12.11268,0.5524821
F-,30,16.90141,12.11268,0.5444492
F-,30,17.1831,12.11268,0.5220705
F-,30,17.46479,12.11268,0.4872971
F-,30,17.74648,12.11268,0.4432564
F-,30,18.02817,12.11268,0.3937144
F-,30,18.30986,12.11268,0.3424647
F-,30,18.59155,12.11268,0.2927843
F-,30,18.87324,12.11268,0.2470686
F-,30,19.15493,12.11268,0.2066949
F-,30,19.43662,12.11268,0.1721039
F-,30,19.71831,12.11268,0.1430356
F-,30,20.0,12.11268,0.1188326
F-,30,0.0,12.39437,0.1260245
F-,30,0.28169,12.39437,0.1385146
F-,30,0.56338,12.39437,0.1590128
F-,30,0.84507,12.39437,0.1888838
F-,30,1.12676,12.39437,0.2286909
F-,30,1.40845,12.39437,0.2778862
F-,30,1.69014,12.39437,0.3346034
F-,30,1.97183,12.39437,0.3956318
F-,30,2.25352,12.39437,0.4566271
F-,30,2.53521,12.39437,0.512568
F-,30,2.8169,12.39437,0.5584056
F-,30,3.09859,12.39437,0.5897943
F-,30,3.38028,12.39437,0.6037583
F-,30,3.66197,12.39437,0.5991514
F-,30,3.94366,12.39437,0.5768092
F-,30,4.22535,12.39437,0.5393683
F-,30,4.50704,12.39437,0.4908016
F-,30,4.78873,12.39437,0.4357827
F-,30,5.07042,12.39437,0.3790153
F-,30,5.35211,12.39437,0.3246559
F-,30,5.6338,12.39437,0.2759132
F-,30,5.91549,12.39437,0.2348579
F-,30,6.19718,12.39437,0.2024243
F-,30,6.47887,12.39437,0.1785552
F-,30,6.76056,12.39437,0.1624299
F-,30,7.04225,12.39437,0.1527183
F-,30,7.32394,12.39437,0.1478225
F-,30,7.60563,12.39437,0.1460817
F-,30,7.88732,12.39437,0.1459345
F-,30,8.16901,12.39437,0.146037
F-,30,8.4507,12.39437,0.1453436
F-,30,8.73239,12.39437,0.1431529
F-,30,9.01408,12.39437,0.1391243
F-,30,9.29577,12.39437,0.1332656
F-,30,9.57746,12.39437,0.125895
F-,30,9.85915,12.39437,0.1175811
F-,30,10.14085,12.39437,0.1090638
F-,30,10.42254,12.39437,0.1011673
F-,30,10.70423,12.39437,0.0947097
F-,30,10.98592,12.39437,0.0904226
F-,30,11.26761,12.39437,0.0888893
F-,30,11.5493,12.39437,0.0905087
F-,30,11.83099,12.39437,0.0954933
F-,30,12.11268,12.39437,0.1038987
F-,30,12.39437,12.39437,0.1156841
F-,30,12.67606,12.39437,0.1307891
F-,30,12.95775,12.39437,0.1492124
F-,30,13.23944,12.39437,0.171068
F-,30,13.52113,12.39437,0.1965955
F-,30,13.80282,12.39437,0.2261041
F-,30,14.08451,12.39437,0.2598415
F-,30,14.3662,12.39437,0.2977983
F-,30,14.64789,12.39437,0.3394818
F-,30,14.92958,12.39437,0.3837138
F-,30,15.21127,12.39437,0.4285212
F-,30,15.49296,12.39437,0.4711806
F-,30,15.77465,12.39437,0.5084506
F-,30,16.05634,12.39437,0.5369785
F-,30,16.33803,12.39437,0.5538175
F-,30,16.61972,12.39437,0.5569434
F-,30,16.90141,12.39437,0.5456476
F-,30,17.1831,12.39437,0.520704
F-,30,17.46479,12.39437,0.484259
F-,30,17.74648,12.39437,0.4394679
F-,30,18.02817,12.39437,0.3899661
F-,30,18.30986,12.39437,0.3393025
F-,30,18.59155,12.39437,0.2904617
F-,30,18.87324,12.39437,0.2455667
F-,30,19.15493,12.39437,0.2057976
F-,30,19.43662,12.39437,0.1715013
F-,30,19.71831,12.39437,0.1424278
F-,30,20.0,12.39437,0.118011
F-,30,0.0,12.67606,0.1165739
F-,30,0.28169,12.67606,0.129451
F-,30,0.56338,12.67606,0.1502571
F-,30,0.84507,12.67606,0.1802542
F-,30,1.12676,12.67606,0.2199781
F-,30,1.40845,12.67606,0.2689558
F-,30,1.69014,12.67606,0.3255035
F-,30,1.97183,12.67606,0.3866777
F-,30,2.25352,12.67606,0.4484341
F-,30,2.53521,12.67606,0.5060148
F-,30,2.8169,12.67606,0.5545262
F-,30,3.09859,12.67606,0.5896162
F-,30,3.38028,12.67606,0.6081226
F-,30,3.66197,12.67606,0.6085548
F-,30,3.94366,12.67606,0.5913073
F-,30,4.22535,12.67606,0.5585597
F-,30,4.50704,12.67606,0.5138945
F-,30,4.78873,12.67606,0.4617215
F-,30,5.07042,12.67606,0.4066349
F-,30,5.35211,12.67606,0.3528267
F-,30,5.6338,12.67606,0.3036486
F-,30,5.91549,12.67606,0.2613696
F-,30,6.19718,12.67606,0.2271271
F-,30,6.47887,12.67606,0.201035
F-,30,6.76056,12.67606,0.1823931
F-,30,7.04225,12.67606,0.1699435
F-,30,7.32394,12.67606,0.1621263
F-,30,7.60563,12.67606,0.1573075
F-,30,7.88732,12.67606,0.1539614
F-,30,8.16901,12.67606,0.1508047
F-,30,8.4507,12.67606,0.1468833
F-,30,8.73239,12.67606,0.1416152
F-,30,9.01408,12.67606,0.1347967
F-,30,9.29577,12.67606,0.1265741
F-,30,9.57746,12.67606,0.1173889
F-,30,9.85915,12.67606,0.1079013
F-,30,10.14085,12.67606,0.0989002
F-,30,10.42254,12.67606,0.0912092
F-,30,10.70423,12.67606,0.0855978
F-,30,10.98592,12.67606,0.0827076
F-,30,11.26761,12.67606,0.0830039
F-,30,11.5493,12.67606,0.086756
F-,30,11.83099,12.67606,0.0940525
F-,30,12.11268,12.67606,0.1048469
F-,30,12.39437,12.67606,0.1190266
F-,30,12.67606,12.67606,0.1364928
F-,30,12.95775,12.67606,0.1572307
F-,30,13.23944,12.67606,0.1813488
F-,30,13.52113,12.67606,0.2090669
F-,30,13.80282,12.67606,0.2406363
F-,30,14.08451,12.67606,0.2761928
F-,30,14.3662,12.67606,0.3155589
F-,30,14.64789,12.67606,0.3580352
F-,30,14.92958,12.67606,0.402236
F-,30,15.21127,12.67606,0.4460311
F-,30,15.49296,12.67606,0.4866436
F-,30,15.77465,12.67606,0.520921
F-,30,16.05634,12.67606,0.5457532
F-,30,16.33803,12.67606,0.558563
F-,30,16.61972,12.67606,0.5577638
F-,30,16.90141,12.67606,0.5430717
F-,30,17.1831,12.67606,0.5155909
F-,30,17.46479,12.67606,0.4776433
F-,30,17.74648,12.67606,0.4323818
F-,30,18.02817,12.67606,0.3832795
F-,30,18.30986,12.67606,0.333615
F-,30,18.59155,12.67606,0.2860655
F-,30,18.87324,12.67606,0.2424781
F-,30,19.15493,12.67606,0.2038388
F-,30,19.43662,12.67606,0.1704055
F-,30,19.71831,12.67606,0.1419387
F-,30,20.0,12.67606,0.1179557
F-,30,0.0,12.95775,0.1050042
F-,30,0.28169,12.95775,0.1182933
F-,30,0.56338,12.95775,0.1393291
F-,30,0.84507,12.95775,0.1692415
F-,30,1.12676,12.95775,0.2085224
F-,30,1.40845,12.95775,0.2567763
F-,30,1.69014,12.95775,0.312528
F-,30,1.97183,12.95775,0.3731528
F-,30,2.25352,12.95775,0.4349841
F-,30,2.53521,12.95775,0.4936245
F-,30,2.8169,12.95775,0.544441
F-,30,3.09859,12.95775,0.5831738
F-,30,3.38028,12.95775,0.6065471
F-,30,3.66197,12.95775,0.612759
F-,30,3.94366,12.95775,0.6017446
F-,30,4.22535,12.95775,0.575157
F-,30,4.50704,12.95775,0.5360749
F-,30,4.78873,12.95775,0.4885051
F-,30,5.07042,12.95775,0.4367872
F-,30,5.35211,12.95775,0.3850189
F-,30,5.6338,12.95775,0.3365971
F-,30,5.91549,12.95775,0.2939333
F-,30,6.19718,12.95775,0.2583556
F-,30,6.47887,12.95775,0.2301756
F-,30,6.76056,12.95775,0.20887
F-,30,7.04225,12.95775,0.193327
F-,30,7.32394,12.95775,0.1821062
F-,30,7.60563,12.95775,0.1736783
F-,30,7.88732,12.95775,0.1666216
F-,30,8.16901,12.95775,0.1597667
F-,30,8.4507,12.95775,0.1522862
F-,30,8.73239,12.95775,0.1437353
F-,30,9.01408,12.95775,0.1340467
F-,30,9.29577,12.95775,0.1234905
F-,30,9.57746,12.95775,0.1126044
F-,30,9.85915,12.95775,0.1021057
F-,30,10.14085,12.95775,0.0927941
F-,30,10.42254,12.95775,0.0854564
F-,30,10.70423,12.95775,0.0807824
F-,30,10.98592,12.95775,0.0793028
F-,30,11.26761,12.95775,0.0813549
F-,30,11.5493,12.95775,0.0870809
F-,30,11.83099,12.95775,0.0964587
F-,30,12.11268,12.95775,0.1093597
F-,30,12.39437,12.95775,0.1256229
F-,30,12.67606,12.95775,0.145131
F-,30,12.95775,12.95775,0.1678669
F-,30,13.23944,12.95775,0.1939333
F-,30,13.52113,12.95775,0.2235153
F-,30,13.80282,12.95775,0.2567809
F-,30,14.08451,12.95775,0.2937225
F-,30,14.3662,12.95775,0.3339667
F-,30,14.64789,12.95775,0.3765923
F-,30,14.92958,12.95775,0.4200113
F-,30,15.21127,12.95775,0.4619663
F-,30,15.49296,12.95775,0.4996785
F-,30,15.77465,12.95775,0.5301501
F-,30,16.05634,12.95775,0.5505809
F-,30,16.33803,12.95775,0.5588196
F-,30,16.61972,12.95775,0.5537513
F-,30,16.90141,12.95775,0.5355239
F-,30,17.1831,12.95775,0.5055539
F-,30,17.46479,12.95775,0.4663037
F-,30,17.74648,12.95775,0.4208822
F-,30,18.02817,12.95775,0.3725628
F-,30,18.30986,12.95775,0.3243287
F-,30,18.59155,12.95775,0.2785385
F-,30,18.87324,12.95775,0.2367643
F-,30,19.15493,12.95775,0.1998056
F-,30,19.43662,12.95775,0.1678375
F-,30,19.71831,12.95775,0.1406309
F-,30,20.0,12.95775,0.1177753
F-,30,0.0,13.23944,0.0923108
F-,30,0.28169,13.23944,0.1058894
F-,30,0.56338,13.23944,0.1269179
F-,30,0.84507,13.23944,0.1563703
F-,30,1.12676,13.23944,0.1946827
F-,30,1.40845,13.23944,0.2415397
F-,30,1.69014,13.23944,0.2956966
F-,30,1.97183,13.23944,0.3548934
F-,30,2.25352,13.23944,0.4159112
F-,30,2.53521,13.23944,0.4748058
F-,30,2.8169,13.23944,0.5273117
F-,30,3.09859,13.23944,0.5693678
F-,30,3.38028,13.23944,0.5976741
F-,30,3.66197,13.23944,0.6101711
F-,30,3.94366,13.23944,0.6063392
F-,30,4.22535,13.23944,0.5872554
F-,30,4.50704,13.23944,0.5553946
F-,30,4.78873,13.23944,0.5142241
F-,30,5.07042,13.23944,0.4676771
F-,30,5.35211,13.23944,0.4196127
F-,30,5.6338,13.23944,0.3733555
F-,30,5.91549,13.23944,0.3313831
F-,30,6.19718,13.23944,0.2951855
F-,30,6.47887,13.23944,0.2652862
F-,30,6.76056,13.23944,0.2413896
F-,30,7.04225,13.23944,0.2226037
F-,30,7.32394,13.23944,0.2076921
F-,30,7.60563,13.23944,0.1953131
F-,30,7.88732,13.23944,0.1842215
F-,30,8.16901,13.23944,0.1734168
F-,30,8.4507,13.23944,0.1622341
F-,30,8.73239,13.23944,0.1503801
F-,30,9.01408,13.23944,0.1379199
F-,30,9.29577,13.23944,0.125227
F-,30,9.57746,13.23944,0.1129033
F-,30,9.85915,13.23944,0.1016852
F-,30,10.14085,13.23944,0.0923437
F-,30,10.42254,13.23944,0.0855926
F-,30,10.70423,13.23944,0.0820141
F-,30,10.98592,13.23944,0.0820101
F-,30,11.26761,13.23944,0.0857842
F-,30,11.5493,13.23944,0.0933569
F-,30,11.83099,13.23944,0.1046093
F-,30,12.11268,13.23944,0.1193492
F-,30,12.39437,13.23944,0.1373847
F-,30,12.67606,13.23944,0.1585913
F-,30,12.95775,13.23944,0.182951
F-,30,13.23944,13.23944,0.2105486
F-,30,13.52113,13.23944,0.2415127
F-,30,13.80282,13.23944,0.2758985
F-,30,14.08451,13.23944,0.3135284
F-,30,14.3662,13.23944,0.3538169
F-,30,14.64789,13.23944,0.3956252
F-,30,14.92958,13.23944,0.4371928
F-,30,15.21127,13.23944,0.4761893
F-,30,15.49296,13.23944,0.5099071
F-,30,15.77465,13.23944,0.5355825
F-,30,16.05634,13.23944,0.5507956
F-,30,16.33803,13.23944,0.5538704
F-,30,16.61972,13.23944,0.5441826
F-,30,16.90141,13.23944,0.5223001
F-,30,17.1831,13.23944,0.4899148
F-,30,17.46479,13.23944,0.4495798
F-,30,17.74648,13.23944,0.4043099
F-,30,18.02817,13.23944,0.35714
F-,30,18.30986,13.23944,0.310736
F-,30,18.59155,13.23944,0.2671332
F-,30,18.87324,13.23944,0.2276367
F-,30,19.15493,13.23944,0.1928709
F-,30,19.43662,13.23944,0.1629373
F-,30,19.71831,13.23944,0.1376159
F-,30,20.0,13.23944,0.1165555
F-,30,0.0,13.52113,0.079749
F-,30,0.28169,13.52113,0.0933801
F-,30,0.56338,13.52113,0.1140399
F-,30,0.84507,13.52113,0.142532
F-,30,1.12676,13.52113,0.1792287
F-,30,1.40845,13.52113,0.2238969
F-,30,1.69014,13.52113,0.2755391
F-,30,1.97183,13.52113,0.3322949
F-,30,2.25352,13.52113,0.3914516
F-,30,2.53521,13.52113,0.4495993
F-,30,2.8169,13.52113,0.5029401
F-,30,3.09859,13.52113,0.5477197
F-,30,3.38028,13.52113,0.5807144
F-,30,3.66197,13.52113,0.5996808
F-,30,3.94366,13.52113,0.6036763
F-,30,4.22535,13.52113,0.5931796
F-,30,4.50704,13.52113,0.5699865
F-,30,4.78873,13.52113,0.5369049
F-,30,5.07042,13.52113,0.4973157
F-,30,5.35211,13.52113,0.4546897
F-,30,5.6338,13.52113,0.4121488
F-,30,5.91549,13.52113,0.3721421
F-,30,6.19718,13.52113,0.3362717
F-,30,6.47887,13.52113,0.3052707
F-,30,6.76056,13.52113,0.2791078
F-,30,7.04225,13.52113,0.2571768
F-,30,7.32394,13.52113,0.238525
F-,30,7.60563,13.52113,0.2220803
F-,30,7.88732,13.52113,0.2068466
F-,30,8.16901,13.52113,0.1920483
F-,30,8.4507,13.52113,0.1772177
F-,30,8.73239,13.52113,0.1622262
F-,30,9.01408,13.52113,0.1472649
F-,30,9.29577,13.52113,0.1327877
F-,30,9.57746,13.52113,0.1194278
F-,30,9.85915,13.52113,0.1079014
F-,30,10.14085,13.52113,0.0989119
F-,30,10.42254,13.52113,0.0930667
F-,30,10.70423,13.52113,0.0908153
F-,30,10.98592,13.52113,0.0924165
F-,30,11.26761,13.52113,0.0979372
F-,30,11.5493,13.52113,0.1072819
F-,30,11.83099,13.52113,0.1202473
F-,30,12.11268,13.52113,0.1365905
F-,30,12.39437,13.52113,0.1560986
F-,30,12.67606,13.52113,0.1786408
F-,30,12.95775,13.52113,0.2041889
F-,30,13.23944,13.52113,0.2327903
F-,30,13.52113,13.52113,0.2644899
F-,30,13.80282,13.52113,0.2992045
F-,30,14.08451,13.52113,0.3365696
F-,30,14.3662,13.52113,0.3757902
F-,30,14.64789,13.52113,0.4155372
F-,30,14.92958,13.52113,0.453932
F-,30,15.21127,13.52113,0.4886481
F-,30,15.49296,13.52113,0.5171367
F-,30,15.77465,13.52113,0.5369517
F-,30,16.05634,13.52113,0.5461186
F-,30,16.33803,13.52113,0.5434697
F-,30,16.61972,13.52113,0.5288693
F-,30,16.90141,13.52113,0.5032708
F-,30,17.1831,13.52113,0.4685865
F-,30,17.46479,13.52113,0.4273982
F-,30,17.74648,13.52113,0.3825727
F-,30,18.02817,13.52113,0.3368701
F-,30,18.30986,13.52113,0.2926242
F-,30,18.59155,13.52113,0.2515513
F-,30,18.87324,13.52113,0.2147041
F-,30,19.15493,13.52113,0.1825498
F-,30,19.43662,13.52113,0.1551263
F-,30,19.71831,13.52113,0.1322222
F-,30,20.0,13.52113,0.1135308
F-,30,0.0,13.80282,0.0686623
F-,30,0.28169,13.80282,0.0820401
F-,30,0.56338,13.80282,0.1018973
F-,30,0.84507,13.80282,0.1288604
F-,30,1.12676,13.80282,0.1632348
F-,30,1.40845,13.80282,0.2048717
F-,30,1.69014,13.80282,0.2530301
F-,30,1.97183,13.80282,0.3062718
F-,30,2.25352,13.80282,0.3624304
F-,30,2.53521,13.80282,0.418694
F-,30,2.8169,13.80282,0.4718176
F-,30,3.09859,13.80282,0.5184552
F-,30,3.38028,13.80282,0.5555638
F-,30,3.66197,13.80282,0.5808071
F-,30,3.94366,13.80282,0.5928776
F-,30,4.22535,13.80282,0.5916674
F-,30,4.50704,13.80282,0.5782521
F-,30,4.78873,13.80282,0.5546898
F-,30,5.07042,13.80282,0.5236835
F-,30,5.35211,13.80282,0.488174
F-,30,5.6338,13.80282,0.4509459
F-,30,5.91549,13.80282,0.4143115
F-,30,6.19718,13.80282,0.3799162
F-,30,6.47887,13.80282,0.348678
F-,30,6.76056,13.80282,0.3208465
F-,30,7.04225,13.80282,0.2961493
F-,30,7.32394,13.80282,0.2739853
F-,30,7.60563,13.80282,0.2536254
F-,30,7.88732,13.80282,0.2343895
F-,30,8.16901,13.80282,0.2157797
F-,30,8.4507,13.80282,0.197559
F-,30,8.73239,13.80282,0.1797756
F-,30,9.01408,13.80282,0.1627398
F-,30,9.29577,13.80282,0.1469642
F-,30,9.57746,13.80282,0.1330805
F-,30,9.85915,13.80282,0.1217484
F-,30,10.14085,13.80282,0.1135687
F-,30,10.42254,13.80282,0.1090125
F-,30,10.70423,13.80282,0.1083755
F-,30,10.98592,13.80282,0.1117624
F-,30,11.26761,13.80282,0.1191015
F-,30,11.5493,13.80282,0.1301868
F-,30,11.83099,13.80282,0.1447379
F-,30,12.11268,13.80282,0.1624682
F-,30,12.39437,13.80282,0.1831436
F-,30,12.67606,13.80282,0.2066195
F-,30,12.95775,13.80282,0.2328396
F-,30,13.23944,13.80282,0.2617901
F-,30,13.52113,13.80282,0.2934079
F-,30,13.80282,13.80282,0.3274546
F-,30,14.08451,13.80282,0.363379
F-,30,14.3662,13.80282,0.4002005
F-,30,14.64789,13.80282,0.436452
F-,30,14.92958,13.80282,0.4702131
F-,30,15.21127,13.80282,0.4992531
F-,30,15.49296,13.80282,0.5212748
F-,30,15.77465,13.80282,0.5342274
F-,30,16.05634,13.80282,0.5366288
F-,30,16.33803,13.80282,0.5278297
F-,30,16.61972,13.80282,0.5081549
F-,30,16.90141,13.80282,0.4788863
F-,30,17.1831,13.80282,0.4420853
F-,30,17.46479,13.80282,0.4002934
F-,30,17.74648,13.80282,0.3561766
F-,30,18.02817,13.80282,0.3121912
F-,30,18.30986,13.80282,0.2703345
F-,30,18.59155,13.80282,0.2320178
F-,30,18.87324,13.80282,0.1980647
F-,30,19.15493,13.80282,0.1688066
F-,30,19.43662,13.80282,0.1442306
F-,30,19.71831,13.80282,0.1241319
F-,30,20.0,13.80282,0.1082337
F-,30,0.0,14.08451,0.0602902
F-,30,0.28169,14.08451,0.0730929
F-,30,0.56338,14.08451,0.0917001
F-,30,0.84507,14.08451,0.116563
F-,30,1.12676,14.08451,0.1479227
F-,30,1.40845,14.08451,0.1857153
F-,30,1.69014,14.08451,0.229458
F-,30,1.97183,14.08451,0.2781419
F-,30,2.25352,14.08451,0.3301669
F-,30,2.53521,14.08451,0.3833582
F-,30,2.8169,14.08451,0.4350871
F-,30,3.09859,14.08451,0.4825019
F-,30,3.38028,14.08451,0.522841
F-,30,3.66197,14.08451,0.5537753
F-,30,3.94366,14.08451,0.5737146
F-,30,4.22535,14.08451,0.582012
F-,30,4.50704,14.08451,0.5790228
F-,30,4.78873,14.08451,0.5660062
F-,30,5.07042,14.08451,0.5448949
F-,30,5.35211,14.08451,0.517981
F-,30,5.6338,14.08451,0.4875854
F-,30,5.91549,14.08451,0.4557701
F-,30,6.19718,14.08451,0.4241391
F-,30,6.47887,14.08451,0.3937479
F-,30,6.76056,14.08451,0.365118
F-,30,7.04225,14.08451,0.3383348
F-,30,7.32394,14.08451,0.3131944
F-,30,7.60563,14.08451,0.2893668
F-,30,7.88732,14.08451,0.2665434
F-,30,8.16901,14.08451,0.2445485
F-,30,8.4507,14.08451,0.2234043
F-,30,8.73239,14.08451,0.2033471
F-,30,9.01408,14.08451,0.1848
F-,30,9.29577,14.08451,0.1683147
F-,30,9.57746,14.08451,0.1544938
F-,30,9.85915,14.08451,0.1439093
F-,30,10.14085,14.08451,0.1370295
F-,30,10.42254,14.08451,0.1341654
F-,30,10.70423,14.08451,0.135443
F-,30,10.98592,14.08451,0.1408052
F-,30,11.26761,14.08451,0.1500408
F-,30,11.5493,14.08451,0.1628361
F-,30,11.83099,14.08451,0.1788375
F-,30,12.11268,14.08451,0.1977137
F-,30,12.39437,14.08451,0.2192029
F-,30,12.67606,14.08451,0.2431317
F-,30,12.95775,14.08451,0.2693954
F-,30,13.23944,14.08451,0.297897
F-,30,13.52113,14.08451,0.3284498
F-,30,13.80282,14.08451,0.3606591
F-,30,14.08451,14.08451,0.3938078
F-,30,14.3662,14.08451,0.4267773
F-,30,14.64789,14.08451,0.4580353
F-,30,14.92958,14.08451,0.4857114
F-,30,15.21127,14.08451,0.507767
F-,30,15.49296,14.08451,0.5222426
F-,30,15.77465,14.08451,0.5275416
F-,30,16.05634,14.08451,0.5226959
F-,30,16.33803,14.08451,0.5075542
F-,30,16.61972,14.08451,0.4828468
F-,30,16.90141,14.08451,0.4501066
F-,30,17.1831,14.08451,0.4114622
F-,30,17.46479,14.08451,0.3693444
F-,30,17.74648,14.08451,0.3261726
F-,30,18.02817,14.08451,0.2840818
F-,30,18.30986,14.08451,0.2447407
F-,30,18.59155,14.08451,0.2092804
F-,30,18.87324,14.08451,0.1783254
F-,30,19.15493,14.08451,0.1520965
F-,30,19.43662,14.08451,0.1305425
F-,30,19.71831,14.08451,0.1134634
F-,30,20.0,14.08451,0.1005971
F-,30,0.0,14.3662,0.0555863
F-,30,0.28169,14.3662,0.0675263
F-,30,0.56338,14.3662,0.0844806
F-,30,0.84507,14.3662,0.1067361
F-,30,1.12676,14.3662,0.1344764
F-,30,1.40845,14.3662,0.1677229
F-,30,1.69014,14.3662,0.2062446
F-,30,1.97183,14.3662,0.249453
F-,30,2.25352,14.3662,0.2963114
F-,30,2.53521,14.3662,0.3452934
F-,30,2.8169,14.3662,0.3944216
F-,30,3.09859,14.3662,0.441401
F-,30,3.38028,14.3662,0.4838378
F-,30,3.66197,14.3662,0.519512
F-,30,3.94366,14.3662,0.5466504
F-,30,4.22535,14.3662,0.5641467
F-,30,4.50704,14.3662,0.5716801
F-,30,4.78873,14.3662,0.5697101
F-,30,5.07042,14.3662,0.5593525
F-,30,5.35211,14.3662,0.5421678
F-,30,5.6338,14.3662,0.5199093
F-,30,5.91549,14.3662,0.4942818
F-,30,6.19718,14.3662,0.4667551
F-,30,6.47887,14.3662,0.4384549
F-,30,6.76056,14.3662,0.4101389
F-,30,7.04225,14.3662,0.3822438
F-,30,7.32394,14.3662,0.3549803
F-,30,7.60563,14.3662,0.3284487
F-,30,7.88732,14.3662,0.3027463
F-,30,8.16901,14.3662,0.2780504
F-,30,8.4507,14.3662,0.2546624
F-,30,8.73239,14.3662,0.2330136
F-,30,9.01408,14.3662,0.2136343
F-,30,9.29577,14.3662,0.1970994
F-,30,9.57746,14.3662,0.1839599
F-,30,9.85915,14.3662,0.1746764
F-,30,10.14085,14.3662,0.1695634
F-,30,10.42254,14.3662,0.1687551
F-,30,10.70423,14.3662,0.1721979
F-,30,10.98592,14.3662,0.1796691
F-,30,11.26761,14.3662,0.1908186
F-,30,11.5493,14.3662,0.2052269
F-,30,11.83099,14.3662,0.222467
F-,30,12.11268,14.3662,0.2421586
F-,30,12.39437,14.3662,0.2640013
F-,30,12.67606,14.3662,0.2877768
F-,30,12.95775,14.3662,0.3133147
F-,30,13.23944,14.3662,0.3404223
F-,30,13.52113,14.3662,0.3687883
F-,30,13.80282,14.3662,0.3978801
F-,30,14.08451,14.3662,0.4268573
F-,30,14.3662,14.3662,0.4545311
F-,30,14.64789,14.3662,0.4793908
F-,30,14.92958,14.3662,0.4997114
F-,30,15.21127,14.3662,0.5137355
F-,30,15.49296,14.3662,0.5199072
F-,30,15.77465,14.3662,0.5171144
F-,30,16.05634,14.3662,0.5048911
F-,30,16.33803,14.3662,0.4835327
F-,30,16.61972,14.3662,0.4540943
F-,30,16.90141,14.3662,0.418268
F-,30,17.1831,14.3662,0.3781633
F-,30,17.46479,14.3662,0.3360368
F-,30,17.74648,14.3662,0.2940269
F-,30,18.02817,14.3662,0.2539446
F-,30,18.30986,14.3662,0.2171512
F-,30,18.59155,14.3662,0.1845315
F-,30,18.87324,14.3662,0.1565464
F-,30,19.15493,14.3662,0.133332
F-,30,19.43662,14.3662,0.1148111
F-,30,19.71831,14.3662,0.1007853
F-,30,20.0,14.3662,0.0909918
F-,30,0.0,14.64789,0.0550727
F-,30,0.28169,14.64789,0.0659368
F-,30,0.56338,14.64789,0.0809292
F-,30,0.84507,14.64789,0.1001911
F-,30,1.12676,14.64789,0.12386
F-,30,1.40845,14.64789,0.1520424
F-,30,1.69014,14.64789,0.1847455
F-,30,1.97183,14.64789,0.2217776
F-,30,2.25352,14.64789,0.2626382
F-,30,2.53521,14.64789,0.3064319
F-,30,2.8169,14.64789,0.351835
F-,30,3.09859,14.64789,0.3971409
F-,30,3.38028,14.64789,0.4403885
F-,30,3.66197,14.64789,0.4795586
F-,30,3.94366,14.64789,0.5128029
F-,30,4.22535,14.64789,0.5386611
F-,30,4.50704,14.64789,0.5562211
F-,30,4.78873,14.64789,0.5651922
F-,30,5.07042,14.64789,0.5658802
F-,30,5.35211,14.64789,0.5590785
F-,30,5.6338,14.64789,0.5459042
F-,30,5.91549,14.64789,0.5276184
F-,30,6.19718,14.64789,0.5054661
F-,30,6.47887,14.64789,0.4805642
F-,30,6.76056,14.64789,0.4538463
F-,30,7.04225,14.64789,0.4260632
F-,30,7.32394,14.64789,0.3978244
F-,30,7.60563,14.64789,0.3696593
F-,30,7.88732,14.64789,0.3420797
F-,30,8.16901,14.64789,0.315625
F-,30,8.4507,14.64789,0.2908821
F-,30,8.73239,14.64789,0.2684764
F-,30,9.01408,14.64789,0.2490379
F-,30,9.29577,14.64789,0.2331516
F-,30,9.57746,14.64789,0.2213015
F-,30,9.85915,14.64789,0.213821
F-,30,10.14085,14.64789,0.2108581
F-,30,10.42254,14.64789,0.2123631
F-,30,10.70423,14.64789,0.2180999
F-,30,10.98592,14.64789,0.2276818
F-,30,11.26761,14.64789,0.2406236
F-,30,11.5493,14.64789,0.2564029
F-,30,11.83099,14.64789,0.2745193
F-,30,12.11268,14.64789,0.2945385
F-,30,12.39437,14.64789,0.3161127
F-,30,12.67606,14.64789,0.3389685
F-,30,12.95775,14.64789,0.3628622
F-,30,13.23944,14.64789,0.387507
F-,30,13.52113,14.64789,0.4124851
F-,30,13.80282,14.64789,0.4371646
F-,30,14.08451,14.64789,0.4606435
F-,30,14.3662,14.64789,0.4817424
F-,30,14.64789,14.64789,0.4990627
F-,30,14.92958,14.64789,0.5111111
F-,30,15.21127,14.64789,0.5164795
F-,30,15.49296,14.64789,0.5140507
F-,30,15.77465,14.64789,0.5031915
F-,30,16.05634,14.64789,0.4838909
F-,30,16.33803,14.64789,0.4568101
F-,30,16.61972,14.64789,0.4232304
F-,30,16.90141,14.64789,0.3849038
F-,30,17.1831,14.64789,0.34384
F-,30,17.46479,14.64789,0.3020696
F-,30,17.74648,14.64789,0.261433
F-,30,18.02817,14.64789,0.2234295
F-,30,18.30986,14.64789,0.1891466
F-,30,18.59155,14.64789,0.1592641
F-,30,18.87324,14.64789,0.1341164
F-,30,19.15493,14.64789,0.1137804
F-,30,19.43662,14.64789,0.098162
F-,30,19.71831,14.64789,0.0870593
F-,30,20.0,14.64789,0.0801941
F-,30,0.0,14.92958,0.0587548
F-,30,0.28169,14.92958,0.0684285
F-,30,0.56338,14.92958,0.0812766
F-,30,0.84507,14.92958,0.09732
F-,30,1.12676,14.92958,0.1166656
F-,30,1.40845,14.92958,0.1395043
F-,30,1.69014,14.92958,0.1660617
F-,30,1.97183,14.92958,0.1965054
F-,30,2.25352,14.92958,0.2308238
F-,30,2.53521,14.92958,0.2687058
F-,30,2.8169,14.92958,0.3094504
F-,30,3.09859,14.92958,0.3519371
F-,30,3.38028,14.92958,0.3946723
F-,30,3.66197,14.92958,0.4359106
F-,30,3.94366,14.92958,0.4738328
F-,30,4.22535,14.92958,0.5067446
F-,30,4.50704,14.92958,0.5332606
F-,30,4.78873,14.92958,0.5524356
F-,30,5.07042,14.92958,0.5638263
F-,30,5.35211,14.92958,0.5674777
F-,30,5.6338,14.92958,0.5638489
F-,30,5.91549,14.92958,0.5537022
F-,30,6.19718,14.92958,0.537984
F-,30,6.47887,14.92958,0.5177206
F-,30,6.76056,14.92958,0.493945
F-,30,7.04225,14.92958,0.467658
F-,30,7.32394,14.92958,0.4398179
F-,30,7.60563,14.92958,0.4113488
F-,30,7.88732,14.92958,0.3831526
F-,30,8.16901,14.92958,0.3561142
F-,30,8.4507,14.92958,0.3310923
F-,30,8.73239,14.92958,0.3088939
F-,30,9.01408,14.92958,0.2902362
F-,30,9.29577,14.92958,0.2757019
F-,30,9.57746,14.92958,0.2656972
F-,30,9.85915,14.92958,0.2604212
F-,30,10.14085,14.92958,0.2598528
F-,30,10.42254,14.92958,0.2637598
F-,30,10.70423,14.92958,0.2717303
F-,30,10.98592,14.92958,0.2832224
F-,30,11.26761,14.92958,0.2976249
F-,30,11.5493,14.92958,0.3143204
F-,30,11.83099,14.92958,0.3327392
F-,30,12.11268,14.92958,0.3523942
F-,30,12.39437,14.92958,0.3728891
F-,30,12.67606,14.92958,0.3938963
F-,30,12.95775,14.92958,0.4151063
F-,30,13.23944,14.92958,0.4361582
F-,30,13.52113,14.92958,0.4565645
F-,30,13.80282,14.92958,0.4756499
F-,30,14.08451,14.92958,0.4925225
F-,30,14.3662,14.92958,0.5060946
F-,30,14.64789,14.92958,0.5151598
F-,30,14.92958,14.92958,0.5185213
F-,30,15.21127,14.92958,0.5151562
F-,30,15.49296,14.92958,0.5043837
F-,30,15.77465,14.92958,0.4860058
F-,30,16.05634,14.92958,0.4603869
F-,30,16.33803,14.92958,0.4284518
F-,30,16.61972,14.92958,0.3915993
F-,30,16.90141,14.92958,0.3515466
F-,30,17.1831,14.92958,0.310135
F-,30,17.46479,14.92958,0.269136
F-,30,17.74648,14.92958,0.230093
F-,30,18.02817,14.92958,0.1942219
F-,30,18.30986,14.92958,0.1623786
F-,30,18.59155,14.92958,0.1350828
F-,30,18.87324,14.92958,0.1125786
F-,30,19.15493,14.92958,0.0949046
F-,30,19.43662,14.92958,0.0819553
F-,30,19.71831,14.92958,0.0735181
F-,30,20.0,14.92958,0.0692854
F-,30,0.0,15.21127,0.0661094
F-,30,0.28169,15.21127,0.0745819
F-,30,0.56338,15.21127,0.0852424
F-,30,0.84507,15.21127,0.0980222
F-,30,1.12676,15.21127,0.1130161
F-,30,1.40845,15.21127,0.1304985
F-,30,1.69014,15.21127,0.1508891
F-,30,1.97183,15.21127,0.1746668
F-,30,2.25352,15.21127,0.2022436
F-,30,2.53521,15.21127,0.2338212
F-,30,2.8169,15.21127,0.2692589
F-,30,3.09859,15.21127,0.3079852
F-,30,3.38028,15.21127,0.3489748
F-,30,3.66197,15.21127,0.3908027
F-,30,3.94366,15.21127,0.4317673
F-,30,4.22535,15.21127,0.470063
F-,30,4.50704,15.21127,0.5039681
F-,30,4.78873,15.21127,0.5320162
F-,30,5.07042,15.21127,0.5531245
F-,30,5.35211,15.21127,0.5666624
F-,30,5.6338,15.21127,0.5724602
F-,30,5.91549,15.21127,0.5707692
F-,30,6.19718,15.21127,0.5621898
F-,30,6.47887,15.21127,0.5475877
F-,30,6.76056,15.21127,0.5280132
F-,30,7.04225,15.21127,0.504633
F-,30,7.32394,15.21127,0.4786768
F-,30,7.60563,15.21127,0.4513952
F-,30,7.88732,15.21127,0.4240239
F-,30,8.16901,15.21127,0.3977471
F-,30,8.4507,15.21127,0.3736586
F-,30,8.73239,15.21127,0.3527187
F-,30,9.01408,15.21127,0.3357101
F-,30,9.29577,15.21127,0.3231988
F-,30,9.57746,15.21127,0.3155057
F-,30,9.85915,15.21127,0.312695
F-,30,10.14085,15.21127,0.3145827
F-,30,10.42254,15.21127,0.3207664
F-,30,10.70423,15.21127,0.3306744
F-,30,10.98592,15.21127,0.3436278
F-,30,11.26761,15.21127,0.3589075
F-,30,11.5493,15.21127,0.3758172
F-,30,11.83099,15.21127,0.3937317
F-,30,12.11268,15.21127,0.4121227
F-,30,12.39437,15.21127,0.4305576
F-,30,12.67606,15.21127,0.4486708
F-,30,12.95775,15.21127,0.4661122
F-,30,13.23944,15.21127,0.482484
F-,30,13.52113,15.21127,0.4972806
F-,30,13.80282,15.21127,0.5098478
F-,30,14.08451,15.21127,0.5193768
F-,30,14.3662,15.21127,0.5249427
F-,30,14.64789,15.21127,0.525589
F-,30,14.92958,15.21127,0.5204483
F-,30,15.21127,15.21127,0.5088802
F-,30,15.49296,15.21127,0.4905991
F-,30,15.77465,15.21127,0.4657645
F-,30,16.05634,15.21127,0.4350127
F-,30,16.33803,15.21127,0.3994188
F-,30,16.61972,15.21127,0.3603939
F-,30,16.90141,15.21127,0.3195381
F-,30,17.1831,15.21127,0.2784763
F-,30,17.46479,15.21127,0.238709
F-,30,17.74648,15.21127,0.2015018
F-,30,18.02817,15.21127,0.1678273
F-,30,18.30986,15.21127,0.1383581
F-,30,18.59155,15.21127,0.1134976
F-,30,18.87324,15.21127,0.0934301
F-,30,19.15493,15.21127,0.0781716
F-,30,19.43662,15.21127,0.0676051
F-,30,19.71831,15.21127,0.0614978
F-,30,20.0,15.21127,0.0594994
F-,30,0.0,15.49296,0.0761478
F-,30,0.28169,15.49296,0.0834982
F-,30,0.56338,15.49296,0.0920585
F-,30,0.84507,15.49296,0.1017045
F-,30,1.12676,15.49296,0.1125391
F-,30,1.40845,15.49296,0.1249194
F-,30,1.69014,15.49296,0.1394317
F-,30,1.97183,15.49296,0.1568112
F-,30,2.25352,15.49296,0.1778156
F-,30,2.53521,15.49296,0.2030684
F-,30,2.8169,15.49296,0.2329008
F-,30,3.09859,15.49296,0.2672211
F-,30,3.38028,15.49296,0.3054395
F-,30,3.66197,15.49296,0.3464651
F-,30,3.94366,15.49296,0.38878
F-,30,4.22535,15.49296,0.4305775
F-,30,4.50704,15.49296,0.4699424
F-,30,4.78873,15.49296,0.5050426
F-,30,5.07042,15.49296,0.5343025
F-,30,5.35211,15.49296,0.5565354
F-,30,5.6338,15.49296,0.5710228
F-,30,5.91549,15.49296,0.5775386
F-,30,6.19718,15.49296,0.5763267
F-,30,6.47887,15.49296,0.5680437
F-,30,6.76056,15.49296,0.5536819
F-,30,7.04225,15.49296,0.534483
F-,30,7.32394,15.49296,0.5118514
F-,30,7.60563,15.49296,0.4872703
F-,30,7.88732,15.49296,0.4622232
F-,30,8.16901,15.49296,0.43812
F-,30,8.4507,15.49296,0.416229
F-,30,8.73239,15.49296,0.3976167
F-,30,9.01408,15.49296,0.3830986
F-,30,9.29577,15.49296,0.3732047
F-,30,9.57746,15.49296,0.3681636
F-,30,9.85915,15.49296,0.3679093
F-,30,10.14085,15.49296,0.3721088
F-,30,10.42254,15.49296,0.3802115
F-,30,10.70423,15.49296,0.3915123
F-,30,10.98592,15.49296,0.4052244
F-,30,11.26761,15.49296,0.4205503
F-,30,11.5493,15.49296,0.4367427
F-,30,11.83099,15.49296,0.4531471
F-,30,12.11268,15.49296,0.4692199
F-,30,12.39437,15.49296,0.48452
F-,30,12.67606,15.49296,0.4986763
F-,30,12.95775,15.49296,0.5113383
F-,30,13.23944,15.49296,0.5221213
F-,30,13.52113,15.49296,0.5305599
F-,30,13.80282,15.49296,0.5360846
F-,30,14.08451,15.49296,0.5380303
F-,30,14.3662,15.49296,0.5356837
F-,30,14.64789,15.49296,0.5283648
F-,30,14.92958,15.49296,0.5155304
F-,30,15.21127,15.49296,0.4968818
F-,30,15.49296,15.49296,0.4724528
F-,30,15.77465,15.49296,0.4426589
F-,30,16.05634,15.49296,0.4082938
F-,30,16.33803,15.49296,0.3704716
F-,30,16.61972,15.49296,0.3305246
F-,30,16.90141,15.49296,0.2898755
F-,30,17.1831,15.49296,0.2499089
F-,30,17.46479,15.49296,0.2118639
F-,30,17.74648,15.49296,0.1767634
F-,30,18.02817,15.49296,0.1453847
F-,30,18.30986,15.49296,0.118265
F-,30,18.59155,15.49296,0.0957296
F-,30,18.87324,15.49296,0.0779267
F-,30,19.15493,15.49296,0.0648564
F-,30,19.43662,15.49296,0.0563853
F-,30,19.71831,15.49296,0.0522479
F-,30,20.0,15.49296,0.0520405
F-,30,0.0,15.77465,0.087547
F-,30,0.28169,15.77465,0.0939144
F-,30,0.56338,15.77465,0.1005651
F-,30,0.84507,15.77465,0.1073549
F-,30,1.12676,15.77465,0.1144157
F-,30,1.40845,15.77465,0.1221862
F-,30,1.69014,15.77465,0.1313899
F-,30,1.97183,15.77465,0.1429601
F-,30,2.25352,15.77465,0.1579148
F-,30,2.53521,15.77465,0.1771964
F-,30,2.8169,15.77465,0.2015006
F-,30,3.09859,15.77465,0.2311216
F-,30,3.38028,15.77465,0.2658413
F-,30,3.66197,15.77465,0.3048852
F-,30,3.94366,15.77465,0.3469542
F-,30,4.22535,15.77465,0.3903295
F-,30,4.50704,15.77465,0.4330357
F-,30,4.78873,15.77465,0.4730356
F-,30,5.07042,15.77465,0.5084286
F-,30,5.35211,15.77465,0.5376257
F-,30,5.6338,15.77465,0.5594806
F-,30,5.91549,15.77465,0.5733677
F-,30,6.19718,15.77465,0.5792028
F-,30,6.47887,15.77465,0.5774158
F-,30,6.76056,15.77465,0.5688839
F-,30,7.04225,15.77465,0.554838
F-,30,7.32394,15.77465,0.536754
F-,30,7.60563,15.77465,0.5162383
F-,30,7.88732,15.77465,0.4949163
F-,30,8.16901,15.77465,0.4743269
F-,30,8.4507,15.77465,0.4558316
F-,30,8.73239,15.77465,0.44054
F-,30,9.01408,15.77465,0.4292553
F-,30,9.29577,15.77465,0.4224456
F-,30,9.57746,15.77465,0.4202393
F-,30,9.85915,15.77465,0.4224476
F-,30,10.14085,15.77465,0.4286094
F-,30,10.42254,15.77465,0.4380557
F-,30,10.70423,15.77465,0.4499854
F-,30,10.98592,15.77465,0.4635442
F-,30,11.26761,15.77465,0.4778972
F-,30,11.5493,15.77465,0.492287
F-,30,11.83099,15.77465,0.50607
F-,30,12.11268,15.77465,0.5187273
F-,30,12.39437,15.77465,0.5298511
F-,30,12.67606,15.77465,0.5391099
F-,30,12.95775,15.77465,0.5462026
F-,30,13.23944,15.77465,0.5508112
F-,30,13.52113,15.77465,0.5525657
F-,30,13.80282,15.77465,0.5510316
F-,30,14.08451,15.77465,0.5457263
F-,30,14.3662,15.77465,0.5361665
F-,30,14.64789,15.77465,0.521939
F-,30,14.92958,15.77465,0.5027834
F-,30,15.21127,15.77465,0.4786696
F-,30,15.49296,15.77465,0.4498523
F-,30,15.77465,15.77465,0.4168907
F-,30,16.05634,15.77465,0.3806243
F-,30,16.33803,15.77465,0.3421112
F-,30,16.61972,15.77465,0.302537
F-,30,16.90141,15.77465,0.263114
F-,30,17.1831,15.77465,0.2249876
F-,30,17.46479,15.77465,0.1891642
F-,30,17.74648,15.77465,0.1564696
F-,30,18.02817,15.77465,0.1275352
F-,30,18.30986,15.77465,0.1028064
F-,30,18.59155,15.77465,0.0825596
F-,30,18.87324,15.77465,0.0669201
F-,30,19.15493,15.77465,0.0558705
F-,30,19.43662,15.77465,0.0492504
F-,30,19.71831,15.77465,0.046749
F-,30,20.0,15.77465,0.0478992
F-,30,0.0,16.05634,0.0988284
F-,30,0.28169,16.05634,0.1043721
F-,30,0.56338,16.05634,0.1093664
F-,30,0.84507,16.05634,0.1136817
F-,30,1.12676,16.05634,0.1174992
F-,30,1.40845,16.05634,0.1213366
F-,30,1.69014,16.05634,0.1260257
F-,30,1.97183,16.05634,0.1326391
F-,30,2.25352,16.05634,0.1423682
F-,30,2.53521,16.05634,0.1563669
F-,30,2.8169,16.05634,0.1755784
F-,30,3.09859,16.05634,0.2005721
F-,30,3.38028,16.05634,0.2314155
F-,30,3.66197,16.05634,0.2676036
F-,30,3.94366,16.05634,0.3080607
F-,30,4.22535,16.05634,0.3512162
F-,30,4.50704,16.05634,0.3951458
F-,30,4.78873,16.05634,0.4377574
F-,30,5.07042,16.05634,0.4769958
F-,30,5.35211,16.05634,0.5110395
F-,30,5.6338,16.05634,0.5384638
F-,30,5.91549,16.05634,0.5583549
F-,30,6.19718,16.05634,0.5703661
F-,30,6.47887,16.05634,0.5747158
F-,30,6.76056,16.05634,0.5721348
F-,30,7.04225,16.05634,0.5637735
F-,30,7.32394,16.05634,0.551083
F-,30,7.60563,16.05634,0.5356815
F-,30,7.88732,16.05634,0.5192209
F-,30,8.16901,16.05634,0.5032608
F-,30,8.4507,16.05634,0.4891611
F-,30,8.73239,16.05634,0.4779982
F-,30,9.01408,16.05634,0.4705097
F-,30,9.29577,16.05634,0.4670702
F-,30,9.57746,16.05634,0.4676983
F-,30,9.85915,16.05634,0.4720916
F-,30,10.14085,16.05634,0.4796862
F-,30,10.42254,16.05634,0.4897325
F-,30,10.70423,16.05634,0.5013787
F-,30,10.98592,16.05634,0.513753
F-,30,11.26761,16.05634,0.5260355
F-,30,11.5493,16.05634,0.5375104
F-,30,11.83099,16.05634,0.5475963
F-,30,12.11268,16.05634,0.5558494
F-,30,12.39437,16.05634,0.5619455
F-,30,12.67606,16.05634,0.5656433
F-,30,12.95775,16.05634,0.566741
F-,30,13.23944,16.05634,0.5650348
F-,30,13.52113,16.05634,0.5602908
F-,30,13.80282,16.05634,0.5522378
F-,30,14.08451,16.05634,0.5405855
F-,30,14.3662,16.05634,0.5250657
F-,30,14.64789,16.05634,0.505489
F-,30,14.92958,16.05634,0.4818072
F-,30,15.21127,16.05634,0.4541651
F-,30,15.49296,16.05634,0.4229321
F-,30,15.77465,16.05634,0.3887035
F-,30,16.05634,16.05634,0.3522708
F-,30,16.33803,16.05634,0.3145661
F-,30,16.61972,16.05634,0.2765905
F-,30,16.90141,16.05634,0.2393412
F-,30,17.1831,16.05634,0.2037475
F-,30,17.46479,16.05634,0.1706259
F-,30,17.74648,16.05634,0.1406546
F-,30,18.02817,16.05634,0.1143653
F-,30,18.30986,16.05634,0.0921449
F-,30,18.59155,16.05634,0.0742391
F-,30,18.87324,16.05634,0.0607521
F-,30,19.15493,16.05634,0.0516399
F-,30,19.43662,16.05634,0.0467003
F-,30,19.71831,16.05634,0.045564
F-,30,20.0,16.05634,0.0476949
F-,30,0.0,16.33803,0.1085589
F-,30,0.28169,16.33803,0.1134161
F-,30,0.56338,16.33803,0.1170224
F-,30,0.84507,16.33803,0.1192958
F-,30,1.12676,16.33803,0.1204838
F-,30,1.40845,16.33803,0.1211798
F-,30,1.69014,16.33803,0.1222951
F-,30,1.97183,16.33803,0.1249849
F-,30,2.25352,16.33803,0.1305313
F-,30,2.53521,16.33803,0.1401944
F-,30,2.8169,16.33803,0.1550479
F-,30,3.09859,16.33803,0.17582
F-,30,3.38028,16.33803,0.2027637
F-,30,3.66197,16.33803,0.2355759
F-,30,3.94366,16.33803,0.2733817
F-,30,4.22535,16.33803,0.3147884
F-,30,4.50704,16.33803,0.3580046
F-,30,4.78873,16.33803,0.4010095
F-,30,5.07042,16.33803,0.4417502
F-,30,5.35211,16.33803,0.4783398
F-,30,5.6338,16.33803,0.5092338
F-,30,5.91549,16.33803,0.5333626
F-,30,6.19718,16.33803,0.5502085
F-,30,6.47887,16.33803,0.5598232
F-,30,6.76056,16.33803,0.5627883
F-,30,7.04225,16.33803,0.5601283
F-,30,7.32394,16.33803,0.55319
F-,30,7.60563,16.33803,0.5435026
F-,30,7.88732,16.33803,0.5326339
F-,30,8.16901,16.33803,0.5220552
F-,30,8.4507,16.33803,0.513027
F-,30,8.73239,16.33803,0.5065128
F-,30,9.01408,16.33803,0.503127
F-,30,9.29577,16.33803,0.5031172
F-,30,9.57746,16.33803,0.5063819
F-,30,9.85915,16.33803,0.5125166
F-,30,10.14085,16.33803,0.5208832
F-,30,10.42254,16.33803,0.5306937
F-,30,10.70423,16.33803,0.5410971
F-,30,10.98592,16.33803,0.5512608
F-,30,11.26761,16.33803,0.5604382
F-,30,11.5493,16.33803,0.5680136
F-,30,11.83099,16.33803,0.5735236
F-,30,12.11268,16.33803,0.5766537
F-,30,12.39437,16.33803,0.5772134
F-,30,12.67606,16.33803,0.5750978
F-,30,12.95775,16.33803,0.5702446
F-,30,13.23944,16.33803,0.5625953
F-,30,13.52113,16.33803,0.5520704
F-,30,13.80282,16.33803,0.538563
F-,30,14.08451,16.33803,0.5219543
F-,30,14.3662,16.33803,0.5021465
F-,30,14.64789,16.33803,0.4791064
F-,30,14.92958,16.33803,0.4529104
F-,30,15.21127,16.33803,0.4237802
F-,30,15.49296,16.33803,0.3921005
F-,30,15.77465,16.33803,0.3584149
F-,30,16.05634,16.33803,0.3234002
F-,30,16.33803,16.33803,0.287825
F-,30,16.61972,16.33803,0.2524989
F-,30,16.90141,16.33803,0.2182243
F-,30,17.1831,16.33803,0.1857549
F-,30,17.46479,16.33803,0.1557659
F-,30,17.74648,16.33803,0.1288352
F-,30,18.02817,16.33803,0.1054318
F-,30,18.30986,16.33803,0.0859058
F-,30,18.59155,16.33803,0.0704772
F-,30,18.87324,16.33803,0.0592209
F-,30,19.15493,16.33803,0.052051
F-,30,19.43662,16.33803,0.0487066
F-,30,19.71831,16.33803,0.0487486
F-,30,20.0,16.33803,0.0515694
F-,30,0.0,16.61972,0.1155447
F-,30,0.28169,16.61972,0.1197928
F-,30,0.56338,16.61972,0.1222503
F-,30,0.84507,16.61972,0.1229106
F-,30,1.12676,16.61972,0.122101
F-,30,1.40845,16.61972,0.120485
F-,30,1.69014,16.61972,0.1190256
F-,30,1.97183,16.61972,0.1189086
F-,30,2.25352,16.61972,0.1214309
F-,30,2.53521,16.61972,0.1278631
F-,30,2.8169,16.61972,0.1393
F-,30,3.09859,16.61972,0.1565167
F-,30,3.38028,16.61972,0.1798491
F-,30,3.66197,16.61972,0.2091176
F-,30,3.94366,16.61972,0.2436053
F-,30,4.22535,16.61972,0.2820997
F-,30,4.50704,16.61972,0.3229924
F-,30,4.78873,16.61972,0.3644287
F-,30,5.07042,16.61972,0.4044865
F-,30,5.35211,16.61972,0.4413624
F-,30,5.6338,16.61972,0.4735424
F-,30,5.91549,16.61972,0.4999356
F-,30,6.19718,16.61972,0.5199588
F-,30,6.47887,16.61972,0.5335622
F-,30,6.76056,16.61972,0.5411999
F-,30,7.04225,16.61972,0.5437507
F-,30,7.32394,16.61972,0.5424022
F-,30,7.60563,16.61972,0.5385145
F-,30,7.88732,16.61972,0.5334769
F-,30,8.16901,16.61972,0.5285758
F-,30,8.4507,16.61972,0.5248828
F-,30,8.73239,16.61972,0.5231749
F-,30,9.01408,16.61972,0.5238893
F-,30,9.29577,16.61972,0.5271167
F-,30,9.57746,16.61972,0.5326278
F-,30,9.85915,16.61972,0.5399295
F-,30,10.14085,16.61972,0.548341
F-,30,10.42254,16.61972,0.5570802
F-,30,10.70423,16.61972,0.5653503
F-,30,10.98592,16.61972,0.5724159
F-,30,11.26761,16.61972,0.5776626
F-,30,11.5493,16.61972,0.5806317
F-,30,11.83099,16.61972,0.5810313
F-,30,12.11268,16.61972,0.5787232
F-,30,12.39437,16.61972,0.5736916
F-,30,12.67606,16.61972,0.5660001
F-,30,12.95775,16.61972,0.5557473
F-,30,13.23944,16.61972,0.5430282
F-,30,13.52113,16.61972,0.5279093
F-,30,13.80282,16.61972,0.5104215
F-,30,14.08451,16.61972,0.4905713
F-,30,14.3662,16.61972,0.4683659
F-,30,14.64789,16.61972,0.4438482
F-,30,14.92958,16.61972,0.4171307
F-,30,15.21127,16.61972,0.3884237
F-,30,15.49296,16.61972,0.3580493
F-,30,15.77465,16.61972,0.326441
F-,30,16.05634,16.61972,0.2941283
F-,30,16.33803,16.61972,0.2617106
F-,30,16.61972,16.61972,0.2298269
F-,30,16.90141,16.61972,0.199124
F-,30,17.1831,16.61972,0.1702286
F-,30,17.46479,16.61972,0.1437232
F-,30,17.74648,16.61972,0.1201247
F-,30,18.02817,16.61972,0.0998635
F-,30,18.30986,16.61972,0.0832609
F-,30,18.59155,16.61972,0.0705046
F-,30,18.87324,16.61972,0.0616245
F-,30,19.15493,16.61972,0.0564728
F-,30,19.43662,16.61972,0.0547143
F-,30,19.71831,16.61972,0.0558313
F-,30,20.0,16.61972,0.059148
F-,30,0.0,16.90141,0.1189889
F-,30,0.28169,16.90141,0.1226208
F-,30,0.56338,16.90141,0.1241035
F-,30,0.84507,16.90141,0.1235285
F-,30,1.12676,16.90141,0.121311
F-,30,1.40845,16.90141,0.1181763
F-,30,1.69014,16.90141,0.1151121
F-,30,1.97183,16.90141,0.1132883
F-,30,2.25352,16.90141,0.1139512
F-,30,2.53521,16.90141,0.1182996
F-,30,2.8169,16.90141,0.1273552
F-,30,3.09859,16.90141,0.1418407
F-,30,3.38028,16.90141,0.1620809
F-,30,3.66197,16.90141,0.1879403
F-,30,3.94366,16.90141,0.2188076
F-,30,4.22535,16.90141,0.2536318
F-,30,4.50704,16.90141,0.291009
F-,30,4.78873,16.90141,0.3293112
F-,30,5.07042,16.90141,0.3668411
F-,30,5.35211,16.90141,0.4019962
F-,30,5.6338,16.90141,0.4334192
F-,30,5.91549,16.90141,0.4601201
F-,30,6.19718,16.90141,0.481552
F-,30,6.47887,16.90141,0.4976374
F-,30,6.76056,16.90141,0.5087415
F-,30,7.04225,16.90141,0.5155998
F-,30,7.32394,16.90141,0.5192119
F-,30,7.60563,16.90141,0.5207143
F-,30,7.88732,16.90141,0.5212491
F-,30,8.16901,16.90141,0.521843
F-,30,8.4507,16.90141,0.5233086
F-,30,8.73239,16.90141,0.5261776
F-,30,9.01408,16.90141,0.5306691
F-,30,9.29577,16.90141,0.536695
F-,30,9.57746,16.90141,0.5438976
F-,30,9.85915,16.90141,0.5517126
F-,30,10.14085,16.90141,0.5594493
F-,30,10.42254,16.90141,0.5663755
F-,30,10.70423,16.90141,0.5717994
F-,30,10.98592,16.90141,0.5751361
F-,30,11.26761,16.90141,0.5759552
F-,30,11.5493,16.90141,0.5740028
F-,30,11.83099,16.90141,0.5691995
F-,30,12.11268,16.90141,0.5616159
F-,30,12.39437,16.90141,0.551433
F-,30,12.67606,16.90141,0.5388935
F-,30,12.95775,16.90141,0.5242541
F-,30,13.23944,16.90141,0.5077459
F-,30,13.52113,16.90141,0.4895486
F-,30,13.80282,16.90141,0.4697823
F-,30,14.08451,16.90141,0.4485156
F-,30,14.3662,16.90141,0.425788
F-,30,14.64789,16.90141,0.4016399
F-,30,14.92958,16.90141,0.3761448
F-,30,15.21127,16.90141,0.349436
F-,30,15.49296,16.90141,0.321726
F-,30,15.77465,16.90141,0.2933133
F-,30,16.05634,16.90141,0.2645805
F-,30,16.33803,16.90141,0.2359818
F-,30,16.61972,16.90141,0.2080255
F-,30,16.90141,16.90141,0.1812526
F-,30,17.1831,16.90141,0.1562122
F-,30,17.46479,16.90141,0.1334351
F-,30,17.74648,16.90141,0.113404
F-,30,18.02817,16.90141,0.0965213
F-,30,18.30986,16.90141,0.0830746
F-,30,18.59155,16.90141,0.0732036
F-,30,18.87324,16.90141,0.066872
F-,30,19.15493,16.90141,0.0638508
F-,30,19.43662,16.90141,0.0637167
F-,30,19.71831,16.90141,0.0658706
F-,30,20.0,16.90141,0.0695763
F-,30,0.0,17.1831,0.1185912
F-,30,0.28169,17.1831,0.121507
F-,30,0.56338,17.1831,0.1221042
F-,30,0.84507,17.1831,0.1205874
F-,30,1.12676,17.1831,0.1174624
F-,30,1.40845,17.1831,0.1135044
F-,30,1.69014,17.1831,0.1096997
F-,30,1.97183,17.1831,0.107162
F-,30,2.25352,17.1831,0.1070332
F-,30,2.53521,17.1831,0.1103746
F-,30,2.8169,17.1831,0.1180599
F-,30,3.09859,17.1831,0.1306801
F-,30,3.38028,17.1831,0.1484708
F-,30,3.66197,17.1831,0.1712714
F-,30,3.94366,17.1831,0.198523
F-,30,4.22535,17.1831,0.2293069
F-,30,4.50704,17.1831,0.2624229
F-,30,4.78873,17.1831,0.2964987
F-,30,5.07042,17.1831,0.3301201
F-,30,5.35211,17.1831,0.3619648
F-,30,5.6338,17.1831,0.3909257
F-,30,5.91549,17.1831,0.4162078
F-,30,6.19718,17.1831,0.4373875
F-,30,6.47887,17.1831,0.4544274
F-,30,6.76056,17.1831,0.4676482
F-,30,7.04225,17.1831,0.4776604
F-,30,7.32394,17.1831,0.4852684
F-,30,7.60563,17.1831,0.491358
F-,30,7.88732,17.1831,0.4967835
F-,30,8.16901,17.1831,0.5022658
F-,30,8.4507,17.1831,0.5083144
F-,30,8.73239,17.1831,0.51518
F-,30,9.01408,17.1831,0.5228413
F-,30,9.29577,17.1831,0.5310242
F-,30,9.57746,17.1831,0.5392512
F-,30,9.85915,17.1831,0.5469095
F-,30,10.14085,17.1831,0.553332
F-,30,10.42254,17.1831,0.5578775
F-,30,10.70423,17.1831,0.5600027
F-,30,10.98592,17.1831,0.559316
F-,30,11.26761,17.1831,0.5556094
F-,30,11.5493,17.1831,0.5488644
F-,30,11.83099,17.1831,0.5392355
F-,30,12.11268,17.1831,0.5270127
F-,30,12.39437,17.1831,0.5125719
F-,30,12.67606,17.1831,0.4963205
F-,30,12.95775,17.1831,0.4786462
F-,30,13.23944,17.1831,0.4598758
F-,30,13.52113,17.1831,0.4402507
F-,30,13.80282,17.1831,0.4199185
F-,30,14.08451,17.1831,0.3989433
F-,30,14.3662,17.1831,0.3773286
F-,30,14.64789,17.1831,0.3550496
F-,30,14.92958,17.1831,0.3320886
F-,30,15.21127,17.1831,0.3084676
F-,30,15.49296,17.1831,0.2842752
F-,30,15.77465,17.1831,0.2596838
F-,30,16.05634,17.1831,0.2349572
F-,30,16.33803,17.1831,0.2104477
F-,30,16.61972,17.1831,0.1865844
F-,30,16.90141,17.1831,0.163853
F-,30,17.1831,17.1831,0.142768
F-,30,17.46479,17.1831,0.1238371
F-,30,17.74648,17.1831,0.1075216
F-,30,18.02817,17.1831,0.0941931
F-,30,18.30986,17.1831,0.0840905
F-,30,18.59155,17.1831,0.077284
F-,30,18.87324,17.1831,0.0736493
F-,30,19.15493,17.1831,0.0728591
F-,30,19.43662,17.1831,0.0743943
F-,30,19.71831,17.1831,0.0775777
F-,30,20.0,17.1831,0.0816265
F-,30,0.0,17.46479,0.1145739
F-,30,0.28169,17.46479,0.1165928
F-,30,0.56338,17.46479,0.1163076
F-,30,0.84507,17.46479,0.1140442
F-,30,1.12676,17.46479,0.1103944
F-,30,1.40845,17.46479,0.1061683
F-,30,1.69014,17.46479,0.1023253
F-,30,1.97183,17.46479,0.099889
F-,30,2.25352,17.46479,0.0998549
F-,30,2.53521,17.46479,0.1030988
F-,30,2.8169,17.46479,0.1102935
F-,30,3.09859,17.46479,0.1218424
F-,30,3.38028,17.46479,0.1378358
F-,30,3.66197,17.46479,0.1580357
F-,30,3.94366,17.46479,0.1818916
F-,30,4.22535,17.46479,0.2085859
F-,30,4.50704,17.46479,0.2371076
F-,30,4.78873,17.46479,0.266346
F-,30,5.07042,17.46479,0.2951943
F-,30,5.35211,17.46479,0.322653
F-,30,5.6338,17.46479,0.34792
F-,30,5.91549,17.46479,0.3704565
F-,30,6.19718,17.46479,0.3900215
F-,30,6.47887,17.46479,0.4066703
F-,30,6.76056,17.46479,0.4207183
F-,30,7.04225,17.46479,0.432675
F-,30,7.32394,17.46479,0.4431581
F-,30,7.60563,17.46479,0.4527987
F-,30,7.88732,17.46479,0.4621501
F-,30,8.16901,17.46479,0.4716106
F-,30,8.4507,17.46479,0.4813718
F-,30,8.73239,17.46479,0.4913943
F-,30,9.01408,17.46479,0.5014158
F-,30,9.29577,17.46479,0.5109872
F-,30,9.57746,17.46479,0.5195306
F-,30,9.85915,17.46479,0.5264136
F-,30,10.14085,17.46479,0.5310258
F-,30,10.42254,17.46479,0.5328523
F-,30,10.70423,17.46479,0.5315313
F-,30,10.98592,17.46479,0.526892
F-,30,11.26761,17.46479,0.5189681
F-,30,11.5493,17.46479,0.5079859
F-,30,11.83099,17.46479,0.494331
F-,30,12.11268,17.46479,0.4784982
F-,30,12.39437,17.46479,0.4610318
F-,30,12.67606,17.46479,0.442466
F-,30,12.95775,17.46479,0.4232713
F-,30,13.23944,17.46479,0.4038147
F-,30,13.52113,17.46479,0.3843378
F-,30,13.80282,17.46479,0.3649538
F-,30,14.08451,17.46479,0.3456623
F-,30,14.3662,17.46479,0.3263793
F-,30,14.64789,17.46479,0.3069756
F-,30,14.92958,17.46479,0.2873203
F-,30,15.21127,17.46479,0.2673215
F-,30,15.49296,17.46479,0.2469608
F-,30,15.77465,17.46479,0.226319
F-,30,16.05634,17.46479,0.2055882
F-,30,16.33803,17.46479,0.1850723
F-,30,16.61972,17.46479,0.1651733
F-,30,16.90141,17.46479,0.1463659
F-,30,17.1831,17.46479,0.1291597
F-,30,17.46479,17.46479,0.1140546
F-,30,17.74648,17.46479,0.1014891
F-,30,18.02817,17.46479,0.0917902
F-,30,18.30986,17.46479,0.0851272
F-,30,18.59155,17.46479,0.0814776
F-,30,18.87324,17.46479,0.08061
F-,30,19.15493,17.46479,0.0820881
F-,30,19.43662,17.46479,0.0852966
F-,30,19.71831,17.46479,0.0894903
F-,30,20.0,17.46479,0.0938596
F-,30,0.0,17.74648,0.1076337
F-,30,0.28169,17.74648,0.1085231
F-,30,0.56338,17.74648,0.1072906
F-,30,0.84507,17.74648,0.1043827
F-,30,1.12676,17.74648,0.1004667
F-,30,1.40845,17.74648,0.0963686
F-,30,1.69014,17.74648,0.0929963
F-,30,1.97183,17.74648,0.0912551
F-,30,2.25352,17.74648,0.0919643
F-,30,2.53521,17.74648,0.0957834
F-,30,2.8169,17.74648,0.1031532
F-,30,3.09859,17.74648,0.114258
F-,30,3.38028,17.74648,0.1290117
F-,30,3.66197,17.74648,0.147068
F-,30,3.94366,17.74648,0.1678555
F-,30,4.22535,17.74648,0.1906331
F-,30,4.50704,17.74648,0.21456
F-,30,4.78873,17.74648,0.2387762
F-,30,5.07042,17.74648,0.2624821
F-,30,5.35211,17.74648,0.2850106
F-,30,5.6338,17.74648,0.305883
F-,30,5.91549,17.74648,0.3248422
F-,30,6.19718,17.74648,0.3418586
F-,30,6.47887,17.74648,0.3571089
F-,30,6.76056,17.74648,0.3709292
F-,30,7.04225,17.74648,0.3837494
F-,30,7.32394,17.74648,0.3960168
F-,30,7.60563,17.74648,0.4081196
F-,30,7.88732,17.74648,0.4203194
F-,30,8.16901,17.74648,0.432702
F-,30,8.4507,17.74648,0.4451528
F-,30,8.73239,17.74648,0.4573595
F-,30,9.01408,17.74648,0.468841
F-,30,9.29577,17.74648,0.4790003
F-,30,9.57746,17.74648,0.4871914
F-,30,9.85915,17.74648,0.4927946
F-,30,10.14085,17.74648,0.4952887
F-,30,10.42254,17.74648,0.4943119
F-,30,10.70423,17.74648,0.4897038
F-,30,10.98592,17.74648,0.4815247
F-,30,11.26761,17.74648,0.470048
F-,30,11.5493,17.74648,0.4557306
F-,30,11.83099,17.74648,0.4391628
F-,30,12.11268,17.74648,0.4210058
F-,30,12.39437,17.74648,0.4019241
F-,30,12.67606,17.74648,0.3825228
F-,30,12.95775,17.74648,0.3632946
F-,30,13.23944,17.74648,0.3445845
F-,30,13.52113,17.74648,0.3265749
F-,30,13.80282,17.74648,0.3092908
F-,30,14.08451,17.74648,0.2926252
F-,30,14.3662,17.74648,0.2763779
F-,30,14.64789,17.74648,0.2603044
F-,30,14.92958,17.74648,0.2441677
F-,30,15.21127,17.74648,0.2277868
F-,30,15.49296,17.74648,0.2110771
F-,30,15.77465,17.74648,0.1940783
F-,30,16.05634,17.74648,0.1769665
F-,30,16.33803,17.74648,0.16005
F-,30,16.61972,17.74648,0.1437486
F-,30,16.90141,17.74648,0.1285565
F-,30,17.1831,17.74648,0.1149952
F-,30,17.46479,17.74648,0.103556
F-,30,17.74648,17.74648,0.0946428
F-,30,18.02817,17.74648,0.0885171
F-,30,18.30986,17.74648,0.0852552
F-,30,18.59155,17.74648,0.084722
F-,30,18.87324,17.74648,0.0865663
F-,30,19.15493,17.74648,0.0902396
F-,30,19.43662,17.74648,0.0950392
F-,30,19.71831,17.74648,0.1001696
F-,30,20.0,17.74648,0.1048188
F-,30,0.0,18.02817,0.0988242
F-,30,0.28169,18.02817,0.0983438
F-,30,0.56338,18.02817,0.096065
F-,30,0.84507,18.02817,0.0925457
F-,30,1.12676,18.02817,0.0885118
F-,30,1.40845,18.02817,0.0847833
F-,30,1.69014,18.02817,0.0821932
F-,30,1.97183,18.02817,0.0815057
F-,30,2.25352,18.02817,0.0833449
F-,30,2.53521,18.02817,0.0881393
F-,30,2.8169,18.02817,0.0960868
F-,30,3.09859,18.02817,0.1071448
F-,30,3.38028,18.02817,0.1210432
F-,30,3.66197,18.02817,0.1373194
F-,30,3.94366,18.02817,0.1553705
F-,30,4.22535,18.02817,0.1745175
F-,30,4.50704,18.02817,0.1940736
F-,30,4.78873,18.02817,0.2134116
F-,30,5.07042,18.02817,0.2320211
F-,30,5.35211,18.02817,0.249552
F-,30,5.6338,18.02817,0.2658376
F-,30,5.91549,18.02817,0.2808955
F-,30,6.19718,18.02817,0.2949061
F-,30,6.47887,18.02817,0.308171
F-,30,6.76056,18.02817,0.3210551
F-,30,7.04225,18.02817,0.3339213
F-,30,7.32394,18.02817,0.3470631
F-,30,7.60563,18.02817,0.3606465
F-,30,7.88732,18.02817,0.3746665
F-,30,8.16901,18.02817,0.388926
F-,30,8.4507,18.02817,0.4030387
F-,30,8.73239,18.02817,0.4164574
F-,30,9.01408,18.02817,0.4285239
F-,30,9.29577,18.02817,0.4385348
F-,30,9.57746,18.02817,0.4458165
F-,30,9.85915,18.02817,0.449798
F-,30,10.14085,18.02817,0.4500753
F-,30,10.42254,18.02817,0.4464581
F-,30,10.70423,18.02817,0.4389932
F-,30,10.98592,18.02817,0.4279636
F-,30,11.26761,18.02817,0.4138609
F-,30,11.5493,18.02817,0.3973369
F-,30,11.83099,18.02817,0.3791395
F-,30,12.11268,18.02817,0.3600396
F-,30,12.39437,18.02817,0.3407594
F-,30,12.67606,18.02817,0.3219094
F-,30,12.95775,18.02817,0.3039405
F-,30,13.23944,18.02817,0.2871172
F-,30,13.52113,18.02817,0.2715133
F-,30,13.80282,18.02817,0.25703
F-,30,14.08451,18.02817,0.2434327
F-,30,14.3662,18.02817,0.2304023
F-,30,14.64789,18.02817,0.2175938
F-,30,14.92958,18.02817,0.2046956
F-,30,15.21127,18.02817,0.1914827
F-,30,15.49296,18.02817,0.1778576
F-,30,15.77465,18.02817,0.1638751
F-,30,16.05634,18.02817,0.1497486
F-,30,16.33803,18.02817,0.1358349
F-,30,16.61972,18.02817,0.1226022
F-,30,16.90141,18.02817,0.1105808
F-,30,17.1831,18.02817,0.1003037
F-,30,17.46479,18.02817,0.0922426
F-,30,17.74648,18.02817,0.0867458
F-,30,18.02817,18.02817,0.0839865
F-,30,18.30986,18.02817,0.0839273
F-,30,18.59155,18.02817,0.0863064
F-,30,18.87324,18.02817,0.0906485
F-,30,19.15493,18.02817,0.0963006
F-,30,19.43662,18.02817,0.1024889
F-,30,19.71831,18.02817,0.1083929
F-,30,20.0,18.02817,0.1132264
F-,30,0.0,18.30986,0.0893904
F-,30,0.28169,18.30986,0.0873437
F-,30,0.56338,18.30986,0.0839292
F-,30,0.84507,18.30986,0.0797998
F-,30,1.12676,18.30986,0.0757172
F-,30,1.40845,18.30986,0.0724712
F-,30,1.69014,18.30986,0.0707971
F-,30,1.97183,18.30986,0.0713016
F-,30,2.25352,18.30986,0.0744041
F-,30,2.53521,18.30986,0.0803011
F-,30,2.8169,18.30986,0.0889547
F-,30,3.09859,18.30986,0.1001073
F-,30,3.38028,18.30986,0.1133194
F-,30,3.66197,18.30986,0.1280241
F-,30,3.94366,18.30986,0.1435944
F-,30,4.22535,18.30986,0.1594126
F-,30,4.50704,18.30986,0.1749357
F-,30,4.78873,18.30986,0.18975
F-,30,5.07042,18.30986,0.2036079
F-,30,5.35211,18.30986,0.2164442
F-,30,5.6338,18.30986,0.2283706
F-,30,5.91549,18.30986,0.2396477
F-,30,6.19718,18.30986,0.2506389
F-,30,6.47887,18.30986,0.2617513
F-,30,6.76056,18.30986,0.2733693
F-,30,7.04225,18.30986,0.2857892
F-,30,7.32394,18.30986,0.2991632
F-,30,7.60563,18.30986,0.3134585
F-,30,7.88732,18.30986,0.3284374
F-,30,8.16901,18.30986,0.3436623
F-,30,8.4507,18.30986,0.3585245
F-,30,8.73239,18.30986,0.3722951
F-,30,9.01408,18.30986,0.3841925
F-,30,9.29577,18.30986,0.3934591
F-,30,9.57746,18.30986,0.3994382
F-,30,9.85915,18.30986,0.4016433
F-,30,10.14085,18.30986,0.3998106
F-,30,10.42254,18.30986,0.3939291
F-,30,10.70423,18.30986,0.3842452
F-,30,10.98592,18.30986,0.3712405
F-,30,11.26761,18.30986,0.3555858
F-,30,11.5493,18.30986,0.3380765
F-,30,11.83099,18.30986,0.3195562
F-,30,12.11268,18.30986,0.3008387
F-,30,12.39437,18.30986,0.2826352
F-,30,12.67606,18.30986,0.2654961
F-,30,12.95775,18.30986,0.2497723
F-,30,13.23944,18.30986,0.235601
F-,30,13.52113,18.30986,0.2229152
F-,30,13.80282,18.30986,0.2114766
F-,30,14.08451,18.30986,0.2009259
F-,30,14.3662,18.30986,0.1908449
F-,30,14.64789,18.30986,0.1808238
F-,30,14.92958,18.30986,0.1705236
F-,30,15.21127,18.30986,0.1597294
F-,30,15.49296,18.30986,0.1483869
F-,30,15.77465,18.30986,0.1366181
F-,30,16.05634,18.30986,0.1247156
F-,30,16.33803,18.30986,0.1131146
F-,30,16.61972,18.30986,0.1023462
F-,30,16.90141,18.30986,0.0929762
F-,30,17.1831,18.30986,0.0855375
F-,30,17.46479,18.30986,0.0804609
F-,30,17.74648,18.30986,0.0780159
F-,30,18.02817,18.30986,0.0782657
F-,30,18.30986,18.30986,0.0810441
F-,30,18.59155,18.30986,0.0859576
F-,30,18.87324,18.30986,0.0924131
F-,30,19.15493,18.30986,0.0996696
F-,30,19.43662,18.30986,0.106908
F-,30,19.71831,18.30986,0.113313
F-,30,20.0,18.30986,0.1181554
F-,30,0.0,18.59155,0.0805792
F-,30,0.28169,18.59155,0.0768642
F-,30,0.56338,18.59155,0.0722814
F-,30,0.84507,18.59155,0.0675546
F-,30,1.12676,18.59155,0.0634547
F-,30,1.40845,18.59155,0.060715
F-,30,1.69014,18.59155,0.059953
F-,30,1.97183,18.59155,0.0616058
F-,30,2.25352,18.59155,0.0658879
F-,30,2.53521,18.59155,0.0727746
F-,30,2.8169,18.59155,0.0820131
F-,30,3.09859,18.59155,0.0931593
F-,30,3.38028,18.59155,0.105635
F-,30,3.66197,18.59155,0.1187986
F-,30,3.94366,18.59155,0.132021
F-,30,4.22535,18.59155,0.144757
F-,30,4.50704,18.59155,0.1566053
F-,30,4.78873,18.59155,0.1673489
F-,30,5.07042,18.59155,0.1769727
F-,30,5.35211,18.59155,0.1856563
F-,30,5.6338,18.59155,0.1937426
F-,30,5.91549,18.59155,0.2016868
F-,30,6.19718,18.59155,0.2099909
F-,30,6.47887,18.59155,0.219131
F-,30,6.76056,18.59155,0.2294862
F-,30,7.04225,18.59155,0.2412774
F-,30,7.32394,18.59155,0.2545216
F-,30,7.60563,18.59155,0.2690093
F-,30,7.88732,18.59155,0.2843072
F-,30,8.16901,18.59155,0.2997855
F-,30,8.4507,18.59155,0.3146701
F-,30,8.73239,18.59155,0.3281114
F-,30,9.01408,18.59155,0.3392647
F-,30,9.29577,18.59155,0.3473728
F-,30,9.57746,18.59155,0.3518415
F-,30,9.85915,18.59155,0.3523006
F-,30,10.14085,18.59155,0.3486418
F-,30,10.42254,18.59155,0.3410317
F-,30,10.70423,18.59155,0.3298963
F-,30,10.98592,18.59155,0.3158795
F-,30,11.26761,18.59155,0.2997803
F-,30,11.5493,18.59155,0.2824761
F-,30,11.83099,18.59155,0.2648388
F-,30,12.11268,18.59155,0.2476557
F-,30,12.39437,18.59155,0.2315612
F-,30,12.67606,18.59155,0.216988
F-,30,12.95775,18.59155,0.2041417
F-,30,13.23944,18.59155,0.1930021
F-,30,13.52113,18.59155,0.1833491
F-,30,13.80282,18.59155,0.1748103
F-,30,14.08451,18.59155,0.166924
F-,30,14.3662,18.59155,0.1592104
F-,30,14.64789,18.59155,0.1512418
F-,30,14.92958,18.59155,0.1427059
F-,30,15.21127,18.59155,0.1334522
F-,30,15.49296,18.59155,0.1235183
F-,30,15.77465,18.59155,0.1131331
F-,30,16.05634,18.59155,0.1026953
F-,30,16.33803,18.59155,0.0927303
F-,30,16.61972,18.59155,0.0838298
F-,30,16.90141,18.59155,0.0765816
F-,30,17.1831,18.59155,0.0714959
F-,30,17.46479,18.59155,0.0689379
F-,30,17.74648,18.59155,0.0690753
F-,30,18.02817,18.59155,0.0718446
F-,30,18.30986,18.59155,0.0769445
F-,30,18.59155,18.59155,0.0838546
F-,30,18.87324,18.59155,0.0918804
F-,30,19.15493,18.59155,0.100219
F-,30,19.43662,18.59155,0.1080383
F-,30,19.71831,18.59155,0.1145619
F-,30,20.0,18.59155,0.1191493
F-,30,0.0,18.87324,0.0734554
F-,30,0.28169,18.87324,0.0681063
F-,30,0.56338,18.87324,0.0624203
F-,30,0.84507,18.87324,0.0571624
F-,30,1.12676,18.87324,0.0530821
F-,30,1.40845,18.87324,0.0508304
F-,30,1.69014,18.87324,0.0508889
F-,30,1.97183,18.87324,0.0535191
F-,30,2.25352,18.87324,0.0587371
F-,30,2.53521,18.87324,0.0663175
F-,30,2.8169,18.87324,0.0758244
F-,30,3.09859,18.87324,0.0866668
F-,30,3.38028,18.87324,0.0981709
F-,30,3.66197,18.87324,0.1096606
F-,30,3.94366,18.87324,0.1205375
F-,30,4.22535,18.87324,0.1303492
F-,30,4.50704,18.87324,0.1388398
F-,30,4.78873,18.87324,0.1459759
F-,30,5.07042,18.87324,0.1519452
F-,30,5.35211,18.87324,0.1571281
F-,30,5.6338,18.87324,0.1620464
F-,30,5.91549,18.87324,0.1672931
F-,30,6.19718,18.87324,0.1734544
F-,30,6.47887,18.87324,0.1810292
F-,30,6.76056,18.87324,0.1903588
F-,30,7.04225,18.87324,0.2015713
F-,30,7.32394,18.87324,0.2145505
F-,30,7.60563,18.87324,0.2289305
F-,30,7.88732,18.87324,0.2441184
F-,30,8.16901,18.87324,0.2593426
F-,30,8.4507,18.87324,0.2737217
F-,30,8.73239,18.87324,0.2863475
F-,30,9.01408,18.87324,0.2963725
F-,30,9.29577,18.87324,0.3030926
F-,30,9.57746,18.87324,0.3060168
F-,30,9.85915,18.87324,0.3049161
F-,30,10.14085,18.87324,0.2998452
F-,30,10.42254,18.87324,0.2911368
F-,30,10.70423,18.87324,0.2793669
F-,30,10.98592,18.87324,0.2652966
F-,30,11.26761,18.87324,0.2497965
F-,30,11.5493,18.87324,0.2337612
F-,30,11.83099,18.87324,0.2180244
F-,30,12.11268,18.87324,0.2032832
F-,30,12.39437,18.87324,0.190039
F-,30,12.67606,18.87324,0.1785632
F-,30,12.95775,18.87324,0.1688879
F-,30,13.23944,18.87324,0.1608245
F-,30,13.52113,18.87324,0.1540062
F-,30,13.80282,18.87324,0.1479496
F-,30,14.08451,18.87324,0.1421274
F-,30,14.3662,18.87324,0.1360442
F-,30,14.64789,18.87324,0.1293067
F-,30,14.92958,18.87324,0.1216798
F-,30,15.21127,18.87324,0.113123
F-,30,15.49296,18.87324,0.103802
F-,30,15.77465,18.87324,0.0940752
F-,30,16.05634,18.87324,0.084456
F-,30,16.33803,18.87324,0.0755546
F-,30,16.61972,18.87324,0.0680069
F-,30,16.90141,18.87324,0.0623977
F-,30,17.1831,18.87324,0.0591874
F-,30,17.46479,18.87324,0.0586501
F-,30,17.74648,18.87324,0.0608323
F-,30,18.02817,18.87324,0.0655353
F-,30,18.30986,18.87324,0.0723253
F-,30,18.59155,18.87324,0.0805705
F-,30,18.87324,18.87324,0.0895006
F-,30,19.15493,18.87324,0.0982838
F-,30,19.43662,18.87324,0.1061118
F-,30,19.71831,18.87324,0.1122828
F-,30,20.0,18.87324,0.1162752
F-,30,0.0,19.15493,0.0687503
F-,30,0.28169,19.15493,0.061963
F-,30,0.56338,19.15493,0.055365
F-,30,0.84507,19.15493,0.0497279
F-,30,1.12676,19.15493,0.0457479
F-,30,1.40845,19.15493,0.0439686
F-,30,1.69014,19.15493,0.0447214
F-,30,1.97183,19.15493,0.0480909
F-,30,2.25352,19.15493,0.0539088
F-,30,2.53521,19.15493,0.061776
F-,30,2.8169,19.15493,0.0711128
F-,30,3.09859,19.15493,0.0812279
F-,30,3.38028,19.15493,0.0914012
F-,30,3.66197,19.15493,0.1009688
F-,30,3.94366,19.15493,0.1094001
F-,30,4.22535,19.15493,0.1163598
F-,30,4.50704,19.15493,0.121745
F-,30,4.78873,19.15493,0.1256951
F-,30,5.07042,19.15493,0.128572
F-,30,5.35211,19.15493,0.1309139
F-,30,5.6338,19.15493,0.1333676
F-,30,5.91549,19.15493,0.136606
F-,30,6.19718,19.15493,0.1412431
F-,30,6.47887,19.15493,0.1477523
F-,30,6.76056,19.15493,0.156401
F-,30,7.04225,19.15493,0.1672064
F-,30,7.32394,19.15493,0.1799189
F-,30,7.60563,19.15493,0.1940347
F-,30,7.88732,19.15493,0.2088366
F-,30,8.16901,19.15493,0.223459
F-,30,8.4507,19.15493,0.2369698
F-,30,8.73239,19.15493,0.2484606
F-,30,9.01408,19.15493,0.2571358
F-,30,9.29577,19.15493,0.2623908
F-,30,9.57746,19.15493,0.2638707
F-,30,9.85915,19.15493,0.2615039
F-,30,10.14085,19.15493,0.2555061
F-,30,10.42254,19.15493,0.2463561
F-,30,10.70423,19.15493,0.2347438
F-,30,10.98592,19.15493,0.2214984
F-,30,11.26761,19.15493,0.2075039
F-,30,11.5493,19.15493,0.1936112
F-,30,11.83099,19.15493,0.1805558
F-,30,12.11268,19.15493,0.1688917
F-,30,12.39437,19.15493,0.1589467
F-,30,12.67606,19.15493,0.1508038
F-,30,12.95775,19.15493,0.1443114
F-,30,13.23944,19.15493,0.1391195
F-,30,13.52113,19.15493,0.1347371
F-,30,13.80282,19.15493,0.1306054
F-,30,14.08451,19.15493,0.1261757
F-,30,14.3662,19.15493,0.1209858
F-,30,14.64789,19.15493,0.1147242
F-,30,14.92958,19.15493,0.107275
F-,30,15.21127,19.15493,0.0987394
F-,30,15.49296,19.15493,0.0894299
F-,30,15.77465,19.15493,0.0798393
F-,30,16.05634,19.15493,0.0705867
F-,30,16.33803,19.15493,0.062347
F-,30,16.61972,19.15493,0.0557722
F-,30,16.90141,19.15493,0.0514133
F-,30,17.1831,19.15493,0.0496516
F-,30,17.46479,19.15493,0.0506476
F-,30,17.74648,19.15493,0.0543143
F-,30,18.02817,19.15493,0.0603174
F-,30,18.30986,19.15493,0.0681033
F-,30,18.59155,19.15493,0.0769527
F-,30,18.87324,19.15493,0.0860525
F-,30,19.15493,19.15493,0.0945803
F-,30,19.43662,19.15493,0.1017897
F-,30,19.71831,19.15493,0.1070884
F-,30,20.0,19.15493,0.1100996
F-,30,0.0,19.43662,0.0667663
F-,30,0.28169,19.43662,0.0589027
F-,30,0.56338,19.43662,0.0517188
F-,30,0.84507,19.43662,0.0459562
F-,30,1.12676,19.43662,0.042226
F-,30,1.40845,19.43662,0.0409414
F-,30,1.69014,19.43662,0.0422738
F-,30,1.97183,19.43662,0.0461354
F-,30,2.25352,19.43662,0.052192
F-,30,2.53521,19.43662,0.0599042
F-,30,2.8169,19.43662,0.0685911
F-,30,3.09859,19.43662,0.0775111
F-,30,3.38028,19.43662,0.0859487
F-,30,3.66197,19.43662,0.0932984
F-,30,3.94366,19.43662,0.0991355
F-,30,4.22535,19.43662,0.1032648
F-,30,4.50704,19.43662,0.1057436
F-,30,4.78873,19.43662,0.106873
F-,30,5.07042,19.43662,0.1071619
F-,30,5.35211,19.43662,0.1072646
F-,30,5.6338,19.43662,0.1079018
F-,30,5.91549,19.43662,0.1097717
F-,30,6.19718,19.43662,0.1134629
F-,30,6.47887,19.43662,0.1193787
F-,30,6.76056,19.43662,0.1276806
F-,30,7.04225,19.43662,0.1382589
F-,30,7.32394,19.43662,0.1507323
F-,30,7.60563,19.43662,0.1644785
F-,30,7.88732,19.43662,0.1786903
F-,30,8.16901,19.43662,0.1924537
F-,30,8.4507,19.43662,0.2048371
F-,30,8.73239,19.43662,0.2149841
F-,30,9.01408,19.43662,0.222198
F-,30,9.29577,19.43662,0.2260103
F-,30,9.57746,19.43662,0.2262249
F-,30,9.85915,19.43662,0.2229339
F-,30,10.14085,19.43662,0.2165035
F-,30,10.42254,19.43662,0.2075316
F-,30,10.70423,19.43662,0.1967818
F-,30,10.98592,19.43662,0.1851018
F-,30,11.26761,19.43662,0.1733345
F-,30,11.5493,19.43662,0.1622329
F-,30,11.83099,19.43662,0.1523864
F-,30,12.11268,19.43662,0.144168
F-,30,12.39437,19.43662,0.1377066
F-,30,12.67606,19.43662,0.1328881
F-,30,12.95775,19.43662,0.1293843
F-,30,13.23944,19.43662,0.1267053
F-,30,13.52113,19.43662,0.12427
F-,30,13.80282,19.43662,0.1214862
F-,30,14.08451,19.43662,0.1178301
F-,30,14.3662,19.43662,0.1129171
F-,30,14.64789,19.43662,0.1065557
F-,30,14.92958,19.43662,0.0987776
F-,30,15.21127,19.43662,0.0898409
F-,30,15.49296,19.43662,0.0802063
F-,30,15.77465,19.43662,0.0704885
F-,30,16.05634,19.43662,0.0613884
F-,30,16.33803,19.43662,0.0536141
F-,30,16.61972,19.43662,0.0477987
F-,30,16.90141,19.43662,0.0444261
F-,30,17.1831,19.43662,0.0437714
F-,30,17.46479,19.43662,0.0458644
F-,30,17.74648,19.43662,0.0504798
F-,30,18.02817,19.43662,0.0571562
F-,30,18.30986,19.43662,0.0652414
F-,30,18.59155,19.43662,0.0739597
F-,30,18.87324,19.43662,0.0824931
F-,30,19.15493,19.43662,0.0900682
F-,30,19.43662,19.43662,0.0960381
F-,30,19.71831,19.43662,0.0999504
F-,30,20.0,19.43662,0.101594
F-,30,0.0,19.71831,0.0673503
F-,30,0.28169,19.71831,0.0589188
F-,30,0.56338,19.71831,0.051598
F-,30,0.84507,19.71831,0.0460619
F-,30,1.12676,19.71831,0.0428067
F-,30,1.40845,19.71831,0.0420969
F-,30,1.69014,19.71831,0.0439386
F-,30,1.97183,19.71831,0.0480812
F-,30,2.25352,19.71831,0.054049
F-,30,2.53521,19.71831,0.0611976
F-,30,2.8169,19.71831,0.0687901
F-,30,3.09859,19.71831,0.0760833
F-,30,3.38028,19.71831,0.0824147
F-,30,3.66197,19.71831,0.0872802
F-,30,3.94366,19.71831,0.0903927
F-,30,4.22535,19.71831,0.0917163
F-,30,4.50704,19.71831,0.0914707
F-,30,4.78873,19.71831,0.090106
F-,30,5.07042,19.71831,0.0882493
F-,30,5.35211,19.71831,0.0866318
F-,30,5.6338,19.71831,0.0860009
F-,30,5.91549,19.71831,0.0870309
F-,30,6.19718,19.71831,0.0902399
F-,30,6.47887,19.71831,0.0959238
F-,30,6.76056,19.71831,0.1041141
F-,30,7.04225,19.71831,0.1145647
F-,30,7.32394,19.71831,0.1267702
F-,30,7.60563,19.71831,0.1400112
F-,30,7.88732,19.71831,0.1534255
F-,30,8.16901,19.71831,0.1660929
F-,30,8.4507,19.71831,0.1771291
F-,30,8.73239,19.71831,0.1857734
F-,30,9.01408,19.71831,0.1914655
F-,30,9.29577,19.71831,0.1938989
F-,30,9.57746,19.71831,0.1930483
F-,30,9.85915,19.71831,0.1891661
F-,30,10.14085,19.71831,0.1827503
F-,30,10.42254,19.71831,0.174486
F-,30,10.70423,19.71831,0.1651687
F-,30,10.98592,19.71831,0.1556172
F-,30,11.26761,19.71831,0.1465858
F-,30,11.5493,19.71831,0.1386861
F-,30,11.83099,19.71831,0.1323268
F-,30,12.11268,19.71831,0.1276772
F-,30,12.39437,19.71831,0.1246598
F-,30,12.67606,19.71831,0.1229706
F-,30,12.95775,19.71831,0.1221256
F-,30,13.23944,19.71831,0.1215282
F-,30,13.52113,19.71831,0.1205476
F-,30,13.80282,19.71831,0.1186022
F-,30,14.08451,19.71831,0.1152354
F-,30,14.3662,19.71831,0.1101764
F-,30,14.64789,19.71831,0.1033799
F-,30,14.92958,19.71831,0.0950379
F-,30,15.21127,19.71831,0.0855644
F-,30,15.49296,19.71831,0.0755533
F-,30,15.77465,19.71831,0.0657143
F-,30,16.05634,19.71831,0.0567957
F-,30,16.33803,19.71831,0.0494996
F-,30,16.61972,19.71831,0.0444027
F-,30,16.90141,19.71831,0.0418897
F-,30,17.1831,19.71831,0.0421069
F-,30,17.46479,19.71831,0.0449431
F-,30,17.74648,19.71831,0.0500384
F-,30,18.02817,19.71831,0.0568208
F-,30,18.30986,19.71831,0.0645675
F-,30,18.59155,19.71831,0.0724821
F-,30,18.87324,19.71831,0.0797812
F-,30,19.15493,19.71831,0.0857789
F-,30,19.43662,19.71831,0.0899612
F-,30,19.71831,19.71831,0.0920404
F-,30,20.0,19.71831,0.0919838
F-,30,0.0,20.0,0.0699398
F-,30,0.28169,20.0,0.0615535
F-,30,0.56338,20.0,0.0546334
F-,30,0.84507,20.0,0.0497501
F-,30,1.12676,20.0,0.047259
F-,30,1.40845,20.0,0.0472626
F-,30,1.69014,20.0,0.0496023
F-,30,1.97183,20.0,0.0538798
F-,30,2.25352,20.0,0.0595056
F-,30,2.53521,20.0,0.0657681
F-,30,2.8169,20.0,0.0719184
F-,30,3.09859,20.0,0.0772573
F-,30,3.38028,20.0,0.0812179
F-,30,3.66197,20.0,0.0834319
F-,30,3.94366,20.0,0.0837743
F-,30,4.22535,20.0,0.0823786
F-,30,4.50704,20.0,0.0796229
F-,30,4.78873,20.0,0.0760876
F-,30,5.07042,20.0,0.0724887
F-,30,5.35211,20.0,0.0695949
F-,30,5.6338,20.0,0.0681383
F-,30,5.91549,20.0,0.0687274
F-,30,6.19718,20.0,0.0717734
F-,30,6.47887,20.0,0.077438
F-,30,6.76056,20.0,0.0856085
F-,30,7.04225,20.0,0.0959029
F-,30,7.32394,20.0,0.107705
F-,30,7.60563,20.0,0.1202255
F-,30,7.88732,20.0,0.1325818
F-,30,8.16901,20.0,0.1438888
F-,30,8.4507,20.0,0.1533493
F-,30,8.73239,20.0,0.160335
F-,30,9.01408,20.0,0.1644488
F-,30,9.29577,20.0,0.1655618
F-,30,9.57746,20.0,0.1638208
F-,30,9.85915,20.0,0.1596261
F-,30,10.14085,20.0,0.1535821
F-,30,10.42254,20.0,0.1464261
F-,30,10.70423,20.0,0.1389446
F-,30,10.98592,20.0,0.1318849
F-,30,11.26761,20.0,0.1258735
F-,30,11.5493,20.0,0.1213493
F-,30,11.83099,20.0,0.1185198
F-,30,12.11268,20.0,0.117344
F-,30,12.39437,20.0,0.1175451
F-,30,12.67606,20.0,0.1186502
F-,30,12.95775,20.0,0.1200517
F-,30,13.23944,20.0,0.1210857
F-,30,13.52113,20.0,0.1211151
F-,30,13.80282,20.0,0.1196106
F-,30,14.08451,20.0,0.1162179
F-,30,14.3662,20.0,0.1108056
F-,30,14.64789,20.0,0.1034869
F-,30,14.92958,20.0,0.0946125
F-,30,15.21127,20.0,0.0847363
F-,30,15.49296,20.0,0.0745573
F-,30,15.77465,20.0,0.0648436
F-,30,16.05634,20.0,0.0563485
F-,30,16.33803,20.0,0.0497269
F-,30,16.61972,20.0,0.0454622
F-,30,16.90141,20.0,0.0438117
F-,30,17.1831,20.0,0.0447771
F-,30,17.46479,20.0,0.0481041
F-,30,17.74648,20.0,0.053309
F-,30,18.02817,20.0,0.0597331
F-,30,18.30986,20.0,0.066615
F-,30,18.59155,20.0,0.0731755
F-,30,18.87324,20.0,0.0787038
F-,30,19.15493,20.0,0.0826364
F-,30,19.43662,20.0,0.0846191
F-,30,19.71831,20.0,0.0845446
F-,30,20.0,20.0,0.082563
Li+,30,0.0,0.0,0.0794008
Li+,30,0.28169,0.0,0.0860958
Li+,30,0.56338,0.0,0.0922076
Li+,30,0.84507,0.0,0.0972167
Li+,30,1.12676,0.0,0.1007233
Li+,30,1.40845,0.0,0.1024908
Li+,30,1.69014,0.0,0.10247
Li+,30,1.97183,0.0,0.1008026
Li+,30,2.25352,0.0,0.0978036
Li+,30,2.53521,0.0,0.0939235
Li+,30,2.8169,0.0,0.0896962
Li+,30,3.09859,0.0,0.0856771
Li+,30,3.38028,0.0,0.0823794
Li+,30,3.66197,0.0,0.0802153
Li+,30,3.94366,0.0,0.079449
Li+,30,4.22535,0.0,0.0801669
Li+,30,4.50704,0.0,0.0822678
Li+,30,4.78873,0.0,0.0854755
Li+,30,5.07042,0.0,0.0893703
Li+,30,5.35211,0.0,0.0934387
Li+,30,5.6338,0.0,0.0971323
Li+,30,5.91549,0.0,0.0999322
Li+,30,6.19718,0.0,0.10141
Li+,30,6.47887,0.0,0.1012787
Li+,30,6.76056,0.0,0.0994277
Li+,30,7.04225,0.0,0.0959386
Li+,30,7.32394,0.0,0.0910787
Li+,30,7.60563,0.0,0.0852739
Li+,30,7.88732,0.0,0.0790643
Li+,30,8.16901,0.0,0.0730454
Li+,30,8.4507,0.0,0.0678045
Li+,30,8.73239,0.0,0.063857
Li+,30,9.01408,0.0,0.0615908
Li+,30,9.29577,0.0,0.061225
Li+,30,9.57746,0.0,0.0627873
Li+,30,9.85915,0.0,0.0661125
Li+,30,10.14085,0.0,0.0708627
Li+,30,10.42254,0.0,0.076566
Li+,30,10.70423,0.0,0.0826706
Li+,30,10.98592,0.0,0.0886066
Li+,30,11.26761,0.0,0.0938497
Li+,30,11.5493,0.0,0.0979792
Li+,30,11.83099,0.0,0.1007234
Li+,30,12.11268,0.0,0.1019877
Li+,30,12.39437,0.0,0.1018626
Li+,30,12.67606,0.0,0.1006097
Li+,30,12.95775,0.0,0.0986286
Li+,30,13.23944,0.0,0.0964074
Li+,30,13.52113,0.0,0.0944632
Li+,30,13.80282,0.0,0.0932796
Li+,30,14.08451,0.0,0.0932476
Li+,30,14.3662,0.0,0.0946172
Li+,30,14.64789,0.0,0.0974652
Li+,30,14.92958,0.0,0.1016831
Li+,30,15.21127,0.0,0.1069857
Li+,30,15.49296,0.0,0.1129414
Li+,30,15.77465,0.0,0.1190178
Li+,30,16.05634,0.0,0.1246408
Li+,30,16.33803,0.0,0.129258
Li+,30,16.61972,0.0,0.1324006
Li+,30,16.90141,0.0,0.1337358
Li+,30,17.1831,0.0,0.1331051
Li+,30,17.46479,0.0,0.130543
Li+,30,17.74648,0.0,0.1262734
Li+,30,18.02817,0.0,0.1206865
Li+,30,18.30986,0.0,0.1142958
Li+,30,18.59155,0.0,0.1076821
Li+,30,18.87324,0.0,0.1014297
Li+,30,19.15493,0.0,0.0960627
Li+,30,19.43662,0.0,0.0919878
Li+,30,19.71831,0.0,0.0894506
Li+,30,20.0,0.0,0.0885104
Li+,30,0.0,0.28169,0.0770083
Li+,30,0.28169,0.28169,0.0832956
Li+,30,0.56338,0.28169,0.0887401
Li+,30,0.84507,0.28169,0.0928963
Li+,30,1.12676,0.28169,0.0954681
Li+,30,1.40845,0.28169,0.0963392
Li+,30,1.69014,0.28169,0.0955846
Li+,30,1.97183,0.28169,0.0934592
Li+,30,2.25352,0.28169,0.0903671
Li+,30,2.53521,0.28169,0.086813
Li+,30,2.8169,0.28169,0.0833438
Li+,30,3.09859,0.28169,0.080484
Li+,30,3.38028,0.28169,0.0786754
Li+,30,3.66197,0.28169,0.0782249
Li+,30,3.94366,0.28169,0.0792691
Li+,30,4.22535,0.28169,0.0817577
Li+,30,4.50704,0.28169,0.0854586
Li+,30,4.78873,0.28169,0.0899839
Li+,30,5.07042,0.28169,0.094834
Li+,30,5.35211,0.28169,0.0994543
Li+,30,5.6338,0.28169,0.1032989
Li+,30,5.91549,0.28169,0.1058938
Li+,30,6.19718,0.28169,0.1068914
Li+,30,6.47887,0.28169,0.1061125
Li+,30,6.76056,0.28169,0.1035679
Li+,30,7.04225,0.28169,0.0994603
Li+,30,7.32394,0.28169,0.0941638
Li+,30,7.60563,0.28169,0.0881843
Li+,30,7.88732,0.28169,0.0821055
Li+,30,8.16901,0.28169,0.076526
Li+,30,8.4507,0.28169,0.0719947
Li+,30,8.73239,0.28169,0.0689518
Li+,30,9.01408,0.28169,0.0676819
Li+,30,9.29577,0.28169,0.0682849
Li+,30,9.57746,0.28169,0.0706669
Li+,30,9.85915,0.28169,0.0745533
Li+,30,10.14085,0.28169,0.0795215
Li+,30,10.42254,0.28169,0.0850504
Li+,30,10.70423,0.28169,0.0905797
Li+,30,10.98592,0.28169,0.0955739
Li+,30,11.26761,0.28169,0.0995824
Li+,30,11.5493,0.28169,0.1022898
Li+,30,11.83099,0.28169,0.1035499
Li+,30,12.11268,0.28169,0.1034003
Li+,30,12.39437,0.28169,0.1020556
Li+,30,12.67606,0.28169,0.0998802
Li+,30,12.95775,0.28169,0.0973437
Li+,30,13.23944,0.28169,0.0949637
Li+,30,13.52113,0.28169,0.0932443
Li+,30,13.80282,0.28169,0.0926142
Li+,30,14.08451,0.28169,0.0933747
Li+,30,14.3662,0.28169,0.0956618
Li+,30,14.64789,0.28169,0.0994271
Li+,30,14.92958,0.28169,0.1044399
Li+,30,15.21127,0.28169,0.1103103
Li+,30,15.49296,0.28169,0.1165308
Li+,30,15.77465,0.28169,0.1225316
Li+,30,16.05634,0.28169,0.127743
Li+,30,16.33803,0.28169,0.1316596
Li+,30,16.61972,0.28169,0.1338956
Li+,30,16.90141,0.28169,0.1342293
Li+,30,17.1831,0.28169,0.1326277
Li+,30,17.46479,0.28169,0.1292511
Li+,30,17.74648,0.28169,0.1244358
Li+,30,18.02817,0.28169,0.118657
Li+,30,18.30986,0.28169,0.1124771
Li+,30,18.59155,0.28169,0.1064829
Li+,30,18.87324,0.28169,0.1012212
Li+,30,19.15493,0.28169,0.0971387
Li+,30,19.43662,0.28169,0.0945331
Li+,30,19.71831,0.28169,0.0935212
Li+,30,20.0,0.28169,0.0940274
Li+,30,0.0,0.56338,0.0753261
Li+,30,0.28169,0.56338,0.0807168
Li+,30,0.56338,0.56338,0.0850419
Li+,30,0.84507,0.56338,0.0879551
Li+,30,1.12676,0.56338,0.0892811
Li+,30,1.40845,0.56338,0.0890327
Li+,30,1.69014,0.56338,0.0874078
Li+,30,1.97183,0.56338,0.0847639
Li+,30,2.25352,0.56338,0.0815762
Li+,30,2.53521,0.56338,0.0783805
Li+,30,2.8169,0.56338,0.0757108
Li+,30,3.09859,0.56338,0.0740366
Li+,30,3.38028,0.56338,0.0737073
Li+,30,3.66197,0.56338,0.0749107
Li+,30,3.94366,0.56338,0.0776501
Li+,30,4.22535,0.56338,0.0817421
Li+,30,4.50704,0.56338,0.086836
Li+,30,4.78873,0.56338,0.0924528
Li+,30,5.07042,0.56338,0.0980378
Li+,30,5.35211,0.56338,0.1030239
Li+,30,5.6338,0.56338,0.106895
Li+,30,5.91549,0.56338,0.1092451
Li+,30,6.19718,0.56338,0.1098248
Li+,30,6.47887,0.56338,0.1085704
Li+,30,6.76056,0.56338,0.1056128
Li+,30,7.04225,0.56338,0.1012643
Li+,30,7.32394,0.56338,0.0959853
Li+,30,7.60563,0.56338,0.0903346
Li+,30,7.88732,0.56338,0.0849088
Li+,30,8.16901,0.56338,0.0802774
Li+,30,8.4507,0.56338,0.0769212
Li+,30,8.73239,0.56338,0.0751813
Li+,30,9.01408,0.56338,0.0752226
Li+,30,9.29577,0.56338,0.0770186
Li+,30,9.57746,0.56338,0.0803566
Li+,30,9.85915,0.56338,0.0848642
Li+,30,10.14085,0.56338,0.0900534
Li+,30,10.42254,0.56338,0.0953774
Li+,30,10.70423,0.56338,0.1002934
Li+,30,10.98592,0.56338,0.1043247
Li+,30,11.26761,0.56338,0.1071145
Li+,30,11.5493,0.56338,0.108466
Li+,30,11.83099,0.56338,0.1083631
Li+,30,12.11268,0.56338,0.1069708
Li+,30,12.39437,0.56338,0.1046145
Li+,30,12.67606,0.56338,0.1017403
Li+,30,12.95775,0.56338,0.0988615
Li+,30,13.23944,0.56338,0.0964976
Li+,30,13.52113,0.56338,0.095112
Li+,30,13.80282,0.56338,0.0950558
Li+,30,14.08451,0.56338,0.096525
Li+,30,14.3662,0.56338,0.0995345
Li+,30,14.64789,0.56338,0.1039136
Li+,30,14.92958,0.56338,0.1093224
Li+,30,15.21127,0.56338,0.1152877
Li+,30,15.49296,0.56338,0.1212546
Li+,30,15.77465,0.56338,0.1266473
Li+,30,16.05634,0.56338,0.1309337
Li+,30,16.33803,0.56338,0.1336842
Li+,30,16.61972,0.56338,0.1346209
Li+,30,16.90141,0.56338,0.1336486
Li+,30,17.1831,0.56338,0.1308663
Li+,30,17.46479,0.56338,0.1265572
Li+,30,17.74648,0.56338,0.1211574
Li+,30,18.02817,0.56338,0.1152082
Li+,30,18.30986,0.56338,0.1092963
Li+,30,18.59155,0.56338,0.1039888
Li+,30,18.87324,0.56338,0.0997706
Li+,30,19.15493,0.56338,0.0969914
Li+,30,19.43662,0.56338,0.095827
Li+,30,19.71831,0.56338,0.096261
Li+,30,20.0,0.56338,0.0980876
Li+,30,0.0,0.84507,0.074938
Li+,30,0.28169,0.84507,0.0790247
Li+,30,0.56338,0.84507,0.0818635
Li+,30,0.84507,0.84507,0.0832272
Li+,30,1.12676,0.84507,0.0830722
Li+,30,1.40845,0.84507,0.0815423
Li+,30,1.69014,0.84507,0.0789504
Li+,30,1.97183,0.84507,0.0757415
Li+,30,2.25352,0.84507,0.0724402
Li+,30,2.53521,0.84507,0.0695887
Li+,30,2.8169,0.84507,0.0676842
Li+,30,3.09859,0.84507,0.0671193
Li+,30,3.38028,0.84507,0.0681358
Li+,30,3.66197,0.84507,0.0707953
Li+,30,3.94366,0.84507,0.0749695
Li+,30,4.22535,0.84507,0.0803531
Li+,30,4.50704,0.84507,0.0864965
Li+,30,4.78873,0.84507,0.0928546
Li+,30,5.07042,0.84507,0.0988476
Li+,30,5.35211,0.84507,0.1039251
Li+,30,5.6338,0.84507,0.1076279
Li+,30,5.91549,0.84507,0.1096391
Li+,30,6.19718,0.84507,0.1098201
Li+,30,6.47887,0.84507,0.1082265
Li+,30,6.76056,0.84507,0.1051022
Li+,30,7.04225,0.84507,0.100853
Li+,30,7.32394,0.84507,0.0960018
Li+,30,7.60563,0.84507,0.0911315
Li+,30,7.88732,0.84507,0.08682
Li+,30,8.16901,0.84507,0.0835781
Li+,30,8.4507,0.84507,0.081793
Li+,30,8.73239,0.84507,0.0816876
Li+,30,9.01408,0.84507,0.0832972
Li+,30,9.29577,0.84507,0.0864683
Li+,30,9.57746,0.84507,0.0908779
Li+,30,9.85915,0.84507,0.0960722
Li+,30,10.14085,0.84507,0.1015198
Li+,30,10.42254,0.84507,0.106673
Li+,30,10.70423,0.84507,0.1110308
Li+,30,10.98592,0.84507,0.1141959
Li+,30,11.26761,0.84507,0.11592
Li+,30,11.5493,0.84507,0.1161307
Li+,30,11.83099,0.84507,0.1149391
Li+,30,12.11268,0.84507,0.1126255
Li+,30,12.39437,0.84507,0.1096053
Li+,30,12.67606,0.84507,0.10638
Li+,30,12.95775,0.84507,0.1034773
Li+,30,13.23944,0.84507,0.1013887
Li+,30,13.52113,0.84507,0.1005107
Li+,30,13.80282,0.84507,0.1010966
Li+,30,14.08451,0.84507,0.1032251
Li+,30,14.3662,0.84507,0.1067883
Li+,30,14.64789,0.84507,0.1115015
Li+,30,14.92958,0.84507,0.1169332
Li+,30,15.21127,0.84507,0.1225519
Li+,30,15.49296,0.84507,0.1277853
Li+,30,15.77465,0.84507,0.1320838
Li+,30,16.05634,0.84507,0.1349828
Li+,30,16.33803,0.84507,0.1361551
Li+,30,16.61972,0.84507,0.1354487
Li+,30,16.90141,0.84507,0.1329051
Li+,30,17.1831,0.84507,0.1287557
Li+,30,17.46479,0.84507,0.1233977
Li+,30,17.74648,0.84507,0.1173506
Li+,30,18.02817,0.84507,0.1111997
Li+,30,18.30986,0.84507,0.1055315
Li+,30,18.59155,0.84507,0.1008696
Li+,30,18.87324,0.84507,0.0976171
Li+,30,19.15493,0.84507,0.0960124
Li+,30,19.43662,0.84507,0.0961041
Li+,30,19.71831,0.84507,0.097746
Li+,30,20.0,0.84507,0.1006148
Li+,30,0.0,1.12676,0.0761955
Li+,30,0.28169,1.12676,0.0786936
Li+,30,0.56338,1.12676,0.0798061
Li+,30,0.84507,1.12676,0.0794373
Li+,30,1.12676,1.12676,0.0776797
Li+,30,1.40845,1.12676,0.0748022
Li+,30,1.69014,1.12676,0.0712194
Li+,30,1.97183,1.12676,0.0674431
Li+,30,2.25352,1.12676,0.0640232
Li+,30,2.53521,1.12676,0.0614837
Li+,30,2.8169,1.12676,0.0602618
Li+,30,3.09859,1.12676,0.0606564
Li+,30,3.38028,1.12676,0.0627921
Li+,30,3.66197,1.12676,0.0666033
Li+,30,3.94366,1.12676,0.0718395
Li+,30,4.22535,1.12676,0.0780914
Li+,30,4.50704,1.12676,0.0848351
Li+,30,4.78873,1.12676,0.0914898
Li+,30,5.07042,1.12676,0.0974817
Li+,30,5.35211,1.12676,0.102307
Li+,30,5.6338,1.12676,0.105588
Li+,30,5.91549,1.12676,0.1071148
Li+,30,6.19718,1.12676,0.1068678
Li+,30,6.47887,1.12676,0.1050201
Li+,30,6.76056,1.12676,0.1019174
Li+,30,7.04225,1.12676,0.0980391
Li+,30,7.32394,1.12676,0.0939448
Li+,30,7.60563,1.12676,0.0902118
Li+,30,7.88732,1.12676,0.0873707
Li+,30,8.16901,1.12676,0.0858469
Li+,30,8.4507,1.12676,0.0859143
Li+,30,8.73239,1.12676,0.0876652
Li+,30,9.01408,1.12676,0.0910026
Li+,30,9.29577,1.12676,0.095652
Li+,30,9.57746,1.12676,0.1011949
Li+,30,9.85915,1.12676,0.1071166
Li+,30,10.14085,1.12676,0.1128666
Li+,30,10.42254,1.12676,0.1179209
Li+,30,10.70423,1.12676,0.1218422
Li+,30,10.98592,1.12676,0.1243291
Li+,30,11.26761,1.12676,0.1252497
Li+,30,11.5493,1.12676,0.1246556
Li+,30,11.83099,1.12676,0.1227746
Li+,30,12.11268,1.12676,0.1199829
Li+,30,12.39437,1.12676,0.1167601
Li+,30,12.67606,1.12676,0.1136326
Li+,30,12.95775,1.12676,0.111111
Li+,30,13.23944,1.12676,0.1096292
Li+,30,13.52113,1.12676,0.1094924
Li+,30,13.80282,1.12676,0.1108396
Li+,30,14.08451,1.12676,0.1136253
Li+,30,14.3662,1.12676,0.1176218
Li+,30,14.64789,1.12676,0.1224431
Li+,30,14.92958,1.12676,0.1275873
Li+,30,15.21127,1.12676,0.1324919
Li+,30,15.49296,1.12676,0.1365973
Li+,30,15.77465,1.12676,0.13941
Li+,30,16.05634,1.12676,0.1405595
Li+,30,16.33803,1.12676,0.1398412
Li+,30,16.61972,1.12676,0.1372413
Li+,30,16.90141,1.12676,0.1329408
Li+,30,17.1831,1.12676,0.1272975
Li+,30,17.46479,1.12676,0.120808
Li+,30,17.74648,1.12676,0.1140551
Li+,30,18.02817,1.12676,0.107644
Li+,30,18.30986,1.12676,0.1021376
Li+,30,18.59155,1.12676,0.0979949
Li+,30,18.87324,1.12676,0.0955215
Li+,30,19.15493,1.12676,0.0948378
Li+,30,19.43662,1.12676,0.0958664
Li+,30,19.71831,1.12676,0.0983424
Li+,30,20.0,1.12676,0.1018443
Li+,30,0.0,1.40845,0.0791493
Li+,30,0.28169,1.40845,0.0799234
Li+,30,0.56338,1.40845,0.0792231
Li+,30,0.84507,1.40845,0.0770897
Li+,30,1.12676,1.40845,0.0737474
Li+,30,1.40845,1.40845,0.0695781
Li+,30,1.69014,1.40845,0.0650782
Li+,30,1.97183,1.40845,0.060802
Li+,30,2.25352,1.40845,0.0572989
Li+,30,2.53521,1.40845,0.0550498
Li+,30,2.8169,1.40845,0.0544123
Li+,30,3.09859,1.40845,0.0555785
Li+,30,3.38028,1.40845,0.0585522
Li+,30,3.66197,1.40845,0.0631467
Li+,30,3.94366,1.40845,0.0690042
Li+,30,4.22535,1.40845,0.0756348
Li+,30,4.50704,1.40845,0.0824698
Li+,30,4.78873,1.40845,0.0889245
Li+,30,5.07042,1.40845,0.0944625
Li+,30,5.35211,1.40845,0.0986549
Li+,30,5.6338,1.40845,0.1012273
Li+,30,5.91549,1.40845,0.1020892
Li+,30,6.19718,1.40845,0.1013438
Li+,30,6.47887,1.40845,0.0992747
Li+,30,6.76056,1.40845,0.0963139
Li+,30,7.04225,1.40845,0.092992
Li+,30,7.32394,1.40845,0.0898785
Li+,30,7.60563,1.40845,0.0875173
Li+,30,7.88732,1.40845,0.0863657
Li+,30,8.16901,1.40845,0.0867435
Li+,30,8.4507,1.40845,0.0887972
Li+,30,8.73239,1.40845,0.0924847
Li+,30,9.01408,1.40845,0.0975808
Li+,30,9.29577,1.40845,0.1037035
Li+,30,9.57746,1.40845,0.1103584
Li+,30,9.85915,1.40845,0.1169947
Li+,30,10.14085,1.40845,0.1230681
Li+,30,10.42254,1.40845,0.1281023
Li+,30,10.70423,1.40845,0.1317424
Li+,30,10.98592,1.40845,0.133794
Li+,30,11.26761,1.40845,0.1342442
Li+,30,11.5493,1.40845,0.133261
Li+,30,11.83099,1.40845,0.1311719
Li+,30,12.11268,1.40845,0.1284244
Li+,30,12.39437,1.40845,0.1255323
Li+,30,12.67606,1.40845,0.1230143
Li+,30,12.95775,1.40845,0.1213318
Li+,30,13.23944,1.40845,0.1208335
Li+,30,13.52113,1.40845,0.1217127
Li+,30,13.80282,1.40845,0.123982
Li+,30,14.08451,1.40845,0.1274693
Li+,30,14.3662,1.40845,0.1318352
Li+,30,14.64789,1.40845,0.1366095
Li+,30,14.92958,1.40845,0.1412431
Li+,30,15.21127,1.40845,0.1451704
Li+,30,15.49296,1.40845,0.1478731
Li+,30,15.77465,1.40845,0.14894
Li+,30,16.05634,1.40845,0.1481156
Li+,30,16.33803,1.40845,0.1453314
Li+,30,16.61972,1.40845,0.1407167
Li+,30,16.90141,1.40845,0.1345876
Li+,30,17.1831,1.40845,0.127415
Li+,30,17.46479,1.40845,0.1197761
Li+,30,17.74648,1.40845,0.1122929
Li+,30,18.02817,1.40845,0.1055664
Li+,30,18.30986,1.40845,0.1001128
Li+,30,18.59155,1.40845,0.0963093
Li+,30,18.87324,1.40845,0.0943544
Li+,30,19.15493,1.40845,0.0942491
Li+,30,19.43662,1.40845,0.0957989
Li+,30,19.71831,1.40845,0.0986378
Li+,30,20.0,1.40845,0.1022709
Li+,30,0.0,1.69014,0.083529
Li+,30,0.28169,1.69014,0.0826015
Li+,30,0.56338,1.69014,0.0801648
Li+,30,0.84507,1.69014,0.0763948
Li+,30,1.12676,1.69014,0.0716359
Li+,30,1.40845,1.69014,0.0663635
Li+,30,1.69014,1.69014,0.0611312
Li+,30,1.97183,1.69014,0.0565085
Li+,30,2.25352,1.69014,0.0530173
Li+,30,2.53521,1.69014,0.0510725
Li+,30,2.8169,1.69014,0.0509355
Li+,30,3.09859,1.69014,0.0526837
Li+,30,3.38028,1.69014,0.0562018
Li+,30,3.66197,1.69014,0.0611933
Li+,30,3.94366,1.69014,0.067214
Li+,30,4.22535,1.69014,0.0737204
Li+,30,4.50704,1.69014,0.0801304
Li+,30,4.78873,1.69014,0.0858877
Li+,30,5.07042,1.69014,0.0905234
Li+,30,5.35211,1.69014,0.0937079
Li+,30,5.6338,1.69014,0.0952866
Li+,30,5.91549,1.69014,0.0952964
Li+,30,6.19718,1.69014,0.0939604
Li+,30,6.47887,1.69014,0.0916618
Li+,30,6.76056,1.69014,0.0888994
Li+,30,7.04225,1.69014,0.0862309
Li+,30,7.32394,1.69014,0.0842094
Li+,30,7.60563,1.69014,0.0833205
Li+,30,7.88732,1.69014,0.0839271
Li+,30,8.16901,1.69014,0.086229
Li+,30,8.4507,1.69014,0.0902398
Li+,30,8.73239,1.69014,0.0957859
Li+,30,9.01408,1.69014,0.1025264
Li+,30,9.29577,1.69014,0.1099914
Li+,30,9.57746,1.69014,0.1176354
Li+,30,9.85915,1.69014,0.1248983
Li+,30,10.14085,1.69014,0.1312684
Li+,30,10.42254,1.69014,0.1363386
Li+,30,10.70423,1.69014,0.1398517
Li+,30,10.98592,1.69014,0.1417268
Li+,30,11.26761,1.69014,0.1420661
Li+,30,11.5493,1.69014,0.1411406
Li+,30,11.83099,1.69014,0.1393557
Li+,30,12.11268,1.69014,0.1372015
Li+,30,12.39437,1.69014,0.1351935
Li+,30,12.67606,1.69014,0.1338099
Li+,30,12.95775,1.69014,0.1334332
Li+,30,13.23944,1.69014,0.1343025
Li+,30,13.52113,1.69014,0.1364827
Li+,30,13.80282,1.69014,0.1398536
Li+,30,14.08451,1.69014,0.14412
Li+,30,14.3662,1.69014,0.1488432
Li+,30,14.64789,1.69014,0.1534884
Li+,30,14.92958,1.69014,0.1574849
Li+,30,15.21127,1.69014,0.1602904
Li+,30,15.49296,1.69014,0.1614534
Li+,30,15.77465,1.69014,0.1606662
Li+,30,16.05634,1.69014,0.157803
Li+,30,16.33803,1.69014,0.152937
Li+,30,16.61972,1.69014,0.1463375
Li+,30,16.90141,1.69014,0.1384437
Li+,30,17.1831,1.69014,0.1298209
Li+,30,17.46479,1.69014,0.1211025
Li+,30,17.74648,1.69014,0.1129241
Li+,30,18.02817,1.69014,0.1058578
Li+,30,18.30986,1.69014,0.1003531
Li+,30,18.59155,1.69014,0.0966918
Li+,30,18.87324,1.69014,0.0949608
Li+,30,19.15493,1.69014,0.0950469
Li+,30,19.43662,1.69014,0.0966532
Li+,30,19.71831,1.69014,0.0993353
Li+,30,20.0,1.69014,0.1025541
Li+,30,0.0,1.97183,0.0887757
Li+,30,0.28169,1.97183,0.0863161
Li+,30,0.56338,1.97183,0.0823725
Li+,30,0.84507,1.97183,0.0772448
Li+,30,1.12676,1.97183,0.0713792
Li+,30,1.40845,1.97183,0.0653197
Li+,30,1.69014,1.97183,0.0596483
Li+,30,1.97183,1.97183,0.0549209
Li+,30,2.25352,1.97183,0.0516052
Li+,30,2.53521,1.97183,0.0500297
Li+,30,2.8169,1.97183,0.0503466
Li+,30,3.09859,1.97183,0.0525159
Li+,30,3.38028,1.97183,0.0563099
Li+,30,3.66197,1.97183,0.0613392
Li+,30,3.94366,1.97183,0.0670968
Li+,30,4.22535,1.97183,0.0730155
Li+,30,4.50704,1.97183,0.0785312
Li+,30,4.78873,1.97183,0.0831465
Li+,30,5.07042,1.97183,0.0864864
Li+,30,5.35211,1.97183,0.0883399
Li+,30,5.6338,1.97183,0.0886831
Li+,30,5.91549,1.97183,0.0876813
Li+,30,6.19718,1.97183,0.0856697
Li+,30,6.47887,1.97183,0.0831144
Li+,30,6.76056,1.97183,0.0805595
Li+,30,7.04225,1.97183,0.0785649
Li+,30,7.32394,1.97183,0.0776426
Li+,30,7.60563,1.97183,0.0781984
Li+,30,7.88732,1.97183,0.0804858
Li+,30,8.16901,1.97183,0.0845771
Li+,30,8.4507,1.97183,0.090355
Li+,30,8.73239,1.97183,0.0975258
Li+,30,9.01408,1.97183,0.1056518
Li+,30,9.29577,1.97183,0.1142004
Li+,30,9.57746,1.97183,0.1226034
Li+,30,9.85915,1.97183,0.1303199
Li+,30,10.14085,1.97183,0.1368961
Li+,30,10.42254,1.97183,0.1420136
Li+,30,10.70423,1.97183,0.1455237
Li+,30,10.98592,1.97183,0.1474599
Li+,30,11.26761,1.97183,0.1480311
Li+,30,11.5493,1.97183,0.1475926
Li+,30,11.83099,1.97183,0.146602
Li+,30,12.11268,1.97183,0.1455615
Li+,30,12.39437,1.97183,0.1449558
Li+,30,12.67606,1.97183,0.1451915
Li+,30,12.95775,1.97183,0.1465455
Li+,30,13.23944,1.97183,0.1491283
Li+,30,13.52113,1.97183,0.1528665
Li+,30,13.80282,1.97183,0.157506
Li+,30,14.08451,1.97183,0.1626377
Li+,30,14.3662,1.97183,0.1677401
Li+,30,14.64789,1.97183,0.1722364
Li+,30,14.92958,1.97183,0.1755593
Li+,30,15.21127,1.97183,0.1772147
Li+,30,15.49296,1.97183,0.1768391
Li+,30,15.77465,1.97183,0.1742438
Li+,30,16.05634,1.97183,0.1694392
Li+,30,16.33803,1.97183,0.1626387
Li+,30,16.61972,1.97183,0.1542402
Li+,30,16.90141,1.97183,0.1447875
Li+,30,17.1831,1.97183,0.1349158
Li+,30,17.46479,1.97183,0.1252874
Li+,30,17.74648,1.97183,0.1165245
Li+,30,18.02817,1.97183,0.1091465
Li+,30,18.30986,1.97183,0.103519
Li+,30,18.59155,1.97183,0.0998195
Li+,30,18.87324,1.97183,0.0980241
Li+,30,19.15493,1.97183,0.097916
Li+,30,19.43662,1.97183,0.0991155
Li+,30,19.71831,1.97183,0.1011268
Li+,30,20.0,1.97183,0.1033976
Li+,30,0.0,2.25352,0.0941225
Li+,30,0.28169,2.25352,0.0904204
Li+,30,0.56338,2.25352,0.0853247
Li+,30,0.84507,2.25352,0.0792419
Li+,30,1.12676,2.25352,0.0726955
Li+,30,1.40845,2.25352,0.066269
Li+,30,1.69014,2.25352,0.060542
Li+,30,1.97183,2.25352,0.056027
Li+,30,2.25352,2.25352,0.0531135
Li+,30,2.53521,2.25352,0.0520258
Li+,30,2.8169,2.25352,0.0527992
Li+,30,3.09859,2.25352,0.0552779
Li+,30,3.38028,2.25352,0.0591338
Li+,30,3.66197,2.25352,0.0639045
Li+,30,3.94366,2.25352,0.0690471
Li+,30,4.22535,2.25352,0.074
Li+,30,4.50704,2.25352,0.0782473
Li+,30,4.78873,2.25352,0.0813773
Li+,30,5.07042,2.25352,0.0831299
Li+,30,5.35211,2.25352,0.0834256
Li+,30,5.6338,2.25352,0.082375
Li+,30,5.91549,2.25352,0.0802663
Li+,30,6.19718,2.25352,0.0775327
Li+,30,6.47887,2.25352,0.0747032
Li+,30,6.76056,2.25352,0.0723429
Li+,30,7.04225,2.25352,0.0709893
Li+,30,7.32394,2.25352,0.0710909
Li+,30,7.60563,2.25352,0.0729572
Li+,30,7.88732,2.25352,0.0767229
Li+,30,8.16901,2.25352,0.0823333
Li+,30,8.4507,2.25352,0.0895495
Li+,30,8.73239,2.25352,0.0979754
Li+,30,9.01408,2.25352,0.1071019
Li+,30,9.29577,2.25352,0.1163628
Li+,30,9.57746,2.25352,0.1251981
Li+,30,9.85915,2.25352,0.1331146
Li+,30,10.14085,2.25352,0.1397396
Li+,30,10.42254,2.25352,0.1448595
Li+,30,10.70423,2.25352,0.1484401
Li+,30,10.98592,2.25352,0.1506259
Li+,30,11.26761,2.25352,0.1517184
Li+,30,11.5493,2.25352,0.1521358
Li+,30,11.83099,2.25352,0.1523598
Li+,30,12.11268,2.25352,0.1528737
Li+,30,12.39437,2.25352,0.1541005
Li+,30,12.67606,2.25352,0.1563482
Li+,30,12.95775,2.25352,0.1597673
Li+,30,13.23944,2.25352,0.1643266
Li+,30,13.52113,2.25352,0.1698106
Li+,30,13.80282,2.25352,0.175838
Li+,30,14.08451,2.25352,0.1818993
Li+,30,14.3662,2.25352,0.1874109
Li+,30,14.64789,2.25352,0.1917784
Li+,30,14.92958,2.25352,0.1944619
Li+,30,15.21127,2.25352,0.1950375
Li+,30,15.49296,2.25352,0.1932463
Li+,30,15.77465,2.25352,0.1890266
Li+,30,16.05634,2.25352,0.1825249
Li+,30,16.33803,2.25352,0.1740849
Li+,30,16.61972,2.25352,0.1642153
Li+,30,16.90141,2.25352,0.1535397
Li+,30,17.1831,2.25352,0.1427347
Li+,30,17.46479,2.25352,0.1324621
Li+,30,17.74648,2.25352,0.1233037
Li+,30,18.02817,2.25352,0.1157047
Li+,30,18.30986,2.25352,0.109933
Li+,30,18.59155,2.25352,0.1060577
Li+,30,18.87324,2.25352,0.1039499
Li+,30,19.15493,2.25352,0.1033047
Li+,30,19.43662,2.25352,0.1036828
Li+,30,19.71831,2.25352,0.1045658
Li+,30,20.0,2.25352,0.1054193
Li+,30,0.0,2.53521,0.09871
Li+,30,0.28169,2.53521,0.0941354
Li+,30,0.56338,2.53521,0.0883261
Li+,30,0.84507,2.53521,0.0817726
Li+,30,1.12676,2.53521,0.0750467
Li+,30,1.40845,2.53521,0.0687395
Li+,30,1.69014,2.53521,0.0633968
Li+,30,1.97183,2.53521,0.0594602
Li+,30,2.25352,2.53521,0.0572191
Li+,30,2.53521,2.53521,0.0567809
Li+,30,2.8169,2.53521,0.0580609
Li+,30,3.09859,2.53521,0.0607944
Li+,30,3.38028,2.53521,0.0645685
Li+,30,3.66197,2.53521,0.0688709
Li+,30,3.94366,2.53521,0.0731498
Li+,30,4.22535,2.53521,0.0768781
Li+,30,4.50704,2.53521,0.0796144
Li+,30,4.78873,2.53521,0.0810545
Li+,30,5.07042,2.53521,0.0810671
Li+,30,5.35211,2.53521,0.07971
Li+,30,5.6338,2.53521,0.0772245
Li+,30,5.91549,2.53521,0.0740093
Li+,30,6.19718,2.53521,0.0705763
Li+,30,6.47887,2.53521,0.0674933
Li+,30,6.76056,2.53521,0.0653214
Li+,30,7.04225,2.53521,0.0645515
Li+,30,7.32394,2.53521,0.0655503
Li+,30,7.60563,2.53521,0.0685187
Li+,30,7.88732,2.53521,0.0734703
Li+,30,8.16901,2.53521,0.0802298
Li+,30,8.4507,2.53521,0.088453
Li+,30,8.73239,2.53521,0.0976656
Li+,30,9.01408,2.53521,0.107316
Li+,30,9.29577,2.53521,0.1168368
Li+,30,9.57746,2.53521,0.1257068
Li+,30,9.85915,2.53521,0.1335078
Li+,30,10.14085,2.53521,0.1399687
Li+,30,10.42254,2.53521,0.1449917
Li+,30,10.70423,2.53521,0.1486589
Li+,30,10.98592,2.53521,0.1512169
Li+,30,11.26761,2.53521,0.1530425
Li+,30,11.5493,2.53521,0.1545927
Li+,30,11.83099,2.53521,0.1563445
Li+,30,12.11268,2.53521,0.1587329
Li+,30,12.39437,2.53521,0.1620926
Li+,30,12.67606,2.53521,0.1666107
Li+,30,12.95775,2.53521,0.1722968
Li+,30,13.23944,2.53521,0.178973
Li+,30,13.52113,2.53521,0.1862858
Li+,30,13.80282,2.53521,0.1937384
Li+,30,14.08451,2.53521,0.2007407
Li+,30,14.3662,2.53521,0.2066705
Li+,30,14.64789,2.53521,0.2109404
Li+,30,14.92958,2.53521,0.2130612
Li+,30,15.21127,2.53521,0.2126973
Li+,30,15.49296,2.53521,0.2097048
Li+,30,15.77465,2.53521,0.2041511
Li+,30,16.05634,2.53521,0.1963113
Li+,30,16.33803,2.53521,0.1866427
Li+,30,16.61972,2.53521,0.1757407
Li+,30,16.90141,2.53521,0.1642798
Li+,30,17.1831,2.53521,0.1529467
Li+,30,17.46479,2.53521,0.142373
Li+,30,17.74648,2.53521,0.1330746
Li+,30,18.02817,2.53521,0.1254042
Li+,30,18.30986,2.53521,0.1195227
Li+,30,18.59155,2.53521,0.1153915
Li+,30,18.87324,2.53521,0.112787
Li+,30,19.15493,2.53521,0.1113355
Li+,30,19.43662,2.53521,0.1105636
Li+,30,19.71831,2.53521,0.1099595
Li+,30,20.0,2.53521,0.1090367
Li+,30,0.0,2.8169,0.1017209
Li+,30,0.28169,2.8169,0.0966778
Li+,30,0.56338,2.8169,0.0906281
Li+,30,0.84507,2.8169,0.0841189
Li+,30,1.12676,2.8169,0.0777392
Li+,30,1.40845,2.8169,0.0720553
Li+,30,1.69014,2.8169,0.0675494
Li+,30,1.97183,2.8169,0.0645672
Li+,30,2.25352,2.8169,0.0632812
Li+,30,2.53521,2.8169,0.0636745
Li+,30,2.8169,2.8169,0.0655445
Li+,30,3.09859,2.8169,0.0685291
Li+,30,3.38028,2.8169,0.07215
Li+,30,3.66197,2.8169,0.0758694
Li+,30,3.94366,2.8169,0.0791535
Li+,30,4.22535,2.8169,0.0815351
Li+,30,4.50704,2.8169,0.0826693
Li+,30,4.78873,2.8169,0.0823744
Li+,30,5.07042,2.8169,0.0806548
Li+,30,5.35211,2.8169,0.0777032
Li+,30,5.6338,2.8169,0.0738801
Li+,30,5.91549,2.8169,0.0696759
Li+,30,6.19718,2.8169,0.0656569
Li+,30,6.47887,2.8169,0.0624035
Li+,30,6.76056,2.8169,0.0604467
Li+,30,7.04225,2.8169,0.0602093
Li+,30,7.32394,2.8169,0.0619606
Li+,30,7.60563,2.8169,0.0657869
Li+,30,7.88732,2.8169,0.0715836
Li+,30,8.16901,2.8169,0.0790681
Li+,30,8.4507,2.8169,0.0878124
Li+,30,8.73239,2.8169,0.097292
Li+,30,9.01408,2.8169,0.1069452
Li+,30,9.29577,2.8169,0.1162353
Li+,30,9.57746,2.8169,0.12471
Li+,30,9.85915,2.8169,0.1320501
Li+,30,10.14085,2.8169,0.1381016
Li+,30,10.42254,2.8169,0.1428891
Li+,30,10.70423,2.8169,0.1466072
Li+,30,10.98592,2.8169,0.1495918
Li+,30,11.26761,2.8169,0.1522745
Li+,30,11.5493,2.8169,0.1551252
Li+,30,11.83099,2.8169,0.1585892
Li+,30,12.11268,2.8169,0.1630268
Li+,30,12.39437,2.8169,0.1686621
Li+,30,12.67606,2.8169,0.1755464
Li+,30,12.95775,2.8169,0.1835417
Li+,30,13.23944,2.8169,0.1923258
Li+,30,13.52113,2.8169,0.2014184
Li+,30,13.80282,2.8169,0.210226
Li+,30,14.08451,2.8169,0.2181016
Li+,30,14.3662,2.8169,0.2244103
Li+,30,14.64789,2.8169,0.2285963
Li+,30,14.92958,2.8169,0.2302419
Li+,30,15.21127,2.8169,0.2291134
Li+,30,15.49296,2.8169,0.2251872
Li+,30,15.77465,2.8169,0.2186554
Li+,30,16.05634,2.8169,0.2099073
Li+,30,16.33803,2.8169,0.1994917
Li+,30,16.61972,2.8169,0.1880623
Li+,30,16.90141,2.8169,0.1763127
Li+,30,17.1831,2.8169,0.164908
Li+,30,17.46479,2.8169,0.1544212
Li+,30,17.74648,2.8169,0.1452797
Li+,30,18.02817,2.8169,0.1377297
Li+,30,18.30986,2.8169,0.1318208
Li+,30,18.59155,2.8169,0.127412
Li+,30,18.87324,2.8169,0.1241998
Li+,30,19.15493,2.8169,0.1217635
Li+,30,19.43662,2.8169,0.1196224
Li+,30,19.71831,2.8169,0.1172992
Li+,30,20.0,2.8169,0.1143818
Li+,30,0.0,3.09859,0.1025113
Li+,30,0.28169,3.09859,0.0973913
Li+,30,0.56338,3.09859,0.091558
Li+,30,0.84507,3.09859,0.0855855
Li+,30,1.12676,3.09859,0.0800481
Li+,30,1.40845,3.09859,0.0754567
Li+,30,1.69014,3.09859,0.0722028
Li+,30,1.97183,3.09859,0.0705166
Li+,30,2.25352,3.09859,0.0704427
Li+,30,2.53521,3.09859,0.0718381
Li+,30,2.8169,3.09859,0.0743903
Li+,30,3.09859,3.09859,0.0776558
Li+,30,3.38028,3.09859,0.0811127
Li+,30,3.66197,3.09859,0.0842229
Li+,30,3.94366,3.09859,0.0864954
Li+,30,4.22535,3.09859,0.0875451
Li+,30,4.50704,3.09859,0.0871393
Li+,30,4.78873,3.09859,0.0852266
Li+,30,5.07042,3.09859,0.0819464
Li+,30,5.35211,3.09859,0.0776154
Li+,30,5.6338,3.09859,0.0726952
Li+,30,5.91549,3.09859,0.0677433
Li+,30,6.19718,3.09859,0.0633526
Li+,30,6.47887,3.09859,0.060088
Li+,30,6.76056,3.09859,0.058425
Li+,30,7.04225,3.09859,0.0586995
Li+,30,7.32394,3.09859,0.0610722
Li+,30,7.60563,3.09859,0.0655136
Li+,30,7.88732,3.09859,0.0718099
Li+,30,8.16901,3.09859,0.0795891
Li+,30,8.4507,3.09859,0.0883652
Li+,30,8.73239,3.09859,0.0975943
Li+,30,9.01408,3.09859,0.1067367
Li+,30,9.29577,3.09859,0.1153178
Li+,30,9.57746,3.09859,0.1229808
Li+,30,9.85915,3.09859,0.1295242
Li+,30,10.14085,3.09859,0.134922
Li+,30,10.42254,3.09859,0.1393215
Li+,30,10.70423,3.09859,0.1430212
Li+,30,10.98592,3.09859,0.1464292
Li+,30,11.26761,3.09859,0.1500093
Li+,30,11.5493,3.09859,0.1542187
Li+,30,11.83099,3.09859,0.1594455
Li+,30,12.11268,3.09859,0.1659537
Li+,30,12.39437,3.09859,0.1738408
Li+,30,12.67606,3.09859,0.1830146
Li+,30,12.95775,3.09859,0.1931911
Li+,30,13.23944,3.09859,0.2039138
Li+,30,13.52113,3.09859,0.2145939
Li+,30,13.80282,3.09859,0.2245657
Li+,30,14.08451,3.09859,0.2331521
Li+,30,14.3662,3.09859,0.2397326
Li+,30,14.64789,3.09859,0.2438069
Li+,30,14.92958,3.09859,0.2450461
Li+,30,15.21127,3.09859,0.2433278
Li+,30,15.49296,3.09859,0.2387484
Li+,30,15.77465,3.09859,0.231614
Li+,30,16.05634,3.09859,0.222409
Li+,30,16.33803,3.09859,0.2117471
Li+,30,16.61972,3.09859,0.2003094
Li+,30,16.90141,3.09859,0.188776
Li+,30,17.1831,3.09859,0.1777602
Li+,30,17.46479,3.09859,0.1677506
Li+,30,17.74648,3.09859,0.1590685
Li+,30,18.02817,3.09859,0.1518448
Li+,30,18.30986,3.09859,0.1460185
Li+,30,18.59155,3.09859,0.141357
Li+,30,18.87324,3.09859,0.137495
Li+,30,19.15493,3.09859,0.1339884
Li+,30,19.43662,3.09859,0.1303754
Li+,30,19.71831,3.09859,0.1262391
Li+,30,20.0,3.09859,0.1212633
Li+,30,0.0,3.38028,0.1007196
Li+,30,0.28169,3.38028,0.0958618
Li+,30,0.56338,3.38028,0.0906397
Li+,30,0.84507,3.38028,0.0856247
Li+,30,1.12676,3.38028,0.0813457
Li+,30,1.40845,3.38028,0.0782307
Li+,30,1.69014,3.38028,0.0765591
Li+,30,1.97183,3.38028,0.0764317
Li+,30,2.25352,3.38028,0.077761
Li+,30,2.53521,3.38028,0.0802827
Li+,30,2.8169,3.38028,0.083588
Li+,30,3.09859,3.38028,0.0871717
Li+,30,3.38028,3.38028,0.0904925
Li+,30,3.66197,3.38028,0.0930364
Li+,30,3.94366,3.38028,0.0943778
Li+,30,4.22535,3.38028,0.0942306
Li+,30,4.50704,3.38028,0.0924838
Li+,30,4.78873,3.38028,0.089217
Li+,30,5.07042,3.38028,0.0846953
Li+,30,5.35211,3.38028,0.0793421
Li+,30,5.6338,3.38028,0.0736957
Li+,30,5.91549,3.38028,0.0683515
Li+,30,6.19718,3.38028,0.0638989
Li+,30,6.47887,3.38028,0.0608586
Li+,30,6.76056,3.38028,0.0596276
Li+,30,7.04225,3.38028,0.0604389
Li+,30,7.32394,3.38028,0.0633386
Li+,30,7.60563,3.38028,0.0681852
Li+,30,7.88732,3.38028,0.074669
Li+,30,8.16901,3.38028,0.0823509
Li+,30,8.4507,3.38028,0.0907149
Li+,30,8.73239,3.38028,0.0992289
Li+,30,9.01408,3.38028,0.1074066
Li+,30,9.29577,3.38028,0.1148629
Li+,30,9.57746,3.38028,0.1213579
Li+,30,9.85915,3.38028,0.1268216
Li+,30,10.14085,3.38028,0.1313597
Li+,30,10.42254,3.38028,0.1352367
Li+,30,10.70423,3.38028,0.1388409
Li+,30,10.98592,3.38028,0.1426325
Li+,30,11.26761,3.38028,0.1470835
Li+,30,11.5493,3.38028,0.1526136
Li+,30,11.83099,3.38028,0.1595319
Li+,30,12.11268,3.38028,0.167989
Li+,30,12.39437,3.38028,0.1779473
Li+,30,12.67606,3.38028,0.1891709
Li+,30,12.95775,3.38028,0.2012389
Li+,30,13.23944,3.38028,0.2135784
Li+,30,13.52113,3.38028,0.2255165
Li+,30,13.80282,3.38028,0.2363435
Li+,30,14.08451,3.38028,0.2453817
Li+,30,14.3662,3.38028,0.2520518
Li+,30,14.64789,3.38028,0.2559306
Li+,30,14.92958,3.38028,0.2567923
Li+,30,15.21127,3.38028,0.2546298
Li+,30,15.49296,3.38028,0.2496538
Li+,30,15.77465,3.38028,0.2422692
Li+,30,16.05634,3.38028,0.2330321
Li+,30,16.33803,3.38028,0.2225923
Li+,30,16.61972,3.38028,0.2116261
Li+,30,16.90141,3.38028,0.2007695
Li+,30,17.1831,3.38028,0.1905566
Li+,30,17.46479,3.38028,0.1813709
Li+,30,17.74648,3.38028,0.1734153
Li+,30,18.02817,3.38028,0.1667028
Li+,30,18.30986,3.38028,0.1610687
Li+,30,18.59155,3.38028,0.1562034
Li+,30,18.87324,3.38028,0.1517014
Li+,30,19.15493,3.38028,0.1471196
Li+,30,19.43662,3.38028,0.1420401
Li+,30,19.71831,3.38028,0.1361283
Li+,30,20.0,3.38028,0.1291804
Li+,30,0.0,3.66197,0.0963344
Li+,30,0.28169,3.66197,0.0919966
Li+,30,0.56338,3.66197,0.0876849
Li+,30,0.84507,3.66197,0.0839382
Li+,30,1.12676,3.66197,0.0812133
Li+,30,1.40845,3.66197,0.0798326
Li+,30,1.69014,3.66197,0.0799485
Li+,30,1.97183,3.66197,0.0815261
Li+,30,2.25352,3.66197,0.0843485
Li+,30,2.53521,3.66197,0.0880417
Li+,30,2.8169,3.66197,0.0921191
Li+,30,3.09859,3.66197,0.0960377
Li+,30,3.38028,3.66197,0.0992612
Li+,30,3.66197,3.66197,0.1013234
Li+,30,3.94366,3.66197,0.101883
Li+,30,4.22535,3.66197,0.1007646
Li+,30,4.50704,3.66197,0.0979818
Li+,30,4.78873,3.66197,0.0937386
Li+,30,5.07042,3.66197,0.0884099
Li+,30,5.35211,3.66197,0.0825022
Li+,30,5.6338,3.66197,0.0766008
Li+,30,5.91549,3.66197,0.0713075
Li+,30,6.19718,3.66197,0.0671771
Li+,30,6.47887,3.66197,0.0646589
Li+,30,6.76056,3.66197,0.0640512
Li+,30,7.04225,3.66197,0.0654724
Li+,30,7.32394,3.66197,0.0688528
Li+,30,7.60563,3.66197,0.0739472
Li+,30,7.88732,3.66197,0.080368
Li+,30,8.16901,3.66197,0.0876334
Li+,30,8.4507,3.66197,0.0952264
Li+,30,8.73239,3.66197,0.1026567
Li+,30,9.01408,3.66197,0.1095189
Li+,30,9.29577,3.66197,0.1155406
Li+,30,9.57746,3.66197,0.1206139
Li+,30,9.85915,3.66197,0.1248065
Li+,30,10.14085,3.66197,0.1283526
Li+,30,10.42254,3.66197,0.1316227
Li+,30,10.70423,3.66197,0.1350759
Li+,30,10.98592,3.66197,0.1392017
Li+,30,11.26761,3.66197,0.1444554
Li+,30,11.5493,3.66197,0.1511969
Li+,30,11.83099,3.66197,0.1596379
Li+,30,12.11268,3.66197,0.1698052
Li+,30,12.39437,3.66197,0.1815235
Li+,30,12.67606,3.66197,0.1944212
Li+,30,12.95775,3.66197,0.2079566
Li+,30,13.23944,3.66197,0.2214646
Li+,30,13.52113,3.66197,0.2342171
Li+,30,13.80282,3.66197,0.2454915
Li+,30,14.08451,3.66197,0.2546393
Li+,30,14.3662,3.66197,0.2611483
Li+,30,14.64789,3.66197,0.2646911
Li+,30,14.92958,3.66197,0.2651539
Li+,30,15.21127,3.66197,0.2626447
Li+,30,15.49296,3.66197,0.2574779
Li+,30,15.77465,3.66197,0.2501378
Li+,30,16.05634,3.66197,0.2412266
Li+,30,16.33803,3.66197,0.2313996
Li+,30,16.61972,3.66197,0.2212987
Li+,30,16.90141,3.66197,0.2114875
Li+,30,17.1831,3.66197,0.2023985
Li+,30,17.46479,3.66197,0.1942958
Li+,30,17.74648,3.66197,0.1872584
Li+,30,18.02817,3.66197,0.1811851
Li+,30,18.30986,3.66197,0.1758199
Li+,30,18.59155,3.66197,0.170796
Li+,30,18.87324,3.66197,0.1656904
Li+,30,19.15493,3.66197,0.1600862
Li+,30,19.43662,3.66197,0.1536317
Li+,30,19.71831,3.66197,0.1460922
Li+,30,20.0,3.66197,0.1373865
Li+,30,0.0,3.94366,0.0897115
Li+,30,0.28169,3.94366,0.0860567
Li+,30,0.56338,3.94366,0.0828391
Li+,30,0.84507,3.94366,0.080539
Li+,30,1.12676,3.94366,0.0795182
Li+,30,1.40845,3.94366,0.0799779
Li+,30,1.69014,3.94366,0.0819355
Li+,30,1.97183,3.94366,0.085222
Li+,30,2.25352,3.94366,0.0895012
Li+,30,2.53521,3.94366,0.0943077
Li+,30,2.8169,3.94366,0.0991002
Li+,30,3.09859,3.94366,0.1033235
Li+,30,3.38028,3.94366,0.106472
Li+,30,3.66197,3.94366,0.1081485
Li+,30,3.94366,3.94366,0.1081106
Li+,30,4.22535,3.94366,0.1063001
Li+,30,4.50704,3.94366,0.1028518
Li+,30,4.78873,3.94366,0.0980807
Li+,30,5.07042,3.94366,0.0924497
Li+,30,5.35211,3.94366,0.08652
Li+,30,5.6338,3.94366,0.0808919
Li+,30,5.91549,3.94366,0.0761407
Li+,30,6.19718,3.94366,0.0727563
Li+,30,6.47887,3.94366,0.0710927
Li+,30,6.76056,3.94366,0.0713331
Li+,30,7.04225,3.94366,0.0734749
Li+,30,7.32394,3.94366,0.0773358
Li+,30,7.60563,3.94366,0.0825802
Li+,30,7.88732,3.94366,0.0887632
Li+,30,8.16901,3.94366,0.0953864
Li+,30,8.4507,3.94366,0.1019598
Li+,30,8.73239,3.94366,0.1080622
Li+,30,9.01408,3.94366,0.1133923
Li+,30,9.29577,3.94366,0.1178066
Li+,30,9.57746,3.94366,0.1213369
Li+,30,9.85915,3.94366,0.1241876
Li+,30,10.14085,3.94366,0.1267116
Li+,30,10.42254,3.94366,0.1293672
Li+,30,10.70423,3.94366,0.1326622
Li+,30,10.98592,3.94366,0.13709
Li+,30,11.26761,3.94366,0.1430655
Li+,30,11.5493,3.94366,0.1508683
Li+,30,11.83099,3.94366,0.1605994
Li+,30,12.11268,3.94366,0.1721567
Li+,30,12.39437,3.94366,0.1852327
Li+,30,12.67606,3.94366,0.1993334
Li+,30,12.95775,3.94366,0.2138195
Li+,30,13.23944,3.94366,0.227962
Li+,30,13.52113,3.94366,0.2410097
Li+,30,13.80282,3.94366,0.2522591
Li+,30,14.08451,3.94366,0.2611199
Li+,30,14.3662,3.94366,0.2671697
Li+,30,14.64789,3.94366,0.2701909
Li+,30,14.92958,3.94366,0.2701867
Li+,30,15.21127,3.94366,0.2673745
Li+,30,15.49296,3.94366,0.2621575
Li+,30,15.77465,3.94366,0.2550773
Li+,30,16.05634,3.94366,0.2467546
Li+,30,16.33803,3.94366,0.237822
Li+,30,16.61972,3.94366,0.2288586
Li+,30,16.90141,3.94366,0.220333
Li+,30,17.1831,3.94366,0.2125601
Li+,30,17.46479,3.94366,0.205677
Li+,30,17.74648,3.94366,0.1996407
Li+,30,18.02817,3.94366,0.1942464
Li+,30,18.30986,3.94366,0.189165
Li+,30,18.59155,3.94366,0.1839947
Li+,30,18.87324,3.94366,0.1783206
Li+,30,19.15493,3.94366,0.1717752
Li+,30,19.43662,3.94366,0.1640928
Li+,30,19.71831,3.94366,0.155151
Li+,30,20.0,3.94366,0.1449955
Li+,30,0.0,4.22535,0.0815365
Li+,30,0.28169,4.22535,0.0786344
Li+,30,0.56338,4.22535,0.076577
Li+,30,0.84507,4.22535,0.0757636
Li+,30,1.12676,4.22535,0.0764445
Li+,30,1.40845,4.22535,0.0786907
Li+,30,1.69014,4.22535,0.0823848
Li+,30,1.97183,4.22535,0.0872328
Li+,30,2.25352,4.22535,0.0927968
Li+,30,2.53521,4.22535,0.0985435
Li+,30,2.8169,4.22535,0.1039041
Li+,30,3.09859,4.22535,0.1083382
Li+,30,3.38028,4.22535,0.1113953
Li+,30,3.66197,4.22535,0.1127659
Li+,30,3.94366,4.22535,0.1123169
Li+,30,4.22535,4.22535,0.1101078
Li+,30,4.50704,4.22535,0.1063853
Li+,30,4.78873,4.22535,0.101557
Li+,30,5.07042,4.22535,0.0961473
Li+,30,5.35211,4.22535,0.0907409
Li+,30,5.6338,4.22535,0.0859198
Li+,30,5.91549,4.22535,0.0822012
Li+,30,6.19718,4.22535,0.0799828
Li+,30,6.47887,4.22535,0.0795031
Li+,30,6.76056,4.22535,0.0808194
Li+,30,7.04225,4.22535,0.0838072
Li+,30,7.32394,4.22535,0.0881801
Li+,30,7.60563,4.22535,0.0935291
Li+,30,7.88732,4.22535,0.0993748
Li+,30,8.16901,4.22535,0.1052283
Li+,30,8.4507,4.22535,0.1106532
Li+,30,8.73239,4.22535,0.1153198
Li+,30,9.01408,4.22535,0.1190484
Li+,30,9.29577,4.22535,0.1218331
Li+,30,9.57746,4.22535,0.1238463
Li+,30,9.85915,4.22535,0.1254197
Li+,30,10.14085,4.22535,0.1270081
Li+,30,10.42254,4.22535,0.1291352
Li+,30,10.70423,4.22535,0.1323315
Li+,30,10.98592,4.22535,0.1370685
Li+,30,11.26761,4.22535,0.1436976
Li+,30,11.5493,4.22535,0.1524015
Li+,30,11.83099,4.22535,0.1631621
Li+,30,12.11268,4.22535,0.1757496
Li+,30,12.39437,4.22535,0.1897346
Li+,30,12.67606,4.22535,0.2045213
Li+,30,12.95775,4.22535,0.2193993
Li+,30,13.23944,4.22535,0.2336076
Li+,30,13.52113,4.22535,0.2464048
Li+,30,13.80282,4.22535,0.2571374
Li+,30,14.08451,4.22535,0.2652996
Li+,30,14.3662,4.22535,0.2705769
Li+,30,14.64789,4.22535,0.2728709
Li+,30,14.92958,4.22535,0.2723009
Li+,30,15.21127,4.22535,0.2691833
Li+,30,15.49296,4.22535,0.2639915
Li+,30,15.77465,4.22535,0.2573003
Li+,30,16.05634,4.22535,0.2497218
Li+,30,16.33803,4.22535,0.2418387
Li+,30,16.61972,4.22535,0.2341449
Li+,30,16.90141,4.22535,0.2269966
Li+,30,17.1831,4.22535,0.2205822
Li+,30,17.46479,4.22535,0.2149123
Li+,30,17.74648,4.22535,0.2098308
Li+,30,18.02817,4.22535,0.2050464
Li+,30,18.30986,4.22535,0.2001796
Li+,30,18.59155,4.22535,0.1948195
Li+,30,18.87324,4.22535,0.1885844
Li+,30,19.15493,4.22535,0.1811783
Li+,30,19.43662,4.22535,0.172437
Li+,30,19.71831,4.22535,0.1623583
Li+,30,20.0,4.22535,0.1511123
Li+,30,0.0,4.50704,0.0727367
Li+,30,0.28169,4.50704,0.0705796
Li+,30,0.56338,4.50704,0.0696445
Li+,30,0.84507,4.50704,0.0702323
Li+,30,1.12676,4.50704,0.0724713
Li+,30,1.40845,4.50704,0.0763012
Li+,30,1.69014,4.50704,0.0814775
Li+,30,1.97183,4.50704,0.0875983
Li+,30,2.25352,4.50704,0.0941472
Li+,30,2.53521,4.50704,0.1005509
Li+,30,2.8169,4.50704,0.1062425
Li+,30,3.09859,4.50704,0.1107243
Li+,30,3.38028,4.50704,0.1136232
Li+,30,3.66197,4.50704,0.1147322
Li+,30,3.94366,4.50704,0.1140333
Li+,30,4.22535,4.50704,0.1116991
Li+,30,4.50704,4.50704,0.1080736
Li+,30,4.78873,4.50704,0.1036339
Li+,30,5.07042,4.50704,0.0989371
Li+,30,5.35211,4.50704,0.0945592
Li+,30,5.6338,4.50704,0.0910315
Li+,30,5.91549,4.50704,0.0887841
Li+,30,6.19718,4.50704,0.0881001
Li+,30,6.47887,4.50704,0.0890882
Li+,30,6.76056,4.50704,0.091675
Li+,30,7.04225,4.50704,0.0956186
Li+,30,7.32394,4.50704,0.1005425
Li+,30,7.60563,4.50704,0.1059842
Li+,30,7.88732,4.50704,0.1114543
Li+,30,8.16901,4.50704,0.1164988
Li+,30,8.4507,4.50704,0.1207575
Li+,30,8.73239,4.50704,0.1240105
Li+,30,9.01408,4.50704,0.1262098
Li+,30,9.29577,4.50704,0.1274893
Li+,30,9.57746,4.50704,0.1281536
Li+,30,9.85915,4.50704,0.1286465
Li+,30,10.14085,4.50704,0.1295018
Li+,30,10.42254,4.50704,0.131282
Li+,30,10.70423,4.50704,0.1345122
Li+,30,10.98592,4.50704,0.1396163
Li+,30,11.26761,4.50704,0.146862
Li+,30,11.5493,4.50704,0.1563225
Li+,30,11.83099,4.50704,0.1678567
Li+,30,12.11268,4.50704,0.1811139
Li+,30,12.39437,4.50704,0.1955591
Li+,30,12.67606,4.50704,0.2105187
Li+,30,12.95775,4.50704,0.2252414
Li+,30,13.23944,4.50704,0.2389664
Li+,30,13.52113,4.50704,0.2509942
Li+,30,13.80282,4.50704,0.2607494
Li+,30,14.08451,4.50704,0.2678319
Li+,30,14.3662,4.50704,0.2720484
Li+,30,14.64789,4.50704,0.2734225
Li+,30,14.92958,4.50704,0.2721831
Li+,30,15.21127,4.50704,0.2687307
Li+,30,15.49296,4.50704,0.2635874
Li+,30,15.77465,4.50704,0.2573359
Li+,30,16.05634,4.50704,0.2505537
Li+,30,16.33803,4.50704,0.2437508
Li+,30,16.61972,4.50704,0.2373175
Li+,30,16.90141,4.50704,0.2314877
Li+,30,17.1831,4.50704,0.2263221
Li+,30,17.46479,4.50704,0.2217123
Li+,30,17.74648,4.50704,0.2174058
Li+,30,18.02817,4.50704,0.2130474
Li+,30,18.30986,4.50704,0.2082334
Li+,30,18.59155,4.50704,0.202571
Li+,30,18.87324,4.50704,0.1957367
Li+,30,19.15493,4.50704,0.1875253
Li+,30,19.43662,4.50704,0.1778858
Li+,30,19.71831,4.50704,0.1669381
Li+,30,20.0,4.50704,0.1549693
Li+,30,0.0,4.78873,0.0643572
Li+,30,0.28169,4.78873,0.0628859
Li+,30,0.56338,4.78873,0.0629573
Li+,30,0.84507,4.78873,0.0647616
Li+,30,1.12676,4.78873,0.0683019
Li+,30,1.40845,4.78873,0.073392
Li+,30,1.69014,4.78873,0.0796762
Li+,30,1.97183,4.78873,0.0866668
Li+,30,2.25352,4.78873,0.0937977
Li+,30,2.53521,4.78873,0.1004865
Li+,30,2.8169,4.78873,0.1061984
Li+,30,3.09859,4.78873,0.1105046
Li+,30,3.38028,4.78873,0.1131291
Li+,30,3.66197,4.78873,0.1139779
Li+,30,3.94366,4.78873,0.1131486
Li+,30,4.22535,4.78873,0.1109174
Li+,30,4.50704,4.78873,0.1077069
Li+,30,4.78873,4.78873,0.104038
Li+,30,5.07042,4.78873,0.1004701
Li+,30,5.35211,4.78873,0.0975389
Li+,30,5.6338,4.78873,0.095696
Li+,30,5.91549,4.78873,0.0952602
Li+,30,6.19718,4.78873,0.0963834
Li+,30,6.47887,4.78873,0.0990366
Li+,30,6.76056,4.78873,0.1030177
Li+,30,7.04225,4.78873,0.1079787
Li+,30,7.32394,4.78873,0.1134706
Li+,30,7.60563,4.78873,0.1190005
Li+,30,7.88732,4.78873,0.1240939
Li+,30,8.16901,4.78873,0.1283552
Li+,30,8.4507,4.78873,0.1315192
Li+,30,8.73239,4.78873,0.1334884
Li+,30,9.01408,4.78873,0.1343498
Li+,30,9.29577,4.78873,0.1343712
Li+,30,9.57746,4.78873,0.1339755
Li+,30,9.85915,4.78873,0.133696
Li+,30,10.14085,4.78873,0.1341184
Li+,30,10.42254,4.78873,0.1358146
Li+,30,10.70423,4.78873,0.1392763
Li+,30,10.98592,4.78873,0.1448555
Li+,30,11.26761,4.78873,0.1527191
Li+,30,11.5493,4.78873,0.1628222
Li+,30,11.83099,4.78873,0.1749031
Li+,30,12.11268,4.78873,0.1885015
Li+,30,12.39437,4.78873,0.2029972
Li+,30,12.67606,4.78873,0.217666
Li+,30,12.95775,4.78873,0.2317463
Li+,30,13.23944,4.78873,0.2445094
Li+,30,13.52113,4.78873,0.2553263
Li+,30,13.80282,4.78873,0.2637234
Li+,30,14.08451,4.78873,0.2694216
Li+,30,14.3662,4.78873,0.2723548
Li+,30,14.64789,4.78873,0.2726655
Li+,30,14.92958,4.78873,0.27068
Li+,30,15.21127,4.78873,0.2668634
Li+,30,15.49296,4.78873,0.2617628
Li+,30,15.77465,4.78873,0.2559433
Li+,30,16.05634,4.78873,0.2499244
Li+,30,16.33803,4.78873,0.2441242
Li+,30,16.61972,4.78873,0.2388178
Li+,30,16.90141,4.78873,0.2341138
Li+,30,17.1831,4.78873,0.2299511
Li+,30,17.46479,4.78873,0.2261178
Li+,30,17.74648,4.78873,0.2222865
Li+,30,18.02817,4.78873,0.2180654
Li+,30,18.30986,4.78873,0.2130556
Li+,30,18.59155,4.78873,0.2069099
Li+,30,18.87324,4.78873,0.1993859
Li+,30,19.15493,4.78873,0.1903853
Li+,30,19.43662,4.78873,0.1799771
Li+,30,19.71831,4.78873,0.1684005
Li+,30,20.0,4.78873,0.1560464
Li+,30,0.0,5.07042,0.0574167
Li+,30,0.28169,5.07042,0.0565518
Li+,30,0.56338,5.07042,0.0574701
Li+,30,0.84507,5.07042,0.060244
Li+,30,1.12676,5.07042,0.0647546
Li+,30,1.40845,5.07042,0.070703
Li+,30,1.69014,5.07042,0.0776426
Li+,30,1.97183,5.07042,0.0850281
Li+,30,2.25352,5.07042,0.0922752
Li+,30,2.53521,5.07042,0.0988245
Li+,30,2.8169,5.07042,0.1042024
Li+,30,3.09859,5.07042,0.1080726
Li+,30,3.38028,5.07042,0.1102716
Li+,30,3.66197,5.07042,0.1108242
Li+,30,3.94366,5.07042,0.1099389
Li+,30,4.22535,5.07042,0.1079814
Li+,30,4.50704,5.07042,0.1054309
Li+,30,4.78873,5.07042,0.1028246
Li+,30,5.07042,5.07042,0.1006947
Li+,30,5.35211,5.07042,0.0995075
Li+,30,5.6338,5.07042,0.0996103
Li+,30,5.91549,5.07042,0.1011924
Li+,30,6.19718,5.07042,0.1042646
Li+,30,6.47887,5.07042,0.1086606
Li+,30,6.76056,5.07042,0.1140581
Li+,30,7.04225,5.07042,0.1200194
Li+,30,7.32394,5.07042,0.1260456
Li+,30,7.60563,5.07042,0.1316383
Li+,30,7.88732,5.07042,0.1363621
Li+,30,8.16901,5.07042,0.1399005
Li+,30,8.4507,5.07042,0.1420985
Li+,30,8.73239,5.07042,0.1429864
Li+,30,9.01408,5.07042,0.1427838
Li+,30,9.29577,5.07042,0.14188
Li+,30,9.57746,5.07042,0.1407952
Li+,30,9.85915,5.07042,0.1401259
Li+,30,10.14085,5.07042,0.1404797
Li+,30,10.42254,5.07042,0.1424077
Li+,30,10.70423,5.07042,0.1463406
Li+,30,10.98592,5.07042,0.1525379
Li+,30,11.26761,5.07042,0.1610527
Li+,30,11.5493,5.07042,0.1717189
Li+,30,11.83099,5.07042,0.1841606
Li+,30,12.11268,5.07042,0.1978243
Li+,30,12.39437,5.07042,0.2120282
Li+,30,12.67606,5.07042,0.2260256
Li+,30,12.95775,5.07042,0.2390752
Li+,30,13.23944,5.07042,0.250509
Li+,30,13.52113,5.07042,0.2597928
Li+,30,13.80282,5.07042,0.2665716
Li+,30,14.08451,5.07042,0.2706959
Li+,30,14.3662,5.07042,0.2722257
Li+,30,14.64789,5.07042,0.2714124
Li+,30,14.92958,5.07042,0.2686617
Li+,30,15.21127,5.07042,0.2644805
Li+,30,15.49296,5.07042,0.2594157
Li+,30,15.77465,5.07042,0.2539901
Li+,30,16.05634,5.07042,0.2486446
Li+,30,16.33803,5.07042,0.2436915
Li+,30,16.61972,5.07042,0.2392851
Li+,30,16.90141,5.07042,0.2354121
Li+,30,17.1831,5.07042,0.2319032
Li+,30,17.46479,5.07042,0.2284633
Li+,30,17.74648,5.07042,0.2247177
Li+,30,18.02817,5.07042,0.2202673
Li+,30,18.30986,5.07042,0.2147478
Li+,30,18.59155,5.07042,0.2078841
Li+,30,18.87324,5.07042,0.1995347
Li+,30,19.15493,5.07042,0.1897198
Li+,30,19.43662,5.07042,0.1786305
Li+,30,19.71831,5.07042,0.1666171
Li+,30,20.0,5.07042,0.154158
Li+,30,0.0,5.35211,0.0527663
Li+,30,0.28169,5.35211,0.0524391
Li+,30,0.56338,5.35211,0.0540358
Li+,30,0.84507,5.35211,0.0575111
Li+,30,1.12676,5.35211,0.0626328
Li+,30,1.40845,5.35211,0.0690072
Li+,30,1.69014,5.35211,0.0761231
Li+,30,1.97183,5.35211,0.0834084
Li+,30,2.25352,5.35211,0.0902929
Li+,30,2.53521,5.35211,0.0962714
Li+,30,2.8169,5.35211,0.1009586
Li+,30,3.09859,5.35211,0.1041297
Li+,30,3.38028,5.35211,0.1057437
Li+,30,3.66197,5.35211,0.1059446
Li+,30,3.94366,5.35211,0.1050421
Li+,30,4.22535,5.35211,0.1034732
Li+,30,4.50704,5.35211,0.1017496
Li+,30,4.78873,5.35211,0.1003968
Li+,30,5.07042,5.35211,0.0998918
Li+,30,5.35211,5.35211,0.1006069
Li+,30,5.6338,5.35211,0.1027659
Li+,30,5.91549,5.35211,0.1064177
Li+,30,6.19718,5.35211,0.1114303
Li+,30,6.47887,5.35211,0.1175069
Li+,30,6.76056,5.35211,0.1242207
Li+,30,7.04225,5.35211,0.1310664
Li+,30,7.32394,5.35211,0.1375201
Li+,30,7.60563,5.35211,0.1431039
Li+,30,7.88732,5.35211,0.1474448
Li+,30,8.16901,5.35211,0.1503232
Li+,30,8.4507,5.35211,0.1517033
Li+,30,8.73239,5.35211,0.1517447
Li+,30,9.01408,5.35211,0.1507898
Li+,30,9.29577,5.35211,0.1493315
Li+,30,9.57746,5.35211,0.1479627
Li+,30,9.85915,5.35211,0.1473132
Li+,30,10.14085,5.35211,0.1479816
Li+,30,10.42254,5.35211,0.1504688
Li+,30,10.70423,5.35211,0.1551208
Li+,30,10.98592,5.35211,0.1620873
Li+,30,11.26761,5.35211,0.1712999
Li+,30,11.5493,5.35211,0.1824738
Li+,30,11.83099,5.35211,0.1951309
Li+,30,12.11268,5.35211,0.2086439
Li+,30,12.39437,5.35211,0.2222948
Li+,30,12.67606,5.35211,0.2353434
Li+,30,12.95775,5.35211,0.2470961
Li+,30,13.23944,5.35211,0.2569701
Li+,30,13.52113,5.35211,0.2645442
Li+,30,13.80282,5.35211,0.2695921
Li+,30,14.08451,5.35211,0.2720943
Li+,30,14.3662,5.35211,0.2722285
Li+,30,14.64789,5.35211,0.2703382
Li+,30,14.92958,5.35211,0.2668861
Li+,30,15.21127,5.35211,0.2623951
Li+,30,15.49296,5.35211,0.2573855
Li+,30,15.77465,5.35211,0.2523153
Li+,30,16.05634,5.35211,0.2475298
Li+,30,16.33803,5.35211,0.2432266
Li+,30,16.61972,5.35211,0.2394396
Li+,30,16.90141,5.35211,0.236044
Li+,30,17.1831,5.35211,0.2327806
Li+,30,17.46479,5.35211,0.2292971
Li+,30,17.74648,5.35211,0.2252007
Li+,30,18.02817,5.35211,0.2201164
Li+,30,18.30986,5.35211,0.213743
Li+,30,18.59155,5.35211,0.2059007
Li+,30,18.87324,5.35211,0.1965649
Li+,30,19.15493,5.35211,0.1858807
Li+,30,19.43662,5.35211,0.1741581
Li+,30,19.71831,5.35211,0.161846
Li+,30,20.0,5.35211,0.1494898
Li+,30,0.0,5.6338,0.0509719
Li+,30,0.28169,5.6338,0.0511476
Li+,30,0.56338,5.6338,0.0532777
Li+,30,0.84507,5.6338,0.057203
Li+,30,1.12676,5.6338,0.0625924
Li+,30,1.40845,5.6338,0.0689804
Li+,30,1.69014,5.6338,0.0758198
Li+,30,1.97183,5.6338,0.0825432
Li+,30,2.25352,5.6338,0.0886269
Li+,30,2.53521,5.6338,0.0936482
Li+,30,2.8169,5.6338,0.0973318
Li+,30,3.09859,5.6338,0.0995787
Li+,30,3.38028,5.6338,0.1004742
Li+,30,3.66197,5.6338,0.1002758
Li+,30,3.94366,5.6338,0.0993798
Li+,30,4.22535,5.6338,0.098273
Li+,30,4.50704,5.6338,0.0974737
Li+,30,4.78873,5.6338,0.0974689
Li+,30,5.07042,5.6338,0.0986556
Li+,30,5.35211,5.6338,0.1012924
Li+,30,5.6338,5.6338,0.105467
Li+,30,5.91549,5.6338,0.1110842
Li+,30,6.19718,5.6338,0.1178753
Li+,30,6.47887,5.6338,0.1254274
Li+,30,6.76056,5.6338,0.1332306
Li+,30,7.04225,5.6338,0.1407376
Li+,30,7.32394,5.6338,0.1474275
Li+,30,7.60563,5.6338,0.1528685
Li+,30,7.88732,5.6338,0.156771
Li+,30,8.16901,5.6338,0.1590258
Li+,30,8.4507,5.6338,0.1597217
Li+,30,8.73239,5.6338,0.1591419
Li+,30,9.01408,5.6338,0.1577378
Li+,30,9.29577,5.6338,0.1560838
Li+,30,9.57746,5.6338,0.1548173
Li+,30,9.85915,5.6338,0.1545712
Li+,30,10.14085,5.6338,0.1559052
Li+,30,10.42254,5.6338,0.1592438
Li+,30,10.70423,5.6338,0.1648284
Li+,30,10.98592,5.6338,0.1726879
Li+,30,11.26761,5.6338,0.1826308
Li+,30,11.5493,5.6338,0.1942612
Li+,30,11.83099,5.6338,0.2070153
Li+,30,12.11268,5.6338,0.2202147
Li+,30,12.39437,5.6338,0.2331321
Li+,30,12.67606,5.6338,0.2450603
Li+,30,12.95775,5.6338,0.2553783
Li+,30,13.23944,5.6338,0.2636072
Li+,30,13.52113,5.6338,0.2694499
Li+,30,13.80282,5.6338,0.272811
Li+,30,14.08451,5.6338,0.2737941
Li+,30,14.3662,5.6338,0.2726785
Li+,30,14.64789,5.6338,0.2698777
Li+,30,14.92958,5.6338,0.2658845
Li+,30,15.21127,5.6338,0.2612101
Li+,30,15.49296,5.6338,0.2563231
Li+,30,15.77465,5.6338,0.251596
Li+,30,16.05634,5.6338,0.2472657
Li+,30,16.33803,5.6338,0.2434114
Li+,30,16.61972,5.6338,0.239953
Li+,30,16.90141,5.6338,0.2366694
Li+,30,17.1831,5.6338,0.2332347
Li+,30,17.46479,5.6338,0.2292677
Li+,30,17.74648,5.6338,0.2243886
Li+,30,18.02817,5.6338,0.2182759
Li+,30,18.30986,5.6338,0.2107174
Li+,30,18.59155,5.6338,0.2016477
Li+,30,18.87324,5.6338,0.1911694
Li+,30,19.15493,5.6338,0.1795536
Li+,30,19.43662,5.6338,0.1672203
Li+,30,19.71831,5.6338,0.1547003
Li+,30,20.0,5.6338,0.1425833
Li+,30,0.0,5.91549,0.0522358
Li+,30,0.28169,5.91549,0.0529281
Li+,30,0.56338,5.91549,0.0554913
Li+,30,0.84507,5.91549,0.0596626
Li+,30,1.12676,5.91549,0.0650303
Li+,30,1.40845,5.91549,0.0710825
Li+,30,1.69014,5.91549,0.0772661
Li+,30,1.97183,5.91549,0.0830499
Li+,30,2.25352,5.91549,0.0879853
Li+,30,2.53521,5.91549,0.0917559
Li+,30,2.8169,5.91549,0.0942129
Li+,30,3.09859,5.91549,0.0953897
Li+,30,3.38028,5.91549,0.0954959
Li+,30,3.66197,5.91549,0.0948902
Li+,30,3.94366,5.91549,0.0940366
Li+,30,4.22535,5.91549,0.0934474
Li+,30,4.50704,5.91549,0.0936211
Li+,30,4.78873,5.91549,0.0949813
Li+,30,5.07042,5.91549,0.0978239
Li+,30,5.35211,5.91549,0.1022796
Li+,30,5.6338,5.91549,0.1082949
Li+,30,5.91549,5.91549,0.1156345
Li+,30,6.19718,5.91549,0.1239054
Li+,30,6.47887,5.91549,0.1325995
Li+,30,6.76056,5.91549,0.1411504
Li+,30,7.04225,5.91549,0.1489972
Li+,30,7.32394,5.91549,0.1556502
Li+,30,7.60563,5.91549,0.1607481
Li+,30,7.88732,5.91549,0.1641028
Li+,30,8.16901,5.91549,0.1657249
Li+,30,8.4507,5.91549,0.1658275
Li+,30,8.73239,5.91549,0.1648077
Li+,30,9.01408,5.91549,0.1632076
Li+,30,9.29577,5.91549,0.1616579
Li+,30,9.57746,5.91549,0.160812
Li+,30,9.85915,5.91549,0.1612765
Li+,30,10.14085,5.91549,0.163545
Li+,30,10.42254,5.91549,0.1679444
Li+,30,10.70423,5.91549,0.1745979
Li+,30,10.98592,5.91549,0.1834086
Li+,30,11.26761,5.91549,0.194067
Li+,30,11.5493,5.91549,0.2060798
Li+,30,11.83099,5.91549,0.2188176
Li+,30,12.11268,5.91549,0.2315764
Li+,30,12.39437,5.91549,0.2436458
Li+,30,12.67606,5.91549,0.2543763
Li+,30,12.95775,5.91549,0.2632393
Li+,30,13.23944,5.91549,0.2698727
Li+,30,13.52113,5.91549,0.2741076
Li+,30,13.80282,5.91549,0.2759735
Li+,30,14.08451,5.91549,0.2756826
Li+,30,14.3662,5.91549,0.273594
Li+,30,14.64789,5.91549,0.2701636
Li+,30,14.92958,5.91549,0.2658855
Li+,30,15.21127,5.91549,0.2612309
Li+,30,15.49296,5.91549,0.2565923
Li+,30,15.77465,5.91549,0.25224
Li+,30,16.05634,5.91549,0.2482941
Li+,30,16.33803,5.91549,0.2447171
Li+,30,16.61972,5.91549,0.2413257
Li+,30,16.90141,5.91549,0.2378223
Li+,30,17.1831,5.91549,0.2338402
Li+,30,17.46479,5.91549,0.2289989
Li+,30,17.74648,5.91549,0.222961
Li+,30,18.02817,5.91549,0.2154856
Li+,30,18.30986,5.91549,0.2064706
Li+,30,18.59155,5.91549,0.1959782
Li+,30,18.87324,5.91549,0.1842425
Li+,30,19.15493,5.91549,0.171655
Li+,30,19.43662,5.91549,0.158732
Li+,30,19.71831,5.91549,0.1460659
Li+,30,20.0,5.91549,0.1342659
Li+,30,0.0,6.19718,0.0563722
Li+,30,0.28169,6.19718,0.057643
Li+,30,0.56338,6.19718,0.0605942
Li+,30,0.84507,6.19718,0.0648728
Li+,30,1.12676,6.19718,0.0700088
Li+,30,1.40845,6.19718,0.075471
Li+,30,1.69014,6.19718,0.0807299
Li+,30,1.97183,6.19718,0.085319
Li+,30,2.25352,6.19718,0.0888892
Li+,30,2.53521,6.19718,0.0912484
Li+,30,2.8169,6.19718,0.0923832
Li+,30,3.09859,6.19718,0.0924593
Li+,30,3.38028,6.19718,0.0918006
Li+,30,3.66197,6.19718,0.0908498
Li+,30,3.94366,6.19718,0.0901153
Li+,30,4.22535,6.19718,0.0901087
Li+,30,4.50704,6.19718,0.0912829
Li+,30,4.78873,6.19718,0.0939752
Li+,30,5.07042,6.19718,0.0983645
Li+,30,5.35211,6.19718,0.1044456
Li+,30,5.6338,6.19718,0.1120249
Li+,30,5.91549,6.19718,0.1207377
Li+,30,6.19718,6.19718,0.1300861
Li+,30,6.47887,6.19718,0.1394926
Li+,30,6.76056,6.19718,0.1483629
Li+,30,7.04225,6.19718,0.1561533
Li+,30,7.32394,6.19718,0.1624322
Li+,30,7.60563,6.19718,0.1669308
Li+,30,7.88732,6.19718,0.1695763
Li+,30,8.16901,6.19718,0.1705039
Li+,30,8.4507,6.19718,0.1700458
Li+,30,8.73239,6.19718,0.1686992
Li+,30,9.01408,6.19718,0.1670752
Li+,30,9.29577,6.19718,0.165835
Li+,30,9.57746,6.19718,0.16562
Li+,30,9.85915,6.19718,0.1669836
Li+,30,10.14085,6.19718,0.1703317
Li+,30,10.42254,6.19718,0.1758781
Li+,30,10.70423,6.19718,0.183621
Li+,30,10.98592,6.19718,0.1933408
Li+,30,11.26761,6.19718,0.2046212
Li+,30,11.5493,6.19718,0.2168904
Li+,30,11.83099,6.19718,0.2294779
Li+,30,12.11268,6.19718,0.2416803
Li+,30,12.39437,6.19718,0.2528294
Li+,30,12.67606,6.19718,0.2623552
Li+,30,12.95775,6.19718,0.2698362
Li+,30,13.23944,6.19718,0.2750332
Li+,30,13.52113,6.19718,0.277902
Li+,30,13.80282,6.19718,0.2785847
Li+,30,14.08451,6.19718,0.2773806
Li+,30,14.3662,6.19718,0.2747017
Li+,30,14.64789,6.19718,0.2710163
Li+,30,14.92958,6.19718,0.2667889
Li+,30,15.21127,6.19718,0.2624234
Li+,30,15.49296,6.19718,0.2582154
Li+,30,15.77465,6.19718,0.2543196
Li+,30,16.05634,6.19718,0.250736
Li+,30,16.33803,6.19718,0.2473167
Li+,30,16.61972,6.19718,0.2437908
Li+,30,16.90141,6.19718,0.2398065
Li+,30,17.1831,6.19718,0.2349835
Li+,30,17.46479,6.19718,0.2289705
Li+,30,17.74648,6.19718,0.2214995
Li+,30,18.02817,6.19718,0.2124325
Li+,30,18.30986,6.19718,0.2017924
Li+,30,18.59155,6.19718,0.1897755
Li+,30,18.87324,6.19718,0.1767443
Li+,30,19.15493,6.19718,0.1631994
Li+,30,19.43662,6.19718,0.1497346
Li+,30,19.71831,6.19718,0.1369801
Li+,30,20.0,6.19718,0.1255393
Li+,30,0.0,6.47887,0.0628372
Li+,30,0.28169,6.47887,0.0647841
Li+,30,0.56338,6.47887,0.0681287
Li+,30,0.84507,6.47887,0.0724457
Li+,30,1.12676,6.47887,0.0772304
Li+,30,1.40845,6.47887,0.0819601
Li+,30,1.69014,6.47887,0.0861564
Li+,30,1.97183,6.47887,0.0894419
Li+,30,2.25352,6.47887,0.0915856
Li+,30,2.53521,6.47887,0.0925303
Li+,30,2.8169,6.47887,0.0923994
Li+,30,3.09859,6.47887,0.0914827
Li+,30,3.38028,6.47887,0.0902024
Li+,30,3.66197,6.47887,0.0890625
Li+,30,3.94366,6.47887,0.0885888
Li+,30,4.22535,6.47887,0.0892653
Li+,30,4.50704,6.47887,0.0914744
Li+,30,4.78873,6.47887,0.0954485
Li+,30,5.07042,6.47887,0.1012378
Li+,30,5.35211,6.47887,0.1086991
Li+,30,5.6338,6.47887,0.1175062
Li+,30,5.91549,6.47887,0.127182
Li+,30,6.19718,6.47887,0.1371476
Li+,30,6.47887,6.47887,0.1467847
Li+,30,6.76056,6.47887,0.1555022
Li+,30,7.04225,6.47887,0.1628027
Li+,30,7.32394,6.47887,0.1683376
Li+,30,7.60563,6.47887,0.1719484
Li+,30,7.88732,6.47887,0.1736866
Li+,30,8.16901,6.47887,0.1738116
Li+,30,8.4507,6.47887,0.1727651
Li+,30,8.73239,6.47887,0.1711268
Li+,30,9.01408,6.47887,0.1695538
Li+,30,9.29577,6.47887,0.1687117
Li+,30,9.57746,6.47887,0.1692044
Li+,30,9.85915,6.47887,0.17151
Li+,30,10.14085,6.47887,0.1759305
Li+,30,10.42254,6.47887,0.182559
Li+,30,10.70423,6.47887,0.1912696
Li+,30,10.98592,6.47887,0.2017301
Li+,30,11.26761,6.47887,0.2134355
Li+,30,11.5493,6.47887,0.2257595
Li+,30,11.83099,6.47887,0.2380172
Li+,30,12.11268,6.47887,0.2495327
Li+,30,12.39437,6.47887,0.2597039
Li+,30,12.67606,6.47887,0.2680575
Li+,30,12.95775,6.47887,0.2742886
Li+,30,13.23944,6.47887,0.2782807
Li+,30,13.52113,6.47887,0.2801042
Li+,30,13.80282,6.47887,0.2799947
Li+,30,14.08451,6.47887,0.2783131
Li+,30,14.3662,6.47887,0.2754936
Li+,30,14.64789,6.47887,0.2719848
Li+,30,14.92958,6.47887,0.2681924
Li+,30,15.21127,6.47887,0.2644279
Li+,30,15.49296,6.47887,0.2608725
Li+,30,15.77465,6.47887,0.2575574
Li+,30,16.05634,6.47887,0.2543642
Li+,30,16.33803,6.47887,0.2510451
Li+,30,16.61972,6.47887,0.2472606
Li+,30,16.90141,6.47887,0.2426289
Li+,30,17.1831,6.47887,0.2367829
Li+,30,17.46479,6.47887,0.2294266
Li+,30,17.74648,6.47887,0.2203839
Li+,30,18.02817,6.47887,0.2096356
Li+,30,18.30986,6.47887,0.1973376
Li+,30,18.59155,6.47887,0.1838192
Li+,30,18.87324,6.47887,0.1695613
Li+,30,19.15493,6.47887,0.1551556
Li+,30,19.43662,6.47887,0.1412505
Li+,30,19.71831,6.47887,0.1284881
Li+,30,20.0,6.47887,0.1174409
Li+,30,0.0,6.76056,0.0708101
Li+,30,0.28169,6.76056,0.0735429
Li+,30,0.56338,6.76056,0.0773203
Li+,30,0.84507,6.76056,0.081666
Li+,30,1.12676,6.76056,0.0860662
Li+,30,1.40845,6.76056,0.0900328
Li+,30,1.69014,6.76056,0.0931626
Li+,30,1.97183,6.76056,0.095187
Li+,30,2.25352,6.76056,0.0960047
Li+,30,2.53521,6.76056,0.095696
Li+,30,2.8169,6.76056,0.0945149
Li+,30,3.09859,6.76056,0.09286
Li+,30,3.38028,6.76056,0.0912291
Li+,30,3.66197,6.76056,0.0901604
Li+,30,3.94366,6.76056,0.0901688
Li+,30,4.22535,6.76056,0.0916833
Li+,30,4.50704,6.76056,0.0949934
Li+,30,4.78873,6.76056,0.1002112
Li+,30,5.07042,6.76056,0.107252
Li+,30,5.35211,6.76056,0.1158383
Li+,30,5.6338,6.76056,0.1255245
Li+,30,5.91549,6.76056,0.1357421
Li+,30,6.19718,6.76056,0.1458585
Li+,30,6.47887,6.76056,0.1552448
Li+,30,6.76056,6.76056,0.1633433
Li+,30,7.04225,6.76056,0.1697292
Li+,30,7.32394,6.76056,0.1741582
Li+,30,7.60563,6.76056,0.1765944
Li+,30,7.88732,6.76056,0.1772174
Li+,30,8.16901,6.76056,0.1764047
Li+,30,8.4507,6.76056,0.1746936
Li+,30,8.73239,6.76056,0.1727261
Li+,30,9.01408,6.76056,0.1711813
Li+,30,9.29577,6.76056,0.1707046
Li+,30,9.57746,6.76056,0.1718406
Li+,30,9.85915,6.76056,0.1749759
Li+,30,10.14085,6.76056,0.1802993
Li+,30,10.42254,6.76056,0.1877831
Li+,30,10.70423,6.76056,0.1971865
Li+,30,10.98592,6.76056,0.208082
Li+,30,11.26761,6.76056,0.2198997
Li+,30,11.5493,6.76056,0.2319866
Li+,30,11.83099,6.76056,0.2436722
Li+,30,12.11268,6.76056,0.2543343
Li+,30,12.39437,6.76056,0.2634577
Li+,30,12.67606,6.76056,0.2706794
Li+,30,12.95775,6.76056,0.2758145
Li+,30,13.23944,6.76056,0.2788632
Li+,30,13.52113,6.76056,0.2799947
Li+,30,13.80282,6.76056,0.2795145
Li+,30,14.08451,6.76056,0.2778155
Li+,30,14.3662,6.76056,0.2753225
Li+,30,14.64789,6.76056,0.2724333
Li+,30,14.92958,6.76056,0.2694669
Li+,30,15.21127,6.76056,0.2666222
Li+,30,15.49296,6.76056,0.2639537
Li+,30,15.77465,6.76056,0.2613662
Li+,30,16.05634,6.76056,0.2586294
Li+,30,16.33803,6.76056,0.2554113
Li+,30,16.61972,6.76056,0.2513244
Li+,30,16.90141,6.76056,0.245982
Li+,30,17.1831,6.76056,0.2390551
Li+,30,17.46479,6.76056,0.2303251
Li+,30,17.74648,6.76056,0.2197248
Li+,30,18.02817,6.76056,0.2073627
Li+,30,18.30986,6.76056,0.1935279
Li+,30,18.59155,6.76056,0.1786738
Li+,30,18.87324,6.76056,0.1633825
Li+,30,19.15493,6.76056,0.148314
Li+,30,19.43662,6.76056,0.1341444
Li+,30,19.71831,6.76056,0.1215007
Li+,30,20.0,6.76056,0.1108995
Li+,30,0.0,7.04225,0.0793135
Li+,30,0.28169,7.04225,0.0829228
Li+,30,0.56338,7.04225,0.0871812
Li+,30,0.84507,7.04225,0.0915843
Li+,30,1.12676,7.04225,0.095635
Li+,30,1.40845,7.04225,0.0989043
Li+,30,1.69014,7.04225,0.1010843
Li+,30,1.97183,7.04225,0.1020279
Li+,30,2.25352,7.04225,0.1017686
Li+,30,2.53521,7.04225,0.1005194
Li+,30,2.8169,7.04225,0.0986505
Li+,30,3.09859,7.04225,0.0966476
Li+,30,3.38028,7.04225,0.0950568
Li+,30,3.66197,7.04225,0.0944204
Li+,30,3.94366,7.04225,0.0952126
Li+,30,4.22535,7.04225,0.0977816
Li+,30,4.50704,7.04225,0.1023048
Li+,30,4.78873,7.04225,0.1087629
Li+,30,5.07042,7.04225,0.1169355
Li+,30,5.35211,7.04225,0.1264192
Li+,30,5.6338,7.04225,0.1366669
Li+,30,5.91549,7.04225,0.1470428
Li+,30,6.19718,7.04225,0.1568892
Li+,30,6.47887,7.04225,0.1655961
Li+,30,6.76056,7.04225,0.1726668
Li+,30,7.04225,7.04225,0.1777719
Li+,30,7.32394,7.04225,0.180786
Li+,30,7.60563,7.04225,0.1818027
Li+,30,7.88732,7.04225,0.1811265
Li+,30,8.16901,7.04225,0.1792423
Li+,30,8.4507,7.04225,0.176765
Li+,30,8.73239,7.04225,0.1743763
Li+,30,9.01408,7.04225,0.1727538
Li+,30,9.29577,7.04225,0.172501
Li+,30,9.57746,7.04225,0.1740858
Li+,30,9.85915,7.04225,0.1777927
Li+,30,10.14085,7.04225,0.1836964
Li+,30,10.42254,7.04225,0.1916558
Li+,30,10.70423,7.04225,0.2013318
Li+,30,10.98592,7.04225,0.2122252
Li+,30,11.26761,7.04225,0.2237301
Li+,30,11.5493,7.04225,0.235197
Li+,30,11.83099,7.04225,0.2459989
Li+,30,12.11268,7.04225,0.2555924
Li+,30,12.39437,7.04225,0.2635667
Li+,30,12.67606,7.04225,0.2696771
Li+,30,12.95775,7.04225,0.2738578
Li+,30,13.23944,7.04225,0.2762134
Li+,30,13.52113,7.04225,0.2769922
Li+,30,13.80282,7.04225,0.2765422
Li+,30,14.08451,7.04225,0.2752581
Li+,30,14.3662,7.04225,0.2735235
Li+,30,14.64789,7.04225,0.271657
Li+,30,14.92958,7.04225,0.269868
Li+,30,15.21127,7.04225,0.2682271
Li+,30,15.49296,7.04225,0.2666561
Li+,30,15.77465,7.04225,0.2649365
Li+,30,16.05634,7.04225,0.2627381
Li+,30,16.33803,7.04225,0.259663
Li+,30,16.61972,7.04225,0.255299
Li+,30,16.90141,7.04225,0.2492782
Li+,30,17.1831,7.04225,0.2413322
Li+,30,17.46479,7.04225,0.2313372
Li+,30,17.74648,7.04225,0.2193449
Li+,30,18.02817,7.04225,0.205593
Li+,30,18.30986,7.04225,0.1904962
Li+,30,18.59155,7.04225,0.1746156
Li+,30,18.87324,7.04225,0.1586117
Li+,30,19.15493,7.04225,0.1431848
Li+,30,19.43662,7.04225,0.1290097
Li+,30,19.71831,7.04225,0.1166707
Li+,30,20.0,7.04225,0.1066066
Li+,30,0.0,7.32394,0.087353
Li+,30,0.28169,7.32394,0.0918788
Li+,30,0.56338,7.32394,0.0966448
Li+,30,0.84507,7.32394,0.1011445
Li+,30,1.12676,7.32394,0.104922
Li+,30,1.40845,7.32394,0.1076287
Li+,30,1.69014,7.32394,0.1090676
Li+,30,1.97183,7.32394,0.1092199
Li+,30,2.25352,7.32394,0.1082511
Li+,30,2.53521,7.32394,0.1064949
Li+,30,2.8169,7.32394,0.1044172
Li+,30,3.09859,7.32394,0.1025637
Li+,30,3.38028,7.32394,0.1014979
Li+,30,3.66197,7.32394,0.1017346
Li+,30,3.94366,7.32394,0.1036785
Li+,30,4.22535,7.32394,0.1075737
Li+,30,4.50704,7.32394,0.1134698
Li+,30,4.78873,7.32394,0.1212106
Li+,30,5.07042,7.32394,0.1304436
Li+,30,5.35211,7.32394,0.140653
Li+,30,5.6338,7.32394,0.1512105
Li+,30,5.91549,7.32394,0.1614394
Li+,30,6.19718,7.32394,0.1706848
Li+,30,6.47887,7.32394,0.1783832
Li+,30,6.76056,7.32394,0.1841216
Li+,30,7.04225,7.32394,0.1876827
Li+,30,7.32394,7.32394,0.1890685
Li+,30,7.60563,7.32394,0.1885016
Li+,30,7.88732,7.32394,0.1864026
Li+,30,8.16901,7.32394,0.183347
Li+,30,8.4507,7.32394,0.1800061
Li+,30,8.73239,7.32394,0.1770779
Li+,30,9.01408,7.32394,0.1752158
Li+,30,9.29577,7.32394,0.1749629
Li+,30,9.57746,7.32394,0.176698
Li+,30,9.85915,7.32394,0.1806006
Li+,30,10.14085,7.32394,0.1866365
Li+,30,10.42254,7.32394,0.1945664
Li+,30,10.70423,7.32394,0.2039759
Li+,30,10.98592,7.32394,0.2143231
Li+,30,11.26761,7.32394,0.2249975
Li+,30,11.5493,7.32394,0.2353854
Li+,30,11.83099,7.32394,0.2449314
Li+,30,12.11268,7.32394,0.2531926
Li+,30,12.39437,7.32394,0.259876
Li+,30,12.67606,7.32394,0.264859
Li+,30,12.95775,7.32394,0.2681876
Li+,30,13.23944,7.32394,0.2700556
Li+,30,13.52113,7.32394,0.2707662
Li+,30,13.80282,7.32394,0.2706819
Li+,30,14.08451,7.32394,0.2701685
Li+,30,14.3662,7.32394,0.2695401
Li+,30,14.64789,7.32394,0.2690116
Li+,30,14.92958,7.32394,0.2686654
Li+,30,15.21127,7.32394,0.2684355
Li+,30,15.49296,7.32394,0.2681109
Li+,30,15.77465,7.32394,0.2673596
Li+,30,16.05634,7.32394,0.2657682
Li+,30,16.33803,7.32394,0.2628942
Li+,30,16.61972,7.32394,0.2583245
Li+,30,16.90141,7.32394,0.2517327
Li+,30,17.1831,7.32394,0.2429293
Li+,30,17.46479,7.32394,0.2318973
Li+,30,17.74648,7.32394,0.2188104
Li+,30,18.02817,7.32394,0.2040299
Li+,30,18.30986,7.32394,0.1880808
Li+,30,18.59155,7.32394,0.1716092
Li+,30,18.87324,7.32394,0.1553259
Li+,30,19.15493,7.32394,0.1399409
Li+,30,19.43662,7.32394,0.1260971
Li+,30,19.71831,7.32394,0.1143104
Li+,30,20.0,7.32394,0.1049217
Li+,30,0.0,7.60563,0.0940574
Li+,30,0.28169,7.60563,0.0994607
Li+,30,0.56338,7.60563,0.1047119
Li+,30,0.84507,7.60563,0.1093283
Li+,30,1.12676,7.60563,0.1129186
Li+,30,1.40845,7.60563,0.1152325
Li+,30,1.69014,7.60563,0.1161937
Li+,30,1.97183,7.60563,0.1159125
Li+,30,2.25352,7.60563,0.1146771
Li+,30,2.53521,7.60563,0.1129234
Li+,30,2.8169,7.60563,0.1111874
Li+,30,3.09859,7.60563,0.1100442
Li+,30,3.38028,7.60563,0.110042
Li+,30,3.66197,7.60563,0.1116371
Li+,30,3.94366,7.60563,0.115138
Li+,30,4.22535,7.60563,0.1206651
Li+,30,4.50704,7.60563,0.1281302
Li+,30,4.78873,7.60563,0.1372389
Li+,30,5.07042,7.60563,0.1475156
Li+,30,5.35211,7.60563,0.1583489
Li+,30,5.6338,7.60563,0.1690524
Li+,30,5.91549,7.60563,0.1789343
Li+,30,6.19718,7.60563,0.1873693
Li+,30,6.47887,7.60563,0.1938628
Li+,30,6.76056,7.60563,0.1981033
Li+,30,7.04225,7.60563,0.1999953
Li+,30,7.32394,7.60563,0.1996692
Li+,30,7.60563,7.60563,0.1974687
Li+,30,7.88732,7.60563,0.1939149
Li+,30,8.16901,7.60563,0.1896531
Li+,30,8.4507,7.60563,0.1853869
Li+,30,8.73239,7.60563,0.1818065
Li+,30,9.01408,7.60563,0.1795207
Li+,30,9.29577,7.60563,0.178997
Li+,30,9.57746,7.60563,0.1805192
Li+,30,9.85915,7.60563,0.1841641
Li+,30,10.14085,7.60563,0.1898013
Li+,30,10.42254,7.60563,0.1971146
Li+,30,10.70423,7.60563,0.2056424
Li+,30,10.98592,7.60563,0.2148321
Li+,30,11.26761,7.60563,0.2241024
Li+,30,11.5493,7.60563,0.2329061
Li+,30,11.83099,7.60563,0.2407854
Li+,30,12.11268,7.60563,0.2474158
Li+,30,12.39437,7.60563,0.2526308
Li+,30,12.67606,7.60563,0.2564281
Li+,30,12.95775,7.60563,0.2589544
Li+,30,13.23944,7.60563,0.2604727
Li+,30,13.52113,7.60563,0.261316
Li+,30,13.80282,7.60563,0.261833
Li+,30,14.08451,7.60563,0.2623327
Li+,30,14.3662,7.60563,0.2630349
Li+,30,14.64789,7.60563,0.2640326
Li+,30,14.92958,7.60563,0.2652709
Li+,30,15.21127,7.60563,0.2665455
Li+,30,15.49296,7.60563,0.267521
Li+,30,15.77465,7.60563,0.2677668
Li+,30,16.05634,7.60563,0.266807
Li+,30,16.33803,7.60563,0.2641788
Li+,30,16.61972,7.60563,0.2594917
Li+,30,16.90141,7.60563,0.2524812
Li+,30,17.1831,7.60563,0.2430507
Li+,30,17.46479,7.60563,0.2312959
Li+,30,17.74648,7.60563,0.2175094
Li+,30,18.02817,7.60563,0.2021628
Li+,30,18.30986,7.60563,0.1858704
Li+,30,18.59155,7.60563,0.1693357
Li+,30,18.87324,7.60563,0.1532877
Li+,30,19.15493,7.60563,0.1384139
Li+,30,19.43662,7.60563,0.1252963
Li+,30,19.71831,7.60563,0.114358
Li+,30,20.0,7.60563,0.1058269
Li+,30,0.0,7.88732,0.0987965
Li+,30,0.28169,7.88732,0.1049416
Li+,30,0.56338,7.88732,0.1105854
Li+,30,0.84507,7.88732,0.1152945
Li+,30,1.12676,7.88732,0.1187636
Li+,30,1.40845,7.88732,0.1208544
Li+,30,1.69014,7.88732,0.1216156
Li+,30,1.97183,7.88732,0.1212813
Li+,30,2.25352,7.88732,0.1202474
Li+,30,2.53521,7.88732,0.1190289
Li+,30,2.8169,7.88732,0.1182024
Li+,30,3.09859,7.88732,0.1183402
Li+,30,3.38028,7.88732,0.1199429
Li+,30,3.66197,7.88732,0.1233796
Li+,30,3.94366,7.88732,0.1288399
Li+,30,4.22535,7.88732,0.1363064
Li+,30,4.50704,7.88732,0.1455477
Li+,30,4.78873,7.88732,0.1561363
Li+,30,5.07042,7.88732,0.1674867
Li+,30,5.35211,7.88732,0.1789117
Li+,30,5.6338,7.88732,0.189691
Li+,30,5.91549,7.88732,0.1991428
Li+,30,6.19718,7.88732,0.2066935
Li+,30,6.47887,7.88732,0.211936
Li+,30,6.76056,7.88732,0.2146707
Li+,30,7.04225,7.88732,0.2149259
Li+,30,7.32394,7.88732,0.2129537
Li+,30,7.60563,7.88732,0.2092039
Li+,30,7.88732,7.88732,0.2042772
Li+,30,8.16901,7.88732,0.1988635
Li+,30,8.4507,7.88732,0.1936726
Li+,30,8.73239,7.88732,0.1893638
Li+,30,9.01408,7.88732,0.1864828
Li+,30,9.29577,7.88732,0.1854112
Li+,30,9.57746,7.88732,0.1863366
Li+,30,9.85915,7.88732,0.189242
Li+,30,10.14085,7.88732,0.193919
Li+,30,10.42254,7.88732,0.2000004
Li+,30,10.70423,7.88732,0.2070087
Li+,30,10.98592,7.88732,0.2144147
Li+,30,11.26761,7.88732,0.2216988
Li+,30,11.5493,7.88732,0.2284091
Li+,30,11.83099,7.88732,0.2342073
Li+,30,12.11268,7.88732,0.2389003
Li+,30,12.39437,7.88732,0.242451
Li+,30,12.67606,7.88732,0.2449707
Li+,30,12.95775,7.88732,0.2466912
Li+,30,13.23944,7.88732,0.2479227
Li+,30,13.52113,7.88732,0.2490021
Li+,30,13.80282,7.88732,0.2502374
Li+,30,14.08451,7.88732,0.2518567
Li+,30,14.3662,7.88732,0.2539667
Li+,30,14.64789,7.88732,0.256527
Li+,30,14.92958,7.88732,0.2593429
Li+,30,15.21127,7.88732,0.2620783
Li+,30,15.49296,7.88732,0.2642876
Li+,30,15.77465,7.88732,0.2654626
Li+,30,16.05634,7.88732,0.2650899
Li+,30,16.33803,7.88732,0.2627113
Li+,30,16.61972,7.88732,0.2579817
Li+,30,16.90141,7.88732,0.2507158
Li+,30,17.1831,7.88732,0.2409193
Li+,30,17.46479,7.88732,0.2288011
Li+,30,17.74648,7.88732,0.2147626
Li+,30,18.02817,7.88732,0.1993673
Li+,30,18.30986,7.88732,0.1832923
Li+,30,18.59155,7.88732,0.1672672
Li+,30,18.87324,7.88732,0.1520064
Li+,30,19.15493,7.88732,0.1381431
Li+,30,19.43662,7.88732,0.126171
Li+,30,19.71831,7.88732,0.1164007
Li+,30,20.0,7.88732,0.1089361
Li+,30,0.0,8.16901,0.1012605
Li+,30,0.28169,8.16901,0.1079109
Li+,30,0.56338,8.16901,0.113775
Li+,30,0.84507,8.16901,0.1184935
Li+,30,1.12676,8.16901,0.1218648
Li+,30,1.40845,8.16901,0.1238717
Li+,30,1.69014,8.16901,0.1246873
Li+,30,1.97183,8.16901,0.1246586
Li+,30,2.25352,8.16901,0.1242695
Li+,30,2.53521,8.16901,0.1240876
Li+,30,2.8169,8.16901,0.1246992
Li+,30,3.09859,8.16901,0.1266415
Li+,30,3.38028,8.16901,0.130338
Li+,30,3.66197,8.16901,0.1360457
Li+,30,3.94366,8.16901,0.1438185
Li+,30,4.22535,8.16901,0.1534927
Li+,30,4.50704,8.16901,0.1646954
Li+,30,4.78873,8.16901,0.1768759
Li+,30,5.07042,8.16901,0.1893562
Li+,30,5.35211,8.16901,0.2013959
Li+,30,5.6338,8.16901,0.2122645
Li+,30,5.91549,8.16901,0.2213129
Li+,30,6.19718,8.16901,0.2280382
Li+,30,6.47887,8.16901,0.2321319
Li+,30,6.76056,8.16901,0.2335101
Li+,30,7.04225,8.16901,0.232319
Li+,30,7.32394,8.16901,0.2289184
Li+,30,7.60563,8.16901,0.223843
Li+,30,7.88732,8.16901,0.2177467
Li+,30,8.16901,8.16901,0.2113363
Li+,30,8.4507,8.16901,0.2053012
Li+,30,8.73239,8.16901,0.2002476
Li+,30,9.01408,8.16901,0.1966428
Li+,30,9.29577,8.16901,0.1947771
Li+,30,9.57746,8.16901,0.1947454
Li+,30,9.85915,8.16901,0.1964512
Li+,30,10.14085,8.16901,0.1996304
Li+,30,10.42254,8.16901,0.203894
Li+,30,10.70423,8.16901,0.2087813
Li+,30,10.98592,8.16901,0.2138195
Li+,30,11.26761,8.16901,0.2185814
Li+,30,11.5493,8.16901,0.2227345
Li+,30,11.83099,8.16901,0.2260767
Li+,30,12.11268,8.16901,0.2285529
Li+,30,12.39437,8.16901,0.230253
Li+,30,12.67606,8.16901,0.2313897
Li+,30,12.95775,8.16901,0.232261
Li+,30,13.23944,8.16901,0.2332006
Li+,30,13.52113,8.16901,0.2345237
Li+,30,13.80282,8.16901,0.2364742
Li+,30,14.08451,8.16901,0.2391797
Li+,30,14.3662,8.16901,0.2426218
Li+,30,14.64789,8.16901,0.2466227
Li+,30,14.92958,8.16901,0.2508533
Li+,30,15.21127,8.16901,0.2548596
Li+,30,15.49296,8.16901,0.2581068
Li+,30,15.77465,8.16901,0.2600347
Li+,30,16.05634,8.16901,0.2601193
Li+,30,16.33803,8.16901,0.2579329
Li+,30,16.61972,8.16901,0.2531967
Li+,30,16.90141,8.16901,0.2458182
Li+,30,17.1831,8.16901,0.2359103
Li+,30,17.46479,8.16901,0.2237894
Li+,30,17.74648,8.16901,0.2099509
Li+,30,18.02817,8.16901,0.1950268
Li+,30,18.30986,8.16901,0.1797277
Li+,30,18.59155,8.16901,0.1647763
Li+,30,18.87324,8.16901,0.1508399
Li+,30,19.15493,8.16901,0.1384679
Li+,30,19.43662,8.16901,0.1280427
Li+,30,19.71831,8.16901,0.1197478
Li+,30,20.0,8.16901,0.1135577
Li+,30,0.0,8.4507,0.1014893
Li+,30,0.28169,8.4507,0.108319
Li+,30,0.56338,8.4507,0.1141565
Li+,30,0.84507,8.4507,0.1187387
Li+,30,1.12676,8.4507,0.1219815
Li+,30,1.40845,8.4507,0.1239931
Li+,30,1.69014,8.4507,0.125065
Li+,30,1.97183,8.4507,0.1256418
Li+,30,2.25352,8.4507,0.1262726
Li+,30,2.53521,8.4507,0.1275486
Li+,30,2.8169,8.4507,0.1300354
Li+,30,3.09859,8.4507,0.1342056
Li+,30,3.38028,8.4507,0.1403799
Li+,30,3.66197,8.4507,0.1486843
Li+,30,3.94366,8.4507,0.1590265
Li+,30,4.22535,8.4507,0.1710955
Li+,30,4.50704,8.4507,0.1843849
Li+,30,4.78873,8.4507,0.1982363
Li+,30,5.07042,8.4507,0.2119005
Li+,30,5.35211,8.4507,0.2246073
Li+,30,5.6338,8.4507,0.2356393
Li+,30,5.91549,8.4507,0.2444001
Li+,30,6.19718,8.4507,0.2504705
Li+,30,6.47887,8.4507,0.2536464
Li+,30,6.76056,8.4507,0.2539553
Li+,30,7.04225,8.4507,0.2516488
Li+,30,7.32394,8.4507,0.2471734
Li+,30,7.60563,8.4507,0.2411221
Li+,30,7.88732,8.4507,0.2341725
Li+,30,8.16901,8.4507,0.2270186
Li+,30,8.4507,8.4507,0.2203036
Li+,30,8.73239,8.4507,0.2145604
Li+,30,9.01408,8.4507,0.2101672
Li+,30,9.29577,8.4507,0.2073211
Li+,30,9.57746,8.4507,0.2060333
Li+,30,9.85915,8.4507,0.2061454
Li+,30,10.14085,8.4507,0.2073636
Li+,30,10.42254,8.4507,0.2093072
Li+,30,10.70423,8.4507,0.2115643
Li+,30,10.98592,8.4507,0.2137492
Li+,30,11.26761,8.4507,0.2155525
Li+,30,11.5493,8.4507,0.2167804
Li+,30,11.83099,8.4507,0.2173762
Li+,30,12.11268,8.4507,0.2174235
Li+,30,12.39437,8.4507,0.2171298
Li+,30,12.67606,8.4507,0.2167931
Li+,30,12.95775,8.4507,0.2167553
Li+,30,13.23944,8.4507,0.2173494
Li+,30,13.52113,8.4507,0.2188452
Li+,30,13.80282,8.4507,0.2214021
Li+,30,14.08451,8.4507,0.2250343
Li+,30,14.3662,8.4507,0.2295925
Li+,30,14.64789,8.4507,0.2347659
Li+,30,14.92958,8.4507,0.2401037
Li+,30,15.21127,8.4507,0.2450549
Li+,30,15.49296,8.4507,0.2490215
Li+,30,15.77465,8.4507,0.2514202
Li+,30,16.05634,8.4507,0.251745
Li+,30,16.33803,8.4507,0.2496236
Li+,30,16.61972,8.4507,0.2448617
Li+,30,16.90141,8.4507,0.2374691
Li+,30,17.1831,8.4507,0.2276658
Li+,30,17.46479,8.4507,0.2158654
Li+,30,17.74648,8.4507,0.202638
Li+,30,18.02817,8.4507,0.1886575
Li+,30,18.30986,8.4507,0.174637
Li+,30,18.59155,8.4507,0.1612605
Li+,30,18.87324,8.4507,0.1491176
Li+,30,19.15493,8.4507,0.1386492
Li+,30,19.43662,8.4507,0.1301086
Li+,30,19.71831,8.4507,0.1235437
Li+,30,20.0,8.4507,0.1188011
Li+,30,0.0,8.73239,0.0998477
Li+,30,0.28169,8.73239,0.1064678
Li+,30,0.56338,8.73239,0.1119766
Li+,30,0.84507,8.73239,0.1162255
Li+,30,1.12676,8.73239,0.1192569
Li+,30,1.40845,8.73239,0.1213035
Li+,30,1.69014,8.73239,0.1227646
Li+,30,1.97183,8.73239,0.1241634
Li+,30,2.25352,8.73239,0.1260886
Li+,30,2.53521,8.73239,0.1291268
Li+,30,2.8169,8.73239,0.133794
Li+,30,3.09859,8.73239,0.1404725
Li+,30,3.38028,8.73239,0.1493607
Li+,30,3.66197,8.73239,0.1604418
Li+,30,3.94366,8.73239,0.1734743
Li+,30,4.22535,8.73239,0.1880066
Li+,30,4.50704,8.73239,0.2034128
Li+,30,4.78873,8.73239,0.218948
Li+,30,5.07042,8.73239,0.2338153
Li+,30,5.35211,8.73239,0.2472395
Li+,30,5.6338,8.73239,0.2585381
Li+,30,5.91549,8.73239,0.2671832
Li+,30,6.19718,8.73239,0.2728475
Li+,30,6.47887,8.73239,0.2754302
Li+,30,6.76056,8.73239,0.2750598
Li+,30,7.04225,8.73239,0.2720741
Li+,30,7.32394,8.73239,0.2669802
Li+,30,7.60563,8.73239,0.260399
Li+,30,7.88732,8.73239,0.2530002
Li+,30,8.16901,8.73239,0.2454358
Li+,30,8.4507,8.73239,0.2382783
Li+,30,8.73239,8.73239,0.2319713
Li+,30,9.01408,8.73239,0.2267965
Li+,30,9.29577,8.73239,0.2228609
Li+,30,9.57746,8.73239,0.220105
Li+,30,9.85915,8.73239,0.2183295
Li+,30,10.14085,8.73239,0.2172376
Li+,30,10.42254,8.73239,0.2164867
Li+,30,10.70423,8.73239,0.2157436
Li+,30,10.98592,8.73239,0.2147352
Li+,30,11.26761,8.73239,0.2132902
Li+,30,11.5493,8.73239,0.2113645
Li+,30,11.83099,8.73239,0.2090494
Li+,30,12.11268,8.73239,0.2065604
Li+,30,12.39437,8.73239,0.2042076
Li+,30,12.67606,8.73239,0.2023533
Li+,30,12.95775,8.73239,0.2013596
Li+,30,13.23944,8.73239,0.201534
Li+,30,13.52113,8.73239,0.2030799
Li+,30,13.80282,8.73239,0.2060572
Li+,30,14.08451,8.73239,0.2103588
Li+,30,14.3662,8.73239,0.2157068
Li+,30,14.64789,8.73239,0.2216683
Li+,30,14.92958,8.73239,0.2276906
Li+,30,15.21127,8.73239,0.2331515
Li+,30,15.49296,8.73239,0.2374204
Li+,30,15.77465,8.73239,0.2399215
Li+,30,16.05634,8.73239,0.2401951
Li+,30,16.33803,8.73239,0.2379469
Li+,30,16.61972,8.73239,0.2330816
Li+,30,16.90141,8.73239,0.225717
Li+,30,17.1831,8.73239,0.2161747
Li+,30,17.46479,8.73239,0.204951
Li+,30,17.74648,8.73239,0.1926683
Li+,30,18.02817,8.73239,0.1800143
Li+,30,18.30986,8.73239,0.1676742
Li+,30,18.59155,8.73239,0.1562631
Li+,30,18.87324,8.73239,0.1462676
Li+,30,19.15493,8.73239,0.1380004
Li+,30,19.43662,8.73239,0.1315754
Li+,30,19.71831,8.73239,0.1269034
Li+,30,20.0,8.73239,0.1237109
Li+,30,0.0,9.01408,0.0969519
Li+,30,0.28169,9.01408,0.1029495
Li+,30,0.56338,9.01408,0.1078043
Li+,30,0.84507,9.01408,0.1114952
Li+,30,1.12676,9.01408,0.1141951
Li+,30,1.40845,9.01408,0.1162548
Li+,30,1.69014,9.01408,0.1181665
Li+,30,1.97183,9.01408,0.12051
Li+,30,2.25352,9.01408,0.1238873
Li+,30,2.53521,9.01408,0.1288533
Li+,30,2.8169,9.01408,0.1358493
Li+,30,3.09859,9.01408,0.145147
Li+,30,3.38028,9.01408,0.1568098
Li+,30,3.66197,9.01408,0.170674
Li+,30,3.94366,9.01408,0.1863544
Li+,30,4.22535,9.01408,0.2032724
Li+,30,4.50704,9.01408,0.2207036
Li+,30,4.78873,9.01408,0.237841
Li+,30,5.07042,9.01408,0.2538669
Li+,30,5.35211,9.01408,0.2680252
Li+,30,5.6338,9.01408,0.2796876
Li+,30,5.91549,9.01408,0.2884067
Li+,30,6.19718,9.01408,0.2939503
Li+,30,6.47887,9.01408,0.2963138
Li+,30,6.76056,9.01408,0.2957104
Li+,30,7.04225,9.01408,0.2925399
Li+,30,7.32394,9.01408,0.2873404
Li+,30,7.60563,9.01408,0.2807282
Li+,30,7.88732,9.01408,0.2733337
Li+,30,8.16901,9.01408,0.2657393
Li+,30,8.4507,9.01408,0.258426
Li+,30,8.73239,9.01408,0.2517356
Li+,30,9.01408,9.01408,0.2458512
Li+,30,9.29577,9.01408,0.2407974
Li+,30,9.57746,9.01408,0.2364598
Li+,30,9.85915,9.01408,0.2326215
Li+,30,10.14085,9.01408,0.2290094
Li+,30,10.42254,9.01408,0.2253469
Li+,30,10.70423,9.01408,0.2214043
Li+,30,10.98592,9.01408,0.2170416
Li+,30,11.26761,9.01408,0.2122376
Li+,30,11.5493,9.01408,0.2071018
Li+,30,11.83099,9.01408,0.201868
Li+,30,12.11268,9.01408,0.1968693
Li+,30,12.39437,9.01408,0.1924985
Li+,30,12.67606,9.01408,0.1891575
Li+,30,12.95775,9.01408,0.1872029
Li+,30,13.23944,9.01408,0.1868942
Li+,30,13.52113,9.01408,0.18835
Li+,30,13.80282,9.01408,0.1915203
Li+,30,14.08451,9.01408,0.1961759
Li+,30,14.3662,9.01408,0.2019183
Li+,30,14.64789,9.01408,0.2082103
Li+,30,14.92958,9.01408,0.2144221
Li+,30,15.21127,9.01408,0.219891
Li+,30,15.49296,9.01408,0.2239852
Li+,30,15.77465,9.01408,0.2261678
Li+,30,16.05634,9.01408,0.2260514
Li+,30,16.33803,9.01408,0.2234391
Li+,30,16.61972,9.01408,0.2183452
Li+,30,16.90141,9.01408,0.210995
Li+,30,17.1831,9.01408,0.2018028
Li+,30,17.46479,9.01408,0.1913291
Li+,30,17.74648,9.01408,0.1802243
Li+,30,18.02817,9.01408,0.1691616
Li+,30,18.30986,9.01408,0.1587697
Li+,30,18.59155,9.01408,0.1495696
Li+,30,18.87324,9.01408,0.1419244
Li+,30,19.15493,9.01408,0.136007
Li+,30,19.43662,9.01408,0.1317883
Li+,30,19.71831,9.01408,0.1290484
Li+,30,20.0,9.01408,0.1274079
Li+,30,0.0,9.29577,0.0935589
Li+,30,0.28169,9.29577,0.0985433
Li+,30,0.56338,9.29577,0.1024353
Li+,30,0.84507,9.29577,0.1053492
Li+,30,1.12676,9.29577,0.1075857
Li+,30,1.40845,9.29577,0.1096026
Li+,30,1.69014,9.29577,0.1119658
Li+,30,1.97183,9.29577,0.1152878
Li+,30,2.25352,9.29577,0.1201582
Li+,30,2.53521,9.29577,0.1270753
Li+,30,2.8169,9.29577,0.1363851
Li+,30,3.09859,9.29577,0.1482353
Li+,30,3.38028,9.29577,0.1625489
Li+,30,3.66197,9.29577,0.1790197
Li+,30,3.94366,9.29577,0.197132
Li+,30,4.22535,9.29577,0.2162008
Li+,30,4.50704,9.29577,0.235429
Li+,30,4.78873,9.29577,0.2539763
Li+,30,5.07042,9.29577,0.2710311
Li+,30,5.35211,9.29577,0.2858802
Li+,30,5.6338,9.29577,0.297966
Li+,30,5.91549,9.29577,0.3069295
Li+,30,6.19718,9.29577,0.3126313
Li+,30,6.47887,9.29577,0.3151509
Li+,30,6.76056,9.29577,0.3147657
Li+,30,7.04225,9.29577,0.3119097
Li+,30,7.32394,9.29577,0.3071203
Li+,30,7.60563,9.29577,0.3009777
Li+,30,7.88732,9.29577,0.2940431
Li+,30,8.16901,9.29577,0.2868049
Li+,30,8.4507,9.29577,0.2796364
Li+,30,8.73239,9.29577,0.272771
Li+,30,9.01408,9.29577,0.2662957
Li+,30,9.29577,9.29577,0.2601641
Li+,30,9.57746,9.29577,0.2542265
Li+,30,9.85915,9.29577,0.2482717
Li+,30,10.14085,9.29577,0.2420759
Li+,30,10.42254,9.29577,0.2354526
Li+,30,10.70423,9.29577,0.2282957
Li+,30,10.98592,9.29577,0.2206107
Li+,30,11.26761,9.29577,0.2125312
Li+,30,11.5493,9.29577,0.2043157
Li+,30,11.83099,9.29577,0.196327
Li+,30,12.11268,9.29577,0.1889958
Li+,30,12.39437,9.29577,0.1827719
Li+,30,12.67606,9.29577,0.1780701
Li+,30,12.95775,9.29577,0.1752161
Li+,30,13.23944,9.29577,0.1743995
Li+,30,13.52113,9.29577,0.1756406
Li+,30,13.80282,9.29577,0.1787742
Li+,30,14.08451,9.29577,0.1834532
Li+,30,14.3662,9.29577,0.1891734
Li+,30,14.64789,9.29577,0.1953157
Li+,30,14.92958,9.29577,0.2012023
Li+,30,15.21127,9.29577,0.2061616
Li+,30,15.49296,9.29577,0.2095933
Li+,30,15.77465,9.29577,0.211028
Li+,30,16.05634,9.29577,0.210174
Li+,30,16.33803,9.29577,0.206946
Li+,30,16.61972,9.29577,0.2014728
Li+,30,16.90141,9.29577,0.1940828
Li+,30,17.1831,9.29577,0.1852686
Li+,30,17.46479,9.29577,0.1756344
Li+,30,17.74648,9.29577,0.1658327
Li+,30,18.02817,9.29577,0.1564959
Li+,30,18.30986,9.29577,0.1481709
Li+,30,18.59155,9.29577,0.1412643
Li+,30,18.87324,9.29577,0.136003
Li+,30,19.15493,9.29577,0.1324153
Li+,30,19.43662,9.29577,0.1303344
Li+,30,19.71831,9.29577,0.1294229
Li+,30,20.0,9.29577,0.1292164
Li+,30,0.0,9.57746,0.0904368
Li+,30,0.28169,9.57746,0.0940864
Li+,30,0.56338,9.57746,0.0967665
Li+,30,0.84507,9.57746,0.0987272
Li+,30,1.12676,9.57746,0.1003887
Li+,30,1.40845,9.57746,0.102299
Li+,30,1.69014,9.57746,0.1050759
Li+,30,1.97183,9.57746,0.1093395
Li+,30,2.25352,9.57746,0.1156421
Li+,30,2.53521,9.57746,0.1244042
Li+,30,2.8169,9.57746,0.1358616
Li+,30,3.09859,9.57746,0.1500313
Li+,30,3.38028,9.57746,0.1666986
Li+,30,3.66197,9.57746,0.1854268
Li+,30,3.94366,9.57746,0.20559
Li+,30,4.22535,9.57746,0.2264235
Li+,30,4.50704,9.57746,0.2470876
Li+,30,4.78873,9.57746,0.2667389
Li+,30,5.07042,9.57746,0.2845999
Li+,30,5.35211,9.57746,0.3000211
Li+,30,5.6338,9.57746,0.3125293
Li+,30,5.91549,9.57746,0.3218571
Li+,30,6.19718,9.57746,0.327951
Li+,30,6.47887,9.57746,0.3309591
Li+,30,6.76056,9.57746,0.3311984
Li+,30,7.04225,9.57746,0.3291084
Li+,30,7.32394,9.57746,0.3251948
Li+,30,7.60563,9.57746,0.319971
Li+,30,7.88732,9.57746,0.3139034
Li+,30,8.16901,9.57746,0.3073676
Li+,30,8.4507,9.57746,0.3006187
Li+,30,8.73239,9.57746,0.2937802
Li+,30,9.01408,9.57746,0.2868511
Li+,30,9.29577,9.57746,0.2797299
Li+,30,9.57746,9.57746,0.272252
Li+,30,9.85915,9.57746,0.2642357
Li+,30,10.14085,9.57746,0.2555299
Li+,30,10.42254,9.57746,0.2460577
Li+,30,10.70423,9.57746,0.2358494
Li+,30,10.98592,9.57746,0.2250619
Li+,30,11.26761,9.57746,0.2139794
Li+,30,11.5493,9.57746,0.2029969
Li+,30,11.83099,9.57746,0.1925858
Li+,30,12.11268,9.57746,0.1832485
Li+,30,12.39437,9.57746,0.1754632
Li+,30,12.67606,9.57746,0.1696292
Li+,30,12.95775,9.57746,0.1660163
Li+,30,13.23944,9.57746,0.1647263
Li+,30,13.52113,9.57746,0.165671
Li+,30,13.80282,9.57746,0.1685701
Li+,30,14.08451,9.57746,0.1729689
Li+,30,14.3662,9.57746,0.1782762
Li+,30,14.64789,9.57746,0.1838174
Li+,30,14.92958,9.57746,0.1888976
Li+,30,15.21127,9.57746,0.1928686
Li+,30,15.49296,9.57746,0.1951917
Li+,30,15.77465,9.57746,0.1954905
Li+,30,16.05634,9.57746,0.1935864
Li+,30,16.33803,9.57746,0.1895149
Li+,30,16.61972,9.57746,0.1835183
Li+,30,16.90141,9.57746,0.1760178
Li+,30,17.1831,9.57746,0.1675669
Li+,30,17.46479,9.57746,0.1587904
Li+,30,17.74648,9.57746,0.1503178
Li+,30,18.02817,9.57746,0.1427159
Li+,30,18.30986,9.57746,0.1364298
Li+,30,18.59155,9.57746,0.1317376
Li+,30,18.87324,9.57746,0.1287245
Li+,30,19.15493,9.57746,0.1272781
Li+,30,19.43662,9.57746,0.1271061
Li+,30,19.71831,9.57746,0.1277741
Li+,30,20.0,9.57746,0.1287581
Li+,30,0.0,9.85915,0.0882363
Li+,30,0.28169,9.85915,0.0903403
Li+,30,0.56338,9.85915,0.0916575
Li+,30,0.84507,9.85915,0.0925674
Li+,30,1.12676,9.85915,0.0935949
Li+,30,1.40845,9.85915,0.0953572
Li+,30,1.69014,9.85915,0.0984992
Li+,30,1.97183,9.85915,0.103623
Li+,30,2.25352,9.85915,0.1112215
Li+,30,2.53521,9.85915,0.1216201
Li+,30,2.8169,9.85915,0.1349355
Li+,30,3.09859,9.85915,0.1510542
Li+,30,3.38028,9.85915,0.1696339
Li+,30,3.66197,9.85915,0.1901266
Li+,30,3.94366,9.85915,0.2118224
Li+,30,4.22535,9.85915,0.2339078
Li+,30,4.50704,9.85915,0.2555336
Li+,30,4.78873,9.85915,0.275884
Li+,30,5.07042,9.85915,0.2942413
Li+,30,5.35211,9.85915,0.310039
Li+,30,5.6338,9.85915,0.322897
Li+,30,5.91549,9.85915,0.3326388
Li+,30,6.19718,9.85915,0.3392865
Li+,30,6.47887,9.85915,0.3430369
Li+,30,6.76056,9.85915,0.3442215
Li+,30,7.04225,9.85915,0.3432564
Li+,30,7.32394,9.85915,0.3405863
Li+,30,7.60563,9.85915,0.336632
Li+,30,7.88732,9.85915,0.3317445
Li+,30,8.16901,9.85915,0.3261739
Li+,30,8.4507,9.85915,0.3200533
Li+,30,8.73239,9.85915,0.3134015
Li+,30,9.01408,9.85915,0.3061423
Li+,30,9.29577,9.85915,0.2981379
Li+,30,9.57746,9.85915,0.2892315
Li+,30,9.85915,9.85915,0.2792935
Li+,30,10.14085,9.85915,0.2682648
Li+,30,10.42254,9.85915,0.2561923
Li+,30,10.70423,9.85915,0.2432496
Li+,30,10.98592,9.85915,0.2297421
Li+,30,11.26761,9.85915,0.2160935
Li+,30,11.5493,9.85915,0.202815
Li+,30,11.83099,9.85915,0.1904607
Li+,30,12.11268,9.85915,0.1795743
Li+,30,12.39437,9.85915,0.1706321
Li+,30,12.67606,9.85915,0.1639892
Li+,30,12.95775,9.85915,0.1598372
Li+,30,13.23944,9.85915,0.1581753
Li+,30,13.52113,9.85915,0.1588018
Li+,30,13.80282,9.85915,0.1613264
Li+,30,14.08451,9.85915,0.1652013
Li+,30,14.3662,9.85915,0.1697712
Li+,30,14.64789,9.85915,0.1743343
Li+,30,14.92958,9.85915,0.1782095
Li+,30,15.21127,9.85915,0.1808022
Li+,30,15.49296,9.85915,0.1816619
Li+,30,15.77465,9.85915,0.180525
Li+,30,16.05634,9.85915,0.1773379
Li+,30,16.33803,9.85915,0.1722586
Li+,30,16.61972,9.85915,0.1656359
Li+,30,16.90141,9.85915,0.1579689
Li+,30,17.1831,9.85915,0.1498506
Li+,30,17.46479,9.85915,0.1419025
Li+,30,17.74648,9.85915,0.1347068
Li+,30,18.02817,9.85915,0.1287436
Li+,30,18.30986,9.85915,0.1243411
Li+,30,18.59155,9.85915,0.1216419
Li+,30,18.87324,9.85915,0.1205914
Li+,30,19.15493,9.85915,0.1209478
Li+,30,19.43662,9.85915,0.1223133
Li+,30,19.71831,9.85915,0.1241819
Li+,30,20.0,9.85915,0.1259998
Li+,30,0.0,10.14085,0.0873845
Li+,30,0.28169,10.14085,0.0878726
Li+,30,0.56338,10.14085,0.087803
Li+,30,0.84507,10.14085,0.0876709
Li+,30,1.12676,10.14085,0.0880853
Li+,30,1.40845,10.14085,0.0897078
Li+,30,1.69014,10.14085,0.0931834
Li+,30,1.97183,10.14085,0.0990723
Li+,30,2.25352,10.14085,0.1077876
Li+,30,2.53521,10.14085,0.1195476
Li+,30,2.8169,10.14085,0.1343468
Li+,30,3.09859,10.14085,0.1519483
Li+,30,3.38028,10.14085,0.1718985
Li+,30,3.66197,10.14085,0.1935631
Li+,30,3.94366,10.14085,0.2161789
Li+,30,4.22535,10.14085,0.2389174
Li+,30,4.50704,10.14085,0.260953
Li+,30,4.78873,10.14085,0.2815274
Li+,30,5.07042,10.14085,0.3000064
Li+,30,5.35211,10.14085,0.3159204
Li+,30,5.6338,10.14085,0.3289879
Li+,30,5.91549,10.14085,0.339118
Li+,30,6.19718,10.14085,0.3463941
Li+,30,6.47887,10.14085,0.3510407
Li+,30,6.76056,10.14085,0.3533785
Li+,30,7.04225,10.14085,0.3537726
Li+,30,7.32394,10.14085,0.3525817
Li+,30,7.60563,10.14085,0.3501132
Li+,30,7.88732,10.14085,0.3465892
Li+,30,8.16901,10.14085,0.3421287
Li+,30,8.4507,10.14085,0.336746
Li+,30,8.73239,10.14085,0.3303667
Li+,30,9.01408,10.14085,0.3228572
Li+,30,9.29577,10.14085,0.314065
Li+,30,9.57746,10.14085,0.3038637
Li+,30,9.85915,10.14085,0.2921962
Li+,30,10.14085,10.14085,0.2791116
Li+,30,10.42254,10.14085,0.2647889
Li+,30,10.70423,10.14085,0.2495445
Li+,30,10.98592,10.14085,0.2338227
Li+,30,11.26761,10.14085,0.218168
Li+,30,11.5493,10.14085,0.2031821
Li+,30,11.83099,10.14085,0.1894714
Li+,30,12.11268,10.14085,0.1775884
Li+,30,12.39437,10.14085,0.1679761
Li+,30,12.67606,10.14085,0.1609196
Li+,30,12.95775,10.14085,0.1565126
Li+,30,13.23944,10.14085,0.1546417
Li+,30,13.52113,10.14085,0.1549918
Li+,30,13.80282,10.14085,0.1570721
Li+,30,14.08451,10.14085,0.1602606
Li+,30,14.3662,10.14085,0.1638629
Li+,30,14.64789,10.14085,0.1671788
Li+,30,14.92958,10.14085,0.1695702
Li+,30,15.21127,10.14085,0.170523
Li+,30,15.49296,10.14085,0.1696958
Li+,30,15.77465,10.14085,0.1669511
Li+,30,16.05634,10.14085,0.1623645
Li+,30,16.33803,10.14085,0.1562117
Li+,30,16.61972,10.14085,0.1489347
Li+,30,16.90141,10.14085,0.1410906
Li+,30,17.1831,10.14085,0.1332883
Li+,30,17.46479,10.14085,0.1261211
Li+,30,17.74648,10.14085,0.1201016
Li+,30,18.02817,10.14085,0.1156067
Li+,30,18.30986,10.14085,0.1128379
Li+,30,18.59155,10.14085,0.1118022
Li+,30,18.87324,10.14085,0.1123143
Li+,30,19.15493,10.14085,0.1140212
Li+,30,19.43662,10.14085,0.1164445
Li+,30,19.71831,10.14085,0.1190372
Li+,30,20.0,10.14085,0.1212471
Li+,30,0.0,10.42254,0.0880159
Li+,30,0.28169,10.42254,0.0869719
Li+,30,0.56338,10.42254,0.0856328
Li+,30,0.84507,10.42254,0.084589
Li+,30,1.12676,10.42254,0.0845082
Li+,30,1.40845,10.42254,0.086068
Li+,30,1.69014,10.42254,0.0898868
Li+,30,1.97183,10.42254,0.0964594
Li+,30,2.25352,10.42254,0.1061029
Li+,30,2.53521,10.42254,0.1189214
Li+,30,2.8169,10.42254,0.1347898
Li+,30,3.09859,10.42254,0.1533604
Li+,30,3.38028,10.42254,0.1740907
Li+,30,3.66197,10.42254,0.1962885
Li+,30,3.94366,10.42254,0.2191709
Li+,30,4.22535,10.42254,0.2419289
Li+,30,4.50704,10.42254,0.2637922
Li+,30,4.78873,10.42254,0.2840872
Li+,30,5.07042,10.42254,0.3022817
Li+,30,5.35211,10.42254,0.3180136
Li+,30,5.6338,10.42254,0.3310996
Li+,30,5.91549,10.42254,0.3415256
Li+,30,6.19718,10.42254,0.3494193
Li+,30,6.47887,10.42254,0.3550109
Li+,30,6.76056,10.42254,0.3585853
Li+,30,7.04225,10.42254,0.3604333
Li+,30,7.32394,10.42254,0.3608074
Li+,30,7.60563,10.42254,0.3598875
Li+,30,7.88732,10.42254,0.3577604
Li+,30,8.16901,10.42254,0.3544163
Li+,30,8.4507,10.42254,0.3497614
Li+,30,8.73239,10.42254,0.343645
Li+,30,9.01408,10.42254,0.3358977
Li+,30,9.29577,10.42254,0.3263761
Li+,30,9.57746,10.42254,0.3150062
Li+,30,9.85915,10.42254,0.3018217
Li+,30,10.14085,10.42254,0.2869909
Li+,30,10.42254,10.42254,0.2708272
Li+,30,10.70423,10.42254,0.2537832
Li+,30,10.98592,10.42254,0.2364259
Li+,30,11.26761,10.42254,0.2193963
Li+,30,11.5493,10.42254,0.2033568
Li+,30,11.83099,10.42254,0.1889327
Li+,30,12.11268,10.42254,0.1766528
Li+,30,12.39437,10.42254,0.1668974
Li+,30,12.67606,10.42254,0.1598583
Li+,30,12.95775,10.42254,0.1555169
Li+,30,13.23944,10.42254,0.1536422
Li+,30,13.52113,10.42254,0.1538108
Li+,30,13.80282,10.42254,0.155446
Li+,30,14.08451,10.42254,0.157873
Li+,30,14.3662,10.42254,0.1603846
Li+,30,14.64789,10.42254,0.16231
Li+,30,14.92958,10.42254,0.1630805
Li+,30,15.21127,10.42254,0.1622839
Li+,30,15.49296,10.42254,0.1597024
Li+,30,15.77465,10.42254,0.1553304
Li+,30,16.05634,10.42254,0.1493692
Li+,30,16.33803,10.42254,0.1422004
Li+,30,16.61972,10.42254,0.13434
Li+,30,16.90141,10.42254,0.126379
Li+,30,17.1831,10.42254,0.1189168
Li+,30,17.46479,10.42254,0.1124944
Li+,30,17.74648,10.42254,0.1075354
Li+,30,18.02817,10.42254,0.1043007
Li+,30,18.30986,10.42254,0.1028617
Li+,30,18.59155,10.42254,0.1030957
Li+,30,18.87324,10.42254,0.1047025
Li+,30,19.15493,10.42254,0.1072412
Li+,30,19.43662,10.42254,0.1101827
Li+,30,19.71831,10.42254,0.1129707
Li+,30,20.0,10.42254,0.1150868
Li+,30,0.0,10.70423,0.0899533
Li+,30,0.28169,10.70423,0.0876107
Li+,30,0.56338,10.70423,0.085257
Li+,30,0.84507,10.70423,0.0835525
Li+,30,1.12676,10.70423,0.0831935
Li+,30,1.40845,10.70423,0.0848444
Li+,30,1.69014,10.70423,0.0890702
Li+,30,1.97183,10.70423,0.0962793
Li+,30,2.25352,10.70423,0.1066811
Li+,30,2.53521,10.70423,0.1202628
Li+,30,2.8169,10.70423,0.1367878
Li+,30,3.09859,10.70423,0.1558156
Li+,30,3.38028,10.70423,0.1767402
Li+,30,3.66197,10.70423,0.1988433
Li+,30,3.94366,10.70423,0.2213557
Li+,30,4.22535,10.70423,0.2435206
Li+,30,4.50704,10.70423,0.2646522
Li+,30,4.78873,10.70423,0.2841837
Li+,30,5.07042,10.70423,0.3016988
Li+,30,5.35211,10.70423,0.316947
Li+,30,5.6338,10.70423,0.3298384
Li+,30,5.91549,10.70423,0.3404224
Li+,30,6.19718,10.70423,0.3488525
Li+,30,6.47887,10.70423,0.3553423
Li+,30,6.76056,10.70423,0.3601186
Li+,30,7.04225,10.70423,0.3633786
Li+,30,7.32394,10.70423,0.3652543
Li+,30,7.60563,10.70423,0.3657912
Li+,30,7.88732,10.70423,0.3649426
Li+,30,8.16901,10.70423,0.3625798
Li+,30,8.4507,10.70423,0.3585175
Li+,30,8.73239,10.70423,0.3525508
Li+,30,9.01408,10.70423,0.3444999
Li+,30,9.29577,10.70423,0.3342541
Li+,30,9.57746,10.70423,0.321813
Li+,30,9.85915,10.70423,0.3073155
Li+,30,10.14085,10.70423,0.2910552
Li+,30,10.42254,10.70423,0.2734772
Li+,30,10.70423,10.70423,0.2551572
Li+,30,10.98592,10.70423,0.2367634
Li+,30,11.26761,10.70423,0.219005
Li+,30,11.5493,10.70423,0.2025727
Li+,30,11.83099,10.70423,0.1880774
Li+,30,12.11268,10.70423,0.1759928
Li+,30,12.39437,10.70423,0.1666107
Li+,30,12.67606,10.70423,0.1600113
Li+,30,12.95775,10.70423,0.1560548
Li+,30,13.23944,10.70423,0.154394
Li+,30,13.52113,10.70423,0.1545073
Li+,30,13.80282,10.70423,0.1557506
Li+,30,14.08451,10.70423,0.1574199
Li+,30,14.3662,10.70423,0.1588217
Li+,30,14.64789,10.70423,0.1593403
Li+,30,14.92958,10.70423,0.1584981
Li+,30,15.21127,10.70423,0.1560001
Li+,30,15.49296,10.70423,0.1517595
Li+,30,15.77465,10.70423,0.1459005
Li+,30,16.05634,10.70423,0.1387393
Li+,30,16.33803,10.70423,0.1307445
Li+,30,16.61972,10.70423,0.122482
Li+,30,16.90141,10.70423,0.1145501
Li+,30,17.1831,10.70423,0.1075121
Li+,30,17.46479,10.70423,0.1018341
Li+,30,17.74648,10.70423,0.0978345
Li+,30,18.02817,10.70423,0.0956503
Li+,30,18.30986,10.70423,0.0952251
Li+,30,18.59155,10.70423,0.0963182
Li+,30,18.87324,10.70423,0.0985352
Li+,30,19.15493,10.70423,0.101375
Li+,30,19.43662,10.70423,0.104289
Li+,30,19.71831,10.70423,0.1067446
Li+,30,20.0,10.70423,0.1082872
Li+,30,0.0,10.98592,0.0927402
Li+,30,0.28169,10.98592,0.0894584
Li+,30,0.56338,10.98592,0.086462
Li+,30,0.84507,10.98592,0.0844501
Li+,30,1.12676,10.98592,0.0841165
Li+,30,1.40845,10.98592,0.086082
Li+,30,1.69014,10.98592,0.0908333
Li+,30,1.97183,10.98592,0.0986755
Li+,30,2.25352,10.98592,0.1097023
Li+,30,2.53521,10.98592,0.1237867
Li+,30,2.8169,10.98592,0.1405935
Li+,30,3.09859,10.98592,0.1596108
Li+,30,3.38028,10.98592,0.1801973
Li+,30,3.66197,10.98592,0.2016402
Li+,30,3.94366,10.98592,0.2232163
Li+,30,4.22535,10.98592,0.2442507
Li+,30,4.50704,10.98592,0.264166
Li+,30,4.78873,10.98592,0.2825179
Li+,30,5.07042,10.98592,0.2990138
Li+,30,5.35211,10.98592,0.3135128
Li+,30,5.6338,10.98592,0.3260084
Li+,30,5.91549,10.98592,0.3365972
Li+,30,6.19718,10.98592,0.3454381
Li+,30,6.47887,10.98592,0.3527067
Li+,30,6.76056,10.98592,0.3585529
Li+,30,7.04225,10.98592,0.3630654
Li+,30,7.32394,10.98592,0.3662484
Li+,30,7.60563,10.98592,0.3680139
Li+,30,7.88732,10.98592,0.3681903
Li+,30,8.16901,10.98592,0.3665467
Li+,30,8.4507,10.98592,0.3628289
Li+,30,8.73239,10.98592,0.3568041
Li+,30,9.01408,10.98592,0.3483078
Li+,30,9.29577,10.98592,0.3372866
Li+,30,9.57746,10.98592,0.3238314
Li+,30,9.85915,10.98592,0.3081972
Li+,30,10.14085,10.98592,0.2908038
Li+,30,10.42254,10.98592,0.2722194
Li+,30,10.70423,10.98592,0.2531249
Li+,30,10.98592,10.98592,0.2342643
Li+,30,11.26761,10.98592,0.2163843
Li+,30,11.5493,10.98592,0.2001712
Li+,30,11.83099,10.98592,0.1861893
Li+,30,12.11268,10.98592,0.1748299
Li+,30,12.39437,10.98592,0.1662753
Li+,30,12.67606,10.98592,0.1604825
Li+,30,12.95775,10.98592,0.157188
Li+,30,13.23944,10.98592,0.1559354
Li+,30,13.52113,10.98592,0.1561208
Li+,30,13.80282,10.98592,0.1570543
Li+,30,14.08451,10.98592,0.158028
Li+,30,14.3662,10.98592,0.1583873
Li+,30,14.64789,10.98592,0.1575941
Li+,30,14.92958,10.98592,0.1552785
Li+,30,15.21127,10.98592,0.1512717
Li+,30,15.49296,10.98592,0.1456171
Li+,30,15.77465,10.98592,0.1385596
Li+,30,16.05634,10.98592,0.1305121
Li+,30,16.33803,10.98592,0.1220061
Li+,30,16.61972,10.98592,0.1136294
Li+,30,16.90141,10.98592,0.1059589
Li+,30,17.1831,10.98592,0.099496
Li+,30,17.46479,10.98592,0.0946117
Li+,30,17.74648,10.98592,0.0915066
Li+,30,18.02817,10.98592,0.0901915
Li+,30,18.30986,10.98592,0.0904893
Li+,30,18.59155,10.98592,0.0920582
Li+,30,18.87324,10.98592,0.0944338
Li+,30,19.15493,10.98592,0.0970846
Li+,30,19.43662,10.98592,0.0994743
Li+,30,19.71831,10.98592,0.1011249
Li+,30,20.0,10.98592,0.101672
Li+,30,0.0,11.26761,0.0957197
Li+,30,0.28169,11.26761,0.0919462
Li+,30,0.56338,11.26761,0.0887584
Li+,30,0.84507,11.26761,0.0868619
Li+,30,1.12676,11.26761,0.0869151
Li+,30,1.40845,11.26761,0.0894671
Li+,30,1.69014,11.26761,0.0949044
Li+,30,1.97183,11.26761,0.103416
Li+,30,2.25352,11.26761,0.1149769
Li+,30,2.53521,11.26761,0.1293537
Li+,30,2.8169,11.26761,0.1461291
Li+,30,3.09859,11.26761,0.1647438
Li+,30,3.38028,11.26761,0.1845505
Li+,30,3.66197,11.26761,0.204872
Li+,30,3.94366,11.26761,0.2250604
Li+,30,4.22535,11.26761,0.2445465
Li+,30,4.50704,11.26761,0.2628791
Li+,30,4.78873,11.26761,0.2797457
Li+,30,5.07042,11.26761,0.2949775
Li+,30,5.35211,11.26761,0.308535
Li+,30,5.6338,11.26761,0.3204803
Li+,30,5.91549,11.26761,0.330938
Li+,30,6.19718,11.26761,0.3400511
Li+,30,6.47887,11.26761,0.347938
Li+,30,6.76056,11.26761,0.354656
Li+,30,7.04225,11.26761,0.3601765
Li+,30,7.32394,11.26761,0.3643748
Li+,30,7.60563,11.26761,0.367037
Li+,30,7.88732,11.26761,0.3678826
Li+,30,8.16901,11.26761,0.3666007
Li+,30,8.4507,11.26761,0.362895
Li+,30,8.73239,11.26761,0.3565329
Li+,30,9.01408,11.26761,0.347392
Li+,30,9.29577,11.26761,0.3354977
Li+,30,9.57746,11.26761,0.3210473
Li+,30,9.85915,11.26761,0.3044173
Li+,30,10.14085,11.26761,0.2861501
Li+,30,10.42254,11.26761,0.266923
Li+,30,10.70423,11.26761,0.2475003
Li+,30,10.98592,11.26761,0.2286736
Li+,30,11.26761,11.26761,0.2111959
Li+,30,11.5493,11.26761,0.1957174
Li+,30,11.83099,11.26761,0.1827277
Li+,30,12.11268,11.26761,0.1725132
Li+,30,12.39437,11.26761,0.1651328
Li+,30,12.67606,11.26761,0.1604149
Li+,30,12.95775,11.26761,0.1579775
Li+,30,13.23944,11.26761,0.1572684
Li+,30,13.52113,11.26761,0.1576217
Li+,30,13.80282,11.26761,0.1583262
Li+,30,14.08451,11.26761,0.1586959
Li+,30,14.3662,11.26761,0.1581384
Li+,30,14.64789,11.26761,0.1562117
Li+,30,14.92958,11.26761,0.1526645
Li+,30,15.21127,11.26761,0.1474562
Li+,30,15.49296,11.26761,0.1407532
Li+,30,15.77465,11.26761,0.132904
Li+,30,16.05634,11.26761,0.1243952
Li+,30,16.33803,11.26761,0.1157923
Li+,30,16.61972,11.26761,0.1076749
Li+,30,16.90141,11.26761,0.1005698
Li+,30,17.1831,11.26761,0.0948923
Li+,30,17.46479,11.26761,0.0909015
Li+,30,17.74648,11.26761,0.0886726
Li+,30,18.02817,11.26761,0.0880925
Li+,30,18.30986,11.26761,0.0888754
Li+,30,18.59155,11.26761,0.0905988
Li+,30,18.87324,11.26761,0.0927552
Li+,30,19.15493,11.26761,0.0948127
Li+,30,19.43662,11.26761,0.0962778
Li+,30,19.71831,11.26761,0.0967541
Li+,30,20.0,11.26761,0.0959885
Li+,30,0.0,11.5493,0.0981476
Li+,30,0.28169,11.5493,0.0943684
Li+,30,0.56338,11.5493,0.0914727
Li+,30,0.84507,11.5493,0.0901385
Li+,30,1.12676,11.5493,0.0909584
Li+,30,1.40845,11.5493,0.094384
Li+,30,1.69014,11.5493,0.1006846
Li+,30,1.97183,11.5493,0.1099252
Li+,30,2.25352,11.5493,0.121965
Li+,30,2.53521,11.5493,0.1364755
Li+,30,2.8169,11.5493,0.1529777
Li+,30,3.09859,11.5493,0.1708907
Li+,30,3.38028,11.5493,0.1895888
Li+,30,3.66197,11.5493,0.2084586
Li+,30,3.94366,11.5493,0.226951
Li+,30,4.22535,11.5493,0.2446211
Li+,30,4.50704,11.5493,0.2611535
Li+,30,4.78873,11.5493,0.2763692
Li+,30,5.07042,11.5493,0.2902159
Li+,30,5.35211,11.5493,0.3027417
Li+,30,5.6338,11.5493,0.314058
Li+,30,5.91549,11.5493,0.3242958
Li+,30,6.19718,11.5493,0.3335614
Li+,30,6.47887,11.5493,0.3418987
Li+,30,6.76056,11.5493,0.3492611
Li+,30,7.04225,11.5493,0.3554992
Li+,30,7.32394,11.5493,0.3603651
Li+,30,7.60563,11.5493,0.3635327
Li+,30,7.88732,11.5493,0.364634
Li+,30,8.16901,11.5493,0.3633045
Li+,30,8.4507,11.5493,0.3592353
Li+,30,8.73239,11.5493,0.3522223
Li+,30,9.01408,11.5493,0.3422103
Li+,30,9.29577,11.5493,0.329322
Li+,30,9.57746,11.5493,0.3138715
Li+,30,9.85915,11.5493,0.296357
Li+,30,10.14085,11.5493,0.2774343
Li+,30,10.42254,11.5493,0.2578718
Li+,30,10.70423,11.5493,0.2384921
Li+,30,10.98592,11.5493,0.2201051
Li+,30,11.26761,11.5493,0.2034397
Li+,30,11.5493,11.5493,0.1890813
Li+,30,11.83099,11.5493,0.1774219
Li+,30,12.11268,11.5493,0.1686271
Li+,30,12.39437,11.5493,0.1626255
Li+,30,12.67606,11.5493,0.1591201
Li+,30,12.95775,11.5493,0.157622
Li+,30,13.23944,11.5493,0.1575027
Li+,30,13.52113,11.5493,0.1580589
Li+,30,13.80282,11.5493,0.1585841
Li+,30,14.08451,11.5493,0.1584395
Li+,30,14.3662,11.5493,0.1571159
Li+,30,14.64789,11.5493,0.1542813
Li+,30,14.92958,11.5493,0.1498084
Li+,30,15.21127,11.5493,0.1437797
Li+,30,15.49296,11.5493,0.1364708
Li+,30,15.77465,11.5493,0.1283122
Li+,30,16.05634,11.5493,0.1198356
Li+,30,16.33803,11.5493,0.1116101
Li+,30,16.61972,11.5493,0.1041761
Li+,30,16.90141,11.5493,0.097983
Li+,30,17.1831,11.5493,0.0933395
Li+,30,17.46479,11.5493,0.09038
Li+,30,17.74648,11.5493,0.089052
Li+,30,18.02817,11.5493,0.0891255
Li+,30,18.30986,11.5493,0.0902224
Li+,30,18.59155,11.5493,0.0918628
Li+,30,18.87324,11.5493,0.0935238
Li+,30,19.15493,11.5493,0.0947018
Li+,30,19.43662,11.5493,0.0949731
Li+,30,19.71831,11.5493,0.0940448
Li+,30,20.0,11.5493,0.0917899
Li+,30,0.0,11.83099,0.0993213
Li+,30,0.28169,11.83099,0.0960085
Li+,30,0.56338,11.83099,0.0938672
Li+,30,0.84507,11.83099,0.0935162
Li+,30,1.12676,11.83099,0.0954543
Li+,30,1.40845,11.83099,0.1000153
Li+,30,1.69014,11.83099,0.1073395
Li+,30,1.97183,11.83099,0.1173663
Li+,30,2.25352,11.83099,0.1298465
Li+,30,2.53521,11.83099,0.1443734
Li+,30,2.8169,11.83099,0.1604282
Li+,30,3.09859,11.83099,0.1774343
Li+,30,3.38028,11.83099,0.1948142
Li+,30,3.66197,11.83099,0.2120416
Li+,30,3.94366,11.83099,0.2286844
Li+,30,4.22535,11.83099,0.2444326
Li+,30,4.50704,11.83099,0.2591088
Li+,30,4.78873,11.83099,0.2726614
Li+,30,5.07042,11.83099,0.2851405
Li+,30,5.35211,11.83099,0.2966622
Li+,30,5.6338,11.83099,0.3073646
Li+,30,5.91549,11.83099,0.3173623
Li+,30,6.19718,11.83099,0.3267052
Li+,30,6.47887,11.83099,0.335348
Li+,30,6.76056,11.83099,0.3431336
Li+,30,7.04225,11.83099,0.3497942
Li+,30,7.32394,11.83099,0.3549692
Li+,30,7.60563,11.83099,0.3582398
Li+,30,7.88732,11.83099,0.3591756
Li+,30,8.16901,11.83099,0.357388
Li+,30,8.4507,11.83099,0.3525845
Li+,30,8.73239,11.83099,0.3446172
Li+,30,9.01408,11.83099,0.3335195
Li+,30,9.29577,11.83099,0.3195256
Li+,30,9.57746,11.83099,0.3030708
Li+,30,9.85915,11.83099,0.2847701
Li+,30,10.14085,11.83099,0.265378
Li+,30,10.42254,11.83099,0.2457323
Li+,30,10.70423,11.83099,0.2266867
Li+,30,10.98592,11.83099,0.2090402
Li+,30,11.26761,11.83099,0.1934692
Li+,30,11.5493,11.83099,0.1804708
Li+,30,11.83099,11.83099,0.170322
Li+,30,12.11268,11.83099,0.1630592
Li+,30,12.39437,11.83099,0.158482
Li+,30,12.67606,11.83099,0.1561784
Li+,30,12.95775,11.83099,0.1555715
Li+,30,13.23944,11.83099,0.1559808
Li+,30,13.52113,11.83099,0.1566927
Li+,30,13.80282,11.83099,0.1570335
Li+,30,14.08451,11.83099,0.1564348
Li+,30,14.3662,11.83099,0.1544885
Li+,30,14.64789,11.83099,0.1509815
Li+,30,14.92958,11.83099,0.1459095
Li+,30,15.21127,11.83099,0.1394685
Li+,30,15.49296,11.83099,0.1320237
Li+,30,15.77465,11.83099,0.1240613
Li+,30,16.05634,11.83099,0.1161277
Li+,30,16.33803,11.83099,0.1087642
Li+,30,16.61972,11.83099,0.1024427
Li+,30,16.90141,11.83099,0.0975114
Li+,30,17.1831,11.83099,0.0941558
Li+,30,17.46479,11.83099,0.092379
Li+,30,17.74648,11.83099,0.0920034
Li+,30,18.02817,11.83099,0.0926943
Li+,30,18.30986,11.83099,0.0940007
Li+,30,18.59155,11.83099,0.0954108
Li+,30,18.87324,11.83099,0.0964131
Li+,30,19.15493,11.83099,0.0965589
Li+,30,19.43662,11.83099,0.0955163
Li+,30,19.71831,11.83099,0.0931113
Li+,30,20.0,11.83099,0.0893504
Li+,30,0.0,12.11268,0.0987044
Li+,30,0.28169,12.11268,0.0962657
Li+,30,0.56338,12.11268,0.0952696
Li+,30,0.84507,12.11268,0.0962467
Li+,30,1.12676,12.11268,0.0995799
Li+,30,1.40845,12.11268,0.1054704
Li+,30,1.69014,12.11268,0.1139248
Li+,30,1.97183,12.11268,0.1247611
Li+,30,2.25352,12.11268,0.1376352
Li+,30,2.53521,12.11268,0.1520818
Li+,30,2.8169,12.11268,0.1675667
Li+,30,3.09859,12.11268,0.1835429
Li+,30,3.38028,12.11268,0.1995041
Li+,30,3.66197,12.11268,0.2150297
Li+,30,3.94366,12.11268,0.2298163
Li+,30,4.22535,12.11268,0.2436917
Li+,30,4.50704,12.11268,0.2566111
Li+,30,4.78873,12.11268,0.2686362
Li+,30,5.07042,12.11268,0.2799001
Li+,30,5.35211,12.11268,0.2905628
Li+,30,5.6338,12.11268,0.300764
Li+,30,5.91549,12.11268,0.3105791
Li+,30,6.19718,12.11268,0.3199835
Li+,30,6.47887,12.11268,0.3288321
Li+,30,6.76056,12.11268,0.3368553
Li+,30,7.04225,12.11268,0.3436737
Li+,30,7.32394,12.11268,0.3488302
Li+,30,7.60563,12.11268,0.3518363
Li+,30,7.88732,12.11268,0.3522269
Li+,30,8.16901,12.11268,0.3496188
Li+,30,8.4507,12.11268,0.3437646
Li+,30,8.73239,12.11268,0.3345961
Li+,30,9.01408,12.11268,0.3222524
Li+,30,9.29577,12.11268,0.3070872
Li+,30,9.57746,12.11268,0.2896552
Li+,30,9.85915,12.11268,0.2706774
Li+,30,10.14085,12.11268,0.2509881
Li+,30,10.42254,12.11268,0.231469
Li+,30,10.70423,12.11268,0.2129769
Li+,30,10.98592,12.11268,0.1962718
Li+,30,11.26761,12.11268,0.1819531
Li+,30,11.5493,12.11268,0.170411
Li+,30,11.83099,12.11268,0.161797
Li+,30,12.11268,12.11268,0.1560179
Li+,30,12.39437,12.11268,0.1527531
Li+,30,12.67606,12.11268,0.1514935
Li+,30,12.95775,12.11268,0.1515983
Li+,30,13.23944,12.11268,0.1523635
Li+,30,13.52113,12.11268,0.153095
Li+,30,13.80282,12.11268,0.153178
Li+,30,14.08451,12.11268,0.1521368
Li+,30,14.3662,12.11268,0.1496774
Li+,30,14.64789,12.11268,0.1457097
Li+,30,14.92958,12.11268,0.140347
Li+,30,15.21127,12.11268,0.1338827
Li+,30,15.49296,12.11268,0.1267487
Li+,30,15.77465,12.11268,0.1194583
Li+,30,16.05634,12.11268,0.1125418
Li+,30,16.33803,12.11268,0.1064825
Li+,30,16.61972,12.11268,0.1016579
Li+,30,16.90141,12.11268,0.098296
Li+,30,17.1831,12.11268,0.0964487
Li+,30,17.46479,12.11268,0.0959868
Li+,30,17.74648,12.11268,0.0966161
Li+,30,18.02817,12.11268,0.0979138
Li+,30,18.30986,12.11268,0.0993789
Li+,30,18.59155,12.11268,0.1004928
Li+,30,18.87324,12.11268,0.1007814
Li+,30,19.15493,12.11268,0.0998733
Li+,30,19.43662,12.11268,0.0975449
Li+,30,19.71831,12.11268,0.0937497
Li+,30,20.0,12.11268,0.0886268
Li+,30,0.0,12.39437,0.0960268
Li+,30,0.28169,12.39437,0.0947651
Li+,30,0.56338,12.39437,0.095191
Li+,30,0.84507,12.39437,0.0977237
Li+,30,1.12676,12.39437,0.1026136
Li+,30,1.40845,12.39437,0.1099227
Li+,30,1.69014,12.39437,0.1195256
Li+,30,1.97183,12.39437,0.1311305
Li+,30,2.25352,12.39437,0.1443161
Li+,30,2.53521,12.39437,0.1585818
Li+,30,2.8169,12.39437,0.173403
Li+,30,3.09859,12.39437,0.1882857
Li+,30,3.38028,12.39437,0.2028146
Li+,30,3.66197,12.39437,0.2166876
Li+,30,3.94366,12.39437,0.2297345
Li+,30,4.22535,12.39437,0.2419169
Li+,30,4.50704,12.39437,0.2533097
Li+,30,4.78873,12.39437,0.2640681
Li+,30,5.07042,12.39437,0.274383
Li+,30,5.35211,12.39437,0.2844318
Li+,30,5.6338,12.39437,0.29433
Li+,30,5.91549,12.39437,0.304092
Li+,30,6.19718,12.39437,0.3136036
Li+,30,6.47887,12.39437,0.3226133
Li+,30,6.76056,12.39437,0.3307415
Li+,30,7.04225,12.39437,0.3375093
Li+,30,7.32394,12.39437,0.3423828
Li+,30,7.60563,12.39437,0.3448292
Li+,30,7.88732,12.39437,0.3443775
Li+,30,8.16901,12.39437,0.3406783
Li+,30,8.4507,12.39437,0.333554
Li+,30,8.73239,12.39437,0.3230356
Li+,30,9.01408,12.39437,0.3093782
Li+,30,9.29577,12.39437,0.2930566
Li+,30,9.57746,12.39437,0.2747369
Li+,30,9.85915,12.39437,0.255229
Li+,30,10.14085,12.39437,0.2354236
Li+,30,10.42254,12.39437,0.2162191
Li+,30,10.70423,12.39437,0.198447
Li+,30,10.98592,12.39437,0.1828024
Li+,30,11.26761,12.39437,0.1697875
Li+,30,11.5493,12.39437,0.1596729
Li+,30,11.83099,12.39437,0.1524817
Li+,30,12.11268,12.39437,0.1479978
Li+,30,12.39437,12.39437,0.1457963
Li+,30,12.67606,12.39437,0.1452947
Li+,30,12.95775,12.39437,0.1458172
Li+,30,13.23944,12.39437,0.1466675
Li+,30,13.52113,12.39437,0.1472001
Li+,30,13.80282,12.39437,0.146885
Li+,30,14.08451,12.39437,0.1453567
Li+,30,14.3662,12.39437,0.1424446
Li+,30,14.64789,12.39437,0.1381807
Li+,30,14.92958,12.39437,0.1327848
Li+,30,15.21127,12.39437,0.1266288
Li+,30,15.49296,12.39437,0.1201853
Li+,30,15.77465,12.39437,0.1139652
Li+,30,16.05634,12.39437,0.1084537
Li+,30,16.33803,12.39437,0.104049
Li+,30,16.61972,12.39437,0.1010138
Li+,30,16.90141,12.39437,0.0994427
Li+,30,17.1831,12.39437,0.0992505
Li+,30,17.46479,12.39437,0.1001811
Li+,30,17.74648,12.39437,0.1018382
Li+,30,18.02817,12.39437,0.1037314
Li+,30,18.30986,12.39437,0.1053342
Li+,30,18.59155,12.39437,0.1061469
Li+,30,18.87324,12.39437,0.105756
Li+,30,19.15493,12.39437,0.103885
Li+,30,19.43662,12.39437,0.1004289
Li+,30,19.71831,12.39437,0.0954699
Li+,30,20.0,12.39437,0.0892714
Li+,30,0.0,12.67606,0.0913441
Li+,30,0.28169,12.67606,0.0914312
Li+,30,0.56338,12.67606,0.0934141
Li+,30,0.84507,12.67606,0.0975835
Li+,30,1.12676,12.67606,0.1040489
Li+,30,1.40845,12.67606,0.1127336
Li+,30,1.69014,12.67606,0.1233902
Li+,30,1.97183,12.67606,0.1356337
Li+,30,2.25352,12.67606,0.1489888
Li+,30,2.53521,12.67606,0.1629449
Li+,30,2.8169,12.67606,0.1770114
Li+,30,3.09859,12.67606,0.1907692
Li+,30,3.38028,12.67606,0.2039088
Li+,30,3.66197,12.67606,0.2162539
Li+,30,3.94366,12.67606,0.2277655
Li+,30,4.22535,12.67606,0.2385277
Li+,30,4.50704,12.67606,0.2487164
Li+,30,4.78873,12.67606,0.2585555
Li+,30,5.07042,12.67606,0.2682658
Li+,30,5.35211,12.67606,0.2780137
Li+,30,5.6338,12.67606,0.2878658
Li+,30,5.91549,12.67606,0.2977561
Li+,30,6.19718,12.67606,0.3074698
Li+,30,6.47887,12.67606,0.3166469
Li+,30,6.76056,12.67606,0.3248053
Li+,30,7.04225,12.67606,0.3313825
Li+,30,7.32394,12.67606,0.3357907
Li+,30,7.60563,12.67606,0.3374792
Li+,30,7.88732,12.67606,0.3359989
Li+,30,8.16901,12.67606,0.3310598
Li+,30,8.4507,12.67606,0.3225747
Li+,30,8.73239,12.67606,0.310686
Li+,30,9.01408,12.67606,0.2957693
Li+,30,9.29577,12.67606,0.2784142
Li+,30,9.57746,12.67606,0.2593835
Li+,30,9.85915,12.67606,0.239554
Li+,30,10.14085,12.67606,0.2198456
Li+,30,10.42254,12.67606,0.2011447
Li+,30,10.70423,12.67606,0.1842302
Li+,30,10.98592,12.67606,0.1697096
Li+,30,11.26761,12.67606,0.1579722
Li+,30,11.5493,12.67606,0.1491627
Li+,30,11.83099,12.67606,0.1431799
Li+,30,12.11268,12.67606,0.1396977
Li+,30,12.39437,12.67606,0.1382094
Li+,30,12.67606,12.67606,0.1380871
Li+,30,12.95775,12.67606,0.1386518
Li+,30,13.23944,12.67606,0.1392462
Li+,30,13.52113,12.67606,0.1393022
Li+,30,13.80282,12.67606,0.1383962
Li+,30,14.08451,12.67606,0.1362869
Li+,30,14.3662,12.67606,0.1329311
Li+,30,14.64789,12.67606,0.1284769
Li+,30,14.92958,12.67606,0.1232356
Li+,30,15.21127,12.67606,0.1176352
Li+,30,15.49296,12.67606,0.1121623
Li+,30,15.77465,12.67606,0.1072976
Li+,30,16.05634,12.67606,0.1034541
Li+,30,16.33803,12.67606,0.1009237
Li+,30,16.61972,12.67606,0.0998398
Li+,30,16.90141,12.67606,0.100158
Li+,30,17.1831,12.67606,0.1016595
Li+,30,17.46479,12.67606,0.1039739
Li+,30,17.74648,12.67606,0.106622
Li+,30,18.02817,12.67606,0.10907
Li+,30,18.30986,12.67606,0.110792
Li+,30,18.59155,12.67606,0.1113312
Li+,30,18.87324,12.67606,0.1103547
Li+,30,19.15493,12.67606,0.1076935
Li+,30,19.43662,12.67606,0.1033652
Li+,30,19.71831,12.67606,0.0975748
Li+,30,20.0,12.67606,0.090695
Li+,30,0.0,12.95775,0.0850459
Li+,30,0.28169,12.95775,0.0865137
Li+,30,0.56338,12.95775,0.0900361
Li+,30,0.84507,12.95775,0.095766
Li+,30,1.12676,12.95775,0.1036715
Li+,30,1.40845,12.95775,0.1135457
Li+,30,1.69014,12.95775,0.1250356
Li+,30,1.97183,12.95775,0.137686
Li+,30,2.25352,12.95775,0.150994
Li+,30,2.53521,12.95775,0.164465
Li+,30,2.8169,12.95775,0.1776671
Li+,30,3.09859,12.95775,0.1902736
Li+,30,3.38028,12.95775,0.2020917
Li+,30,3.66197,12.95775,0.213072
Li+,30,3.94366,12.95775,0.2232985
Li+,30,4.22535,12.95775,0.2329613
Li+,30,4.50704,12.95775,0.2423135
Li+,30,4.78873,12.95775,0.2516197
Li+,30,5.07042,12.95775,0.2611012
Li+,30,5.35211,12.95775,0.2708862
Li+,30,5.6338,12.95775,0.2809696
Li+,30,5.91549,12.95775,0.2911901
Li+,30,6.19718,12.95775,0.3012256
Li+,30,6.47887,12.95775,0.3106109
Li+,30,6.76056,12.95775,0.3187734
Li+,30,7.04225,12.95775,0.3250866
Li+,30,7.32394,12.95775,0.3289329
Li+,30,7.60563,12.95775,0.3297709
Li+,30,7.88732,12.95775,0.3271989
Li+,30,8.16901,12.95775,0.3210071
Li+,30,8.4507,12.95775,0.3112136
Li+,30,8.73239,12.95775,0.2980783
Li+,30,9.01408,12.95775,0.282093
Li+,30,9.29577,12.95775,0.2639496
Li+,30,9.57746,12.95775,0.2444863
Li+,30,9.85915,12.95775,0.2246205
Li+,30,10.14085,12.95775,0.2052715
Li+,30,10.42254,12.95775,0.1872845
Li+,30,10.70423,12.95775,0.1713601
Li+,30,10.98592,12.95775,0.1579997
Li+,30,11.26761,12.95775,0.1474691
Li+,30,11.5493,12.95775,0.1397872
Li+,30,11.83099,12.95775,0.1347379
Li+,30,12.11268,12.95775,0.131905
Li+,30,12.39437,12.95775,0.130726
Li+,30,12.67606,12.95775,0.1305587
Li+,30,12.95775,12.95775,0.1307532
Li+,30,13.23944,12.95775,0.1307216
Li+,30,13.52113,12.95775,0.1299983
Li+,30,13.80282,12.95775,0.1282841
Li+,30,14.08451,12.95775,0.1254701
Li+,30,14.3662,12.95775,0.1216391
Li+,30,14.64789,12.95775,0.1170446
Li+,30,14.92958,12.95775,0.1120707
Li+,30,15.21127,12.95775,0.1071778
Li+,30,15.49296,12.95775,0.1028397
Li+,30,15.77465,12.95775,0.0994811
Li+,30,16.05634,12.95775,0.0974212
Li+,30,16.33803,12.95775,0.0968303
Li+,30,16.61972,12.95775,0.0977052
Li+,30,16.90141,12.95775,0.0998648
Li+,30,17.1831,12.95775,0.1029674
Li+,30,17.46479,12.95775,0.1065474
Li+,30,17.74648,12.95775,0.1100666
Li+,30,18.02817,12.95775,0.1129747
Li+,30,18.30986,12.95775,0.1147724
Li+,30,18.59155,12.95775,0.1150685
Li+,30,18.87324,12.95775,0.1136262
Li+,30,19.15493,12.95775,0.1103918
Li+,30,19.43662,12.95775,0.1055026
Li+,30,19.71831,12.95775,0.0992746
Li+,30,20.0,12.95775,0.0921688
Li+,30,0.0,13.23944,0.0778116
Li+,30,0.28169,13.23944,0.0805609
Li+,30,0.56338,13.23944,0.0854613
Li+,30,0.84507,13.23944,0.092526
Li+,30,1.12676,13.23944,0.1015892
Li+,30,1.40845,13.23944,0.1123296
Li+,30,1.69014,13.23944,0.1243116
Li+,30,1.97183,13.23944,0.1370374
Li+,30,2.25352,13.23944,0.1500042
Li+,30,2.53521,13.23944,0.1627609
Li+,30,2.8169,13.23944,0.1749555
Li+,30,3.09859,13.23944,0.1863686
Li+,30,3.38028,13.23944,0.1969294
Li+,30,3.66197,13.23944,0.2067111
Li+,30,3.94366,13.23944,0.2159076
Li+,30,4.22535,13.23944,0.2247935
Li+,30,4.50704,13.23944,0.2336722
Li+,30,4.78873,13.23944,0.2428197
Li+,30,5.07042,13.23944,0.2524295
Li+,30,5.35211,13.23944,0.2625665
Li+,30,5.6338,13.23944,0.2731355
Li+,30,5.91549,13.23944,0.2838696
Li+,30,6.19718,13.23944,0.294339
Li+,30,6.47887,13.23944,0.3039813
Li+,30,6.76056,13.23944,0.3121502
Li+,30,7.04225,13.23944,0.3181774
Li+,30,7.32394,13.23944,0.3214411
Li+,30,7.60563,13.23944,0.3214345
Li+,30,7.88732,13.23944,0.3178254
Li+,30,8.16901,13.23944,0.3105007
Li+,30,8.4507,13.23944,0.2995916
Li+,30,8.73239,13.23944,0.2854737
Li+,30,9.01408,13.23944,0.2687447
Li+,30,9.29577,13.23944,0.2501786
Li+,30,9.57746,13.23944,0.2306633
Li+,30,9.85915,13.23944,0.211126
Li+,30,10.14085,13.23944,0.1924549
Li+,30,10.42254,13.23944,0.1754254
Li+,30,10.70423,13.23944,0.1606375
Li+,30,10.98592,13.23944,0.1484713
Li+,30,11.26761,13.23944,0.1390649
Li+,30,11.5493,13.23944,0.1323166
Li+,30,11.83099,13.23944,0.1279109
Li+,30,12.11268,13.23944,0.1253645
Li+,30,12.39437,13.23944,0.1240887
Li+,30,12.67606,13.23944,0.1234586
Li+,30,12.95775,13.23944,0.1228844
Li+,30,13.23944,13.23944,0.121875
Li+,30,13.52113,13.23944,0.1200878
Li+,30,13.80282,13.23944,0.1173598
Li+,30,14.08451,13.23944,0.1137171
Li+,30,14.3662,13.23944,0.1093612
Li+,30,14.64789,13.23944,0.1046359
Li+,30,14.92958,13.23944,0.0999767
Li+,30,15.21127,13.23944,0.0958511
Li+,30,15.49296,13.23944,0.0926959
Li+,30,15.77465,13.23944,0.0908574
Li+,30,16.05634,13.23944,0.0905448
Li+,30,16.33803,13.23944,0.0917985
Li+,30,16.61972,13.23944,0.0944792
Li+,30,16.90141,13.23944,0.0982791
Li+,30,17.1831,13.23944,0.1027519
Li+,30,17.46479,13.23944,0.1073606
Li+,30,17.74648,13.23944,0.111536
Li+,30,18.02817,13.23944,0.1147397
Li+,30,18.30986,13.23944,0.1165241
Li+,30,18.59155,13.23944,0.1165837
Li+,30,18.87324,13.23944,0.1147892
Li+,30,19.15493,13.23944,0.1112037
Li+,30,19.43662,13.23944,0.1060769
Li+,30,19.71831,13.23944,0.0998178
Li+,30,20.0,13.23944,0.0929507
Li+,30,0.0,13.52113,0.0705194
Li+,30,0.28169,13.52113,0.0743443
Li+,30,0.56338,13.52113,0.080342
Li+,30,0.84507,13.52113,0.0883918
Li+,30,1.12676,13.52113,0.0982084
Li+,30,1.40845,13.52113,0.109379
Li+,30,1.69014,13.52113,0.121413
Li+,30,1.97183,13.52113,0.1337996
Li+,30,2.25352,13.52113,0.1460664
Li+,30,2.53521,13.52113,0.1578307
Li+,30,2.8169,13.52113,0.1688392
Li+,30,3.09859,13.52113,0.17899
Li+,30,3.38028,13.52113,0.1883346
Li+,30,3.66197,13.52113,0.1970596
Li+,30,3.94366,13.52113,0.2054507
Li+,30,4.22535,13.52113,0.2138427
Li+,30,4.50704,13.52113,0.2225615
Li+,30,4.78873,13.52113,0.2318657
Li+,30,5.07042,13.52113,0.2418945
Li+,30,5.35211,13.52113,0.2526289
Li+,30,5.6338,13.52113,0.263871
Li+,30,5.91549,13.52113,0.2752442
Li+,30,6.19718,13.52113,0.2862161
Li+,30,6.47887,13.52113,0.2961413
Li+,30,6.76056,13.52113,0.30432
Li+,30,7.04225,13.52113,0.3100665
Li+,30,7.32394,13.52113,0.3127806
Li+,30,7.60563,13.52113,0.3120131
Li+,30,7.88732,13.52113,0.3075194
Li+,30,8.16901,13.52113,0.2992938
Li+,30,8.4507,13.52113,0.2875812
Li+,30,8.73239,13.52113,0.272865
Li+,30,9.01408,13.52113,0.2558305
Li+,30,9.29577,13.52113,0.2373093
Li+,30,9.57746,13.52113,0.2182081
Li+,30,9.85915,13.52113,0.1994322
Li+,30,10.14085,13.52113,0.1818076
Li+,30,10.42254,13.52113,0.1660138
Li+,30,10.70423,13.52113,0.1525311
Li+,30,10.98592,13.52113,0.1416089
Li+,30,11.26761,13.52113,0.1332579
Li+,30,11.5493,13.52113,0.1272666
Li+,30,11.83099,13.52113,0.1232395
Li+,30,12.11268,13.52113,0.1206528
Li+,30,12.39437,13.52113,0.118921
Li+,30,12.67606,13.52113,0.1174676
Li+,30,12.95775,13.52113,0.1157906
Li+,30,13.23944,13.52113,0.1135178
Li+,30,13.52113,13.52113,0.1104441
Li+,30,13.80282,13.52113,0.1065481
Li+,30,14.08451,13.52113,0.1019865
Li+,30,14.3662,13.52113,0.0970673
Li+,30,14.64789,13.52113,0.0922045
Li+,30,14.92958,13.52113,0.0878618
Li+,30,15.21127,13.52113,0.0844896
Li+,30,15.49296,13.52113,0.0824644
Li+,30,15.77465,13.52113,0.0820374
Li+,30,16.05634,13.52113,0.0832975
Li+,30,16.33803,13.52113,0.0861541
Li+,30,16.61972,13.52113,0.0903405
Li+,30,16.90141,13.52113,0.0954387
Li+,30,17.1831,13.52113,0.1009222
Li+,30,17.46479,13.52113,0.1062111
Li+,30,17.74648,13.52113,0.1107357
Li+,30,18.02817,13.52113,0.1139974
Li+,30,18.30986,13.52113,0.1156246
Li+,30,18.59155,13.52113,0.1154129
Li+,30,18.87324,13.52113,0.1133477
Li+,30,19.15493,13.52113,0.1096059
Li+,30,19.43662,13.52113,0.1045359
Li+,30,19.71831,13.52113,0.0986186
Li+,30,20.0,13.52113,0.0924139
Li+,30,0.0,13.80282,0.0641213
Li+,30,0.28169,13.80282,0.0687451
Li+,30,0.56338,13.80282,0.0754784
Li+,30,0.84507,13.80282,0.0840789
Li+,30,1.12676,13.80282,0.0941633
Li+,30,1.40845,13.80282,0.1052545
Li+,30,1.69014,13.80282,0.1168376
Li+,30,1.97183,13.80282,0.1284208
Li+,30,2.25352,13.80282,0.1395899
Li+,30,2.53521,13.80282,0.1500536
Li+,30,2.8169,13.80282,0.1596721
Li+,30,3.09859,13.80282,0.168466
Li+,30,3.38028,13.80282,0.1766044
Li+,30,3.66197,13.80282,0.1843735
Li+,30,3.94366,13.80282,0.1921297
Li+,30,4.22535,13.80282,0.2002418
Li+,30,4.50704,13.80282,0.2090302
Li+,30,4.78873,13.80282,0.2187097
Li+,30,5.07042,13.80282,0.2293435
Li+,30,5.35211,13.80282,0.2408139
Li+,30,5.6338,13.80282,0.2528132
Li+,30,5.91549,13.80282,0.2648583
Li+,30,6.19718,13.80282,0.2763259
Li+,30,6.47887,13.80282,0.2865064
Li+,30,6.76056,13.80282,0.2946702
Li+,30,7.04225,13.80282,0.3001403
Li+,30,7.32394,13.80282,0.3023627
Li+,30,7.60563,13.80282,0.3009661
Li+,30,7.88732,13.80282,0.2958067
Li+,30,8.16901,13.80282,0.2869905
Li+,30,8.4507,13.80282,0.2748712
Li+,30,8.73239,13.80282,0.2600247
Li+,30,9.01408,13.80282,0.2432011
Li+,30,9.29577,13.80282,0.2252595
Li+,30,9.57746,13.80282,0.2070936
Li+,30,9.85915,13.80282,0.1895536
Li+,30,10.14085,13.80282,0.1733747
Li+,30,10.42254,13.80282,0.1591176
Li+,30,10.70423,13.80282,0.1471284
Li+,30,10.98592,13.80282,0.1375216
Li+,30,11.26761,13.80282,0.1301864
Li+,30,11.5493,13.80282,0.1248165
Li+,30,11.83099,13.80282,0.1209591
Li+,30,12.11268,13.80282,0.1180772
Li+,30,12.39437,13.80282,0.1156179
Li+,30,12.67606,13.80282,0.1130802
Li+,30,12.95775,13.80282,0.1100732
Li+,30,13.23944,13.80282,0.1063593
Li+,30,13.52113,13.80282,0.1018782
Li+,30,13.80282,13.80282,0.0967478
Li+,30,14.08451,13.80282,0.091245
Li+,30,14.3662,13.80282,0.0857656
Li+,30,14.64789,13.80282,0.0807715
Li+,30,14.92958,13.80282,0.0767294
Li+,30,15.21127,13.80282,0.074049
Li+,30,15.49296,13.80282,0.0730278
Li+,30,15.77465,13.80282,0.0738091
Li+,30,16.05634,13.80282,0.0763585
Li+,30,16.33803,13.80282,0.08046
Li+,30,16.61972,13.80282,0.0857349
Li+,30,16.90141,13.80282,0.0916783
Li+,30,17.1831,13.80282,0.0977118
Li+,30,17.46479,13.80282,0.1032447
Li+,30,17.74648,13.80282,0.1077372
Li+,30,18.02817,13.80282,0.1107582
Li+,30,18.30986,13.80282,0.1120321
Li+,30,18.59155,13.80282,0.1114678
Li+,30,18.87324,13.80282,0.1091673
Li+,30,19.15493,13.80282,0.1054129
Li+,30,19.43662,13.80282,0.1006347
Li+,30,19.71831,13.80282,0.0953611
Li+,30,20.0,13.80282,0.0901589
Li+,30,0.0,14.08451,0.0595035
Li+,30,0.28169,14.08451,0.0646201
Li+,30,0.56338,14.08451,0.0716914
Li+,30,0.84507,14.08451,0.0803724
Li+,30,1.12676,14.08451,0.0902075
Li+,30,1.40845,14.08451,0.1006855
Li+,30,1.69014,14.08451,0.1113001
Li+,30,1.97183,14.08451,0.1216085
Li+,30,2.25352,14.08451,0.1312811
Li+,30,2.53521,14.08451,0.1401364
Li+,30,2.8169,14.08451,0.1481577
Li+,30,3.09859,14.08451,0.1554878
Li+,30,3.38028,14.08451,0.1624037
Li+,30,3.66197,14.08451,0.1692735
Li+,30,3.94366,14.08451,0.1765005
Li+,30,4.22535,14.08451,0.1844615
Li+,30,4.50704,14.08451,0.1934451
Li+,30,4.78873,14.08451,0.2035998
Li+,30,5.07042,14.08451,0.2148962
Li+,30,5.35211,14.08451,0.2271092
Li+,30,5.6338,14.08451,0.2398227
Li+,30,5.91549,14.08451,0.2524566
Li+,30,6.19718,14.08451,0.2643142
Li+,30,6.47887,14.08451,0.2746451
Li+,30,6.76056,14.08451,0.2827167
Li+,30,7.04225,14.08451,0.2878868
Li+,30,7.32394,14.08451,0.2896702
Li+,30,7.60563,14.08451,0.2877906
Li+,30,7.88732,14.08451,0.2822133
Li+,30,8.16901,14.08451,0.2731544
Li+,30,8.4507,14.08451,0.2610653
Li+,30,8.73239,14.08451,0.2465941
Li+,30,9.01408,14.08451,0.2305281
Li+,30,9.29577,14.08451,0.2137226
Li+,30,9.57746,14.08451,0.1970248
Li+,30,9.85915,14.08451,0.1811994
Li+,30,10.14085,14.08451,0.1668644
Li+,30,10.42254,14.08451,0.1544438
Li+,30,10.70423,14.08451,0.1441411
Li+,30,10.98592,14.08451,0.1359369
Li+,30,11.26761,14.08451,0.1296097
Li+,30,11.5493,14.08451,0.1247774
Li+,30,11.83099,14.08451,0.1209542
Li+,30,12.11268,14.08451,0.1176171
Li+,30,12.39437,14.08451,0.1142725
Li+,30,12.67606,14.08451,0.1105179
Li+,30,12.95775,14.08451,0.1060901
Li+,30,13.23944,14.08451,0.1008948
Li+,30,13.52113,14.08451,0.0950153
Li+,30,13.80282,14.08451,0.0886999
Li+,30,14.08451,14.08451,0.0823276
Li+,30,14.3662,14.08451,0.0763598
Li+,30,14.64789,14.08451,0.0712804
Li+,30,14.92958,14.08451,0.067534
Li+,30,15.21127,14.08451,0.0654678
Li+,30,15.49296,14.08451,0.065285
Li+,30,15.77465,14.08451,0.0670144
Li+,30,16.05634,14.08451,0.0705008
Li+,30,16.33803,14.08451,0.0754156
Li+,30,16.61972,14.08451,0.0812887
Li+,30,16.90141,14.08451,0.0875563
Li+,30,17.1831,14.08451,0.0936202
Li+,30,17.46479,14.08451,0.0989108
Li+,30,17.74648,14.08451,0.1029482
Li+,30,18.02817,14.08451,0.1053934
Li+,30,18.30986,14.08451,0.1060832
Li+,30,18.59155,14.08451,0.1050465
Li+,30,18.87324,14.08451,0.1024984
Li+,30,19.15493,14.08451,0.0988144
Li+,30,19.43662,14.08451,0.0944858
Li+,30,19.71831,14.08451,0.0900624
Li+,30,20.0,14.08451,0.0860899
Li+,30,0.0,14.3662,0.0573534
Li+,30,0.28169,14.3662,0.0626675
Li+,30,0.56338,14.3662,0.0696897
Li+,30,0.84507,14.3662,0.0779953
Li+,30,1.12676,14.3662,0.0870852
Li+,30,1.40845,14.3662,0.0964463
Li+,30,1.69014,14.3662,0.105612
Li+,30,1.97183,14.3662,0.1142168
Li+,30,2.25352,14.3662,0.1220368
Li+,30,2.53521,14.3662,0.129014
Li+,30,2.8169,14.3662,0.1352581
Li+,30,3.09859,14.3662,0.1410282
Li+,30,3.38028,14.3662,0.1466948
Li+,30,3.66197,14.3662,0.1526869
Li+,30,3.94366,14.3662,0.1594301
Li+,30,4.22535,14.3662,0.1672831
Li+,30,4.50704,14.3662,0.1764801
Li+,30,4.78873,14.3662,0.1870854
Li+,30,5.07042,14.3662,0.1989669
Li+,30,5.35211,14.3662,0.2117911
Li+,30,5.6338,14.3662,0.225041
Li+,30,5.91549,14.3662,0.2380561
Li+,30,6.19718,14.3662,0.2500895
Li+,30,6.47887,14.3662,0.2603768
Li+,30,6.76056,14.3662,0.2682103
Li+,30,7.04225,14.3662,0.2730085
Li+,30,7.32394,14.3662,0.2743753
Li+,30,7.60563,14.3662,0.2721419
Li+,30,7.88732,14.3662,0.266386
Li+,30,8.16901,14.3662,0.257427
Li+,30,8.4507,14.3662,0.2457977
Li+,30,8.73239,14.3662,0.2321941
Li+,30,9.01408,14.3662,0.217411
Li+,30,9.29577,14.3662,0.2022677
Li+,30,9.57746,14.3662,0.1875333
Li+,30,9.85915,14.3662,0.1738595
Li+,30,10.14085,14.3662,0.1617264
Li+,30,10.42254,14.3662,0.151409
Li+,30,10.70423,14.3662,0.1429655
Li+,30,10.98592,14.3662,0.1362497
Li+,30,11.26761,14.3662,0.130945
Li+,30,11.5493,14.3662,0.126615
Li+,30,11.83099,14.3662,0.1227666
Li+,30,12.11268,14.3662,0.118916
Li+,30,12.39437,14.3662,0.1146519
Li+,30,12.67606,14.3662,0.1096877
Li+,30,12.95775,14.3662,0.1038971
Li+,30,13.23944,14.3662,0.0973296
Li+,30,13.52113,14.3662,0.0902041
Li+,30,13.80282,14.3662,0.0828818
Li+,30,14.08451,14.3662,0.0758213
Li+,30,14.3662,14.3662,0.0695224
Li+,30,14.64789,14.3662,0.0644638
Li+,30,14.92958,14.3662,0.0610434
Li+,30,15.21127,14.3662,0.0595271
Li+,30,15.49296,14.3662,0.0600127
Li+,30,15.77465,14.3662,0.0624131
Li+,30,16.05634,14.3662,0.0664607
Li+,30,16.33803,14.3662,0.0717322
Li+,30,16.61972,14.3662,0.0776917
Li+,30,16.90141,14.3662,0.0837473
Li+,30,17.1831,14.3662,0.0893132
Li+,30,17.46479,14.3662,0.0938727
Li+,30,17.74648,14.3662,0.0970333
Li+,30,18.02817,14.3662,0.0985675
Li+,30,18.30986,14.3662,0.0984357
Li+,30,18.59155,14.3662,0.096788
Li+,30,18.87324,14.3662,0.0939447
Li+,30,19.15493,14.3662,0.0903574
Li+,30,19.43662,14.3662,0.0865557
Li+,30,19.71831,14.3662,0.0830853
Li+,30,20.0,14.3662,0.0804441
Li+,30,0.0,14.64789,0.0580526
Li+,30,0.28169,14.64789,0.0633135
Li+,30,0.56338,14.64789,0.0699505
Li+,30,0.84507,14.64789,0.077485
Li+,30,1.12676,14.64789,0.0854048
Li+,30,1.40845,14.64789,0.0932258
Li+,30,1.69014,14.64789,0.10055
Li+,30,1.97183,14.64789,0.1071125
Li+,30,2.25352,14.64789,0.1128114
Li+,30,2.53521,14.64789,0.1177182
Li+,30,2.8169,14.64789,0.1220665
Li+,30,3.09859,14.64789,0.1262201
Li+,30,3.38028,14.64789,0.1306241
Li+,30,3.66197,14.64789,0.1357447
Li+,30,3.94366,14.64789,0.1420046
Li+,30,4.22535,14.64789,0.1497211
Li+,30,4.50704,14.64789,0.1590546
Li+,30,4.78873,14.64789,0.1699732
Li+,30,5.07042,14.64789,0.1822388
Li+,30,5.35211,14.64789,0.1954153
Li+,30,5.6338,14.64789,0.2088997
Li+,30,5.91549,14.64789,0.2219733
Li+,30,6.19718,14.64789,0.2338658
Li+,30,6.47887,14.64789,0.2438289
Li+,30,6.76056,14.64789,0.2512075
Li+,30,7.04225,14.64789,0.2555046
Li+,30,7.32394,14.64789,0.2564307
Li+,30,7.60563,14.64789,0.2539321
Li+,30,7.88732,14.64789,0.2481973
Li+,30,8.16901,14.64789,0.2396375
Li+,30,8.4507,14.64789,0.2288463
Li+,30,8.73239,14.64789,0.2165413
Li+,30,9.01408,14.64789,0.2034945
Li+,30,9.29577,14.64789,0.190458
Li+,30,9.57746,14.64789,0.1780952
Li+,30,9.85915,14.64789,0.1669219
Li+,30,10.14085,14.64789,0.1572662
Li+,30,10.42254,14.64789,0.1492485
Li+,30,10.70423,14.64789,0.1427861
Li+,30,10.98592,14.64789,0.1376187
Li+,30,11.26761,14.64789,0.1333538
Li+,30,11.5493,14.64789,0.129525
Li+,30,11.83099,14.64789,0.1256563
Li+,30,12.11268,14.64789,0.1213267
Li+,30,12.39437,14.64789,0.1162251
Li+,30,12.67606,14.64789,0.1101915
Li+,30,12.95775,14.64789,0.1032386
Li+,30,13.23944,14.64789,0.0955523
Li+,30,13.52113,14.64789,0.0874711
Li+,30,13.80282,14.64789,0.0794458
Li+,30,14.08451,14.64789,0.0719869
Li+,30,14.3662,14.64789,0.0656033
Li+,30,14.64789,14.64789,0.0607407
Li+,30,14.92958,14.64789,0.0577274
Li+,30,15.21127,14.64789,0.0567322
Li+,30,15.49296,14.64789,0.0577414
Li+,30,15.77465,14.64789,0.0605557
Li+,30,16.05634,14.64789,0.0648085
Li+,30,16.33803,14.64789,0.0700039
Li+,30,16.61972,14.64789,0.0755688
Li+,30,16.90141,14.64789,0.0809143
Li+,30,17.1831,14.64789,0.0854991
Li+,30,17.46479,14.64789,0.0888881
Li+,30,17.74648,14.64789,0.090798
Li+,30,18.02817,14.64789,0.0911276
Li+,30,18.30986,14.64789,0.0899656
Li+,30,18.59155,14.64789,0.087579
Li+,30,18.87324,14.64789,0.0843793
Li+,30,19.15493,14.64789,0.0808745
Li+,30,19.43662,14.64789,0.0776083
Li+,30,19.71831,14.64789,0.0750969
Li+,30,20.0,14.64789,0.0737677
Li+,30,0.0,14.92958,0.0616131
Li+,30,0.28169,14.92958,0.0666372
Li+,30,0.56338,14.92958,0.0726333
Li+,30,0.84507,14.92958,0.0790967
Li+,30,1.12676,14.92958,0.0855314
Li+,30,1.40845,14.92958,0.0915112
Li+,30,1.69014,14.92958,0.096731
Li+,30,1.97183,14.92958,0.1010437
Li+,30,2.25352,14.92958,0.1044782
Li+,30,2.53521,14.92958,0.1072354
Li+,30,2.8169,14.92958,0.109663
Li+,30,3.09859,14.92958,0.1122122
Li+,30,3.38028,14.92958,0.11538
Li+,30,3.66197,14.92958,0.1196447
Li+,30,3.94366,14.92958,0.1254016
Li+,30,4.22535,14.92958,0.1329057
Li+,30,4.50704,14.92958,0.142229
Li+,30,4.78873,14.92958,0.1532374
Li+,30,5.07042,14.92958,0.16559
Li+,30,5.35211,14.92958,0.1787606
Li+,30,5.6338,14.92958,0.192081
Li+,30,5.91549,14.92958,0.2048007
Li+,30,6.19718,14.92958,0.2161567
Li+,30,6.47887,14.92958,0.2254459
Li+,30,6.76056,14.92958,0.2320935
Li+,30,7.04225,14.92958,0.235708
Li+,30,7.32394,14.92958,0.2361188
Li+,30,7.60563,14.92958,0.2333911
Li+,30,7.88732,14.92958,0.2278169
Li+,30,8.16901,14.92958,0.2198839
Li+,30,8.4507,14.92958,0.2102237
Li+,30,8.73239,14.92958,0.1995478
Li+,30,9.01408,14.92958,0.188576
Li+,30,9.29577,14.92958,0.1779661
Li+,30,9.57746,14.92958,0.1682525
Li+,30,9.85915,14.92958,0.1597998
Li+,30,10.14085,14.92958,0.1527762
Li+,30,10.42254,14.92958,0.1471502
Li+,30,10.70423,14.92958,0.1427088
Li+,30,10.98592,14.92958,0.1390958
Li+,30,11.26761,14.92958,0.1358661
Li+,30,11.5493,14.92958,0.1325478
Li+,30,11.83099,14.92958,0.1287066
Li+,30,12.11268,14.92958,0.1240032
Li+,30,12.39437,14.92958,0.1182397
Li+,30,12.67606,14.92958,0.1113867
Li+,30,12.95775,14.92958,0.1035906
Li+,30,13.23944,14.92958,0.095159
Li+,30,13.52113,14.92958,0.0865272
Li+,30,13.80282,14.92958,0.0782079
Li+,30,14.08451,14.92958,0.0707322
Li+,30,14.3662,14.92958,0.0645877
Li+,30,14.64789,14.92958,0.0601603
Li+,30,14.92958,14.92958,0.0576884
Li+,30,15.21127,14.92958,0.0572325
Li+,30,15.49296,14.92958,0.0586656
Li+,30,15.77465,14.92958,0.0616847
Li+,30,16.05634,14.92958,0.0658424
Li+,30,16.33803,14.92958,0.0705948
Li+,30,16.61972,14.92958,0.0753607
Li+,30,16.90141,14.92958,0.0795853
Li+,30,17.1831,14.92958,0.0828005
Li+,30,17.46479,14.92958,0.0846762
Li+,30,17.74648,14.92958,0.0850553
Li+,30,18.02817,14.92958,0.08397
Li+,30,18.30986,14.92958,0.0816357
Li+,30,18.59155,14.92958,0.078425
Li+,30,18.87324,14.92958,0.0748231
Li+,30,19.15493,14.92958,0.0713711
Li+,30,19.43662,14.92958,0.0686024
Li+,30,19.71831,14.92958,0.0669798
Li+,30,20.0,14.92958,0.0668415
Li+,30,0.0,15.21127,0.0676673
Li+,30,0.28169,15.21127,0.0723463
Li+,30,0.56338,15.21127,0.0775414
Li+,30,0.84507,15.21127,0.0827496
Li+,30,1.12676,15.21127,0.0875189
Li+,30,1.40845,15.21127,0.0915052
Li+,30,1.69014,15.21127,0.0945146
Li+,30,1.97183,15.21127,0.0965284
Li+,30,2.25352,15.21127,0.0977074
Li+,30,2.53521,15.21127,0.0983737
Li+,30,2.8169,15.21127,0.0989733
Li+,30,3.09859,15.21127,0.1000224
Li+,30,3.38028,15.21127,0.1020444
Li+,30,3.66197,15.21127,0.1055038
Li+,30,3.94366,15.21127,0.110745
Li+,30,4.22535,15.21127,0.1179433
Li+,30,4.50704,15.21127,0.1270731
Li+,30,4.78873,15.21127,0.137898
Li+,30,5.07042,15.21127,0.1499834
Li+,30,5.35211,15.21127,0.1627313
Li+,30,5.6338,15.21127,0.1754336
Li+,30,5.91549,15.21127,0.1873377
Li+,30,6.19718,15.21127,0.1977184
Li+,30,6.47887,15.21127,0.2059476
Li+,30,6.76056,15.21127,0.2115546
Li+,30,7.04225,15.21127,0.2142702
Li+,30,7.32394,15.21127,0.2140508
Li+,30,7.60563,15.21127,0.2110782
Li+,30,7.88732,15.21127,0.2057373
Li+,30,8.16901,15.21127,0.1985728
Li+,30,8.4507,15.21127,0.1902302
Li+,30,8.73239,15.21127,0.1813877
Li+,30,9.01408,15.21127,0.1726867
Li+,30,9.29577,15.21127,0.1646678
Li+,30,9.57746,15.21127,0.15772
Li+,30,9.85915,15.21127,0.1520484
Li+,30,10.14085,15.21127,0.1476627
Li+,30,10.42254,15.21127,0.1443886
Li+,30,10.70423,15.21127,0.1419003
Li+,30,10.98592,15.21127,0.1397689
Li+,30,11.26761,15.21127,0.1375224
Li+,30,11.5493,15.21127,0.134709
Li+,30,11.83099,15.21127,0.1309572
Li+,30,12.11268,15.21127,0.1260257
Li+,30,12.39437,15.21127,0.1198363
Li+,30,12.67606,15.21127,0.1124878
Li+,30,12.95775,15.21127,0.1042482
Li+,30,13.23944,15.21127,0.0955261
Li+,30,13.52113,15.21127,0.0868257
Li+,30,13.80282,15.21127,0.0786901
Li+,30,14.08451,15.21127,0.0716388
Li+,30,14.3662,15.21127,0.0661078
Li+,30,14.64789,15.21127,0.0623995
Li+,30,14.92958,15.21127,0.0606457
Li+,30,15.21127,15.21127,0.060792
Li+,30,15.49296,15.21127,0.0626016
Li+,30,15.77465,15.21127,0.0656808
Li+,30,16.05634,15.21127,0.0695219
Li+,30,16.33803,15.21127,0.0735596
Li+,30,16.61972,15.21127,0.0772336
Li+,30,16.90141,15.21127,0.0800509
Li+,30,17.1831,15.21127,0.0816409
Li+,30,17.46479,15.21127,0.0817961
Li+,30,17.74648,15.21127,0.080495
Li+,30,18.02817,15.21127,0.0779029
Li+,30,18.30986,15.21127,0.0743531
Li+,30,18.59155,15.21127,0.070307
Li+,30,18.87324,15.21127,0.0663013
Li+,30,19.15493,15.21127,0.0628854
Li+,30,19.43662,15.21127,0.0605577
Li+,30,19.71831,15.21127,0.0597074
Li+,30,20.0,15.21127,0.0605684
Li+,30,0.0,15.49296,0.0755122
Li+,30,0.28169,15.49296,0.079807
Li+,30,0.56338,15.49296,0.0841365
Li+,30,0.84507,15.49296,0.0880255
Li+,30,1.12676,15.49296,0.0910906
Li+,30,1.40845,15.49296,0.0930886
Li+,30,1.69014,15.49296,0.0939483
Li+,30,1.97183,15.49296,0.0937824
Li+,30,2.25352,15.49296,0.0928766
Li+,30,2.53521,15.49296,0.0916594
Li+,30,2.8169,15.49296,0.0906528
Li+,30,3.09859,15.49296,0.0904117
Li+,30,3.38028,15.49296,0.0914583
Li+,30,3.66197,15.49296,0.0942174
Li+,30,3.94366,15.49296,0.0989619
Li+,30,4.22535,15.49296,0.1057741
Li+,30,4.50704,15.49296,0.1145262
Li+,30,4.78873,15.49296,0.1248849
Li+,30,5.07042,15.49296,0.1363367
Li+,30,5.35211,15.49296,0.1482345
Li+,30,5.6338,15.49296,0.159858
Li+,30,5.91549,15.49296,0.1704835
Li+,30,6.19718,15.49296,0.1794538
Li+,30,6.47887,15.49296,0.186242
Li+,30,6.76056,15.49296,0.1905014
Li+,30,7.04225,15.49296,0.1920968
Li+,30,7.32394,15.49296,0.1911135
Li+,30,7.60563,15.49296,0.187843
Li+,30,7.88732,15.49296,0.1827477
Li+,30,8.16901,15.49296,0.176408
Li+,30,8.4507,15.49296,0.1694583
Li+,30,8.73239,15.49296,0.1625185
Li+,30,9.01408,15.49296,0.1561293
Li+,30,9.29577,15.49296,0.1506973
Li+,30,9.57746,15.49296,0.1464573
Li+,30,9.85915,15.49296,0.1434546
Li+,30,10.14085,15.49296,0.141549
Li+,30,10.42254,15.49296,0.140441
Li+,30,10.70423,15.49296,0.1397152
Li+,30,10.98592,15.49296,0.1388969
Li+,30,11.26761,15.49296,0.1375143
Li+,30,11.5493,15.49296,0.1351607
Li+,30,11.83099,15.49296,0.1315466
Li+,30,12.11268,15.49296,0.1265393
Li+,30,12.39437,15.49296,0.120182
Li+,30,12.67606,15.49296,0.1126931
Li+,30,12.95775,15.49296,0.1044441
Li+,30,13.23944,15.49296,0.0959188
Li+,30,13.52113,15.49296,0.0876598
Li+,30,13.80282,15.49296,0.0802072
Li+,30,14.08451,15.49296,0.0740372
Li+,30,14.3662,15.49296,0.0695072
Li+,30,14.64789,15.49296,0.066815
Li+,30,14.92958,15.49296,0.0659752
Li+,30,15.21127,15.49296,0.0668167
Li+,30,15.49296,15.49296,0.0690013
Li+,30,15.77465,15.49296,0.0720613
Li+,30,16.05634,15.49296,0.075452
Li+,30,16.33803,15.49296,0.0786131
Li+,30,16.61972,15.49296,0.0810319
Li+,30,16.90141,15.49296,0.0823015
Li+,30,17.1831,15.49296,0.0821667
Li+,30,17.46479,15.49296,0.0805532
Li+,30,17.74648,15.49296,0.077576
Li+,30,18.02817,15.49296,0.0735264
Li+,30,18.30986,15.49296,0.0688393
Li+,30,18.59155,15.49296,0.0640433
Li+,30,18.87324,15.49296,0.0597007
Li+,30,19.15493,15.49296,0.0563433
Li+,30,19.43662,15.49296,0.0544114
Li+,30,19.71831,15.49296,0.0542028
Li+,30,20.0,15.49296,0.055838
Li+,30,0.0,15.77465,0.0842036
Li+,30,0.28169,15.77465,0.0881259
Li+,30,0.56338,15.77465,0.0916055
Li+,30,0.84507,15.77465,0.0942194
Li+,30,1.12676,15.77465,0.0956724
Li+,30,1.40845,15.77465,0.0958352
Li+,30,1.69014,15.77465,0.0947636
Li+,30,1.97183,15.77465,0.0926962
Li+,30,2.25352,15.77465,0.0900301
Li+,30,2.53521,15.77465,0.0872781
Li+,30,2.8169,15.77465,0.0850114
Li+,30,3.09859,15.77465,0.0837948
Li+,30,3.38028,15.77465,0.0841205
Li+,30,3.66197,15.77465,0.0863493
Li+,30,3.94366,15.77465,0.0906651
Li+,30,4.22535,15.77465,0.0970479
Li+,30,4.50704,15.77465,0.105269
Li+,30,4.78873,15.77465,0.114908
Li+,30,5.07042,15.77465,0.1253918
Li+,30,5.35211,15.77465,0.1360494
Li+,30,5.6338,15.77465,0.1461779
Li+,30,5.91549,15.77465,0.1551119
Li+,30,6.19718,15.77465,0.1622897
Li+,30,6.47887,15.77465,0.1673074
Li+,30,6.76056,15.77465,0.1699566
Li+,30,7.04225,15.77465,0.1702414
Li+,30,7.32394,15.77465,0.1683721
Li+,30,7.60563,15.77465,0.1647378
Li+,30,7.88732,15.77465,0.1598591
Li+,30,8.16901,15.77465,0.1543293
Li+,30,8.4507,15.77465,0.1487473
Li+,30,8.73239,15.77465,0.1436527
Li+,30,9.01408,15.77465,0.139468
Li+,30,9.29577,15.77465,0.1364561
Li+,30,9.57746,15.77465,0.1346961
Li+,30,9.85915,15.77465,0.1340814
Li+,30,10.14085,15.77465,0.134339
Li+,30,10.42254,15.77465,0.1350673
Li+,30,10.70423,15.77465,0.1357897
Li+,30,10.98592,15.77465,0.1360151
Li+,30,11.26761,15.77465,0.1353002
Li+,30,11.5493,15.77465,0.133306
Li+,30,11.83099,15.77465,0.1298408
Li+,30,12.11268,15.77465,0.1248865
Li+,30,12.39437,15.77465,0.1186039
Li+,30,12.67606,15.77465,0.1113172
Li+,30,12.95775,15.77465,0.1034787
Li+,30,13.23944,15.77465,0.0956187
Li+,30,13.52113,15.77465,0.0882859
Li+,30,13.80282,15.77465,0.0819851
Li+,30,14.08451,15.77465,0.0771198
Li+,30,14.3662,15.77465,0.0739456
Li+,30,14.64789,15.77465,0.072541
Li+,30,14.92958,15.77465,0.0727976
Li+,30,15.21127,15.77465,0.0744321
Li+,30,15.49296,15.77465,0.0770179
Li+,30,15.77465,15.77465,0.0800334
Li+,30,16.05634,15.77465,0.0829212
Li+,30,16.33803,15.77465,0.0851516
Li+,30,16.61972,15.77465,0.0862833
Li+,30,16.90141,15.77465,0.0860138
Li+,30,17.1831,15.77465,0.0842149
Li+,30,17.46479,15.77465,0.080948
Li+,30,17.74648,15.77465,0.0764584
Li+,30,18.02817,15.77465,0.0711481
Li+,30,18.30986,15.77465,0.0655316
Li+,30,18.59155,15.77465,0.0601781
Li+,30,18.87324,15.77465,0.0556479
Li+,30,19.15493,15.77465,0.0524292
Li+,30,19.43662,15.77465,0.0508831
Li+,30,19.71831,15.77465,0.0512023
Li+,30,20.0,15.77465,0.0533894
Li+,30,0.0,16.05634,0.0926848
Li+,30,0.28169,16.05634,0.0962706
Li+,30,0.56338,16.05634,0.0989713
Li+,30,0.84507,16.05634,0.1004371
Li+,30,1.12676,16.05634,0.1004755
Li+,30,1.40845,16.05634,0.0990776
Li+,30,1.69014,16.05634,0.0964233
Li+,30,1.97183,16.05634,0.0928647
Li+,30,2.25352,16.05634,0.0888895
Li+,30,2.53521,16.05634,0.0850681
Li+,30,2.8169,16.05634,0.0819909
Li+,30,3.09859,16.05634,0.0802015
Li+,30,3.38028,16.05634,0.0801347
Li+,30,3.66197,16.05634,0.0820657
Li+,30,3.94366,16.05634,0.0860755
Li+,30,4.22535,16.05634,0.0920378
Li+,30,4.50704,16.05634,0.099628
Li+,30,4.78873,16.05634,0.1083539
Li+,30,5.07042,16.05634,0.1176044
Li+,30,5.35211,16.05634,0.1267116
Li+,30,5.6338,16.05634,0.1350182
Li+,30,5.91549,16.05634,0.1419446
Li+,30,6.19718,16.05634,0.1470471
Li+,30,6.47887,16.05634,0.1500605
Li+,30,6.76056,16.05634,0.1509227
Li+,30,7.04225,16.05634,0.1497751
Li+,30,7.32394,16.05634,0.1469433
Li+,30,7.60563,16.05634,0.1428961
Li+,30,7.88732,16.05634,0.1381909
Li+,30,8.16901,16.05634,0.1334095
Li+,30,8.4507,16.05634,0.129093
Li+,30,8.73239,16.05634,0.1256819
Li+,30,9.01408,16.05634,0.1234694
Li+,30,9.29577,16.05634,0.1225712
Li+,30,9.57746,16.05634,0.1229174
Li+,30,9.85915,16.05634,0.1242651
Li+,30,10.14085,16.05634,0.1262313
Li+,30,10.42254,16.05634,0.1283417
Li+,30,10.70423,16.05634,0.1300896
Li+,30,10.98592,16.05634,0.1309986
Li+,30,11.26761,16.05634,0.1306809
Li+,30,11.5493,16.05634,0.1288855
Li+,30,11.83099,16.05634,0.1255297
Li+,30,12.11268,16.05634,0.1207117
Li+,30,12.39437,16.05634,0.1147007
Li+,30,12.67606,16.05634,0.1079084
Li+,30,12.95775,16.05634,0.1008424
Li+,30,13.23944,16.05634,0.0940493
Li+,30,13.52113,16.05634,0.0880523
Li+,30,13.80282,16.05634,0.0832911
Li+,30,14.08451,16.05634,0.0800715
Li+,30,14.3662,16.05634,0.0785301
Li+,30,14.64789,16.05634,0.0786174
Li+,30,14.92958,16.05634,0.0801033
Li+,30,15.21127,16.05634,0.0826022
Li+,30,15.49296,16.05634,0.0856168
Li+,30,15.77465,16.05634,0.0885942
Li+,30,16.05634,16.05634,0.0909891
Li+,30,16.33803,16.05634,0.092326
Li+,30,16.61972,16.05634,0.0922542
Li+,30,16.90141,16.05634,0.0905887
Li+,30,17.1831,16.05634,0.0873324
Li+,30,17.46479,16.05634,0.0826775
Li+,30,17.74648,16.05634,0.0769852
Li+,30,18.02817,16.05634,0.0707467
Li+,30,18.30986,16.05634,0.0645292
Li+,30,18.59155,16.05634,0.058913
Li+,30,18.87324,16.05634,0.0544275
Li+,30,19.15493,16.05634,0.0514926
Li+,30,19.43662,16.05634,0.0503719
Li+,30,19.71831,16.05634,0.0511441
Li+,30,20.0,16.05634,0.0536942
Li+,30,0.0,16.33803,0.0999319
Li+,30,0.28169,16.33803,0.1032123
Li+,30,0.56338,16.33803,0.1052291
Li+,30,0.84507,16.33803,0.105723
Li+,30,1.12676,16.33803,0.1046138
Li+,30,1.40845,16.33803,0.1020126
Li+,30,1.69014,16.33803,0.0982136
Li+,30,1.97183,16.33803,0.0936639
Li+,30,2.25352,16.33803,0.0889159
Li+,30,2.53521,16.33803,0.0845675
Li+,30,2.8169,16.33803,0.0811959
Li+,30,3.09859,16.33803,0.0792936
Li+,30,3.38028,16.33803,0.079213
Li+,30,3.66197,16.33803,0.081125
Li+,30,3.94366,16.33803,0.0849991
Li+,30,4.22535,16.33803,0.0906033
Li+,30,4.50704,16.33803,0.0975274
Li+,30,4.78873,16.33803,0.1052253
Li+,30,5.07042,16.33803,0.1130718
Li+,30,5.35211,16.33803,0.1204284
Li+,30,5.6338,16.33803,0.1267099
Li+,30,5.91549,16.33803,0.1314451
Li+,30,6.19718,16.33803,0.1343249
Li+,30,6.47887,16.33803,0.1352322
Li+,30,6.76056,16.33803,0.1342504
Li+,30,7.04225,16.33803,0.1316501
Li+,30,7.32394,16.33803,0.1278554
Li+,30,7.60563,16.33803,0.1233936
Li+,30,7.88732,16.33803,0.1188341
Li+,30,8.16901,16.33803,0.1147237
Li+,30,8.4507,16.33803,0.111525
Li+,30,8.73239,16.33803,0.1095657
Li+,30,9.01408,16.33803,0.1090034
Li+,30,9.29577,16.33803,0.1098109
Li+,30,9.57746,16.33803,0.1117826
Li+,30,9.85915,16.33803,0.1145612
Li+,30,10.14085,16.33803,0.1176825
Li+,30,10.42254,16.33803,0.1206316
Li+,30,10.70423,16.33803,0.1229052
Li+,30,10.98592,16.33803,0.1240718
Li+,30,11.26761,16.33803,0.1238237
Li+,30,11.5493,16.33803,0.1220144
Li+,30,11.83099,16.33803,0.1186772
Li+,30,12.11268,16.33803,0.1140225
Li+,30,12.39437,16.33803,0.1084149
Li+,30,12.67606,16.33803,0.1023318
Li+,30,12.95775,16.33803,0.0963091
Li+,30,13.23944,16.33803,0.0908798
Li+,30,13.52113,16.33803,0.086512
Li+,30,13.80282,16.33803,0.0835553
Li+,30,14.08451,16.33803,0.082199
Li+,30,14.3662,16.33803,0.0824498
Li+,30,14.64789,16.33803,0.0841293
Li+,30,14.92958,16.33803,0.0868934
Li+,30,15.21127,16.33803,0.0902703
Li+,30,15.49296,16.33803,0.0937134
Li+,30,15.77465,16.33803,0.0966631
Li+,30,16.05634,16.33803,0.0986102
Li+,30,16.33803,16.33803,0.0991543
Li+,30,16.61972,16.33803,0.0980503
Li+,30,16.90141,16.33803,0.0952368
Li+,30,17.1831,16.33803,0.090845
Li+,30,17.46479,16.33803,0.0851858
Li+,30,17.74648,16.33803,0.0787159
Li+,30,18.02817,16.33803,0.0719886
Li+,30,18.30986,16.33803,0.0655932
Li+,30,18.59155,16.33803,0.0600902
Li+,30,18.87324,16.33803,0.0559502
Li+,30,19.15493,16.33803,0.0535021
Li+,30,19.43662,16.33803,0.0528982
Li+,30,19.71831,16.33803,0.0540983
Li+,30,20.0,16.33803,0.0568757
Li+,30,0.0,16.61972,0.1050949
Li+,30,0.28169,16.61972,0.1080689
Li+,30,0.56338,16.61972,0.1094897
Li+,30,0.84507,16.61972,0.1092017
Li+,30,1.12676,16.61972,0.1072401
Li+,30,1.40845,16.61972,0.1038303
Li+,30,1.69014,16.61972,0.0993652
Li+,30,1.97183,16.61972,0.0943632
Li+,30,2.25352,16.61972,0.0894121
Li+,30,2.53521,16.61972,0.0851049
Li+,30,2.8169,16.61972,0.0819745
Li+,30,3.09859,16.61972,0.0804343
Li+,30,3.38028,16.61972,0.0807322
Li+,30,3.66197,16.61972,0.0829226
Li+,30,3.94366,16.61972,0.0868592
Li+,30,4.22535,16.61972,0.0922105
Li+,30,4.50704,16.61972,0.0984948
Li+,30,4.78873,16.61972,0.1051328
Li+,30,5.07042,16.61972,0.1115095
Li+,30,5.35211,16.61972,0.1170408
Li+,30,5.6338,16.61972,0.1212359
Li+,30,5.91549,16.61972,0.1237492
Li+,30,6.19718,16.61972,0.1244162
Li+,30,6.47887,16.61972,0.1232686
Li+,30,6.76056,16.61972,0.1205278
Li+,30,7.04225,16.61972,0.1165776
Li+,30,7.32394,16.61972,0.1119192
Li+,30,7.60563,16.61972,0.1071126
Li+,30,7.88732,16.61972,0.1027138
Li+,30,8.16901,16.61972,0.0992111
Li+,30,8.4507,16.61972,0.0969715
Li+,30,8.73239,16.61972,0.0962003
Li+,30,9.01408,16.61972,0.0969199
Li+,30,9.29577,16.61972,0.0989702
Li+,30,9.57746,16.61972,0.1020291
Li+,30,9.85915,16.61972,0.1056522
Li+,30,10.14085,16.61972,0.1093261
Li+,30,10.42254,16.61972,0.1125296
Li+,30,10.70423,16.61972,0.1147952
Li+,30,10.98592,16.61972,0.1157646
Li+,30,11.26761,16.61972,0.1152312
Li+,30,11.5493,16.61972,0.1131646
Li+,30,11.83099,16.61972,0.1097154
Li+,30,12.11268,16.61972,0.1051981
Li+,30,12.39437,16.61972,0.1000549
Li+,30,12.67606,16.61972,0.0948056
Li+,30,12.95775,16.61972,0.0899868
Li+,30,13.23944,16.61972,0.0860896
Li+,30,13.52113,16.61972,0.0835024
Li+,30,13.80282,16.61972,0.0824646
Li+,30,14.08451,16.61972,0.0830373
Li+,30,14.3662,16.61972,0.0850947
Li+,30,14.64789,16.61972,0.0883358
Li+,30,14.92958,16.61972,0.0923172
Li+,30,15.21127,16.61972,0.0965019
Li+,30,15.49296,16.61972,0.1003188
Li+,30,15.77465,16.61972,0.1032269
Li+,30,16.05634,16.61972,0.1047762
Li+,30,16.33803,16.61972,0.1046588
Li+,30,16.61972,16.61972,0.1027445
Li+,30,16.90141,16.61972,0.0990961
Li+,30,17.1831,16.61972,0.0939638
Li+,30,17.46479,16.61972,0.0877584
Li+,30,17.74648,16.61972,0.0810067
Li+,30,18.02817,16.61972,0.0742935
Li+,30,18.30986,16.61972,0.0681981
Li+,30,18.59155,16.61972,0.0632306
Li+,30,18.87324,16.61972,0.0597767
Li+,30,19.15493,16.61972,0.0580563
Li+,30,19.43662,16.61972,0.0581005
Li+,30,19.71831,16.61972,0.0597511
Li+,30,20.0,16.61972,0.0626797
Li+,30,0.0,16.90141,0.1076114
Li+,30,0.28169,16.90141,0.1102277
Li+,30,0.56338,16.90141,0.1111084
Li+,30,0.84507,16.90141,0.1102094
Li+,30,1.12676,16.90141,0.1076801
Li+,30,1.40845,16.90141,0.1038486
Li+,30,1.69014,16.90141,0.099186
Li+,30,1.97183,16.90141,0.0942549
Li+,30,2.25352,16.90141,0.0896479
Li+,30,2.53521,16.90141,0.0859213
Li+,30,2.8169,16.90141,0.0835343
Li+,30,3.09859,16.90141,0.0827972
Li+,30,3.38028,16.90141,0.0838376
Li+,30,3.66197,16.90141,0.0865857
Li+,30,3.94366,16.90141,0.090782
Li+,30,4.22535,16.90141,0.0960061
Li+,30,4.50704,16.90141,0.1017231
Li+,30,4.78873,16.90141,0.1073424
Li+,30,5.07042,16.90141,0.1122832
Li+,30,5.35211,16.90141,0.1160381
Li+,30,5.6338,16.90141,0.1182282
Li+,30,5.91549,16.90141,0.1186444
Li+,30,6.19718,16.90141,0.1172687
Li+,30,6.47887,16.90141,0.1142749
Li+,30,6.76056,16.90141,0.1100073
Li+,30,7.04225,16.90141,0.1049408
Li+,30,7.32394,16.90141,0.099627
Li+,30,7.60563,16.90141,0.0946311
Li+,30,7.88732,16.90141,0.0904689
Li+,30,8.16901,16.90141,0.0875494
Li+,30,8.4507,16.90141,0.0861299
Li+,30,8.73239,16.90141,0.0862889
Li+,30,9.01408,16.90141,0.0879194
Li+,30,9.29577,16.90141,0.0907437
Li+,30,9.57746,16.90141,0.0943475
Li+,30,9.85915,16.90141,0.0982295
Li+,30,10.14085,16.90141,0.1018609
Li+,30,10.42254,16.90141,0.1047477
Li+,30,10.70423,16.90141,0.1064887
Li+,30,10.98592,16.90141,0.1068232
Li+,30,11.26761,16.90141,0.105661
Li+,30,11.5493,16.90141,0.103094
Li+,30,11.83099,16.90141,0.099386
Li+,30,12.11268,16.90141,0.0949421
Li+,30,12.39437,16.90141,0.0902622
Li+,30,12.67606,16.90141,0.0858831
Li+,30,12.95775,16.90141,0.0823155
Li+,30,13.23944,16.90141,0.0799844
Li+,30,13.52113,16.90141,0.079178
Li+,30,13.80282,16.90141,0.080013
Li+,30,14.08451,16.90141,0.0824183
Li+,30,14.3662,16.90141,0.0861404
Li+,30,14.64789,16.90141,0.0907696
Li+,30,14.92958,16.90141,0.0957842
Li+,30,15.21127,16.90141,0.1006073
Li+,30,15.49296,16.90141,0.1046704
Li+,30,15.77465,16.90141,0.1074766
Li+,30,16.05634,16.90141,0.1086557
Li+,30,16.33803,16.90141,0.1080056
Li+,30,16.61972,16.90141,0.1055155
Li+,30,16.90141,16.90141,0.1013667
Li+,30,17.1831,16.90141,0.0959133
Li+,30,17.46479,16.90141,0.0896431
Li+,30,17.74648,16.90141,0.0831234
Li+,30,18.02817,16.90141,0.0769388
Li+,30,18.30986,16.90141,0.0716266
Li+,30,18.59155,16.90141,0.0676182
Li+,30,18.87324,16.90141,0.0651925
Li+,30,19.15493,16.90141,0.0644465
Li+,30,19.43662,16.90141,0.0652868
Li+,30,19.71831,16.90141,0.0674427
Li+,30,20.0,16.90141,0.0704989
Li+,30,0.0,17.1831,0.1072795
Li+,30,0.28169,17.1831,0.1094297
Li+,30,0.56338,17.1831,0.1097788
Li+,30,0.84507,17.1831,0.1083975
Li+,30,1.12676,17.1831,0.1055427
Li+,30,1.40845,17.1831,0.1016289
Li+,30,1.69014,17.1831,0.097182
Li+,30,1.97183,17.1831,0.0927803
Li+,30,2.25352,17.1831,0.0889901
Li+,30,2.53521,17.1831,0.0863018
Li+,30,2.8169,17.1831,0.0850756
Li+,30,3.09859,17.1831,0.0855008
Li+,30,3.38028,17.1831,0.0875746
Li+,30,3.66197,17.1831,0.0911026
Li+,30,3.94366,17.1831,0.0957204
Li+,30,4.22535,17.1831,0.1009346
Li+,30,4.50704,17.1831,0.1061777
Li+,30,4.78873,17.1831,0.1108713
Li+,30,5.07042,17.1831,0.1144912
Li+,30,5.35211,17.1831,0.1166249
Li+,30,5.6338,17.1831,0.1170179
Li+,30,5.91549,17.1831,0.1156009
Li+,30,6.19718,17.1831,0.1124975
Li+,30,6.47887,17.1831,0.1080092
Li+,30,6.76056,17.1831,0.1025814
Li+,30,7.04225,17.1831,0.0967529
Li+,30,7.32394,17.1831,0.0910957
Li+,30,7.60563,17.1831,0.0861508
Li+,30,7.88732,17.1831,0.082369
Li+,30,8.16901,17.1831,0.080061
Li+,30,8.4507,17.1831,0.0793648
Li+,30,8.73239,17.1831,0.0802327
Li+,30,9.01408,17.1831,0.0824387
Li+,30,9.29577,17.1831,0.0856077
Li+,30,9.57746,17.1831,0.0892602
Li+,30,9.85915,17.1831,0.0928701
Li+,30,10.14085,17.1831,0.0959262
Li+,30,10.42254,17.1831,0.0979931
Li+,30,10.70423,17.1831,0.0987623
Li+,30,10.98592,17.1831,0.0980887
Li+,30,11.26761,17.1831,0.0960083
Li+,30,11.5493,17.1831,0.0927349
Li+,30,11.83099,17.1831,0.0886353
Li+,30,12.11268,17.1831,0.0841882
Li+,30,12.39437,17.1831,0.0799279
Li+,30,12.67606,17.1831,0.076383
Li+,30,12.95775,17.1831,0.074014
Li+,30,13.23944,17.1831,0.0731589
Li+,30,13.52113,17.1831,0.0739922
Li+,30,13.80282,17.1831,0.0765023
Li+,30,14.08451,17.1831,0.0804894
Li+,30,14.3662,17.1831,0.0855854
Li+,30,14.64789,17.1831,0.0912923
Li+,30,14.92958,17.1831,0.0970359
Li+,30,15.21127,17.1831,0.102228
Li+,30,15.49296,17.1831,0.1063309
Li+,30,15.77465,17.1831,0.1089158
Li+,30,16.05634,17.1831,0.1097101
Li+,30,16.33803,17.1831,0.1086267
Li+,30,16.61972,17.1831,0.105773
Li+,30,16.90141,17.1831,0.1014383
Li+,30,17.1831,17.1831,0.096061
Li+,30,17.46479,17.1831,0.0901791
Li+,30,17.74648,17.1831,0.0843699
Li+,30,18.02817,17.1831,0.0791857
Li+,30,18.30986,17.1831,0.0750927
Li+,30,18.59155,17.1831,0.0724192
Li+,30,18.87324,17.1831,0.0713207
Li+,30,19.15493,17.1831,0.0717641
Li+,30,19.43662,17.1831,0.0735335
Li+,30,19.71831,17.1831,0.076257
Li+,30,20.0,17.1831,0.0794509
Li+,30,0.0,17.46479,0.1042766
Li+,30,0.28169,17.46479,0.1058024
Li+,30,0.56338,17.46479,0.105579
Li+,30,0.84507,17.46479,0.1037904
Li+,30,1.12676,17.46479,0.1007895
Li+,30,1.40845,17.46479,0.0970579
Li+,30,1.69014,17.46479,0.0931503
Li+,30,1.97183,17.46479,0.0896321
Li+,30,2.25352,17.46479,0.0870147
Li+,30,2.53521,17.46479,0.0856973
Li+,30,2.8169,17.46479,0.0859219
Li+,30,3.09859,17.46479,0.087745
Li+,30,3.38028,17.46479,0.0910313
Li+,30,3.66197,17.46479,0.0954681
Li+,30,3.94366,17.46479,0.1006006
Li+,30,4.22535,17.46479,0.1058823
Li+,30,4.50704,17.46479,0.1107365
Li+,30,4.78873,17.46479,0.1146204
Li+,30,5.07042,17.46479,0.1170861
Li+,30,5.35211,17.46479,0.1178308
Li+,30,5.6338,17.46479,0.1167299
Li+,30,5.91549,17.46479,0.1138516
Li+,30,6.19718,17.46479,0.1094482
Li+,30,6.47887,17.46479,0.1039286
Li+,30,6.76056,17.46479,0.0978117
Li+,30,7.04225,17.46479,0.0916694
Li+,30,7.32394,17.46479,0.0860623
Li+,30,7.60563,17.46479,0.0814787
Li+,30,7.88732,17.46479,0.0782808
Li+,30,8.16901,17.46479,0.0766665
Li+,30,8.4507,17.46479,0.0766494
Li+,30,8.73239,17.46479,0.0780605
Li+,30,9.01408,17.46479,0.0805702
Li+,30,9.29577,17.46479,0.083729
Li+,30,9.57746,17.46479,0.0870215
Li+,30,9.85915,17.46479,0.0899278
Li+,30,10.14085,17.46479,0.0919857
Li+,30,10.42254,17.46479,0.0928451
Li+,30,10.70423,17.46479,0.0923103
Li+,30,10.98592,17.46479,0.090364
Li+,30,11.26761,17.46479,0.0871705
Li+,30,11.5493,17.46479,0.0830578
Li+,30,11.83099,17.46479,0.0784812
Li+,30,12.11268,17.46479,0.0739708
Li+,30,12.39437,17.46479,0.0700711
Li+,30,12.67606,17.46479,0.0672778
Li+,30,12.95775,17.46479,0.0659795
Li+,30,13.23944,17.46479,0.0664121
Li+,30,13.52113,17.46479,0.0686285
Li+,30,13.80282,17.46479,0.0724906
Li+,30,14.08451,17.46479,0.077681
Li+,30,14.3662,17.46479,0.0837366
Li+,30,14.64789,17.46479,0.0900969
Li+,30,14.92958,17.46479,0.0961649
Li+,30,15.21127,17.46479,0.1013717
Li+,30,15.49296,17.46479,0.1052374
Li+,30,15.77465,17.46479,0.1074236
Li+,30,16.05634,17.46479,0.1077689
Li+,30,16.33803,17.46479,0.1063054
Li+,30,16.61972,17.46479,0.1032531
Li+,30,16.90141,17.46479,0.0989939
Li+,30,17.1831,17.46479,0.0940276
Li+,30,17.46479,17.46479,0.088914
Li+,30,17.74648,17.46479,0.0842101
Li+,30,18.02817,17.46479,0.0804066
Li+,30,18.30986,17.46479,0.0778728
Li+,30,18.59155,17.46479,0.0768157
Li+,30,18.87324,17.46479,0.0772575
Li+,30,19.15493,17.46479,0.0790344
Li+,30,19.43662,17.46479,0.0818164
Li+,30,19.71831,17.46479,0.0851469
Li+,30,20.0,17.46479,0.0884958
Li+,30,0.0,17.74648,0.0991239
Li+,30,0.28169,17.74648,0.0998368
Li+,30,0.56338,17.74648,0.098962
Li+,30,0.84507,17.74648,0.0967899
Li+,30,1.12676,17.74648,0.0937539
Li+,30,1.40845,17.74648,0.0903801
Li+,30,1.69014,17.74648,0.0872262
Li+,30,1.97183,17.74648,0.0848173
Li+,30,2.25352,17.74648,0.083585
Li+,30,2.53521,17.74648,0.0838175
Li+,30,2.8169,17.74648,0.0856259
Li+,30,3.09859,17.74648,0.0889305
Li+,30,3.38028,17.74648,0.0934685
Li+,30,3.66197,17.74648,0.0988225
Li+,30,3.94366,17.74648,0.1044672
Li+,30,4.22535,17.74648,0.1098269
Li+,30,4.50704,17.74648,0.1143403
Li+,30,4.78873,17.74648,0.1175226
Li+,30,5.07042,17.74648,0.1190195
Li+,30,5.35211,17.74648,0.1186471
Li+,30,5.6338,17.74648,0.1164116
Li+,30,5.91549,17.74648,0.1125087
Li+,30,6.19718,17.74648,0.1073015
Li+,30,6.47887,17.74648,0.1012798
Li+,30,6.76056,17.74648,0.0950056
Li+,30,7.04225,17.74648,0.0890506
Li+,30,7.32394,17.74648,0.083933
Li+,30,7.60563,17.74648,0.0800611
Li+,30,7.88732,17.74648,0.0776892
Li+,30,8.16901,17.74648,0.076892
Li+,30,8.4507,17.74648,0.0775586
Li+,30,8.73239,17.74648,0.0794087
Li+,30,9.01408,17.74648,0.0820279
Li+,30,9.29577,17.74648,0.0849175
Li+,30,9.57746,17.74648,0.0875553
Li+,30,9.85915,17.74648,0.0894577
Li+,30,10.14085,17.74648,0.0902377
Li+,30,10.42254,17.74648,0.0896519
Li+,30,10.70423,17.74648,0.0876308
Li+,30,10.98592,17.74648,0.0842887
Li+,30,11.26761,17.74648,0.0799128
Li+,30,11.5493,17.74648,0.074932
Li+,30,11.83099,17.74648,0.0698688
Li+,30,12.11268,17.74648,0.0652807
Li+,30,12.39437,17.74648,0.0616969
Li+,30,12.67606,17.74648,0.0595567
Li+,30,12.95775,17.74648,0.0591595
Li+,30,13.23944,17.74648,0.060628
Li+,30,13.52113,17.74648,0.0638931
Li+,30,13.80282,17.74648,0.0686984
Li+,30,14.08451,17.74648,0.0746268
Li+,30,14.3662,17.74648,0.0811447
Li+,30,14.64789,17.74648,0.0876592
Li+,30,14.92958,17.74648,0.0935821
Li+,30,15.21127,17.74648,0.0983936
Li+,30,15.49296,17.74648,0.1016976
Li+,30,15.77465,17.74648,0.1032641
Li+,30,16.05634,17.74648,0.1030522
Li+,30,16.33803,17.74648,0.1012122
Li+,30,16.61972,17.74648,0.0980664
Li+,30,16.90141,17.74648,0.0940705
Li+,30,17.1831,17.74648,0.0897602
Li+,30,17.46479,17.74648,0.0856894
Li+,30,17.74648,17.74648,0.0823657
Li+,30,18.02817,17.74648,0.0801929
Li+,30,18.30986,17.74648,0.0794241
Li+,30,18.59155,17.74648,0.0801333
Li+,30,18.87324,17.74648,0.0822068
Li+,30,19.15493,17.74648,0.0853567
Li+,30,19.43662,17.74648,0.0891541
Li+,30,19.71831,17.74648,0.0930784
Li+,30,20.0,17.74648,0.0965779
Li+,30,0.0,18.02817,0.0926008
Li+,30,0.28169,18.02817,0.0923134
Li+,30,0.56338,18.02817,0.0906929
Li+,30,0.84507,18.02817,0.0881246
Li+,30,1.12676,18.02817,0.0851035
Li+,30,1.40845,18.02817,0.0821765
Li+,30,1.69014,18.02817,0.0798785
Li+,30,1.97183,18.02817,0.0786696
Li+,30,2.25352,18.02817,0.0788817
Li+,30,2.53521,18.02817,0.0806788
Li+,30,2.8169,18.02817,0.0840363
Li+,30,3.09859,18.02817,0.0887422
Li+,30,3.38028,18.02817,0.0944191
Li+,30,3.66197,18.02817,0.1005651
Li+,30,3.94366,18.02817,0.1066086
Li+,30,4.22535,18.02817,0.1119716
Li+,30,4.50704,18.02817,0.1161332
Li+,30,4.78873,18.02817,0.1186873
Li+,30,5.07042,18.02817,0.119387
Li+,30,5.35211,18.02817,0.1181717
Li+,30,5.6338,18.02817,0.1151731
Li+,30,5.91549,18.02817,0.1106997
Li+,30,6.19718,18.02817,0.105202
Li+,30,6.47887,18.02817,0.0992214
Li+,30,6.76056,18.02817,0.09333
Li+,30,7.04225,18.02817,0.0880666
Li+,30,7.32394,18.02817,0.0838777
Li+,30,7.60563,18.02817,0.0810683
Li+,30,7.88732,18.02817,0.0797704
Li+,30,8.16901,18.02817,0.0799302
Li+,30,8.4507,18.02817,0.0813178
Li+,30,8.73239,18.02817,0.083556
Li+,30,9.01408,18.02817,0.086167
Li+,30,9.29577,18.02817,0.0886299
Li+,30,9.57746,18.02817,0.0904432
Li+,30,9.85915,18.02817,0.0911858
Li+,30,10.14085,18.02817,0.0905677
Li+,30,10.42254,18.02817,0.0884663
Li+,30,10.70423,18.02817,0.0849436
Li+,30,10.98592,18.02817,0.0802418
Li+,30,11.26761,18.02817,0.0747583
Li+,30,11.5493,18.02817,0.0690024
Li+,30,11.83099,18.02817,0.0635395
Li+,30,12.11268,18.02817,0.0589275
Li+,30,12.39437,18.02817,0.0556546
Li+,30,12.67606,18.02817,0.0540835
Li+,30,12.95775,18.02817,0.0544099
Li+,30,13.23944,18.02817,0.0566393
Li+,30,13.52113,18.02817,0.0605848
Li+,30,13.80282,18.02817,0.0658867
Li+,30,14.08451,18.02817,0.0720506
Li+,30,14.3662,18.02817,0.0785014
Li+,30,14.64789,18.02817,0.0846453
Li+,30,14.92958,18.02817,0.0899347
Li+,30,15.21127,18.02817,0.093927
Li+,30,15.49296,18.02817,0.0963317
Li+,30,15.77465,18.02817,0.0970408
Li+,30,16.05634,18.02817,0.0961375
Li+,30,16.33803,18.02817,0.0938848
Li+,30,16.61972,18.02817,0.0906922
Li+,30,16.90141,18.02817,0.0870675
Li+,30,17.1831,18.02817,0.0835567
Li+,30,17.46479,18.02817,0.0806801
Li+,30,17.74648,18.02817,0.0788715
Li+,30,18.02817,18.02817,0.0784274
Li+,30,18.30986,18.02817,0.0794723
Li+,30,18.59155,18.02817,0.081943
Li+,30,18.87324,18.02817,0.0855953
Li+,30,19.15493,18.02817,0.0900312
Li+,30,19.43662,18.02817,0.0947431
Li+,30,19.71831,18.02817,0.0991719
Li+,30,20.0,18.02817,0.1027704
Li+,30,0.0,18.30986,0.0856246
Li+,30,0.28169,18.30986,0.0841859
Li+,30,0.56338,18.30986,0.0817402
Li+,30,0.84507,18.30986,0.0787514
Li+,30,1.12676,18.30986,0.0757542
Li+,30,1.40845,18.30986,0.0732917
Li+,30,1.69014,18.30986,0.0718515
Li+,30,1.97183,18.30986,0.0718088
Li+,30,2.25352,18.30986,0.0733812
Li+,30,2.53521,18.30986,0.076602
Li+,30,2.8169,18.30986,0.081314
Li+,30,3.09859,18.30986,0.0871847
Li+,30,3.38028,18.30986,0.0937419
Li+,30,3.66197,18.30986,0.1004242
Li+,30,3.94366,18.30986,0.1066423
Li+,30,4.22535,18.30986,0.1118437
Li+,30,4.50704,18.30986,0.1155724
Li+,30,4.78873,18.30986,0.117519
Li+,30,5.07042,18.30986,0.1175535
Li+,30,5.35211,18.30986,0.1157386
Li+,30,5.6338,18.30986,0.1123209
Li+,30,5.91549,18.30986,0.1077025
Li+,30,6.19718,18.30986,0.1023942
Li+,30,6.47887,18.30986,0.0969581
Li+,30,6.76056,18.30986,0.0919438
Li+,30,7.04225,18.30986,0.0878269
Li+,30,7.32394,18.30986,0.0849561
Li+,30,7.60563,18.30986,0.0835156
Li+,30,7.88732,18.30986,0.0835062
Li+,30,8.16901,18.30986,0.0847471
Li+,30,8.4507,18.30986,0.0868996
Li+,30,8.73239,18.30986,0.0895084
Li+,30,9.01408,18.30986,0.0920562
Li+,30,9.29577,18.30986,0.0940261
Li+,30,9.57746,18.30986,0.0949633
Li+,30,9.85915,18.30986,0.0945308
Li+,30,10.14085,18.30986,0.0925507
Li+,30,10.42254,18.30986,0.0890283
Li+,30,10.70423,18.30986,0.0841546
Li+,30,10.98592,18.30986,0.0782878
Li+,30,11.26761,18.30986,0.0719158
Li+,30,11.5493,18.30986,0.0656035
Li+,30,11.83099,18.30986,0.0599306
Li+,30,12.11268,18.30986,0.0554278
Li+,30,12.39437,18.30986,0.0525183
Li+,30,12.67606,18.30986,0.05147
Li+,30,12.95775,18.30986,0.0523659
Li+,30,13.23944,18.30986,0.0550948
Li+,30,13.52113,18.30986,0.0593625
Li+,30,13.80282,18.30986,0.0647253
Li+,30,14.08451,18.30986,0.0706378
Li+,30,14.3662,18.30986,0.0765139
Li+,30,14.64789,18.30986,0.081791
Li+,30,14.92958,18.30986,0.0859912
Li+,30,15.21127,18.30986,0.0887737
Li+,30,15.49296,18.30986,0.0899704
Li+,30,15.77465,18.30986,0.0896029
Li+,30,16.05634,18.30986,0.0878766
Li+,30,16.33803,18.30986,0.0851558
Li+,30,16.61972,18.30986,0.0819189
Li+,30,16.90141,18.30986,0.0787021
Li+,30,17.1831,18.30986,0.0760359
Li+,30,17.46479,18.30986,0.0743826
Li+,30,17.74648,18.30986,0.0740815
Li+,30,18.02817,18.30986,0.0753086
Li+,30,18.30986,18.30986,0.078054
Li+,30,18.59155,18.30986,0.0821218
Li+,30,18.87324,18.30986,0.0871501
Li+,30,19.15493,18.30986,0.0926509
Li+,30,19.43662,18.30986,0.0980638
Li+,30,19.71831,18.30986,0.102819
Li+,30,20.0,18.30986,0.1064007
Li+,30,0.0,18.59155,0.0791116
Li+,30,0.28169,18.59155,0.0764432
Li+,30,0.56338,18.59155,0.07314
Li+,30,0.84507,18.59155,0.0697239
Li+,30,1.12676,18.59155,0.0667453
Li+,30,1.40845,18.59155,0.0647189
Li+,30,1.69014,18.59155,0.0640637
Li+,30,1.97183,18.59155,0.0650537
Li+,30,2.25352,18.59155,0.0677841
Li+,30,2.53521,18.59155,0.0721584
Li+,30,2.8169,18.59155,0.077897
Li+,30,3.09859,18.59155,0.0845657
Li+,30,3.38028,18.59155,0.0916225
Li+,30,3.66197,18.59155,0.0984761
Li+,30,3.94366,18.59155,0.1045499
Li+,30,4.22535,18.59155,0.1093445
Li+,30,4.50704,18.59155,0.1124916
Li+,30,4.78873,18.59155,0.1137929
Li+,30,5.07042,18.59155,0.1132404
Li+,30,5.35211,18.59155,0.1110148
Li+,30,5.6338,18.59155,0.107463
Li+,30,5.91549,18.59155,0.1030577
Li+,30,6.19718,18.59155,0.0983419
Li+,30,6.47887,18.59155,0.093867
Li+,30,6.76056,18.59155,0.0901297
Li+,30,7.04225,18.59155,0.0875155
Li+,30,7.32394,18.59155,0.086256
Li+,30,7.60563,18.59155,0.0864028
Li+,30,7.88732,18.59155,0.0878236
Li+,30,8.16901,18.59155,0.0902184
Li+,30,8.4507,18.59155,0.0931557
Li+,30,8.73239,18.59155,0.0961238
Li+,30,9.01408,18.59155,0.0985916
Li+,30,9.29577,18.59155,0.1000715
Li+,30,9.57746,18.59155,0.1001781
Li+,30,9.85915,18.59155,0.0986749
Li+,30,10.14085,18.59155,0.095505
Li+,30,10.42254,18.59155,0.0908005
Li+,30,10.70423,18.59155,0.0848713
Li+,30,10.98592,18.59155,0.0781731
Li+,30,11.26761,18.59155,0.0712591
Li+,30,11.5493,18.59155,0.0647204
Li+,30,11.83099,18.59155,0.0591211
Li+,30,12.11268,18.59155,0.0549376
Li+,30,12.39437,18.59155,0.0525057
Li+,30,12.67606,18.59155,0.0519849
Li+,30,12.95775,18.59155,0.0533413
Li+,30,13.23944,18.59155,0.056352
Li+,30,13.52113,18.59155,0.0606311
Li+,30,13.80282,18.59155,0.0656735
Li+,30,14.08451,18.59155,0.0709112
Li+,30,14.3662,18.59155,0.0757779
Li+,30,14.64789,18.59155,0.0797715
Li+,30,14.92958,18.59155,0.0825098
Li+,30,15.21127,18.59155,0.0837726
Li+,30,15.49296,18.59155,0.0835248
Li+,30,15.77465,18.59155,0.0819182
Li+,30,16.05634,18.59155,0.0792728
Li+,30,16.33803,18.59155,0.0760378
Li+,30,16.61972,18.59155,0.0727386
Li+,30,16.90141,18.59155,0.0699152
Li+,30,17.1831,18.59155,0.068058
Li+,30,17.46479,18.59155,0.0675504
Li+,30,17.74648,18.59155,0.0686223
Li+,30,18.02817,18.59155,0.071322
Li+,30,18.30986,18.59155,0.0755081
Li+,30,18.59155,18.59155,0.080863
Li+,30,18.87324,18.59155,0.0869271
Li+,30,19.15493,18.59155,0.0931483
Li+,30,19.43662,18.59155,0.0989426
Li+,30,19.71831,18.59155,0.1037589
Li+,30,20.0,18.59155,0.1071395
Li+,30,0.0,18.87324,0.0738431
Li+,30,0.28169,18.87324,0.0699687
Li+,30,0.56338,18.87324,0.0658513
Li+,30,0.84507,18.87324,0.0620468
Li+,30,1.12676,18.87324,0.0590957
Li+,30,1.40845,18.87324,0.0574614
Li+,30,1.69014,18.87324,0.0574757
Li+,30,1.97183,18.87324,0.0593002
Li+,30,2.25352,18.87324,0.0629057
Li+,30,2.53521,18.87324,0.0680736
Li+,30,2.8169,18.87324,0.0744185
Li+,30,3.09859,18.87324,0.0814288
Li+,30,3.38028,18.87324,0.0885225
Li+,30,3.66197,18.87324,0.0951096
Li+,30,3.94366,18.87324,0.1006568
Li+,30,4.22535,18.87324,0.1047441
Li+,30,4.50704,18.87324,0.1071099
Li+,30,4.78873,18.87324,0.1076775
Li+,30,5.07042,18.87324,0.1065607
Li+,30,5.35211,18.87324,0.1040486
Li+,30,5.6338,18.87324,0.1005702
Li+,30,5.91549,18.87324,0.0966435
Li+,30,6.19718,18.87324,0.0928149
Li+,30,6.47887,18.87324,0.0895957
Li+,30,6.76056,18.87324,0.0874031
Li+,30,7.04225,18.87324,0.0865119
Li+,30,7.32394,18.87324,0.0870229
Li+,30,7.60563,18.87324,0.0888516
Li+,30,7.88732,18.87324,0.0917379
Li+,30,8.16901,18.87324,0.0952765
Li+,30,8.4507,18.87324,0.0989639
Li+,30,8.73239,18.87324,0.1022573
Li+,30,9.01408,18.87324,0.1046374
Li+,30,9.29577,18.87324,0.1056699
Li+,30,9.57746,18.87324,0.1050572
Li+,30,9.85915,18.87324,0.1026747
Li+,30,10.14085,18.87324,0.0985879
Li+,30,10.42254,18.87324,0.0930481
Li+,30,10.70423,18.87324,0.0864671
Li+,30,10.98592,18.87324,0.079374
Li+,30,11.26761,18.87324,0.0723576
Li+,30,11.5493,18.87324,0.0660039
Li+,30,11.83099,18.87324,0.0608315
Li+,30,12.11268,18.87324,0.0572366
Li+,30,12.39437,18.87324,0.0554497
Li+,30,12.67606,18.87324,0.0555122
Li+,30,12.95775,18.87324,0.0572738
Li+,30,13.23944,18.87324,0.0604106
Li+,30,13.52113,18.87324,0.0644636
Li+,30,13.80282,18.87324,0.0688914
Li+,30,14.08451,18.87324,0.0731322
Li+,30,14.3662,18.87324,0.0766681
Li+,30,14.64789,18.87324,0.0790835
Li+,30,14.92958,18.87324,0.080112
Li+,30,15.21127,18.87324,0.0796665
Li+,30,15.49296,18.87324,0.0778476
Li+,30,15.77465,18.87324,0.0749319
Li+,30,16.05634,18.87324,0.071339
Li+,30,16.33803,18.87324,0.0675826
Li+,30,16.61972,18.87324,0.0642111
Li+,30,16.90141,18.87324,0.0617429
Li+,30,17.1831,18.87324,0.0606064
Li+,30,17.46479,18.87324,0.0610887
Li+,30,17.74648,18.87324,0.0633014
Li+,30,18.02817,18.87324,0.0671652
Li+,30,18.30986,18.87324,0.0724163
Li+,30,18.59155,18.87324,0.0786343
Li+,30,18.87324,18.87324,0.0852869
Li+,30,19.15493,18.87324,0.0917879
Li+,30,19.43662,18.87324,0.0975611
Li+,30,19.71831,18.87324,0.1021032
Li+,30,20.0,18.87324,0.1050391
Li+,30,0.0,19.15493,0.0703551
Li+,30,0.28169,19.15493,0.0654184
Li+,30,0.56338,19.15493,0.060625
Li+,30,0.84507,19.15493,0.0565381
Li+,30,1.12676,19.15493,0.053663
Li+,30,1.40845,19.15493,0.05239
Li+,30,1.69014,19.15493,0.0529491
Li+,30,1.97183,19.15493,0.0553838
Li+,30,2.25352,19.15493,0.0595445
Li+,30,2.53521,19.15493,0.065104
Li+,30,2.8169,19.15493,0.0715927
Li+,30,3.09859,19.15493,0.0784502
Li+,30,3.38028,19.15493,0.0850858
Li+,30,3.66197,19.15493,0.0909433
Li+,30,3.94366,19.15493,0.0955611
Li+,30,4.22535,19.15493,0.0986218
Li+,30,4.50704,19.15493,0.0999849
Li+,30,4.78873,19.15493,0.0997001
Li+,30,5.07042,19.15493,0.0979985
Li+,30,5.35211,19.15493,0.0952633
Li+,30,5.6338,19.15493,0.0919839
Li+,30,5.91549,19.15493,0.0886979
Li+,30,6.19718,19.15493,0.0859272
Li+,30,6.47887,19.15493,0.0841171
Li+,30,6.76056,19.15493,0.0835839
Li+,30,7.04225,19.15493,0.0844772
Li+,30,7.32394,19.15493,0.0867618
Li+,30,7.60563,19.15493,0.0902207
Li+,30,7.88732,19.15493,0.0944788
Li+,30,8.16901,19.15493,0.0990457
Li+,30,8.4507,19.15493,0.103371
Li+,30,8.73239,19.15493,0.1069073
Li+,30,9.01408,19.15493,0.1091731
Li+,30,9.29577,19.15493,0.1098087
Li+,30,9.57746,19.15493,0.1086184
Li+,30,9.85915,19.15493,0.1055945
Li+,30,10.14085,19.15493,0.1009209
Li+,30,10.42254,19.15493,0.0949539
Li+,30,10.70423,19.15493,0.088185
Li+,30,10.98592,19.15493,0.0811875
Li+,30,11.26761,19.15493,0.074555
Li+,30,11.5493,19.15493,0.0688361
Li+,30,11.83099,19.15493,0.064476
Li+,30,12.11268,19.15493,0.0617683
Li+,30,12.39437,19.15493,0.0608244
Li+,30,12.67606,19.15493,0.0615637
Li+,30,12.95775,19.15493,0.063725
Li+,30,13.23944,19.15493,0.0668981
Li+,30,13.52113,19.15493,0.0705724
Li+,30,13.80282,19.15493,0.0741965
Li+,30,14.08451,19.15493,0.077242
Li+,30,14.3662,19.15493,0.0792651
Li+,30,14.64789,19.15493,0.0799572
Li+,30,14.92958,19.15493,0.0791812
Li+,30,15.21127,19.15493,0.0769874
Li+,30,15.49296,19.15493,0.0736082
Li+,30,15.77465,19.15493,0.0694313
Li+,30,16.05634,19.15493,0.0649562
Li+,30,16.33803,19.15493,0.0607369
Li+,30,16.61972,19.15493,0.0573182
Li+,30,16.90141,19.15493,0.0551729
Li+,30,17.1831,19.15493,0.0546477
Li+,30,17.46479,19.15493,0.0559215
Li+,30,17.74648,19.15493,0.058984
Li+,30,18.02817,19.15493,0.0636348
Li+,30,18.30986,19.15493,0.069504
Li+,30,18.59155,19.15493,0.0760916
Li+,30,18.87324,19.15493,0.0828224
Li+,30,19.15493,19.15493,0.089108
Li+,30,19.43662,19.15493,0.0944113
Li+,30,19.71831,19.15493,0.0983049
Li+,30,20.0,19.15493,0.1005168
Li+,30,0.0,19.43662,0.0688685
Li+,30,0.28169,19.43662,0.0631354
Li+,30,0.56338,19.43662,0.0579049
Li+,30,0.84507,19.43662,0.0537194
Li+,30,1.12676,19.43662,0.051024
Li+,30,1.40845,19.43662,0.0501172
Li+,30,1.69014,19.43662,0.0511173
Li+,30,1.97183,19.43662,0.0539486
Li+,30,2.25352,19.43662,0.0583504
Li+,30,2.53521,19.43662,0.0639052
Li+,30,2.8169,19.43662,0.0700855
Li+,30,3.09859,19.43662,0.076312
Li+,30,3.38028,19.43662,0.0820174
Li+,30,3.66197,19.43662,0.0867095
Li+,30,3.94366,19.43662,0.0900238
Li+,30,4.22535,19.43662,0.0917633
Li+,30,4.50704,19.43662,0.0919177
Li+,30,4.78873,19.43662,0.0906621
Li+,30,5.07042,19.43662,0.0883346
Li+,30,5.35211,19.43662,0.0853946
Li+,30,5.6338,19.43662,0.0823687
Li+,30,5.91549,19.43662,0.0797874
Li+,30,6.19718,19.43662,0.078123
Li+,30,6.47887,19.43662,0.0777331
Li+,30,6.76056,19.43662,0.0788179
Li+,30,7.04225,19.43662,0.0813949
Li+,30,7.32394,19.43662,0.0852953
Li+,30,7.60563,19.43662,0.0901811
Li+,30,7.88732,19.43662,0.095582
Li+,30,8.16901,19.43662,0.1009475
Li+,30,8.4507,19.43662,0.1057084
Li+,30,8.73239,19.43662,0.1093407
Li+,30,9.01408,19.43662,0.111425
Li+,30,9.29577,19.43662,0.1116941
Li+,30,9.57746,19.43662,0.1100638
Li+,30,9.85915,19.43662,0.1066434
Li+,30,10.14085,19.43662,0.1017245
Li+,30,10.42254,19.43662,0.0957492
Li+,30,10.70423,19.43662,0.0892624
Li+,30,10.98592,19.43662,0.0828514
Li+,30,11.26761,19.43662,0.0770818
Li+,30,11.5493,19.43662,0.0724357
Li+,30,11.83099,19.43662,0.0692596
Li+,30,12.11268,19.43662,0.0677273
Li+,30,12.39437,19.43662,0.0678232
Li+,30,12.67606,19.43662,0.069346
Li+,30,12.95775,19.43662,0.0719344
Li+,30,13.23944,19.43662,0.0751103
Li+,30,13.52113,19.43662,0.0783351
Li+,30,13.80282,19.43662,0.0810732
Li+,30,14.08451,19.43662,0.0828546
Li+,30,14.3662,19.43662,0.0833302
Li+,30,14.64789,19.43662,0.082313
Li+,30,14.92958,19.43662,0.079801
Li+,30,15.21127,19.43662,0.0759789
Li+,30,15.49296,19.43662,0.0711982
Li+,30,15.77465,19.43662,0.0659388
Li+,30,16.05634,19.43662,0.060755
Li+,30,16.33803,19.43662,0.0562132
Li+,30,16.61972,19.43662,0.0528282
Li+,30,16.90141,19.43662,0.051005
Li+,30,17.1831,19.43662,0.0509919
Li+,30,17.46479,19.43662,0.0528526
Li+,30,17.74648,19.43662,0.0564572
Li+,30,18.02817,19.43662,0.0614966
Li+,30,18.30986,19.43662,0.0675155
Li+,30,18.59155,19.43662,0.0739623
Li+,30,18.87324,19.43662,0.0802502
Li+,30,19.15493,19.43662,0.0858209
Li+,30,19.43662,19.43662,0.0902063
Li+,30,19.71831,19.43662,0.0930787
Li+,30,20.0,19.43662,0.0942859
Li+,30,0.0,19.71831,0.0692704
Li+,30,0.28169,19.71831,0.0631145
Li+,30,0.56338,19.71831,0.0577765
Li+,30,0.84507,19.71831,0.0537497
Li+,30,1.12676,19.71831,0.0513967
Li+,30,1.40845,19.71831,0.0509089
Li+,30,1.69014,19.71831,0.0522868
Li+,30,1.97183,19.71831,0.0553403
Li+,30,2.25352,19.71831,0.0597114
Li+,30,2.53521,19.71831,0.0649146
Li+,30,2.8169,19.71831,0.070392
Li+,30,3.09859,19.71831,0.0755764
Li+,30,3.38028,19.71831,0.0799544
Li+,30,3.66197,19.71831,0.0831237
Li+,30,3.94366,19.71831,0.0848374
Li+,30,4.22535,19.71831,0.0850306
Li+,30,4.50704,19.71831,0.0838255
Li+,30,4.78873,19.71831,0.0815156
Li+,30,5.07042,19.71831,0.0785305
Li+,30,5.35211,19.71831,0.0753846
Li+,30,5.6338,19.71831,0.0726164
Li+,30,5.91549,19.71831,0.0707246
Li+,30,6.19718,19.71831,0.0701095
Li+,30,6.47887,19.71831,0.0710245
Li+,30,6.76056,19.71831,0.0735452
Li+,30,7.04225,19.71831,0.0775579
Li+,30,7.32394,19.71831,0.0827702
Li+,30,7.60563,19.71831,0.0887416
Li+,30,7.88732,19.71831,0.0949318
Li+,30,8.16901,19.71831,0.1007594
Li+,30,8.4507,19.71831,0.1056662
Li+,30,8.73239,19.71831,0.1091793
Li+,30,9.01408,19.71831,0.1109634
Li+,30,9.29577,19.71831,0.1108578
Li+,30,9.57746,19.71831,0.1088945
Li+,30,9.85915,19.71831,0.1052939
Li+,30,10.14085,19.71831,0.1004404
Li+,30,10.42254,19.71831,0.0948393
Li+,30,10.70423,19.71831,0.08906
Li+,30,10.98592,19.71831,0.0836726
Li+,30,11.26761,19.71831,0.0791849
Li+,30,11.5493,19.71831,0.0759861
Li+,30,11.83099,19.71831,0.0743042
Li+,30,12.11268,19.71831,0.0741823
Li+,30,12.39437,19.71831,0.0754758
Li+,30,12.67606,19.71831,0.0778705
Li+,30,12.95775,19.71831,0.0809206
Li+,30,13.23944,19.71831,0.0841015
Li+,30,13.52113,19.71831,0.0868713
Li+,30,13.80282,19.71831,0.0887346
Li+,30,14.08451,19.71831,0.0893013
Li+,30,14.3662,19.71831,0.0883323
Li+,30,14.64789,19.71831,0.0857696
Li+,30,14.92958,19.71831,0.0817446
Li+,30,15.21127,19.71831,0.0765655
Li+,30,15.49296,19.71831,0.0706843
Li+,30,15.77465,19.71831,0.0646472
Li+,30,16.05634,19.71831,0.0590347
Li+,30,16.33803,19.71831,0.0543969
Li+,30,16.61972,19.71831,0.0511928
Li+,30,16.90141,19.71831,0.0497385
Li+,30,17.1831,19.71831,0.0501727
Li+,30,17.46479,19.71831,0.0524411
Li+,30,17.74648,19.71831,0.0563024
Li+,30,18.02817,19.71831,0.0613554
Li+,30,18.30986,19.71831,0.0670843
Li+,30,18.59155,19.71831,0.0729158
Li+,30,18.87324,19.71831,0.0782829
Li+,30,19.15493,19.71831,0.0826883
Li+,30,19.43662,19.71831,0.0857586
Li+,30,19.71831,19.71831,0.0872849
Li+,30,20.0,19.71831,0.0872448
Li+,30,0.0,20.0,0.0711475
Li+,30,0.28169,20.0,0.0650193
Li+,30,0.56338,20.0,0.0599686
Li+,30,0.84507,20.0,0.0564136
Li+,30,1.12676,20.0,0.0546141
Li+,30,1.40845,20.0,0.0546442
Li+,30,1.69014,20.0,0.0563855
Li+,30,1.97183,20.0,0.0595429
Li+,30,2.25352,20.0,0.0636788
Li+,30,2.53521,20.0,0.0682643
Li+,30,2.8169,20.0,0.0727398
Li+,30,3.09859,20.0,0.076579
Li+,30,3.38028,20.0,0.0793491
Li+,30,3.66197,20.0,0.0807594
Li+,30,3.94366,20.0,0.0806939
Li+,30,4.22535,20.0,0.0792243
Li+,30,4.50704,20.0,0.0766005
Li+,30,4.78873,20.0,0.0732212
Li+,30,5.07042,20.0,0.0695874
Li+,30,5.35211,20.0,0.0662441
Li+,30,5.6338,20.0,0.0637162
Li+,30,5.91549,20.0,0.0624476
Li+,30,6.19718,20.0,0.0627482
Li+,30,6.47887,20.0,0.0647565
Li+,30,6.76056,20.0,0.0684216
Li+,30,7.04225,20.0,0.0735066
Li+,30,7.32394,20.0,0.0796123
Li+,30,7.60563,20.0,0.0862206
Li+,30,7.88732,20.0,0.0927501
Li+,30,8.16901,20.0,0.0986201
Li+,30,8.4507,20.0,0.1033139
Li+,30,8.73239,20.0,0.1064352
Li+,30,9.01408,20.0,0.1077512
Li+,30,9.29577,20.0,0.1072175
Li+,30,9.57746,20.0,0.1049815
Li+,30,9.85915,20.0,0.1013645
Li+,30,10.14085,20.0,0.096825
Li+,30,10.42254,20.0,0.0919055
Li+,30,10.70423,20.0,0.0871713
Li+,30,10.98592,20.0,0.0831458
Li+,30,11.26761,20.0,0.0802525
Li+,30,11.5493,20.0,0.0787662
Li+,30,11.83099,20.0,0.0787839
Li+,30,12.11268,20.0,0.0802137
Li+,30,12.39437,20.0,0.0827873
Li+,30,12.67606,20.0,0.0860909
Li+,30,12.95775,20.0,0.0896146
Li+,30,13.23944,20.0,0.0928109
Li+,30,13.52113,20.0,0.0951595
Li+,30,13.80282,20.0,0.0962278
Li+,30,14.08451,20.0,0.095722
Li+,30,14.3662,20.0,0.0935231
Li+,30,14.64789,20.0,0.0897023
Li+,30,14.92958,20.0,0.0845153
Li+,30,15.21127,20.0,0.0783761
Li+,30,15.49296,20.0,0.0718119
Li+,30,15.77465,20.0,0.0654064
Li+,30,16.05634,20.0,0.0597351
Li+,30,16.33803,20.0,0.0553028
Li+,30,16.61972,20.0,0.0524882
Li+,30,16.90141,20.0,0.0515023
Li+,30,17.1831,20.0,0.0523665
Li+,30,17.46479,20.0,0.0549112
Li+,30,17.74648,20.0,0.0587959
Li+,30,18.02817,20.0,0.0635485
Li+,30,18.30986,20.0,0.0686194
Li+,30,18.59155,20.0,0.0734435
Li+,30,18.87324,20.0,0.077504
Li+,30,19.15493,20.0,0.080391
Li+,30,19.43662,20.0,0.0818466
Li+,30,19.71831,20.0,0.0817935
Li+,30,20.0,20.0,0.0803422
S-,30,0.0,0.0,0.1465833
S-,30,0.28169,0.0,0.1503857
S-,30,0.56338,0.0,0.1538567
S-,30,0.84507,0.0,0.1567009
S-,30,1.12676,0.0,0.1586913
S-,30,1.40845,0.0,0.1596933
S-,30,1.69014,0.0,0.1596787
S-,30,1.97183,0.0,0.1587281
S-,30,2.25352,0.0,0.1570199
S-,30,2.53521,0.0,0.1548098
S-,30,2.8169,0.0,0.1524006
S-,30,3.09859,0.0,0.1501073
S-,30,3.38028,0.0,0.1482207
S-,30,3.66197,0.0,0.1469741
S-,30,3.94366,0.0,0.1465164
S-,30,4.22535,0.0,0.1468952
S-,30,4.50704,0.0,0.1480513
S-,30,4.78873,0.0,0.1498255
S-,30,5.07042,0.0,0.1519768
S-,30,5.35211,0.0,0.1542102
S-,30,5.6338,0.0,0.1562104
S-,30,5.91549,0.0,0.1576782
S-,30,6.19718,0.0,0.1583649
S-,30,6.47887,0.0,0.1581016
S-,30,6.76056,0.0,0.156819
S-,30,7.04225,0.0,0.1545559
S-,30,7.32394,0.0,0.1514564
S-,30,7.60563,0.0,0.1477542
S-,30,7.88732,0.0,0.1437474
S-,30,8.16901,0.0,0.1397657
S-,30,8.4507,0.0,0.1361343
S-,30,8.73239,0.0,0.1331384
S-,30,9.01408,0.0,0.1309918
S-,30,9.29577,0.0,0.1298136
S-,30,9.57746,0.0,0.1296164
S-,30,9.85915,0.0,0.1303054
S-,30,10.14085,0.0,0.1316908
S-,30,10.42254,0.0,0.1335097
S-,30,10.70423,0.0,0.1354573
S-,30,10.98592,0.0,0.1372224
S-,30,11.26761,0.0,0.1385233
S-,30,11.5493,0.0,0.139141
S-,30,11.83099,0.0,0.1389446
S-,30,12.11268,0.0,0.1379068
S-,30,12.39437,0.0,0.1361081
S-,30,12.67606,0.0,0.1337278
S-,30,12.95775,0.0,0.1310245
S-,30,13.23944,0.0,0.1283069
S-,30,13.52113,0.0,0.1258993
S-,30,13.80282,0.0,0.1241046
S-,30,14.08451,0.0,0.12317
S-,30,14.3662,0.0,0.1232585
S-,30,14.64789,0.0,0.1244297
S-,30,14.92958,0.0,0.1266324
S-,30,15.21127,0.0,0.1297095
S-,30,15.49296,0.0,0.133414
S-,30,15.77465,0.0,0.1374361
S-,30,16.05634,0.0,0.1414362
S-,30,16.33803,0.0,0.1450821
S-,30,16.61972,0.0,0.1480842
S-,30,16.90141,0.0,0.1502268
S-,30,17.1831,0.0,0.1513906
S-,30,17.46479,0.0,0.1515638
S-,30,17.74648,0.0,0.1508421
S-,30,18.02817,0.0,0.1494158
S-,30,18.30986,0.0,0.1475466
S-,30,18.59155,0.0,0.1455367
S-,30,18.87324,0.0,0.143693
S-,30,19.15493,0.0,0.1422913
S-,30,19.43662,0.0,0.1415447
S-,30,19.71831,0.0,0.1415782
S-,30,20.0,0.0,0.142415
S-,30,0.0,0.28169,0.1452234
S-,30,0.28169,0.28169,0.1487939
S-,30,0.56338,0.28169,0.1518854
S-,30,0.84507,0.28169,0.1542447
S-,30,1.12676,0.28169,0.1557035
S-,30,1.40845,0.28169,0.1561955
S-,30,1.69014,0.28169,0.1557633
S-,30,1.97183,0.28169,0.1545513
S-,30,2.25352,0.28169,0.1527888
S-,30,2.53521,0.28169,0.1507621
S-,30,2.8169,0.28169,0.1487814
S-,30,3.09859,0.28169,0.1471441
S-,30,3.38028,0.28169,0.1461001
S-,30,3.66197,0.28169,0.1458228
S-,30,3.94366,0.28169,0.1463886
S-,30,4.22535,0.28169,0.147767
S-,30,4.50704,0.28169,0.1498242
S-,30,4.78873,0.28169,0.1523373
S-,30,5.07042,0.28169,0.1550192
S-,30,5.35211,0.28169,0.1575512
S-,30,5.6338,0.28169,0.1596188
S-,30,5.91549,0.28169,0.1609472
S-,30,6.19718,0.28169,0.1613331
S-,30,6.47887,0.28169,0.1606676
S-,30,6.76056,0.28169,0.1589491
S-,30,7.04225,0.28169,0.1562841
S-,30,7.32394,0.28169,0.1528758
S-,30,7.60563,0.28169,0.1490018
S-,30,7.88732,0.28169,0.1449836
S-,30,8.16901,0.28169,0.1411511
S-,30,8.4507,0.28169,0.1378061
S-,30,8.73239,0.28169,0.1351896
S-,30,9.01408,0.28169,0.1334556
S-,30,9.29577,0.28169,0.1326545
S-,30,9.57746,0.28169,0.1327293
S-,30,9.85915,0.28169,0.1335229
S-,30,10.14085,0.28169,0.1347976
S-,30,10.42254,0.28169,0.1362635
S-,30,10.70423,0.28169,0.1376125
S-,30,10.98592,0.28169,0.1385552
S-,30,11.26761,0.28169,0.1388546
S-,30,11.5493,0.28169,0.1383552
S-,30,11.83099,0.28169,0.1370015
S-,30,12.11268,0.28169,0.1348461
S-,30,12.39437,0.28169,0.1320452
S-,30,12.67606,0.28169,0.1288419
S-,30,12.95775,0.28169,0.1255403
S-,30,13.23944,0.28169,0.1224718
S-,30,13.52113,0.28169,0.1199583
S-,30,13.80282,0.28169,0.1182768
S-,30,14.08451,0.28169,0.1176282
S-,30,14.3662,0.28169,0.1181142
S-,30,14.64789,0.28169,0.1197265
S-,30,14.92958,0.28169,0.1223463
S-,30,15.21127,0.28169,0.1257576
S-,30,15.49296,0.28169,0.1296703
S-,30,15.77465,0.28169,0.1337517
S-,30,16.05634,0.28169,0.1376628
S-,30,16.33803,0.28169,0.1410942
S-,30,16.61972,0.28169,0.1437998
S-,30,16.90141,0.28169,0.1456219
S-,30,17.1831,0.28169,0.1465072
S-,30,17.46479,0.28169,0.14651
S-,30,17.74648,0.28169,0.145784
S-,30,18.02817,0.28169,0.1445623
S-,30,18.30986,0.28169,0.1431289
S-,30,18.59155,0.28169,0.1417844
S-,30,18.87324,0.28169,0.1408099
S-,30,19.15493,0.28169,0.1404335
S-,30,19.43662,0.28169,0.140803
S-,30,19.71831,0.28169,0.1419676
S-,30,20.0,0.28169,0.1438719
S-,30,0.0,0.56338,0.1442665
S-,30,0.28169,0.56338,0.1473273
S-,30,0.56338,0.56338,0.1497824
S-,30,0.84507,0.56338,0.151435
S-,30,1.12676,0.56338,0.1521852
S-,30,1.40845,0.56338,0.1520404
S-,30,1.69014,0.56338,0.1511124
S-,30,1.97183,0.56338,0.1496044
S-,30,2.25352,0.56338,0.1477857
S-,30,2.53521,0.56338,0.1459603
S-,30,2.8169,0.56338,0.1444311
S-,30,3.09859,0.56338,0.1434638
S-,30,3.38028,0.56338,0.143256
S-,30,3.66197,0.56338,0.1439132
S-,30,3.94366,0.56338,0.1454357
S-,30,4.22535,0.56338,0.1477174
S-,30,4.50704,0.56338,0.1505567
S-,30,4.78873,0.56338,0.1536783
S-,30,5.07042,0.56338,0.1567638
S-,30,5.35211,0.56338,0.1594864
S-,30,5.6338,0.56338,0.1615479
S-,30,5.91549,0.56338,0.1627114
S-,30,6.19718,0.56338,0.162828
S-,30,6.47887,0.56338,0.1618537
S-,30,6.76056,0.56338,0.1598536
S-,30,7.04225,0.56338,0.156995
S-,30,7.32394,0.56338,0.1535288
S-,30,7.60563,0.56338,0.1497606
S-,30,7.88732,0.56338,0.1460177
S-,30,8.16901,0.56338,0.1426116
S-,30,8.4507,0.56338,0.139804
S-,30,8.73239,0.56338,0.1377778
S-,30,9.01408,0.56338,0.1366176
S-,30,9.29577,0.56338,0.1363011
S-,30,9.57746,0.56338,0.136703
S-,30,9.85915,0.56338,0.1376105
S-,30,10.14085,0.56338,0.1387491
S-,30,10.42254,0.56338,0.1398151
S-,30,10.70423,0.56338,0.1405124
S-,30,10.98592,0.56338,0.1405873
S-,30,11.26761,0.56338,0.1398593
S-,30,11.5493,0.56338,0.1382443
S-,30,11.83099,0.56338,0.1357654
S-,30,12.11268,0.56338,0.1325529
S-,30,12.39437,0.56338,0.1288316
S-,30,12.67606,0.56338,0.1248974
S-,30,12.95775,0.56338,0.1210854
S-,30,13.23944,0.56338,0.1177345
S-,30,13.52113,0.56338,0.1151497
S-,30,13.80282,0.56338,0.1135695
S-,30,14.08451,0.56338,0.1131398
S-,30,14.3662,0.56338,0.1138982
S-,30,14.64789,0.56338,0.1157697
S-,30,14.92958,0.56338,0.1185758
S-,30,15.21127,0.56338,0.1220542
S-,30,15.49296,0.56338,0.1258874
S-,30,15.77465,0.56338,0.129738
S-,30,16.05634,0.56338,0.1332853
S-,30,16.33803,0.56338,0.1362597
S-,30,16.61972,0.56338,0.1384714
S-,30,16.90141,0.56338,0.1398294
S-,30,17.1831,0.56338,0.1403494
S-,30,17.46479,0.56338,0.1401493
S-,30,17.74648,0.56338,0.1394332
S-,30,18.02817,0.56338,0.1384653
S-,30,18.30986,0.56338,0.1375375
S-,30,18.59155,0.56338,0.1369337
S-,30,18.87324,0.56338,0.1368947
S-,30,19.15493,0.56338,0.1375891
S-,30,19.43662,0.56338,0.1390919
S-,30,19.71831,0.56338,0.1413737
S-,30,20.0,0.56338,0.1443032
S-,30,0.0,0.84507,0.1440442
S-,30,0.28169,0.84507,0.1463637
S-,30,0.56338,0.84507,0.1479738
S-,30,0.84507,0.84507,0.1487452
S-,30,1.12676,0.84507,0.148653
S-,30,1.40845,0.84507,0.1477787
S-,30,1.69014,0.84507,0.1462998
S-,30,1.97183,0.84507,0.1444687
S-,30,2.25352,0.84507,0.1425829
S-,30,2.53521,0.84507,0.1409501
S-,30,2.8169,0.84507,0.1398518
S-,30,3.09859,0.84507,0.1395102
S-,30,3.38028,0.84507,0.1400616
S-,30,3.66197,0.84507,0.1415396
S-,30,3.94366,0.84507,0.1438696
S-,30,4.22535,0.84507,0.1468758
S-,30,4.50704,0.84507,0.1503001
S-,30,4.78873,0.84507,0.1538295
S-,30,5.07042,0.84507,0.1571304
S-,30,5.35211,0.84507,0.1598852
S-,30,5.6338,0.84507,0.161827
S-,30,5.91549,0.84507,0.1627686
S-,30,6.19718,0.84507,0.1626232
S-,30,6.47887,0.84507,0.1614128
S-,30,6.76056,0.84507,0.1592657
S-,30,7.04225,0.84507,0.1564007
S-,30,7.32394,0.84507,0.1531022
S-,30,7.60563,0.84507,0.1496879
S-,30,7.88732,0.84507,0.1464725
S-,30,8.16901,0.84507,0.1437321
S-,30,8.4507,0.84507,0.1416734
S-,30,8.73239,0.84507,0.1404104
S-,30,9.01408,0.84507,0.1399527
S-,30,9.29577,0.84507,0.1402044
S-,30,9.57746,0.84507,0.1409768
S-,30,9.85915,0.84507,0.1420108
S-,30,10.14085,0.84507,0.1430074
S-,30,10.42254,0.84507,0.1436637
S-,30,10.70423,0.84507,0.143709
S-,30,10.98592,0.84507,0.1429376
S-,30,11.26761,0.84507,0.1412341
S-,30,11.5493,0.84507,0.1385896
S-,30,11.83099,0.84507,0.1351045
S-,30,12.11268,0.84507,0.1309805
S-,30,12.39437,0.84507,0.1265001
S-,30,12.67606,0.84507,0.1219972
S-,30,12.95775,0.84507,0.1178226
S-,30,13.23944,0.84507,0.1143057
S-,30,13.52113,0.84507,0.1117207
S-,30,13.80282,0.84507,0.1102568
S-,30,14.08451,0.84507,0.1099987
S-,30,14.3662,0.84507,0.1109189
S-,30,14.64789,0.84507,0.1128814
S-,30,14.92958,0.84507,0.1156579
S-,30,15.21127,0.84507,0.118954
S-,30,15.49296,0.84507,0.1224421
S-,30,15.77465,0.84507,0.1257979
S-,30,16.05634,0.84507,0.1287361
S-,30,16.33803,0.84507,0.1310412
S-,30,16.61972,0.84507,0.1325898
S-,30,16.90141,0.84507,0.1333626
S-,30,17.1831,0.84507,0.1334439
S-,30,17.46479,0.84507,0.1330096
S-,30,17.74648,0.84507,0.132304
S-,30,18.02817,0.84507,0.1316095
S-,30,18.30986,0.84507,0.1312112
S-,30,18.59155,0.84507,0.131362
S-,30,18.87324,0.84507,0.1322508
S-,30,19.15493,0.84507,0.1339782
S-,30,19.43662,0.84507,0.1365426
S-,30,19.71831,0.84507,0.1398381
S-,30,20.0,0.84507,0.1436639
S-,30,0.0,1.12676,0.1447559
S-,30,0.28169,1.12676,0.1461722
S-,30,0.56338,1.12676,0.1468005
S-,30,0.84507,1.12676,0.1465866
S-,30,1.12676,1.12676,0.1455824
S-,30,1.40845,1.12676,0.1439407
S-,30,1.69014,1.12676,0.1418965
S-,30,1.97183,1.12676,0.1397402
S-,30,2.25352,1.12676,0.1377836
S-,30,2.53521,1.12676,0.1363238
S-,30,2.8169,1.12676,0.1356084
S-,30,3.09859,1.12676,0.1358061
S-,30,3.38028,1.12676,0.1369865
S-,30,3.66197,1.12676,0.1391107
S-,30,3.94366,1.12676,0.1420344
S-,30,4.22535,1.12676,0.1455226
S-,30,4.50704,1.12676,0.1492746
S-,30,4.78873,1.12676,0.1529566
S-,30,5.07042,1.12676,0.1562379
S-,30,5.35211,1.12676,0.1588266
S-,30,5.6338,1.12676,0.1605014
S-,30,5.91549,1.12676,0.1611347
S-,30,6.19718,1.12676,0.1607064
S-,30,6.47887,1.12676,0.1593038
S-,30,6.76056,1.12676,0.1571113
S-,30,7.04225,1.12676,0.1543879
S-,30,7.32394,1.12676,0.1514369
S-,30,7.60563,1.12676,0.148571
S-,30,7.88732,1.12676,0.1460757
S-,30,8.16901,1.12676,0.1441766
S-,30,8.4507,1.12676,0.1430137
S-,30,8.73239,1.12676,0.1426253
S-,30,9.01408,1.12676,0.1429437
S-,30,9.29577,1.12676,0.1438033
S-,30,9.57746,1.12676,0.1449599
S-,30,9.85915,1.12676,0.1461197
S-,30,10.14085,1.12676,0.1469732
S-,30,10.42254,1.12676,0.1472322
S-,30,10.70423,1.12676,0.1466642
S-,30,10.98592,1.12676,0.1451208
S-,30,11.26761,1.12676,0.1425569
S-,30,11.5493,1.12676,0.1390385
S-,30,11.83099,1.12676,0.1347382
S-,30,12.11268,1.12676,0.1299185
S-,30,12.39437,1.12676,0.1249054
S-,30,12.67606,1.12676,0.1200547
S-,30,12.95775,1.12676,0.1157147
S-,30,13.23944,1.12676,0.1121902
S-,30,13.52113,1.12676,0.1097108
S-,30,13.80282,1.12676,0.1084075
S-,30,14.08451,1.12676,0.1083009
S-,30,14.3662,1.12676,0.1093003
S-,30,14.64789,1.12676,0.1112162
S-,30,14.92958,1.12676,0.1137829
S-,30,15.21127,1.12676,0.1166894
S-,30,15.49296,1.12676,0.119615
S-,30,15.77465,1.12676,0.1222657
S-,30,16.05634,1.12676,0.1244061
S-,30,16.33803,1.12676,0.1258859
S-,30,16.61972,1.12676,0.1266548
S-,30,16.90141,1.12676,0.1267661
S-,30,17.1831,1.12676,0.1263687
S-,30,17.46479,1.12676,0.1256876
S-,30,17.74648,1.12676,0.1249951
S-,30,18.02817,1.12676,0.1245775
S-,30,18.30986,1.12676,0.1246992
S-,30,18.59155,1.12676,0.1255695
S-,30,18.87324,1.12676,0.127316
S-,30,19.15493,1.12676,0.1299669
S-,30,19.43662,1.12676,0.1334446
S-,30,19.71831,1.12676,0.1375724
S-,30,20.0,1.12676,0.1420911
S-,30,0.0,1.40845,0.1464301
S-,30,0.28169,1.40845,0.1468659
S-,30,0.56338,1.40845,0.146463
S-,30,0.84507,1.40845,0.1452448
S-,30,1.12676,1.40845,0.1433383
S-,30,1.40845,1.40845,0.14096
S-,30,1.69014,1.40845,0.1383915
S-,30,1.97183,1.40845,0.1359473
S-,30,2.25352,1.40845,0.1339388
S-,30,2.53521,1.40845,0.1326385
S-,30,2.8169,1.40845,0.1322485
S-,30,3.09859,1.40845,0.1328769
S-,30,3.38028,1.40845,0.1345245
S-,30,3.66197,1.40845,0.1370834
S-,30,3.94366,1.40845,0.1403482
S-,30,4.22535,1.40845,0.1440376
S-,30,4.50704,1.40845,0.1478253
S-,30,4.78873,1.40845,0.1513747
S-,30,5.07042,1.40845,0.154376
S-,30,5.35211,1.40845,0.1565789
S-,30,5.6338,1.40845,0.1578199
S-,30,5.91549,1.40845,0.1580386
S-,30,6.19718,1.40845,0.1572828
S-,30,6.47887,1.40845,0.1557017
S-,30,6.76056,1.40845,0.1535268
S-,30,7.04225,1.40845,0.1510444
S-,30,7.32394,1.40845,0.1485614
S-,30,7.60563,1.40845,0.1463692
S-,30,7.88732,1.40845,0.1447095
S-,30,8.16901,1.40845,0.1437456
S-,30,8.4507,1.40845,0.1435429
S-,30,8.73239,1.40845,0.144061
S-,30,9.01408,1.40845,0.1451576
S-,30,9.29577,1.40845,0.1466045
S-,30,9.57746,1.40845,0.1481136
S-,30,9.85915,1.40845,0.1493699
S-,30,10.14085,1.40845,0.150068
S-,30,10.42254,1.40845,0.149948
S-,30,10.70423,1.40845,0.1488263
S-,30,10.98592,1.40845,0.1466186
S-,30,11.26761,1.40845,0.1433515
S-,30,11.5493,1.40845,0.1391623
S-,30,11.83099,1.40845,0.1342864
S-,30,12.11268,1.40845,0.1290338
S-,30,12.39437,1.40845,0.1237575
S-,30,12.67606,1.40845,0.118817
S-,30,12.95775,1.40845,0.1145411
S-,30,13.23944,1.40845,0.1111945
S-,30,13.52113,1.40845,0.1089512
S-,30,13.80282,1.40845,0.1078779
S-,30,14.08451,1.40845,0.10793
S-,30,14.3662,1.40845,0.1089588
S-,30,14.64789,1.40845,0.1107312
S-,30,14.92958,1.40845,0.1129577
S-,30,15.21127,1.40845,0.1153266
S-,30,15.49296,1.40845,0.1175403
S-,30,15.77465,1.40845,0.1193496
S-,30,16.05634,1.40845,0.120581
S-,30,16.33803,1.40845,0.1211567
S-,30,16.61972,1.40845,0.1211013
S-,30,16.90141,1.40845,0.1205381
S-,30,17.1831,1.40845,0.1196727
S-,30,17.46479,1.40845,0.1187671
S-,30,17.74648,1.40845,0.1181081
S-,30,18.02817,1.40845,0.1179711
S-,30,18.30986,1.40845,0.1185862
S-,30,18.59155,1.40845,0.1201089
S-,30,18.87324,1.40845,0.1225994
S-,30,19.15493,1.40845,0.1260122
S-,30,19.43662,1.40845,0.1301986
S-,30,19.71831,1.40845,0.1349205
S-,30,20.0,1.40845,0.1398744
S-,30,0.0,1.69014,0.1489127
S-,30,0.28169,1.69014,0.1483803
S-,30,0.56338,1.69014,0.1469891
S-,30,0.84507,1.69014,0.1448386
S-,30,1.12676,1.69014,0.1421243
S-,30,1.40845,1.69014,0.1391157
S-,30,1.69014,1.69014,0.1361266
S-,30,1.97183,1.69014,0.1334802
S-,30,2.25352,1.69014,0.1314721
S-,30,2.53521,1.69014,0.1303372
S-,30,2.8169,1.69014,0.1302229
S-,30,3.09859,1.69014,0.1311719
S-,30,3.38028,1.69014,0.1331172
S-,30,3.66197,1.69014,0.1358884
S-,30,3.94366,1.69014,0.1392308
S-,30,4.22535,1.69014,0.1428324
S-,30,4.50704,1.69014,0.1463589
S-,30,4.78873,1.69014,0.1494895
S-,30,5.07042,1.69014,0.1519519
S-,30,5.35211,1.69014,0.1535519
S-,30,5.6338,1.69014,0.154193
S-,30,5.91549,1.69014,0.1538861
S-,30,6.19718,1.69014,0.1527461
S-,30,6.47887,1.69014,0.1509768
S-,30,6.76056,1.69014,0.1488464
S-,30,7.04225,1.69014,0.1466543
S-,30,7.32394,1.69014,0.1446961
S-,30,7.60563,1.69014,0.1432278
S-,30,7.88732,1.69014,0.1424348
S-,30,8.16901,1.69014,0.1424098
S-,30,8.4507,1.69014,0.1431403
S-,30,8.73239,1.69014,0.1445089
S-,30,9.01408,1.69014,0.1463053
S-,30,9.29577,1.69014,0.1482499
S-,30,9.57746,1.69014,0.1500244
S-,30,9.85915,1.69014,0.151308
S-,30,10.14085,1.69014,0.1518141
S-,30,10.42254,1.69014,0.1513236
S-,30,10.70423,1.69014,0.1497106
S-,30,10.98592,1.69014,0.1469584
S-,30,11.26761,1.69014,0.1431637
S-,30,11.5493,1.69014,0.1385279
S-,30,11.83099,1.69014,0.133337
S-,30,12.11268,1.69014,0.1279328
S-,30,12.39437,1.69014,0.1226774
S-,30,12.67606,1.69014,0.1179159
S-,30,12.95775,1.69014,0.1139412
S-,30,13.23944,1.69014,0.1109648
S-,30,13.52113,1.69014,0.1090962
S-,30,13.80282,1.69014,0.1083349
S-,30,14.08451,1.69014,0.1085733
S-,30,14.3662,1.69014,0.1096123
S-,30,14.64789,1.69014,0.1111868
S-,30,14.92958,1.69014,0.1129979
S-,30,15.21127,1.69014,0.1147485
S-,30,15.49296,1.69014,0.1161787
S-,30,15.77465,1.69014,0.1170957
S-,30,16.05634,1.69014,0.1173962
S-,30,16.33803,1.69014,0.1170777
S-,30,16.61972,1.69014,0.1162377
S-,30,16.90141,1.69014,0.115062
S-,30,17.1831,1.69014,0.1138014
S-,30,17.46479,1.69014,0.1127413
S-,30,17.74648,1.69014,0.1121672
S-,30,18.02817,1.69014,0.1123293
S-,30,18.30986,1.69014,0.1134113
S-,30,18.59155,1.69014,0.1155068
S-,30,18.87324,1.69014,0.1186054
S-,30,19.15493,1.69014,0.1225908
S-,30,19.43662,1.69014,0.1272509
S-,30,19.71831,1.69014,0.1322991
S-,30,20.0,1.69014,0.1374037
S-,30,0.0,1.97183,0.1518859
S-,30,0.28169,1.97183,0.1504809
S-,30,0.56338,1.97183,0.1482309
S-,30,0.84507,1.97183,0.1453057
S-,30,1.12676,1.97183,0.1419584
S-,30,1.40845,1.97183,0.1384975
S-,30,1.69014,1.97183,0.1352529
S-,30,1.97183,1.97183,0.1325396
S-,30,2.25352,1.97183,0.1306226
S-,30,2.53521,1.97183,0.1296874
S-,30,2.8169,1.97183,0.1298194
S-,30,3.09859,1.97183,0.1309944
S-,30,3.38028,1.97183,0.1330814
S-,30,3.66197,1.97183,0.135857
S-,30,3.94366,1.97183,0.1390307
S-,30,4.22535,1.97183,0.1422768
S-,30,4.50704,1.97183,0.1452709
S-,30,4.78873,1.97183,0.1477253
S-,30,5.07042,1.97183,0.1494206
S-,30,5.35211,1.97183,0.1502291
S-,30,5.6338,1.97183,0.1501281
S-,30,5.91549,1.97183,0.1492001
S-,30,6.19718,1.97183,0.1476223
S-,30,6.47887,1.97183,0.1456446
S-,30,6.76056,1.97183,0.1435586
S-,30,7.04225,1.97183,0.1416633
S-,30,7.32394,1.97183,0.1402285
S-,30,7.60563,1.97183,0.1394624
S-,30,7.88732,1.97183,0.1394856
S-,30,8.16901,1.97183,0.1403159
S-,30,8.4507,1.97183,0.1418636
S-,30,8.73239,1.97183,0.1439404
S-,30,9.01408,1.97183,0.1462791
S-,30,9.29577,1.97183,0.1485623
S-,30,9.57746,1.97183,0.1504576
S-,30,9.85915,1.97183,0.1516548
S-,30,10.14085,1.97183,0.1519002
S-,30,10.42254,1.97183,0.1510265
S-,30,10.70423,1.97183,0.1489716
S-,30,10.98592,1.97183,0.1457877
S-,30,11.26761,1.97183,0.1416363
S-,30,11.5493,1.97183,0.1367729
S-,30,11.83099,1.97183,0.1315199
S-,30,12.11268,1.97183,0.1262337
S-,30,12.39437,1.97183,0.1212677
S-,30,12.67606,1.97183,0.1169355
S-,30,12.95775,1.97183,0.1134795
S-,30,13.23944,1.97183,0.1110475
S-,30,13.52113,1.97183,0.1096797
S-,30,13.80282,1.97183,0.109308
S-,30,14.08451,1.97183,0.1097676
S-,30,14.3662,1.97183,0.1108188
S-,30,14.64789,1.97183,0.1121774
S-,30,14.92958,1.97183,0.1135495
S-,30,15.21127,1.97183,0.1146671
S-,30,15.49296,1.97183,0.1153199
S-,30,15.77465,1.97183,0.1153802
S-,30,16.05634,1.97183,0.1148184
S-,30,16.33803,1.97183,0.1137059
S-,30,16.61972,1.97183,0.1122067
S-,30,16.90141,1.97183,0.1105578
S-,30,17.1831,1.97183,0.1090411
S-,30,17.46479,1.97183,0.1079492
S-,30,17.74648,1.97183,0.1075505
S-,30,18.02817,1.97183,0.108056
S-,30,18.30986,1.97183,0.1095927
S-,30,18.59155,1.97183,0.1121868
S-,30,18.87324,1.97183,0.1157575
S-,30,19.15493,1.97183,0.1201231
S-,30,19.43662,1.97183,0.1250192
S-,30,19.71831,1.97183,0.1301255
S-,30,20.0,1.97183,0.1350998
S-,30,0.0,2.25352,0.1549131
S-,30,0.28169,2.25352,0.1527992
S-,30,0.56338,2.25352,0.1498909
S-,30,0.84507,2.25352,0.1464184
S-,30,1.12676,2.25352,0.1426786
S-,30,1.40845,2.25352,0.1390022
S-,30,1.69014,2.25352,0.1357176
S-,30,1.97183,2.25352,0.1331151
S-,30,2.25352,2.25352,0.131415
S-,30,2.53521,2.25352,0.1307434
S-,30,2.8169,2.25352,0.1311193
S-,30,3.09859,2.25352,0.1324526
S-,30,3.38028,2.25352,0.1345549
S-,30,3.66197,2.25352,0.1371615
S-,30,3.94366,2.25352,0.1399611
S-,30,4.22535,2.25352,0.1426314
S-,30,4.50704,2.25352,0.1448747
S-,30,4.78873,2.25352,0.1464519
S-,30,5.07042,2.25352,0.1472085
S-,30,5.35211,2.25352,0.1470908
S-,30,5.6338,2.25352,0.1461518
S-,30,5.91549,2.25352,0.1445428
S-,30,6.19718,2.25352,0.1424957
S-,30,6.47887,2.25352,0.1402943
S-,30,6.76056,2.25352,0.1382406
S-,30,7.04225,2.25352,0.1366187
S-,30,7.32394,2.25352,0.13566
S-,30,7.60563,2.25352,0.1355153
S-,30,7.88732,2.25352,0.1362353
S-,30,8.16901,2.25352,0.1377623
S-,30,8.4507,2.25352,0.139935
S-,30,8.73239,2.25352,0.1425042
S-,30,9.01408,2.25352,0.1451594
S-,30,9.29577,2.25352,0.1475625
S-,30,9.57746,2.25352,0.149384
S-,30,9.85915,2.25352,0.15034
S-,30,10.14085,2.25352,0.1502235
S-,30,10.42254,2.25352,0.1489275
S-,30,10.70423,2.25352,0.1464577
S-,30,10.98592,2.25352,0.1429326
S-,30,11.26761,2.25352,0.1385714
S-,30,11.5493,2.25352,0.1336712
S-,30,11.83099,2.25352,0.1285753
S-,30,12.11268,2.25352,0.1236378
S-,30,12.39437,2.25352,0.1191857
S-,30,12.67606,2.25352,0.1154864
S-,30,12.95775,2.25352,0.1127204
S-,30,13.23944,2.25352,0.1109649
S-,30,13.52113,2.25352,0.110189
S-,30,13.80282,2.25352,0.1102611
S-,30,14.08451,2.25352,0.1109673
S-,30,14.3662,2.25352,0.1120395
S-,30,14.64789,2.25352,0.1131883
S-,30,14.92958,2.25352,0.114139
S-,30,15.21127,2.25352,0.1146648
S-,30,15.49296,2.25352,0.1146144
S-,30,15.77465,2.25352,0.1139302
S-,30,16.05634,2.25352,0.1126557
S-,30,16.33803,2.25352,0.1109305
S-,30,16.61972,2.25352,0.1089744
S-,30,16.90141,2.25352,0.1070617
S-,30,17.1831,2.25352,0.1054884
S-,30,17.46479,2.25352,0.1045372
S-,30,17.74648,2.25352,0.1044438
S-,30,18.02817,2.25352,0.1053672
S-,30,18.30986,2.25352,0.1073698
S-,30,18.59155,2.25352,0.1104075
S-,30,18.87324,2.25352,0.1143319
S-,30,19.15493,2.25352,0.1189047
S-,30,19.43662,2.25352,0.123822
S-,30,19.71831,2.25352,0.1287461
S-,30,20.0,2.25352,0.1333417
S-,30,0.0,2.53521,0.1575054
S-,30,0.28169,2.53521,0.1548917
S-,30,0.56338,2.53521,0.1515728
S-,30,0.84507,2.53521,0.1478265
S-,30,1.12676,2.53521,0.1439768
S-,30,1.40845,2.53521,0.1403587
S-,30,1.69014,2.53521,0.1372811
S-,30,1.97183,2.53521,0.1349938
S-,30,2.25352,2.53521,0.1336601
S-,30,2.53521,2.53521,0.1333396
S-,30,2.8169,2.53521,0.1339828
S-,30,3.09859,2.53521,0.1354376
S-,30,3.38028,2.53521,0.1374676
S-,30,3.66197,2.53521,0.1397795
S-,30,3.94366,2.53521,0.1420569
S-,30,4.22535,2.53521,0.1439968
S-,30,4.50704,2.53521,0.1453441
S-,30,4.78873,2.53521,0.1459203
S-,30,5.07042,2.53521,0.1456439
S-,30,5.35211,2.53521,0.1445388
S-,30,5.6338,2.53521,0.1427314
S-,30,5.91549,2.53521,0.1404353
S-,30,6.19718,2.53521,0.1379256
S-,30,6.47887,2.53521,0.135507
S-,30,6.76056,2.53521,0.1334774
S-,30,7.04225,2.53521,0.1320923
S-,30,7.32394,2.53521,0.1315344
S-,30,7.60563,2.53521,0.1318902
S-,30,7.88732,2.53521,0.1331384
S-,30,8.16901,2.53521,0.1351501
S-,30,8.4507,2.53521,0.1377009
S-,30,8.73239,2.53521,0.1404944
S-,30,9.01408,2.53521,0.1431934
S-,30,9.29577,2.53521,0.1454564
S-,30,9.57746,2.53521,0.1469748
S-,30,9.85915,2.53521,0.1475062
S-,30,10.14085,2.53521,0.1469013
S-,30,10.42254,2.53521,0.1451202
S-,30,10.70423,2.53521,0.1422368
S-,30,10.98592,2.53521,0.1384314
S-,30,11.26761,2.53521,0.1339707
S-,30,11.5493,2.53521,0.12918
S-,30,11.83099,2.53521,0.1244075
S-,30,12.11268,2.53521,0.1199881
S-,30,12.39437,2.53521,0.1162081
S-,30,12.67606,2.53521,0.1132761
S-,30,12.95775,2.53521,0.1113027
S-,30,13.23944,2.53521,0.110292
S-,30,13.52113,2.53521,0.1101447
S-,30,13.80282,2.53521,0.1106728
S-,30,14.08451,2.53521,0.1116248
S-,30,14.3662,2.53521,0.1127176
S-,30,14.64789,2.53521,0.113671
S-,30,14.92958,2.53521,0.1142426
S-,30,15.21127,2.53521,0.1142575
S-,30,15.49296,2.53521,0.1136293
S-,30,15.77465,2.53521,0.1123713
S-,30,16.05634,2.53521,0.1105958
S-,30,16.33803,2.53521,0.1085013
S-,30,16.61972,2.53521,0.1063494
S-,30,16.90141,2.53521,0.1044346
S-,30,17.1831,2.53521,0.1030494
S-,30,17.46479,2.53521,0.1024495
S-,30,17.74648,2.53521,0.1028228
S-,30,18.02817,2.53521,0.1042659
S-,30,18.30986,2.53521,0.1067708
S-,30,18.59155,2.53521,0.1102232
S-,30,18.87324,2.53521,0.1144131
S-,30,19.15493,2.53521,0.1190559
S-,30,19.43662,2.53521,0.1238226
S-,30,19.71831,2.53521,0.1283747
S-,30,20.0,2.53521,0.1324007
S-,30,0.0,2.8169,0.1591972
S-,30,0.28169,2.8169,0.1563118
S-,30,0.56338,2.8169,0.1528493
S-,30,0.84507,2.8169,0.1491195
S-,30,1.12676,2.8169,0.145456
S-,30,1.40845,2.8169,0.1421793
S-,30,1.69014,2.8169,0.1395619
S-,30,1.97183,2.8169,0.1377989
S-,30,2.25352,2.8169,0.136987
S-,30,2.53521,2.8169,0.1371151
S-,30,2.8169,2.8169,0.1380664
S-,30,3.09859,2.8169,0.1396335
S-,30,3.38028,2.8169,0.1415427
S-,30,3.66197,2.8169,0.1434861
S-,30,3.94366,2.8169,0.1451578
S-,30,4.22535,2.8169,0.1462888
S-,30,4.50704,2.8169,0.1466787
S-,30,4.78873,2.8169,0.1462187
S-,30,5.07042,2.8169,0.1449043
S-,30,5.35211,2.8169,0.1428358
S-,30,5.6338,2.8169,0.1402069
S-,30,5.91549,2.8169,0.1372826
S-,30,6.19718,2.8169,0.1343681
S-,30,6.47887,2.8169,0.1317739
S-,30,6.76056,2.8169,0.1297792
S-,30,7.04225,2.8169,0.1285988
S-,30,7.32394,2.8169,0.1283576
S-,30,7.60563,2.8169,0.1290744
S-,30,7.88732,2.8169,0.1306578
S-,30,8.16901,2.8169,0.1329147
S-,30,8.4507,2.8169,0.13557
S-,30,8.73239,2.8169,0.1382956
S-,30,9.01408,2.8169,0.1407455
S-,30,9.29577,2.8169,0.1425934
S-,30,9.57746,2.8169,0.1435678
S-,30,9.85915,2.8169,0.1434814
S-,30,10.14085,2.8169,0.1422514
S-,30,10.42254,2.8169,0.1399081
S-,30,10.70423,2.8169,0.1365919
S-,30,10.98592,2.8169,0.1325371
S-,30,11.26761,2.8169,0.1280466
S-,30,11.5493,2.8169,0.123459
S-,30,11.83099,2.8169,0.119112
S-,30,12.11268,2.8169,0.1153068
S-,30,12.39437,2.8169,0.1122761
S-,30,12.67606,2.8169,0.1101614
S-,30,12.95775,2.8169,0.1090003
S-,30,13.23944,2.8169,0.108725
S-,30,13.52113,2.8169,0.1091743
S-,30,13.80282,2.8169,0.110115
S-,30,14.08451,2.8169,0.1112714
S-,30,14.3662,2.8169,0.1123603
S-,30,14.64789,2.8169,0.1131249
S-,30,14.92958,2.8169,0.1133671
S-,30,15.21127,2.8169,0.1129715
S-,30,15.49296,2.8169,0.1119196
S-,30,15.77465,2.8169,0.1102933
S-,30,16.05634,2.8169,0.1082657
S-,30,16.33803,2.8169,0.106081
S-,30,16.61972,2.8169,0.1040266
S-,30,16.90141,2.8169,0.1023993
S-,30,17.1831,2.8169,0.1014696
S-,30,17.46479,2.8169,0.1014498
S-,30,17.74648,2.8169,0.1024675
S-,30,18.02817,2.8169,0.1045484
S-,30,18.30986,2.8169,0.1076116
S-,30,18.59155,2.8169,0.1114756
S-,30,18.87324,2.8169,0.1158767
S-,30,19.15493,2.8169,0.1204968
S-,30,19.43662,2.8169,0.1249966
S-,30,19.71831,2.8169,0.1290527
S-,30,20.0,2.8169,0.1323922
S-,30,0.0,3.09859,0.1596217
S-,30,0.28169,3.09859,0.1566851
S-,30,0.56338,3.09859,0.1533361
S-,30,0.84507,3.09859,0.1498997
S-,30,1.12676,3.09859,0.1467007
S-,30,1.40845,3.09859,0.1440276
S-,30,1.69014,3.09859,0.1421014
S-,30,1.97183,3.09859,0.1410511
S-,30,2.25352,3.09859,0.1409005
S-,30,2.53521,3.09859,0.1415664
S-,30,2.8169,3.09859,0.1428698
S-,30,3.09859,3.09859,0.1445567
S-,30,3.38028,3.09859,0.1463287
S-,30,3.66197,3.09859,0.147878
S-,30,3.94366,3.09859,0.1489229
S-,30,4.22535,3.09859,0.1492414
S-,30,4.50704,3.09859,0.1486971
S-,30,4.78873,3.09859,0.1472555
S-,30,5.07042,3.09859,0.1449887
S-,30,5.35211,3.09859,0.1420678
S-,30,5.6338,3.09859,0.1387438
S-,30,5.91549,3.09859,0.1353193
S-,30,6.19718,3.09859,0.1321141
S-,30,6.47887,3.09859,0.1294286
S-,30,6.76056,3.09859,0.1275092
S-,30,7.04225,3.09859,0.1265195
S-,30,7.32394,3.09859,0.1265203
S-,30,7.60563,3.09859,0.127462
S-,30,7.88732,3.09859,0.1291881
S-,30,8.16901,3.09859,0.1314515
S-,30,8.4507,3.09859,0.1339406
S-,30,8.73239,3.09859,0.1363128
S-,30,9.01408,3.09859,0.1382319
S-,30,9.29577,3.09859,0.1394037
S-,30,9.57746,3.09859,0.1396088
S-,30,9.85915,3.09859,0.1387255
S-,30,10.14085,3.09859,0.1367431
S-,30,10.42254,3.09859,0.1337627
S-,30,10.70423,3.09859,0.1299853
S-,30,10.98592,3.09859,0.1256897
S-,30,11.26761,3.09859,0.1212019
S-,30,11.5493,3.09859,0.1168593
S-,30,11.83099,3.09859,0.1129747
S-,30,12.11268,3.09859,0.1098027
S-,30,12.39437,3.09859,0.1075139
S-,30,12.67606,3.09859,0.1061785
S-,30,12.95775,3.09859,0.1057612
S-,30,13.23944,3.09859,0.1061288
S-,30,13.52113,3.09859,0.1070688
S-,30,13.80282,3.09859,0.1083161
S-,30,14.08451,3.09859,0.1095868
S-,30,14.3662,3.09859,0.1106125
S-,30,14.64789,3.09859,0.1111739
S-,30,14.92958,3.09859,0.111127
S-,30,15.21127,3.09859,0.1104211
S-,30,15.49296,3.09859,0.1091057
S-,30,15.77465,3.09859,0.1073252
S-,30,16.05634,3.09859,0.1053024
S-,30,16.33803,3.09859,0.1033126
S-,30,16.61972,3.09859,0.1016513
S-,30,16.90141,3.09859,0.1005988
S-,30,17.1831,3.09859,0.1003868
S-,30,17.46479,3.09859,0.1011697
S-,30,17.74648,3.09859,0.1030041
S-,30,18.02817,3.09859,0.1058404
S-,30,18.30986,3.09859,0.109525
S-,30,18.59155,3.09859,0.1138153
S-,30,18.87324,3.09859,0.1184044
S-,30,19.15493,3.09859,0.1229537
S-,30,19.43662,3.09859,0.1271289
S-,30,19.71831,3.09859,0.130636
S-,30,20.0,3.09859,0.1332534
S-,30,0.0,3.38028,0.1585715
S-,30,0.28169,3.38028,0.1557739
S-,30,0.56338,3.38028,0.15276
S-,30,0.84507,3.38028,0.1498523
S-,30,1.12676,3.38028,0.1473497
S-,30,1.40845,3.38028,0.1454931
S-,30,1.69014,3.38028,0.1444394
S-,30,1.97183,3.38028,0.1442438
S-,30,2.25352,3.38028,0.1448545
S-,30,2.53521,3.38028,0.1461194
S-,30,2.8169,3.38028,0.1478043
S-,30,3.09859,3.38028,0.1496204
S-,30,3.38028,3.38028,0.1512583
S-,30,3.66197,3.38028,0.1524239
S-,30,3.94366,3.38028,0.1528732
S-,30,4.22535,3.38028,0.1524409
S-,30,4.50704,3.38028,0.1510601
S-,30,4.78873,3.38028,0.1487715
S-,30,5.07042,3.38028,0.145719
S-,30,5.35211,3.38028,0.1421349
S-,30,5.6338,3.38028,0.1383139
S-,30,5.91549,3.38028,0.1345801
S-,30,6.19718,3.38028,0.1312511
S-,30,6.47887,3.38028,0.1286014
S-,30,6.76056,3.38028,0.1268318
S-,30,7.04225,3.38028,0.1260455
S-,30,7.32394,3.38028,0.1262363
S-,30,7.60563,3.38028,0.1272881
S-,30,7.88732,3.38028,0.1289869
S-,30,8.16901,3.38028,0.1310442
S-,30,8.4507,3.38028,0.1331278
S-,30,8.73239,3.38028,0.1348981
S-,30,9.01408,3.38028,0.1360455
S-,30,9.29577,3.38028,0.136324
S-,30,9.57746,3.38028,0.1355778
S-,30,9.85915,3.38028,0.1337583
S-,30,10.14085,3.38028,0.1309287
S-,30,10.42254,3.38028,0.1272569
S-,30,10.70423,3.38028,0.1229969
S-,30,10.98592,3.38028,0.11846
S-,30,11.26761,3.38028,0.1139813
S-,30,11.5493,3.38028,0.1098829
S-,30,11.83099,3.38028,0.1064397
S-,30,12.11268,3.38028,0.1038505
S-,30,12.39437,3.38028,0.1022184
S-,30,12.67606,3.38028,0.1015417
S-,30,12.95775,3.38028,0.1017181
S-,30,13.23944,3.38028,0.1025587
S-,30,13.52113,3.38028,0.1038131
S-,30,13.80282,3.38028,0.1052009
S-,30,14.08451,3.38028,0.1064461
S-,30,14.3662,3.38028,0.1073113
S-,30,14.64789,3.38028,0.1076261
S-,30,14.92958,3.38028,0.1073088
S-,30,15.21127,3.38028,0.1063762
S-,30,15.49296,3.38028,0.1049423
S-,30,15.77465,3.38028,0.1032056
S-,30,16.05634,3.38028,0.1014255
S-,30,16.33803,3.38028,0.0998919
S-,30,16.61972,3.38028,0.0988903
S-,30,16.90141,3.38028,0.0986676
S-,30,17.1831,3.38028,0.099401
S-,30,17.46479,3.38028,0.1011752
S-,30,17.74648,3.38028,0.1039698
S-,30,18.02817,3.38028,0.1076578
S-,30,18.30986,3.38028,0.1120172
S-,30,18.59155,3.38028,0.1167528
S-,30,18.87324,3.38028,0.1215269
S-,30,19.15493,3.38028,0.1259944
S-,30,19.43662,3.38028,0.1298402
S-,30,19.71831,3.38028,0.1328123
S-,30,20.0,3.38028,0.1347496
S-,30,0.0,3.66197,0.1560383
S-,30,0.28169,3.66197,0.1535233
S-,30,0.56338,3.66197,0.1510104
S-,30,0.84507,3.66197,0.1488036
S-,30,1.12676,3.66197,0.1471597
S-,30,1.40845,3.66197,0.1462596
S-,30,1.69014,3.66197,0.1461872
S-,30,1.97183,3.66197,0.1469201
S-,30,2.25352,3.66197,0.1483326
S-,30,2.53521,3.66197,0.1502101
S-,30,2.8169,3.66197,0.1522739
S-,30,3.09859,3.66197,0.1542138
S-,30,3.38028,3.66197,0.1557234
S-,30,3.66197,3.66197,0.1565362
S-,30,3.94366,3.66197,0.1564565
S-,30,4.22535,3.66197,0.1553828
S-,30,4.50704,3.66197,0.1533199
S-,30,4.78873,3.66197,0.15038
S-,30,5.07042,3.66197,0.1467705
S-,30,5.35211,3.66197,0.1427717
S-,30,5.6338,3.66197,0.1387058
S-,30,5.91549,3.66197,0.1349013
S-,30,6.19718,3.66197,0.131656
S-,30,6.47887,3.66197,0.1292039
S-,30,6.76056,3.66197,0.1276884
S-,30,7.04225,3.66197,0.1271467
S-,30,7.32394,3.66197,0.1275046
S-,30,7.60563,3.66197,0.1285845
S-,30,7.88732,3.66197,0.1301253
S-,30,8.16901,3.66197,0.1318104
S-,30,8.4507,3.66197,0.1333035
S-,30,8.73239,3.66197,0.1342847
S-,30,9.01408,3.66197,0.1344869
S-,30,9.29577,3.66197,0.1337242
S-,30,9.57746,3.66197,0.1319129
S-,30,9.85915,3.66197,0.1290805
S-,30,10.14085,3.66197,0.125362
S-,30,10.42254,3.66197,0.1209854
S-,30,10.70423,3.66197,0.1162461
S-,30,10.98592,3.66197,0.1114746
S-,30,11.26761,3.66197,0.1070008
S-,30,11.5493,3.66197,0.1031181
S-,30,11.83099,3.66197,0.100053
S-,30,12.11268,3.66197,0.097942
S-,30,12.39437,3.66197,0.096819
S-,30,12.67606,3.66197,0.096615
S-,30,12.95775,3.66197,0.0971691
S-,30,13.23944,3.66197,0.0982502
S-,30,13.52113,3.66197,0.0995867
S-,30,13.80282,3.66197,0.1009001
S-,30,14.08451,3.66197,0.1019392
S-,30,14.3662,3.66197,0.1025118
S-,30,14.64789,3.66197,0.1025073
S-,30,14.92958,3.66197,0.1019115
S-,30,15.21127,3.66197,0.1008083
S-,30,15.49296,3.66197,0.0993706
S-,30,15.77465,3.66197,0.0978399
S-,30,16.05634,3.66197,0.0964977
S-,30,16.33803,3.66197,0.0956318
S-,30,16.61972,3.66197,0.0955009
S-,30,16.90141,3.66197,0.0963027
S-,30,17.1831,3.66197,0.0981477
S-,30,17.46479,3.66197,0.1010433
S-,30,17.74648,3.66197,0.1048886
S-,30,18.02817,3.66197,0.1094823
S-,30,18.30986,3.66197,0.1145414
S-,30,18.59155,3.66197,0.1197293
S-,30,18.87324,3.66197,0.1246908
S-,30,19.15493,3.66197,0.1290889
S-,30,19.43662,3.66197,0.1326404
S-,30,19.71831,3.66197,0.1351457
S-,30,20.0,3.66197,0.1365101
S-,30,0.0,3.94366,0.1522218
S-,30,0.28169,3.94366,0.1500782
S-,30,0.56338,3.94366,0.1481662
S-,30,0.84507,3.94366,0.1467558
S-,30,1.12676,3.94366,0.1460492
S-,30,1.40845,3.94366,0.1461575
S-,30,1.69014,3.94366,0.1470874
S-,30,1.97183,3.94366,0.1487397
S-,30,2.25352,3.94366,0.1509204
S-,30,2.53521,3.94366,0.1533625
S-,30,2.8169,3.94366,0.1557563
S-,30,3.09859,3.94366,0.1577845
S-,30,3.38028,3.94366,0.1591584
S-,30,3.66197,3.94366,0.1596516
S-,30,3.94366,3.94366,0.1591252
S-,30,4.22535,3.94366,0.1575455
S-,30,4.50704,3.94366,0.1549874
S-,30,4.78873,3.94366,0.1516278
S-,30,5.07042,3.94366,0.1477256
S-,30,5.35211,3.94366,0.1435937
S-,30,5.6338,3.94366,0.1395645
S-,30,5.91549,3.94366,0.1359522
S-,30,6.19718,3.94366,0.1330188
S-,30,6.47887,3.94366,0.1309442
S-,30,6.76056,3.94366,0.1298063
S-,30,7.04225,3.94366,0.1295724
S-,30,7.32394,3.94366,0.1301025
S-,30,7.60563,3.94366,0.1311656
S-,30,7.88732,3.94366,0.1324647
S-,30,8.16901,3.94366,0.1336703
S-,30,8.4507,3.94366,0.1344573
S-,30,8.73239,3.94366,0.1345411
S-,30,9.01408,3.94366,0.1337092
S-,30,9.29577,3.94366,0.1318451
S-,30,9.57746,3.94366,0.1289412
S-,30,9.85915,3.94366,0.1250995
S-,30,10.14085,3.94366,0.1205208
S-,30,10.42254,3.94366,0.1154823
S-,30,10.70423,3.94366,0.1103078
S-,30,10.98592,3.94366,0.1053319
S-,30,11.26761,3.94366,0.1008651
S-,30,11.5493,3.94366,0.0971603
S-,30,11.83099,3.94366,0.0943873
S-,30,12.11268,3.94366,0.0926169
S-,30,12.39437,3.94366,0.0918164
S-,30,12.67606,3.94366,0.0918568
S-,30,12.95775,3.94366,0.0925312
S-,30,13.23944,3.94366,0.0935822
S-,30,13.52113,3.94366,0.0947344
S-,30,13.80282,3.94366,0.0957293
S-,30,14.08451,3.94366,0.096357
S-,30,14.3662,3.94366,0.0964828
S-,30,14.64789,3.94366,0.0960641
S-,30,14.92958,3.94366,0.0951566
S-,30,15.21127,3.94366,0.0939084
S-,30,15.49296,3.94366,0.0925428
S-,30,15.77465,3.94366,0.091332
S-,30,16.05634,3.94366,0.0905644
S-,30,16.33803,3.94366,0.0905096
S-,30,16.61972,3.94366,0.0913844
S-,30,16.90141,3.94366,0.0933246
S-,30,17.1831,3.94366,0.0963654
S-,30,17.46479,3.94366,0.1004329
S-,30,17.74648,3.94366,0.105348
S-,30,18.02817,3.94366,0.1108412
S-,30,18.30986,3.94366,0.1165791
S-,30,18.59155,3.94366,0.1221974
S-,30,18.87324,3.94366,0.127338
S-,30,19.15493,3.94366,0.1316855
S-,30,19.43662,3.94366,0.1350003
S-,30,19.71831,3.94366,0.1371425
S-,30,20.0,3.94366,0.1380861
S-,30,0.0,4.22535,0.1475087
S-,30,0.28169,4.22535,0.1457717
S-,30,0.56338,4.22535,0.1444926
S-,30,0.84507,4.22535,0.1438944
S-,30,1.12676,4.22535,0.1441153
S-,30,1.40845,4.22535,0.1451915
S-,30,1.69014,4.22535,0.147052
S-,30,1.97183,4.22535,0.1495261
S-,30,2.25352,4.22535,0.1523614
S-,30,2.53521,4.22535,0.1552517
S-,30,2.8169,4.22535,0.1578715
S-,30,3.09859,4.22535,0.1599122
S-,30,3.38028,4.22535,0.1611169
S-,30,3.66197,4.22535,0.1613097
S-,30,3.94366,4.22535,0.1604151
S-,30,4.22535,4.22535,0.1584679
S-,30,4.50704,4.22535,0.1556084
S-,30,4.78873,4.22535,0.1520682
S-,30,5.07042,4.22535,0.1481437
S-,30,5.35211,4.22535,0.1441633
S-,30,5.6338,4.22535,0.1404511
S-,30,5.91549,4.22535,0.1372904
S-,30,6.19718,4.22535,0.1348924
S-,30,6.47887,4.22535,0.1333721
S-,30,6.76056,4.22535,0.1327363
S-,30,7.04225,4.22535,0.1328824
S-,30,7.32394,4.22535,0.1336102
S-,30,7.60563,4.22535,0.1346443
S-,30,7.88732,4.22535,0.1356653
S-,30,8.16901,4.22535,0.1363456
S-,30,8.4507,4.22535,0.1363861
S-,30,8.73239,4.22535,0.1355497
S-,30,9.01408,4.22535,0.1336882
S-,30,9.29577,4.22535,0.1307589
S-,30,9.57746,4.22535,0.1268296
S-,30,9.85915,4.22535,0.1220715
S-,30,10.14085,4.22535,0.1167406
S-,30,10.42254,4.22535,0.11115
S-,30,10.70423,4.22535,0.1056361
S-,30,10.98592,4.22535,0.1005226
S-,30,11.26761,4.22535,0.0960866
S-,30,11.5493,4.22535,0.0925303
S-,30,11.83099,4.22535,0.0899615
S-,30,12.11268,4.22535,0.0883853
S-,30,12.39437,4.22535,0.0877077
S-,30,12.67606,4.22535,0.0877502
S-,30,12.95775,4.22535,0.0882751
S-,30,13.23944,4.22535,0.0890158
S-,30,13.52113,4.22535,0.0897117
S-,30,13.80282,4.22535,0.0901411
S-,30,14.08451,4.22535,0.0901497
S-,30,14.3662,4.22535,0.0896709
S-,30,14.64789,4.22535,0.0887348
S-,30,14.92958,4.22535,0.0874668
S-,30,15.21127,4.22535,0.0860729
S-,30,15.49296,4.22535,0.0848167
S-,30,15.77465,4.22535,0.0839875
S-,30,16.05634,4.22535,0.0838658
S-,30,16.33803,4.22535,0.0846882
S-,30,16.61972,4.22535,0.0866168
S-,30,16.90141,4.22535,0.0897166
S-,30,17.1831,4.22535,0.0939434
S-,30,17.46479,4.22535,0.099143
S-,30,17.74648,4.22535,0.1050634
S-,30,18.02817,4.22535,0.1113777
S-,30,18.30986,4.22535,0.1177158
S-,30,18.59155,4.22535,0.1237007
S-,30,18.87324,4.22535,0.1289862
S-,30,19.15493,4.22535,0.133292
S-,30,19.43662,4.22535,0.136431
S-,30,19.71831,4.22535,0.1383277
S-,30,20.0,4.22535,0.139024
S-,30,0.0,4.50704,0.1424229
S-,30,0.28169,4.50704,0.1410826
S-,30,0.56338,4.50704,0.1404081
S-,30,0.84507,4.50704,0.1405653
S-,30,1.12676,4.50704,0.1416221
S-,30,1.40845,4.50704,0.1435388
S-,30,1.69014,4.50704,0.1461714
S-,30,1.97183,4.50704,0.1492866
S-,30,2.25352,4.50704,0.1525868
S-,30,2.53521,4.50704,0.1557427
S-,30,2.8169,4.50704,0.1584295
S-,30,3.09859,4.50704,0.1603631
S-,30,3.38028,4.50704,0.1613314
S-,30,3.66197,4.50704,0.1612176
S-,30,3.94366,4.50704,0.1600135
S-,30,4.22535,4.50704,0.1578201
S-,30,4.50704,4.50704,0.1548359
S-,30,4.78873,4.50704,0.1513346
S-,30,5.07042,4.50704,0.1476343
S-,30,5.35211,4.50704,0.144062
S-,30,5.6338,4.50704,0.140916
S-,30,5.91549,4.50704,0.138433
S-,30,6.19718,4.50704,0.1367616
S-,30,6.47887,4.50704,0.1359448
S-,30,6.76056,4.50704,0.135916
S-,30,7.04225,4.50704,0.1365061
S-,30,7.32394,4.50704,0.1374627
S-,30,7.60563,4.50704,0.1384781
S-,30,7.88732,4.50704,0.1392243
S-,30,8.16901,4.50704,0.1393896
S-,30,8.4507,4.50704,0.1387137
S-,30,8.73239,4.50704,0.1370169
S-,30,9.01408,4.50704,0.1342205
S-,30,9.29577,4.50704,0.130356
S-,30,9.57746,4.50704,0.1255616
S-,30,9.85915,4.50704,0.1200678
S-,30,10.14085,4.50704,0.114172
S-,30,10.42254,4.50704,0.1082072
S-,30,10.70423,4.50704,0.1025057
S-,30,10.98592,4.50704,0.0973648
S-,30,11.26761,4.50704,0.0930158
S-,30,11.5493,4.50704,0.089602
S-,30,11.83099,4.50704,0.0871664
S-,30,12.11268,4.50704,0.0856512
S-,30,12.39437,4.50704,0.0849096
S-,30,12.67606,4.50704,0.084727
S-,30,12.95775,4.50704,0.0848504
S-,30,13.23944,4.50704,0.0850222
S-,30,13.52113,4.50704,0.0850138
S-,30,13.80282,4.50704,0.0846561
S-,30,14.08451,4.50704,0.083862
S-,30,14.3662,4.50704,0.0826396
S-,30,14.64789,4.50704,0.0810936
S-,30,14.92958,4.50704,0.079415
S-,30,15.21127,4.50704,0.0778597
S-,30,15.49296,4.50704,0.0767191
S-,30,15.77465,4.50704,0.0762858
S-,30,16.05634,4.50704,0.0768181
S-,30,16.33803,4.50704,0.0785069
S-,30,16.61972,4.50704,0.0814505
S-,30,16.90141,4.50704,0.0856383
S-,30,17.1831,4.50704,0.0909462
S-,30,17.46479,4.50704,0.0971454
S-,30,17.74648,4.50704,0.1039212
S-,30,18.02817,4.50704,0.1109032
S-,30,18.30986,4.50704,0.1177001
S-,30,18.59155,4.50704,0.1239386
S-,30,18.87324,4.50704,0.1292995
S-,30,19.15493,4.50704,0.1335487
S-,30,19.43662,4.50704,0.1365591
S-,30,19.71831,4.50704,0.1383212
S-,30,20.0,4.50704,0.1389405
S-,30,0.0,4.78873,0.1375546
S-,30,0.28169,4.78873,0.136571
S-,30,0.56338,4.78873,0.1364274
S-,30,0.84507,4.78873,0.1372254
S-,30,1.12676,4.78873,0.1389601
S-,30,1.40845,4.78873,0.1415194
S-,30,1.69014,4.78873,0.1446944
S-,30,1.97183,4.78873,0.1482021
S-,30,2.25352,4.78873,0.1517157
S-,30,2.53521,4.78873,0.1549
S-,30,2.8169,4.78873,0.1574485
S-,30,3.09859,4.78873,0.1591163
S-,30,3.38028,4.78873,0.1597473
S-,30,3.66197,4.78873,0.1592907
S-,30,3.94366,4.78873,0.1578061
S-,30,4.22535,4.78873,0.1554559
S-,30,4.50704,4.78873,0.1524869
S-,30,4.78873,4.78873,0.1492015
S-,30,5.07042,4.78873,0.1459233
S-,30,5.35211,4.78873,0.1429607
S-,30,5.6338,4.78873,0.140571
S-,30,5.91549,4.78873,0.1389319
S-,30,6.19718,4.78873,0.1381205
S-,30,6.47887,4.78873,0.1381049
S-,30,6.76056,4.78873,0.138747
S-,30,7.04225,4.78873,0.1398179
S-,30,7.32394,4.78873,0.1410239
S-,30,7.60563,4.78873,0.1420382
S-,30,7.88732,4.78873,0.1425385
S-,30,8.16901,4.78873,0.1422421
S-,30,8.4507,4.78873,0.1409381
S-,30,8.73239,4.78873,0.1385105
S-,30,9.01408,4.78873,0.1349518
S-,30,9.29577,4.78873,0.1303632
S-,30,9.57746,4.78873,0.1249444
S-,30,9.85915,4.78873,0.1189714
S-,30,10.14085,4.78873,0.1127672
S-,30,10.42254,4.78873,0.1066663
S-,30,10.70423,4.78873,0.1009802
S-,30,10.98592,4.78873,0.0959647
S-,30,11.26761,4.78873,0.0917949
S-,30,11.5493,4.78873,0.0885493
S-,30,11.83099,4.78873,0.0862061
S-,30,12.11268,4.78873,0.0846505
S-,30,12.39437,4.78873,0.0836931
S-,30,12.67606,4.78873,0.0830977
S-,30,12.95775,4.78873,0.082613
S-,30,13.23944,4.78873,0.0820072
S-,30,13.52113,4.78873,0.0810997
S-,30,13.80282,4.78873,0.079786
S-,30,14.08451,4.78873,0.0780548
S-,30,14.3662,4.78873,0.0759921
S-,30,14.64789,4.78873,0.0737749
S-,30,14.92958,4.78873,0.0716526
S-,30,15.21127,4.78873,0.06992
S-,30,15.49296,4.78873,0.0688833
S-,30,15.77465,4.78873,0.0688243
S-,30,16.05634,4.78873,0.0699662
S-,30,16.33803,4.78873,0.0724444
S-,30,16.61972,4.78873,0.0762873
S-,30,16.90141,4.78873,0.0814076
S-,30,17.1831,4.78873,0.0876066
S-,30,17.46479,4.78873,0.0945899
S-,30,17.74648,4.78873,0.1019943
S-,30,18.02817,4.78873,0.1094217
S-,30,18.30986,4.78873,0.1164775
S-,30,18.59155,4.78873,0.1228086
S-,30,18.87324,4.78873,0.1281365
S-,30,19.15493,4.78873,0.1322834
S-,30,19.43662,4.78873,0.1351865
S-,30,19.71831,4.78873,0.136901
S-,30,20.0,4.78873,0.1375894
S-,30,0.0,5.07042,0.1334792
S-,30,0.28169,5.07042,0.1327998
S-,30,0.56338,5.07042,0.1330869
S-,30,0.84507,5.07042,0.1343739
S-,30,1.12676,5.07042,0.1365849
S-,30,1.40845,5.07042,0.1395416
S-,30,1.69014,5.07042,0.1429824
S-,30,1.97183,5.07042,0.1465899
S-,30,2.25352,5.07042,0.1500257
S-,30,2.53521,5.07042,0.1529671
S-,30,2.8169,5.07042,0.1551422
S-,30,3.09859,5.07042,0.1563591
S-,30,3.38028,5.07042,0.1565266
S-,30,3.66197,5.07042,0.1556636
S-,30,3.94366,5.07042,0.1538952
S-,30,4.22535,5.07042,0.1514384
S-,30,4.50704,5.07042,0.1485765
S-,30,4.78873,5.07042,0.1456259
S-,30,5.07042,5.07042,0.1429004
S-,30,5.35211,5.07042,0.1406743
S-,30,5.6338,5.07042,0.1391516
S-,30,5.91549,5.07042,0.1384415
S-,30,6.19718,5.07042,0.138546
S-,30,6.47887,5.07042,0.1393587
S-,30,6.76056,5.07042,0.1406762
S-,30,7.04225,5.07042,0.1422204
S-,30,7.32394,5.07042,0.143669
S-,30,7.60563,5.07042,0.1446909
S-,30,7.88732,5.07042,0.1449832
S-,30,8.16901,5.07042,0.1443042
S-,30,8.4507,5.07042,0.1425
S-,30,8.73239,5.07042,0.1395216
S-,30,9.01408,5.07042,0.1354295
S-,30,9.29577,5.07042,0.1303874
S-,30,9.57746,5.07042,0.1246434
S-,30,9.85915,5.07042,0.1185031
S-,30,10.14085,5.07042,0.112296
S-,30,10.42254,5.07042,0.1063407
S-,30,10.70423,5.07042,0.1009107
S-,30,10.98592,5.07042,0.0962074
S-,30,11.26761,5.07042,0.0923409
S-,30,11.5493,5.07042,0.0893223
S-,30,11.83099,5.07042,0.0870673
S-,30,12.11268,5.07042,0.0854122
S-,30,12.39437,5.07042,0.0841376
S-,30,12.67606,5.07042,0.0830005
S-,30,12.95775,5.07042,0.0817674
S-,30,13.23944,5.07042,0.0802479
S-,30,13.52113,5.07042,0.0783218
S-,30,13.80282,5.07042,0.075959
S-,30,14.08451,5.07042,0.0732274
S-,30,14.3662,5.07042,0.07029
S-,30,14.64789,5.07042,0.06739
S-,30,14.92958,5.07042,0.0648253
S-,30,15.21127,5.07042,0.0629164
S-,30,15.49296,5.07042,0.0619702
S-,30,15.77465,5.07042,0.0622442
S-,30,16.05634,5.07042,0.0639154
S-,30,16.33803,5.07042,0.0670566
S-,30,16.61972,5.07042,0.0716242
S-,30,16.90141,5.07042,0.0774576
S-,30,17.1831,5.07042,0.0842916
S-,30,17.46479,5.07042,0.0917798
S-,30,17.74648,5.07042,0.0995266
S-,30,18.02817,5.07042,0.1071248
S-,30,18.30986,5.07042,0.1141943
S-,30,18.59155,5.07042,0.1204181
S-,30,18.87324,5.07042,0.1255709
S-,30,19.15493,5.07042,0.1295386
S-,30,19.43662,5.07042,0.1323245
S-,30,19.71831,5.07042,0.1340445
S-,30,20.0,5.07042,0.134909
S-,30,0.0,5.35211,0.1306764
S-,30,0.28169,5.35211,0.1302535
S-,30,0.56338,5.35211,0.1308651
S-,30,0.84507,5.35211,0.1324757
S-,30,1.12676,5.35211,0.1349428
S-,30,1.40845,5.35211,0.1380325
S-,30,1.69014,5.35211,0.1414443
S-,30,1.97183,5.35211,0.1448438
S-,30,2.25352,5.35211,0.1478996
S-,30,2.53521,5.35211,0.1503187
S-,30,2.8169,5.35211,0.151879
S-,30,3.09859,5.35211,0.1524528
S-,30,3.38028,5.35211,0.15202
S-,30,3.66197,5.35211,0.1506694
S-,30,3.94366,5.35211,0.1485872
S-,30,4.22535,5.35211,0.1460354
S-,30,4.50704,5.35211,0.1433208
S-,30,4.78873,5.35211,0.1407599
S-,30,5.07042,5.35211,0.1386415
S-,30,5.35211,5.35211,0.1371938
S-,30,5.6338,5.35211,0.1365576
S-,30,5.91549,5.35211,0.1367692
S-,30,6.19718,5.35211,0.1377557
S-,30,6.47887,5.35211,0.1393417
S-,30,6.76056,5.35211,0.1412685
S-,30,7.04225,5.35211,0.1432218
S-,30,7.32394,5.35211,0.144866
S-,30,7.60563,5.35211,0.1458807
S-,30,7.88732,5.35211,0.1459958
S-,30,8.16901,5.35211,0.1450201
S-,30,8.4507,5.35211,0.142862
S-,30,8.73239,5.35211,0.1395388
S-,30,9.01408,5.35211,0.1351735
S-,30,9.29577,5.35211,0.1299804
S-,30,9.57746,5.35211,0.1242409
S-,30,9.85915,5.35211,0.1182719
S-,30,10.14085,5.35211,0.112391
S-,30,10.42254,5.35211,0.1068823
S-,30,10.70423,5.35211,0.1019665
S-,30,10.98592,5.35211,0.0977796
S-,30,11.26761,5.35211,0.094361
S-,30,11.5493,5.35211,0.0916542
S-,30,11.83099,5.35211,0.0895182
S-,30,12.11268,5.35211,0.0877501
S-,30,12.39437,5.35211,0.0861138
S-,30,12.67606,5.35211,0.0843744
S-,30,12.95775,5.35211,0.0823312
S-,30,13.23944,5.35211,0.0798478
S-,30,13.52113,5.35211,0.0768742
S-,30,13.80282,5.35211,0.0734587
S-,30,14.08451,5.35211,0.0697488
S-,30,14.3662,5.35211,0.065979
S-,30,14.64789,5.35211,0.0624486
S-,30,14.92958,5.35211,0.0594911
S-,30,15.21127,5.35211,0.0574383
S-,30,15.49296,5.35211,0.0565831
S-,30,15.77465,5.35211,0.0571465
S-,30,16.05634,5.35211,0.0592503
S-,30,16.33803,5.35211,0.0629007
S-,30,16.61972,5.35211,0.0679833
S-,30,16.90141,5.35211,0.0742712
S-,30,17.1831,5.35211,0.0814448
S-,30,17.46479,5.35211,0.0891214
S-,30,17.74648,5.35211,0.0968913
S-,30,18.02817,5.35211,0.104357
S-,30,18.30986,5.35211,0.1111707
S-,30,18.59155,5.35211,0.1170658
S-,30,18.87324,5.35211,0.1218804
S-,30,19.15493,5.35211,0.1255684
S-,30,19.43662,5.35211,0.1281984
S-,30,19.71831,5.35211,0.1299405
S-,30,20.0,5.35211,0.1310416
S-,30,0.0,5.6338,0.1294642
S-,30,0.28169,5.6338,0.1292684
S-,30,0.56338,5.6338,0.13011
S-,30,0.84507,5.6338,0.1318865
S-,30,1.12676,5.6338,0.1343969
S-,30,1.40845,5.6338,0.1373637
S-,30,1.69014,5.6338,0.1404638
S-,30,1.97183,5.6338,0.1433636
S-,30,2.25352,5.6338,0.1457562
S-,30,2.53521,5.6338,0.1473946
S-,30,2.8169,5.6338,0.148119
S-,30,3.09859,5.6338,0.1478737
S-,30,3.38028,5.6338,0.1467125
S-,30,3.66197,5.6338,0.1447913
S-,30,3.94366,5.6338,0.14235
S-,30,4.22535,5.6338,0.1396843
S-,30,4.50704,5.6338,0.1371114
S-,30,4.78873,5.6338,0.1349332
S-,30,5.07042,5.6338,0.1334016
S-,30,5.35211,5.6338,0.1326888
S-,30,5.6338,5.6338,0.1328671
S-,30,5.91549,5.6338,0.1338996
S-,30,6.19718,5.6338,0.1356432
S-,30,6.47887,5.6338,0.1378633
S-,30,6.76056,5.6338,0.1402594
S-,30,7.04225,5.6338,0.1424965
S-,30,7.32394,5.6338,0.1442424
S-,30,7.60563,5.6338,0.1452021
S-,30,7.88732,5.6338,0.1451503
S-,30,8.16901,5.6338,0.1439541
S-,30,8.4507,5.6338,0.1415863
S-,30,8.73239,5.6338,0.1381268
S-,30,9.01408,5.6338,0.1337519
S-,30,9.29577,5.6338,0.128713
S-,30,9.57746,5.6338,0.1233073
S-,30,9.85915,5.6338,0.1178444
S-,30,10.14085,5.6338,0.1126114
S-,30,10.42254,5.6338,0.1078415
S-,30,10.70423,5.6338,0.1036901
S-,30,10.98592,5.6338,0.1002196
S-,30,11.26761,5.6338,0.0973965
S-,30,11.5493,5.6338,0.0950996
S-,30,11.83099,5.6338,0.0931392
S-,30,12.11268,5.6338,0.0912847
S-,30,12.39437,5.6338,0.0892971
S-,30,12.67606,5.6338,0.0869639
S-,30,12.95775,5.6338,0.0841296
S-,30,13.23944,5.6338,0.0807216
S-,30,13.52113,5.6338,0.0767652
S-,30,13.80282,5.6338,0.072388
S-,30,14.08451,5.6338,0.0678118
S-,30,14.3662,5.6338,0.0633331
S-,30,14.64789,5.6338,0.0592947
S-,30,14.92958,5.6338,0.0560503
S-,30,15.21127,5.6338,0.0539269
S-,30,15.49296,5.6338,0.05319
S-,30,15.77465,5.6338,0.0540125
S-,30,16.05634,5.6338,0.0564549
S-,30,16.33803,5.6338,0.0604554
S-,30,16.61972,5.6338,0.0658337
S-,30,16.90141,5.6338,0.0723067
S-,30,17.1831,5.6338,0.0795148
S-,30,17.46479,5.6338,0.0870567
S-,30,17.74648,5.6338,0.0945276
S-,30,18.02817,5.6338,0.1015581
S-,30,18.30986,5.6338,0.1078484
S-,30,18.59155,5.6338,0.1131948
S-,30,18.87324,5.6338,0.1175055
S-,30,19.15493,5.6338,0.1208042
S-,30,19.43662,5.6338,0.1232205
S-,30,19.71831,5.6338,0.1249697
S-,30,20.0,5.6338,0.1263233
S-,30,0.0,5.91549,0.129954
S-,30,0.28169,5.91549,0.1299824
S-,30,0.56338,5.91549,0.130984
S-,30,0.84507,5.91549,0.1327942
S-,30,1.12676,5.91549,0.1351636
S-,30,1.40845,5.91549,0.1377854
S-,30,1.69014,5.91549,0.1403302
S-,30,1.97183,5.91549,0.1424829
S-,30,2.25352,5.91549,0.143977
S-,30,2.53521,5.91549,0.144625
S-,30,2.8169,5.91549,0.1443386
S-,30,3.09859,5.91549,0.1431384
S-,30,3.38028,5.91549,0.1411507
S-,30,3.66197,5.91549,0.1385927
S-,30,3.94366,5.91549,0.1357478
S-,30,4.22535,5.91549,0.1329327
S-,30,4.50704,5.91549,0.1304612
S-,30,4.78873,5.91549,0.1286084
S-,30,5.07042,5.91549,0.1275786
S-,30,5.35211,5.91549,0.127482
S-,30,5.6338,5.91549,0.1283212
S-,30,5.91549,5.91549,0.12999
S-,30,6.19718,5.91549,0.1322844
S-,30,6.47887,5.91549,0.1349239
S-,30,6.76056,5.91549,0.1375821
S-,30,7.04225,5.91549,0.1399213
S-,30,7.32394,5.91549,0.1416289
S-,30,7.60563,5.91549,0.1424501
S-,30,7.88732,5.91549,0.1422143
S-,30,8.16901,5.91549,0.1408521
S-,30,8.4507,5.91549,0.1384
S-,30,8.73239,5.91549,0.1349941
S-,30,9.01408,5.91549,0.1308523
S-,30,9.29577,5.91549,0.1262473
S-,30,9.57746,5.91549,0.1214748
S-,30,9.85915,5.91549,0.1168184
S-,30,10.14085,5.91549,0.1125178
S-,30,10.42254,5.91549,0.1087417
S-,30,10.70423,5.91549,0.1055702
S-,30,10.98592,5.91549,0.1029884
S-,30,11.26761,5.91549,0.1008908
S-,30,11.5493,5.91549,0.0990977
S-,30,11.83099,5.91549,0.0973808
S-,30,12.11268,5.91549,0.0954946
S-,30,12.39437,5.91549,0.0932111
S-,30,12.67606,5.91549,0.0903525
S-,30,12.95775,5.91549,0.086819
S-,30,13.23944,5.91549,0.0826076
S-,30,13.52113,5.91549,0.0778204
S-,30,13.80282,5.91549,0.0726599
S-,30,14.08451,5.91549,0.0674134
S-,30,14.3662,5.91549,0.0624264
S-,30,14.64789,5.91549,0.0580691
S-,30,14.92958,5.91549,0.0546987
S-,30,15.21127,5.91549,0.0526222
S-,30,15.49296,5.91549,0.0520634
S-,30,15.77465,5.91549,0.0531388
S-,30,16.05634,5.91549,0.0558434
S-,30,16.33803,5.91549,0.0600495
S-,30,16.61972,5.91549,0.0655184
S-,30,16.90141,5.91549,0.0719232
S-,30,17.1831,5.91549,0.0788808
S-,30,17.46479,5.91549,0.0859892
S-,30,17.74648,5.91549,0.0928673
S-,30,18.02817,5.91549,0.0991903
S-,30,18.30986,5.91549,0.1047201
S-,30,18.59155,5.91549,0.1093245
S-,30,18.87324,5.91549,0.1129855
S-,30,19.15493,5.91549,0.1157945
S-,30,19.43662,5.91549,0.1179352
S-,30,19.71831,5.91549,0.1196573
S-,30,20.0,5.91549,0.1212428
S-,30,0.0,6.19718,0.1320376
S-,30,0.28169,6.19718,0.1323138
S-,30,0.56338,6.19718,0.1334352
S-,30,0.84507,6.19718,0.1351828
S-,30,1.12676,6.19718,0.1372703
S-,30,1.40845,6.19718,0.1393769
S-,30,1.69014,6.19718,0.1411834
S-,30,1.97183,6.19718,0.1424084
S-,30,2.25352,6.19718,0.14284
S-,30,2.53521,6.19718,0.1423598
S-,30,2.8169,6.19718,0.1409563
S-,30,3.09859,6.19718,0.1387261
S-,30,3.38028,6.19718,0.1358632
S-,30,3.66197,6.19718,0.1326369
S-,30,3.94366,6.19718,0.1293616
S-,30,4.22535,6.19718,0.1263614
S-,30,4.50704,6.19718,0.1239334
S-,30,4.78873,6.19718,0.1223146
S-,30,5.07042,6.19718,0.1216545
S-,30,5.35211,6.19718,0.1219985
S-,30,5.6338,6.19718,0.1232823
S-,30,5.91549,6.19718,0.1253386
S-,30,6.19718,6.19718,0.127915
S-,30,6.47887,6.19718,0.1307016
S-,30,6.76056,6.19718,0.1333642
S-,30,7.04225,6.19718,0.1355805
S-,30,7.32394,6.19718,0.1370739
S-,30,7.60563,6.19718,0.1376424
S-,30,7.88732,6.19718,0.1371785
S-,30,8.16901,6.19718,0.1356782
S-,30,8.4507,6.19718,0.1332383
S-,30,8.73239,6.19718,0.1300421
S-,30,9.01408,6.19718,0.1263356
S-,30,9.29577,6.19718,0.1223969
S-,30,9.57746,6.19718,0.1185021
S-,30,9.85915,6.19718,0.1148923
S-,30,10.14085,6.19718,0.1117454
S-,30,10.42254,6.19718,0.109155
S-,30,10.70423,6.19718,0.1071207
S-,30,10.98592,6.19718,0.1055496
S-,30,11.26761,6.19718,0.1042692
S-,30,11.5493,6.19718,0.1030508
S-,30,11.83099,6.19718,0.1016393
S-,30,12.11268,6.19718,0.0997882
S-,30,12.39437,6.19718,0.097293
S-,30,12.67606,6.19718,0.0940221
S-,30,12.95775,6.19718,0.0899381
S-,30,13.23944,6.19718,0.0851104
S-,30,13.52113,6.19718,0.0797144
S-,30,13.80282,6.19718,0.0740198
S-,30,14.08451,6.19718,0.0683666
S-,30,14.3662,6.19718,0.0631335
S-,30,14.64789,6.19718,0.0587006
S-,30,14.92958,6.19718,0.0554112
S-,30,15.21127,6.19718,0.0535365
S-,30,15.49296,6.19718,0.0532477
S-,30,15.77465,6.19718,0.0545976
S-,30,16.05634,6.19718,0.0575149
S-,30,16.33803,6.19718,0.0618107
S-,30,16.61972,6.19718,0.0671979
S-,30,16.90141,6.19718,0.07332
S-,30,17.1831,6.19718,0.0797871
S-,30,17.46479,6.19718,0.086215
S-,30,17.74648,6.19718,0.0922624
S-,30,18.02817,6.19718,0.0976638
S-,30,18.30986,6.19718,0.1022524
S-,30,18.59155,6.19718,0.1059729
S-,30,18.87324,6.19718,0.1088805
S-,30,19.15493,6.19718,0.1111286
S-,30,19.43662,6.19718,0.1129454
S-,30,19.71831,6.19718,0.1146023
S-,30,20.0,6.19718,0.116378
S-,30,0.0,6.47887,0.1354036
S-,30,0.28169,6.47887,0.1359709
S-,30,0.56338,6.47887,0.1371999
S-,30,0.84507,6.47887,0.1388269
S-,30,1.12676,6.47887,0.140542
S-,30,1.40845,6.47887,0.1420253
S-,30,1.69014,6.47887,0.1429829
S-,30,1.97183,6.47887,0.1431807
S-,30,2.25352,6.47887,0.1424716
S-,30,2.53521,6.47887,0.1408121
S-,30,2.8169,6.47887,0.1382683
S-,30,3.09859,6.47887,0.1350086
S-,30,3.38028,6.47887,0.1312857
S-,30,3.66197,6.47887,0.1274087
S-,30,3.94366,6.47887,0.123709
S-,30,4.22535,6.47887,0.1205037
S-,30,4.50704,6.47887,0.118061
S-,30,4.78873,6.47887,0.1165704
S-,30,5.07042,6.47887,0.1161222
S-,30,5.35211,6.47887,0.1166978
S-,30,5.6338,6.47887,0.1181726
S-,30,5.91549,6.47887,0.1203294
S-,30,6.19718,6.47887,0.1228833
S-,30,6.47887,6.47887,0.125513
S-,30,6.76056,6.47887,0.1278957
S-,30,7.04225,6.47887,0.1297419
S-,30,7.32394,6.47887,0.1308264
S-,30,7.60563,6.47887,0.1310105
S-,30,7.88732,6.47887,0.1302548
S-,30,8.16901,6.47887,0.1286202
S-,30,8.4507,6.47887,0.1262575
S-,30,8.73239,6.47887,0.123386
S-,30,9.01408,6.47887,0.1202656
S-,30,9.29577,6.47887,0.1171631
S-,30,9.57746,6.47887,0.114319
S-,30,9.85915,6.47887,0.1119176
S-,30,10.14085,6.47887,0.1100636
S-,30,10.42254,6.47887,0.1087693
S-,30,10.70423,6.47887,0.1079526
S-,30,10.98592,6.47887,0.1074466
S-,30,11.26761,6.47887,0.1070204
S-,30,11.5493,6.47887,0.1064078
S-,30,11.83099,6.47887,0.105341
S-,30,12.11268,6.47887,0.103586
S-,30,12.39437,6.47887,0.1009742
S-,30,12.67606,6.47887,0.0974284
S-,30,12.95775,6.47887,0.092978
S-,30,13.23944,6.47887,0.0877632
S-,30,13.52113,6.47887,0.0820267
S-,30,13.80282,6.47887,0.0760931
S-,30,14.08451,6.47887,0.0703401
S-,30,14.3662,6.47887,0.0651616
S-,30,14.64789,6.47887,0.0609292
S-,30,14.92958,6.47887,0.0579554
S-,30,15.21127,6.47887,0.0564619
S-,30,15.49296,6.47887,0.0565576
S-,30,15.77465,6.47887,0.0582279
S-,30,16.05634,6.47887,0.0613367
S-,30,16.33803,6.47887,0.0656415
S-,30,16.61972,6.47887,0.0708187
S-,30,16.90141,6.47887,0.0764973
S-,30,17.1831,6.47887,0.0822976
S-,30,17.46479,6.47887,0.0878692
S-,30,17.74648,6.47887,0.0929253
S-,30,18.02817,6.47887,0.09727
S-,30,18.30986,6.47887,0.1008143
S-,30,18.59155,6.47887,0.10358
S-,30,18.87324,6.47887,0.1056912
S-,30,19.15493,6.47887,0.1073544
S-,30,19.43662,6.47887,0.1088299
S-,30,19.71831,6.47887,0.1103967
S-,30,20.0,6.47887,0.1123164
S-,30,0.0,6.76056,0.1395846
S-,30,0.28169,6.76056,0.1404926
S-,30,0.56338,6.76056,0.141836
S-,30,0.84507,6.76056,0.1433176
S-,30,1.12676,6.76056,0.144618
S-,30,1.40845,6.76056,0.1454324
S-,30,1.69014,6.76056,0.1455056
S-,30,1.97183,6.76056,0.1446615
S-,30,2.25352,6.76056,0.1428239
S-,30,2.53521,6.76056,0.1400259
S-,30,2.8169,6.76056,0.1364071
S-,30,3.09859,6.76056,0.1321995
S-,30,3.38028,6.76056,0.1277021
S-,30,3.66197,6.76056,0.1232491
S-,30,3.94366,6.76056,0.1191735
S-,30,4.22535,6.76056,0.1157716
S-,30,4.50704,6.76056,0.1132711
S-,30,4.78873,6.76056,0.1118073
S-,30,5.07042,6.76056,0.1114096
S-,30,5.35211,6.76056,0.1119999
S-,30,5.6338,6.76056,0.1134022
S-,30,5.91549,6.76056,0.1153643
S-,30,6.19718,6.76056,0.117586
S-,30,6.47887,6.76056,0.1197535
S-,30,6.76056,6.76056,0.121574
S-,30,7.04225,6.76056,0.1228076
S-,30,7.32394,6.76056,0.1232927
S-,30,7.60563,6.76056,0.1229615
S-,30,7.88732,6.76056,0.1218449
S-,30,8.16901,6.76056,0.120065
S-,30,8.4507,6.76056,0.1178176
S-,30,8.73239,6.76056,0.1153458
S-,30,9.01408,6.76056,0.1129079
S-,30,9.29577,6.76056,0.110744
S-,30,9.57746,6.76056,0.1090449
S-,30,9.85915,6.76056,0.1079264
S-,30,10.14085,6.76056,0.1074136
S-,30,10.42254,6.76056,0.1074351
S-,30,10.70423,6.76056,0.1078303
S-,30,10.98592,6.76056,0.1083664
S-,30,11.26761,6.76056,0.1087658
S-,30,11.5493,6.76056,0.108739
S-,30,11.83099,6.76056,0.1080203
S-,30,12.11268,6.76056,0.1064016
S-,30,12.39437,6.76056,0.1037608
S-,30,12.67606,6.76056,0.1000814
S-,30,12.95775,6.76056,0.0954604
S-,30,13.23944,6.76056,0.0901043
S-,30,13.52113,6.76056,0.0843129
S-,30,13.80282,6.76056,0.078452
S-,30,14.08451,6.76056,0.0729192
S-,30,14.3662,6.76056,0.0681052
S-,30,14.64789,6.76056,0.0643553
S-,30,14.92958,6.76056,0.0619356
S-,30,15.21127,6.76056,0.0610066
S-,30,15.49296,6.76056,0.0616084
S-,30,15.77465,6.76056,0.0636582
S-,30,16.05634,6.76056,0.0669601
S-,30,16.33803,6.76056,0.0712272
S-,30,16.61972,6.76056,0.0761128
S-,30,16.90141,6.76056,0.0812473
S-,30,17.1831,6.76056,0.0862765
S-,30,17.46479,6.76056,0.0908981
S-,30,17.74648,6.76056,0.0948909
S-,30,18.02817,6.76056,0.0981354
S-,30,18.30986,6.76056,0.1006216
S-,30,18.59155,6.76056,0.1024447
S-,30,18.87324,6.76056,0.1037894
S-,30,19.15493,6.76056,0.1049033
S-,30,19.43662,6.76056,0.106064
S-,30,19.71831,6.76056,0.1075437
S-,30,20.0,6.76056,0.1095734
S-,30,0.0,7.04225,0.1440251
S-,30,0.28169,7.04225,0.1453127
S-,30,0.56338,7.04225,0.146782
S-,30,0.84507,7.04225,0.1481152
S-,30,1.12676,7.04225,0.1489972
S-,30,1.40845,7.04225,0.1491518
S-,30,1.69014,7.04225,0.1483735
S-,30,1.97183,7.04225,0.146551
S-,30,2.25352,7.04225,0.1436815
S-,30,2.53521,7.04225,0.1398715
S-,30,2.8169,7.04225,0.1353264
S-,30,3.09859,7.04225,0.1303294
S-,30,3.38028,7.04225,0.1252107
S-,30,3.66197,7.04225,0.1203132
S-,30,3.94366,7.04225,0.1159558
S-,30,4.22535,7.04225,0.1124003
S-,30,4.50704,7.04225,0.1098247
S-,30,4.78873,7.04225,0.1083057
S-,30,5.07042,7.04225,0.1078131
S-,30,5.35211,7.04225,0.1082161
S-,30,5.6338,7.04225,0.1093001
S-,30,5.91549,7.04225,0.1107931
S-,30,6.19718,7.04225,0.1123981
S-,30,6.47887,7.04225,0.1138276
S-,30,6.76056,7.04225,0.1148358
S-,30,7.04225,7.04225,0.1152463
S-,30,7.32394,7.04225,0.1149709
S-,30,7.60563,7.04225,0.1140165
S-,30,7.88732,7.04225,0.1124827
S-,30,8.16901,7.04225,0.1105461
S-,30,8.4507,7.04225,0.1084366
S-,30,8.73239,7.04225,0.1064069
S-,30,9.01408,7.04225,0.1046992
S-,30,9.29577,7.04225,0.1035128
S-,30,9.57746,7.04225,0.1029768
S-,30,9.85915,7.04225,0.1031311
S-,30,10.14085,7.04225,0.1039181
S-,30,10.42254,7.04225,0.1051855
S-,30,10.70423,7.04225,0.1067013
S-,30,10.98592,7.04225,0.1081788
S-,30,11.26761,7.04225,0.1093081
S-,30,11.5493,7.04225,0.1097922
S-,30,11.83099,7.04225,0.1093823
S-,30,12.11268,7.04225,0.1079091
S-,30,12.39437,7.04225,0.1053054
S-,30,12.67606,7.04225,0.1016191
S-,30,12.95775,7.04225,0.0970127
S-,30,13.23944,7.04225,0.0917517
S-,30,13.52113,7.04225,0.0861803
S-,30,13.80282,7.04225,0.0806896
S-,30,14.08451,7.04225,0.075679
S-,30,14.3662,7.04225,0.0715179
S-,30,14.64789,7.04225,0.0685087
S-,30,14.92958,7.04225,0.066858
S-,30,15.21127,7.04225,0.0666568
S-,30,15.49296,7.04225,0.0678734
S-,30,15.77465,7.04225,0.0703591
S-,30,16.05634,7.04225,0.0738657
S-,30,16.33803,7.04225,0.0780739
S-,30,16.61972,7.04225,0.0826282
S-,30,16.90141,7.04225,0.0871749
S-,30,17.1831,7.04225,0.0913999
S-,30,17.46479,7.04225,0.09506
S-,30,17.74648,7.04225,0.0980073
S-,30,18.02817,7.04225,0.1002006
S-,30,18.30986,7.04225,0.1017059
S-,30,18.59155,7.04225,0.1026844
S-,30,18.87324,7.04225,0.1033686
S-,30,19.15493,7.04225,0.1040327
S-,30,19.43662,7.04225,0.1049562
S-,30,19.71831,7.04225,0.106389
S-,30,20.0,7.04225,0.1085196
S-,30,0.0,7.32394,0.1481617
S-,30,0.28169,7.32394,0.1498392
S-,30,0.56338,7.32394,0.1514343
S-,30,0.84507,7.32394,0.1526224
S-,30,1.12676,7.32394,0.1531065
S-,30,1.40845,7.32394,0.1526507
S-,30,1.69014,7.32394,0.1511069
S-,30,1.97183,7.32394,0.1484327
S-,30,2.25352,7.32394,0.1446964
S-,30,2.53521,7.32394,0.1400711
S-,30,2.8169,7.32394,0.1348164
S-,30,3.09859,7.32394,0.1292511
S-,30,3.38028,7.32394,0.1237199
S-,30,3.66197,7.32394,0.118557
S-,30,3.94366,7.32394,0.1140518
S-,30,4.22535,7.32394,0.1104195
S-,30,4.50704,7.32394,0.1077811
S-,30,4.78873,7.32394,0.1061531
S-,30,5.07042,7.32394,0.1054499
S-,30,5.35211,7.32394,0.1054975
S-,30,5.6338,7.32394,0.1060563
S-,30,5.91549,7.32394,0.1068518
S-,30,6.19718,7.32394,0.107608
S-,30,6.47887,7.32394,0.1080806
S-,30,6.76056,7.32394,0.1080857
S-,30,7.04225,7.32394,0.1075212
S-,30,7.32394,7.32394,0.1063772
S-,30,7.60563,7.32394,0.1047361
S-,30,7.88732,7.32394,0.1027607
S-,30,8.16901,7.32394,0.1006723
S-,30,8.4507,7.32394,0.0987221
S-,30,8.73239,7.32394,0.097158
S-,30,9.01408,7.32394,0.0961916
S-,30,9.29577,7.32394,0.0959693
S-,30,9.57746,7.32394,0.09655
S-,30,9.85915,7.32394,0.0978938
S-,30,10.14085,7.32394,0.0998616
S-,30,10.42254,7.32394,0.1022269
S-,30,10.70423,7.32394,0.1046979
S-,30,10.98592,7.32394,0.1069481
S-,30,11.26761,7.32394,0.1086521
S-,30,11.5493,7.32394,0.1095217
S-,30,11.83099,7.32394,0.1093398
S-,30,12.11268,7.32394,0.1079868
S-,30,12.39437,7.32394,0.1054569
S-,30,12.67606,7.32394,0.101863
S-,30,12.95775,7.32394,0.0974287
S-,30,13.23944,7.32394,0.0924679
S-,30,13.52113,7.32394,0.0873556
S-,30,13.80282,7.32394,0.0824909
S-,30,14.08451,7.32394,0.0782576
S-,30,14.3662,7.32394,0.074987
S-,30,14.64789,7.32394,0.0729248
S-,30,14.92958,7.32394,0.0722082
S-,30,15.21127,7.32394,0.0728539
S-,30,15.49296,7.32394,0.0747593
S-,30,15.77465,7.32394,0.0777157
S-,30,16.05634,7.32394,0.0814332
S-,30,16.33803,7.32394,0.0855731
S-,30,16.61972,7.32394,0.0897856
S-,30,16.90141,7.32394,0.0937475
S-,30,17.1831,7.32394,0.0971963
S-,30,17.46479,7.32394,0.0999564
S-,30,17.74648,7.32394,0.1019559
S-,30,18.02817,7.32394,0.1032302
S-,30,18.30986,7.32394,0.1039142
S-,30,18.59155,7.32394,0.1042228
S-,30,18.87324,7.32394,0.104422
S-,30,19.15493,7.32394,0.1047955
S-,30,19.43662,7.32394,0.1056085
S-,30,19.71831,7.32394,0.1070744
S-,30,20.0,7.32394,0.1093282
S-,30,0.0,7.60563,0.1515022
S-,30,0.28169,7.60563,0.1535361
S-,30,0.56338,7.60563,0.15523
S-,30,0.84507,7.60563,0.156267
S-,30,1.12676,7.60563,0.1563809
S-,30,1.40845,7.60563,0.1553856
S-,30,1.69014,7.60563,0.153196
S-,30,1.97183,7.60563,0.149838
S-,30,2.25352,7.60563,0.1454461
S-,30,2.53521,7.60563,0.140249
S-,30,2.8169,7.60563,0.1345457
S-,30,3.09859,7.60563,0.1286739
S-,30,3.38028,7.60563,0.1229742
S-,30,3.66197,7.60563,0.1177553
S-,30,3.94366,7.60563,0.1132627
S-,30,4.22535,7.60563,0.1096554
S-,30,4.50704,7.60563,0.1069925
S-,30,4.78873,7.60563,0.1052315
S-,30,5.07042,7.60563,0.1042384
S-,30,5.35211,7.60563,0.1038072
S-,30,5.6338,7.60563,0.1036884
S-,30,5.91549,7.60563,0.1036217
S-,30,6.19718,7.60563,0.1033687
S-,30,6.47887,7.60563,0.1027432
S-,30,6.76056,7.60563,0.1016345
S-,30,7.04225,7.60563,0.100021
S-,30,7.32394,7.60563,0.097973
S-,30,7.60563,7.60563,0.0956438
S-,30,7.88732,7.60563,0.0932508
S-,30,8.16901,7.60563,0.0910477
S-,30,8.4507,7.60563,0.0892924
S-,30,8.73239,7.60563,0.0882135
S-,30,9.01408,7.60563,0.087979
S-,30,9.29577,7.60563,0.0886721
S-,30,9.57746,7.60563,0.0902765
S-,30,9.85915,7.60563,0.0926724
S-,30,10.14085,7.60563,0.0956445
S-,30,10.42254,7.60563,0.0989024
S-,30,10.70423,7.60563,0.1021085
S-,30,10.98592,7.60563,0.1049137
S-,30,11.26761,7.60563,0.1069941
S-,30,11.5493,7.60563,0.1080868
S-,30,11.83099,7.60563,0.1080196
S-,30,12.11268,7.60563,0.1067316
S-,30,12.39437,7.60563,0.104282
S-,30,12.67606,7.60563,0.1008471
S-,30,12.95775,7.60563,0.0967037
S-,30,13.23944,7.60563,0.0922025
S-,30,13.52113,7.60563,0.0877339
S-,30,13.80282,7.60563,0.0836884
S-,30,14.08451,7.60563,0.0804181
S-,30,14.3662,7.60563,0.0782017
S-,30,14.64789,7.60563,0.0772176
S-,30,14.92958,7.60563,0.0775279
S-,30,15.21127,7.60563,0.0790746
S-,30,15.49296,7.60563,0.0816888
S-,30,15.77465,7.60563,0.0851115
S-,30,16.05634,7.60563,0.0890233
S-,30,16.33803,7.60563,0.0930811
S-,30,16.61972,7.60563,0.0969554
S-,30,16.90141,7.60563,0.1003659
S-,30,17.1831,7.60563,0.103111
S-,30,17.46479,7.60563,0.1050874
S-,30,17.74648,7.60563,0.1062986
S-,30,18.02817,7.60563,0.1068505
S-,30,18.30986,7.60563,0.106936
S-,30,18.59155,7.60563,0.1068088
S-,30,18.87324,7.60563,0.1067514
S-,30,19.15493,7.60563,0.1070396
S-,30,19.43662,7.60563,0.1079079
S-,30,19.71831,7.60563,0.1095206
S-,30,20.0,7.60563,0.1119503
S-,30,0.0,7.88732,0.1536933
S-,30,0.28169,7.88732,0.1559966
S-,30,0.56338,7.88732,0.1577242
S-,30,0.84507,7.88732,0.1585813
S-,30,1.12676,7.88732,0.1583438
S-,30,1.40845,7.88732,0.156883
S-,30,1.69014,7.88732,0.154179
S-,30,1.97183,7.88732,0.1503226
S-,30,2.25352,7.88732,0.1455054
S-,30,2.53521,7.88732,0.1399987
S-,30,2.8169,7.88732,0.1341243
S-,30,3.09859,7.88732,0.1282202
S-,30,3.38028,7.88732,0.1226053
S-,30,3.66197,7.88732,0.1175467
S-,30,3.94366,7.88732,0.1132342
S-,30,4.22535,7.88732,0.1097632
S-,30,4.50704,7.88732,0.1071296
S-,30,4.78873,7.88732,0.105236
S-,30,5.07042,7.88732,0.1039085
S-,30,5.35211,7.88732,0.1029228
S-,30,5.6338,7.88732,0.1020345
S-,30,5.91549,7.88732,0.1010134
S-,30,6.19718,7.88732,0.0996731
S-,30,6.47887,7.88732,0.0978973
S-,30,6.76056,7.88732,0.0956555
S-,30,7.04225,7.88732,0.093009
S-,30,7.32394,7.88732,0.0901049
S-,30,7.60563,7.88732,0.0871594
S-,30,7.88732,7.88732,0.0844324
S-,30,8.16901,7.88732,0.0821953
S-,30,8.4507,7.88732,0.0806976
S-,30,8.73239,7.88732,0.080134
S-,30,9.01408,7.88732,0.0806175
S-,30,9.29577,7.88732,0.0821613
S-,30,9.57746,7.88732,0.0846713
S-,30,9.85915,7.88732,0.0879513
S-,30,10.14085,7.88732,0.0917189
S-,30,10.42254,7.88732,0.0956328
S-,30,10.70423,7.88732,0.0993262
S-,30,10.98592,7.88732,0.1024447
S-,30,11.26761,7.88732,0.1046836
S-,30,11.5493,7.88732,0.1058201
S-,30,11.83099,7.88732,0.1057382
S-,30,12.11268,7.88732,0.1044419
S-,30,12.39437,7.88732,0.1020562
S-,30,12.67606,7.88732,0.0988158
S-,30,12.95775,7.88732,0.0950411
S-,30,13.23944,7.88732,0.0911065
S-,30,13.52113,7.88732,0.087402
S-,30,13.80282,7.88732,0.0842942
S-,30,14.08451,7.88732,0.082089
S-,30,14.3662,7.88732,0.0810017
S-,30,14.64789,7.88732,0.0811369
S-,30,14.92958,7.88732,0.0824802
S-,30,15.21127,7.88732,0.0849028
S-,30,15.49296,7.88732,0.0881781
S-,30,15.77465,7.88732,0.0920092
S-,30,16.05634,7.88732,0.0960623
S-,30,16.33803,7.88732,0.1000048
S-,30,16.61972,7.88732,0.1035414
S-,30,16.90141,7.88732,0.1064457
S-,30,17.1831,7.88732,0.1085835
S-,30,17.46479,7.88732,0.1099251
S-,30,17.74648,7.88732,0.1105449
S-,30,18.02817,7.88732,0.1106099
S-,30,18.30986,7.88732,0.1103567
S-,30,18.59155,7.88732,0.1100614
S-,30,18.87324,7.88732,0.1100048
S-,30,19.15493,7.88732,0.1104374
S-,30,19.43662,7.88732,0.1115483
S-,30,19.71831,7.88732,0.1134413
S-,30,20.0,7.88732,0.1161215
S-,30,0.0,8.16901,0.1545656
S-,30,0.28169,8.16901,0.1569957
S-,30,0.56338,8.16901,0.1586492
S-,30,0.84507,8.16901,0.1592667
S-,30,1.12676,8.16901,0.1586762
S-,30,1.40845,8.16901,0.1568112
S-,30,1.69014,8.16901,0.153716
S-,30,1.97183,8.16901,0.1495402
S-,30,2.25352,8.16901,0.1445211
S-,30,2.53521,8.16901,0.1389572
S-,30,2.8169,8.16901,0.1331755
S-,30,3.09859,8.16901,0.1274964
S-,30,3.38028,8.16901,0.1222003
S-,30,3.66197,8.16901,0.1174993
S-,30,3.94366,8.16901,0.1135183
S-,30,4.22535,8.16901,0.1102853
S-,30,4.50704,8.16901,0.1077347
S-,30,4.78873,8.16901,0.1057211
S-,30,5.07042,8.16901,0.1040422
S-,30,5.35211,8.16901,0.1024687
S-,30,5.6338,8.16901,0.100777
S-,30,5.91549,8.16901,0.0987807
S-,30,6.19718,8.16901,0.0963576
S-,30,6.47887,8.16901,0.093469
S-,30,6.76056,8.16901,0.0901674
S-,30,7.04225,8.16901,0.0865947
S-,30,7.32394,8.16901,0.0829672
S-,30,7.60563,8.16901,0.0795522
S-,30,7.88732,8.16901,0.0766372
S-,30,8.16901,8.16901,0.0744955
S-,30,8.4507,8.16901,0.0733522
S-,30,8.73239,8.16901,0.0733549
S-,30,9.01408,8.16901,0.0745523
S-,30,9.29577,8.16901,0.076883
S-,30,9.57746,8.16901,0.0801765
S-,30,9.85915,8.16901,0.0841666
S-,30,10.14085,8.16901,0.0885156
S-,30,10.42254,8.16901,0.0928463
S-,30,10.70423,8.16901,0.0967802
S-,30,10.98592,8.16901,0.0999755
S-,30,11.26761,8.16901,0.1021624
S-,30,11.5493,8.16901,0.1031712
S-,30,11.83099,8.16901,0.1029502
S-,30,12.11268,8.16901,0.1015715
S-,30,12.39437,8.16901,0.0992233
S-,30,12.67606,8.16901,0.0961911
S-,30,12.95775,8.16901,0.0928273
S-,30,13.23944,8.16901,0.0895157
S-,30,13.52113,8.16901,0.0866314
S-,30,13.80282,8.16901,0.0845025
S-,30,14.08451,8.16901,0.0833776
S-,30,14.3662,8.16901,0.0834016
S-,30,14.64789,8.16901,0.0846028
S-,30,14.92958,8.16901,0.0868937
S-,30,15.21127,8.16901,0.0900825
S-,30,15.49296,8.16901,0.0938976
S-,30,15.77465,8.16901,0.098019
S-,30,16.05634,8.16901,0.1021147
S-,30,16.33803,8.16901,0.1058778
S-,30,16.61972,8.16901,0.1090601
S-,30,16.90141,8.16901,0.111498
S-,30,17.1831,8.16901,0.1131282
S-,30,17.46479,8.16901,0.1139922
S-,30,17.74648,8.16901,0.1142283
S-,30,18.02817,8.16901,0.1140516
S-,30,18.30986,8.16901,0.113727
S-,30,18.59155,8.16901,0.113535
S-,30,18.87324,8.16901,0.1137367
S-,30,19.15493,8.16901,0.1145413
S-,30,19.43662,8.16901,0.1160797
S-,30,19.71831,8.16901,0.1183875
S-,30,20.0,8.16901,0.1213991
S-,30,0.0,8.4507,0.1541498
S-,30,0.28169,8.4507,0.1565162
S-,30,0.56338,8.4507,0.1579484
S-,30,0.84507,8.4507,0.158235
S-,30,1.12676,8.4507,0.1572638
S-,30,1.40845,8.4507,0.1550325
S-,30,1.69014,8.4507,0.1516463
S-,30,1.97183,8.4507,0.1473046
S-,30,2.25352,8.4507,0.1422769
S-,30,2.53521,8.4507,0.1368729
S-,30,2.8169,8.4507,0.1314072
S-,30,3.09859,8.4507,0.126166
S-,30,3.38028,8.4507,0.1213767
S-,30,3.66197,8.4507,0.1171864
S-,30,3.94366,8.4507,0.113649
S-,30,4.22535,8.4507,0.1107255
S-,30,4.50704,8.4507,0.1082939
S-,30,4.78873,8.4507,0.1061702
S-,30,5.07042,8.4507,0.1041368
S-,30,5.35211,8.4507,0.1019739
S-,30,5.6338,8.4507,0.0994923
S-,30,5.91549,8.4507,0.0965622
S-,30,6.19718,8.4507,0.0931339
S-,30,6.47887,8.4507,0.0892499
S-,30,6.76056,8.4507,0.0850447
S-,30,7.04225,8.4507,0.0807336
S-,30,7.32394,8.4507,0.0765909
S-,30,7.60563,8.4507,0.0729202
S-,30,7.88732,8.4507,0.0700198
S-,30,8.16901,8.4507,0.0681477
S-,30,8.4507,8.4507,0.0674898
S-,30,8.73239,8.4507,0.068135
S-,30,9.01408,8.4507,0.0700605
S-,30,9.29577,8.4507,0.0731288
S-,30,9.57746,8.4507,0.0770971
S-,30,9.85915,8.4507,0.0816389
S-,30,10.14085,8.4507,0.0863744
S-,30,10.42254,8.4507,0.0909074
S-,30,10.70423,8.4507,0.0948646
S-,30,10.98592,8.4507,0.0979332
S-,30,11.26761,8.4507,0.0998922
S-,30,11.5493,8.4507,0.1006348
S-,30,11.83099,8.4507,0.1001785
S-,30,12.11268,8.4507,0.0986623
S-,30,12.39437,8.4507,0.0963322
S-,30,12.67606,8.4507,0.0935139
S-,30,12.95775,8.4507,0.0905792
S-,30,13.23944,8.4507,0.0879063
S-,30,13.52113,8.4507,0.0858414
S-,30,13.80282,8.4507,0.0846626
S-,30,14.08451,8.4507,0.0845532
S-,30,14.3662,8.4507,0.0855842
S-,30,14.64789,8.4507,0.0877102
S-,30,14.92958,8.4507,0.0907775
S-,30,15.21127,8.4507,0.0945438
S-,30,15.49296,8.4507,0.0987075
S-,30,15.77465,8.4507,0.1029423
S-,30,16.05634,8.4507,0.1069349
S-,30,16.33803,8.4507,0.1104191
S-,30,16.61972,8.4507,0.1132046
S-,30,16.90141,8.4507,0.1151968
S-,30,17.1831,8.4507,0.1164042
S-,30,17.46479,8.4507,0.1169347
S-,30,17.74648,8.4507,0.1169796
S-,30,18.02817,8.4507,0.1167885
S-,30,18.30986,8.4507,0.1166373
S-,30,18.59155,8.4507,0.1167932
S-,30,18.87324,8.4507,0.1174811
S-,30,19.15493,8.4507,0.1188552
S-,30,19.43662,8.4507,0.1209784
S-,30,19.71831,8.4507,0.1238134
S-,30,20.0,8.4507,0.1272251
S-,30,0.0,8.73239,0.1526633
S-,30,0.28169,8.73239,0.1547425
S-,30,0.56338,8.73239,0.1557787
S-,30,0.84507,8.73239,0.1556186
S-,30,1.12676,8.73239,0.154215
S-,30,1.40845,8.73239,0.1516291
S-,30,1.69014,8.73239,0.1480207
S-,30,1.97183,8.73239,0.1436281
S-,30,2.25352,8.73239,0.138739
S-,30,2.53521,8.73239,0.1336575
S-,30,2.8169,8.73239,0.1286699
S-,30,3.09859,8.73239,0.1240134
S-,30,3.38028,8.73239,0.1198516
S-,30,3.66197,8.73239,0.1162595
S-,30,3.94366,8.73239,0.1132193
S-,30,4.22535,8.73239,0.1106284
S-,30,4.50704,8.73239,0.108317
S-,30,4.78873,8.73239,0.106075
S-,30,5.07042,8.73239,0.103683
S-,30,5.35211,8.73239,0.1009454
S-,30,5.6338,8.73239,0.0977203
S-,30,5.91549,8.73239,0.0939437
S-,30,6.19718,8.73239,0.0896437
S-,30,6.47887,8.73239,0.0849439
S-,30,6.76056,8.73239,0.0800549
S-,30,7.04225,8.73239,0.0752553
S-,30,7.32394,8.73239,0.0708625
S-,30,7.60563,8.73239,0.0671992
S-,30,7.88732,8.73239,0.064557
S-,30,8.16901,8.73239,0.0631618
S-,30,8.4507,8.73239,0.0631466
S-,30,8.73239,8.73239,0.064532
S-,30,9.01408,8.73239,0.0672196
S-,30,9.29577,8.73239,0.0709971
S-,30,9.57746,8.73239,0.0755568
S-,30,9.85915,8.73239,0.0805231
S-,30,10.14085,8.73239,0.0854892
S-,30,10.42254,8.73239,0.090056
S-,30,10.70423,8.73239,0.093872
S-,30,10.98592,8.73239,0.0966676
S-,30,11.26761,8.73239,0.0982813
S-,30,11.5493,8.73239,0.0986749
S-,30,11.83099,8.73239,0.0979356
S-,30,12.11268,8.73239,0.0962655
S-,30,12.39437,8.73239,0.0939584
S-,30,12.67606,8.73239,0.0913684
S-,30,12.95775,8.73239,0.0888717
S-,30,13.23944,8.73239,0.0868271
S-,30,13.52113,8.73239,0.0855391
S-,30,13.80282,8.73239,0.0852267
S-,30,14.08451,8.73239,0.0860032
S-,30,14.3662,8.73239,0.0878668
S-,30,14.64789,8.73239,0.0907045
S-,30,14.92958,8.73239,0.0943079
S-,30,15.21127,8.73239,0.0983989
S-,30,15.49296,8.73239,0.1026633
S-,30,15.77465,8.73239,0.1067867
S-,30,16.05634,8.73239,0.1104908
S-,30,16.33803,8.73239,0.1135636
S-,30,16.61972,8.73239,0.1158818
S-,30,16.90141,8.73239,0.1174233
S-,30,17.1831,8.73239,0.118266
S-,30,17.46479,8.73239,0.1185767
S-,30,17.74648,8.73239,0.1185876
S-,30,18.02817,8.73239,0.1185674
S-,30,18.30986,8.73239,0.118786
S-,30,18.59155,8.73239,0.119481
S-,30,18.87324,8.73239,0.1208267
S-,30,19.15493,8.73239,0.1229114
S-,30,19.43662,8.73239,0.1257245
S-,30,19.71831,8.73239,0.1291552
S-,30,20.0,8.73239,0.1330032
S-,30,0.0,9.01408,0.1504675
S-,30,0.28169,9.01408,0.1520258
S-,30,0.56338,9.01408,0.1524824
S-,30,0.84507,9.01408,0.1517495
S-,30,1.12676,9.01408,0.1498468
S-,30,1.40845,9.01408,0.146896
S-,30,1.69014,9.01408,0.1431028
S-,30,1.97183,9.01408,0.138732
S-,30,2.25352,9.01408,0.1340743
S-,30,2.53521,9.01408,0.1294133
S-,30,2.8169,9.01408,0.1249924
S-,30,3.09859,9.01408,0.1209884
S-,30,3.38028,9.01408,0.1174938
S-,30,3.66197,9.01408,0.1145091
S-,30,3.94366,9.01408,0.111948
S-,30,4.22535,9.01408,0.1096519
S-,30,4.50704,9.01408,0.1074151
S-,30,4.78873,9.01408,0.105015
S-,30,5.07042,9.01408,0.1022456
S-,30,5.35211,9.01408,0.0989491
S-,30,5.6338,9.01408,0.0950419
S-,30,5.91549,9.01408,0.0905326
S-,30,6.19718,9.01408,0.0855286
S-,30,6.47887,9.01408,0.0802305
S-,30,6.76056,9.01408,0.0749162
S-,30,7.04225,9.01408,0.0699133
S-,30,7.32394,9.01408,0.065566
S-,30,7.60563,9.01408,0.0621979
S-,30,7.88732,9.01408,0.0600757
S-,30,8.16901,9.01408,0.0593784
S-,30,8.4507,9.01408,0.0601738
S-,30,8.73239,9.01408,0.062408
S-,30,9.01408,9.01408,0.0659056
S-,30,9.29577,9.01408,0.0703846
S-,30,9.57746,9.01408,0.0754811
S-,30,9.85915,9.01408,0.0807841
S-,30,10.14085,9.01408,0.0858749
S-,30,10.42254,9.01408,0.0903675
S-,30,10.70423,9.01408,0.0939463
S-,30,10.98592,9.01408,0.0963961
S-,30,11.26761,9.01408,0.0976217
S-,30,11.5493,9.01408,0.0976553
S-,30,11.83099,9.01408,0.0966504
S-,30,12.11268,9.01408,0.0948631
S-,30,12.39437,9.01408,0.0926236
S-,30,12.67606,9.01408,0.0902995
S-,30,12.95775,9.01408,0.0882567
S-,30,13.23944,9.01408,0.0868207
S-,30,13.52113,9.01408,0.0862434
S-,30,13.80282,9.01408,0.0866787
S-,30,14.08451,9.01408,0.0881688
S-,30,14.3662,9.01408,0.0906437
S-,30,14.64789,9.01408,0.0939325
S-,30,14.92958,9.01408,0.0977863
S-,30,15.21127,9.01408,0.1019087
S-,30,15.49296,9.01408,0.1059912
S-,30,15.77465,9.01408,0.1097494
S-,30,16.05634,9.01408,0.112955
S-,30,16.33803,9.01408,0.1154617
S-,30,16.61972,9.01408,0.1172198
S-,30,16.90141,9.01408,0.11828
S-,30,17.1831,9.01408,0.1187849
S-,30,17.46479,9.01408,0.1189501
S-,30,17.74648,9.01408,0.1190355
S-,30,18.02817,9.01408,0.1193129
S-,30,18.30986,9.01408,0.1200307
S-,30,18.59155,9.01408,0.1213823
S-,30,18.87324,9.01408,0.1234806
S-,30,19.15493,9.01408,0.1263412
S-,30,19.43662,9.01408,0.1298782
S-,30,19.71831,9.01408,0.1339106
S-,30,20.0,9.01408,0.1381814
S-,30,0.0,9.29577,0.1480047
S-,30,0.28169,9.29577,0.148825
S-,30,0.56338,9.29577,0.1485325
S-,30,0.84507,9.29577,0.1471095
S-,30,1.12676,9.29577,0.1446418
S-,30,1.40845,9.29577,0.1413047
S-,30,1.69014,9.29577,0.1373398
S-,30,1.97183,9.29577,0.1330245
S-,30,2.25352,9.29577,0.1286385
S-,30,2.53521,9.29577,0.1244303
S-,30,2.8169,9.29577,0.120589
S-,30,3.09859,9.29577,0.1172233
S-,30,3.38028,9.29577,0.1143513
S-,30,3.66197,9.29577,0.1119016
S-,30,3.94366,9.29577,0.109726
S-,30,4.22535,9.29577,0.1076216
S-,30,4.50704,9.29577,0.1053607
S-,30,4.78873,9.29577,0.102724
S-,30,5.07042,9.29577,0.0995338
S-,30,5.35211,9.29577,0.0956825
S-,30,5.6338,9.29577,0.0911537
S-,30,5.91549,9.29577,0.0860323
S-,30,6.19718,9.29577,0.0805029
S-,30,6.47887,9.29577,0.0748363
S-,30,6.76056,9.29577,0.069365
S-,30,7.04225,9.29577,0.06445
S-,30,7.32394,9.29577,0.0604442
S-,30,7.60563,9.29577,0.0576539
S-,30,7.88732,9.29577,0.0563047
S-,30,8.16901,9.29577,0.0565147
S-,30,8.4507,9.29577,0.0582787
S-,30,8.73239,9.29577,0.0614642
S-,30,9.01408,9.29577,0.0658219
S-,30,9.29577,9.29577,0.0710068
S-,30,9.57746,9.29577,0.076611
S-,30,9.85915,9.29577,0.0822019
S-,30,10.14085,9.29577,0.0873643
S-,30,10.42254,9.29577,0.0917396
S-,30,10.70423,9.29577,0.0950595
S-,30,10.98592,9.29577,0.097171
S-,30,11.26761,9.29577,0.0980477
S-,30,11.5493,9.29577,0.0977895
S-,30,11.83099,9.29577,0.0966083
S-,30,12.11268,9.29577,0.0948027
S-,30,12.39437,9.29577,0.0927241
S-,30,12.67606,9.29577,0.090738
S-,30,12.95775,9.29577,0.0891847
S-,30,13.23944,9.29577,0.0883437
S-,30,13.52113,9.29577,0.0884063
S-,30,13.80282,9.29577,0.0894573
S-,30,14.08451,9.29577,0.0914704
S-,30,14.3662,9.29577,0.094315
S-,30,14.64789,9.29577,0.0977753
S-,30,14.92958,9.29577,0.1015782
S-,30,15.21127,9.29577,0.1054271
S-,30,15.49296,9.29577,0.1090379
S-,30,15.77465,9.29577,0.1121726
S-,30,16.05634,9.29577,0.1146667
S-,30,16.33803,9.29577,0.1164478
S-,30,16.61972,9.29577,0.117543
S-,30,16.90141,9.29577,0.1180735
S-,30,17.1831,9.29577,0.1182392
S-,30,17.46479,9.29577,0.1182927
S-,30,17.74648,9.29577,0.1185075
S-,30,18.02817,9.29577,0.1191435
S-,30,18.30986,9.29577,0.1204135
S-,30,18.59155,9.29577,0.1224555
S-,30,18.87324,9.29577,0.1253133
S-,30,19.15493,9.29577,0.1289275
S-,30,19.43662,9.29577,0.1331397
S-,30,19.71831,9.29577,0.1377066
S-,30,20.0,9.29577,0.1423256
S-,30,0.0,9.57746,0.1457246
S-,30,0.28169,9.57746,0.1456328
S-,30,0.56338,9.57746,0.1444605
S-,30,0.84507,9.57746,0.1422608
S-,30,1.12676,9.57746,0.1391808
S-,30,1.40845,9.57746,0.1354407
S-,30,1.69014,9.57746,0.1313055
S-,30,1.97183,9.57746,0.1270517
S-,30,2.25352,9.57746,0.1229336
S-,30,2.53521,9.57746,0.1191531
S-,30,2.8169,9.57746,0.1158365
S-,30,3.09859,9.57746,0.1130204
S-,30,3.38028,9.57746,0.1106498
S-,30,3.66197,9.57746,0.1085877
S-,30,3.94366,9.57746,0.106635
S-,30,4.22535,9.57746,0.1045586
S-,30,4.50704,9.57746,0.1021251
S-,30,4.78873,9.57746,0.0991346
S-,30,5.07042,9.57746,0.0954519
S-,30,5.35211,9.57746,0.0910307
S-,30,5.6338,9.57746,0.0859277
S-,30,5.91549,9.57746,0.0803049
S-,30,6.19718,9.57746,0.0744192
S-,30,6.47887,9.57746,0.0686012
S-,30,6.76056,9.57746,0.0632235
S-,30,7.04225,9.57746,0.0586639
S-,30,7.32394,9.57746,0.0552657
S-,30,7.60563,9.57746,0.0533009
S-,30,7.88732,9.57746,0.0529395
S-,30,8.16901,9.57746,0.054229
S-,30,8.4507,9.57746,0.0570857
S-,30,8.73239,9.57746,0.0612995
S-,30,9.01408,9.57746,0.0665523
S-,30,9.29577,9.57746,0.0724469
S-,30,9.57746,9.57746,0.0785443
S-,30,9.85915,9.57746,0.0844056
S-,30,10.14085,9.57746,0.0896331
S-,30,10.42254,9.57746,0.0939078
S-,30,10.70423,9.57746,0.0970174
S-,30,10.98592,9.57746,0.0988745
S-,30,11.26761,9.57746,0.09952
S-,30,11.5493,9.57746,0.0991145
S-,30,11.83099,9.57746,0.0979168
S-,30,12.11268,9.57746,0.0962529
S-,30,12.39437,9.57746,0.0944788
S-,30,12.67606,9.57746,0.0929414
S-,30,12.95775,9.57746,0.0919406
S-,30,13.23944,9.57746,0.0916992
S-,30,13.52113,9.57746,0.0923414
S-,30,13.80282,9.57746,0.0938828
S-,30,14.08451,9.57746,0.0962336
S-,30,14.3662,9.57746,0.0992132
S-,30,14.64789,9.57746,0.1025757
S-,30,14.92958,9.57746,0.1060409
S-,30,15.21127,9.57746,0.1093307
S-,30,15.49296,9.57746,0.1122023
S-,30,15.77465,9.57746,0.1144788
S-,30,16.05634,9.57746,0.1160698
S-,30,16.33803,9.57746,0.1169822
S-,30,16.61972,9.57746,0.1173193
S-,30,16.90141,9.57746,0.1172676
S-,30,17.1831,9.57746,0.1170742
S-,30,17.46479,9.57746,0.117016
S-,30,17.74648,9.57746,0.1173657
S-,30,18.02817,9.57746,0.1183575
S-,30,18.30986,9.57746,0.1201571
S-,30,18.59155,9.57746,0.1228392
S-,30,18.87324,9.57746,0.1263751
S-,30,19.15493,9.57746,0.1306327
S-,30,19.43662,9.57746,0.1353877
S-,30,19.71831,9.57746,0.1403461
S-,30,20.0,9.57746,0.1451743
S-,30,0.0,9.85915,0.14401
S-,30,0.28169,9.85915,0.1428992
S-,30,0.56338,9.85915,0.1407771
S-,30,0.84507,9.85915,0.1377647
S-,30,1.12676,9.85915,0.1340626
S-,30,1.40845,9.85915,0.1299244
S-,30,1.69014,9.85915,0.1256249
S-,30,1.97183,9.85915,0.1214255
S-,30,2.25352,9.85915,0.1175432
S-,30,2.53521,9.85915,0.1141236
S-,30,2.8169,9.85915,0.1112248
S-,30,3.09859,9.85915,0.1088116
S-,30,3.38028,9.85915,0.1067613
S-,30,3.66197,9.85915,0.1048812
S-,30,3.94366,9.85915,0.1029354
S-,30,4.22535,9.85915,0.1006772
S-,30,4.50704,9.85915,0.0978843
S-,30,4.78873,9.85915,0.0943922
S-,30,5.07042,9.85915,0.0901213
S-,30,5.35211,9.85915,0.085095
S-,30,5.6338,9.85915,0.0794464
S-,30,5.91549,9.85915,0.0734121
S-,30,6.19718,9.85915,0.0673138
S-,30,6.47887,9.85915,0.0615292
S-,30,6.76056,9.85915,0.0564554
S-,30,7.04225,9.85915,0.0524695
S-,30,7.32394,9.85915,0.0498883
S-,30,7.60563,9.85915,0.0489348
S-,30,7.88732,9.85915,0.0497124
S-,30,8.16901,9.85915,0.0521915
S-,30,8.4507,9.85915,0.0562088
S-,30,8.73239,9.85915,0.0614815
S-,30,9.01408,9.85915,0.0676318
S-,30,9.29577,9.85915,0.0742229
S-,30,9.57746,9.85915,0.0807996
S-,30,9.85915,9.85915,0.0869311
S-,30,10.14085,9.85915,0.0922507
S-,30,10.42254,9.85915,0.0964883
S-,30,10.70423,9.85915,0.0994931
S-,30,10.98592,9.85915,0.1012428
S-,30,11.26761,9.85915,0.1018399
S-,30,11.5493,9.85915,0.1014948
S-,30,11.83099,9.85915,0.1004986
S-,30,12.11268,9.85915,0.0991875
S-,30,12.39437,9.85915,0.0979047
S-,30,12.67606,9.85915,0.0969613
S-,30,12.95775,9.85915,0.0966042
S-,30,13.23944,9.85915,0.0969902
S-,30,13.52113,9.85915,0.0981728
S-,30,13.80282,9.85915,0.1001008
S-,30,14.08451,9.85915,0.1026287
S-,30,14.3662,9.85915,0.1055387
S-,30,14.64789,9.85915,0.10857
S-,30,14.92958,9.85915,0.1114535
S-,30,15.21127,9.85915,0.1139459
S-,30,15.49296,9.85915,0.1158615
S-,30,15.77465,9.85915,0.1170954
S-,30,16.05634,9.85915,0.117638
S-,30,16.33803,9.85915,0.1175769
S-,30,16.61972,9.85915,0.1170879
S-,30,16.90141,9.85915,0.116414
S-,30,17.1831,9.85915,0.1158377
S-,30,17.46479,9.85915,0.1156465
S-,30,17.74648,9.85915,0.1160985
S-,30,18.02817,9.85915,0.1173903
S-,30,18.30986,9.85915,0.1196315
S-,30,18.59155,9.85915,0.1228293
S-,30,18.87324,9.85915,0.1268838
S-,30,19.15493,9.85915,0.1315961
S-,30,19.43662,9.85915,0.1366873
S-,30,19.71831,9.85915,0.1418267
S-,30,20.0,9.85915,0.1466665
S-,30,0.0,10.14085,0.1431163
S-,30,0.28169,10.14085,0.1409632
S-,30,0.56338,10.14085,0.1378985
S-,30,0.84507,10.14085,0.1341039
S-,30,1.12676,10.14085,0.1298224
S-,30,1.40845,10.14085,0.1253278
S-,30,1.69014,10.14085,0.12089
S-,30,1.97183,10.14085,0.1167424
S-,30,2.25352,10.14085,0.1130532
S-,30,2.53521,10.14085,0.1099053
S-,30,2.8169,10.14085,0.1072872
S-,30,3.09859,10.14085,0.1050954
S-,30,3.38028,10.14085,0.1031481
S-,30,3.66197,10.14085,0.1012106
S-,30,3.94366,10.14085,0.0990262
S-,30,4.22535,10.14085,0.096352
S-,30,4.50704,10.14085,0.0929943
S-,30,4.78873,10.14085,0.0888382
S-,30,5.07042,10.14085,0.0838705
S-,30,5.35211,10.14085,0.0781904
S-,30,5.6338,10.14085,0.0720075
S-,30,5.91549,10.14085,0.0656275
S-,30,6.19718,10.14085,0.0594264
S-,30,6.47887,10.14085,0.0538149
S-,30,6.76056,10.14085,0.0491988
S-,30,7.04225,10.14085,0.0459377
S-,30,7.32394,10.14085,0.044307
S-,30,7.60563,10.14085,0.0444691
S-,30,7.88732,10.14085,0.0464533
S-,30,8.16901,10.14085,0.0501509
S-,30,8.4507,10.14085,0.0553231
S-,30,8.73239,10.14085,0.0616221
S-,30,9.01408,10.14085,0.0686233
S-,30,9.29577,10.14085,0.075865
S-,30,9.57746,10.14085,0.0828913
S-,30,9.85915,10.14085,0.0892939
S-,30,10.14085,10.14085,0.0947482
S-,30,10.42254,10.14085,0.0990406
S-,30,10.70423,10.14085,0.1020828
S-,30,10.98592,10.14085,0.1039141
S-,30,11.26761,10.14085,0.1046888
S-,30,11.5493,10.14085,0.1046535
S-,30,11.83099,10.14085,0.1041144
S-,30,12.11268,10.14085,0.1033999
S-,30,12.39437,10.14085,0.1028221
S-,30,12.67606,10.14085,0.1026415
S-,30,12.95775,10.14085,0.1030398
S-,30,13.23944,10.14085,0.1041017
S-,30,13.52113,10.14085,0.1058095
S-,30,13.80282,10.14085,0.10805
S-,30,14.08451,10.14085,0.110632
S-,30,14.3662,10.14085,0.113314
S-,30,14.64789,10.14085,0.1158369
S-,30,14.92958,10.14085,0.1179585
S-,30,15.21127,10.14085,0.1194858
S-,30,15.49296,10.14085,0.1203014
S-,30,15.77465,10.14085,0.1203806
S-,30,16.05634,10.14085,0.1197967
S-,30,16.33803,10.14085,0.1187155
S-,30,16.61972,10.14085,0.1173773
S-,30,16.90141,10.14085,0.1160709
S-,30,17.1831,10.14085,0.1151002
S-,30,17.46479,10.14085,0.1147494
S-,30,17.74648,10.14085,0.1152492
S-,30,18.02817,10.14085,0.1167486
S-,30,18.30986,10.14085,0.1192957
S-,30,18.59155,10.14085,0.1228297
S-,30,18.87324,10.14085,0.1271844
S-,30,19.15493,10.14085,0.132104
S-,30,19.43662,10.14085,0.1372689
S-,30,19.71831,10.14085,0.1423289
S-,30,20.0,10.14085,0.1469395
S-,30,0.0,10.42254,0.1431317
S-,30,0.28169,10.42254,0.1400042
S-,30,0.56338,10.42254,0.1360887
S-,30,0.84507,10.42254,0.1316169
S-,30,1.12676,10.42254,0.1268606
S-,30,1.40845,10.42254,0.1220985
S-,30,1.69014,10.42254,0.1175812
S-,30,1.97183,10.42254,0.1135013
S-,30,2.25352,10.42254,0.10997
S-,30,2.53521,10.42254,0.1070035
S-,30,2.8169,10.42254,0.1045221
S-,30,3.09859,10.42254,0.1023611
S-,30,3.38028,10.42254,0.1002917
S-,30,3.66197,10.42254,0.0980521
S-,30,3.94366,10.42254,0.0953825
S-,30,4.22535,10.42254,0.0920614
S-,30,4.50704,10.42254,0.0879391
S-,30,4.78873,10.42254,0.0829635
S-,30,5.07042,10.42254,0.0771955
S-,30,5.35211,10.42254,0.0708122
S-,30,5.6338,10.42254,0.0640969
S-,30,5.91549,10.42254,0.0574162
S-,30,6.19718,10.42254,0.0511877
S-,30,6.47887,10.42254,0.0458404
S-,30,6.76056,10.42254,0.0417725
S-,30,7.04225,10.42254,0.0393112
S-,30,7.32394,10.42254,0.0386788
S-,30,7.60563,10.42254,0.0399683
S-,30,7.88732,10.42254,0.0431326
S-,30,8.16901,10.42254,0.0479866
S-,30,8.4507,10.42254,0.0542233
S-,30,8.73239,10.42254,0.0614425
S-,30,9.01408,10.42254,0.0691879
S-,30,9.29577,10.42254,0.0769894
S-,30,9.57746,10.42254,0.0844061
S-,30,9.85915,10.42254,0.0910655
S-,30,10.14085,10.42254,0.0966948
S-,30,10.42254,10.42254,0.1011404
S-,30,10.70423,10.42254,0.1043755
S-,30,10.98592,10.42254,0.1064931
S-,30,11.26761,10.42254,0.1076877
S-,30,11.5493,10.42254,0.1082257
S-,30,11.83099,10.42254,0.1084104
S-,30,12.11268,10.42254,0.1085435
S-,30,12.39437,10.42254,0.1088894
S-,30,12.67606,10.42254,0.1096445
S-,30,12.95775,10.42254,0.1109165
S-,30,13.23944,10.42254,0.1127145
S-,30,13.52113,10.42254,0.1149518
S-,30,13.80282,10.42254,0.1174605
S-,30,14.08451,10.42254,0.1200155
S-,30,14.3662,10.42254,0.1223661
S-,30,14.64789,10.42254,0.1242699
S-,30,14.92958,10.42254,0.1255263
S-,30,15.21127,10.42254,0.1260046
S-,30,15.49296,10.42254,0.125664
S-,30,15.77465,10.42254,0.1245628
S-,30,16.05634,10.42254,0.1228556
S-,30,16.33803,10.42254,0.1207791
S-,30,16.61972,10.42254,0.1186277
S-,30,16.90141,10.42254,0.1167217
S-,30,17.1831,10.42254,0.1153722
S-,30,17.46479,10.42254,0.1148461
S-,30,17.74648,10.42254,0.115335
S-,30,18.02817,10.42254,0.1169332
S-,30,18.30986,10.42254,0.1196249
S-,30,18.59155,10.42254,0.1232843
S-,30,18.87324,10.42254,0.1276871
S-,30,19.15493,10.42254,0.1325339
S-,30,19.43662,10.42254,0.1374809
S-,30,19.71831,10.42254,0.1421759
S-,30,20.0,10.42254,0.1462958
S-,30,0.0,10.70423,0.143966
S-,30,0.28169,10.70423,0.1400199
S-,30,0.56338,10.70423,0.1354276
S-,30,0.84507,10.70423,0.1304567
S-,30,1.12676,10.70423,0.1253923
S-,30,1.40845,10.70423,0.120502
S-,30,1.69014,10.70423,0.1160029
S-,30,1.97183,10.70423,0.112036
S-,30,2.25352,10.70423,0.1086488
S-,30,2.53521,10.70423,0.1057902
S-,30,2.8169,10.70423,0.103317
S-,30,3.09859,10.70423,0.1010127
S-,30,3.38028,10.70423,0.0986156
S-,30,3.66197,10.70423,0.0958534
S-,30,3.94366,10.70423,0.0924805
S-,30,4.22535,10.70423,0.0883134
S-,30,4.50704,10.70423,0.08326
S-,30,4.78873,10.70423,0.0773404
S-,30,5.07042,10.70423,0.0706941
S-,30,5.35211,10.70423,0.0635751
S-,30,5.6338,10.70423,0.0563335
S-,30,5.91549,10.70423,0.049386
S-,30,6.19718,10.70423,0.0431781
S-,30,6.47887,10.70423,0.0381413
S-,30,6.76056,10.70423,0.0346512
S-,30,7.04225,10.70423,0.0329902
S-,30,7.32394,10.70423,0.0333181
S-,30,7.60563,10.70423,0.0356552
S-,30,7.88732,10.70423,0.0398793
S-,30,8.16901,10.70423,0.0457358
S-,30,8.4507,10.70423,0.0528618
S-,30,8.73239,10.70423,0.0608199
S-,30,9.01408,10.70423,0.0691392
S-,30,9.29577,10.70423,0.0773587
S-,30,9.57746,10.70423,0.085068
S-,30,9.85915,10.70423,0.0919424
S-,30,10.14085,10.70423,0.0977676
S-,30,10.42254,10.70423,0.1024517
S-,30,10.70423,10.70423,0.1060244
S-,30,10.98592,10.70423,0.1086229
S-,30,11.26761,10.70423,0.1104671
S-,30,11.5493,10.70423,0.1118262
S-,30,11.83099,10.70423,0.1129821
S-,30,12.11268,10.70423,0.1141928
S-,30,12.39437,10.70423,0.11566
S-,30,12.67606,10.70423,0.1175051
S-,30,12.95775,10.70423,0.1197564
S-,30,13.23944,10.70423,0.1223471
S-,30,13.52113,10.70423,0.1251268
S-,30,13.80282,10.70423,0.1278824
S-,30,14.08451,10.70423,0.1303678
S-,30,14.3662,10.70423,0.1323373
S-,30,14.64789,10.70423,0.1335794
S-,30,14.92958,10.70423,0.133947
S-,30,15.21127,10.70423,0.1333802
S-,30,15.49296,10.70423,0.1319186
S-,30,15.77465,10.70423,0.1297023
S-,30,16.05634,10.70423,0.1269607
S-,30,16.33803,10.70423,0.1239908
S-,30,16.61972,10.70423,0.1211269
S-,30,16.90141,10.70423,0.1187058
S-,30,17.1831,10.70423,0.1170304
S-,30,17.46479,10.70423,0.1163369
S-,30,17.74648,10.70423,0.1167686
S-,30,18.02817,10.70423,0.1183601
S-,30,18.30986,10.70423,0.1210324
S-,30,18.59155,10.70423,0.1246008
S-,30,18.87324,10.70423,0.1287947
S-,30,19.15493,10.70423,0.1332859
S-,30,19.43662,10.70423,0.1377237
S-,30,19.71831,10.70423,0.1417727
S-,30,20.0,10.70423,0.1451474
S-,30,0.0,10.98592,0.1453678
S-,30,0.28169,10.98592,0.1408333
S-,30,0.56338,10.98592,0.1358073
S-,30,0.84507,10.98592,0.1305777
S-,30,1.12676,10.98592,0.1254256
S-,30,1.40845,10.98592,0.1205915
S-,30,1.69014,10.98592,0.116246
S-,30,1.97183,10.98592,0.1124696
S-,30,2.25352,10.98592,0.1092426
S-,30,2.53521,10.98592,0.1064481
S-,30,2.8169,10.98592,0.1038869
S-,30,3.09859,10.98592,0.1013029
S-,30,3.38028,10.98592,0.0984163
S-,30,3.66197,10.98592,0.0949611
S-,30,3.94366,10.98592,0.0907222
S-,30,4.22535,10.98592,0.0855681
S-,30,4.50704,10.98592,0.0794756
S-,30,4.78873,10.98592,0.0725421
S-,30,5.07042,10.98592,0.0649863
S-,30,5.35211,10.98592,0.057134
S-,30,5.6338,10.98592,0.0493926
S-,30,5.91549,10.98592,0.0422155
S-,30,6.19718,10.98592,0.0360606
S-,30,6.47887,10.98592,0.0313469
S-,30,6.76056,10.98592,0.0284141
S-,30,7.04225,10.98592,0.0274894
S-,30,7.32394,10.98592,0.028665
S-,30,7.60563,10.98592,0.0318889
S-,30,7.88732,10.98592,0.0369694
S-,30,8.16901,10.98592,0.0435938
S-,30,8.4507,10.98592,0.0513584
S-,30,8.73239,10.98592,0.0598066
S-,30,9.01408,10.98592,0.0684716
S-,30,9.29577,10.98592,0.0769186
S-,30,9.57746,10.98592,0.0847823
S-,30,9.85915,10.98592,0.0917958
S-,30,10.14085,10.98592,0.0978075
S-,30,10.42254,10.98592,0.1027859
S-,30,10.70423,10.98592,0.1068101
S-,30,10.98592,10.98592,0.1100496
S-,30,11.26761,10.98592,0.1127341
S-,30,11.5493,10.98592,0.1151182
S-,30,11.83099,10.98592,0.1174456
S-,30,12.11268,10.98592,0.1199148
S-,30,12.39437,10.98592,0.1226532
S-,30,12.67606,10.98592,0.1257001
S-,30,12.95775,10.98592,0.1290023
S-,30,13.23944,10.98592,0.1324206
S-,30,13.52113,10.98592,0.1357488
S-,30,13.80282,10.98592,0.1387404
S-,30,14.08451,10.98592,0.1411416
S-,30,14.3662,10.98592,0.1427254
S-,30,14.64789,10.98592,0.1433236
S-,30,14.92958,10.98592,0.1428514
S-,30,15.21127,10.98592,0.1413243
S-,30,15.49296,10.98592,0.1388618
S-,30,15.77465,10.98592,0.1356801
S-,30,16.05634,10.98592,0.1320731
S-,30,16.33803,10.98592,0.1283841
S-,30,16.61972,10.98592,0.1249713
S-,30,16.90141,10.98592,0.1221711
S-,30,17.1831,10.98592,0.1202634
S-,30,17.46479,10.98592,0.1194418
S-,30,17.74648,10.98592,0.119794
S-,30,18.02817,10.98592,0.1212927
S-,30,18.30986,10.98592,0.1237993
S-,30,18.59155,10.98592,0.1270796
S-,30,18.87324,10.98592,0.1308294
S-,30,19.15493,10.98592,0.1347085
S-,30,19.43662,10.98592,0.138377
S-,30,19.71831,10.98592,0.1415328
S-,30,20.0,10.98592,0.1439435
S-,30,0.0,11.26761,0.1469697
S-,30,0.28169,11.26761,0.1421283
S-,30,0.56338,11.26761,0.1369595
S-,30,0.84507,11.26761,0.1317533
S-,30,1.12676,11.26761,0.12677
S-,30,1.40845,11.26761,0.1222079
S-,30,1.69014,11.26761,0.1181799
S-,30,1.97183,11.26761,0.1146993
S-,30,2.25352,11.26761,0.1116786
S-,30,2.53521,11.26761,0.10894
S-,30,2.8169,11.26761,0.1062375
S-,30,3.09859,11.26761,0.1032889
S-,30,3.38028,11.26761,0.0998118
S-,30,3.66197,11.26761,0.0955622
S-,30,3.94366,11.26761,0.0903702
S-,30,4.22535,11.26761,0.0841674
S-,30,4.50704,11.26761,0.0770059
S-,30,4.78873,11.26761,0.0690624
S-,30,5.07042,11.26761,0.0606306
S-,30,5.35211,11.26761,0.0520992
S-,30,5.6338,11.26761,0.0439202
S-,30,5.91549,11.26761,0.0365685
S-,30,6.19718,11.26761,0.0304987
S-,30,6.47887,11.26761,0.0261026
S-,30,6.76056,11.26761,0.0236723
S-,30,7.04225,11.26761,0.0238857
S-,30,7.32394,11.26761,0.0260166
S-,30,7.60563,11.26761,0.0291164
S-,30,7.88732,11.26761,0.0347875
S-,30,8.16901,11.26761,0.0418849
S-,30,8.4507,11.26761,0.0499817
S-,30,8.73239,11.26761,0.0586213
S-,30,9.01408,11.26761,0.06736
S-,30,9.29577,11.26761,0.0758058
S-,30,9.57746,11.26761,0.0836513
S-,30,9.85915,11.26761,0.0906945
S-,30,10.14085,11.26761,0.0968488
S-,30,10.42254,11.26761,0.1021387
S-,30,10.70423,11.26761,0.1066838
S-,30,10.98592,11.26761,0.1106721
S-,30,11.26761,11.26761,0.1143277
S-,30,11.5493,11.26761,0.1178745
S-,30,11.83099,11.26761,0.1215023
S-,30,12.11268,11.26761,0.1253383
S-,30,12.39437,11.26761,0.1294273
S-,30,12.67606,11.26761,0.1337236
S-,30,12.95775,11.26761,0.1380946
S-,30,13.23944,11.26761,0.1423356
S-,30,13.52113,11.26761,0.1461952
S-,30,13.80282,11.26761,0.1494068
S-,30,14.08451,11.26761,0.1517225
S-,30,14.3662,11.26761,0.1529469
S-,30,14.64789,11.26761,0.1529643
S-,30,14.92958,11.26761,0.1517586
S-,30,15.21127,11.26761,0.149421
S-,30,15.49296,11.26761,0.1461463
S-,30,15.77465,11.26761,0.1422173
S-,30,16.05634,11.26761,0.1379785
S-,30,16.33803,11.26761,0.1338031
S-,30,16.61972,11.26761,0.1300556
S-,30,16.90141,11.26761,0.1270556
S-,30,17.1831,11.26761,0.1250457
S-,30,17.46479,11.26761,0.124167
S-,30,17.74648,11.26761,0.1244465
S-,30,18.02817,11.26761,0.125796
S-,30,18.30986,11.26761,0.1280236
S-,30,18.59155,11.26761,0.1308564
S-,30,18.87324,11.26761,0.1339717
S-,30,19.15493,11.26761,0.1370335
S-,30,19.43662,11.26761,0.1397296
S-,30,19.71831,11.26761,0.1418063
S-,30,20.0,11.26761,0.1430955
S-,30,0.0,11.5493,0.1483518
S-,30,0.28169,11.5493,0.1435081
S-,30,0.56338,11.5493,0.1385063
S-,30,0.84507,11.5493,0.133621
S-,30,1.12676,11.5493,0.1290749
S-,30,1.40845,11.5493,0.1250112
S-,30,1.69014,11.5493,0.1214762
S-,30,1.97183,11.5493,0.1184129
S-,30,2.25352,11.5493,0.1156678
S-,30,2.53521,11.5493,0.1130095
S-,30,2.8169,11.5493,0.1101571
S-,30,3.09859,11.5493,0.106816
S-,30,3.38028,11.5493,0.1027163
S-,30,3.66197,11.5493,0.0976505
S-,30,3.94366,11.5493,0.091505
S-,30,4.22535,11.5493,0.0842824
S-,30,4.50704,11.5493,0.0761122
S-,30,4.78873,11.5493,0.0672477
S-,30,5.07042,11.5493,0.0580491
S-,30,5.35211,11.5493,0.0489561
S-,30,5.6338,11.5493,0.0404495
S-,30,5.91549,11.5493,0.0330091
S-,30,6.19718,11.5493,0.0270705
S-,30,6.47887,11.5493,0.0229847
S-,30,6.76056,11.5493,0.0209873
S-,30,7.04225,11.5493,0.021537
S-,30,7.32394,11.5493,0.0241175
S-,30,7.60563,11.5493,0.0278066
S-,30,7.88732,11.5493,0.0337673
S-,30,8.16901,11.5493,0.0410097
S-,30,8.4507,11.5493,0.0491031
S-,30,8.73239,11.5493,0.0576106
S-,30,9.01408,11.5493,0.0661294
S-,30,9.29577,11.5493,0.0743256
S-,30,9.57746,11.5493,0.0819593
S-,30,9.85915,11.5493,0.0888986
S-,30,10.14085,11.5493,0.0951206
S-,30,10.42254,11.5493,0.1006993
S-,30,10.70423,11.5493,0.1057837
S-,30,10.98592,11.5493,0.1105671
S-,30,11.26761,11.5493,0.1152524
S-,30,11.5493,11.5493,0.1200182
S-,30,11.83099,11.5493,0.1249887
S-,30,12.11268,11.5493,0.1302109
S-,30,12.39437,11.5493,0.1356436
S-,30,12.67606,11.5493,0.1411573
S-,30,12.95775,11.5493,0.1465462
S-,30,13.23944,11.5493,0.1515505
S-,30,13.52113,11.5493,0.1558868
S-,30,13.80282,11.5493,0.1592821
S-,30,14.08451,11.5493,0.1615083
S-,30,14.3662,11.5493,0.1624123
S-,30,14.64789,11.5493,0.1619389
S-,30,14.92958,11.5493,0.1601422
S-,30,15.21127,11.5493,0.1571864
S-,30,15.49296,11.5493,0.1533334
S-,30,15.77465,11.5493,0.1489194
S-,30,16.05634,11.5493,0.1443234
S-,30,16.33803,11.5493,0.1399304
S-,30,16.61972,11.5493,0.1360937
S-,30,16.90141,11.5493,0.1331
S-,30,17.1831,11.5493,0.1311422
S-,30,17.46479,11.5493,0.1303015
S-,30,17.74648,11.5493,0.1305422
S-,30,18.02817,11.5493,0.1317187
S-,30,18.30986,11.5493,0.1335944
S-,30,18.59155,11.5493,0.1358705
S-,30,18.87324,11.5493,0.1382206
S-,30,19.15493,11.5493,0.140329
S-,30,19.43662,11.5493,0.1419258
S-,30,19.71831,11.5493,0.1428178
S-,30,20.0,11.5493,0.1429094
S-,30,0.0,11.83099,0.1491149
S-,30,0.28169,11.83099,0.1445654
S-,30,0.56338,11.83099,0.1400285
S-,30,0.84507,11.83099,0.1357466
S-,30,1.12676,11.83099,0.1318901
S-,30,1.40845,11.83099,0.1285368
S-,30,1.69014,11.83099,0.1256606
S-,30,1.97183,11.83099,0.1231344
S-,30,2.25352,11.83099,0.120744
S-,30,2.53521,11.83099,0.1182139
S-,30,2.8169,11.83099,0.1152409
S-,30,3.09859,11.83099,0.1115327
S-,30,3.38028,11.83099,0.1068459
S-,30,3.66197,11.83099,0.1010211
S-,30,3.94366,11.83099,0.0940095
S-,30,4.22535,11.83099,0.0858876
S-,30,4.50704,11.83099,0.0768608
S-,30,4.78873,11.83099,0.067251
S-,30,5.07042,11.83099,0.0574735
S-,30,5.35211,11.83099,0.0480029
S-,30,5.6338,11.83099,0.0393316
S-,30,5.91549,11.83099,0.0319274
S-,30,6.19718,11.83099,0.0261909
S-,30,6.47887,11.83099,0.0224212
S-,30,6.76056,11.83099,0.0207903
S-,30,7.04225,11.83099,0.0213305
S-,30,7.32394,11.83099,0.0239353
S-,30,7.60563,11.83099,0.0283743
S-,30,7.88732,11.83099,0.0343186
S-,30,8.16901,11.83099,0.0413766
S-,30,8.4507,11.83099,0.0491332
S-,30,8.73239,11.83099,0.0571898
S-,30,9.01408,11.83099,0.065201
S-,30,9.29577,11.83099,0.0729029
S-,30,9.57746,11.83099,0.0801303
S-,30,9.85915,11.83099,0.0868227
S-,30,10.14085,11.83099,0.093017
S-,30,10.42254,11.83099,0.0988281
S-,30,10.70423,11.83099,0.1044226
S-,30,10.98592,11.83099,0.1099847
S-,30,11.26761,11.83099,0.115683
S-,30,11.5493,11.83099,0.1216387
S-,30,11.83099,11.83099,0.1279015
S-,30,12.11268,11.83099,0.1344345
S-,30,12.39437,11.83099,0.1411111
S-,30,12.67606,11.83099,0.1477237
S-,30,12.95775,11.83099,0.1540036
S-,30,13.23944,11.83099,0.159649
S-,30,13.52113,11.83099,0.1643594
S-,30,13.80282,11.83099,0.1678704
S-,30,14.08451,11.83099,0.169986
S-,30,14.3662,11.83099,0.1706051
S-,30,14.64789,11.83099,0.1697368
S-,30,14.92958,11.83099,0.167505
S-,30,15.21127,11.83099,0.1641405
S-,30,15.49296,11.83099,0.1599605
S-,30,15.77465,11.83099,0.1553395
S-,30,16.05634,11.83099,0.1506734
S-,30,16.33803,11.83099,0.1463405
S-,30,16.61972,11.83099,0.1426658
S-,30,16.90141,11.83099,0.1398891
S-,30,17.1831,11.83099,0.1381438
S-,30,17.46479,11.83099,0.1374467
S-,30,17.74648,11.83099,0.1377003
S-,30,18.02817,11.83099,0.1387079
S-,30,18.30986,11.83099,0.1401989
S-,30,18.59155,11.83099,0.1418619
S-,30,18.87324,11.83099,0.1433821
S-,30,19.15493,11.83099,0.1444781
S-,30,19.43662,11.83099,0.1449348
S-,30,19.71831,11.83099,0.1446277
S-,30,20.0,11.83099,0.1435373
S-,30,0.0,12.11268,0.1489512
S-,30,0.28169,12.11268,0.1449549
S-,30,0.56338,12.11268,0.1411392
S-,30,0.84507,12.11268,0.1376986
S-,30,1.12676,12.11268,0.13474
S-,30,1.40845,12.11268,0.1322684
S-,30,1.69014,12.11268,0.1301839
S-,30,1.97183,12.11268,0.1282926
S-,30,2.25352,12.11268,0.1263278
S-,30,2.53521,12.11268,0.1239819
S-,30,2.8169,12.11268,0.1209432
S-,30,3.09859,12.11268,0.1169353
S-,30,3.38028,12.11268,0.1117538
S-,30,3.66197,12.11268,0.1052967
S-,30,3.94366,12.11268,0.0975839
S-,30,4.22535,12.11268,0.0887657
S-,30,4.50704,12.11268,0.0791163
S-,30,4.78873,12.11268,0.0690153
S-,30,5.07042,12.11268,0.0589174
S-,30,5.35211,12.11268,0.0493143
S-,30,5.6338,12.11268,0.0406919
S-,30,5.91549,12.11268,0.0334879
S-,30,6.19718,12.11268,0.0280547
S-,30,6.47887,12.11268,0.0246292
S-,30,6.76056,12.11268,0.0233163
S-,30,7.04225,12.11268,0.0240833
S-,30,7.32394,12.11268,0.0267697
S-,30,7.60563,12.11268,0.031108
S-,30,7.88732,12.11268,0.0367549
S-,30,8.16901,12.11268,0.0433287
S-,30,8.4507,12.11268,0.0504485
S-,30,8.73239,12.11268,0.0577709
S-,30,9.01408,12.11268,0.0650212
S-,30,9.29577,12.11268,0.0720139
S-,30,9.57746,12.11268,0.0786622
S-,30,9.85915,12.11268,0.084975
S-,30,10.14085,12.11268,0.0910417
S-,30,10.42254,12.11268,0.0970083
S-,30,10.70423,12.11268,0.1030455
S-,30,10.98592,12.11268,0.109316
S-,30,11.26761,12.11268,0.1159418
S-,30,11.5493,12.11268,0.1229782
S-,30,11.83099,12.11268,0.1303957
S-,30,12.11268,12.11268,0.1380735
S-,30,12.39437,12.11268,0.1458052
S-,30,12.67606,12.11268,0.1533151
S-,30,12.95775,12.11268,0.1602849
S-,30,13.23944,12.11268,0.1663867
S-,30,13.52113,12.11268,0.1713187
S-,30,13.80282,12.11268,0.1748395
S-,30,14.08451,12.11268,0.1767972
S-,30,14.3662,12.11268,0.1771492
S-,30,14.64789,12.11268,0.1759709
S-,30,14.92958,12.11268,0.1734519
S-,30,15.21127,12.11268,0.1698801
S-,30,15.49296,12.11268,0.1656144
S-,30,15.77465,12.11268,0.1610509
S-,30,16.05634,12.11268,0.156584
S-,30,16.33803,12.11268,0.1525684
S-,30,16.61972,12.11268,0.1492849
S-,30,16.90141,12.11268,0.1469152
S-,30,17.1831,12.11268,0.1455268
S-,30,17.46479,12.11268,0.1450708
S-,30,17.74648,12.11268,0.1453923
S-,30,18.02817,12.11268,0.1462521
S-,30,18.30986,12.11268,0.1473578
S-,30,18.59155,12.11268,0.1483995
S-,30,18.87324,12.11268,0.149088
S-,30,19.15493,12.11268,0.1491885
S-,30,19.43662,12.11268,0.1485493
S-,30,19.71831,12.11268,0.1471193
S-,30,20.0,12.11268,0.1449544
S-,30,0.0,12.39437,0.1477016
S-,30,0.28169,12.39437,0.1444563
S-,30,0.56338,12.39437,0.1415509
S-,30,0.84507,12.39437,0.1391201
S-,30,1.12676,12.39437,0.137199
S-,30,1.40845,12.39437,0.1357168
S-,30,1.69014,12.39437,0.1345023
S-,30,1.97183,12.39437,0.1333017
S-,30,2.25352,12.39437,0.131807
S-,30,2.53521,12.39437,0.1296918
S-,30,2.8169,12.39437,0.1266502
S-,30,3.09859,12.39437,0.1224351
S-,30,3.38028,12.39437,0.1168911
S-,30,3.66197,12.39437,0.1099793
S-,30,3.94366,12.39437,0.1017898
S-,30,4.22535,12.39437,0.0925409
S-,30,4.50704,12.39437,0.082566
S-,30,4.78873,12.39437,0.0722873
S-,30,5.07042,12.39437,0.0621813
S-,30,5.35211,12.39437,0.0527373
S-,30,5.6338,12.39437,0.0444158
S-,30,5.91549,12.39437,0.0376087
S-,30,6.19718,12.39437,0.0326072
S-,30,6.47887,12.39437,0.0295797
S-,30,6.76056,12.39437,0.0285623
S-,30,7.04225,12.39437,0.0294627
S-,30,7.32394,12.39437,0.032076
S-,30,7.60563,12.39437,0.0361124
S-,30,7.88732,12.39437,0.0412308
S-,30,8.16901,12.39437,0.0470773
S-,30,8.4507,12.39437,0.0533217
S-,30,8.73239,12.39437,0.0596895
S-,30,9.01408,12.39437,0.0659863
S-,30,9.29577,12.39437,0.0721097
S-,30,9.57746,12.39437,0.0780505
S-,30,9.85915,12.39437,0.0838813
S-,30,10.14085,12.39437,0.089735
S-,30,10.42254,12.39437,0.0957758
S-,30,10.70423,12.39437,0.1021664
S-,30,10.98592,12.39437,0.1090355
S-,30,11.26761,12.39437,0.1164494
S-,30,11.5493,12.39437,0.1243917
S-,30,11.83099,12.39437,0.1327535
S-,30,12.11268,12.39437,0.1413346
S-,30,12.39437,12.39437,0.1498582
S-,30,12.67606,12.39437,0.1579939
S-,30,12.95775,12.39437,0.1653903
S-,30,13.23944,12.39437,0.1717103
S-,30,13.52113,12.39437,0.1766672
S-,30,13.80282,12.39437,0.1800566
S-,30,14.08451,12.39437,0.1817799
S-,30,14.3662,12.39437,0.1818578
S-,30,14.64789,12.39437,0.1804307
S-,30,14.92958,12.39437,0.1777472
S-,30,15.21127,12.39437,0.1741405
S-,30,15.49296,12.39437,0.1699964
S-,30,15.77465,12.39437,0.165715
S-,30,16.05634,12.39437,0.1616721
S-,30,16.33803,12.39437,0.1581827
S-,30,16.61972,12.39437,0.1554713
S-,30,16.90141,12.39437,0.1536535
S-,30,17.1831,12.39437,0.1527281
S-,30,17.46479,12.39437,0.152583
S-,30,17.74648,12.39437,0.1530132
S-,30,18.02817,12.39437,0.1537484
S-,30,18.30986,12.39437,0.1544874
S-,30,18.59155,12.39437,0.1549361
S-,30,18.87324,12.39437,0.1548428
S-,30,19.15493,12.39437,0.1540296
S-,30,19.43662,12.39437,0.1524133
S-,30,19.71831,12.39437,0.1500167
S-,30,20.0,12.39437,0.1469659
S-,30,0.0,12.67606,0.1453892
S-,30,0.28169,12.67606,0.1430157
S-,30,0.56338,12.67606,0.1411262
S-,30,0.84507,12.67606,0.1397866
S-,30,1.12676,12.67606,0.1389567
S-,30,1.40845,12.67606,0.1384913
S-,30,1.69014,12.67606,0.1381538
S-,30,1.97183,12.67606,0.1376415
S-,30,2.25352,12.67606,0.1366185
S-,30,2.53521,12.67606,0.1347544
S-,30,2.8169,12.67606,0.1317633
S-,30,3.09859,12.67606,0.1274389
S-,30,3.38028,12.67606,0.1216831
S-,30,3.66197,12.67606,0.1145228
S-,30,3.94366,12.67606,0.1061149
S-,30,4.22535,12.67606,0.096738
S-,30,4.50704,12.67606,0.0867707
S-,30,4.78873,12.67606,0.0766609
S-,30,5.07042,12.67606,0.0668872
S-,30,5.35211,12.67606,0.0579174
S-,30,5.6338,12.67606,0.0501685
S-,30,5.91549,12.67606,0.043972
S-,30,6.19718,12.67606,0.0395484
S-,30,6.47887,12.67606,0.0369934
S-,30,6.76056,12.67606,0.0362762
S-,30,7.04225,12.67606,0.037252
S-,30,7.32394,12.67606,0.0396838
S-,30,7.60563,12.67606,0.0432742
S-,30,7.88732,12.67606,0.0477008
S-,30,8.16901,12.67606,0.0526532
S-,30,8.4507,12.67606,0.0578655
S-,30,8.73239,12.67606,0.0631424
S-,30,9.01408,12.67606,0.0683745
S-,30,9.29577,12.67606,0.0735429
S-,30,9.57746,12.67606,0.078711
S-,30,9.85915,12.67606,0.0840062
S-,30,10.14085,12.67606,0.0895928
S-,30,10.42254,12.67606,0.0956404
S-,30,10.70423,12.67606,0.1022907
S-,30,10.98592,12.67606,0.1096282
S-,30,11.26761,12.67606,0.1176566
S-,30,11.5493,12.67606,0.1262861
S-,30,11.83099,12.67606,0.1353312
S-,30,12.11268,12.67606,0.1445214
S-,30,12.39437,12.67606,0.1535222
S-,30,12.67606,12.67606,0.1619649
S-,30,12.95775,12.67606,0.1694827
S-,30,13.23944,12.67606,0.1757473
S-,30,13.52113,12.67606,0.1805027
S-,30,13.80282,12.67606,0.1835936
S-,30,14.08451,12.67606,0.1849821
S-,30,14.3662,12.67606,0.1847537
S-,30,14.64789,12.67606,0.1831101
S-,30,14.92958,12.67606,0.1803495
S-,30,15.21127,12.67606,0.1768376
S-,30,15.49296,12.67606,0.1729706
S-,30,15.77465,12.67606,0.1691365
S-,30,16.05634,12.67606,0.1656764
S-,30,16.33803,12.67606,0.1628527
S-,30,16.61972,12.67606,0.160825
S-,30,16.90141,12.67606,0.1596384
S-,30,17.1831,12.67606,0.1592246
S-,30,17.46479,12.67606,0.1594146
S-,30,17.74648,12.67606,0.1599636
S-,30,18.02817,12.67606,0.1605831
S-,30,18.30986,12.67606,0.1609775
S-,30,18.59155,12.67606,0.1608814
S-,30,18.87324,12.67606,0.1600917
S-,30,19.15493,12.67606,0.1584938
S-,30,19.43662,12.67606,0.1560752
S-,30,19.71831,12.67606,0.1529286
S-,30,20.0,12.67606,0.1492417
S-,30,0.0,12.95775,0.1422251
S-,30,0.28169,12.95775,0.1407615
S-,30,0.56338,12.95775,0.1399029
S-,30,0.84507,12.95775,0.139642
S-,30,1.12676,12.95775,0.1398635
S-,30,1.40845,12.95775,0.1403537
S-,30,1.69014,12.95775,0.1408209
S-,30,1.97183,12.95775,0.140927
S-,30,2.25352,12.95775,0.1403236
S-,30,2.53521,12.95775,0.138692
S-,30,2.8169,12.95775,0.1357795
S-,30,3.09859,12.95775,0.1314311
S-,30,3.38028,12.95775,0.125611
S-,30,3.66197,12.95775,0.1184116
S-,30,3.94366,12.95775,0.1100508
S-,30,4.22535,12.95775,0.1008555
S-,30,4.50704,12.95775,0.0912342
S-,30,4.78873,12.95775,0.0816416
S-,30,5.07042,12.95775,0.072539
S-,30,5.35211,12.95775,0.0643537
S-,30,5.6338,12.95775,0.0574434
S-,30,5.91549,12.95775,0.0520675
S-,30,6.19718,12.95775,0.0483692
S-,30,6.47887,12.95775,0.0463704
S-,30,6.76056,12.95775,0.0459787
S-,30,7.04225,12.95775,0.0470059
S-,30,7.32394,12.95775,0.0491961
S-,30,7.60563,12.95775,0.0522591
S-,30,7.88732,12.95775,0.0559064
S-,30,8.16901,12.95775,0.0598841
S-,30,8.4507,12.95775,0.0640007
S-,30,8.73239,12.95775,0.0681454
S-,30,9.01408,12.95775,0.0722946
S-,30,9.29577,12.95775,0.0765084
S-,30,9.57746,12.95775,0.0809138
S-,30,9.85915,12.95775,0.085681
S-,30,10.14085,12.95775,0.0909919
S-,30,10.42254,12.95775,0.0970076
S-,30,10.70423,12.95775,0.103837
S-,30,10.98592,12.95775,0.1115117
S-,30,11.26761,12.95775,0.1199691
S-,30,11.5493,12.95775,0.1290473
S-,30,11.83099,12.95775,0.1384915
S-,30,12.11268,12.95775,0.147972
S-,30,12.39437,12.95775,0.1571126
S-,30,12.67606,12.95775,0.1655245
S-,30,12.95775,12.95775,0.1728439
S-,30,13.23944,12.95775,0.1787683
S-,30,13.52113,12.95775,0.183087
S-,30,13.80282,12.95775,0.1857033
S-,30,14.08451,12.95775,0.1866446
S-,30,14.3662,12.95775,0.18606
S-,30,14.64789,12.95775,0.1842056
S-,30,14.92958,12.95775,0.1814183
S-,30,15.21127,12.95775,0.1780818
S-,30,15.49296,12.95775,0.1745872
S-,30,15.77465,12.95775,0.1712948
S-,30,16.05634,12.95775,0.1684982
S-,30,16.33803,12.95775,0.1663973
S-,30,16.61972,12.95775,0.165082
S-,30,16.90141,12.95775,0.1645277
S-,30,17.1831,12.95775,0.1646039
S-,30,17.46479,12.95775,0.1650948
S-,30,17.74648,12.95775,0.1657288
S-,30,18.02817,12.95775,0.1662137
S-,30,18.30986,12.95775,0.1662737
S-,30,18.59155,12.95775,0.1656841
S-,30,18.87324,12.95775,0.1642994
S-,30,19.15493,12.95775,0.1620718
S-,30,19.43662,12.95775,0.1590577
S-,30,19.71831,12.95775,0.1554128
S-,30,20.0,12.95775,0.1513745
S-,30,0.0,13.23944,0.1385833
S-,30,0.28169,13.23944,0.1379897
S-,30,0.56338,13.23944,0.1380906
S-,30,0.84507,13.23944,0.1388052
S-,30,1.12676,13.23944,0.1399483
S-,30,1.40845,13.23944,0.141247
S-,30,1.69014,13.23944,0.1423685
S-,30,1.97183,13.23944,0.142955
S-,30,2.25352,13.23944,0.1426627
S-,30,2.53521,13.23944,0.1411994
S-,30,2.8169,13.23944,0.1383586
S-,30,3.09859,13.23944,0.1340444
S-,30,3.38028,13.23944,0.1282857
S-,30,3.66197,13.23944,0.1212375
S-,30,3.94366,13.23944,0.1131696
S-,30,4.22535,13.23944,0.1044435
S-,30,4.50704,13.23944,0.0954804
S-,30,4.78873,13.23944,0.0867231
S-,30,5.07042,13.23944,0.0785968
S-,30,5.35211,13.23944,0.0714718
S-,30,5.6338,13.23944,0.0656331
S-,30,5.91549,13.23944,0.0612596
S-,30,6.19718,13.23944,0.0584146
S-,30,6.47887,13.23944,0.057049
S-,30,6.76056,13.23944,0.0570158
S-,30,7.04225,13.23944,0.0580953
S-,30,7.32394,13.23944,0.0600261
S-,30,7.60563,13.23944,0.0625397
S-,30,7.88732,13.23944,0.0653939
S-,30,8.16901,13.23944,0.0684018
S-,30,8.4507,13.23944,0.0714521
S-,30,8.73239,13.23944,0.0745192
S-,30,9.01408,13.23944,0.0776615
S-,30,9.29577,13.23944,0.0810088
S-,30,9.57746,13.23944,0.0847397
S-,30,9.85915,13.23944,0.0890523
S-,30,10.14085,13.23944,0.094131
S-,30,10.42254,13.23944,0.1001147
S-,30,10.70423,13.23944,0.1070688
S-,30,10.98592,13.23944,0.1149658
S-,30,11.26761,13.23944,0.1236755
S-,30,11.5493,13.23944,0.1329688
S-,30,11.83099,13.23944,0.1425311
S-,30,12.11268,13.23944,0.1519885
S-,30,12.39437,13.23944,0.16094
S-,30,12.67606,13.23944,0.1689951
S-,30,12.95775,13.23944,0.1758115
S-,30,13.23944,13.23944,0.1811281
S-,30,13.52113,13.23944,0.1847912
S-,30,13.80282,13.23944,0.1867695
S-,30,14.08451,13.23944,0.1871566
S-,30,14.3662,13.23944,0.1861611
S-,30,14.64789,13.23944,0.1840844
S-,30,14.92958,13.23944,0.1812894
S-,30,15.21127,13.23944,0.1781628
S-,30,15.49296,13.23944,0.1750761
S-,30,15.77465,13.23944,0.1723482
S-,30,16.05634,13.23944,0.1702152
S-,30,16.33803,13.23944,0.1688092
S-,30,16.61972,13.23944,0.1681495
S-,30,16.90141,13.23944,0.1681463
S-,30,17.1831,13.23944,0.1686168
S-,30,17.46479,13.23944,0.1693111
S-,30,17.74648,13.23944,0.1699457
S-,30,18.02817,13.23944,0.1702402
S-,30,18.30986,13.23944,0.1699524
S-,30,18.59155,13.23944,0.1689092
S-,30,18.87324,13.23944,0.1670284
S-,30,19.15493,13.23944,0.1643298
S-,30,19.43662,13.23944,0.1609342
S-,30,19.71831,13.23944,0.15705
S-,30,20.0,13.23944,0.1529499
S-,30,0.0,13.52113,0.1349498
S-,30,0.28169,13.52113,0.1351217
S-,30,0.56338,13.52113,0.1360383
S-,30,0.84507,13.52113,0.1375489
S-,30,1.12676,13.52113,0.1394072
S-,30,1.40845,13.52113,0.1412945
S-,30,1.69014,13.52113,0.1428531
S-,30,1.97183,13.52113,0.1437233
S-,30,2.25352,13.52113,0.1435824
S-,30,2.53521,13.52113,0.1421799
S-,30,2.8169,13.52113,0.139366
S-,30,3.09859,13.52113,0.1351094
S-,30,3.38028,13.52113,0.1295035
S-,30,3.66197,13.52113,0.1227599
S-,30,3.94366,13.52113,0.1151892
S-,30,4.22535,13.52113,0.1071726
S-,30,4.50704,13.52113,0.0991265
S-,30,4.78873,13.52113,0.0914638
S-,30,5.07042,13.52113,0.0845568
S-,30,5.35211,13.52113,0.0787049
S-,30,5.6338,13.52113,0.0741114
S-,30,5.91549,13.52113,0.0708702
S-,30,6.19718,13.52113,0.0689659
S-,30,6.47887,13.52113,0.0682843
S-,30,6.76056,13.52113,0.0686346
S-,30,7.04225,13.52113,0.0697781
S-,30,7.32394,13.52113,0.0714616
S-,30,7.60563,13.52113,0.0734513
S-,30,7.88732,13.52113,0.075562
S-,30,8.16901,13.52113,0.0776801
S-,30,8.4507,13.52113,0.0797759
S-,30,8.73239,13.52113,0.0819055
S-,30,9.01408,13.52113,0.0842008
S-,30,9.29577,13.52113,0.0868487
S-,30,9.57746,13.52113,0.0900641
S-,30,9.85915,13.52113,0.0940564
S-,30,10.14085,13.52113,0.0989972
S-,30,10.42254,13.52113,0.10499
S-,30,10.70423,13.52113,0.1120476
S-,30,10.98592,13.52113,0.1200795
S-,30,11.26761,13.52113,0.1288901
S-,30,11.5493,13.52113,0.1381901
S-,30,11.83099,13.52113,0.147618
S-,30,12.11268,13.52113,0.1567709
S-,30,12.39437,13.52113,0.1652416
S-,30,12.67606,13.52113,0.1726561
S-,30,12.95775,13.52113,0.1787096
S-,30,13.23944,13.52113,0.1831958
S-,30,13.52113,13.52113,0.1860263
S-,30,13.80282,13.52113,0.1872386
S-,30,14.08451,13.52113,0.1869901
S-,30,14.3662,13.52113,0.1855415
S-,30,14.64789,13.52113,0.1832281
S-,30,14.92958,13.52113,0.1804248
S-,30,15.21127,13.52113,0.1775069
S-,30,15.49296,13.52113,0.1748124
S-,30,15.77465,13.52113,0.1726085
S-,30,16.05634,13.52113,0.1710669
S-,30,16.33803,13.52113,0.1702502
S-,30,16.61972,13.52113,0.170111
S-,30,16.90141,13.52113,0.1705031
S-,30,17.1831,13.52113,0.1712037
S-,30,17.46479,13.52113,0.1719445
S-,30,17.74648,13.52113,0.1724465
S-,30,18.02817,13.52113,0.1724562
S-,30,18.30986,13.52113,0.1717781
S-,30,18.59155,13.52113,0.1702992
S-,30,18.87324,13.52113,0.1680042
S-,30,19.15493,13.52113,0.1649785
S-,30,19.43662,13.52113,0.1613994
S-,30,19.71831,13.52113,0.1575159
S-,30,20.0,13.52113,0.15362
S-,30,0.0,13.80282,0.1318521
S-,30,0.28169,13.80282,0.1326409
S-,30,0.56338,13.80282,0.1341781
S-,30,0.84507,13.80282,0.136251
S-,30,1.12676,13.80282,0.1385643
S-,30,1.40845,13.80282,0.1407696
S-,30,1.69014,13.80282,0.142502
S-,30,1.97183,13.80282,0.1434181
S-,30,2.25352,13.80282,0.1432329
S-,30,2.53521,13.80282,0.1417505
S-,30,2.8169,13.80282,0.1388859
S-,30,3.09859,13.80282,0.1346754
S-,30,3.38028,13.80282,0.1292741
S-,30,3.66197,13.80282,0.1229417
S-,30,3.94366,13.80282,0.1160169
S-,30,4.22535,13.80282,0.1088851
S-,30,4.50704,13.80282,0.1019409
S-,30,4.78873,13.80282,0.0955511
S-,30,5.07042,13.80282,0.0900214
S-,30,5.35211,13.80282,0.0855706
S-,30,5.6338,13.80282,0.0823148
S-,30,5.91549,13.80282,0.0802636
S-,30,6.19718,13.80282,0.0793278
S-,30,6.47887,13.80282,0.079338
S-,30,6.76056,13.80282,0.0800717
S-,30,7.04225,13.80282,0.0812852
S-,30,7.32394,13.80282,0.0827473
S-,30,7.60563,13.80282,0.0842698
S-,30,7.88732,13.80282,0.0857321
S-,30,8.16901,13.80282,0.0870964
S-,30,8.4507,13.80282,0.0884126
S-,30,8.73239,13.80282,0.0898107
S-,30,9.01408,13.80282,0.0914832
S-,30,9.29577,13.80282,0.0936593
S-,30,9.57746,13.80282,0.0965721
S-,30,9.85915,13.80282,0.1004258
S-,30,10.14085,13.80282,0.1053634
S-,30,10.42254,13.80282,0.1114415
S-,30,10.70423,13.80282,0.1186139
S-,30,10.98592,13.80282,0.1267256
S-,30,11.26761,13.80282,0.1355204
S-,30,11.5493,13.80282,0.1446586
S-,30,11.83099,13.80282,0.1537455
S-,30,12.11268,13.80282,0.1623667
S-,30,12.39437,13.80282,0.1701258
S-,30,12.67606,13.80282,0.176682
S-,30,12.95775,13.80282,0.1817822
S-,30,13.23944,13.80282,0.1852844
S-,30,13.52113,13.80282,0.1871703
S-,30,13.80282,13.80282,0.1875452
S-,30,14.08451,13.80282,0.1866246
S-,30,14.3662,13.80282,0.1847106
S-,30,14.64789,13.80282,0.1821594
S-,30,14.92958,13.80282,0.1793432
S-,30,15.21127,13.80282,0.1766121
S-,30,15.49296,13.80282,0.1742588
S-,30,15.77465,13.80282,0.1724908
S-,30,16.05634,13.80282,0.1714124
S-,30,16.33803,13.80282,0.1710192
S-,30,16.61972,13.80282,0.1712044
S-,30,16.90141,13.80282,0.1717775
S-,30,17.1831,13.80282,0.1724912
S-,30,17.46479,13.80282,0.1730754
S-,30,17.74648,13.80282,0.1732726
S-,30,18.02817,13.80282,0.1728711
S-,30,18.30986,13.80282,0.1717328
S-,30,18.59155,13.80282,0.1698112
S-,30,18.87324,13.80282,0.1671586
S-,30,19.15493,13.80282,0.1639214
S-,30,19.43662,13.80282,0.1603232
S-,30,19.71831,13.80282,0.1566398
S-,30,20.0,13.80282,0.1531664
S-,30,0.0,14.08451,0.1297806
S-,30,0.28169,14.08451,0.1310167
S-,30,0.56338,14.08451,0.1329544
S-,30,0.84507,14.08451,0.1353293
S-,30,1.12676,14.08451,0.1378121
S-,30,1.40845,14.08451,0.1400423
S-,30,1.69014,14.08451,0.1416663
S-,30,1.97183,14.08451,0.1423745
S-,30,2.25352,14.08451,0.1419343
S-,30,2.53521,14.08451,0.1402151
S-,30,2.8169,14.08451,0.1372024
S-,30,3.09859,14.08451,0.1329997
S-,30,3.38028,14.08451,0.1278182
S-,30,3.66197,14.08451,0.1219551
S-,30,3.94366,14.08451,0.1157638
S-,30,4.22535,14.08451,0.1096182
S-,30,4.50704,14.08451,0.1038758
S-,30,4.78873,14.08451,0.098844
S-,30,5.07042,14.08451,0.0947517
S-,30,5.35211,14.08451,0.0917313
S-,30,5.6338,14.08451,0.0898118
S-,30,5.91549,14.08451,0.0889229
S-,30,6.19718,14.08451,0.0889109
S-,30,6.47887,14.08451,0.0895639
S-,30,6.76056,14.08451,0.0906419
S-,30,7.04225,14.08451,0.0919109
S-,30,7.32394,14.08451,0.093174
S-,30,7.60563,14.08451,0.0942978
S-,30,7.88732,14.08451,0.0952309
S-,30,8.16901,14.08451,0.0960108
S-,30,8.4507,14.08451,0.0967601
S-,30,8.73239,14.08451,0.0976715
S-,30,9.01408,14.08451,0.0989835
S-,30,9.29577,14.08451,0.1009491
S-,30,9.57746,14.08451,0.1038022
S-,30,9.85915,14.08451,0.1077243
S-,30,10.14085,14.08451,0.1128161
S-,30,10.42254,14.08451,0.119078
S-,30,10.70423,14.08451,0.1264003
S-,30,10.98592,14.08451,0.1345658
S-,30,11.26761,14.08451,0.1432643
S-,30,11.5493,14.08451,0.1521181
S-,30,11.83099,14.08451,0.1607143
S-,30,12.11268,14.08451,0.1686434
S-,30,12.39437,14.08451,0.1755362
S-,30,12.67606,14.08451,0.1810995
S-,30,12.95775,14.08451,0.1851423
S-,30,13.23944,14.08451,0.1875927
S-,30,13.52113,14.08451,0.1885031
S-,30,13.80282,14.08451,0.1880414
S-,30,14.08451,14.08451,0.1864719
S-,30,14.3662,14.08451,0.1841254
S-,30,14.64789,14.08451,0.1813639
S-,30,14.92958,14.08451,0.1785425
S-,30,15.21127,14.08451,0.1759729
S-,30,15.49296,14.08451,0.1738932
S-,30,15.77465,14.08451,0.1724462
S-,30,16.05634,14.08451,0.1716694
S-,30,16.33803,14.08451,0.171497
S-,30,16.61972,14.08451,0.1717739
S-,30,16.90141,14.08451,0.1722796
S-,30,17.1831,14.08451,0.1727595
S-,30,17.46479,14.08451,0.1729592
S-,30,17.74648,14.08451,0.1726586
S-,30,18.02817,14.08451,0.171701
S-,30,18.30986,14.08451,0.1700146
S-,30,18.59155,14.08451,0.1676226
S-,30,18.87324,14.08451,0.1646431
S-,30,19.15493,14.08451,0.1612756
S-,30,19.43662,14.08451,0.1577789
S-,30,19.71831,14.08451,0.1544407
S-,30,20.0,14.08451,0.1515436
S-,30,0.0,14.3662,0.1291132
S-,30,0.28169,14.3662,0.1306296
S-,30,0.56338,14.3662,0.1327488
S-,30,0.84507,14.3662,0.1351679
S-,30,1.12676,14.3662,0.1375399
S-,30,1.40845,14.3662,0.1395104
S-,30,1.69014,14.3662,0.140755
S-,30,1.97183,14.3662,0.1410137
S-,30,2.25352,14.3662,0.1401188
S-,30,2.53521,14.3662,0.1380125
S-,30,2.8169,14.3662,0.1347527
S-,30,3.09859,14.3662,0.1305067
S-,30,3.38028,14.3662,0.1255334
S-,30,3.66197,14.3662,0.120156
S-,30,3.94366,14.3662,0.114728
S-,30,4.22535,14.3662,0.1095974
S-,30,4.50704,14.3662,0.1050714
S-,30,4.78873,14.3662,0.1013875
S-,30,5.07042,14.3662,0.098692
S-,30,5.35211,14.3662,0.0970304
S-,30,5.6338,14.3662,0.0963484
S-,30,5.91549,14.3662,0.096505
S-,30,6.19718,14.3662,0.0972951
S-,30,6.47887,14.3662,0.098479
S-,30,6.76056,14.3662,0.0998151
S-,30,7.04225,14.3662,0.1010932
S-,30,7.32394,14.3662,0.1021619
S-,30,7.60563,14.3662,0.1029497
S-,30,7.88732,14.3662,0.1034757
S-,30,8.16901,14.3662,0.1038483
S-,30,8.4507,14.3662,0.1042537
S-,30,8.73239,14.3662,0.1049333
S-,30,9.01408,14.3662,0.106154
S-,30,9.29577,14.3662,0.1081746
S-,30,9.57746,14.3662,0.1112114
S-,30,9.85915,14.3662,0.1154078
S-,30,10.14085,14.3662,0.1208108
S-,30,10.42254,14.3662,0.1273578
S-,30,10.70423,14.3662,0.1348746
S-,30,10.98592,14.3662,0.1430864
S-,30,11.26761,14.3662,0.1516391
S-,30,11.5493,14.3662,0.1601297
S-,30,11.83099,14.3662,0.1681431
S-,30,12.11268,14.3662,0.1752902
S-,30,12.39437,14.3662,0.1812439
S-,30,12.67606,14.3662,0.185769
S-,30,12.95775,14.3662,0.1887436
S-,30,13.23944,14.3662,0.1901675
S-,30,13.52113,14.3662,0.1901596
S-,30,13.80282,14.3662,0.188942
S-,30,14.08451,14.3662,0.1868149
S-,30,14.3662,14.3662,0.1841229
S-,30,14.64789,14.3662,0.1812184
S-,30,14.92958,14.3662,0.1784249
S-,30,15.21127,14.3662,0.1760044
S-,30,15.49296,14.3662,0.1741331
S-,30,15.77465,14.3662,0.1728875
S-,30,16.05634,14.3662,0.1722419
S-,30,16.33803,14.3662,0.172078
S-,30,16.61972,14.3662,0.1722055
S-,30,16.90141,14.3662,0.1723905
S-,30,17.1831,14.3662,0.1723882
S-,30,17.46479,14.3662,0.1719767
S-,30,17.74648,14.3662,0.1709881
S-,30,18.02817,14.3662,0.1693312
S-,30,18.30986,14.3662,0.1670061
S-,30,18.59155,14.3662,0.1641064
S-,30,18.87324,14.3662,0.1608106
S-,30,19.15493,14.3662,0.1573621
S-,30,19.43662,14.3662,0.1540417
S-,30,19.71831,14.3662,0.1511343
S-,30,20.0,14.3662,0.1488953
S-,30,0.0,14.64789,0.1300553
S-,30,0.28169,14.64789,0.131707
S-,30,0.56338,14.64789,0.1338133
S-,30,0.84507,14.64789,0.1360477
S-,30,1.12676,14.64789,0.1380625
S-,30,1.40845,14.64789,0.1395269
S-,30,1.69014,14.64789,0.1401618
S-,30,1.97183,14.64789,0.1397704
S-,30,2.25352,14.64789,0.1382585
S-,30,2.53521,14.64789,0.1356449
S-,30,2.8169,14.64789,0.1320582
S-,30,3.09859,14.64789,0.127723
S-,30,3.38028,14.64789,0.1229355
S-,30,3.66197,14.64789,0.1180312
S-,30,3.94366,14.64789,0.1133499
S-,30,4.22535,14.64789,0.1092003
S-,30,4.50704,14.64789,0.1058289
S-,30,4.78873,14.64789,0.1033966
S-,30,5.07042,14.64789,0.1019658
S-,30,5.35211,14.64789,0.1014984
S-,30,5.6338,14.64789,0.1018657
S-,30,5.91549,14.64789,0.1028691
S-,30,6.19718,14.64789,0.1042673
S-,30,6.47887,14.64789,0.1058099
S-,30,6.76056,14.64789,0.1072699
S-,30,7.04225,14.64789,0.1084742
S-,30,7.32394,14.64789,0.1093264
S-,30,7.60563,14.64789,0.1098212
S-,30,7.88732,14.64789,0.1100466
S-,30,8.16901,14.64789,0.1101751
S-,30,8.4507,14.64789,0.110444
S-,30,8.73239,14.64789,0.1111274
S-,30,9.01408,14.64789,0.1125032
S-,30,9.29577,14.64789,0.1148174
S-,30,9.57746,14.64789,0.1182525
S-,30,9.85915,14.64789,0.1229004
S-,30,10.14085,14.64789,0.1287457
S-,30,10.42254,14.64789,0.1356596
S-,30,10.70423,14.64789,0.1434063
S-,30,10.98592,14.64789,0.1516607
S-,30,11.26761,14.64789,0.1600365
S-,30,11.5493,14.64789,0.1681202
S-,30,11.83099,14.64789,0.1755095
S-,30,12.11268,14.64789,0.1818501
S-,30,12.39437,14.64789,0.1868684
S-,30,12.67606,14.64789,0.1903955
S-,30,12.95775,14.64789,0.1923807
S-,30,13.23944,14.64789,0.1928927
S-,30,13.52113,14.64789,0.1921088
S-,30,13.80282,14.64789,0.1902935
S-,30,14.08451,14.64789,0.1877674
S-,30,14.3662,14.64789,0.1848727
S-,30,14.64789,14.64789,0.1819365
S-,30,14.92958,14.64789,0.1792372
S-,30,15.21127,14.64789,0.1769778
S-,30,15.49296,14.64789,0.1752683
S-,30,15.77465,14.64789,0.1741198
S-,30,16.05634,14.64789,0.1734497
S-,30,16.33803,14.64789,0.1730988
S-,30,16.61972,14.64789,0.1728564
S-,30,16.90141,14.64789,0.1724916
S-,30,17.1831,14.64789,0.1717863
S-,30,17.46479,14.64789,0.1705667
S-,30,17.74648,14.64789,0.1687285
S-,30,18.02817,14.64789,0.1662537
S-,30,18.30986,14.64789,0.1632165
S-,30,18.59155,14.64789,0.1597778
S-,30,18.87324,14.64789,0.1561688
S-,30,19.15493,14.64789,0.1526652
S-,30,19.43662,14.64789,0.1495561
S-,30,19.71831,14.64789,0.1471096
S-,30,20.0,14.64789,0.1455409
S-,30,0.0,14.92958,0.1326041
S-,30,0.28169,14.92958,0.1342811
S-,30,0.56338,14.92958,0.1362222
S-,30,0.84507,14.92958,0.1380925
S-,30,1.12676,14.92958,0.1395606
S-,30,1.40845,14.92958,0.1403351
S-,30,1.69014,14.92958,0.1401959
S-,30,1.97183,14.92958,0.1390189
S-,30,2.25352,14.92958,0.1367885
S-,30,2.53521,14.92958,0.1335993
S-,30,2.8169,14.92958,0.1296457
S-,30,3.09859,14.92958,0.1251996
S-,30,3.38028,14.92958,0.1205816
S-,30,3.66197,14.92958,0.1161258
S-,30,3.94366,14.92958,0.1121446
S-,30,4.22535,14.92958,0.1088961
S-,30,4.50704,14.92958,0.1065583
S-,30,4.78873,14.92958,0.1052131
S-,30,5.07042,14.92958,0.1048413
S-,30,5.35211,14.92958,0.1053292
S-,30,5.6338,14.92958,0.1064864
S-,30,5.91549,14.92958,0.1080723
S-,30,6.19718,14.92958,0.1098275
S-,30,6.47887,14.92958,0.1115082
S-,30,6.76056,14.92958,0.1129176
S-,30,7.04225,14.92958,0.1139318
S-,30,7.32394,14.92958,0.1145169
S-,30,7.60563,14.92958,0.1147349
S-,30,7.88732,14.92958,0.1147385
S-,30,8.16901,14.92958,0.1147546
S-,30,8.4507,14.92958,0.1150576
S-,30,8.73239,14.92958,0.115938
S-,30,9.01408,14.92958,0.1176663
S-,30,9.29577,14.92958,0.1204594
S-,30,9.57746,14.92958,0.1244517
S-,30,9.85915,14.92958,0.1296737
S-,30,10.14085,14.92958,0.1360428
S-,30,10.42254,14.92958,0.1433648
S-,30,10.70423,14.92958,0.1513482
S-,30,10.98592,14.92958,0.159628
S-,30,11.26761,14.92958,0.1677993
S-,30,11.5493,14.92958,0.1754529
S-,30,11.83099,14.92958,0.182214
S-,30,12.11268,14.92958,0.1877757
S-,30,12.39437,14.92958,0.1919264
S-,30,12.67606,14.92958,0.1945672
S-,30,12.95775,14.92958,0.1957172
S-,30,13.23944,14.92958,0.1955071
S-,30,13.52113,14.92958,0.1941614
S-,30,13.80282,14.92958,0.1919715
S-,30,14.08451,14.92958,0.1892621
S-,30,14.3662,14.92958,0.1863559
S-,30,14.64789,14.92958,0.1835394
S-,30,14.92958,14.92958,0.1810346
S-,30,15.21127,14.92958,0.1789782
S-,30,15.49296,14.92958,0.1774124
S-,30,15.77465,14.92958,0.1762865
S-,30,16.05634,14.92958,0.1754702
S-,30,16.33803,14.92958,0.1747761
S-,30,16.61972,14.92958,0.1739883
S-,30,16.90141,14.92958,0.1728954
S-,30,17.1831,14.92958,0.1713212
S-,30,17.46479,14.92958,0.1691522
S-,30,17.74648,14.92958,0.1663563
S-,30,18.02817,14.92958,0.1629923
S-,30,18.30986,14.92958,0.159207
S-,30,18.59155,14.92958,0.155222
S-,30,18.87324,14.92958,0.1513108
S-,30,19.15493,14.92958,0.1477684
S-,30,19.43662,14.92958,0.1448783
S-,30,19.71831,14.92958,0.1428786
S-,30,20.0,14.92958,0.1419337
S-,30,0.0,15.21127,0.1365425
S-,30,0.28169,15.21127,0.1381749
S-,30,0.56338,15.21127,0.1398497
S-,30,0.84507,15.21127,0.141239
S-,30,1.12676,15.21127,0.1420428
S-,30,1.40845,15.21127,0.1420225
S-,30,1.69014,15.21127,0.1410275
S-,30,1.97183,15.21127,0.1390117
S-,30,2.25352,15.21127,0.1360386
S-,30,2.53521,15.21127,0.1322743
S-,30,2.8169,15.21127,0.1279692
S-,30,3.09859,15.21127,0.1234304
S-,30,3.38028,15.21127,0.1189885
S-,30,3.66197,15.21127,0.1149618
S-,30,3.94366,15.21127,0.1116227
S-,30,4.22535,15.21127,0.1091697
S-,30,4.50704,15.21127,0.1077078
S-,30,4.78873,15.21127,0.1072408
S-,30,5.07042,15.21127,0.1076744
S-,30,5.35211,15.21127,0.1088307
S-,30,5.6338,15.21127,0.1104733
S-,30,5.91549,15.21127,0.1123372
S-,30,6.19718,15.21127,0.1141638
S-,30,6.47887,15.21127,0.1157333
S-,30,6.76056,15.21127,0.1168934
S-,30,7.04225,15.21127,0.1175791
S-,30,7.32394,15.21127,0.1178233
S-,30,7.60563,15.21127,0.1177543
S-,30,7.88732,15.21127,0.1175824
S-,30,8.16901,15.21127,0.1175769
S-,30,8.4507,15.21127,0.1180348
S-,30,8.73239,15.21127,0.1192456
S-,30,9.01408,15.21127,0.1214566
S-,30,9.29577,15.21127,0.1248409
S-,30,9.57746,15.21127,0.1294739
S-,30,9.85915,15.21127,0.1353189
S-,30,10.14085,15.21127,0.1422254
S-,30,10.42254,15.21127,0.1499384
S-,30,10.70423,15.21127,0.15812
S-,30,10.98592,15.21127,0.1663787
S-,30,11.26761,15.21127,0.1743052
S-,30,11.5493,15.21127,0.1815103
S-,30,11.83099,15.21127,0.1876596
S-,30,12.11268,15.21127,0.1925038
S-,30,12.39437,15.21127,0.1958989
S-,30,12.67606,15.21127,0.1978159
S-,30,12.95775,15.21127,0.1983384
S-,30,13.23944,15.21127,0.197649
S-,30,13.52113,15.21127,0.1960049
S-,30,13.80282,15.21127,0.1937077
S-,30,14.08451,15.21127,0.1910685
S-,30,14.3662,15.21127,0.1883743
S-,30,14.64789,15.21127,0.1858576
S-,30,14.92958,15.21127,0.1836741
S-,30,15.21127,15.21127,0.18189
S-,30,15.49296,15.21127,0.1804808
S-,30,15.77465,15.21127,0.1793406
S-,30,16.05634,15.21127,0.178302
S-,30,16.33803,15.21127,0.1771629
S-,30,16.61972,15.21127,0.1757178
S-,30,16.90141,15.21127,0.1737889
S-,30,17.1831,15.21127,0.1712549
S-,30,17.46479,15.21127,0.1680714
S-,30,17.74648,15.21127,0.1642833
S-,30,18.02817,15.21127,0.160025
S-,30,18.30986,15.21127,0.1555106
S-,30,18.59155,15.21127,0.1510126
S-,30,18.87324,15.21127,0.146834
S-,30,19.15493,15.21127,0.1432753
S-,30,19.43662,15.21127,0.1406002
S-,30,19.71831,15.21127,0.1390053
S-,30,20.0,15.21127,0.1385963
S-,30,0.0,15.49296,0.1414647
S-,30,0.28169,15.49296,0.1430204
S-,30,0.56338,15.49296,0.1443795
S-,30,0.84507,15.49296,0.1452359
S-,30,1.12676,15.49296,0.1453345
S-,30,1.40845,15.49296,0.1444999
S-,30,1.69014,15.49296,0.142657
S-,30,1.97183,15.49296,0.1398388
S-,30,2.25352,15.49296,0.1361841
S-,30,2.53521,15.49296,0.1319214
S-,30,2.8169,15.49296,0.127345
S-,30,3.09859,15.49296,0.122782
S-,30,3.38028,15.49296,0.1185577
S-,30,3.66197,15.49296,0.1149606
S-,30,3.94366,15.49296,0.1122119
S-,30,4.22535,15.49296,0.1104436
S-,30,4.50704,15.49296,0.1096869
S-,30,4.78873,15.49296,0.1098714
S-,30,5.07042,15.49296,0.1108376
S-,30,5.35211,15.49296,0.112358
S-,30,5.6338,15.49296,0.1141671
S-,30,5.91549,15.49296,0.115995
S-,30,6.19718,15.49296,0.1176017
S-,30,6.47887,15.49296,0.1188076
S-,30,6.76056,15.49296,0.1195168
S-,30,7.04225,15.49296,0.1197308
S-,30,7.32394,15.49296,0.1195502
S-,30,7.60563,15.49296,0.1191651
S-,30,7.88732,15.49296,0.1188343
S-,30,8.16901,15.49296,0.1188564
S-,30,8.4507,15.49296,0.1195351
S-,30,8.73239,15.49296,0.1211436
S-,30,9.01408,15.49296,0.123891
S-,30,9.29577,15.49296,0.1278958
S-,30,9.57746,15.49296,0.1331672
S-,30,9.85915,15.49296,0.1395999
S-,30,10.14085,15.49296,0.1469788
S-,30,10.42254,15.49296,0.154997
S-,30,10.70423,15.49296,0.1632826
S-,30,10.98592,15.49296,0.1714323
S-,30,11.26761,15.49296,0.1790487
S-,30,11.5493,15.49296,0.1857765
S-,30,11.83099,15.49296,0.1913338
S-,30,12.11268,15.49296,0.195536
S-,30,12.39437,15.49296,0.1983089
S-,30,12.67606,15.49296,0.1996903
S-,30,12.95775,15.49296,0.1998198
S-,30,13.23944,15.49296,0.1989185
S-,30,13.52113,15.49296,0.1972604
S-,30,13.80282,15.49296,0.1951397
S-,30,14.08451,15.49296,0.192837
S-,30,14.3662,15.49296,0.1905883
S-,30,14.64789,15.49296,0.1885606
S-,30,14.92958,15.49296,0.1868371
S-,30,15.21127,15.49296,0.1854123
S-,30,15.49296,15.49296,0.1841989
S-,30,15.77465,15.49296,0.1830445
S-,30,16.05634,15.49296,0.1817563
S-,30,16.33803,15.49296,0.1801318
S-,30,16.61972,15.49296,0.1779895
S-,30,16.90141,15.49296,0.1751982
S-,30,17.1831,15.49296,0.1717001
S-,30,17.46479,15.49296,0.1675254
S-,30,17.74648,15.49296,0.1627954
S-,30,18.02817,15.49296,0.1577159
S-,30,18.30986,15.49296,0.1525584
S-,30,18.59155,15.49296,0.1476336
S-,30,18.87324,15.49296,0.1432595
S-,30,19.15493,15.49296,0.1397269
S-,30,19.43662,15.49296,0.1372673
S-,30,19.71831,15.49296,0.1360259
S-,30,20.0,15.49296,0.1360443
S-,30,0.0,15.77465,0.14683
S-,30,0.28169,15.77465,0.148304
S-,30,0.56338,15.77465,0.1493421
S-,30,0.84507,15.77465,0.1496731
S-,30,1.12676,15.77465,0.1490974
S-,30,1.40845,15.77465,0.1475099
S-,30,1.69014,15.77465,0.1449126
S-,30,1.97183,15.77465,0.1414149
S-,30,2.25352,15.77465,0.1372219
S-,30,2.53521,15.77465,0.1326126
S-,30,2.8169,15.77465,0.1279093
S-,30,3.09859,15.77465,0.1234431
S-,30,3.38028,15.77465,0.1195183
S-,30,3.66197,15.77465,0.1163799
S-,30,3.94366,15.77465,0.1141891
S-,30,4.22535,15.77465,0.1130076
S-,30,4.50704,15.77465,0.1127937
S-,30,4.78873,15.77465,0.1134109
S-,30,5.07042,15.77465,0.1146466
S-,30,5.35211,15.77465,0.1162397
S-,30,5.6338,15.77465,0.1179143
S-,30,5.91549,15.77465,0.1194137
S-,30,6.19718,15.77465,0.1205339
S-,30,6.47887,15.77465,0.121149
S-,30,6.76056,15.77465,0.1212286
S-,30,7.04225,15.77465,0.120844
S-,30,7.32394,15.77465,0.1201617
S-,30,7.60563,15.77465,0.1194263
S-,30,7.88732,15.77465,0.1189336
S-,30,8.16901,15.77465,0.118997
S-,30,8.4507,15.77465,0.1199122
S-,30,8.73239,15.77465,0.1219214
S-,30,9.01408,15.77465,0.1251843
S-,30,9.29577,15.77465,0.1297562
S-,30,9.57746,15.77465,0.1355784
S-,30,9.85915,15.77465,0.142479
S-,30,10.14085,15.77465,0.1501865
S-,30,10.42254,15.77465,0.1583542
S-,30,10.70423,15.77465,0.1665911
S-,30,10.98592,15.77465,0.1744985
S-,30,11.26761,15.77465,0.1817067
S-,30,11.5493,15.77465,0.1879076
S-,30,11.83099,15.77465,0.1928814
S-,30,12.11268,15.77465,0.1965129
S-,30,12.39437,15.77465,0.1987969
S-,30,12.67606,15.77465,0.1998314
S-,30,12.95775,15.77465,0.1998008
S-,30,13.23944,15.77465,0.1989499
S-,30,13.52113,15.77465,0.1975527
S-,30,13.80282,15.77465,0.1958787
S-,30,14.08451,15.77465,0.1941621
S-,30,14.3662,15.77465,0.1925755
S-,30,14.64789,15.77465,0.1912125
S-,30,14.92958,15.77465,0.1900803
S-,30,15.21127,15.77465,0.1891039
S-,30,15.49296,15.77465,0.18814
S-,30,15.77465,15.77465,0.1869999
S-,30,16.05634,15.77465,0.1854789
S-,30,16.33803,15.77465,0.183387
S-,30,16.61972,15.77465,0.1805792
S-,30,16.90141,15.77465,0.1769802
S-,30,17.1831,15.77465,0.1726017
S-,30,17.46479,15.77465,0.1675486
S-,30,17.74648,15.77465,0.1620147
S-,30,18.02817,15.77465,0.1562676
S-,30,18.30986,15.77465,0.1506233
S-,30,18.59155,15.77465,0.1454159
S-,30,18.87324,15.77465,0.1409622
S-,30,19.15493,15.77465,0.1375289
S-,30,19.43662,15.77465,0.1353029
S-,30,19.71831,15.77465,0.1343708
S-,30,20.0,15.77465,0.134708
S-,30,0.0,16.05634,0.1520352
S-,30,0.28169,16.05634,0.1534357
S-,30,0.56338,16.05634,0.1541778
S-,30,0.84507,16.05634,0.1540365
S-,30,1.12676,16.05634,0.1528758
S-,30,1.40845,16.05634,0.1506639
S-,30,1.69014,16.05634,0.1474778
S-,30,1.97183,16.05634,0.1434954
S-,30,2.25352,16.05634,0.1389767
S-,30,2.53521,16.05634,0.1342352
S-,30,2.8169,16.05634,0.1296045
S-,30,3.09859,16.05634,0.1254021
S-,30,3.38028,16.05634,0.1218959
S-,30,3.66197,16.05634,0.1192762
S-,30,3.94366,16.05634,0.1176368
S-,30,4.22535,16.05634,0.1169677
S-,30,4.50704,16.05634,0.1171596
S-,30,4.78873,16.05634,0.1180193
S-,30,5.07042,16.05634,0.1192953
S-,30,5.35211,16.05634,0.1207103
S-,30,5.6338,16.05634,0.1219955
S-,30,5.91549,16.05634,0.1229253
S-,30,6.19718,16.05634,0.1233455
S-,30,6.47887,16.05634,0.1231946
S-,30,6.76056,16.05634,0.122513
S-,30,7.04225,16.05634,0.1214416
S-,30,7.32394,16.05634,0.1202071
S-,30,7.60563,16.05634,0.1190986
S-,30,7.88732,16.05634,0.1184355
S-,30,8.16901,16.05634,0.1185319
S-,30,8.4507,16.05634,0.1196604
S-,30,8.73239,16.05634,0.1220203
S-,30,9.01408,16.05634,0.125713
S-,30,9.29577,16.05634,0.1307276
S-,30,9.57746,16.05634,0.1369381
S-,30,9.85915,16.05634,0.1441133
S-,30,10.14085,16.05634,0.151937
S-,30,10.42254,16.05634,0.160037
S-,30,10.70423,16.05634,0.1680206
S-,30,10.98592,16.05634,0.1755106
S-,30,11.26761,16.05634,0.1821797
S-,30,11.5493,16.05634,0.1877791
S-,30,11.83099,16.05634,0.1921582
S-,30,12.11268,16.05634,0.1952727
S-,30,12.39437,16.05634,0.1971825
S-,30,12.67606,16.05634,0.1980371
S-,30,12.95775,16.05634,0.1980524
S-,30,13.23944,16.05634,0.1974813
S-,30,13.52113,16.05634,0.196581
S-,30,13.80282,16.05634,0.1955808
S-,30,14.08451,16.05634,0.1946552
S-,30,14.3662,16.05634,0.1939042
S-,30,14.64789,16.05634,0.1933432
S-,30,14.92958,16.05634,0.1929044
S-,30,15.21127,16.05634,0.1924486
S-,30,15.49296,16.05634,0.1917858
S-,30,15.77465,16.05634,0.1907036
S-,30,16.05634,16.05634,0.188998
S-,30,16.33803,16.05634,0.1865043
S-,30,16.61972,16.05634,0.1831241
S-,30,16.90141,16.05634,0.1788442
S-,30,17.1831,16.05634,0.1737471
S-,30,17.46479,16.05634,0.1680091
S-,30,17.74648,16.05634,0.1618877
S-,30,18.02817,16.05634,0.1556994
S-,30,18.30986,16.05634,0.1497896
S-,30,18.59155,16.05634,0.1444981
S-,30,18.87324,16.05634,0.1401246
S-,30,19.15493,16.05634,0.1368973
S-,30,19.43662,16.05634,0.1349489
S-,30,19.71831,16.05634,0.1343018
S-,30,20.0,16.05634,0.134866
S-,30,0.0,16.33803,0.1564976
S-,30,0.28169,16.33803,0.1578295
S-,30,0.56338,16.33803,0.1583137
S-,30,0.84507,16.33803,0.157781
S-,30,1.12676,16.33803,0.1561633
S-,30,1.40845,16.33803,0.1535016
S-,30,1.69014,16.33803,0.149942
S-,30,1.97183,16.33803,0.14572
S-,30,2.25352,16.33803,0.1411351
S-,30,2.53521,16.33803,0.1365181
S-,30,2.8169,16.33803,0.1321957
S-,30,3.09859,16.33803,0.1284548
S-,30,3.38028,16.33803,0.1255129
S-,30,3.66197,16.33803,0.1234958
S-,30,3.94366,16.33803,0.1224261
S-,30,4.22535,16.33803,0.1222238
S-,30,4.50704,16.33803,0.1227186
S-,30,4.78873,16.33803,0.1236729
S-,30,5.07042,16.33803,0.1248117
S-,30,5.35211,16.33803,0.1258581
S-,30,5.6338,16.33803,0.1265678
S-,30,5.91549,16.33803,0.1267602
S-,30,6.19718,16.33803,0.1263429
S-,30,6.47887,16.33803,0.1253248
S-,30,6.76056,16.33803,0.1238184
S-,30,7.04225,16.33803,0.1220296
S-,30,7.32394,16.33803,0.1202367
S-,30,7.60563,16.33803,0.1187605
S-,30,7.88732,16.33803,0.1179297
S-,30,8.16901,16.33803,0.118044
S-,30,8.4507,16.33803,0.1193403
S-,30,8.73239,16.33803,0.121965
S-,30,9.01408,16.33803,0.125956
S-,30,9.29577,16.33803,0.1312359
S-,30,9.57746,16.33803,0.1376176
S-,30,9.85915,16.33803,0.1448206
S-,30,10.14085,16.33803,0.1524983
S-,30,10.42254,16.33803,0.1602706
S-,30,10.70423,16.33803,0.1677601
S-,30,10.98592,16.33803,0.1746276
S-,30,11.26761,16.33803,0.1806023
S-,30,11.5493,16.33803,0.1855041
S-,30,11.83099,16.33803,0.1892554
S-,30,12.11268,16.33803,0.1918822
S-,30,12.39437,16.33803,0.1935025
S-,30,12.67606,16.33803,0.1943062
S-,30,12.95775,16.33803,0.1945269
S-,30,13.23944,16.33803,0.19441
S-,30,13.52113,16.33803,0.1941802
S-,30,13.80282,16.33803,0.1940134
S-,30,14.08451,16.33803,0.1940148
S-,30,14.3662,16.33803,0.1942061
S-,30,14.64789,16.33803,0.1945244
S-,30,14.92958,16.33803,0.1948315
S-,30,15.21127,16.33803,0.1949325
S-,30,15.49296,16.33803,0.194603
S-,30,15.77465,16.33803,0.1936198
S-,30,16.05634,16.33803,0.191793
S-,30,16.33803,16.33803,0.1889939
S-,30,16.61972,16.33803,0.1851782
S-,30,16.90141,16.33803,0.180398
S-,30,17.1831,16.33803,0.174804
S-,30,17.46479,16.33803,0.1686363
S-,30,17.74648,16.33803,0.1622039
S-,30,18.02817,16.33803,0.1558568
S-,30,18.30986,16.33803,0.1499516
S-,30,18.59155,16.33803,0.1448166
S-,30,18.87324,16.33803,0.140718
S-,30,19.15493,16.33803,0.1378332
S-,30,19.43662,16.33803,0.1362324
S-,30,19.71831,16.33803,0.1358719
S-,30,20.0,16.33803,0.1365993
S-,30,0.0,16.61972,0.1597344
S-,30,0.28169,16.61972,0.1609846
S-,30,0.56338,16.61972,0.1612451
S-,30,0.84507,16.61972,0.1604094
S-,30,1.12676,16.61972,0.1584791
S-,30,1.40845,16.61972,0.1555638
S-,30,1.69014,16.61972,0.1518692
S-,30,1.97183,16.61972,0.1476747
S-,30,2.25352,16.61972,0.1433023
S-,30,2.53521,16.61972,0.1390817
S-,30,2.8169,16.61972,0.1353144
S-,30,3.09859,16.61972,0.1322414
S-,30,3.38028,16.61972,0.130018
S-,30,3.66197,16.61972,0.1286985
S-,30,3.94366,16.61972,0.1282331
S-,30,4.22535,16.61972,0.1284764
S-,30,4.50704,16.61972,0.1292069
S-,30,4.78873,16.61972,0.1301555
S-,30,5.07042,16.61972,0.1310397
S-,30,5.35211,16.61972,0.131599
S-,30,5.6338,16.61972,0.1316278
S-,30,5.91549,16.61972,0.1310029
S-,30,6.19718,16.61972,0.1297003
S-,30,6.47887,16.61972,0.1278016
S-,30,6.76056,16.61972,0.1254879
S-,30,7.04225,16.61972,0.1230222
S-,30,7.32394,16.61972,0.1207219
S-,30,7.60563,16.61972,0.1189253
S-,30,7.88732,16.61972,0.1179548
S-,30,8.16901,16.61972,0.1180818
S-,30,8.4507,16.61972,0.1194958
S-,30,8.73239,16.61972,0.1222836
S-,30,9.01408,16.61972,0.1264176
S-,30,9.29577,16.61972,0.1317578
S-,30,9.57746,16.61972,0.1380643
S-,30,9.85915,16.61972,0.1450214
S-,30,10.14085,16.61972,0.1522682
S-,30,10.42254,16.61972,0.1594342
S-,30,10.70423,16.61972,0.1661753
S-,30,10.98592,16.61972,0.1722054
S-,30,11.26761,16.61972,0.1773213
S-,30,11.5493,16.61972,0.1814181
S-,30,11.83099,16.61972,0.184493
S-,30,12.11268,16.61972,0.1866372
S-,30,12.39437,16.61972,0.1880186
S-,30,12.67606,16.61972,0.1888548
S-,30,12.95775,16.61972,0.1893827
S-,30,13.23944,16.61972,0.1898251
S-,30,13.52113,16.61972,0.1903616
S-,30,13.80282,16.61972,0.1911043
S-,30,14.08451,16.61972,0.1920829
S-,30,14.3662,16.61972,0.1932404
S-,30,14.64789,16.61972,0.1944393
S-,30,14.92958,16.61972,0.1954793
S-,30,15.21127,16.61972,0.1961221
S-,30,15.49296,16.61972,0.1961224
S-,30,15.77465,16.61972,0.1952604
S-,30,16.05634,16.61972,0.1933722
S-,30,16.33803,16.61972,0.1903752
S-,30,16.61972,16.61972,0.1862834
S-,30,16.90141,16.61972,0.1812137
S-,30,17.1831,16.61972,0.1753793
S-,30,17.46479,16.61972,0.169073
S-,30,17.74648,16.61972,0.1626403
S-,30,18.02817,16.61972,0.1564469
S-,30,18.30986,16.61972,0.1508426
S-,30,18.59155,16.61972,0.1461261
S-,30,18.87324,16.61972,0.1425159
S-,30,19.15493,16.61972,0.1401277
S-,30,19.43662,16.61972,0.1389642
S-,30,19.71831,16.61972,0.1389159
S-,30,20.0,16.61972,0.1397743
S-,30,0.0,16.90141,0.1614277
S-,30,0.28169,16.90141,0.1625548
S-,30,0.56338,16.90141,0.1626082
S-,30,0.84507,16.90141,0.161548
S-,30,1.12676,16.90141,0.159444
S-,30,1.40845,16.90141,0.1564675
S-,30,1.69014,16.90141,0.152872
S-,30,1.97183,16.90141,0.1489646
S-,30,2.25352,16.90141,0.1450721
S-,30,2.53521,16.90141,0.141505
S-,30,2.8169,16.90141,0.1385228
S-,30,3.09859,16.90141,0.1363071
S-,30,3.38028,16.90141,0.1349421
S-,30,3.66197,16.90141,0.1344074
S-,30,3.94366,16.90141,0.134583
S-,30,4.22535,16.90141,0.1352653
S-,30,4.50704,16.90141,0.136193
S-,30,4.78873,16.90141,0.1370801
S-,30,5.07042,16.90141,0.1376516
S-,30,5.35211,16.90141,0.137678
S-,30,5.6338,16.90141,0.1370045
S-,30,5.91549,16.90141,0.1355726
S-,30,6.19718,16.90141,0.1334301
S-,30,6.47887,16.90141,0.1307286
S-,30,6.76056,16.90141,0.1277104
S-,30,7.04225,16.90141,0.1246836
S-,30,7.32394,16.90141,0.1219901
S-,30,7.60563,16.90141,0.1199696
S-,30,7.88732,16.90141,0.1189229
S-,30,8.16901,16.90141,0.1190798
S-,30,8.4507,16.90141,0.1205736
S-,30,8.73239,16.90141,0.1234268
S-,30,9.01408,16.90141,0.1275481
S-,30,9.29577,16.90141,0.1327414
S-,30,9.57746,16.90141,0.1387261
S-,30,9.85915,16.90141,0.1451661
S-,30,10.14085,16.90141,0.151704
S-,30,10.42254,16.90141,0.1579966
S-,30,10.70423,16.90141,0.1637488
S-,30,10.98592,16.90141,0.1687405
S-,30,11.26761,16.90141,0.1728447
S-,30,11.5493,16.90141,0.1760348
S-,30,11.83099,16.90141,0.1783804
S-,30,12.11268,16.90141,0.1800314
S-,30,12.39437,16.90141,0.1811942
S-,30,12.67606,16.90141,0.182101
S-,30,12.95775,16.90141,0.1829776
S-,30,13.23944,16.90141,0.1840115
S-,30,13.52113,16.90141,0.1853266
S-,30,13.80282,16.90141,0.1869649
S-,30,14.08451,16.90141,0.1888792
S-,30,14.3662,16.90141,0.1909368
S-,30,14.64789,16.90141,0.1929342
S-,30,14.92958,16.90141,0.194621
S-,30,15.21127,16.90141,0.1957298
S-,30,15.49296,16.90141,0.1960096
S-,30,15.77465,16.90141,0.1952582
S-,30,16.05634,16.90141,0.1933495
S-,30,16.33803,16.90141,0.1902533
S-,30,16.61972,16.90141,0.1860446
S-,30,16.90141,16.90141,0.1809011
S-,30,17.1831,16.90141,0.1750897
S-,30,17.46479,16.90141,0.1689422
S-,30,17.74648,16.90141,0.1628238
S-,30,18.02817,16.90141,0.1570975
S-,30,18.30986,16.90141,0.1520876
S-,30,18.59155,16.90141,0.1480476
S-,30,18.87324,16.90141,0.1451352
S-,30,19.15493,16.90141,0.1433974
S-,30,19.43662,16.90141,0.1427669
S-,30,19.71831,16.90141,0.1430721
S-,30,20.0,16.90141,0.1440565
S-,30,0.0,17.1831,0.161465
S-,30,0.28169,17.1831,0.162396
S-,30,0.56338,17.1831,0.1622327
S-,30,0.84507,17.1831,0.1610035
S-,30,1.12676,17.1831,0.158842
S-,30,1.40845,17.1831,0.1559716
S-,30,1.69014,17.1831,0.1526794
S-,30,1.97183,17.1831,0.149284
S-,30,2.25352,17.1831,0.1460991
S-,30,2.53521,17.1831,0.1433988
S-,30,2.8169,17.1831,0.1413868
S-,30,3.09859,17.1831,0.1401746
S-,30,3.38028,17.1831,0.1397705
S-,30,3.66197,17.1831,0.1400795
S-,30,3.94366,17.1831,0.140917
S-,30,4.22535,17.1831,0.1420311
S-,30,4.50704,17.1831,0.1431341
S-,30,4.78873,17.1831,0.1439379
S-,30,5.07042,17.1831,0.1441891
S-,30,5.35211,17.1831,0.1437015
S-,30,5.6338,17.1831,0.1423798
S-,30,5.91549,17.1831,0.1402343
S-,30,6.19718,17.1831,0.1373826
S-,30,6.47887,17.1831,0.1340401
S-,30,6.76056,17.1831,0.1304986
S-,30,7.04225,17.1831,0.1270967
S-,30,7.32394,17.1831,0.1241841
S-,30,7.60563,17.1831,0.1220851
S-,30,7.88732,17.1831,0.1210643
S-,30,8.16901,17.1831,0.1212982
S-,30,8.4507,17.1831,0.1228572
S-,30,8.73239,17.1831,0.1256986
S-,30,9.01408,17.1831,0.1296712
S-,30,9.29577,17.1831,0.1345327
S-,30,9.57746,17.1831,0.1399753
S-,30,9.85915,17.1831,0.1456589
S-,30,10.14085,17.1831,0.1512466
S-,30,10.42254,17.1831,0.156439
S-,30,10.70423,17.1831,0.1610036
S-,30,10.98592,17.1831,0.1647958
S-,30,11.26761,17.1831,0.1677697
S-,30,11.5493,17.1831,0.1699766
S-,30,11.83099,17.1831,0.1715527
S-,30,12.11268,17.1831,0.1726968
S-,30,12.39437,17.1831,0.1736415
S-,30,12.67606,17.1831,0.1746198
S-,30,12.95775,17.1831,0.1758333
S-,30,13.23944,17.1831,0.1774234
S-,30,13.52113,17.1831,0.1794511
S-,30,13.80282,17.1831,0.1818857
S-,30,14.08451,17.1831,0.1846061
S-,30,14.3662,17.1831,0.1874118
S-,30,14.64789,17.1831,0.190045
S-,30,14.92958,17.1831,0.1922204
S-,30,15.21127,17.1831,0.1936578
S-,30,15.49296,17.1831,0.1941165
S-,30,15.77465,17.1831,0.1934254
S-,30,16.05634,17.1831,0.191506
S-,30,16.33803,17.1831,0.1883854
S-,30,16.61972,17.1831,0.1841988
S-,30,16.90141,17.1831,0.1791786
S-,30,17.1831,17.1831,0.1736335
S-,30,17.46479,17.1831,0.1679192
S-,30,17.74648,17.1831,0.1624029
S-,30,18.02817,17.1831,0.1574265
S-,30,18.30986,17.1831,0.1532722
S-,30,18.59155,17.1831,0.1501344
S-,30,18.87324,17.1831,0.1481007
S-,30,19.15493,17.1831,0.1471449
S-,30,19.43662,17.1831,0.1471314
S-,30,19.71831,17.1831,0.1478325
S-,30,20.0,17.1831,0.1489548
S-,30,0.0,17.46479,0.1599501
S-,30,0.28169,17.46479,0.1605843
S-,30,0.56338,17.46479,0.1601679
S-,30,0.84507,17.46479,0.158796
S-,30,1.12676,17.46479,0.1566593
S-,30,1.40845,17.46479,0.1540214
S-,30,1.69014,17.46479,0.1511885
S-,30,1.97183,17.46479,0.1484735
S-,30,2.25352,17.46479,0.1461607
S-,30,2.53521,17.46479,0.1444733
S-,30,2.8169,17.46479,0.1435479
S-,30,3.09859,17.46479,0.14342
S-,30,3.38028,17.46479,0.1440204
S-,30,3.66197,17.46479,0.1451843
S-,30,3.94366,17.46479,0.1466709
S-,30,4.22535,17.46479,0.1481929
S-,30,4.50704,17.46479,0.1494505
S-,30,4.78873,17.46479,0.1501678
S-,30,5.07042,17.46479,0.1501265
S-,30,5.35211,17.46479,0.149193
S-,30,5.6338,17.46479,0.1473367
S-,30,5.91549,17.46479,0.1446366
S-,30,6.19718,17.46479,0.1412747
S-,30,6.47887,17.46479,0.1375194
S-,30,6.76056,17.46479,0.1336977
S-,30,7.04225,17.46479,0.1301618
S-,30,7.32394,17.46479,0.1272515
S-,30,7.60563,17.46479,0.1252595
S-,30,7.88732,17.46479,0.1244002
S-,30,8.16901,17.46479,0.124788
S-,30,8.4507,17.46479,0.1264264
S-,30,8.73239,17.46479,0.1292086
S-,30,9.01408,17.46479,0.1329313
S-,30,9.29577,17.46479,0.137317
S-,30,9.57746,17.46479,0.1420456
S-,30,9.85915,17.46479,0.1467894
S-,30,10.14085,17.46479,0.1512479
S-,30,10.42254,17.46479,0.1551792
S-,30,10.70423,17.46479,0.1584241
S-,30,10.98592,17.46479,0.1609193
S-,30,11.26761,17.46479,0.1627004
S-,30,11.5493,17.46479,0.163892
S-,30,11.83099,17.46479,0.1646883
S-,30,12.11268,17.46479,0.1653251
S-,30,12.39437,17.46479,0.166047
S-,30,12.67606,17.46479,0.1670746
S-,30,12.95775,17.46479,0.1685735
S-,30,13.23944,17.46479,0.1706306
S-,30,13.52113,17.46479,0.1732405
S-,30,13.80282,17.46479,0.1763016
S-,30,14.08451,17.46479,0.1796254
S-,30,14.3662,17.46479,0.1829551
S-,30,14.64789,17.46479,0.1859942
S-,30,14.92958,17.46479,0.1884391
S-,30,15.21127,17.46479,0.1900146
S-,30,15.49296,17.46479,0.1905058
S-,30,15.77465,17.46479,0.1897852
S-,30,16.05634,17.46479,0.1878296
S-,30,16.33803,17.46479,0.1847262
S-,30,16.61972,17.46479,0.1806666
S-,30,16.90141,17.46479,0.1759288
S-,30,17.1831,17.46479,0.1708508
S-,30,17.46479,17.46479,0.1657957
S-,30,17.74648,17.46479,0.1611152
S-,30,18.02817,17.46479,0.1571135
S-,30,18.30986,17.46479,0.1540161
S-,30,18.59155,17.46479,0.1519477
S-,30,18.87324,17.46479,0.1509204
S-,30,19.15493,17.46479,0.1508342
S-,30,19.43662,17.46479,0.1514902
S-,30,19.71831,17.46479,0.1526141
S-,30,20.0,17.46479,0.1538878
S-,30,0.0,17.74648,0.1571823
S-,30,0.28169,17.74648,0.1574031
S-,30,0.56338,17.74648,0.1566769
S-,30,0.84507,17.74648,0.1551611
S-,30,1.12676,17.74648,0.1530943
S-,30,1.40845,17.74648,0.1507674
S-,30,1.69014,17.74648,0.1484901
S-,30,1.97183,17.74648,0.1465542
S-,30,2.25352,17.74648,0.1452
S-,30,2.53521,17.74648,0.1445883
S-,30,2.8169,17.74648,0.1447816
S-,30,3.09859,17.74648,0.1457374
S-,30,3.38028,17.74648,0.1473124
S-,30,3.66197,17.74648,0.1492797
S-,30,3.94366,17.74648,0.1513549
S-,30,4.22535,17.74648,0.1532293
S-,30,4.50704,17.74648,0.1546064
S-,30,4.78873,17.74648,0.1552364
S-,30,5.07042,17.74648,0.1549471
S-,30,5.35211,17.74648,0.1536647
S-,30,5.6338,17.74648,0.151425
S-,30,5.91549,17.74648,0.1483713
S-,30,6.19718,17.74648,0.1447414
S-,30,6.47887,17.74648,0.1408429
S-,30,6.76056,17.74648,0.1370216
S-,30,7.04225,17.74648,0.1336247
S-,30,7.32394,17.74648,0.1309652
S-,30,7.60563,17.74648,0.1292885
S-,30,7.88732,17.74648,0.1287476
S-,30,8.16901,17.74648,0.1293882
S-,30,8.4507,17.74648,0.1311457
S-,30,8.73239,17.74648,0.1338544
S-,30,9.01408,17.74648,0.1372673
S-,30,9.29577,17.74648,0.1410853
S-,30,9.57746,17.74648,0.1449909
S-,30,9.85915,17.74648,0.1486839
S-,30,10.14085,17.74648,0.1519142
S-,30,10.42254,17.74648,0.1545083
S-,30,10.70423,17.74648,0.1563863
S-,30,10.98592,17.74648,0.157568
S-,30,11.26761,17.74648,0.1581665
S-,30,11.5493,17.74648,0.1583717
S-,30,11.83099,17.74648,0.1584236
S-,30,12.11268,17.74648,0.1585808
S-,30,12.39437,17.74648,0.1590861
S-,30,12.67606,17.74648,0.1601343
S-,30,12.95775,17.74648,0.1618452
S-,30,13.23944,17.74648,0.164246
S-,30,13.52113,17.74648,0.1672646
S-,30,13.80282,17.74648,0.1707337
S-,30,14.08451,17.74648,0.1744078
S-,30,14.3662,17.74648,0.1779888
S-,30,14.64789,17.74648,0.1811582
S-,30,14.92958,17.74648,0.1836129
S-,30,15.21127,17.74648,0.1850996
S-,30,15.49296,17.74648,0.1854444
S-,30,15.77465,17.74648,0.1845736
S-,30,16.05634,17.74648,0.182525
S-,30,16.33803,17.74648,0.1794451
S-,30,16.61972,17.74648,0.1755762
S-,30,16.90141,17.74648,0.1712315
S-,30,17.1831,17.74648,0.1667635
S-,30,17.46479,17.74648,0.162527
S-,30,17.74648,17.74648,0.1588418
S-,30,18.02817,17.74648,0.1559599
S-,30,18.30986,17.74648,0.1540393
S-,30,18.59155,17.74648,0.1531283
S-,30,18.87324,17.74648,0.1531617
S-,30,19.15493,17.74648,0.1539699
S-,30,19.43662,17.74648,0.1552991
S-,30,19.71831,17.74648,0.1568401
S-,30,20.0,17.74648,0.1582645
S-,30,0.0,18.02817,0.1536081
S-,30,0.28169,18.02817,0.1533004
S-,30,0.56338,18.02817,0.1522002
S-,30,0.84507,18.02817,0.1505203
S-,30,1.12676,18.02817,0.148536
S-,30,1.40845,18.02817,0.1465517
S-,30,1.69014,18.02817,0.1448655
S-,30,1.97183,18.02817,0.1437341
S-,30,2.25352,18.02817,0.1433419
S-,30,2.53521,18.02817,0.1437798
S-,30,2.8169,18.02817,0.1450335
S-,30,3.09859,18.02817,0.1469847
S-,30,3.38028,18.02817,0.1494237
S-,30,3.66197,18.02817,0.1520735
S-,30,3.94366,18.02817,0.1546203
S-,30,4.22535,18.02817,0.1567504
S-,30,4.50704,18.02817,0.1581853
S-,30,4.78873,18.02817,0.1587147
S-,30,5.07042,18.02817,0.1582212
S-,30,5.35211,18.02817,0.1566947
S-,30,5.6338,18.02817,0.1542357
S-,30,5.91549,18.02817,0.151045
S-,30,6.19718,18.02817,0.1474038
S-,30,6.47887,18.02817,0.1436434
S-,30,6.76056,18.02817,0.1401103
S-,30,7.04225,18.02817,0.1371295
S-,30,7.32394,18.02817,0.1349699
S-,30,7.60563,18.02817,0.133817
S-,30,7.88732,18.02817,0.1337536
S-,30,8.16901,18.02817,0.1347536
S-,30,8.4507,18.02817,0.1366864
S-,30,8.73239,18.02817,0.1393344
S-,30,9.01408,18.02817,0.1424183
S-,30,9.29577,18.02817,0.1456311
S-,30,9.57746,18.02817,0.1486723
S-,30,9.85915,18.02817,0.151283
S-,30,10.14085,18.02817,0.1532745
S-,30,10.42254,18.02817,0.1545484
S-,30,10.70423,18.02817,0.1551065
S-,30,10.98592,18.02817,0.1550481
S-,30,11.26761,18.02817,0.1545564
S-,30,11.5493,18.02817,0.1538742
S-,30,11.83099,18.02817,0.153273
S-,30,12.11268,18.02817,0.1530189
S-,30,12.39437,18.02817,0.1533382
S-,30,12.67606,18.02817,0.154388
S-,30,12.95775,18.02817,0.156235
S-,30,13.23944,18.02817,0.1588439
S-,30,13.52113,18.02817,0.1620789
S-,30,13.80282,18.02817,0.1657158
S-,30,14.08451,18.02817,0.1694654
S-,30,14.3662,18.02817,0.1730046
S-,30,14.64789,18.02817,0.1760116
S-,30,14.92958,18.02817,0.178202
S-,30,15.21127,18.02817,0.1793609
S-,30,15.49296,18.02817,0.1793677
S-,30,15.77465,18.02817,0.1782111
S-,30,16.05634,18.02817,0.1759918
S-,30,16.33803,18.02817,0.1729128
S-,30,16.61972,18.02817,0.1692588
S-,30,16.90141,18.02817,0.1653661
S-,30,17.1831,18.02817,0.1615871
S-,30,17.46479,18.02817,0.1582528
S-,30,17.74648,18.02817,0.1556374
S-,30,18.02817,18.02817,0.1539291
S-,30,18.30986,18.02817,0.1532113
S-,30,18.59155,18.02817,0.1534534
S-,30,18.87324,18.02817,0.1545164
S-,30,19.15493,18.02817,0.1561688
S-,30,19.43662,18.02817,0.1581132
S-,30,19.71831,18.02817,0.1600202
S-,30,20.0,18.02817,0.1615657
S-,30,0.0,18.30986,0.149752
S-,30,0.28169,18.30986,0.1488227
S-,30,0.56338,18.30986,0.1472941
S-,30,0.84507,18.30986,0.145425
S-,30,1.12676,18.30986,0.1435144
S-,30,1.40845,18.30986,0.1418661
S-,30,1.69014,18.30986,0.1407528
S-,30,1.97183,18.30986,0.1403837
S-,30,2.25352,18.30986,0.1408793
S-,30,2.53521,18.30986,0.1422569
S-,30,2.8169,18.30986,0.1444268
S-,30,3.09859,18.30986,0.1472018
S-,30,3.38028,18.30986,0.1503175
S-,30,3.66197,18.30986,0.153461
S-,30,3.94366,18.30986,0.1563064
S-,30,4.22535,18.30986,0.158551
S-,30,4.50704,18.30986,0.1599495
S-,30,4.78873,18.30986,0.160342
S-,30,5.07042,18.30986,0.1596726
S-,30,5.35211,18.30986,0.1579959
S-,30,5.6338,18.30986,0.1554722
S-,30,5.91549,18.30986,0.1523503
S-,30,6.19718,18.30986,0.1489403
S-,30,6.47887,18.30986,0.1455805
S-,30,6.76056,18.30986,0.1426006
S-,30,7.04225,18.30986,0.1402862
S-,30,7.32394,18.30986,0.1388483
S-,30,7.60563,18.30986,0.1384021
S-,30,7.88732,18.30986,0.1389555
S-,30,8.16901,18.30986,0.1404102
S-,30,8.4507,18.30986,0.1425756
S-,30,8.73239,18.30986,0.1451914
S-,30,9.01408,18.30986,0.1479592
S-,30,9.29577,18.30986,0.1505775
S-,30,9.57746,18.30986,0.1527766
S-,30,9.85915,18.30986,0.15435
S-,30,10.14085,18.30986,0.1551779
S-,30,10.42254,18.30986,0.1552399
S-,30,10.70423,18.30986,0.1546172
S-,30,10.98592,18.30986,0.1534811
S-,30,11.26761,18.30986,0.1520729
S-,30,11.5493,18.30986,0.1506734
S-,30,11.83099,18.30986,0.1495694
S-,30,12.11268,18.30986,0.1490181
S-,30,12.39437,18.30986,0.1492154
S-,30,12.67606,18.30986,0.1502705
S-,30,12.95775,18.30986,0.1521916
S-,30,13.23944,18.30986,0.1548814
S-,30,13.52113,18.30986,0.1581465
S-,30,13.80282,18.30986,0.1617167
S-,30,14.08451,18.30986,0.1652747
S-,30,14.3662,18.30986,0.1684897
S-,30,14.64789,18.30986,0.1710553
S-,30,14.92958,18.30986,0.1727227
S-,30,15.21127,18.30986,0.1733296
S-,30,15.49296,18.30986,0.1728191
S-,30,15.77465,18.30986,0.1712467
S-,30,16.05634,18.30986,0.1687753
S-,30,16.33803,18.30986,0.1656583
S-,30,16.61972,18.30986,0.1622128
S-,30,16.90141,18.30986,0.1587849
S-,30,17.1831,18.30986,0.1557128
S-,30,17.46479,18.30986,0.1532898
S-,30,17.74648,18.30986,0.1517329
S-,30,18.02817,18.30986,0.1511593
S-,30,18.30986,18.30986,0.1515743
S-,30,18.59155,18.30986,0.1528713
S-,30,18.87324,18.30986,0.1548445
S-,30,19.15493,18.30986,0.1572119
S-,30,19.43662,18.30986,0.1596473
S-,30,19.71831,18.30986,0.1618167
S-,30,20.0,18.30986,0.1634157
S-,30,0.0,18.59155,0.146138
S-,30,0.28169,18.59155,0.1445363
S-,30,0.56338,18.59155,0.142553
S-,30,0.84507,18.59155,0.140481
S-,30,1.12676,18.59155,0.1386293
S-,30,1.40845,18.59155,0.1372868
S-,30,1.69014,18.59155,0.1366882
S-,30,1.97183,18.59155,0.1369859
S-,30,2.25352,18.59155,0.1382319
S-,30,2.53521,18.59155,0.1403699
S-,30,2.8169,18.59155,0.1432409
S-,30,3.09859,18.59155,0.1465996
S-,30,3.38028,18.59155,0.1501409
S-,30,3.66197,18.59155,0.1535338
S-,30,3.94366,18.59155,0.1564574
S-,30,4.22535,18.59155,0.1586366
S-,30,4.50704,18.59155,0.1598729
S-,30,4.78873,18.59155,0.1600659
S-,30,5.07042,18.59155,0.1592249
S-,30,5.35211,18.59155,0.1574674
S-,30,5.6338,18.59155,0.1550063
S-,30,5.91549,18.59155,0.1521259
S-,30,6.19718,18.59155,0.1491505
S-,30,6.47887,18.59155,0.1464083
S-,30,6.76056,18.59155,0.1441954
S-,30,7.04225,18.59155,0.1427436
S-,30,7.32394,18.59155,0.1421951
S-,30,7.60563,18.59155,0.1425882
S-,30,7.88732,18.59155,0.1438546
S-,30,8.16901,18.59155,0.1458285
S-,30,8.4507,18.59155,0.148267
S-,30,8.73239,18.59155,0.1508796
S-,30,9.01408,18.59155,0.1533619
S-,30,9.29577,18.59155,0.1554317
S-,30,9.57746,18.59155,0.1568621
S-,30,9.85915,18.59155,0.1575075
S-,30,10.14085,18.59155,0.1573206
S-,30,10.42254,18.59155,0.156358
S-,30,10.70423,18.59155,0.1547733
S-,30,10.98592,18.59155,0.1527988
S-,30,11.26761,18.59155,0.1507186
S-,30,11.5493,18.59155,0.1488345
S-,30,11.83099,18.59155,0.1474308
S-,30,12.11268,18.59155,0.1467399
S-,30,12.39437,18.59155,0.1469144
S-,30,12.67606,18.59155,0.1480079
S-,30,12.95775,18.59155,0.1499669
S-,30,13.23944,18.59155,0.1526354
S-,30,13.52113,18.59155,0.1557708
S-,30,13.80282,18.59155,0.1590704
S-,30,14.08451,18.59155,0.1622043
S-,30,14.3662,18.59155,0.1648526
S-,30,14.64789,18.59155,0.1667407
S-,30,14.92958,18.59155,0.1676708
S-,30,15.21127,18.59155,0.1675446
S-,30,15.49296,18.59155,0.1663746
S-,30,15.77465,18.59155,0.1642845
S-,30,16.05634,18.59155,0.1614953
S-,30,16.33803,18.59155,0.1583023
S-,30,16.61972,18.59155,0.1550428
S-,30,16.90141,18.59155,0.1520591
S-,30,17.1831,18.59155,0.1496616
S-,30,17.46479,18.59155,0.1480943
S-,30,17.74648,18.59155,0.1475086
S-,30,18.02817,18.59155,0.147947
S-,30,18.30986,18.59155,0.1493383
S-,30,18.59155,18.59155,0.1515064
S-,30,18.87324,18.59155,0.1541897
S-,30,19.15493,18.59155,0.1570706
S-,30,19.43662,18.59155,0.1598107
S-,30,19.71831,18.59155,0.162088
S-,30,20.0,18.59155,0.1636326
S-,30,0.0,18.87324,0.1432133
S-,30,0.28169,18.87324,0.1409473
S-,30,0.56338,18.87324,0.1385272
S-,30,0.84507,18.87324,0.1362662
S-,30,1.12676,18.87324,0.1344686
S-,30,1.40845,18.87324,0.1333949
S-,30,1.69014,18.87324,0.133231
S-,30,1.97183,18.87324,0.1340665
S-,30,2.25352,18.87324,0.1358831
S-,30,2.53521,18.87324,0.1385555
S-,30,2.8169,18.87324,0.1418645
S-,30,3.09859,18.87324,0.1455207
S-,30,3.38028,18.87324,0.1491956
S-,30,3.66197,18.87324,0.1525578
S-,30,3.94366,18.87324,0.1553092
S-,30,4.22535,18.87324,0.1572182
S-,30,4.50704,18.87324,0.158144
S-,30,4.78873,18.87324,0.1580527
S-,30,5.07042,18.87324,0.1570194
S-,30,5.35211,18.87324,0.1552199
S-,30,5.6338,18.87324,0.1529099
S-,30,5.91549,18.87324,0.1503961
S-,30,6.19718,18.87324,0.1480012
S-,30,6.47887,18.87324,0.1460274
S-,30,6.76056,18.87324,0.144723
S-,30,7.04225,18.87324,0.1442542
S-,30,7.32394,18.87324,0.1446872
S-,30,7.60563,18.87324,0.1459815
S-,30,7.88732,18.87324,0.1479955
S-,30,8.16901,18.87324,0.1505033
S-,30,8.4507,18.87324,0.1532218
S-,30,8.73239,18.87324,0.1558434
S-,30,9.01408,18.87324,0.1580721
S-,30,9.29577,18.87324,0.159658
S-,30,9.57746,18.87324,0.1604263
S-,30,9.85915,18.87324,0.1602979
S-,30,10.14085,18.87324,0.1592985
S-,30,10.42254,18.87324,0.1575562
S-,30,10.70423,18.87324,0.1552868
S-,30,10.98592,18.87324,0.1527689
S-,30,11.26761,18.87324,0.1503119
S-,30,11.5493,18.87324,0.1482204
S-,30,11.83099,18.87324,0.1467584
S-,30,12.11268,18.87324,0.1461185
S-,30,12.39437,18.87324,0.1463992
S-,30,12.67606,18.87324,0.1475925
S-,30,12.95775,18.87324,0.1495836
S-,30,13.23944,18.87324,0.1521632
S-,30,13.52113,18.87324,0.1550505
S-,30,13.80282,18.87324,0.157924
S-,30,14.08451,18.87324,0.1604582
S-,30,14.3662,18.87324,0.1623601
S-,30,14.64789,18.87324,0.1634023
S-,30,14.92958,18.87324,0.1634496
S-,30,15.21127,18.87324,0.1624749
S-,30,15.49296,18.87324,0.1605631
S-,30,15.77465,18.87324,0.1579027
S-,30,16.05634,18.87324,0.1547654
S-,30,16.33803,18.87324,0.1514772
S-,30,16.61972,18.87324,0.1483821
S-,30,16.90141,18.87324,0.1458052
S-,30,17.1831,18.87324,0.1440165
S-,30,17.46479,18.87324,0.1432017
S-,30,17.74648,18.87324,0.1434417
S-,30,18.02817,18.87324,0.1447041
S-,30,18.30986,18.87324,0.1468471
S-,30,18.59155,18.87324,0.1496352
S-,30,18.87324,18.87324,0.152766
S-,30,19.15493,18.87324,0.1559028
S-,30,19.43662,18.87324,0.1587127
S-,30,19.71831,18.87324,0.1609023
S-,30,20.0,18.87324,0.1622498
S-,30,0.0,19.15493,0.1412854
S-,30,0.28169,19.15493,0.1384321
S-,30,0.56338,19.15493,0.1356482
S-,30,0.84507,19.15493,0.1332516
S-,30,1.12676,19.15493,0.1315274
S-,30,1.40845,19.15493,0.130695
S-,30,1.69014,19.15493,0.1308835
S-,30,1.97183,19.15493,0.1321156
S-,30,2.25352,19.15493,0.1343051
S-,30,2.53521,19.15493,0.1372654
S-,30,2.8169,19.15493,0.1407296
S-,30,3.09859,19.15493,0.1443802
S-,30,3.38028,19.15493,0.1478832
S-,30,3.66197,19.15493,0.1509254
S-,30,3.94366,19.15493,0.1532486
S-,30,4.22535,19.15493,0.1546774
S-,30,4.50704,19.15493,0.1551382
S-,30,4.78873,19.15493,0.1546664
S-,30,5.07042,19.15493,0.1534012
S-,30,5.35211,19.15493,0.1515692
S-,30,5.6338,19.15493,0.1494576
S-,30,5.91549,19.15493,0.1473813
S-,30,6.19718,19.15493,0.1456463
S-,30,6.47887,19.15493,0.1445149
S-,30,6.76056,19.15493,0.1441755
S-,30,7.04225,19.15493,0.1447213
S-,30,7.32394,19.15493,0.1461394
S-,30,7.60563,19.15493,0.148313
S-,30,7.88732,19.15493,0.1510344
S-,30,8.16901,19.15493,0.154029
S-,30,8.4507,19.15493,0.1569871
S-,30,8.73239,19.15493,0.1595992
S-,30,9.01408,19.15493,0.1615916
S-,30,9.29577,19.15493,0.1627582
S-,30,9.57746,19.15493,0.1629839
S-,30,9.85915,19.15493,0.1622584
S-,30,10.14085,19.15493,0.1606771
S-,30,10.42254,19.15493,0.1584309
S-,30,10.70423,19.15493,0.1557845
S-,30,10.98592,19.15493,0.1530458
S-,30,11.26761,19.15493,0.1505312
S-,30,11.5493,19.15493,0.1485289
S-,30,11.83099,19.15493,0.1472663
S-,30,12.11268,19.15493,0.1468831
S-,30,12.39437,19.15493,0.1474153
S-,30,12.67606,19.15493,0.1487903
S-,30,12.95775,19.15493,0.1508351
S-,30,13.23944,19.15493,0.153295
S-,30,13.52113,19.15493,0.155863
S-,30,13.80282,19.15493,0.1582139
S-,30,14.08451,19.15493,0.160042
S-,30,14.3662,19.15493,0.1610957
S-,30,14.64789,19.15493,0.1612069
S-,30,14.92958,19.15493,0.1603112
S-,30,15.21127,19.15493,0.1584558
S-,30,15.49296,19.15493,0.1557956
S-,30,15.77465,19.15493,0.1525773
S-,30,16.05634,19.15493,0.1491126
S-,30,16.33803,19.15493,0.1457445
S-,30,16.61972,19.15493,0.14281
S-,30,16.90141,19.15493,0.1406033
S-,30,17.1831,19.15493,0.1393437
S-,30,17.46479,19.15493,0.1391517
S-,30,17.74648,19.15493,0.1400363
S-,30,18.02817,19.15493,0.1418941
S-,30,18.30986,19.15493,0.1445218
S-,30,18.59155,19.15493,0.1476383
S-,30,18.87324,19.15493,0.1509166
S-,30,19.15493,19.15493,0.1540194
S-,30,19.43662,19.15493,0.156637
S-,30,19.71831,19.15493,0.1585202
S-,30,20.0,19.15493,0.1595073
S-,30,0.0,19.43662,0.1404824
S-,30,0.28169,19.43662,0.1371892
S-,30,0.56338,19.43662,0.1341727
S-,30,0.84507,19.43662,0.1317393
S-,30,1.12676,19.43662,0.1301405
S-,30,1.40845,19.43662,0.1295443
S-,30,1.69014,19.43662,0.1300163
S-,30,1.97183,19.43662,0.1315125
S-,30,2.25352,19.43662,0.1338836
S-,30,2.53521,19.43662,0.1368921
S-,30,2.8169,19.43662,0.140238
S-,30,3.09859,19.43662,0.143593
S-,30,3.38028,19.43662,0.1466361
S-,30,3.66197,19.43662,0.1490896
S-,30,3.94366,19.43662,0.1507495
S-,30,4.22535,19.43662,0.1515076
S-,30,4.50704,19.43662,0.1513627
S-,30,4.78873,19.43662,0.1504196
S-,30,5.07042,19.43662,0.1488764
S-,30,5.35211,19.43662,0.1470008
S-,30,5.6338,19.43662,0.1450988
S-,30,5.91549,19.43662,0.1434792
S-,30,6.19718,19.43662,0.1424175
S-,30,6.47887,19.43662,0.1421241
S-,30,6.76056,19.43662,0.1427194
S-,30,7.04225,19.43662,0.1442201
S-,30,7.32394,19.43662,0.146536
S-,30,7.60563,19.43662,0.1494804
S-,30,7.88732,19.43662,0.1527907
S-,30,8.16901,19.43662,0.1561579
S-,30,8.4507,19.43662,0.1592614
S-,30,8.73239,19.43662,0.1618053
S-,30,9.01408,19.43662,0.1635518
S-,30,9.29577,19.43662,0.1643483
S-,30,9.57746,19.43662,0.1641444
S-,30,9.85915,19.43662,0.1629977
S-,30,10.14085,19.43662,0.1610672
S-,30,10.42254,19.43662,0.1585951
S-,30,10.70423,19.43662,0.1558792
S-,30,10.98592,19.43662,0.1532389
S-,30,11.26761,19.43662,0.1509784
S-,30,11.5493,19.43662,0.1493526
S-,30,11.83099,19.43662,0.148537
S-,30,12.11268,19.43662,0.1486082
S-,30,12.39437,19.43662,0.1495345
S-,30,12.67606,19.43662,0.1511792
S-,30,12.95775,19.43662,0.1533166
S-,30,13.23944,19.43662,0.155657
S-,30,13.52113,19.43662,0.1578801
S-,30,13.80282,19.43662,0.1596717
S-,30,14.08451,19.43662,0.1607597
S-,30,14.3662,19.43662,0.1609463
S-,30,14.64789,19.43662,0.1601311
S-,30,14.92958,19.43662,0.1583238
S-,30,15.21127,19.43662,0.1556447
S-,30,15.49296,19.43662,0.1523126
S-,30,15.77465,19.43662,0.1486217
S-,30,16.05634,19.43662,0.14491
S-,30,16.33803,19.43662,0.1415228
S-,30,16.61972,19.43662,0.1387755
S-,30,16.90141,19.43662,0.136919
S-,30,17.1831,19.43662,0.1361131
S-,30,17.46479,19.43662,0.1364095
S-,30,17.74648,19.43662,0.1377469
S-,30,18.02817,19.43662,0.1399583
S-,30,18.30986,19.43662,0.1427907
S-,30,18.59155,19.43662,0.1459332
S-,30,18.87324,19.43662,0.1490522
S-,30,19.15493,19.43662,0.1518282
S-,30,19.43662,19.43662,0.1539912
S-,30,19.71831,19.43662,0.1553498
S-,30,20.0,19.43662,0.1558118
S-,30,0.0,19.71831,0.1407424
S-,30,0.28169,19.71831,0.1372187
S-,30,0.56338,19.71831,0.1341531
S-,30,0.84507,19.71831,0.1318247
S-,30,1.12676,19.71831,0.1304382
S-,30,1.40845,19.71831,0.1301015
S-,30,1.69014,19.71831,0.1308135
S-,30,1.97183,19.71831,0.1324656
S-,30,2.25352,19.71831,0.1348535
S-,30,2.53521,19.71831,0.1377011
S-,30,2.8169,19.71831,0.1406914
S-,30,3.09859,19.71831,0.1435026
S-,30,3.38028,19.71831,0.145844
S-,30,3.66197,19.71831,0.1474886
S-,30,3.94366,19.71831,0.1482984
S-,30,4.22535,19.71831,0.1482392
S-,30,4.50704,19.71831,0.1473838
S-,30,4.78873,19.71831,0.1459031
S-,30,5.07042,19.71831,0.1440456
S-,30,5.35211,19.71831,0.1421084
S-,30,5.6338,19.71831,0.1404027
S-,30,5.91549,19.71831,0.1392174
S-,30,6.19718,19.71831,0.1387853
S-,30,6.47887,19.71831,0.139256
S-,30,6.76056,19.71831,0.1406777
S-,30,7.04225,19.71831,0.1429909
S-,30,7.32394,19.71831,0.1460341
S-,30,7.60563,19.71831,0.1495617
S-,30,7.88732,19.71831,0.1532704
S-,30,8.16901,19.71831,0.1568331
S-,30,8.4507,19.71831,0.1599354
S-,30,8.73239,19.71831,0.1623105
S-,30,9.01408,19.71831,0.1637686
S-,30,9.29577,19.71831,0.1642183
S-,30,9.57746,19.71831,0.163676
S-,30,9.85915,19.71831,0.1622639
S-,30,10.14085,19.71831,0.1601953
S-,30,10.42254,19.71831,0.1577502
S-,30,10.70423,19.71831,0.1552429
S-,30,10.98592,19.71831,0.1529859
S-,30,11.26761,19.71831,0.1512539
S-,30,11.5493,19.71831,0.1502524
S-,30,11.83099,19.71831,0.1500938
S-,30,12.11268,19.71831,0.1507843
S-,30,12.39437,19.71831,0.152223
S-,30,12.67606,19.71831,0.1542133
S-,30,12.95775,19.71831,0.1564848
S-,30,13.23944,19.71831,0.1587247
S-,30,13.52113,19.71831,0.1606132
S-,30,13.80282,19.71831,0.1618606
S-,30,14.08451,19.71831,0.162241
S-,30,14.3662,19.71831,0.161619
S-,30,14.64789,19.71831,0.1599661
S-,30,14.92958,19.71831,0.1573658
S-,30,15.21127,19.71831,0.1540058
S-,30,15.49296,19.71831,0.1501582
S-,30,15.77465,19.71831,0.1461511
S-,30,16.05634,19.71831,0.1423331
S-,30,16.33803,19.71831,0.1390361
S-,30,16.61972,19.71831,0.1365394
S-,30,16.90141,19.71831,0.1350397
S-,30,17.1831,19.71831,0.1346313
S-,30,17.46479,19.71831,0.1352959
S-,30,17.74648,19.71831,0.1369066
S-,30,18.02817,19.71831,0.1392427
S-,30,18.30986,19.71831,0.1420157
S-,30,18.59155,19.71831,0.1449019
S-,30,18.87324,19.71831,0.1475792
S-,30,19.15493,19.71831,0.1497629
S-,30,19.43662,19.71831,0.1512377
S-,30,19.71831,19.71831,0.1518807
S-,30,20.0,19.71831,0.1516743
S-,30,0.0,20.0,0.1418327
S-,30,0.28169,20.0,0.1383321
S-,30,0.56338,20.0,0.1354387
S-,30,0.84507,20.0,0.1333895
S-,30,1.12676,20.0,0.132331
S-,30,1.40845,20.0,0.1323047
S-,30,1.69014,20.0,0.1332424
S-,30,1.97183,20.0,0.1349759
S-,30,2.25352,20.0,0.1372561
S-,30,2.53521,20.0,0.1397823
S-,30,2.8169,20.0,0.1422364
S-,30,3.09859,20.0,0.14432
S-,30,3.38028,20.0,0.1457877
S-,30,3.66197,20.0,0.1464755
S-,30,3.94366,20.0,0.1463193
S-,30,4.22535,20.0,0.1453617
S-,30,4.50704,20.0,0.1437472
S-,30,4.78873,20.0,0.1417053
S-,30,5.07042,20.0,0.1395239
S-,30,5.35211,20.0,0.1375163
S-,30,5.6338,20.0,0.1359846
S-,30,5.91549,20.0,0.1351851
S-,30,6.19718,20.0,0.1352979
S-,30,6.47887,20.0,0.1364061
S-,30,6.76056,20.0,0.1384847
S-,30,7.04225,20.0,0.1414031
S-,30,7.32394,20.0,0.1449385
S-,30,7.60563,20.0,0.1487998
S-,30,7.88732,20.0,0.1526602
S-,30,8.16901,20.0,0.1561923
S-,30,8.4507,20.0,0.159105
S-,30,8.73239,20.0,0.1611749
S-,30,9.01408,20.0,0.1622708
S-,30,9.29577,20.0,0.1623674
S-,30,9.57746,20.0,0.1615477
S-,30,9.85915,20.0,0.1599919
S-,30,10.14085,20.0,0.1579567
S-,30,10.42254,20.0,0.1557449
S-,30,10.70423,20.0,0.1536704
S-,30,10.98592,20.0,0.1520216
S-,30,11.26761,20.0,0.151028
S-,30,11.5493,20.0,0.1508334
S-,30,11.83099,20.0,0.151479
S-,30,12.11268,20.0,0.1528977
S-,30,12.39437,20.0,0.1549221
S-,30,12.67606,20.0,0.1573022
S-,30,12.95775,20.0,0.1597346
S-,30,13.23944,20.0,0.1618961
S-,30,13.52113,20.0,0.1634814
S-,30,13.80282,20.0,0.1642379
S-,30,14.08451,20.0,0.1639953
S-,30,14.3662,20.0,0.162686
S-,30,14.64789,20.0,0.1603541
S-,30,14.92958,20.0,0.1571519
S-,30,15.21127,20.0,0.1533247
S-,30,15.49296,20.0,0.1491846
S-,30,15.77465,20.0,0.1450772
S-,30,16.05634,20.0,0.1413449
S-,30,16.33803,20.0,0.13829
S-,30,16.61972,20.0,0.1361426
S-,30,16.90141,20.0,0.1350367
S-,30,17.1831,20.0,0.1349966
S-,30,17.46479,20.0,0.1359365
S-,30,17.74648,20.0,0.137671
S-,30,18.02817,20.0,0.1399378
S-,30,18.30986,20.0,0.1424282
S-,30,18.59155,20.0,0.144823
S-,30,18.87324,20.0,0.1468284
S-,30,19.15493,20.0,0.1482101
S-,30,19.43662,20.0,0.1488187
S-,30,19.71831,20.0,0.1486069
S-,30,20.0,20.0,0.1476336
