scan_rate_mV_s,sequence,voltage_V,current_mA
0.1,0,2.8,0.0
0.1,1,2.8040100250626563,9.298999800885886e-08
0.1,2,2.808020050125313,3.719369329961976e-07
0.1,3,2.8120300751879697,8.367716335621436e-07
0.1,4,2.8160401002506266,1.4873788330991195e-06
0.1,5,2.820050125313283,2.323597198374476e-06
0.1,6,2.8240601503759395,3.3452193695372823e-06
0.1,7,2.8280701754385964,4.551992011537918e-06
0.1,8,2.832080200501253,5.943615876947909e-06
0.1,9,2.8360902255639098,7.519745880166304e-06
0.1,10,2.8401002506265662,9.279991182990456e-06
0.1,11,2.8441102756892227,1.1223915291534646e-05
0.1,12,2.8481203007518796,1.3351036164468506e-05
0.1,13,2.852130325814536,1.566082633254959e-05
0.1,14,2.856140350877193,1.8152713029423392e-05
0.1,15,2.8601503759398494,2.0826078333652085e-05
0.1,16,2.864160401002506,2.3680259321944418e-05
0.1,17,2.868170426065163,2.67145482335423e-05
0.1,18,2.8721804511278193,2.9928192645725448e-05
0.1,19,2.876190476190476,3.3320395660394584e-05
0.1,20,2.8802005012531326,3.6890316101678145e-05
0.1,21,2.8842105263157896,4.0637068724524224e-05
0.1,22,2.888220551378446,4.45597244342149e-05
0.1,23,2.8922305764411025,4.8657310516759514e-05
0.1,24,2.8962406015037594,5.292881088010083e-05
0.1,25,2.900250626566416,5.737316630607712e-05
0.1,26,2.9042606516290723,6.198927471308294e-05
0.1,27,2.9082706766917292,6.677599142935465e-05
0.1,28,2.9122807017543857,7.173212947681673e-05
0.1,29,2.9162907268170426,7.685645986542455e-05
0.1,30,2.920300751879699,8.214771189791659e-05
0.1,31,2.924310776942356,8.760457348491807e-05
0.1,32,2.9283208020050124,9.322569147029956e-05
0.1,33,2.932330827067669,9.900967196672754e-05
0.1,34,2.936340852130326,0.00010495508070130983
0.1,35,2.9403508771929823,0.00011106044337125464
0.1,36,2.944360902255639,0.00011732424600946336
0.1,37,2.9483709273182956,0.00012374493535994828
0.1,38,2.952380952380952,0.00013032091926300365
0.1,39,2.956390977443609,0.00013705056705001678
0.1,40,2.9604010025062655,0.00014393220994782794
0.1,41,2.9644110275689224,0.000150964141492547
0.1,42,2.968421052631579,0.00015814461795270494
0.1,43,2.9724310776942353,0.00016547185876165777
0.1,44,2.976441102756892,0.00017294404695911784
0.1,45,2.9804511278195487,0.00018055932964170846
0.1,46,2.9844611528822056,0.00018831581842244065
0.1,47,2.988471177944862,0.0001962115898989761
0.1,48,2.9924812030075185,0.0002042446861305852
0.1,49,2.9964912280701754,0.0002124131151236619
0.1,50,3.000501253132832,0.00022071485132568248
0.1,51,3.004511278195489,0.0002291478361274941
0.1,52,3.0085213032581453,0.00023770997837378876
0.1,53,3.0125313283208017,0.0002463991548816593
0.1,54,3.0165413533834586,0.0002552132109670904
0.1,55,3.020551378446115,0.00026414996097925915
0.1,56,3.024561403508772,0.0002732071888425254
0.1,57,3.0285714285714285,0.00028238264860595136
0.1,58,3.032581453634085,0.0002916740650002442
0.1,59,3.036591478696742,0.0003010791340019597
0.1,60,3.0406015037593983,0.0003105955234048356
0.1,61,3.044611528822055,0.0003202208733981228
0.1,62,3.0486215538847117,0.00032995279715174826
0.1,63,3.052631578947368,0.0003397888814081924
0.1,64,3.056641604010025,0.0003497266870809089
0.1,65,3.0606516290726815,0.0003597637498591502
0.1,66,3.0646616541353384,0.0003698975808190591
0.1,67,3.068671679197995,0.00038012566704084615
0.1,68,3.072681704260652,0.00039044547223193564
0.1,69,3.0766917293233083,0.0004008544373558909
0.1,70,3.0807017543859647,0.00041134998126699397
0.1,71,3.0847117794486216,0.00042192950135029893
0.1,72,3.088721804511278,0.00043259037416700744
0.1,73,3.0927318295739346,0.0004433299561050201
0.1,74,3.0967418546365915,0.00045414558403447945
0.1,75,3.100751879699248,0.00046503457596815297
0.1,76,3.104761904761905,0.000475994231726505
0.1,77,3.1087719298245613,0.0004870218336072634
0.1,78,3.112781954887218,0.0004981146470593512
0.1,79,3.1167919799498747,0.0005092699213609782
0.1,80,3.120802005012531,0.0005204848903017639
0.1,81,3.124812030075188,0.0005317567728686916
0.1,82,3.1288220551378445,0.0005430827739357365
0.1,83,3.132832080200501,0.0005544600849570105
0.1,84,3.136842105263158,0.0005658858846632316
0.1,85,3.1408521303258143,0.0005773573397613561
0.1,86,3.1448621553884712,0.00058887160563722
0.1,87,3.1488721804511277,0.0006004258270609846
0.1,88,3.1528822055137846,0.000612017138895259
0.1,89,3.156892230576441,0.0006236426668056887
0.1,90,3.1609022556390975,0.000635299527973885
0.1,91,3.1649122807017545,0.0006469848318124994
0.1,92,3.168922305764411,0.0006586956806822953
0.1,93,3.172932330827068,0.000670429170611076
0.1,94,3.1769423558897243,0.0006821823920142838
0.1,95,3.1809523809523808,0.000693952430417175
0.1,96,3.1849624060150377,0.0007057363671784058
0.1,97,3.188972431077694,0.0007175312802149255
0.1,98,3.192982456140351,0.0007293342447281001
0.1,99,3.1969924812030075,0.0007411423339309563
0.1,100,3.201002506265664,0.000752952619776551
0.1,101,3.205012531328321,0.0007647621736874251
0.1,102,3.2090225563909773,0.0007765680672862181
0.1,103,3.2130325814536342,0.000788367373127557
0.1,104,3.2170426065162907,0.0008001571654313973
0.1,105,3.2210526315789476,0.0008119345208181538
0.1,106,3.225062656641604,0.0008236965190460117
0.1,107,3.2290726817042605,0.0008354402437510632
0.1,108,3.2330827067669174,0.000847162783191039
0.1,109,3.237092731829574,0.0008588612309937259
0.1,110,3.2411027568922304,0.0008705326869114701
0.1,111,3.2451127819548873,0.000882174257583555
0.1,112,3.2491228070175437,0.0008937830573087751
0.1,113,3.2531328320802007,0.0009053562088311661
0.1,114,3.257142857142857,0.000916890844142581
0.1,115,3.261152882205514,0.0009283841053068567
0.1,116,3.2651629072681705,0.0009398331453114045
0.1,117,3.269172932330827,0.0009512351289536317
0.1,118,3.273182957393484,0.0009625872337713094
0.1,119,3.2771929824561403,0.0009738866510282678
0.1,120,3.281203007518797,0.0009851305867694831
0.1,121,3.2852130325814537,0.000996316262962871
0.1,122,3.28922305764411,0.0010074409187491304
0.1,123,3.293233082706767,0.0010185018118258047
0.1,124,3.2972431077694235,0.001029496219997544
0.1,125,3.3012531328320804,0.0010404214429316674
0.1,126,3.305263157894737,0.0010512748041665335
0.1,127,3.3092731829573934,0.0010620536534304797
0.1,128,3.3132832080200503,0.0010727553693412111
0.1,129,3.3172932330827067,0.0010833773625701
0.1,130,3.321303258145363,0.0010939170795731636
0.1,131,3.32531328320802,0.0011043720070110059
0.1,132,3.3293233082706766,0.0011147396770043612
0.1,133,3.3333333333333335,0.0011250176734006044
0.1,134,3.33734335839599,0.0011352036392603538
0.1,135,3.341353383458647,0.0011452952858130416
0.1,136,3.3453634085213033,0.0011552904031767166
0.1,137,3.34937343358396,0.0011651868731916094
0.1,138,3.3533834586466167,0.001174982684780019
0.1,139,3.357393483709273,0.0011846759523182636
0.1,140,3.3614035087719296,0.0011942649375910543
0.1,141,3.3654135338345865,0.0012037480759961368
0.1,142,3.3694235588972434,0.0012131240077791151
0.1,143,3.3734335839599,0.0012223916152066905
0.1,144,3.3774436090225564,0.0012315500667329602
0.1,145,3.3814536340852133,0.0012405988693799635
0.1,146,3.3854636591478697,0.0012495379307423998
0.1,147,3.389473684210526,0.001258367632239507
0.1,148,3.393483709273183,0.0012670889154767345
0.1,149,3.3974937343358396,0.0012757033838483385
0.1,150,3.4015037593984965,0.0012842134218115982
0.1,151,3.405513784461153,0.0012926223345961284
0.1,152,3.40952380952381,0.001300934511479913
0.1,153,3.4135338345864663,0.0013091556161689162
0.1,154,3.4175438596491228,0.001317292808261156
0.1,155,3.4215538847117797,0.0013253550002599883
0.1,156,3.425563909774436,0.0013333531551259095
0.1,157,3.4295739348370926,0.001341300629921374
0.1,158,3.4335839598997495,0.0013492135717083288
0.1,159,3.437593984962406,0.0013571113725018016
0.1,160,3.441604010025063,0.0013650171907622457
0.1,161,3.4456140350877194,0.0013729585476204512
0.1,162,3.4496240601503763,0.001380968006766445
0.1,163,3.4536340852130327,0.001389083947690665
0.1,164,3.457644110275689,0.0013973514427331525
0.1,165,3.461654135338346,0.0014058232491634304
0.1,166,3.4656641604010026,0.0014145609282670668
0.1,167,3.469674185463659,0.0014236361041390136
0.1,168,3.473684210526316,0.0014331318755603627
0.1,169,3.4776942355889724,0.0014431443949433345
0.1,170,3.4817042606516293,0.0014537846288451724
0.1,171,3.4857142857142858,0.0014651803149483445
0.1,172,3.4897243107769427,0.001477478130652553
0.1,173,3.493734335839599,0.0014908460884905475
0.1,174,3.4977443609022556,0.0015054761734296094
0.1,175,3.5017543859649125,0.0015215872367154654
0.1,176,3.505764411027569,0.0015394281602153393
0.1,177,3.5097744360902254,0.0015592813041795596
0.1,178,3.5137844611528823,0.0015814662499231288
0.1,179,3.517794486215539,0.0016063438470859189
0.1,180,3.5218045112781957,0.001634320572818543
0.1,181,3.525814536340852,0.001665853207417296
0.1,182,3.529824561403509,0.0017014538275553503
0.1,183,3.5338345864661656,0.0017416951142903432
0.1,184,3.537844611528822,0.0017872159684383373
0.1,185,3.541854636591479,0.0018387274206630956
0.1,186,3.5458646616541354,0.0018970188177191663
0.1,187,3.549874686716792,0.001962964259696936
0.1,188,3.5538847117794488,0.002037529255848567
0.1,189,3.5578947368421057,0.0021217775586397964
0.1,190,3.561904761904762,0.002216878127101902
0.1,191,3.5659147869674186,0.0023241121613952107
0.1,192,3.5699248120300755,0.0024448801408029587
0.1,193,3.573934837092732,0.002580708787233613
0.1,194,3.5779448621553884,0.0027332578658233113
0.1,195,3.5819548872180453,0.0029043267235207976
0.1,196,3.585964912280702,0.0030958604557523423
0.1,197,3.5899749373433587,0.003309955580571085
0.1,198,3.593984962406015,0.003548865089283881
0.1,199,3.597994987468672,0.003815002732633908
0.1,200,3.6020050125313285,0.004110946392426979
0.1,201,3.606015037593985,0.004439440380279786
0.1,202,3.610025062656642,0.004803396498199671
0.1,203,3.6140350877192984,0.005205893690262162
0.1,204,3.618045112781955,0.005650176111018865
0.1,205,3.6220551378446117,0.006139649434734605
0.1,206,3.626065162907268,0.0066778752304121535
0.1,207,3.630075187969925,0.0072685632310947376
0.1,208,3.6340852130325816,0.007915561332406259
0.1,209,3.6380952380952385,0.008622843164951495
0.1,210,3.642105263157895,0.009394493098258001
0.1,211,3.6461152882205514,0.010234688550594406
0.1,212,3.6501253132832083,0.01114767949936631
0.1,213,3.654135338345865,0.012137765110969777
0.1,214,3.6581453634085213,0.013209267436988945
0.1,215,3.662155388471178,0.014366502155414754
0.1,216,3.6661654135338346,0.015613746371028176
0.1,217,3.6701754385964915,0.016955203528031537
0.1,218,3.674185463659148,0.018394965530142467
0.1,219,3.678195488721805,0.01993697220834052
0.1,220,3.6822055137844614,0.021584968323793315
0.1,221,3.686215538847118,0.023342458342682604
0.1,222,3.6902255639097747,0.025212659270037702
0.1,223,3.694235588972431,0.027198451880588878
0.1,224,3.6982456140350877,0.029302330735277188
0.1,225,3.7022556390977446,0.031526353421548144
0.1,226,3.706265664160401,0.03387208950303039
0.1,227,3.710275689223058,0.03634056970869523
0.1,228,3.7142857142857144,0.038932235932130826
0.1,229,3.7182957393483713,0.04164689264719572
0.1,230,3.722305764411028,0.044483660376011945
0.1,231,3.7263157894736842,0.04744093186813714
0.1,232,3.730325814536341,0.05051633166485305
0.1,233,3.7343358395989976,0.053706679729057676
0.1,234,3.738345864661654,0.057007959818481176
0.1,235,3.742355889724311,0.06041529326724045
0.1,236,3.746365914786968,0.06392291881764516
0.1,237,3.7503759398496244,0.06752417911030752
0.1,238,3.754385964912281,0.07121151439583362
0.1,239,3.7583959899749377,0.07497646397571
0.1,240,3.762406015037594,0.0788096758136634
0.1,241,3.7664160401002507,0.08270092468217954
0.1,242,3.7704260651629076,0.08663913912263219
0.1,243,3.774436090225564,0.09061243740246963
0.1,244,3.778446115288221,0.09460817255013922
0.1,245,3.7824561403508774,0.0986129864391274
0.1,246,3.7864661654135343,0.10261287277812618
0.1,247,3.7904761904761908,0.10659324874638906
0.1,248,3.7944862155388472,0.1105390348936386
0.1,249,3.798496240601504,0.11443474280415039
0.1,250,3.8025062656641606,0.11826456990687736
0.1,251,3.806516290726817,0.12201250069959274
0.1,252,3.810526315789474,0.1256624135470048
0.1,253,3.814536340852131,0.12919819211261566
0.1,254,3.818546365914787,0.1326038403936079
0.1,255,3.822556390977444,0.13586360024904914
0.1,256,3.8265664160401007,0.1389620702458401
0.1,257,3.830576441102757,0.14188432459560088
0.1,258,3.8345864661654137,0.14461603092027014
0.1,259,3.8385964912280706,0.1471435655656794
0.1,260,3.842606516290727,0.14945412518144777
0.1,261,3.8466165413533835,0.1515358333027
0.1,262,3.8506265664160404,0.15337784070446558
0.1,263,3.8546365914786973,0.15497041835303157
0.1,264,3.8586466165413533,0.15630504184947264
0.1,265,3.8626566416040102,0.1573744663482766
0.1,266,3.866666666666667,0.15817279103730206
0.1,267,3.8706766917293236,0.15869551238285232
0.1,268,3.87468671679198,0.15893956547371488
0.1,269,3.878696741854637,0.15890335293873148
0.1,270,3.8827067669172934,0.15858676106167083
0.1,271,3.88671679197995,0.15799116287260237
0.1,272,3.890726817042607,0.15711940815420378
0.1,273,3.8947368421052637,0.1559758004619788
0.1,274,3.89874686716792,0.1545660614167032
0.1,275,3.9027568922305766,0.15289728268303668
0.1,276,3.9067669172932336,0.15097786619771109
0.1,277,3.91077694235589,0.1488174533516936
0.1,278,3.9147869674185465,0.14642684396104713
0.1,279,3.9187969924812034,0.14381790597891686
0.1,280,3.92280701754386,0.14100347700439006
0.1,281,3.9268170426065163,0.1379972587314402
0.1,282,3.9308270676691732,0.1348137055516034
0.1,283,3.93483709273183,0.13146790857653792
0.1,284,3.9388471177944866,0.12797547638065157
0.1,285,3.942857142857143,0.1243524137793217
0.1,286,3.9468671679198,0.12061499995497842
0.1,287,3.9508771929824564,0.11677966722187721
0.1,288,3.954887218045113,0.11286288168151705
0.1,289,3.95889724310777,0.10888102696535076
0.1,290,3.9629072681704263,0.10485029219096559
0.1,291,3.9669172932330827,0.10078656517378663
0.1,292,3.9709273182957396,0.0967053318402924
0.1,293,3.9749373433583965,0.09262158268254377
0.1,294,3.978947368421053,0.08854972697952523
0.1,295,3.9829573934837095,0.08450351539042202
0.1,296,3.9869674185463664,0.08049597140057903
0.1,297,3.990977443609023,0.07653933197459574
0.1,298,3.9949874686716793,0.07264499764484118
0.1,299,3.998997493734336,0.06882349213958668
0.1,300,4.003007518796993,0.06508443153475768
0.1,301,4.007017543859649,0.06143650279873033
0.1,302,4.011027568922306,0.057887451492140723
0.1,303,4.015037593984963,0.05444407828568967
0.1,304,4.019047619047619,0.05111224386948063
0.1,305,4.023057644110276,0.047896881748513497
0.1,306,4.027067669172933,0.04480201835117571
0.1,307,4.03107769423559,0.04183079982138466
0.1,308,4.035087719298246,0.0389855248207263
0.1,309,4.039097744360903,0.03626768263443501
0.1,310,4.0431077694235595,0.033677995854250235
0.1,311,4.047117794486216,0.031216466901617154
0.1,312,4.0511278195488725,0.028882427655897353
0.1,313,4.055137844611529,0.026674591463463963
0.1,314,4.059147869674186,0.02459110682395322
0.1,315,4.063157894736842,0.022629612078653268
0.1,316,4.067167919799499,0.020787290461949246
0.1,317,4.071177944862155,0.019060924918916276
0.1,318,4.075187969924812,0.017446952139401485
0.1,319,4.079197994987469,0.015941515310235722
0.1,320,4.083208020050126,0.014540515141388224
0.1,321,4.087218045112783,0.013239658777948572
0.1,322,4.091228070175439,0.012034506266723567
0.1,323,4.095238095238096,0.010920514303056546
0.1,324,4.099248120300752,0.009893077039349107
0.1,325,4.103258145363409,0.008947563790885077
0.1,326,4.107268170426066,0.008079353526285612
0.1,327,4.1112781954887225,0.007283866078621593
0.1,328,4.1152882205513786,0.006556590058444241
0.1,329,4.1192982456140355,0.00589310749134704
0.1,330,4.123308270676692,0.005289115239885725
0.1,331,4.127318295739348,0.00474044330255356
0.1,332,4.131328320802005,0.004243070110961824
0.1,333,4.135338345864662,0.003793134970385345
0.1,334,4.139348370927319,0.0033869478084687134
0.1,335,4.143358395989975,0.003020996412295347
0.1,336,4.147368421052632,0.002691951345375027
0.1,337,4.151378446115288,0.0023966687436627106
0.1,338,4.155388471177945,0.002132191193749884
0.1,339,4.159398496240602,0.0018957468971965339
0.1,340,4.163408521303259,0.0016847473229125054
0.1,341,4.167418546365916,0.001496783544914269
0.1,342,4.171428571428572,0.0013296214560151083
0.1,343,4.175438596491229,0.0011811960394098081
0.1,344,4.179448621553885,0.001049604870027538
0.1,345,4.1834586466165415,0.0009331010062740955
0.1,346,4.1874686716791985,0.0008300854206805431
0.1,347,4.191478696741855,0.0007390991053004343
0.1,348,4.195488721804511,0.0006588149747209367
0.1,349,4.199498746867168,0.0005880296765052863
0.1,350,4.203508771929825,0.0005256554059770617
0.1,351,4.207518796992481,0.0004707118096678302
0.1,352,4.211528822055138,0.00042231804963388563
0.1,353,4.215538847117795,0.0003796850893274008
0.1,354,4.219548872180452,0.0003421082508819243
0.1,355,4.223558897243108,0.00030896008361626294
0.1,356,4.227568922305765,0.00027968357432441894
0.1,357,4.231578947368422,0.0002537857215338077
0.1,358,4.235588972431078,0.00023083148839066341
0.1,359,4.239598997493735,0.0002104381421666506
0.1,360,4.243609022556392,0.00019226998255546425
0.1,361,4.2476190476190485,0.00017603345591270998
0.1,362,4.2516290726817045,0.00016147264834756212
0.1,363,4.255639097744361,0.00014836514705320253
0.1,364,4.2596491228070175,0.00013651825641297944
0.1,365,4.263659147869674,0.00012576555318413195
0.1,366,4.267669172932331,0.00011596376338312723
0.1,367,4.271679197994988,0.000106989942316668
0.1,368,4.275689223057645,9.873893846236572e-05
0.1,369,4.279699248120301,9.112112154560351e-05
0.1,370,4.283709273182958,8.406035512976782e-05
0.1,371,4.287719298245614,7.749219428420389e-05
0.1,372,4.291729323308271,7.13622893695489e-05
0.1,373,4.295739348370928,6.562497763948648e-05
0.1,374,4.299749373433585,6.0242045160733135e-05
0.1,375,4.303759398496241,5.518164246339618e-05
0.1,376,4.307769423558898,5.0417338319368995e-05
0.1,377,4.311779448621555,4.592729707941088e-05
0.1,378,4.315789473684211,4.169356605566246e-05
0.1,379,4.3197994987468675,3.770146049542812e-05
0.1,380,4.323809523809524,3.3939034736966966e-05
0.1,381,4.327819548872181,3.0396629155103207e-05
0.1,382,4.331829573934837,2.7066483482853797e-05
0.1,383,4.335839598997494,2.3942408026595545e-05
0.1,384,4.33984962406015,2.1019505170643594e-05
0.1,385,4.343859649122807,1.8293934388404797e-05
0.1,386,4.347869674185464,1.5762714739301838e-05
0.1,387,4.351879699248121,1.3423559532451573e-05
0.1,388,4.355889724310778,1.1274738480112001e-05
0.1,389,4.359899749373434,9.314963247377353e-06
0.1,390,4.363909774436091,7.543292831649759e-06
0.1,391,4.367919799498747,5.959055678674011e-06
0.1,392,4.371929824561404,4.561785864457551e-06
0.1,393,4.375939849624061,3.3511710476119427e-06
0.1,394,4.379949874686718,2.3270102280003415e-06
0.1,395,4.383959899749374,1.4891796387155896e-06
0.1,396,4.3879699248120305,8.376053528641494e-07
0.1,397,4.391979949874687,3.72241407913448e-07
0.1,398,4.3959899749373434,9.305244182037031e-08
0.1,399,4.4,8.799599677744796e-34
0.1,400,4.3959899749373434,-9.299001394472598e-08
0.1,401,4.391979949874687,-3.7193701262369704e-07
0.1,402,4.3879699248120305,-8.367718570879567e-07
0.1,403,4.383959899749374,-1.4873793282537667e-06
0.1,404,4.379949874686717,-2.323598161206825e-06
0.1,405,4.375939849624061,-3.3452210928212777e-06
0.1,406,4.371929824561404,-4.551994923248067e-06
0.1,407,4.367919799498747,-5.943620591969885e-06
0.1,408,4.363909774436091,-7.519753269314701e-06
0.1,409,4.359899749373434,-9.280002464546441e-06
0.1,410,4.355889724310777,-1.1223932151938512e-05
0.1,411,4.351879699248121,-1.335106091660204e-05
0.1,412,4.347869674185464,-1.566086212227544e-05
0.1,413,4.343859649122807,-1.81527641038154e-05
0.1,414,4.33984962406015,-2.0826150387813595e-05
0.1,415,4.335839598997494,-2.3680359945548753e-05
0.1,416,4.331829573934837,-2.6714687483488966e-05
0.1,417,4.3278195488721805,-2.9928383777733363e-05
0.1,418,4.323809523809524,-3.3320656060255485e-05
0.1,419,4.3197994987468675,-3.6890668466532156e-05
0.1,420,4.315789473684211,-4.063754255624387e-05
0.1,421,4.311779448621555,-4.4560357921267155e-05
0.1,422,4.307769423558898,-4.865815289817526e-05
0.1,423,4.303759398496241,-5.2929925406051316e-05
0.1,424,4.299749373433584,-5.7374633934715645e-05
0.1,425,4.295739348370928,-6.199119871351997e-05
0.1,426,4.291729323308271,-6.677850309686955e-05
0.1,427,4.287719298245614,-7.173539520971156e-05
0.1,428,4.283709273182958,-7.686068990457454e-05
0.1,429,4.279699248120301,-8.215317109151937e-05
0.1,430,4.275689223057644,-8.761159451379533e-05
0.1,431,4.271679197994988,-9.323469105540745e-05
0.1,432,4.267669172932331,-9.902117068233022e-05
0.1,433,4.263659147869674,-0.00010496972713718494
0.1,434,4.2596491228070175,-0.00011107904352815196
0.1,435,4.255639097744361,-0.00011734779897703922
0.1,436,4.2516290726817045,-0.00012377467651928522
0.1,437,4.247619047619048,-0.00013035837248063045
0.1,438,4.243609022556392,-0.00013709760759185
0.1,439,4.239598997493735,-0.00014399114014474048
0.1,440,4.235588972431078,-0.0001510377815401732
0.1,441,4.231578947368421,-0.00015823641463316533
0.1,442,4.227568922305765,-0.0001655860153410973
0.1,443,4.223558897243108,-0.00017308567805039034
0.1,444,4.219548872180451,-0.00018073464543469383
0.1,445,4.215538847117795,-0.00018853234338497317
0.1,446,4.211528822055138,-0.0001964784218494762
0.1,447,4.207518796992481,-0.000204572802490339
0.1,448,4.203508771929825,-0.00021281573418459258
0.1,449,4.199498746867168,-0.00022120785753112842
0.1,450,4.195488721804511,-0.00022975027967295274
0.1,451,4.191478696741855,-0.00023844466090651293
0.1,452,4.1874686716791985,-0.00024729331472778956
0.1,453,4.1834586466165415,-0.00025629932315894403
0.1,454,4.179448621553885,-0.0002654666694103892
0.1,455,4.175438596491229,-0.00027480039016133603
0.1,456,4.171428571428572,-0.00028430674998791407
0.1,457,4.167418546365915,-0.000293993440731621
0.1,458,4.163408521303259,-0.000303869808882308
0.1,459,4.159398496240602,-0.00031394711434851186
0.1,460,4.155388471177945,-0.0003242388243030607
0.1,461,4.151378446115288,-0.00033476094612245753
0.1,462,4.147368421052632,-0.00034553240378275334
0.1,463,4.143358395989975,-0.0003565754624307099
0.1,464,4.139348370927318,-0.0003679162062140089
0.1,465,4.135338345864662,-0.00037958507482528225
0.1,466,4.131328320802005,-0.00039161746458736524
0.1,467,4.127318295739348,-0.0004040544002771741
0.1,468,4.123308270676692,-0.0004169432842473298
0.1,469,4.1192982456140355,-0.0004303387297517764
0.1,470,4.1152882205513786,-0.00044430348570698625
0.1,471,4.111278195488722,-0.00045890946041603475
0.1,472,4.107268170426066,-0.00047423885203935144
0.1,473,4.103258145363409,-0.0004903853938038491
0.1,474,4.099248120300752,-0.0005074557220898684
0.1,475,4.095238095238096,-0.0005255708756116634
0.1,476,4.091228070175439,-0.0005448679338984743
0.1,477,4.087218045112782,-0.0005655018031764806
0.1,478,4.083208020050126,-0.0005876471575324937
0.1,479,4.079197994987469,-0.000611500542892824
0.1,480,4.075187969924812,-0.0006372826508600289
0.1,481,4.071177944862155,-0.0006652407688002442
0.1,482,4.067167919799499,-0.0006956514117480839
0.1,483,4.063157894736842,-0.000728823140679119
0.1,484,4.059147869674185,-0.0007650995704755946
0.1,485,4.055137844611529,-0.000804862569464851
0.1,486,4.0511278195488725,-0.000848535650727214
0.1,487,4.047117794486216,-0.0008965875534387459
0.1,488,4.043107769423559,-0.0009495360103234746
0.1,489,4.039097744360903,-0.001007951694830073
0.1,490,4.035087719298246,-0.0010724623389144258
0.1,491,4.031077694235589,-0.001143757009298134
0.1,492,4.027067669172933,-0.0012225905267856485
0.1,493,4.023057644110276,-0.0013097880096626848
0.1,494,4.019047619047619,-0.001406249518376049
0.1,495,4.015037593984963,-0.0015129547746247562
0.1,496,4.011027568922306,-0.0016309679236924067
0.1,497,4.007017543859649,-0.0017614423043482944
0.1,498,4.003007518796993,-0.0019056251859717042
0.1,499,3.998997493734336,-0.002064862427746963
0.1,500,3.9949874686716793,-0.0022406030098824775
0.1,501,3.990977443609023,-0.0024344033818782464
0.1,502,3.986967418546366,-0.0026479315679589026
0.1,503,3.9829573934837095,-0.0028829709649722726
0.1,504,3.9789473684210526,-0.003141423763398321
0.1,505,3.974937343358396,-0.003425313917696675
0.1,506,3.9709273182957396,-0.003736789588132114
0.1,507,3.9669172932330827,-0.004078124972540388
0.1,508,3.9629072681704263,-0.004451721443331116
0.1,509,3.95889724310777,-0.0048601079024651935
0.1,510,3.954887218045113,-0.005305940265290035
0.1,511,3.9508771929824564,-0.0057919999830718895
0.1,512,3.9468671679197995,-0.006321191513928195
0.1,513,3.942857142857143,-0.006896538652731032
0.1,514,3.938847117794486,-0.007521179632527756
0.1,515,3.9348370927318297,-0.008198360913183622
0.1,516,3.9308270676691732,-0.00893142957739013
0.1,517,3.9268170426065163,-0.009723824259958005
0.1,518,3.92280701754386,-0.010579064543498995
0.1,519,3.9187969924812034,-0.011500738762235403
0.1,520,3.9147869674185465,-0.012492490165788597
0.1,521,3.91077694235589,-0.013558001406409916
0.1,522,3.906766917293233,-0.014700977326214426
0.1,523,3.9027568922305766,-0.01592512603552972
0.1,524,3.8987468671679197,-0.01723413828944221
0.1,525,3.8947368421052633,-0.0186316651869119
0.1,526,3.890726817042607,-0.020121294235362793
0.1,527,3.88671679197995,-0.02170652384328287
0.1,528,3.8827067669172934,-0.023390736323959247
0.1,529,3.878696741854637,-0.025177169514837006
0.1,530,3.87468671679198,-0.02706888713891928
0.1,531,3.8706766917293236,-0.029068748056906707
0.1,532,3.8666666666666667,-0.03117937458114539
0.1,533,3.8626566416040102,-0.03340312004463339
0.1,534,3.8586466165413533,-0.035742035840069894
0.1,535,3.854636591478697,-0.03819783816486176
0.1,536,3.8506265664160404,-0.04077187472787241
0.1,537,3.8466165413533835,-0.043465091692123474
0.1,538,3.842606516290727,-0.04627800114436184
0.1,539,3.8385964912280706,-0.04921064939703015
0.1,540,3.8345864661654137,-0.052262586440401555
0.1,541,3.8305764411027567,-0.05543283687218064
0.1,542,3.8265664160401003,-0.05871987263840922
0.1,543,3.822556390977444,-0.062121587922790884
0.1,544,3.818546365914787,-0.06563527652132119
0.1,545,3.8145363408521304,-0.06925761203517516
0.1,546,3.810526315789474,-0.07298463120698566
0.1,547,3.806516290726817,-0.0768117207138069
0.1,548,3.8025062656641606,-0.08073360771415092
0.1,549,3.7984962406015037,-0.08474435442645249
0.1,550,3.7944862155388472,-0.08883735699218258
0.1,551,3.7904761904761903,-0.09300534884872724
0.1,552,3.786466165413534,-0.09724040880513278
0.1,553,3.7824561403508774,-0.10153397397819698
0.1,554,3.7784461152882205,-0.10587685770731409
0.1,555,3.774436090225564,-0.11025927252436975
0.1,556,3.7704260651629076,-0.11467085821015782
0.1,557,3.7664160401002507,-0.11910071492167477
0.1,558,3.762406015037594,-0.12353744132577012
0.1,559,3.7583959899749373,-0.1279691776244682
0.1,560,3.754385964912281,-0.13238365330638657
0.1,561,3.750375939849624,-0.1367682394077144
0.1,562,3.7463659147869675,-0.14111000501569337
0.1,563,3.742355889724311,-0.14539577769821257
0.1,564,3.738345864661654,-0.14961220749551088
0.1,565,3.7343358395989976,-0.15374583406480746
0.1,566,3.730325814536341,-0.15778315652651786
0.1,567,3.7263157894736842,-0.16171070552216807
0.1,568,3.722305764411028,-0.16551511695979332
0.1,569,3.718295739348371,-0.16918320689300362
0.1,570,3.7142857142857144,-0.17270204695548164
0.1,571,3.7102756892230575,-0.1760590397539358
0.1,572,3.706265664160401,-0.17924199360972462
0.1,573,3.7022556390977446,-0.18223919603288774
0.1,574,3.6982456140350877,-0.18503948531227024
0.1,575,3.694235588972431,-0.18763231961201976
0.1,576,3.6902255639097747,-0.19000784297795595
0.1,577,3.686215538847118,-0.19215694767712047
0.1,578,3.6822055137844614,-0.19407133232009605
0.1,579,3.6781954887218045,-0.19574355524818488
0.1,580,3.674185463659148,-0.19716708270594877
0.1,581,3.670175438596491,-0.19833633136356768
0.1,582,3.6661654135338346,-0.1992467048024578
0.1,583,3.662155388471178,-0.19989462363110028
0.1,584,3.6581453634085213,-0.20027754895542782
0.1,585,3.654135338345865,-0.20039399898875918
0.1,586,3.6501253132832083,-0.2002435586494358
0.1,587,3.6461152882205514,-0.19982688205926227
0.1,588,3.6421052631578945,-0.19914568792180865
0.1,589,3.638095238095238,-0.19820274782581432
0.1,590,3.6340852130325816,-0.19700186758454813
0.1,591,3.6300751879699247,-0.19554786178625255
0.1,592,3.626065162907268,-0.19384652179296563
0.1,593,3.6220551378446117,-0.19190457748434578
0.1,594,3.618045112781955,-0.18972965309893644
0.1,595,3.6140350877192984,-0.18733021757695953
0.1,596,3.6100250626566415,-0.1847155298556312
0.1,597,3.606015037593985,-0.1818955796096756
0.1,598,3.602005012531328,-0.17888102396567743
0.1,599,3.5979949874686716,-0.17568312074887998
0.1,600,3.593984962406015,-0.17231365884465258
0.1,601,3.5899749373433583,-0.1687848862740116
0.1,602,3.585964912280702,-0.16510943659311764
0.1,603,3.5819548872180453,-0.16130025423062266
0.1,604,3.5779448621553884,-0.15737051937417756
0.1,605,3.573934837092732,-0.15333357300846787
0.1,606,3.569924812030075,-0.14920284269209086
0.1,607,3.5659147869674186,-0.14499176963974617
0.1,608,3.5619047619047617,-0.14071373764991163
0.1,609,3.557894736842105,-0.13638200438695625
0.1,610,3.5538847117794488,-0.13200963549089026
0.1,611,3.549874686716792,-0.12760944194832635
0.1,612,3.5458646616541354,-0.12319392111520674
0.1,613,3.541854636591479,-0.11877520173610383
0.1,614,3.537844611528822,-0.11436499325704765
0.1,615,3.5338345864661656,-0.10997453967946164
0.1,616,3.5298245614035086,-0.10561457815256647
0.1,617,3.525814536340852,-0.10129530245116607
0.1,618,3.5218045112781953,-0.09702633143559271
0.1,619,3.517794486215539,-0.09281668254143798
0.1,620,3.5137844611528823,-0.08867475029895094
0.1,621,3.5097744360902254,-0.08460828983625783
0.1,622,3.505764411027569,-0.08062440527720488
0.1,623,3.5017543859649125,-0.07672954290410358
0.1,624,3.4977443609022556,-0.07292948891831436
0.1,625,3.493734335839599,-0.06922937159768863
0.1,626,3.4897243107769422,-0.06563366761967447
0.1,627,3.4857142857142858,-0.06214621229255511
0.1,628,3.481704260651629,-0.058770213414890145
0.1,629,3.4776942355889724,-0.05550826846492115
0.1,630,3.473684210526316,-0.05236238480738139
0.1,631,3.469674185463659,-0.04933400259487118
0.1,632,3.4656641604010026,-0.046424020034540776
0.1,633,3.461654135338346,-0.043632820688172674
0.1,634,3.457644110275689,-0.04096030247468608
0.1,635,3.4536340852130323,-0.03840590804835176
0.1,636,3.449624060150376,-0.03596865623339143
0.1,637,3.4456140350877194,-0.03364717420585337
0.1,638,3.4416040100250624,-0.031439730126413615
0.1,639,3.437593984962406,-0.02934426594273983
0.1,640,3.4335839598997495,-0.027358430096963638
0.1,641,3.4295739348370926,-0.025479609892318674
0.1,642,3.425563909774436,-0.023704963292779407
0.1,643,3.4215538847117792,-0.0220314499502828
0.1,644,3.4175438596491228,-0.02045586127552644
0.1,645,3.413533834586466,-0.01897484939009598
0.1,646,3.4095238095238094,-0.01758495481954528
0.1,647,3.405513784461153,-0.016282632808731393
0.1,648,3.401503759398496,-0.015064278162000502
0.1,649,3.3974937343358396,-0.013926248531479682
0.1,650,3.393483709273183,-0.01286488609658583
0.1,651,3.389473684210526,-0.011876537596747921
0.1,652,3.3854636591478693,-0.010957572697101906
0.1,653,3.3814536340852133,-0.01010440068345842
0.1,654,3.3774436090225564,-0.009313485498064359
0.1,655,3.3734335839598995,-0.00858135914151924
0.1,656,3.369423558897243,-0.007904633478613352
0.1,657,3.3654135338345865,-0.007280010496825167
0.1,658,3.3614035087719296,-0.0067042910757298116
0.1,659,3.357393483709273,-0.006174382333657734
0.1,660,3.3533834586466167,-0.005687303624633803
0.1,661,3.34937343358396,-0.005240191263973261
0.1,662,3.345363408521303,-0.004830302064968436
0.1,663,3.341353383458647,-0.00445501577194681
0.1,664,3.33734335839599,-0.00411183647669473
0.1,665,3.333333333333333,-0.003798393105910714
0.1,666,3.3293233082706766,-0.0035124390670663954
0.1,667,3.32531328320802,-0.0032518511389149516
0.1,668,3.321303258145363,-0.003014627690985531
0.1,669,3.3172932330827067,-0.002798886313838899
0.1,670,3.3132832080200503,-0.00260286093872949
0.1,671,3.3092731829573934,-0.0024248985217156693
0.1,672,3.3052631578947365,-0.0022634553632712496
0.1,673,3.30125313283208,-0.0021170931301645705
0.1,674,3.2972431077694235,-0.001984474641865857
0.1,675,3.2932330827067666,-0.0018643594790932058
0.1,676,3.28922305764411,-0.0017555994673810224
0.1,677,3.2852130325814537,-0.0016571340838137747
0.1,678,3.281203007518797,-0.0015679858303682729
0.1,679,3.2771929824561403,-0.0014872556126966086
0.1,680,3.273182957393484,-0.0014141181587029412
0.1,681,3.269172932330827,-0.0013478175069555572
0.1,682,3.26516290726817,-0.0012876625908601529
0.1,683,3.2611528822055136,-0.001233022940625456
0.1,684,3.257142857142857,-0.0011833245213959112
0.1,685,3.2531328320802,-0.0011380457225211465
0.1,686,3.2491228070175437,-0.00109671350978675
0.1,687,3.2451127819548873,-0.0010588997495495163
0.1,688,3.2411027568922304,-0.0010242177111033535
0.1,689,3.237092731829574,-0.0009923187512458035
0.1,690,3.2330827067669174,-0.0009628891829142737
0.1,691,3.2290726817042605,-0.0009356473279070621
0.1,692,3.2250626566416036,-0.0009103407520863759
0.1,693,3.221052631578947,-0.0008867436800671683
0.1,694,3.2170426065162907,-0.0008646545852132715
0.1,695,3.213032581453634,-0.0008438939497767189
0.1,696,3.2090225563909773,-0.0008243021892126805
0.1,697,3.205012531328321,-0.0008057377340658002
0.1,698,3.201002506265664,-0.0007880752623389762
0.1,699,3.196992481203007,-0.0007712040749073915
0.1,700,3.192982456140351,-0.0007550266063144754
0.1,701,3.188972431077694,-0.000739457063168091
0.1,702,3.184962406015037,-0.0007244201823310787
0.1,703,3.1809523809523808,-0.0007098501011572532
0.1,704,3.1769423558897243,-0.0006956893321503554
0.1,705,3.1729323308270674,-0.0006818878346076241
0.1,706,3.168922305764411,-0.0006684021760415132
0.1,707,3.1649122807017545,-0.0006551947764430084
0.1,708,3.1609022556390975,-0.0006422332287495583
0.1,709,3.1568922305764406,-0.0006294896892019886
0.1,710,3.1528822055137846,-0.0006169403316111893
0.1,711,3.1488721804511277,-0.0006045648599008389
0.1,712,3.144862155388471,-0.0005923460736417488
0.1,713,3.1408521303258143,-0.0005802694816419398
0.1,714,3.136842105263158,-0.0005683229590008194
0.1,715,3.132832080200501,-0.000556496443372348
0.1,716,3.1288220551378445,-0.0005447816665084354
0.1,717,3.124812030075188,-0.0005331719174679373
0.1,718,3.120802005012531,-0.0005216618341769546
0.1,719,3.1167919799498742,-0.0005102472203114244
0.1,720,3.1127819548872178,-0.0004989248847425673
0.1,721,3.1087719298245613,-0.00048769250103907196
0.1,722,3.1047619047619044,-0.00047654848475679626
0.1,723,3.100751879699248,-0.00046549188646724965
0.1,724,3.0967418546365915,-0.000454522298680466
0.1,725,3.0927318295739346,-0.00044363977500650744
0.1,726,3.088721804511278,-0.0004328447600731726
0.1,727,3.0847117794486216,-0.0004221380288762578
0.1,728,3.0807017543859647,-0.00041152063438362475
0.1,729,3.076691729323308,-0.000400993862346016
0.1,730,3.0726817042606513,-0.00039055919238694715
0.1,731,3.068671679197995,-0.00038021826455183203
0.1,732,3.064661654135338,-0.00036997285059357614
0.1,733,3.0606516290726815,-0.00035982482935900185
0.1,734,3.056641604010025,-0.0003497761657184425
0.1,735,3.052631578947368,-0.0003398288925504516
0.1,736,3.0486215538847117,-0.00032998509535544634
0.1,737,3.044611528822055,-0.00032024689912702386
0.1,738,3.0406015037593983,-0.0003106164571583158
0.1,739,3.0365914786967414,-0.000301095941503586
0.1,740,3.032581453634085,-0.00029168753485301897
0.1,741,3.0285714285714285,-0.0002823934236117685
0.1,742,3.0245614035087716,-0.0002732157920033287
0.1,743,3.020551378446115,-0.00026415681704259963
0.1,744,3.0165413533834586,-0.0002552186642460584
0.1,745,3.0125313283208017,-0.00024640348396564086
0.1,746,3.008521303258145,-0.00023771340824950676
0.1,747,3.004511278195489,-0.0002291505481472351
0.1,748,3.000501253132832,-0.0002207169913893699
0.1,749,2.996491228070175,-0.00021241480038192425
0.1,750,2.9924812030075185,-0.00020424601046553333
0.1,751,2.988471177944862,-0.00019621262839683993
0.1,752,2.984461152882205,-0.00018831663101636314
0.1,753,2.9804511278195487,-0.00018055996407280266
0.1,754,2.976441102756892,-0.00017294454117857866
0.1,755,2.9724310776942353,-0.00016547224287554585
0.1,756,2.9684210526315784,-0.00015814491579327846
0.1,757,2.9644110275689224,-0.00015096437188527457
0.1,758,2.9604010025062655,-0.00014393238773090526
0.1,759,2.9563909774436086,-0.00013705070389304045
0.1,760,2.952380952380952,-0.00013032102432298132
0.1,761,2.9483709273182956,-0.0001237450158058428
0.1,762,2.9443609022556387,-0.00011732430744072613
0.1,763,2.9403508771929823,-0.00011106049015104186
0.1,764,2.936340852130326,-0.00010495511622118334
0.1,765,2.932330827067669,-9.9009698856468e-05
0.1,766,2.928320802005012,-9.322571176382843e-05
0.1,767,2.9243107769423555,-8.76045887512135e-05
0.1,768,2.920300751879699,-8.214772334406146e-05
0.1,769,2.916290726817042,-7.685646841752754e-05
0.1,770,2.9122807017543857,-7.173213584340912e-05
0.1,771,2.9082706766917292,-6.677599615092382e-05
0.1,772,2.9042606516290723,-6.198927820068716e-05
0.1,773,2.900250626566416,-5.737316887136451e-05
0.1,774,2.8962406015037594,-5.292881275858637e-05
0.1,775,2.8922305764411025,-4.8657311885825155e-05
0.1,776,2.8882205513784456,-4.455972542698998e-05
0.1,777,2.884210526315789,-4.063706944056049e-05
0.1,778,2.8802005012531326,-3.6890316615132144e-05
0.1,779,2.8761904761904757,-3.3320396026281667e-05
0.1,780,2.8721804511278193,-2.9928192904688627e-05
0.1,781,2.868170426065163,-2.6714548415469425e-05
0.1,782,2.864160401002506,-2.368025944870964e-05
0.1,783,2.8601503759398494,-2.0826078421182126e-05
0.1,784,2.856140350877193,-1.815271308925065e-05
0.1,785,2.852130325814536,-1.5660826372974782e-05
0.1,786,2.848120300751879,-1.3351036191427283e-05
0.1,787,2.8441102756892227,-1.122391530924215e-05
0.1,788,2.8401002506265662,-9.279991194415455e-06
0.1,789,2.8360902255639093,-7.519745887381833e-06
0.1,790,2.832080200501253,-5.943615881387742e-06
0.1,791,2.8280701754385964,-4.551992014181719e-06
0.1,792,2.8240601503759395,-3.3452193710460954e-06
0.1,793,2.8200501253132826,-2.3235971991872533e-06
0.1,794,2.8160401002506266,-1.4873788335022218e-06
0.1,795,2.8120300751879697,-8.367716337376123e-07
0.1,796,2.8080200501253127,-3.7193693305643084e-07
0.1,797,2.8040100250626563,-9.298999802049057e-08
0.1,798,2.8,-0.0
0.2,0,2.8,0.0
0.2,1,2.8040100250626563,1.8597999601771772e-07
0.2,2,2.808020050125313,7.438738659923952e-07
0.2,3,2.8120300751879697,1.6735432671242871e-06
0.2,4,2.8160401002506266,2.974757666198239e-06
0.2,5,2.820050125313283,4.647194396748952e-06
0.2,6,2.8240601503759395,6.690438739074565e-06
0.2,7,2.8280701754385964,9.103984023075836e-06
0.2,8,2.832080200501253,1.1887231753895818e-05
0.2,9,2.8360902255639098,1.5039491760332607e-05
0.2,10,2.8401002506265662,1.8559982365980913e-05
0.2,11,2.8441102756892227,2.2447830583069292e-05
0.2,12,2.8481203007518796,2.670207232893701e-05
0.2,13,2.852130325814536,3.132165266509918e-05
0.2,14,2.856140350877193,3.6305426058846785e-05
0.2,15,2.8601503759398494,4.165215666730417e-05
0.2,16,2.864160401002506,4.7360518643888837e-05
0.2,17,2.868170426065163,5.34290964670846e-05
0.2,18,2.8721804511278193,5.9856385291450895e-05
0.2,19,2.876190476190476,6.664079132078917e-05
0.2,20,2.8802005012531326,7.378063220335629e-05
0.2,21,2.8842105263157896,8.127413744904845e-05
0.2,22,2.888220551378446,8.91194488684298e-05
0.2,23,2.8922305764411025,9.731462103351903e-05
0.2,24,2.8962406015037594,0.00010585762176020166
0.2,25,2.900250626566416,0.00011474633261215424
0.2,26,2.9042606516290723,0.00012397854942616587
0.2,27,2.9082706766917292,0.0001335519828587093
0.2,28,2.9122807017543857,0.00014346425895363346
0.2,29,2.9162907268170426,0.0001537129197308491
0.2,30,2.920300751879699,0.00016429542379583318
0.2,31,2.924310776942356,0.00017520914696983613
0.2,32,2.9283208020050124,0.00018645138294059912
0.2,33,2.932330827067669,0.00019801934393345508
0.2,34,2.936340852130326,0.00020991016140261965
0.2,35,2.9403508771929823,0.00022212088674250928
0.2,36,2.944360902255639,0.00023464849201892672
0.2,37,2.9483709273182956,0.00024748987071989656
0.2,38,2.952380952380952,0.0002606418385260073
0.2,39,2.956390977443609,0.00027410113410003355
0.2,40,2.9604010025062655,0.0002878644198956559
0.2,41,2.9644110275689224,0.000301928282985094
0.2,42,2.968421052631579,0.0003162892359054099
0.2,43,2.9724310776942353,0.00033094371752331555
0.2,44,2.976441102756892,0.0003458880939182357
0.2,45,2.9804511278195487,0.00036111865928341693
0.2,46,2.9844611528822056,0.00037663163684488124
0.2,47,2.988471177944862,0.00039242317979795217
0.2,48,2.9924812030075185,0.00040848937226117035
0.2,49,2.9964912280701754,0.00042482623024732376
0.2,50,3.000501253132832,0.00044142970265136485
0.2,51,3.004511278195489,0.00045829567225498806
0.2,52,3.0085213032581453,0.00047541995674757725
0.2,53,3.0125313283208017,0.0004927983097633182
0.2,54,3.0165413533834586,0.0005104264219341801
0.2,55,3.020551378446115,0.0005282999219585174
0.2,56,3.024561403508772,0.0005464143776850496
0.2,57,3.0285714285714285,0.0005647652972119008
0.2,58,3.032581453634085,0.0005833481300004854
0.2,59,3.036591478696742,0.0006021582680039153
0.2,60,3.0406015037593983,0.0006211910468096652
0.2,61,3.044611528822055,0.0006404417467962369
0.2,62,3.0486215538847117,0.0006599055943034838
0.2,63,3.052631578947368,0.0006795777628163665
0.2,64,3.056641604010025,0.0006994533741617913
0.2,65,3.0606516290726815,0.0007195274997182624
0.2,66,3.0646616541353384,0.0007397951616380637
0.2,67,3.068671679197995,0.0007602513340816142
0.2,68,3.072681704260652,0.0007808909444637598
0.2,69,3.0766917293233083,0.0008017088747116225
0.2,70,3.0807017543859647,0.0008226999625337612
0.2,71,3.0847117794486216,0.0008438590027002756
0.2,72,3.088721804511278,0.0008651807483335581
0.2,73,3.0927318295739346,0.0008866599122093937
0.2,74,3.0967418546365915,0.000908291168068046
0.2,75,3.100751879699248,0.0009300691519350192
0.2,76,3.104761904761905,0.0009519884634512001
0.2,77,3.1087719298245613,0.0009740436672119861
0.2,78,3.112781954887218,0.0009962292941151434
0.2,79,3.1167919799498747,0.0010185398427169801
0.2,80,3.120802005012531,0.0010409697805965844
0.2,81,3.124812030075188,0.0010635135457277135
0.2,82,3.1288220551378445,0.0010861655478580335
0.2,83,3.132832080200501,0.0011089201698953781
0.2,84,3.136842105263158,0.0011317717693006535
0.2,85,3.1408521303258143,0.0011547146794870498
0.2,86,3.1448621553884712,0.001177743211225259
0.2,87,3.1488721804511277,0.0012008516540542766
0.2,88,3.1528822055137846,0.0012240342776975257
0.2,89,3.156892230576441,0.0012472853334838756
0.2,90,3.1609022556390975,0.001270599055773287
0.2,91,3.1649122807017545,0.00129396966338668
0.2,92,3.168922305764411,0.0013173913610397018
0.2,93,3.172932330827068,0.0013408583407800883
0.2,94,3.1769423558897243,0.0013643647834282089
0.2,95,3.1809523809523808,0.0013879048600205569
0.2,96,3.1849624060150377,0.0014114727332557872
0.2,97,3.188972431077694,0.0014350625589430216
0.2,98,3.192982456140351,0.0014586684874521494
0.2,99,3.1969924812030075,0.001482284665165779
0.2,100,3.201002506265664,0.0015059052359326663
0.2,101,3.205012531328321,0.0015295243425223152
0.2,102,3.2090225563909773,0.0015531361280806146
0.2,103,3.2130325814536342,0.0015767347375863722
0.2,104,3.2170426065162907,0.0016003143193086275
0.2,105,3.2210526315789476,0.0016238690262648243
0.2,106,3.225062656641604,0.0016473930176798674
0.2,107,3.2290726817042605,0.0016708804604463928
0.2,108,3.2330827067669174,0.0016943255305865812
0.2,109,3.237092731829574,0.0017177224147161658
0.2,110,3.2411027568922304,0.001741065311511524
0.2,111,3.2451127819548873,0.001764348433181013
0.2,112,3.2491228070175437,0.0017875660069421853
0.2,113,3.2531328320802007,0.0018107122765070357
0.2,114,3.257142857142857,0.0018337815035779793
0.2,115,3.261152882205514,0.0018567679693582075
0.2,116,3.2651629072681705,0.0018796659760808717
0.2,117,3.269172932330827,0.0019024698485629575
0.2,118,3.273182957393484,0.0019251739357910354
0.2,119,3.2771929824561403,0.0019477726125480578
0.2,120,3.281203007518797,0.001970260281092611
0.2,121,3.2852130325814537,0.001992631372904779
0.2,122,3.28922305764411,0.0020148803505162464
0.2,123,3.293233082706767,0.0020370017094464296
0.2,124,3.2972431077694235,0.0020589899802714116
0.2,125,3.3012531328320804,0.002080839730858722
0.2,126,3.305263157894737,0.002102545568808314
0.2,127,3.3092731829573934,0.0021241021441491897
0.2,128,3.3132832080200503,0.0021455041523518368
0.2,129,3.3172932330827067,0.002166746337729697
0.2,130,3.321303258145363,0.002187823497318451
0.2,131,3.32531328320802,0.002208730485340451
0.2,132,3.3293233082706766,0.002229462218383842
0.2,133,3.3333333333333335,0.0022500136814522726
0.2,134,3.33734335839599,0.0022703799350722443
0.2,135,3.341353383458647,0.0022905561236821526
0.2,136,3.3453634085213033,0.002310537485570472
0.2,137,3.34937343358396,0.0023303193646817765
0.2,138,3.3533834586466167,0.0023498972246691003
0.2,139,3.357393483709273,0.002369266665641229
0.2,140,3.3614035087719296,0.0023884234441350857
0.2,141,3.3654135338345865,0.0024073634969380897
0.2,142,3.3694235588972434,0.0024260829694951044
0.2,143,3.3734335839599,0.002444578249761256
0.2,144,3.3774436090225564,0.0024628460085076138
0.2,145,3.3814536340852133,0.0024808832472538026
0.2,146,3.3854636591478697,0.002498687355192703
0.2,147,3.389473684210526,0.002516256176689925
0.2,148,3.393483709273183,0.0025335880911876905
0.2,149,3.3974937343358396,0.0025506821076220457
0.2,150,3.4015037593984965,0.002567537975777007
0.2,151,3.405513784461153,0.0025841563173522944
0.2,152,3.40952380952381,0.0026005387799161337
0.2,153,3.4135338345864663,0.002616688217353868
0.2,154,3.4175438596491228,0.0026326089009101853
0.2,155,3.4215538847117797,0.0026483067654599064
0.2,156,3.425563909774436,0.002663789696232168
0.2,157,3.4295739348370926,0.0026790678618572854
0.2,158,3.4335839598997495,0.0026941541003056846
0.2,159,3.437593984962406,0.002709064365044938
0.2,160,3.441604010025063,0.002723818239553324
0.2,161,3.4456140350877194,0.002738439529194964
0.2,162,3.4496240601503763,0.002752956940379602
0.2,163,3.4536340852130327,0.0027674048578945247
0.2,164,3.457644110275689,0.0027818242323008084
0.2,165,3.461654135338346,0.0027962635903220037
0.2,166,3.4656641604010026,0.0028107801822096668
0.2,167,3.469674185463659,0.002825441281132837
0.2,168,3.473684210526316,0.002840325650690841
0.2,169,3.4776942355889724,0.002855525197670625
0.2,170,3.4817042606516293,0.0028711468281376507
0.2,171,3.4857142857142858,0.0028873145258356417
0.2,172,3.4897243107769427,0.00290417167264445
0.2,173,3.493734335839599,0.0029218836314711316
0.2,174,3.4977443609022556,0.002940640612388324
0.2,175,3.5017543859649125,0.0029606608430422397
0.2,176,3.505764411027569,0.0029821940642831375
0.2,177,3.5097744360902254,0.003005525371572789
0.2,178,3.5137844611528823,0.0030309794219417273
0.2,179,3.517794486215539,0.0030589250250469754
0.2,180,3.5218045112781957,0.003089780135158873
0.2,181,3.525814536340852,0.0031240172586226053
0.2,182,3.529824561403509,0.0031621692884353804
0.2,183,3.5338345864661656,0.003204835773992806
0.2,184,3.537844611528822,0.003252689629730576
0.2,185,3.541854636591479,0.0033064842812648575
0.2,186,3.5458646616541354,0.0033670612416687178
0.2,187,3.549874686716792,0.0034353581036708283
0.2,188,3.5538847117794488,0.0035124169257947195
0.2,189,3.5578947368421057,0.003599392981752635
0.2,190,3.561904761904762,0.003697563832761565
0.2,191,3.5659147869674186,0.003808338671871177
0.2,192,3.5699248120300755,0.003933267877914339
0.2,193,3.573934837092732,0.004074052704362174
0.2,194,3.5779448621553884,0.004232555015262198
0.2,195,3.5819548872180453,0.00441080696666059
0.2,196,3.585964912280702,0.004611020517587783
0.2,197,3.5899749373433587,0.004835596639977796
0.2,198,3.593984962406015,0.0050871340819833785
0.2,199,3.597994987468672,0.005368437524263613
0.2,200,3.6020050125313285,0.005682524954203872
0.2,201,3.606015037593985,0.006032634068966482
0.2,202,3.610025062656642,0.006422227505067776
0.2,203,3.6140350877192984,0.006854996680175188
0.2,204,3.618045112781955,0.007334864022374045
0.2,205,3.6220551378446117,0.007865983353645637
0.2,206,3.626065162907268,0.008452738188124028
0.2,207,3.630075187969925,0.009099737702257771
0.2,208,3.6340852130325816,0.009811810133695278
0.2,209,3.6380952380952385,0.01059399336894419
0.2,210,3.642105263157895,0.011451522486992773
0.2,211,3.6461152882205514,0.01238981403749768
0.2,212,3.6501253132832083,0.01341444684814002
0.2,213,3.654135338345865,0.014531139176620472
0.2,214,3.6581453634085213,0.015745722048713506
0.2,215,3.662155388471178,0.017064108654977716
0.2,216,3.6661654135338346,0.018492259715205638
0.2,217,3.6701754385964915,0.020036144761466514
0.2,218,3.674185463659148,0.021701699337528857
0.2,219,3.678195488721805,0.023494778164346544
0.2,220,3.6822055137844614,0.025421104377781847
0.2,221,3.686215538847118,0.027486215005411017
0.2,222,3.6902255639097747,0.029695402913493457
0.2,223,3.694235588972431,0.032053655522326086
0.2,224,3.6982456140350877,0.03456559065741149
0.2,225,3.7022556390977446,0.03723538997420668
0.2,226,3.706265664160401,0.04006673046466883
0.2,227,3.710275689223058,0.043062714623220213
0.2,228,3.7142857142857144,0.04622579991688726
0.2,229,3.7182957393483713,0.04955772826797976
0.2,230,3.722305764411028,0.05305945631636574
0.2,231,3.7263157894736842,0.0567310872808825
0.2,232,3.730325814536341,0.060571805284264306
0.2,233,3.7343358395989976,0.0645798130418982
0.2,234,3.738345864661654,0.0687522738404244
0.2,235,3.742355889724311,0.07308525874647993
0.2,236,3.746365914786968,0.07757369998770172
0.2,237,3.7503759398496244,0.08221135143649075
0.2,238,3.754385964912281,0.08699075710124274
0.2,239,3.7583959899749377,0.09190322848922086
0.2,240,3.762406015037594,0.09693883164965116
0.2,241,3.7664160401002507,0.10208638463487268
0.2,242,3.7704260651629076,0.10733346603163467
0.2,243,3.774436090225564,0.11266643511440737
0.2,244,3.778446115288221,0.11807046405857109
0.2,245,3.7824561403508774,0.12352958252459117
0.2,246,3.7864661654135343,0.12902673478617568
0.2,247,3.7904761904761908,0.1345438494274231
0.2,248,3.7944862155388472,0.1400619214781013
0.2,249,3.798496240601504,0.14556110669440686
0.2,250,3.8025062656641606,0.15102082752726823
0.2,251,3.806516290726817,0.15641989015387694
0.2,252,3.810526315789474,0.1617366117832808
0.2,253,3.814536340852131,0.1669489572862959
0.2,254,3.818546365914787,0.17203468404638741
0.2,255,3.822556390977444,0.1769714937842784
0.2,256,3.8265664160401007,0.18173718997752678
0.2,257,3.830576441102757,0.18630983937977086
0.2,258,3.8345864661654137,0.1906679360450302
0.2,259,3.8385964912280706,0.19479056618264975
0.2,260,3.842606516290727,0.19865757210996898
0.2,261,3.8466165413533835,0.2022497135341857
0.2,262,3.8506265664160404,0.20554882438332467
0.2,263,3.8546365914786973,0.20853796341956723
0.2,264,3.8586466165413533,0.21120155690678521
0.2,265,3.8626566416040102,0.21352553166793073
0.2,266,3.866666666666667,0.21549743695644552
0.2,267,3.8706766917293236,0.21710655367817772
0.2,268,3.87468671679198,0.2183439896349691
0.2,269,3.878696741854637,0.21920275961641078
0.2,270,3.8827067669172934,0.2196778493400139
0.2,271,3.88671679197995,0.21976626242970082
0.2,272,3.890726817042607,0.2194670498252542
0.2,273,3.8947368421052637,0.21878132122807079
0.2,274,3.89874686716792,0.21771223840797266
0.2,275,3.9027568922305766,0.2162649904184853
0.2,276,3.9067669172932336,0.21444675099042582
0.2,277,3.91077694235589,0.21226661859233786
0.2,278,3.9147869674185465,0.20973553985781712
0.2,279,3.9187969924812034,0.20686621728080337
0.2,280,3.92280701754386,0.20367300226732904
0.2,281,3.9268170426065163,0.2001717748031434
0.2,282,3.9308270676691732,0.19637981114853556
0.2,283,3.93483709273183,0.19231564110231142
0.2,284,3.9388471177944866,0.18799889648443213
0.2,285,3.942857142857143,0.1834501525699034
0.2,286,3.9468671679198,0.17869076426415256
0.2,287,3.9508771929824564,0.1737426988418161
0.2,288,3.954887218045113,0.16862836707659237
0.2,289,3.95889724310777,0.16337045456996116
0.2,290,3.9629072681704263,0.15799175504198856
0.2,291,3.9669172932330827,0.1525150072793739
0.2,292,3.9709273182957396,0.14696273734601512
0.2,293,3.9749373433583965,0.14135710755158623
0.2,294,3.978947368421053,0.1357197735462398
0.2,295,3.9829573934837095,0.1300717507670741
0.2,296,3.9869674185463664,0.12443329130709237
0.2,297,3.990977443609023,0.11882377211287729
0.2,298,3.9949874686716793,0.11326159524599105
0.2,299,3.998997493734336,0.10776410076811362
0.2,300,4.003007518796993,0.10234749263396775
0.2,301,4.007017543859649,0.09702677780197987
0.2,302,4.011027568922306,0.09181571860297824
0.2,303,4.015037593984963,0.08672679824452102
0.2,304,4.019047619047619,0.08177119917481158
0.2,305,4.023057644110276,0.07695879388769046
0.2,306,4.027067669172933,0.07229814762046195
0.2,307,4.03107769423559,0.06779653228071608
0.2,308,4.035087719298246,0.06345995083799334
0.2,309,4.039097744360903,0.05929317133174203
0.2,310,4.0431077694235595,0.055299769579083176
0.2,311,4.047117794486216,0.051482179614450556
0.2,312,4.0511278195488725,0.047841750858171134
0.2,313,4.055137844611529,0.04437881099197096
0.2,314,4.059147869674186,0.04109273351556489
0.2,315,4.063157894736842,0.03798200896909207
0.2,316,4.067167919799499,0.035044318829993544
0.2,317,4.071177944862155,0.03227661112884928
0.2,318,4.075187969924812,0.029675176875234036
0.2,319,4.079197994987469,0.027235726440472285
0.2,320,4.083208020050126,0.024953465107620778
0.2,321,4.087218045112783,0.022823167068673333
0.2,322,4.091228070175439,0.020839247223244685
0.2,323,4.095238095238096,0.01899583021039183
0.2,324,4.099248120300752,0.017286816184343228
0.2,325,4.103258145363409,0.01570594292432961
0.2,326,4.107268170426066,0.014246843947270068
0.2,327,4.1112781954887225,0.01290310236853705
0.2,328,4.1152882205513786,0.0116683003294836
0.2,329,4.1192982456140355,0.010536063879933378
0.2,330,4.123308270676692,0.009500103268722556
0.2,331,4.127318295739348,0.008554248655024696
0.2,332,4.131328320802005,0.007692481307175681
0.2,333,4.135338345864662,0.0069089604037130565
0.2,334,4.139348370927319,0.006198045593180447
0.2,335,4.143358395989975,0.005554315504887413
0.2,336,4.147368421052632,0.004972582432285214
0.2,337,4.151378446115288,0.004447903434101926
0.2,338,4.155388471177945,0.003975588116093365
0.2,339,4.159398496240602,0.0035512033685528494
0.2,340,4.163408521303259,0.0031705753419274518
0.2,341,4.167418546365916,0.0028297889454642604
0.2,342,4.171428571428572,0.002525185152191702
0.2,343,4.175438596491229,0.0022533563882208654
0.2,344,4.179448621553885,0.002011140275816541
0.2,345,4.1834586466165415,0.001795611988424978
0.2,346,4.1874686716791985,0.0016040754623460971
0.2,347,4.191478696741855,0.0014340536944562922
0.2,348,4.195488721804511,0.0012832783387775458
0.2,349,4.199498746867168,0.001149678797153449
0.2,350,4.203508771929825,0.0010313709812194438
0.2,351,4.207518796992481,0.0009266459045810956
0.2,352,4.211528822055138,0.0008339582459510279
0.2,353,4.215538847117795,0.0007519150062034156
0.2,354,4.219548872180452,0.000679264365112537
0.2,355,4.223558897243108,0.0006148848271371008
0.2,356,4.227568922305765,0.0005577747301426865
0.2,357,4.231578947368422,0.0005070421765369742
0.2,358,4.235588972431078,0.00046189543300683745
0.2,359,4.239598997493735,0.0004216338329455003
0.2,360,4.243609022556392,0.0003856392047653792
0.2,361,4.2476190476190485,0.0003533678396085084
0.2,362,4.2516290726817045,0.0003243430034723288
0.2,363,4.255639097744361,0.0002981479914254777
0.2,364,4.2596491228070175,0.0002744197153451674
0.2,365,4.263659147869674,0.0002528428114008193
0.2,366,4.267669172932331,0.0002331442492671616
0.2,367,4.271679197994988,0.00021508842169522905
0.2,368,4.275689223057645,0.00019847269052145351
0.2,369,4.279699248120301,0.00018312336336968408
0.2,370,4.283709273182958,0.00016889207411617714
0.2,371,4.287719298245614,0.00015565253956249542
0.2,372,4.291729323308271,0.00014329766461741
0.2,373,4.295739348370928,0.00013173696855292135
0.2,374,4.299749373433585,0.00012089430550129834
0.2,375,4.303759398496241,0.00011070585323627412
0.2,376,4.307769423558898,0.00010111834537317962
0.2,377,4.311779448621555,9.20875233777492e-05
0.2,378,4.315789473684211,8.357678614437021e-05
0.2,379,4.3197994987468675,7.555601635120123e-05
0.2,380,4.323809523809524,6.800056428605159e-05
0.2,381,4.327819548872181,6.08903713333162e-05
0.2,382,4.331829573934837,5.420921679356882e-05
0.2,383,4.335839598997494,4.794407315296476e-05
0.2,384,4.33984962406015,4.2084556313274675e-05
0.2,385,4.343859649122807,3.662245862249092e-05
0.2,386,4.347869674185464,3.1551353801534175e-05
0.2,387,4.351879699248121,2.6866264038121218e-05
0.2,388,4.355889724310778,2.256338061089338e-05
0.2,389,4.359899749373434,1.8639830413606333e-05
0.2,390,4.363909774436091,1.5093481670870366e-05
0.2,391,4.367919799498747,1.1922782975162398e-05
0.2,392,4.371929824561404,9.126630532355822e-06
0.2,393,4.375939849624061,6.70425918355796e-06
0.2,394,4.379949874686718,4.6551533787597724e-06
0.2,395,4.383959899749374,2.9789748175512514e-06
0.2,396,4.3879699248120305,1.6755039488197424e-06
0.2,397,4.391979949874687,7.445929400913858e-07
0.2,398,4.3959899749373434,1.861280930703013e-07
0.2,399,4.4,1.7601045655457844e-33
0.2,400,4.3959899749373434,-1.8598001081118936e-07
0.2,401,4.391979949874687,-7.438739400804318e-07
0.2,402,4.3879699248120305,-1.6735434755753497e-06
0.2,403,4.383959899749374,-2.9747581290141505e-06
0.2,404,4.379949874686717,-4.647195298754478e-06
0.2,405,4.375939849624061,-6.690440357178395e-06
0.2,406,4.371929824561404,-9.103986763316564e-06
0.2,407,4.367919799498747,-1.1887236201389534e-05
0.2,408,4.363909774436091,-1.5039498746146468e-05
0.2,409,4.359899749373434,-1.8559993056102986e-05
0.2,410,4.355889724310777,-2.244784659606817e-05
0.2,411,4.351879699248121,-2.6702095890731044e-05
0.2,412,4.347869674185464,-3.132168681151478e-05
0.2,413,4.343859649122807,-3.6305474899445905e-05
0.2,414,4.33984962406015,-4.165222572751107e-05
0.2,415,4.335839598997494,-4.736061530676235e-05
0.2,416,4.331829573934837,-5.342923054149534e-05
0.2,417,4.3278195488721805,-5.985656974002815e-05
0.2,418,4.323809523809524,-6.664104318917614e-05
0.2,419,4.3197994987468675,-7.37809738023044e-05
0.2,420,4.315789473684211,-8.127459785305924e-05
0.2,421,4.311779448621555,-8.912006580957852e-05
0.2,422,4.307769423558898,-9.731544328714886e-05
0.2,423,4.303759398496241,-0.00010585871214109904
0.2,424,4.299749373433584,-0.00011474777172634031
0.2,425,4.295739348370928,-0.00012398044035537227
0.2,426,4.291729323308271,-0.00013355445699306026
0.2,427,4.287719298245614,-0.00014346748323414607
0.2,428,4.283709273182958,-0.00015371710561853567
0.2,429,4.279699248120301,-0.00016430083835006383
0.2,430,4.275689223057644,-0.000175216126496937
0.2,431,4.271679197994988,-0.000186460349766839
0.2,432,4.267669172932331,-0.00019803082696678625
0.2,433,4.263659147869674,-0.000209924821277857
0.2,434,4.2596491228070175,-0.00022213954649824813
0.2,435,4.255639097744361,-0.00023467217443505953
0.2,436,4.2516290726817045,-0.0002475198436564607
0.2,437,4.247619047619048,-0.00026067966985185686
0.2,438,4.243609022556392,-0.0002741487580891589
0.2,439,4.239598997493735,-0.000287924217305705
0.2,440,4.235588972431078,-0.00030200317742368595
0.2,441,4.231578947368421,-0.00031638280954299035
0.2,442,4.227568922305765,-0.00033106034973473807
0.2,443,4.223558897243108,-0.00034603312703880047
0.2,444,4.219548872180451,-0.0003612985963588524
0.2,445,4.215538847117795,-0.000376854377050484
0.2,446,4.211528822055138,-0.00039269829811234094
0.2,447,4.207518796992481,-0.00040882845101846316
0.2,448,4.203508771929825,-0.0004252432513734558
0.2,449,4.199498746867168,-0.0004419415107314409
0.2,450,4.195488721804511,-0.0004589225200967978
0.2,451,4.191478696741855,-0.0004761861468204331
0.2,452,4.1874686716791985,-0.0004937329468209406
0.2,453,4.1834586466165415,-0.0005115642942966768
0.2,454,4.179448621553885,-0.0005296825313539348
0.2,455,4.175438596491229,-0.0005480911402582886
0.2,456,4.171428571428572,-0.0005667949413224612
0.2,457,4.167418546365915,-0.0005858003197746266
0.2,458,4.163408521303259,-0.0006051154853068491
0.2,459,4.159398496240602,-0.0006247507683839953
0.2,460,4.155388471177945,-0.0006447189577988339
0.2,461,4.151378446115288,-0.0006650356843886002
0.2,462,4.147368421052632,-0.0006857198562803233
0.2,463,4.143358395989975,-0.0007067941515055324
0.2,464,4.139348370927318,-0.000728285574316405
0.2,465,4.135338345864662,-0.0007502260820426642
0.2,466,4.131328320802005,-0.0007726532898465767
0.2,467,4.127318295739348,-0.0007956112612581936
0.2,468,4.123308270676692,-0.0008191513928982256
0.2,469,4.1192982456140355,-0.0008433334023147219
0.2,470,4.1152882205513786,-0.000868226428363893
0.2,471,4.111278195488722,-0.0008939102540461598
0.2,472,4.107268170426066,-0.0009204766621543993
0.2,473,4.103258145363409,-0.000948030934491545
0.2,474,4.099248120300752,-0.0009766935057549588
0.2,475,4.095238095238096,-0.0010066017834518964
0.2,476,4.091228070175439,-0.0010379121453867625
0.2,477,4.087218045112782,-0.0010708021263305032
0.2,478,4.083208020050126,-0.001105472805426572
0.2,479,4.079197994987469,-0.0011421514056864325
0.2,480,4.075187969924812,-0.0011810941165604123
0.2,481,4.071177944862155,-0.001222589150015142
0.2,482,4.067167919799499,-0.001266960039784315
0.2,483,4.063157894736842,-0.001314569192462927
0.2,484,4.059147869674185,-0.0013658216978633733
0.2,485,4.055137844611529,-0.001421169404522832
0.2,486,4.0511278195488725,-0.0014811152644226204
0.2,487,4.047117794486216,-0.0015462179488314742
0.2,488,4.043107769423559,-0.0016170967346970542
0.2,489,4.039097744360903,-0.0016944366581650233
0.2,490,4.035087719298246,-0.0017789939285900091
0.2,491,4.031077694235589,-0.001871601592804808
0.2,492,4.027067669172933,-0.001973175435428002
0.2,493,4.023057644110276,-0.002084720096610884
0.2,494,4.019047619047619,-0.002207335383856488
0.2,495,4.015037593984963,-0.0023422227493952986
0.2,496,4.011027568922306,-0.0024906918990874032
0.2,497,4.007017543859649,-0.0026541674929633995
0.2,498,4.003007518796993,-0.0028341958913472944
0.2,499,3.998997493734336,-0.00303245189406025
0.2,500,3.9949874686716793,-0.0032507454135341117
0.2,501,3.990977443609023,-0.003491028015826187
0.2,502,3.986967418546366,-0.003755399256584727
0.2,503,3.9829573934837095,-0.004046112732048254
0.2,504,3.9789473684210526,-0.004365581758256479
0.2,505,3.974937343358396,-0.0047163845848993535
0.2,506,3.9709273182957396,-0.005101269043744299
0.2,507,3.9669172932330827,-0.00552315652546697
0.2,508,3.9629072681704263,-0.005985145173096351
0.2,509,3.95889724310777,-0.0064905121752961885
0.2,510,3.954887218045113,-0.0070427150384746885
0.2,511,3.9508771929824564,-0.007645391713388065
0.2,512,3.9468671679197995,-0.008302359449617672
0.2,513,3.942857142857143,-0.009017612250197708
0.2,514,3.938847117794486,-0.009795316798899625
0.2,515,3.9348370927318297,-0.01063980673436503
0.2,516,3.9308270676691732,-0.011555575148570458
0.2,517,3.9268170426065163,-0.01254726519210802
0.2,518,3.92280701754386,-0.013619658675605566
0.2,519,3.9187969924812034,-0.014777662565374572
0.2,520,3.9147869674185465,-0.016026293282142508
0.2,521,3.91077694235589,-0.01737065872456779
0.2,522,3.906766917293233,-0.01881593795417755
0.2,523,3.9027568922305766,-0.020367358495417397
0.2,524,3.8987468671679197,-0.022030171223660504
0.2,525,3.8947368421052633,-0.023809622835207354
0.2,526,3.890726817042607,-0.02571092591647615
0.2,527,3.88671679197995,-0.027739226654579
0.2,528,3.8827067669172934,-0.029899570258182358
0.2,529,3.878696741854637,-0.032196864185753744
0.2,530,3.87468671679198,-0.034635839307771615
0.2,531,3.8706766917293236,-0.03722100915997563
0.2,532,3.8666666666666667,-0.03995662747595043
0.2,533,3.8626566416040102,-0.042846644218922376
0.2,534,3.8586466165413533,-0.04589466036428411
0.2,535,3.854636591478697,-0.049103881715591005
0.2,536,3.8506265664160404,-0.05247707206725229
0.2,537,3.8466165413533835,-0.056016506056357364
0.2,538,3.842606516290727,-0.05972392207364713
0.2,539,3.8385964912280706,-0.06360047562905975
0.2,540,3.8345864661654137,-0.06764669359008771
0.2,541,3.8305764411027567,-0.0718624297309469
0.2,542,3.8265664160401003,-0.07624682204679707
0.2,543,3.822556390977444,-0.08079825229954715
0.2,544,3.818546365914787,-0.08551430826972667
0.2,545,3.8145363408521304,-0.09039174919213613
0.2,546,3.810526315789474,-0.095426474851173
0.2,547,3.806516290726817,-0.10061349880456649
0.2,548,3.8025062656641606,-0.1059469261915669
0.2,549,3.7984962406015037,-0.11141993656322022
0.2,550,3.7944862155388472,-0.11702477214812086
0.2,551,3.7904761904761903,-0.12275273193702234
0.2,552,3.786466165413534,-0.128594171933845
0.2,553,3.7824561403508774,-0.1345385118792315
0.2,554,3.7784461152882205,-0.1405742487059465
0.2,555,3.774436090225564,-0.1466889769335352
0.2,556,3.7704260651629076,-0.15286941615306057
0.2,557,3.7664160401002507,-0.15910144569191495
0.2,558,3.762406015037594,-0.1653701464842496
0.2,559,3.7583959899749373,-0.1716598501050741
0.2,560,3.754385964912281,-0.1779541948562171
0.2,561,3.750375939849624,-0.18423618872097355
0.2,562,3.7463659147869675,-0.19048827893203701
0.2,563,3.742355889724311,-0.19669242782526267
0.2,564,3.738345864661654,-0.20283019458062426
0.2,565,3.7343358395989976,-0.20888282238246816
0.2,566,3.730325814536341,-0.21483133046464223
0.2,567,3.7263157894736842,-0.22065661044318957
0.2,568,3.722305764411028,-0.22633952628097811
0.2,569,3.718295739348371,-0.23186101717567187
0.2,570,3.7142857142857144,-0.23720220261562583
0.2,571,3.7102756892230575,-0.24234448880841808
0.2,572,3.706265664160401,-0.24726967565434368
0.2,573,3.7022556390977446,-0.2519600634130128
0.2,574,3.6982456140350877,-0.2563985581955467
0.2,575,3.694235588972431,-0.26056877540825313
0.2,576,3.6902255639097747,-0.2644551402762671
0.2,577,3.686215538847118,-0.2680429845876203
0.2,578,3.6822055137844614,-0.27131863881961293
0.2,579,3.6781954887218045,-0.2742695188400531
0.2,580,3.674185463659148,-0.2768842064156808
0.2,581,3.670175438596491,-0.27915252280858743
0.2,582,3.6661654135338346,-0.281065594798139
0.2,583,3.662155388471178,-0.28261591253028967
0.2,584,3.6581453634085213,-0.28379737866747357
0.2,585,3.654135338345865,-0.2846053483897365
0.2,586,3.6501253132832083,-0.28503665988050464
0.2,587,3.6461152882205514,-0.28508965501743
0.2,588,3.6421052631578945,-0.2847641900790934
0.2,589,3.638095238095238,-0.2840616363708976
0.2,590,3.6340852130325816,-0.2829848707671586
0.2,591,3.6300751879699247,-0.2815382562600879
0.2,592,3.626065162907268,-0.2797276126989201
0.2,593,3.6220551378446117,-0.2775601779928016
0.2,594,3.618045112781955,-0.27504456013813494
0.2,595,3.6140350877192984,-0.27219068051385914
0.2,596,3.6100250626566415,-0.2690097089656681
0.2,597,3.606015037593985,-0.26551399127158287
0.2,598,3.602005012531328,-0.2617169696457427
0.2,599,3.5979949874686716,-0.2576330969941532
0.2,600,3.593984962406015,-0.253277745684751
0.2,601,3.5899749373433583,-0.24866711163412855
0.2,602,3.585964912280702,-0.24381811454418922
0.2,603,3.5819548872180453,-0.23874829514367413
0.2,604,3.5779448621553884,-0.23347571030184008
0.2,605,3.573934837092732,-0.22801882688453193
0.2,606,3.569924812030075,-0.22239641521667686
0.2,607,3.5659147869674186,-0.21662744300010342
0.2,608,3.5619047619047617,-0.21073097051184453
0.2,609,3.557894736842105,-0.20472604787633017
0.2,610,3.5538847117794488,-0.19863161516552855
0.2,611,3.549874686716792,-0.19246640603496262
0.2,612,3.5458646616541354,-0.18624885555120407
0.2,613,3.541854636591479,-0.1799970128088006
0.2,614,3.537844611528822,-0.1737284588724473
0.2,615,3.5338345864661656,-0.16746023051438785
0.2,616,3.5298245614035086,-0.16120875014846386
0.2,617,3.525814536340852,-0.15498976229182693
0.2,618,3.5218045112781953,-0.14881827681388154
0.2,619,3.517794486215539,-0.14270851916056682
0.2,620,3.5137844611528823,-0.13667388767126154
0.2,621,3.5097744360902254,-0.13072691803640207
0.2,622,3.505764411027569,-0.12487925487691595
0.2,623,3.5017543859649125,-0.11914163036259108
0.2,624,3.4977443609022556,-0.11352384972612223
0.2,625,3.493734335839599,-0.10803478347330288
0.2,626,3.4897243107769422,-0.10268236603818771
0.2,627,3.4857142857142858,-0.09747360058543068
0.2,628,3.481704260651629,-0.09241456962063496
0.2,629,3.4776942355889724,-0.08751045103378997
0.2,630,3.473684210526316,-0.0827655391707075
0.2,631,3.469674185463659,-0.07818327050301287
0.2,632,3.4656641604010026,-0.07376625344856026
0.2,633,3.461654135338346,-0.06951630188110784
0.2,634,3.457644110275689,-0.06543447186054482
0.2,635,3.4536340852130323,-0.061521101112650314
0.2,636,3.449624060150376,-0.057775850790055865
0.2,637,3.4456140350877194,-0.054197749053438944
0.2,638,3.4416040100250624,-0.05078523602362913
0.2,639,3.437593984962406,-0.04753620967086584
0.2,640,3.4335839598997495,-0.044448072226490117
0.2,641,3.4295739348370926,-0.041517776724452
0.2,642,3.425563909774436,-0.03874187330468766
0.2,643,3.4215538847117792,-0.036116554937242
0.2,644,3.4175438596491228,-0.03363770225453051
0.2,645,3.413533834586466,-0.0313009272088671
0.2,646,3.4095238095238094,-0.02910161530296764
0.2,647,3.405513784461153,-0.027034966172090513
0.2,648,3.401503759398496,-0.025096032327480568
0.2,649,3.3974937343358396,-0.023279755901423334
0.2,650,3.393483709273183,-0.021581003264205388
0.2,651,3.389473684210526,-0.019994597412308662
0.2,652,3.3854636591478693,-0.018515348054968933
0.2,653,3.3814536340852133,-0.01713807935259738
0.2,654,3.3774436090225564,-0.015857655285298037
0.2,655,3.3734335839598995,-0.014669002652670524
0.2,656,3.369423558897243,-0.013567131727128225
0.2,657,3.3654135338345865,-0.012547154602039262
0.2,658,3.3614035087719296,-0.011604301293023072
0.2,659,3.357393483709273,-0.010733933665709901
0.2,660,3.3533834586466167,-0.009931557276192887
0.2,661,3.34937343358396,-0.009192831221309936
0.2,662,3.345363408521303,-0.008513576104830195
0.2,663,3.341353383458647,-0.007889780232673404
0.2,664,3.33734335839599,-0.0073176041555446806
0.2,665,3.333333333333333,-0.006793383680933523
0.2,666,3.3293233082706766,-0.006313631478412119
0.2,667,3.32531328320802,-0.005875037402716999
0.2,668,3.321303258145363,-0.005474467658326294
0.2,669,3.3172932330827067,-0.005108962927298248
0.2,670,3.3132832080200503,-0.0047757355791503316
0.2,671,3.3092731829573934,-0.004472166077671746
0.2,672,3.3052631578947365,-0.004195798694906236
0.2,673,3.30125313283208,-0.003944336637252701
0.2,674,3.2972431077694235,-0.0037156366828314785
0.2,675,3.2932330827067666,-0.0035077034230733745
0.2,676,3.28922305764411,-0.0033186831950183897
0.2,677,3.2852130325814537,-0.003146857784164878
0.2,678,3.281203007518797,-0.002990637970982564
0.2,679,3.2771929824561403,-0.002848556987477535
0.2,680,3.273182957393484,-0.0027192639435519744
0.2,681,3.269172932330827,-0.0026015172764016436
0.2,682,3.26516290726817,-0.002494178269896159
0.2,683,3.2611528822055136,-0.0023962046848402876
0.2,684,3.257142857142857,-0.0023066445352578745
0.2,685,3.2531328320802,-0.0022246300404045283
0.2,686,3.2491228070175437,-0.002149371777124704
0.2,687,3.2451127819548873,-0.0020801530524397972
0.2,688,3.2411027568922304,-0.002016324511896601
0.2,689,3.237092731829574,-0.001957298995223286
0.2,690,3.2330827067669174,-0.0019025466472327337
0.2,691,3.2290726817042605,-0.0018515902886748197
0.2,692,3.2250626566416036,-0.0018040010488600037
0.2,693,3.221052631578947,-0.0017593942593442631
0.2,694,3.2170426065162907,-0.0017174256057640928
0.2,695,3.213032581453634,-0.0016777875330222956
0.2,696,3.2090225563909773,-0.001640205897431381
0.2,697,3.205012531328321,-0.0016044368581009914
0.2,698,3.201002506265664,-0.0015702639987879557
0.2,699,3.196992481203007,-0.0015374956705902433
0.2,700,3.192982456140351,-0.0015059625452382391
0.2,701,3.188972431077694,-0.0014755153682967776
0.2,702,3.184962406015037,-0.0014460229013188188
0.2,703,3.1809523809523808,-0.0014173700418659899
0.2,704,3.1769423558897243,-0.001389456110314323
0.2,705,3.1729323308270674,-0.001362193292476447
0.2,706,3.168922305764411,-0.001335505227278063
0.2,707,3.1649122807017545,-0.0013093257290107494
0.2,708,3.1609022556390975,-0.0012835976340309849
0.2,709,3.1568922305764406,-0.0012582717621732937
0.2,710,3.1528822055137846,-0.0012333059835820642
0.2,711,3.1488721804511277,-0.001208664382131264
0.2,712,3.144862155388471,-0.0011843165070846175
0.2,713,3.1408521303258143,-0.0011602367051423844
0.2,714,3.136842105263158,-0.0011364035255181416
0.2,715,3.132832080200501,-0.0011127991911832789
0.2,716,3.1288220551378445,-0.0010894091299034642
0.2,717,3.124812030075188,-0.0010662215591658248
0.2,718,3.120802005012531,-0.0010432271195546863
0.2,719,3.1167919799498742,-0.0010204185515744495
0.2,720,3.1127819548872178,-0.0009977904113388195
0.2,721,3.1087719298245613,-0.0009753388209444704
0.2,722,3.1047619047619044,-0.00095306124972342
0.2,723,3.100751879699248,-0.0009309563229213034
0.2,724,3.0967418546365915,-0.000909023654678275
0.2,725,3.0927318295739346,-0.0008872637024956383
0.2,726,3.088721804511278,-0.0008656776406547039
0.2,727,3.0847117794486216,-0.0008442672503156657
0.2,728,3.0807017543859647,-0.0008230348242642115
0.2,729,3.076691729323308,-0.0008019830844929246
0.2,730,3.0726817042606513,-0.0007811151110044982
0.2,731,3.068671679197995,-0.0007604342804054139
0.2,732,3.064661654135338,-0.0007399442130231053
0.2,733,3.0606516290726815,-0.0007196487274279233
0.2,734,3.056641604010025,-0.0006995518013745871
0.2,735,3.052631578947368,-0.0006796575382974785
0.2,736,3.0486215538847117,-0.0006599701386009728
0.2,737,3.044611528822055,-0.0006404938750813087
0.2,738,3.0406015037593983,-0.000621233071901251
0.2,739,3.0365914786967414,-0.0006021920866138061
0.2,740,3.032581453634085,-0.0005833752947976147
0.2,741,3.0285714285714285,-0.0005647870769251424
0.2,742,3.0245614035087716,-0.0005464318071362037
0.2,743,3.020551378446115,-0.0005283138436344268
0.2,744,3.0165413533834586,-0.0005104375204636665
0.2,745,3.0125313283208017,-0.0004928071404558383
0.2,746,3.008521303258145,-0.00047542696917150275
0.2,747,3.004511278195489,-0.00045830122968052936
0.2,748,3.000501253132832,-0.00044143409805265415
0.2,749,2.996491228070175,-0.00042482969944722485
0.2,750,2.9924812030075185,-0.0004084921047080464
0.2,751,2.988471177944862,-0.0003924253273837431
0.2,752,2.984461152882205,-0.000376633321106342
0.2,753,2.9804511278195487,-0.0003611199772713331
0.2,754,2.976441102756892,-0.00034588912297146054
0.2,755,2.9724310776942353,-0.0003309445191442167
0.2,756,2.9684210526315784,-0.00031628985889947447
0.2,757,2.9644110275689224,-0.00030192876599923195
0.2,758,2.9604010025062655,-0.0002878647934661122
0.2,759,2.9563909774436086,-0.0002741014223012386
0.2,760,2.952380952380952,-0.0002606420602953257
0.2,761,2.9483709273182956,-0.00024749004091970616
0.2,762,2.9443609022556387,-0.00023464862228629956
0.2,763,2.9403508771929823,-0.00022212098616748206
0.2,764,2.936340852130326,-0.00020991023706842804
0.2,765,2.932330827067669,-0.00019801940134588165
0.2,766,2.928320802005012,-0.00018645142636840566
0.2,767,2.9243107769423555,-0.00017520917971408333
0.2,768,2.920300751879699,-0.00016429544840243333
0.2,769,2.916290726817042,-0.00015371293815792076
0.2,770,2.9122807017543857,-0.00014346427270296147
0.2,771,2.9082706766917292,-0.0001335519930787308
0.2,772,2.9042606516290723,-0.00012397855699246795
0.2,773,2.900250626566416,-0.0001147463381902188
0.2,774,2.8962406015037594,-0.00010585762585418803
0.2,775,2.8922305764411025,-9.731462402408807e-05
0.2,776,2.8882205513784456,-8.911945104198902e-05
0.2,777,2.884210526315789,-8.127413902030339e-05
0.2,778,2.8802005012531326,-7.378063333264292e-05
0.2,779,2.8761904761904757,-6.664079212735679e-05
0.2,780,2.8721804511278193,-5.9856385863617775e-05
0.2,781,2.868170426065163,-5.342909686996225e-05
0.2,782,2.864160401002506,-4.736051892525176e-05
0.2,783,2.8601503759398494,-4.165215686202613e-05
0.2,784,2.856140350877193,-3.630542619224435e-05
0.2,785,2.852130325814536,-3.132165275544164e-05
0.2,786,2.848120300751879,-2.6702072389322346e-05
0.2,787,2.8441102756892227,-2.2447830622823144e-05
0.2,788,2.8401002506265662,-1.855998239168896e-05
0.2,789,2.8360902255639093,-1.5039491776605823e-05
0.2,790,2.832080200501253,-1.1887231763931837e-05
0.2,791,2.8280701754385964,-9.10398402906567e-06
0.2,792,2.8240601503759395,-6.690438742500762e-06
0.2,793,2.8200501253132826,-4.647194398598843e-06
0.2,794,2.8160401002506266,-2.9747576671177864e-06
0.2,795,2.8120300751879697,-1.6735432675254769e-06
0.2,796,2.8080200501253127,-7.438738661304384e-07
0.2,797,2.8040100250626563,-1.8597999604443396e-07
0.2,798,2.8,-0.0
0.5,0,2.8,0.0
0.5,1,2.8040100250626563,4.649499900442943e-07
0.5,2,2.808020050125313,1.8596846649809878e-06
0.5,3,2.8120300751879697,4.1838581678107175e-06
0.5,4,2.8160401002506266,7.436894165495598e-06
0.5,5,2.820050125313283,1.161798599187238e-05
0.5,6,2.8240601503759395,1.672609684768641e-05
0.5,7,2.8280701754385964,2.2759960057689587e-05
0.5,8,2.832080200501253,2.9718079384739548e-05
0.5,9,2.8360902255639098,3.759872940083152e-05
0.5,10,2.8401002506265662,4.639995591495228e-05
0.5,11,2.8441102756892227,5.611957645767323e-05
0.5,12,2.8481203007518796,6.675518082234253e-05
0.5,13,2.852130325814536,7.830413166274794e-05
0.5,14,2.856140350877193,9.076356514711697e-05
0.5,15,2.8601503759398494,0.00010413039166826043
0.5,16,2.864160401002506,0.00011840129660972209
0.5,17,2.868170426065163,0.00013357274116771147
0.5,18,2.8721804511278193,0.00014964096322862721
0.5,19,2.876190476190476,0.00016660197830197293
0.5,20,2.8802005012531326,0.0001844515805083907
0.5,21,2.8842105263157896,0.00020318534362262112
0.5,22,2.888220551378446,0.00022279862217107447
0.5,23,2.8922305764411025,0.00024328655258379757
0.5,24,2.8962406015037594,0.00026464405440050414
0.5,25,2.900250626566416,0.0002868658315303856
0.5,26,2.9042606516290723,0.0003099463735654147
0.5,27,2.9082706766917292,0.0003338799571467732
0.5,28,2.9122807017543857,0.00035866064738408364
0.5,29,2.9162907268170426,0.0003842822993271227
0.5,30,2.920300751879699,0.00041073855948958293
0.5,31,2.924310776942356,0.0004380228674245903
0.5,32,2.9283208020050124,0.00046612845735149777
0.5,33,2.932330827067669,0.0004950483598336377
0.5,34,2.936340852130326,0.0005247754035065491
0.5,35,2.9403508771929823,0.0005553022168562732
0.5,36,2.944360902255639,0.0005866212300473168
0.5,37,2.9483709273182956,0.0006187246767997413
0.5,38,2.952380952380952,0.0006516045963150182
0.5,39,2.956390977443609,0.0006852528352500839
0.5,40,2.9604010025062655,0.0007196610497391396
0.5,41,2.9644110275689224,0.000754820707462735
0.5,42,2.968421052631579,0.0007907230897635245
0.5,43,2.9724310776942353,0.0008273592938082888
0.5,44,2.976441102756892,0.0008647202347955891
0.5,45,2.9804511278195487,0.0009027966482085423
0.5,46,2.9844611528822056,0.0009415790921122031
0.5,47,2.988471177944862,0.0009810579494948803
0.5,48,2.9924812030075185,0.0010212234306529258
0.5,49,2.9964912280701754,0.0010620655756183092
0.5,50,3.000501253132832,0.0011035742566284118
0.5,51,3.004511278195489,0.0011457391806374698
0.5,52,3.0085213032581453,0.0011885498918689427
0.5,53,3.0125313283208017,0.0012319957744082951
0.5,54,3.0165413533834586,0.0012760660548354497
0.5,55,3.020551378446115,0.0013207498048962928
0.5,56,3.024561403508772,0.0013660359442126228
0.5,57,3.0285714285714285,0.0014119132430297503
0.5,58,3.032581453634085,0.0014583703250012113
0.5,59,3.036591478696742,0.0015053956700097847
0.5,60,3.0406015037593983,0.001552977617024158
0.5,61,3.044611528822055,0.001601104366990585
0.5,62,3.0486215538847117,0.0016497639857586995
0.5,63,3.052631578947368,0.0016989444070409012
0.5,64,3.056641604010025,0.0017486334354044565
0.5,65,3.0606516290726815,0.0017988187492956247
0.5,66,3.0646616541353384,0.001849487904095114
0.5,67,3.068671679197995,0.0019006283352039704
0.5,68,3.072681704260652,0.0019522273611593058
0.5,69,3.0766917293233083,0.002004272186778922
0.5,70,3.0807017543859647,0.002056749906334211
0.5,71,3.0847117794486216,0.002109647506750415
0.5,72,3.088721804511278,0.002162951870833505
0.5,73,3.0927318295739346,0.0022166497805229295
0.5,74,3.0967418546365915,0.0022707279201693276
0.5,75,3.100751879699248,0.0023251728798364332
0.5,76,3.104761904761905,0.002379971158626425
0.5,77,3.1087719298245613,0.002435109168027744
0.5,78,3.112781954887218,0.002490573235284732
0.5,79,3.1167919799498747,0.0025463496067880593
0.5,80,3.120802005012531,0.002602424451485305
0.5,81,3.124812030075188,0.002658783864310671
0.5,82,3.1288220551378445,0.0027154138696330573
0.5,83,3.132832080200501,0.0027723004247216855
0.5,84,3.136842105263158,0.0028294294232283222
0.5,85,3.1408521303258143,0.002886786698685264
0.5,86,3.1448621553884712,0.0029443580280183127
0.5,87,3.1488721804511277,0.003002129135073693
0.5,88,3.1528822055137846,0.0030600856941582475
0.5,89,3.156892230576441,0.0031182133335918203
0.5,90,3.1609022556390975,0.003176497639271164
0.5,91,3.1649122807017545,0.0032349241582443245
0.5,92,3.168922305764411,0.003293478402294684
0.5,93,3.172932330827068,0.003352145851533867
0.5,94,3.1769423558897243,0.0034109119580024373
0.5,95,3.1809523809523808,0.003469762149277746
0.5,96,3.1849624060150377,0.0035286818320878657
0.5,97,3.188972431077694,0.0035876563959308205
0.5,98,3.192982456140351,0.0036466712166983266
0.5,99,3.1969924812030075,0.0037057116603030184
0.5,100,3.201002506265664,0.0037647630863085553
0.5,101,3.205012531328321,0.003823810851561586
0.5,102,3.2090225563909773,0.0038828403138249142
0.5,103,3.2130325814536342,0.00394183683541112
0.5,104,3.2170426065162907,0.004000785786815814
0.5,105,3.2210526315789476,0.0040596725503500505
0.5,106,3.225062656641604,0.004118482523771134
0.5,107,3.2290726817042605,0.004177201123911519
0.5,108,3.2330827067669174,0.004235813790305297
0.5,109,3.237092731829574,0.004294305988812101
0.5,110,3.2411027568922304,0.004352663215238486
0.5,111,3.2451127819548873,0.004410870998956876
0.5,112,3.2491228070175437,0.004468914906522644
0.5,113,3.2531328320802007,0.00452678054529033
0.5,114,3.257142857142857,0.004584453567030177
0.5,115,3.261152882205514,0.004641919671547209
0.5,116,3.2651629072681705,0.004699164610305342
0.5,117,3.269172932330827,0.004756174190060438
0.5,118,3.273182957393484,0.00481293427650692
0.5,119,3.2771929824561403,0.004869430797944339
0.5,120,3.281203007518797,0.004925649748971965
0.5,121,3.2852130325814537,0.004981577194221564
0.5,122,3.28922305764411,0.005037199272141406
0.5,123,3.293233082706767,0.0050925021988478415
0.5,124,3.2972431077694235,0.005147472272064725
0.5,125,3.3012531328320804,0.005202095875176249
0.5,126,3.305263157894737,0.005256359481424524
0.5,127,3.3092731829573934,0.005310249658291
0.5,128,3.3132832080200503,0.005363753072109539
0.5,129,3.3172932330827067,0.005416856492970071
0.5,130,3.321303258145363,0.0054695467999849555
0.5,131,3.32531328320802,0.005521810987005879
0.5,132,3.3293233082706766,0.005573636168898438
0.5,133,3.3333333333333335,0.0056250095885044095
0.5,134,3.33734335839599,0.005675918624448948
0.5,135,3.341353383458647,0.0057263507999828185
0.5,136,3.3453634085213033,0.005776293793088398
0.5,137,3.34937343358396,0.005825735448124393
0.5,138,3.3533834586466167,0.005874663789338546
0.5,139,3.357393483709273,0.005923067036641894
0.5,140,3.3614035087719296,0.0059709336241137185
0.5,141,3.3654135338345865,0.0060182522217948325
0.5,142,3.3694235588972434,0.006065011761430431
0.5,143,3.3734335839599,0.006111201466944599
0.5,144,3.3774436090225564,0.0061568108905688266
0.5,145,3.3814536340852133,0.006201829955709481
0.5,146,3.3854636591478697,0.0062462490078272065
0.5,147,3.389473684210526,0.006290058874817434
0.5,148,3.393483709273183,0.00633325093862947
0.5,149,3.3974937343358396,0.006375817220145625
0.5,150,3.4015037593984965,0.006417750479665678
0.5,151,3.405513784461153,0.0064590443357095215
0.5,152,3.40952380952381,0.006499693405267323
0.5,153,3.4135338345864663,0.006539693469095656
0.5,154,3.4175438596491228,0.006579041666185564
0.5,155,3.4215538847117797,0.006617736722118184
0.5,156,3.425563909774436,0.006655779216680974
0.5,157,3.4295739348370926,0.00669317189684682
0.5,158,3.4335839598997495,0.0067299200420234875
0.5,159,3.437593984962406,0.006766031889366259
0.5,160,3.441604010025063,0.006801519127914864
0.5,161,3.4456140350877194,0.006836397471369067
0.5,162,3.4496240601503763,0.006870687320457258
0.5,163,3.4536340852130327,0.006904414527077827
0.5,164,3.457644110275689,0.006937611273702842
0.5,165,3.461654135338346,0.006970317082922917
0.5,166,3.4656641604010026,0.007002579973474736
0.5,167,3.469674185463659,0.007034457780619616
0.5,168,3.473684210526316,0.007066019660319401
0.5,169,3.4776942355889724,0.007097347798269562
0.5,170,3.4817042606516293,0.00712853934647793
0.5,171,3.4857142857142858,0.0071597086116961415
0.5,172,3.4897243107769427,0.007190989521590763
0.5,173,3.493734335839599,0.007222538396046148
0.5,174,3.4977443609022556,0.007254537052381902
0.5,175,3.5017543859649125,0.007287196274497042
0.5,176,3.505764411027569,0.007320759676968424
0.5,177,3.5097744360902254,0.0073555079958737
0.5,178,3.5137844611528823,0.007391763838513602
0.5,179,3.517794486215539,0.007429896924203891
0.5,180,3.5218045112781957,0.007470329847816498
0.5,181,3.525814536340852,0.007513544396689699
0.5,182,3.529824561403509,0.007560088449812292
0.5,183,3.5338345864661656,0.0076105834857251595
0.5,184,3.537844611528822,0.007665732722283387
0.5,185,3.541854636591479,0.007726329907188099
0.5,186,3.5458646616541354,0.007793268772937354
0.5,187,3.549874686716792,0.007867553163468833
0.5,188,3.5538847117794488,0.007950307832188606
0.5,189,3.5578947368421057,0.00804278990222329
0.5,190,3.561904761904762,0.008146400969530792
0.5,191,3.5659147869674186,0.008262699817904853
0.5,192,3.5699248120300755,0.008393415701876464
0.5,193,3.573934837092732,0.008540462139036458
0.5,194,3.5779448621553884,0.008705951137389235
0.5,195,3.5819548872180453,0.008892207766035828
0.5,196,3.585964912280702,0.009101784958847914
0.5,197,3.5899749373433587,0.009337478420938915
0.5,198,3.593984962406015,0.009602341486809092
0.5,199,3.597994987468672,0.009899699757229211
0.5,200,3.6020050125313285,0.01023316531945988
0.5,201,3.606015037593985,0.010606650332565365
0.5,202,3.610025062656642,0.011024379736691816
0.5,203,3.6140350877192984,0.01149090282262002
0.5,204,3.618045112781955,0.01201110337609034
0.5,205,3.6220551378446117,0.012590208090797297
0.5,206,3.626065162907268,0.01323379292507616
0.5,207,3.630075187969925,0.013947787060696154
0.5,208,3.6340852130325816,0.014738474108409276
0.5,209,3.6380952380952385,0.015612490194591008
0.5,210,3.642105263157895,0.016576818557050038
0.5,211,3.6461152882205514,0.0176387802765177
0.5,212,3.6501253132832083,0.018806020774047416
0.5,213,3.654135338345865,0.020086491714169964
0.5,214,3.6581453634085213,0.021488427969709015
0.5,215,3.662155388471178,0.023020319327167266
0.5,216,3.6661654135338346,0.024690876641997116
0.5,217,3.6701754385964915,0.026508992191218037
0.5,218,3.674185463659148,0.028483694016984803
0.5,219,3.678195488721805,0.03062409410900917
0.5,220,3.6822055137844614,0.03293933033615716
0.5,221,3.686215538847118,0.035438502107991064
0.5,222,3.6902255639097747,0.038130599825142934
0.5,223,3.694235588972431,0.04102442826276514
0.5,224,3.6982456140350877,0.04412852412321961
0.5,225,3.7022556390977446,0.047451068091795785
0.5,226,3.706265664160401,0.050999791831580085
0.5,227,3.710275689223058,0.05478188045940223
0.5,228,3.7142857142857144,0.05880387115264399
0.5,229,3.7182957393483713,0.06307154864510364
0.5,230,3.722305764411028,0.06758983847725669
0.5,231,3.7263157894736842,0.07236269897038965
0.5,232,3.730325814536341,0.07739301299313794
0.5,233,3.7343358395989976,0.08268248068098186
0.5,234,3.738345864661654,0.08823151435210201
0.5,235,3.742355889724311,0.0940391369345661
0.5,236,3.746365914786968,0.10010288527809409
0.5,237,3.7503759398496244,0.10641871976659116
0.5,238,3.754385964912281,0.11298094167339345
0.5,239,3.7583959899749377,0.11978211970804141
0.5,240,3.762406015037594,0.12681302718990073
0.5,241,3.7664160401002507,0.13406259124884556
0.5,242,3.7704260651629076,0.14151785539555542
0.5,243,3.774436090225564,0.14916395672322938
0.5,244,3.778446115288221,0.15698411889841885
0.5,245,3.7824561403508774,0.1649596619713986
0.5,246,3.7864661654135343,0.17307002988676032
0.5,247,3.7904761904761908,0.1812928364035996
0.5,248,3.7944862155388472,0.18960392994349792
0.5,249,3.798496240601504,0.19797747767519394
0.5,250,3.8025062656641606,0.20638606891997366
0.5,251,3.806516290726817,0.2148008377240433
0.5,252,3.810526315789474,0.2231916041966565
0.5,253,3.814536340852131,0.2315270339591139
0.5,254,3.818546365914787,0.23977481479362395
0.5,255,3.822556390977444,0.24790184932644502
0.5,256,3.8265664160401007,0.2558744623308276
0.5,257,3.830576441102757,0.2636586209963779
0.5,258,3.8345864661654137,0.27122016628658535
0.5,259,3.8385964912280706,0.2785250532997566
0.5,260,3.842606516290727,0.2855395983642988
0.5,261,3.8466165413533835,0.2922307304410062
0.5,262,3.8506265664160404,0.2985662442760266
0.5,263,3.8546365914786973,0.3045150526516202
0.5,264,3.8586466165413533,0.31004743502006493
0.5,265,3.8626566416040102,0.3151352797811295
0.5,266,3.866666666666667,0.3197523174767558
0.5,267,3.8706766917293236,0.3238743422287766
0.5,268,3.87468671679198,0.32747941883653325
0.5,269,3.878696741854637,0.3305480730807111
0.5,270,3.8827067669172934,0.333063462946134
0.5,271,3.88671679197995,0.3350115286777052
0.5,272,3.890726817042607,0.33638111981750574
0.5,273,3.8947368421052637,0.33716409763401023
0.5,274,3.89874686716792,0.337355411642658
0.5,275,3.9027568922305766,0.33695314922629405
0.5,276,3.9067669172932336,0.33595855768961275
0.5,277,3.91077694235589,0.33437603841863145
0.5,278,3.9147869674185465,0.3322131131591314
0.5,279,3.9187969924812034,0.3294803627715554
0.5,280,3.92280701754386,0.3261913391586148
0.5,281,3.9268170426065163,0.3223624513904725
0.5,282,3.9308270676691732,0.31801282736571335
0.5,283,3.93483709273183,0.3131641526394602
0.5,284,3.9388471177944866,0.30784048831844407
0.5,285,3.942857142857143,0.3020680701625411
0.5,286,3.9468671679198,0.2958750912397284
0.5,287,3.9508771929824564,0.28929147065359717
0.5,288,3.954887218045113,0.2823486109972948
0.5,289,3.95889724310777,0.2750791472833707
0.5,290,3.9629072681704263,0.26751669015460516
0.5,291,3.9669172932330827,0.25969556619629164
0.5,292,3.9709273182957396,0.2516505581461818
0.5,293,3.9749373433583965,0.24341664773549787
0.5,294,3.978947368421053,0.235028763794969
0.5,295,3.9829573934837095,0.22652153812617976
0.5,296,3.9869674185463664,0.21792907147355547
0.5,297,3.990977443609023,0.20928471173951185
0.5,298,3.9949874686716793,0.20062084636847238
0.5,299,3.998997493734336,0.19196871058875942
0.5,300,4.003007518796993,0.18335821294905344
0.5,301,4.007017543859649,0.17481777932274992
0.5,302,4.011027568922306,0.1663742162835592
0.5,303,4.015037593984963,0.1580525944836207
0.5,304,4.019047619047619,0.14987615239542143
0.5,305,4.023057644110276,0.1418662205152513
0.5,306,4.027067669172933,0.13404216587245377
0.5,307,4.03107769423559,0.12642135644886618
0.5,308,4.035087719298246,0.11901914488982988
0.5,309,4.039097744360903,0.11184887068447308
0.5,310,4.0431077694235595,0.10492187981101779
0.5,311,4.047117794486216,0.09824756068419307
0.5,312,4.0511278195488725,0.09183339510788732
0.5,313,4.055137844611529,0.08568502282754056
0.5,314,4.059147869674186,0.07980631819375203
0.5,315,4.063157894736842,0.07419947739110956
0.5,316,4.067167919799499,0.06886511465353276
0.5,317,4.071177944862155,0.06380236587863979
0.5,318,4.075187969924812,0.059008998067272715
0.5,319,4.079197994987469,0.054481523048913384
0.5,320,4.083208020050126,0.05021531400713321
0.5,321,4.087218045112783,0.046204723389580885
0.5,322,4.091228070175439,0.04244320087190672
0.5,323,4.095238095238096,0.03892341014217719
0.5,324,4.099248120300752,0.03563734337937614
0.5,325,4.103258145363409,0.032576432414045585
0.5,326,4.107268170426066,0.029731655678803377
0.5,327,4.1112781954887225,0.027093640178959783
0.5,328,4.1152882205513786,0.024652757836787227
0.5,329,4.1192982456140355,0.02239921568508331
0.5,330,4.123308270676692,0.020323139504801125
0.5,331,4.127318295739348,0.018414650616046902
0.5,332,4.131328320802005,0.016663935640350274
0.5,333,4.135338345864662,0.01506130915358954
0.5,334,4.139348370927319,0.013597269242371502
0.5,335,4.143358395989975,0.012262546061348974
0.5,336,4.147368421052632,0.01104814356434873
0.5,337,4.151378446115288,0.009945374648036557
0.5,338,4.155388471177945,0.008945890003009114
0.5,339,4.159398496240602,0.00804170101380126
0.5,340,4.163408521303259,0.007225197086494148
0.5,341,4.167418546365916,0.006489157810831445
0.5,342,4.171428571428572,0.0058267603834320746
0.5,343,4.175438596491229,0.005231582730433331
0.5,344,4.179448621553885,0.004697602772354377
0.5,345,4.1834586466165415,0.004219194271838911
0.5,346,4.1874686716791985,0.0037911196969819655
0.5,347,4.191478696741855,0.003408520519909638
0.5,348,4.195488721804511,0.0030669053529535323
0.5,349,4.199498746867168,0.00276213630387905
0.5,350,4.203508771929825,0.002490413907932927
0.5,351,4.207518796992481,0.0022482609686520095
0.5,352,4.211528822055138,0.0020325056120844205
0.5,353,4.215538847117795,0.0018402638309032839
0.5,354,4.219548872180452,0.0016689217663876056
0.5,355,4.223558897243108,0.0015161179478879495
0.5,356,4.227568922305765,0.0013797256816010025
0.5,357,4.231578947368422,0.001257835753608461
0.5,358,4.235588972431078,0.0011487395864854778
0.5,359,4.239598997493735,0.0010509129645929166
0.5,360,4.243609022556392,0.0009630004206156914
0.5,361,4.2476190476190485,0.0008838003551269857
0.5,362,4.2516290726817045,0.0008122509420296558
0.5,363,4.255639097744361,0.0007474168556889835
0.5,364,4.2596491228070175,0.0006884768404295016
0.5,365,4.263659147869674,0.0006347121297902383
0.5,366,4.267669172932331,0.0005854957114617737
0.5,367,4.271679197994988,0.0005402824240811881
0.5,368,4.275689223057645,0.0004985998639412421
0.5,369,4.279699248120301,0.0004600400730636486
0.5,370,4.283709273182958,0.0004242519748719672
0.5,371,4.287719298245614,0.0003909345197499973
0.5,372,4.291729323308271,0.00035983049995516467
0.5,373,4.295739348370928,0.0003307209915448435
0.5,374,4.299749373433585,0.0003034203800374551
0.5,375,4.303759398496241,0.000277771926348601
0.5,376,4.307769423558898,0.00025364382999724255
0.5,377,4.311779448621555,0.00023092574756016862
0.5,378,4.315789473684211,0.00020952572576264937
0.5,379,4.3197994987468675,0.00018936751033857803
0.5,380,4.323809523809524,0.00017038819379077287
0.5,381,4.327819548872181,0.00015253616735842895
0.5,382,4.331829573934837,0.00013576934478979545
0.5,383,4.335839598997494,0.00012005362786801177
0.5,384,4.33984962406015,0.00010536158599999665
0.5,385,4.343859649122807,9.167132451270924e-05
0.5,386,4.347869674185464,7.896551857649553e-05
0.5,387,4.351879699248121,6.723059186557374e-05
0.5,388,4.355889724310778,5.645602115231909e-05
0.5,389,4.359899749373434,4.6633750000142556e-05
0.5,390,4.363909774436091,3.7757696560264314e-05
0.5,391,4.367919799498747,2.982334218483758e-05
0.5,392,4.371929824561404,2.2827389140426225e-05
0.5,393,4.375939849624061,1.6767477142555003e-05
0.5,394,4.379949874686718,1.1641949736425034e-05
0.5,395,4.383959899749374,7.4496627258755595e-06
0.5,396,4.3879699248120305,4.189827907977926e-06
0.5,397,4.391979949874687,1.8618863113754282e-06
0.5,398,4.3959899749373434,4.654059701825924e-07
0.5,399,4.4,4.400948187274903e-33
0.5,400,4.3959899749373434,-4.6495000336447076e-07
0.5,401,4.391979949874687,-1.859684731891851e-06
0.5,402,4.3879699248120305,-4.1838583566376905e-06
0.5,403,4.383959899749374,-7.436894586007362e-06
0.5,404,4.379949874686717,-1.1617986813905629e-05
0.5,405,4.375939849624061,-1.6726098326783123e-05
0.5,406,4.371929824561404,-2.2759962570091e-05
0.5,407,4.367919799498747,-2.9718083474762834e-05
0.5,408,4.363909774436091,-3.759873584456282e-05
0.5,409,4.359899749373434,-4.639996580533708e-05
0.5,410,4.355889724310777,-5.6119591317484726e-05
0.5,411,4.351879699248121,-6.675520275337176e-05
0.5,412,4.347869674185464,-7.830416354183456e-05
0.5,413,4.343859649122807,-9.076361088244489e-05
0.5,414,4.33984962406015,-0.0001041304565330126
0.5,415,4.335839598997494,-0.00011840138767454554
0.5,416,4.331829573934837,-0.00013357286785904704
0.5,417,4.3278195488721805,-0.00014964113804672753
0.5,418,4.323809523809524,-0.00016660221774092855
0.5,419,4.3197994987468675,-0.00018445190623087783
0.5,420,4.315789473684211,-0.00020318578395475852
0.5,421,4.311779448621555,-0.000222799213998503
0.5,422,4.307769423558898,-0.00024328734374907352
0.5,423,4.303759398496241,-0.0002646451067250964
0.5,424,4.299749373433584,-0.00028686722461278833
0.5,425,4.295739348370928,-0.0003099482095409425
0.5,426,4.291729323308271,-0.00033388236663586135
0.5,427,4.287719298245614,-0.00035866379690553034
0.5,428,4.283709273182958,-0.0003842864005123944
0.5,429,4.279699248120301,-0.00041074388050591767
0.5,430,4.275689223057644,-0.0004380297471000071
0.5,431,4.271679197994988,-0.0004661373225970894
0.5,432,4.267669172932331,-0.0004950597470798041
0.5,433,4.263659147869674,-0.0005247899850140151
0.5,434,4.2596491228070175,-0.0005553208329334708
0.5,435,4.255639097744361,-0.0005866449284072441
0.5,436,4.2516290726817045,-0.0006187547605271079
0.5,437,4.247619047619048,-0.0006516426821935704
0.5,438,4.243609022556392,-0.0006853009245276721
0.5,439,4.239598997493735,-0.0007197216137910925
0.5,440,4.235588972431078,-0.0007548967912609785
0.5,441,4.231578947368421,-0.0007908184365794808
0.5,442,4.227568922305765,-0.0008274784951815578
0.5,443,4.223558897243108,-0.0008648689105005633
0.5,444,4.219548872180451,-0.0009029816617596583
0.5,445,4.215538847117795,-0.0009418088082808125
0.5,446,4.211528822055138,-0.0009813425413826079
0.5,447,4.207518796992481,-0.0010215752450952699
0.5,448,4.203508771929825,-0.0010624995670987533
0.5,449,4.199498746867168,-0.0011041085014875567
0.5,450,4.195488721804511,-0.0011463954851876866
0.5,451,4.191478696741855,-0.0011893545100980045
0.5,452,4.1874686716791985,-0.0012329802533020036
0.5,453,4.1834586466165415,-0.0012772682279988195
0.5,454,4.179448621553885,-0.001322214958136794
0.5,455,4.175438596491229,-0.001367818180099218
0.5,456,4.171428571428572,-0.0014140770751938185
0.5,457,4.167418546365915,-0.0014609925371348597
0.5,458,4.163408521303259,-0.001508567479182209
0.5,459,4.159398496240602,-0.001556807186115266
0.5,460,4.155388471177945,-0.0016057197167724548
0.5,461,4.151378446115288,-0.001655316363479609
0.5,462,4.147368421052632,-0.001705612175321519
0.5,463,4.143358395989975,-0.0017566265528806777
0.5,464,4.139348370927318,-0.0018083839227723676
0.5,465,4.135338345864662,-0.0018609145010451118
0.5,466,4.131328320802005,-0.0019142551552841017
0.5,467,4.127318295739348,-0.0019684503760497886
0.5,468,4.123308270676692,-0.0020235533690974154
0.5,469,4.1192982456140355,-0.0020796272806483966
0.5,470,4.1152882205513786,-0.002136746568812237
0.5,471,4.111278195488722,-0.0021949985350784187
0.5,472,4.107268170426066,-0.0022544850305971846
0.5,473,4.103258145363409,-0.002315324352734438
0.5,474,4.099248120300752,-0.0023776533481005423
0.5,475,4.095238095238096,-0.0024416297389000447
0.5,476,4.091228070175439,-0.0025074346900059697
0.5,477,4.087218045112782,-0.0025752756346083166
0.5,478,4.083208020050126,-0.0026453893765961706
0.5,479,4.079197994987469,-0.0027180454879791207
0.5,480,4.075187969924812,-0.0027935500196088754
0.5,481,4.071177944862155,-0.0028722495431951008
0.5,482,4.067167919799499,-0.0029545355420877587
0.5,483,4.063157894736842,-0.003040849167488847
0.5,484,4.059147869674185,-0.003131686375623876
0.5,485,4.055137844611529,-0.0032276034599130286
0.5,486,4.0511278195488725,-0.003329222990296527
0.5,487,4.047117794486216,-0.0034372401695539397
0.5,488,4.043107769423559,-0.003552429613678353
0.5,489,4.039097744360903,-0.0036756525600886592
0.5,490,4.035087719298246,-0.0038078645036579597
0.5,491,4.031077694235589,-0.00395012325617328
0.5,492,4.027067669172933,-0.004103597419900108
0.5,493,4.023057644110276,-0.00426957526038273
0.5,494,4.019047619047619,-0.004449473957457235
0.5,495,4.015037593984963,-0.004644849206682993
0.5,496,4.011027568922306,-0.004857405136009267
0.5,497,4.007017543859649,-0.005089004494500712
0.5,498,4.003007518796993,-0.005341679061370322
0.5,499,3.998997493734336,-0.005617640214440519
0.5,500,3.9949874686716793,-0.00591928958752006
0.5,501,3.990977443609023,-0.006249229736105511
0.5,502,3.986967418546366,-0.006610274720358184
0.5,503,3.9829573934837095,-0.007005460503562005
0.5,504,3.9789473684210526,-0.007438055053335424
0.5,505,3.974937343358396,-0.007911568021863788
0.5,506,3.9709273182957396,-0.008429759870478495
0.5,507,3.9669172932330827,-0.008996650293172587
0.5,508,3.9629072681704263,-0.009616525783281692
0.5,509,3.95889724310777,-0.010293946177745586
0.5,510,3.954887218045113,-0.01103375000428663
0.5,511,3.9508771929824564,-0.01184105844870521
0.5,512,3.9468671679197995,-0.012721277752503543
0.5,513,3.942857142857143,-0.013680099845425049
0.5,514,3.938847117794486,-0.014723501013470634
0.5,515,3.9348370927318297,-0.01585773840073333
0.5,516,3.9308270676691732,-0.017089344143225802
0.5,517,3.9268170426065163,-0.018425116934955594
0.5,518,3.92280701754386,-0.01987211083106506
0.5,519,3.9187969924812034,-0.021437621100080913
0.5,520,3.9147869674185465,-0.023129166947392615
0.5,521,3.91077694235589,-0.024954470945170868
0.5,522,3.906766917293233,-0.026921435020170654
0.5,523,3.9027568922305766,-0.02903811287033332
0.5,524,3.8987468671679197,-0.03131267870390453
0.5,525,3.8947368421052633,-0.03375339222090079
0.5,526,3.890726817042607,-0.0363685597862241
0.5,527,3.88671679197995,-0.0391664917764215
0.5,528,3.8827067669172934,-0.04215545611794536
0.5,529,3.878696741854637,-0.04534362807359405
0.5,530,3.87468671679198,-0.04873903637537236
0.5,531,3.8706766917293236,-0.052349505846044815
0.5,532,3.8666666666666667,-0.056182596697805134
0.5,533,3.8626566416040102,-0.06024554074433163
0.5,534,3.8586466165413533,-0.06454517481164722
0.5,535,3.854636591478697,-0.06908787168304716
0.5,536,3.8506265664160404,-0.07387946896344387
0.5,537,3.8466165413533835,-0.07892519629809253
0.5,538,3.842606516290727,-0.0842296014292385
0.5,539,3.8385964912280706,-0.08979647562104276
0.5,540,3.8345864661654137,-0.09562877902747019
0.5,541,3.8305764411027567,-0.10172856661899743
0.5,542,3.8265664160401003,-0.10809691532122528
0.5,543,3.822556390977444,-0.11473385305104941
0.5,544,3.818546365914787,-0.12163829036324605
0.5,545,3.8145363408521304,-0.12880795544147253
0.5,546,3.810526315789474,-0.13623933318211073
0.5,547,3.806516290726817,-0.1439276091264661
0.5,548,3.8025062656641606,-0.15186661899610288
0.5,549,3.7984962406015037,-0.16004880457702267
0.5,550,3.7944862155388472,-0.1684651766805893
0.5,551,3.7904761904761903,-0.17710528588239308
0.5,552,3.786466165413534,-0.18595720170427432
0.5,553,3.7824561403508774,-0.1950075008596499
0.5,554,3.7784461152882205,-0.204241265127942
0.5,555,3.774436090225564,-0.21364208936068257
0.5,556,3.7704260651629076,-0.22319210004996531
0.5,557,3.7664160401002507,-0.232871984809794
0.5,558,3.762406015037594,-0.24266103303320735
0.5,559,3.7583959899749373,-0.25253718789348434
0.5,560,3.754385964912281,-0.26247710975707894
0.5,561,3.750375939849624,-0.272456250970298
0.5,562,3.7463659147869675,-0.28244894187197944
0.5,563,3.742355889724311,-0.2924284877719732
0.5,564,3.738345864661654,-0.30236727652107936
0.5,565,3.7343358395989976,-0.31223689618380107
0.5,566,3.730325814536341,-0.32200826221207896
0.5,567,3.7263157894736842,-0.331651753407507
0.5,568,3.722305764411028,-0.34113735585290056
0.5,569,3.718295739348371,-0.3504348138928496
0.5,570,3.7142857142857144,-0.3595137871484071
0.5,571,3.7102756892230575,-0.3683440124648345
0.5,572,3.706265664160401,-0.376895469614409
0.5,573,3.7022556390977446,-0.3851385495101154
0.5,574,3.6982456140350877,-0.39304422363145153
0.5,575,3.694235588972431,-0.4005842133217052
0.5,576,3.6902255639097747,-0.40773115758759576
0.5,577,3.686215538847118,-0.4144587780177684
0.5,578,3.6822055137844614,-0.42074203943681265
0.5,579,3.6781954887218045,-0.4265573049264567
0.5,580,3.674185463659148,-0.43188248387545325
0.5,581,3.670175438596491,-0.4366971717643925
0.5,582,3.6661654135338346,-0.44098278045080963
0.5,583,3.662155388471178,-0.44472265779313075
0.5,584,3.6581453634085213,-0.44790219553839294
0.5,585,3.654135338345865,-0.45050892449750285
0.5,586,3.6501253132832083,-0.4525325961419295
0.5,587,3.6461152882205514,-0.45396524987596976
0.5,588,3.6421052631578945,-0.4548012653677237
0.5,589,3.638095238095238,-0.45503739945816435
0.5,590,3.6340852130325816,-0.4546728073095895
0.5,591,3.6300751879699247,-0.453709047600648
0.5,592,3.626065162907268,-0.45215007172328514
0.5,593,3.6220551378446117,-0.4500021970855897
0.5,594,3.618045112781955,-0.4472740647719005
0.5,595,3.6140350877192984,-0.4439765819558619
0.5,596,3.6100250626566415,-0.4401228496017063
0.5,597,3.606015037593985,-0.4357280761222834
0.5,598,3.602005012531328,-0.4308094777876307
0.5,599,3.5979949874686716,-0.42538616679385527
0.5,600,3.593984962406015,-0.4194790280073689
0.5,601,3.5899749373433583,-0.4131105854930485
0.5,602,3.585964912280702,-0.4063048600156125
0.5,603,3.5819548872180453,-0.3990872187706626
0.5,604,3.5779448621553884,-0.39148421865484023
0.5,605,3.573934837092732,-0.3835234444229137
0.5,606,3.569924812030075,-0.3752333431031812
0.5,607,3.5659147869674186,-0.36664305605133546
0.5,608,3.5619047619047617,-0.3577822500169725
0.5,609,3.557894736842105,-0.3486809485767532
0.5,610,3.5538847117794488,-0.33936936525420697
0.5,611,3.549874686716792,-0.32987773959919436
0.5,612,3.5458646616541354,-0.32023617744082816
0.5,613,3.541854636591479,-0.3104744964572728
0.5,614,3.537844611528822,-0.3006220781254596
0.5,615,3.5338345864661656,-0.2907077270244636
0.5,616,3.5298245614035086,-0.28075953836951395
0.5,617,3.525814536340852,-0.27080477455070007
0.5,618,3.5218045112781953,-0.26086975134266976
0.5,619,3.517794486215539,-0.25097973434063353
0.5,620,3.5137844611528823,-0.24115884606493598
0.5,621,3.5097744360902254,-0.23142998406299783
0.5,622,3.505764411027569,-0.22181475022467587
0.5,623,3.5017543859649125,-0.2123333914164687
0.5,624,3.4977443609022556,-0.20300475143271018
0.5,625,3.493734335839599,-0.19384623415896607
0.5,626,3.4897243107769422,-0.18487377774539915
0.5,627,3.4857142857142858,-0.17610183949679012
0.5,628,3.481704260651629,-0.1675433911018597
0.5,629,3.4776942355889724,-0.15920992374839305
0.5,630,3.473684210526316,-0.15111146260270109
0.5,631,3.469674185463659,-0.14325659007280062
0.5,632,3.4656641604010026,-0.13565247722440832
0.5,633,3.461654135338346,-0.1283049226776836
0.5,634,3.457644110275689,-0.1212183982806137
0.5,635,3.4536340852130323,-0.11439610083183253
0.5,636,3.449624060150376,-0.1078400091113655
0.5,637,3.4456140350877194,-0.10155094547194154
0.5,638,3.4416040100250624,-0.09552864124569523
0.5,639,3.437593984962406,-0.08977180523080798
0.5,640,3.4335839598997495,-0.08427819453935856
0.5,641,3.4295739348370926,-0.07904468711076604
0.5,642,3.425563909774436,-0.07406735522400669
0.5,643,3.4215538847117792,-0.06934153937562391
0.5,644,3.4175438596491228,-0.06486192192872069
0.5,645,3.413533834586466,-0.060622599979832215
0.5,646,3.4095238095238094,-0.05661715693522173
0.5,647,3.405513784461153,-0.052838732334881455
0.5,648,3.401503759398496,-0.049280089510794746
0.5,649,3.3974937343358396,-0.04593368071505821
0.5,650,3.393483709273183,-0.04279170940271937
0.5,651,3.389473684210526,-0.039846189403058216
0.5,652,3.3854636591478693,-0.0370890007609752
0.5,653,3.3814536340852133,-0.034511942076692066
0.5,654,3.3774436090225564,-0.03210677921668333
0.5,655,3.3734335839598995,-0.02986529031127126
0.5,656,3.369423558897243,-0.027779306994295625
0.5,657,3.3654135338345865,-0.025840751877506188
0.5,658,3.3614035087719296,-0.024041672286565105
0.5,659,3.357393483709273,-0.022374270316671187
0.5,660,3.3533834586466167,-0.020830929293725556
0.5,661,3.34937343358396,-0.01940423675160776
0.5,662,3.345363408521303,-0.018087004057506934
0.5,663,3.341353383458647,-0.016872282835410982
0.5,664,3.33734335839599,-0.015753378352868098
0.5,665,3.333333333333333,-0.014723860048112453
0.5,666,3.3293233082706766,-0.01377756938371832
0.5,667,3.32531328320802,-0.012908625219300043
0.5,668,3.321303258145363,-0.012111426899568041
0.5,669,3.3172932330827067,-0.01138065525549316
0.5,670,3.3132832080200503,-0.010711271715631155
0.5,671,3.3092731829573934,-0.010098515722031335
0.5,672,3.3052631578947365,-0.009537900640812858
0.5,673,3.30125313283208,-0.009025208351664253
0.5,674,3.2972431077694235,-0.008556482693419815
0.5,675,3.2932330827067666,-0.008128021934699872
0.5,676,3.28922305764411,-0.007736370429573807
0.5,677,3.2852130325814537,-0.007378309608507271
0.5,678,3.281203007518797,-0.0070508484446705315
0.5,679,3.2771929824561403,-0.006751213525176134
0.5,680,3.273182957393484,-0.006476838846139865
0.5,681,3.269172932330827,-0.006225355439756919
0.5,682,3.26516290726817,-0.00599458093097738
0.5,683,3.2611528822055136,-0.00578250911096423
0.5,684,3.257142857142857,-0.005587299604416055
0.5,685,3.2531328320802,-0.005407267698115827
0.5,686,3.2491228070175437,-0.005240874388792581
0.5,687,3.2451127819548873,-0.0050867166996081065
0.5,688,3.2411027568922304,-0.004943518306346672
0.5,689,3.237092731829574,-0.004810120506719946
0.5,690,3.2330827067669174,-0.004685473559121668
0.5,691,3.2290726817042605,-0.004568628410685898
0.5,692,3.2250626566416036,-0.004458728828617956
0.5,693,3.221052631578947,-0.004355003943472867
0.5,694,3.2170426065162907,-0.0042567612083377615
0.5,695,3.213032581453634,-0.004163379773713108
0.5,696,3.2090225563909773,-0.004074304274259397
0.5,697,3.205012531328321,-0.0039890390204532595
0.5,698,3.201002506265664,-0.003907142585550689
0.5,699,3.196992481203007,-0.0038282227760513612
0.5,700,3.192982456140351,-0.0037519319720649715
0.5,701,3.188972431077694,-0.0036779628225628823
0.5,702,3.184962406015037,-0.003606044279422504
0.5,703,3.1809523809523808,-0.0035359379534024658
0.5,704,3.1769423558897243,-0.0034674347746926236
0.5,705,3.1729323308270674,-0.003400351940429962
0.5,706,3.168922305764411,-0.0033345301315303357
0.5,707,3.1649122807017545,-0.0032698309813267643
0.5,708,3.1609022556390975,-0.003206134778801213
0.5,709,3.1568922305764406,-0.0031433383896221473
0.5,710,3.1528822055137846,-0.0030813533787320212
0.5,711,3.1488721804511277,-0.0030201043188456803
0.5,712,3.144862155388471,-0.0029595272699033236
0.5,713,3.1408521303258143,-0.002899568415252064
0.5,714,3.136842105263158,-0.00284018284109442
0.5,715,3.132832080200501,-0.0027813334465253184
0.5,716,3.1288220551378445,-0.0027229899722703826
0.5,717,3.124812030075188,-0.002665128137027292
0.5,718,3.120802005012531,-0.0026077288710904846
0.5,719,3.1167919799498742,-0.002550777637699797
0.5,720,3.1127819548872178,-0.002494263833290787
0.5,721,3.1087719298245613,-0.002438180258533374
0.5,722,3.1047619047619044,-0.0023825226527228478
0.5,723,3.100751879699248,-0.0023272892847304265
0.5,724,3.0967418546365915,-0.0022724805943278004
0.5,725,3.0927318295739346,-0.002218098878270752
0.5,726,3.088721804511278,-0.0021641480160598642
0.5,727,3.0847117794486216,-0.002110633230792404
0.5,728,3.0807017543859647,-0.0020575608809790483
0.5,729,3.076691729323308,-0.002004938279622758
0.5,730,3.0726817042606513,-0.0019527735372465646
0.5,731,3.068671679197995,-0.001901075425913485
0.5,732,3.064661654135338,-0.0018498532616068428
0.5,733,3.0606516290726815,-0.0017991168026346245
0.5,734,3.056641604010025,-0.001748876161989027
0.5,735,3.052631578947368,-0.0016991417318340623
0.5,736,3.0486215538847117,-0.0016499241185112614
0.5,737,3.044611528822055,-0.001601234086648521
0.5,738,3.0406015037593983,-0.0015530825111316838
0.5,739,3.0365914786967414,-0.0015054803358537949
0.5,740,3.032581453634085,-0.0014584385382952997
0.5,741,3.0285714285714285,-0.0014119680991110893
0.5,742,3.0245614035087716,-0.0013660799760087173
0.5,743,3.020551378446115,-0.001320785081297663
0.5,744,3.0165413533834586,-0.0012760942625735456
0.5,745,3.0125313283208017,-0.0012320182860750934
0.5,746,3.008521303258145,-0.0011885678223160121
0.5,747,3.004511278195489,-0.0011457534336502494
0.5,748,3.000501253132832,-0.0011035855634781203
0.5,749,2.996491228070175,-0.0010620745268434394
0.5,750,2.9924812030075185,-0.0010212305022083315
0.5,751,2.988471177944862,-0.000981063524224514
0.5,752,2.984461152882205,-0.0009415834773471397
0.5,753,2.9804511278195487,-0.0009028000901608559
0.5,754,2.976441102756892,-0.0008647229303079337
0.5,755,2.9724310776942353,-0.0008273613999257361
0.5,756,2.9684210526315784,-0.0007907247315154306
0.5,757,2.9644110275689224,-0.0007548219841764664
0.5,758,2.9604010025062655,-0.0007196620401520112
0.5,759,2.9563909774436086,-0.0006852536016397002
0.5,760,2.952380952380952,-0.0006516051878294536
0.5,761,2.9483709273182956,-0.0006187251321368256
0.5,762,2.9443609022556387,-0.0005866215796056612
0.5,763,2.9403508771929823,-0.0005553024844584033
0.5,764,2.936340852130326,-0.0005247756077761912
0.5,765,2.932330827067669,-0.0004950485152941595
0.5,766,2.928320802005012,-0.00046612857529993205
0.5,767,2.9243107769423555,-0.00043802295662551637
0.5,768,2.920300751879699,-0.000410738626724679
0.5,769,2.916290726817042,-0.0003842823498293824
0.5,770,2.9122807017543857,-0.0003586606851800996
0.5,771,2.9082706766917292,-0.00033387998532582834
0.5,772,2.9042606516290723,-0.0003099463944905541
0.5,773,2.900250626566416,-0.00028686584700351954
0.5,774,2.8962406015037594,-0.000264644065791225
0.5,775,2.8922305764411025,-0.00024328656092961184
0.5,776,2.8882205513784456,-0.0002227986282551759
0.5,777,2.884210526315789,-0.00020318534803407453
0.5,778,2.8802005012531326,-0.0001844515836885529
0.5,779,2.8761904761904757,-0.0001666019805801946
0.5,780,2.8721804511278193,-0.00014964096484964558
0.5,781,2.868170426065163,-0.00013357274231256118
0.5,782,2.864160401002506,-0.00011840129741168119
0.5,783,2.8601503759398494,-0.00010413039222494647
0.5,784,2.856140350877193,-9.076356552963629e-05
0.5,785,2.852130325814536,-7.830413192258881e-05
0.5,786,2.848120300751879,-6.67551809965463e-05
0.5,787,2.8441102756892227,-5.611957657270422e-05
0.5,788,2.8401002506265662,-4.6399955989565336e-05
0.5,789,2.8360902255639093,-3.7598729448204485e-05
0.5,790,2.832080200501253,-2.9718079414043578e-05
0.5,791,2.8280701754385964,-2.2759960075232056e-05
0.5,792,2.8240601503759395,-1.6726096857751053e-05
0.5,793,2.8200501253132826,-1.1617985997323049e-05
0.5,794,2.8160401002506266,-7.436894168213165e-06
0.5,795,2.8120300751879697,-4.183858168999948e-06
0.5,796,2.8080200501253127,-1.8596846653914592e-06
0.5,797,2.8040100250626563,-4.649499901239674e-07
0.5,798,2.8,-0.0
1,0,2.8,0.0
1,1,2.8040100250626563,9.298999800885887e-07
1,2,2.808020050125313,3.7193693299619757e-06
1,3,2.8120300751879697,8.367716335621435e-06
1,4,2.8160401002506266,1.4873788330991196e-05
1,5,2.820050125313283,2.323597198374476e-05
1,6,2.8240601503759395,3.345219369537282e-05
1,7,2.8280701754385964,4.5519920115379175e-05
1,8,2.832080200501253,5.9436158769479095e-05
1,9,2.8360902255639098,7.519745880166303e-05
1,10,2.8401002506265662,9.279991182990455e-05
1,11,2.8441102756892227,0.00011223915291534646
1,12,2.8481203007518796,0.00013351036164468505
1,13,2.852130325814536,0.00015660826332549588
1,14,2.856140350877193,0.00018152713029423394
1,15,2.8601503759398494,0.00020826078333652085
1,16,2.864160401002506,0.00023680259321944418
1,17,2.868170426065163,0.00026714548233542295
1,18,2.8721804511278193,0.00029928192645725443
1,19,2.876190476190476,0.00033320395660394587
1,20,2.8802005012531326,0.0003689031610167814
1,21,2.8842105263157896,0.00040637068724524224
1,22,2.888220551378446,0.00044559724434214894
1,23,2.8922305764411025,0.00048657310516759514
1,24,2.8962406015037594,0.0005292881088010083
1,25,2.900250626566416,0.0005737316630607712
1,26,2.9042606516290723,0.0006198927471308294
1,27,2.9082706766917292,0.0006677599142935464
1,28,2.9122807017543857,0.0007173212947681673
1,29,2.9162907268170426,0.0007685645986542454
1,30,2.920300751879699,0.0008214771189791659
1,31,2.924310776942356,0.0008760457348491806
1,32,2.9283208020050124,0.0009322569147029955
1,33,2.932330827067669,0.0009900967196672754
1,34,2.936340852130326,0.0010495508070130983
1,35,2.9403508771929823,0.0011106044337125464
1,36,2.944360902255639,0.0011732424600946335
1,37,2.9483709273182956,0.0012374493535994827
1,38,2.952380952380952,0.0013032091926300363
1,39,2.956390977443609,0.0013705056705001677
1,40,2.9604010025062655,0.0014393220994782792
1,41,2.9644110275689224,0.00150964141492547
1,42,2.968421052631579,0.001581446179527049
1,43,2.9724310776942353,0.0016547185876165777
1,44,2.976441102756892,0.0017294404695911783
1,45,2.9804511278195487,0.0018055932964170845
1,46,2.9844611528822056,0.0018831581842244061
1,47,2.988471177944862,0.0019621158989897606
1,48,2.9924812030075185,0.0020424468613058516
1,49,2.9964912280701754,0.0021241311512366183
1,50,3.000501253132832,0.0022071485132568237
1,51,3.004511278195489,0.0022914783612749397
1,52,3.0085213032581453,0.0023770997837378855
1,53,3.0125313283208017,0.0024639915488165903
1,54,3.0165413533834586,0.0025521321096708995
1,55,3.020551378446115,0.002641499609792585
1,56,3.024561403508772,0.0027320718884252452
1,57,3.0285714285714285,0.0028238264860595
1,58,3.032581453634085,0.0029167406500024222
1,59,3.036591478696742,0.0030107913400195686
1,60,3.0406015037593983,0.0031059552340483142
1,61,3.044611528822055,0.0032022087339811673
1,62,3.0486215538847117,0.0032995279715173956
1,63,3.052631578947368,0.0033978888140817976
1,64,3.056641604010025,0.003497266870808906
1,65,3.0606516290726815,0.0035976374985912385
1,66,3.0646616541353384,0.0036989758081902124
1,67,3.068671679197995,0.0038012566704079182
1,68,3.072681704260652,0.0039044547223185794
1,69,3.0766917293233083,0.004008544373557798
1,70,3.0807017543859647,0.004113499812668355
1,71,3.0847117794486216,0.004219295013500735
1,72,3.088721804511278,0.004325903741666872
1,73,3.0927318295739346,0.004433299561045662
1,74,3.0967418546365915,0.004541455840338375
1,75,3.100751879699248,0.0046503457596724675
1,76,3.104761904761905,0.004759942317252283
1,77,3.1087719298245613,0.004870218336054684
1,78,3.112781954887218,0.004981146470568326
1,79,3.1167919799498747,0.0050926992135745105
1,80,3.120802005012531,0.005204848902968345
1,81,3.124812030075188,0.005317567728618156
1,82,3.1288220551378445,0.005430827739261642
1,83,3.132832080200501,0.005544600849437106
1,84,3.136842105263158,0.005658858846447885
1,85,3.1408521303258143,0.005773573397358304
1,86,3.1448621553884712,0.0058887160560196
1,87,3.1488721804511277,0.0060042582701237196
1,88,3.1528822055137846,0.00612017138828366
1,89,3.156892230576441,0.0062364266671381735
1,90,3.1609022556390975,0.0063529952784794905
1,91,3.1649122807017545,0.006469848316401969
1,92,3.168922305764411,0.006586956804470028
1,93,3.172932330827068,0.006704291702903739
1,94,3.1769423558897243,0.006821823915779943
1,95,3.1809523809523808,0.0069395242982475645
1,96,3.1849624060150377,0.007057363663754981
1,97,3.188972431077694,0.00717531279128781
1,98,3.192982456140351,0.007293342432615517
1,99,3.1969924812030075,0.007411423319544697
1,100,3.201002506265664,0.007529526171177751
1,101,3.205012531328321,0.007647621701174794
1,102,3.2090225563909773,0.007765680625017335
1,103,3.2130325814536342,0.007883673667272037
1,104,3.2170426065162907,0.008001571568852674
1,105,3.2210526315789476,0.008119345094279038
1,106,3.225062656641604,0.008236965038930793
1,107,3.2290726817042605,0.00835440223629526
1,108,3.2330827067669174,0.00847162756520733
1,109,3.237092731829574,0.008588611957080427
1,110,3.2411027568922304,0.008705326403127487
1,111,3.2451127819548873,0.008821741961570746
1,112,3.2491228070175437,0.00893782976483981
1,113,3.2531328320802007,0.009053561026757697
1,114,3.257142857142857,0.00916890704971451
1,115,3.261152882205514,0.009283839231829672
1,116,3.2651629072681705,0.009398329074103233
1,117,3.269172932330827,0.00951234818755866
1,118,3.273182957393484,0.009625868300379347
1,119,3.2771929824561403,0.009738861265043074
1,120,3.281203007518797,0.00985129906545982
1,121,3.2852130325814537,0.00996315382411994
1,122,3.28922305764411,0.010074397809262321
1,123,3.293233082706767,0.01018500344207477
1,124,3.2972431077694235,0.010294943303942096
1,125,3.3012531328320804,0.010404190143762001
1,126,3.305263157894737,0.010512716885353556
1,127,3.3092731829573934,0.01062049663498985
1,128,3.3132832080200503,0.010727502689093673
1,129,3.3172932330827067,0.010833708542144783
1,130,3.321303258145363,0.010939087894858809
1,131,3.32531328320802,0.011043614662711308
1,132,3.3293233082706766,0.01114726298489762
1,133,3.3333333333333335,0.0112500072338394
1,134,3.33734335839599,0.011351822025372613
1,135,3.341353383458647,0.011452682229781517
1,136,3.3453634085213033,0.011552562983877591
1,137,3.34937343358396,0.011651439704364497
1,138,3.3533834586466167,0.01174928810277948
1,139,3.357393483709273,0.011846084202360703
1,140,3.3614035087719296,0.011941804357259916
1,141,3.3654135338345865,0.012036425274602103
1,142,3.3694235588972434,0.012129924039990834
1,143,3.3734335839599,0.012222278147172232
1,144,3.3774436090225564,0.012313465532703686
1,145,3.3814536340852133,0.01240346461662916
1,146,3.3854636591478697,0.012492254350344456
1,147,3.389473684210526,0.012579814273046028
1,148,3.393483709273183,0.012666124578400178
1,149,3.3974937343358396,0.012751166193350117
1,150,3.4015037593984965,0.012834920871300975
1,151,3.405513784461153,0.012917371302291928
1,152,3.40952380952381,0.012998501243186762
1,153,3.4135338345864663,0.013078295671393668
1,154,3.4175438596491228,0.013156740966169462
1,155,3.4215538847117797,0.013233825122177476
1,156,3.425563909774436,0.013309538000660042
1,157,3.4295739348370926,0.013383871624361516
1,158,3.4335839598997495,0.013456820523202554
1,159,3.437593984962406,0.013528382138668266
1,160,3.441604010025063,0.013598557295936993
1,161,3.4456140350877194,0.013667350753948398
1,162,3.4496240601503763,0.013734771844895166
1,163,3.4536340852130327,0.013800835216023327
1,164,3.457644110275689,0.013865561688146913
1,165,3.461654135338346,0.013928979246921444
1,166,3.4656641604010026,0.013991124184677232
1,167,3.469674185463659,0.014052042412483366
1,168,3.473684210526316,0.014111790964087885
1,169,3.4776942355889724,0.014170439715449599
1,170,3.4817042606516293,0.014228073345725784
1,171,3.4857142857142858,0.014284793567787727
1,172,3.4897243107769427,0.014340721658578451
1,173,3.493734335839599,0.014396001321870723
1,174,3.4977443609022556,0.014450801918192882
1,175,3.5017543859649125,0.014505322098818383
1,176,3.505764411027569,0.014559793882710958
1,177,3.5097744360902254,0.01461448721711973
1,178,3.5137844611528823,0.01466971506405866
1,179,3.517794486215539,0.014725839056104998
1,180,3.5218045112781957,0.014783275765725811
1,181,3.525814536340852,0.01484250363259461
1,182,3.529824561403509,0.014904070592990258
1,183,3.5338345864661656,0.01496860245426479
1,184,3.537844611528822,0.015036812055410527
1,185,3.541854636591479,0.015109509251824296
1,186,3.5458646616541354,0.015187611758332614
1,187,3.549874686716792,0.015272156879275363
1,188,3.5538847117794488,0.015364314147817616
1,189,3.5578947368421057,0.015465398888543237
1,190,3.561904761904762,0.015576886707658541
1,191,3.5659147869674186,0.015700428903686975
1,192,3.5699248120300755,0.01583786877826869
1,193,3.573934837092732,0.01599125881150986
1,194,3.5779448621553884,0.016162878649196716
1,195,3.5819548872180453,0.016355253830064573
1,196,3.585964912280702,0.01657117516019347
1,197,3.5899749373433587,0.01681371861852434
1,198,3.593984962406015,0.017086265652530363
1,199,3.597994987468672,0.017392523696365875
1,200,3.6020050125313285,0.01773654671552221
1,201,3.606015037593985,0.018122755552386318
1,202,3.610025062656642,0.018555957816410937
1,203,3.6140350877192984,0.019041367031227486
1,204,3.618045112781955,0.019584620719384112
1,205,3.6220551378446117,0.020191797073958007
1,206,3.626065162907268,0.02086942983563266
1,207,3.630075187969925,0.021624520964560873
1,208,3.6340852130325816,0.022464550669129533
1,209,3.6380952380952385,0.023397484329344898
1,210,3.642105263157895,0.024431775831732012
1,211,3.6461152882205514,0.025576366816226603
1,212,3.6501253132832083,0.02684068132435688
1,213,3.654135338345865,0.028234615332941203
1,214,3.6581453634085213,0.029768520659411515
1,215,3.662155388471178,0.03145318273454259
1,216,3.6661654135338346,0.0332997917566302
1,217,3.6701754385964915,0.035319906768743074
1,218,3.674185463659148,0.037525412238216635
1,219,3.678195488721805,0.03992846676563592
1,220,3.6822055137844614,0.04254144360954121
1,221,3.686215538847118,0.04537686278330277
1,222,3.6902255639097747,0.04844731456208089
1,223,3.694235588972431,0.05176537433046016
1,224,3.6982456140350877,0.05534350880487048
1,225,3.7022556390977446,0.05919397377872426
1,226,3.706265664160401,0.06332870366153796
1,227,3.710275689223058,0.06775919321509082
1,228,3.7142857142857144,0.07249637202857388
1,229,3.7182957393483713,0.0775504724191867
1,230,3.722305764411028,0.08293089159282277
1,231,3.7263157894736842,0.08864604904939262
1,232,3.730325814536341,0.0947032403665541
1,233,3.7343358395989976,0.1011084886417646
1,234,3.738345864661654,0.10786639501292172
1,235,3.742355889724311,0.11497998980962558
1,236,3.746365914786968,0.1224505860074547
1,237,3.7503759398496244,0.13027763676364762
1,238,3.754385964912281,0.1384585989013379
1,239,3.7583959899749377,0.1469888042782128
1,240,3.762406015037594,0.15586134102147803
1,241,3.7664160401002507,0.16506694663185312
1,242,3.7704260651629076,0.1745939149527484
1,243,3.774436090225564,0.18442801896501793
1,244,3.778446115288221,0.19455245130118748
1,245,3.7824561403508774,0.20494778427478844
1,246,3.7864661654135343,0.2155919510899912
1,247,3.7904761904761908,0.22646024973393022
1,248,3.7944862155388472,0.23752537085980768
1,249,3.798496240601504,0.24875745074398234
1,250,3.8025062656641606,0.26012415014685913
1,251,3.806516290726817,0.27159075962777934
1,252,3.810526315789474,0.283120331561331
1,253,3.814536340852131,0.29467383878026987
1,254,3.818546365914787,0.3062103594326303
1,255,3.822556390977444,0.3176872872923057
1,256,3.8265664160401007,0.32906056640843223
1,257,3.830576441102757,0.34028494862487446
1,258,3.8345864661654137,0.3513142721523858
1,259,3.8385964912280706,0.36210175903871133
1,260,3.842606516290727,0.37260032906170204
1,261,3.8466165413533835,0.3827629272733093
1,262,3.8506265664160404,0.39254286215366163
1,263,3.8546365914786973,0.4018941510997429
1,264,3.8586466165413533,0.410771869777285
1,265,3.8626566416040102,0.4191325017118003
1,266,3.866666666666667,0.42693428438893744
1,267,3.8706766917293236,0.43413754807871047
1,268,3.87468671679198,0.44070504359463036
1,269,3.878696741854637,0.44660225524901037
1,270,3.8827067669172934,0.4517976953700133
1,271,3.88671679197995,0.45626317690395085
1,272,3.890726817042607,0.45997406083646497
1,273,3.8947368421052637,0.4629094754261963
1,274,3.89874686716792,0.4650525045510177
1,275,3.9027568922305766,0.46639034281572256
1,276,3.9067669172932336,0.46691441545624957
1,277,3.91077694235589,0.4666204614934003
1,278,3.9147869674185465,0.4655085790322085
1,279,3.9187969924812034,0.4635832320648846
1,280,3.92280701754386,0.46085321860837153
1,281,3.9268170426065163,0.4573316004845478
1,282,3.9308270676691732,0.4530355955245302
1,283,3.93483709273183,0.4479864334408268
1,284,3.9388471177944866,0.442209177054995
1,285,3.942857142857143,0.43573251098701504
1,286,3.9468671679198,0.4285885002993226
1,287,3.9508771929824564,0.42081232193736234
1,288,3.954887218045113,0.41244197211454076
1,289,3.95889724310777,0.4035179530480443
1,290,3.9629072681704263,0.394082942659671
1,291,3.9669172932330827,0.38418145100992546
1,292,3.9709273182957396,0.3738594673325872
1,293,3.9749373433583965,0.36316410158000306
1,294,3.978947368421053,0.3521432243768859
1,295,3.9829573934837095,0.3408451092136981
1,296,3.9869674185463664,0.3293180805919191
1,297,3.990977443609023,0.3176101716657241
1,298,3.9949874686716793,0.3057687947116848
1,299,3.998997493734336,0.293840427504591
1,300,4.003007518796993,0.2818703183884041
1,301,4.007017543859649,0.2699022125123923
1,302,4.011027568922306,0.2579781013595062
1,303,4.015037593984963,0.24613799733328218
1,304,4.019047619047619,0.2344197347970929
1,305,4.023057644110276,0.222858798581919
1,306,4.027067669172933,0.2114881806018673
1,307,4.03107769423559,0.20033826484628534
1,308,4.035087719298246,0.18943674065922247
1,309,4.039097744360903,0.17880854387594924
1,310,4.0431077694235595,0.16847582506707437
1,311,4.047117794486216,0.1584579438471937
1,312,4.0511278195488725,0.14877148794059902
1,313,4.055137844611529,0.13943031546380508
1,314,4.059147869674186,0.13044561868553262
1,315,4.063157894736842,0.12182600736081732
1,316,4.067167919799499,0.11357760960743904
1,317,4.071177944862155,0.10570418820013579
1,318,4.075187969924812,0.09820727010018006
1,319,4.079197994987469,0.09108628701398995
1,320,4.083208020050126,0.0843387247824208
1,321,4.087218045112783,0.07796027944045154
1,322,4.091228070175439,0.07194501785235279
1,323,4.095238095238096,0.0662855409173744
1,324,4.099248120300752,0.060973147452471003
1,325,4.103258145363409,0.055997996988221915
1,326,4.107268170426066,0.05134926985881918
1,327,4.1112781954887225,0.047015323123167425
1,328,4.1152882205513786,0.04298384101874124
1,329,4.1192982456140355,0.03924197881949292
1,330,4.123308270676692,0.035776499140897755
1,331,4.127318295739348,0.03257389990622872
1,332,4.131328320802005,0.029620533355886325
1,333,4.135338345864662,0.026902715643669306
1,334,4.139348370927319,0.02440682671823315
1,335,4.143358395989975,0.022119400332987513
1,336,4.147368421052632,0.02002720416181379
1,337,4.151378446115288,0.01811731012022636
1,338,4.155388471177945,0.016377155101066243
1,339,4.159398496240602,0.0147945924300919
1,340,4.163408521303259,0.0133579344295682
1,341,4.167418546365916,0.012055986547278129
1,342,4.171428571428572,0.010878073564453007
1,343,4.175438596491229,0.009814058439432916
1,344,4.179448621553885,0.008854354375036753
1,345,4.1834586466165415,0.007989930717395564
1,346,4.1874686716791985,0.007212313303298497
1,347,4.191478696741855,0.006513579872845768
1,348,4.195488721804511,0.00588635115547047
1,349,4.199498746867168,0.005323778221211347
1,350,4.203508771929825,0.004819526666593582
1,351,4.207518796992481,0.0043677581766462985
1,352,4.211528822055138,0.00396310997251318
1,353,4.215538847117795,0.0036006726187671483
1,354,4.219548872180452,0.0032759666268607768
1,355,4.223558897243108,0.002984918251996933
1,356,4.227568922305765,0.002723834840864485
1,357,4.231578947368422,0.002489380047860889
1,358,4.235588972431078,0.0022785491982265037
1,359,4.239598997493735,0.002088645038478478
1,360,4.243609022556392,0.0019172540780926547
1,361,4.2476190476190485,0.0017622236918988254
1,362,4.2516290726817045,0.0016216401204100952
1,363,4.255639097744361,0.0014938074754999326
1,364,4.2596491228070175,0.0013772278316100284
1,365,4.263659147869674,0.0012705824580872738
1,366,4.267669172932331,0.0011727142263312758
1,367,4.271679197994988,0.0010826112061486895
1,368,4.275689223057645,0.000999391448990979
1,369,4.279699248120301,0.0009222889414888058
1,370,4.283709273182958,0.0008506407007578296
1,371,4.287719298245614,0.0007838749731843235
1,372,4.291729323308271,0.0007215004906338566
1,373,4.295739348370928,0.0006630967320875027
1,374,4.299749373433585,0.0006083051344106418
1,375,4.303759398496241,0.0005568211931193741
1,376,4.307769423558898,0.0005083873924447966
1,377,4.311779448621555,0.00046278690353332923
1,378,4.315789473684211,0.00041983799009265256
1,379,4.3197994987468675,0.000379389062043329
1,380,4.323809523809524,0.00034131431961848625
1,381,4.327819548872181,0.00030550993273603736
1,382,4.331829573934837,0.00027189070323019635
1,383,4.335839598997494,0.00024038716056369605
1,384,4.33984962406015,0.00021094304485616108
1,385,4.343859649122807,0.0001835131343754983
1,386,4.347869674185464,0.00015806137797971204
1,387,4.351879699248121,0.00013455929630703452
1,388,4.355889724310778,0.0001129846187467895
1,389,4.359899749373434,9.332012634301441e-05
1,390,4.363909774436091,7.55526737592042e-05
1,391,4.367919799498747,5.9672366243890955e-05
1,392,4.371929824561404,4.5671870168390635e-05
1,393,4.375939849624061,3.354583815149881e-05
1,394,4.379949874686718,2.3290432036617916e-05
1,395,4.383959899749374,1.4902929045639567e-05
1,396,4.3879699248120305,8.381398303898356e-06
1,397,4.391979949874687,3.7244366181602103e-06
1,398,4.3959899749373434,9.309539030084345e-07
1,399,4.4,8.803041718194549e-33
1,400,4.3959899749373434,-9.298999923315285e-07
1,401,4.391979949874687,-3.719369391601722e-06
1,402,4.3879699248120305,-8.367716509971317e-06
1,403,4.383959899749374,-1.4873788720149763e-05
1,404,4.379949874686717,-2.323597274622626e-05
1,405,4.375939849624061,-3.3452195070451055e-05
1,406,4.371929824561404,-4.551992245643085e-05
1,407,4.367919799498747,-5.943616258926381e-05
1,408,4.363909774436091,-7.519746483338606e-05
1,409,4.359899749373434,-9.279992110905603e-05
1,410,4.355889724310777,-0.00011223916688866206
1,411,4.351879699248121,-0.00013351038231447892
1,412,4.347869674185464,-0.00015660829343988586
1,413,4.343859649122807,-0.00018152717359654
1,414,4.33984962406015,-0.00020826084489091067
1,415,4.335839598997494,-0.00023680267983420967
1,416,4.331829573934837,-0.0002671456031110302
1,417,4.3278195488721805,-0.00029928209349312475
1,418,4.323809523809524,-0.0003332041859066497
1,419,4.3197994987468675,-0.0003689034736629708
1,420,4.315789473684211,-0.00040637111086558726
1,421,4.311779448621555,-0.0004455978150088627
1,422,4.307769423558898,-0.00048657386978767555
1,423,4.303759398496241,-0.0005292891281413883
1,424,4.299749373433584,-0.0005737330155609855
1,425,4.295739348370928,-0.0006198945336943047
1,426,4.291729323308271,-0.0006677622642918774
1,427,4.287719298245614,-0.0007173243735448424
1,428,4.283709273182958,-0.000768568616877225
1,429,4.279699248120301,-0.0008214823442675408
1,430,4.275689223057644,-0.0008760525061895869
1,431,4.271679197994988,-0.0009322656602805732
1,432,4.267669172932331,-0.0009901079788654091
1,433,4.263659147869674,-0.0010495652574907986
1,434,4.2596491228070175,-0.0011106229246520577
1,435,4.255639097744361,-0.0011732660529293266
1,436,4.2516290726817045,-0.001237479371789673
1,437,4.247619047619048,-0.001303247282357563
1,438,4.243609022556392,-0.0013705538745101527
1,439,4.239598997493735,-0.0014393829467156836
1,440,4.235588972431078,-0.0015097180291048266
1,441,4.231578947368421,-0.0015815424103479334
1,442,4.227568922305765,-0.0016548391690053975
1,443,4.223558897243108,-0.0017295912101275845
1,444,4.219548872180451,-0.0018057813080043588
1,445,4.215538847117795,-0.0018833921561062408
1,446,4.211528822055138,-0.001962406425419673
1,447,4.207518796992481,-0.0020428068325604896
1,448,4.203508771929825,-0.002124576219256209
1,449,4.199498746867168,-0.0022076976450183866
1,450,4.195488721804511,-0.002292154495086552
1,451,4.191478696741855,-0.0023779306060164158
1,452,4.1874686716791985,-0.002465010411609519
1,453,4.1834586466165415,-0.002553379112242159
1,454,4.179448621553885,-0.002643022871052723
1,455,4.175438596491229,-0.0027339290408876274
1,456,4.171428571428572,-0.0028260864263937755
1,457,4.167418546365915,-0.0029194855861787304
1,458,4.163408521303259,-0.0030141191805439465
1,459,4.159398496240602,-0.0031099823709312435
1,460,4.155388471177945,-0.003207073277911036
1,461,4.151378446115288,-0.0033053935052847067
1,462,4.147368421052632,-0.0034049487386712926
1,463,4.143358395989975,-0.0035057494278034626
1,464,4.139348370927318,-0.003607811562665352
1,465,4.135338345864662,-0.0037111575545675903
1,466,4.131328320802005,-0.0038158172342650973
1,467,4.127318295739348,-0.003921828980280865
1,468,4.123308270676692,-0.004029240991696379
1,469,4.1192982456140355,-0.004138112720799318
1,470,4.1152882205513786,-0.004248516482132472
1,471,4.111278195488722,-0.004360539255655219
1,472,4.107268170426066,-0.00447428470289331
1,473,4.103258145363409,-0.0045898754161028486
1,474,4.099248120300752,-0.004707455421587522
1,475,4.095238095238096,-0.004827192959368333
1,476,4.091228070175439,-0.004949283562383123
1,477,4.087218045112782,-0.00507395345926686
1,478,4.083208020050126,-0.0052014633255017375
1,479,4.079197994987469,-0.0053321124082945925
1,480,4.075187969924812,-0.005466243050904639
1,481,4.071177944862155,-0.005604245642267543
1,482,4.067167919799499,-0.005746564017600176
1,483,4.063157894736842,-0.005893701335181619
1,484,4.059147869674185,-0.006046226453642879
1,485,4.055137844611529,-0.006204780832813531
1,486,4.0511278195488725,-0.006370085979416563
1,487,4.047117794486216,-0.006542951456624612
1,488,4.043107769423559,-0.006724283473641422
1,489,4.039097744360903,-0.006915094067998861
1,490,4.035087719298246,-0.007116510889117585
1,491,4.031077694235589,-0.0073297875868189805
1,492,4.027067669172933,-0.007556314802858877
1,493,4.023057644110276,-0.0077976317571370425
1,494,4.019047619047619,-0.008055438412993152
1,495,4.015037593984963,-0.008331608197905347
1,496,4.011027568922306,-0.008628201246942337
1,497,4.007017543859649,-0.008947478126483473
1,498,4.003007518796993,-0.009291913985019837
1,499,3.998997493734336,-0.009664213066299368
1,500,3.9949874686716793,-0.01006732350771867
1,501,3.990977443609023,-0.010504452333746906
1,502,3.986967418546366,-0.010979080540353976
1,503,3.9829573934837095,-0.011494978152002438
1,504,3.9789473684210526,-0.012056219117854159
1,505,3.974937343358396,-0.012667195898563901
1,506,3.9709273182957396,-0.013332633579541658
1,507,3.9669172932330827,-0.014057603331023351
1,508,3.9629072681704263,-0.014847535019899894
1,509,3.95889724310777,-0.015708228763227545
1,510,3.954887218045113,-0.016645865198908816
1,511,3.9508771929824564,-0.017667014235459362
1,512,3.9468671679197995,-0.018778642030325213
1,513,3.942857142857143,-0.019988115935174
1,514,3.938847117794486,-0.021303207137268455
1,515,3.9348370927318297,-0.022732090718726675
1,516,3.9308270676691732,-0.024283342850530156
1,517,3.9268170426065163,-0.025965934835840396
1,518,3.92280701754386,-0.02778922371787526
1,519,3.9187969924812034,-0.029762939171566517
1,520,3.9147869674185465,-0.03189716640576156
1,521,3.91077694235589,-0.03420232481413466
1,522,3.906766917293233,-0.03668914212847115
1,523,3.9027568922305766,-0.03936862384778912
1,524,3.8987468671679197,-0.04225201774107823
1,525,3.8947368421052633,-0.04535077325033835
1,526,3.890726817042607,-0.048676495654239024
1,527,3.88671679197995,-0.052240894891043874
1,528,3.8827067669172934,-0.05605572898246976
1,529,3.878696741854637,-0.060132742047731516
1,530,3.87468671679198,-0.06448359694897185
1,531,3.8706766917293236,-0.0691198026653558
1,532,3.8666666666666667,-0.07405263655295695
1,533,3.8626566416040102,-0.0792930617107324
1,534,3.8586466165413533,-0.08485163973893818
1,535,3.854636591478697,-0.09073843924457788
1,536,3.8506265664160404,-0.09696294051836435
1,537,3.8466165413533835,-0.10353393687833155
1,538,3.842606516290727,-0.11045943324596087
1,539,3.8385964912280706,-0.11774654259053863
1,540,3.8345864661654137,-0.12540138094550224
1,541,3.8305764411027567,-0.1334289617658431
1,542,3.8265664160401003,-0.1418330904571432
1,543,3.822556390977444,-0.15061625996351768
1,544,3.818546365914787,-0.15977954835258348
1,545,3.8145363408521304,-0.16932251937955542
1,546,3.810526315789474,-0.1792431270486637
1,547,3.806516290726817,-0.18953762521730036
1,548,3.8025062656641606,-0.2002004833058193
1,549,3.7984962406015037,-0.21122430918282453
1,550,3.7944862155388472,-0.22259978029134228
1,551,3.7904761904761903,-0.23431558406499095
1,552,3.786466165413534,-0.24635836865441416
1,553,3.7824561403508774,-0.2587127049427453
1,554,3.7784461152882205,-0.27136106077423533
1,555,3.774436090225564,-0.2842837882526153
1,556,3.7704260651629076,-0.2974591248852697
1,557,3.7664160401002507,-0.31086320925618505
1,558,3.762406015037594,-0.32447011180553464
1,559,3.7583959899749373,-0.3382518811772538
1,560,3.754385964912281,-0.35217860646891386
1,561,3.750375939849624,-0.3662184955818695
1,562,3.7463659147869675,-0.3803379697249776
1,563,3.742355889724311,-0.39450177397392777
1,564,3.738345864661654,-0.40867310363158593
1,565,3.7343358395989976,-0.422813745974744
1,566,3.730325814536341,-0.4368842368109046
1,567,3.7263157894736842,-0.4508440311071357
1,568,3.722305764411028,-0.4646516867936839
1,569,3.718295739348371,-0.4782650606898458
1,570,3.7142857142857144,-0.4916415153505555
1,571,3.7102756892230575,-0.5047381354914605
1,572,3.706265664160401,-0.5175119525195775
1,573,3.7022556390977446,-0.529920175578179
1,574,3.6982456140350877,-0.5419204274097865
1,575,3.694235588972431,-0.5534709832519815
1,576,3.6902255639097747,-0.56453101090847
1,577,3.686215538847118,-0.5750608100837715
1,578,3.6822055137844614,-0.5850220490352046
1,579,3.6781954887218045,-0.5943779965812572
1,580,3.674185463659148,-0.6030937475115228
1,581,3.670175438596491,-0.6111364394706277
1,582,3.6661654135338346,-0.6184754594367768
1,583,3.662155388471178,-0.6250826379847272
1,584,3.6581453634085213,-0.630932429612399
1,585,3.654135338345865,-0.6360020775193571
1,586,3.6501253132832083,-0.6402717613528484
1,587,3.6461152882205514,-0.6437247265816717
1,588,3.6421052631578945,-0.6463473943183596
1,589,3.638095238095238,-0.6481294505841224
1,590,3.6340852130325816,-0.6490639141967834
1,591,3.6300751879699247,-0.6491471826573875
1,592,3.626065162907268,-0.6483790556139652
1,593,3.6220551378446117,-0.6467627356887113
1,594,3.618045112781955,-0.6443048066651066
1,595,3.6140350877192984,-0.6410151892417856
1,596,3.6100250626566415,-0.6369070747676974
1,597,3.606015037593985,-0.6319968375759082
1,598,3.602005012531328,-0.6263039267287794
1,599,3.5979949874686716,-0.6198507381730418
1,600,3.593984962406015,-0.6126624684772031
1,601,3.5899749373433583,-0.6047669514839309
1,602,3.585964912280702,-0.5961944793546466
1,603,3.5819548872180453,-0.5869776096110525
1,604,3.5779448621553884,-0.5771509598874024
1,605,3.573934837092732,-0.56675099219687
1,606,3.569924812030075,-0.5558157885846499
1,607,3.5659147869674186,-0.5443848200889596
1,608,3.5619047619047617,-0.5324987109585169
1,609,3.557894736842105,-0.5201990000816411
1,610,3.5538847117794488,-0.5075279015678912
1,611,3.549874686716792,-0.4945280663890112
1,612,3.5458646616541354,-0.4812423469324562
1,613,3.541854636591479,-0.46771356624917426
1,614,3.537844611528822,-0.4539842936888743
1,615,3.5338345864661656,-0.44009662851208176
1,616,3.5298245614035086,-0.42609199295062694
1,617,3.525814536340852,-0.41201093605858846
1,618,3.5218045112781953,-0.39789294955583304
1,619,3.517794486215539,-0.38377629671840235
1,620,3.5137844611528823,-0.36969785521573034
1,621,3.5097744360902254,-0.3556929746364051
1,622,3.505764411027569,-0.34179534928361127
1,623,3.5017543859649125,-0.32803690666062785
1,624,3.4977443609022556,-0.3144477119077147
1,625,3.493734335839599,-0.3010558882960424
1,626,3.4897243107769422,-0.2878875537338318
1,627,3.4857142857142858,-0.27496677309612
1,628,3.481704260651629,-0.2623155260537701
1,629,3.4776942355889724,-0.2499536899510394
1,630,3.473684210526316,-0.23789903716490735
1,631,3.469674185463659,-0.22616724627468252
1,632,3.4656641604010026,-0.21477192627753575
1,633,3.461654135338346,-0.20372465300524015
1,634,3.457644110275689,-0.19303501682982976
1,635,3.4536340852130323,-0.1827106806911549
1,636,3.449624060150376,-0.17275744743749552
1,637,3.4456140350877194,-0.16317933544124735
1,638,3.4416040100250624,-0.15397866143485983
1,639,3.437593984962406,-0.1451561295071871
1,640,3.4335839598997495,-0.13671092520662045
1,641,3.4295739348370926,-0.12864081371409025
1,642,3.425563909774436,-0.12094224107537052
1,643,3.4215538847117792,-0.11361043751727301
1,644,3.4175438596491228,-0.10663952191533216
1,645,3.413533834586466,-0.10002260653035916
1,646,3.4095238095238094,-0.09375190118695081
1,647,3.405513784461153,-0.08781881612743934
1,648,3.401503759398496,-0.08221406283905287
1,649,3.3974937343358396,-0.0769277522190515
1,650,3.393483709273183,-0.07194948951145291
1,651,3.389473684210526,-0.06726846551872086
1,652,3.3854636591478693,-0.06287354366155003
1,653,3.3814536340852133,-0.05875334252889113
1,654,3.3774436090225564,-0.05489631362785768
1,655,3.3734335839598995,-0.051290814108491956
1,656,3.369423558897243,-0.047925174300914544
1,657,3.3654135338345865,-0.044787759961723426
1,658,3.3614035087719296,-0.041867029182129756
1,659,3.357393483709273,-0.03915158396192897
1,660,3.3533834586466167,-0.03663021650072777
1,661,3.34937343358396,-0.034291950300705885
1,662,3.345363408521303,-0.03212607621344202
1,663,3.341353383458647,-0.03012218359696085
1,664,3.33734335839599,-0.028270186778161076
1,665,3.333333333333333,-0.026560347040244285
1,666,3.3293233082706766,-0.024983290374784795
1,667,3.32531328320802,-0.02353002125387076
1,668,3.321303258145363,-0.022191932689473556
1,669,3.3172932330827067,-0.020960812855127155
1,670,3.3132832080200503,-0.019828848549384864
1,671,3.3092731829573934,-0.018788625781654383
1,672,3.3052631578947365,-0.01783312775918441
1,673,3.30125313283208,-0.01695573054950556
1,674,3.2972431077694235,-0.016150196685823175
1,675,3.2932330827067666,-0.015410666974026679
1,676,3.28922305764411,-0.01473165074942729
1,677,3.2852130325814537,-0.014108014819357511
1,678,3.281203007518797,-0.01353497131464852
1,679,3.2771929824561403,-0.013008064659005647
1,680,3.273182957393484,-0.012523157850686969
1,681,3.269172932330827,-0.012076418235885284
1,682,3.26516290726817,-0.011664302938028384
1,683,3.2611528822055136,-0.011283544092042925
1,684,3.257142857142857,-0.010931134017641744
1,685,3.2531328320802,-0.010604310451041826
1,686,3.2491228070175437,-0.010300541940329082
1,687,3.2451127819548873,-0.010017513496064721
1,688,3.2411027568922304,-0.009753112575766264
1,689,3.237092731829574,-0.009505415468660107
1,690,3.2330827067669174,-0.00927267413564913
1,691,3.2290726817042605,-0.009053303548803064
1,692,3.2250626566416036,-0.008845869564881854
1,693,3.221052631578947,-0.00864907735845442
1,694,3.2170426065162907,-0.008461760432072994
1,695,3.213032581453634,-0.008282870213693335
1,696,3.2090225563909773,-0.008111466245072384
1,697,3.205012531328321,-0.007946706959197185
1,698,3.201002506265664,-0.0077878410398687205
1,699,3.196992481203007,-0.007634199352338469
1,700,3.192982456140351,-0.00748518743033317
1,701,3.188972431077694,-0.007340278501856156
1,702,3.184962406015037,-0.0071990070337750785
1,703,3.1809523809523808,-0.007060962773344659
1,704,3.1769423558897243,-0.006925785263424498
1,705,3.1729323308270674,-0.0067931588071838
1,706,3.168922305764411,-0.006662807857493043
1,707,3.1649122807017545,-0.006534492805940661
1,708,3.1609022556390975,-0.006408006146439011
1,709,3.1568922305764406,-0.0062831689886560915
1,710,3.1528822055137846,-0.006159827896990941
1,711,3.1488721804511277,-0.006037852031465926
1,712,3.144862155388471,-0.005917130567706028
1,713,3.1408521303258143,-0.00579757037408295
1,714,3.136842105263158,-0.0056790939250966725
1,715,3.132832080200501,-0.005561637431122456
1,716,3.1288220551378445,-0.005445149165747591
1,717,3.124812030075188,-0.005329587973040879
1,718,3.120802005012531,-0.005214921938223316
1,719,3.1167919799498742,-0.005101127206325962
1,720,3.1127819548872178,-0.004988186934520594
1,721,3.1087719298245613,-0.004876090364880026
1,722,3.1047619047619044,-0.004764832005360754
1,723,3.100751879699248,-0.004654410907794433
1,724,3.0967418546365915,-0.004544830032622428
1,725,3.0927318295739346,-0.004436095691006324
1,726,3.088721804511278,-0.004328217055793635
1,727,3.0847117794486216,-0.004221205733611992
1,728,3.0807017543859647,-0.00411507539110633
1,729,3.076691729323308,-0.004009841429021567
1,730,3.0726817042606513,-0.0039055206984700353
1,731,3.068671679197995,-0.0038021312543095307
1,732,3.064661654135338,-0.00369969214109598
1,733,3.0606516290726815,-0.0035982232075666234
1,734,3.056641604010025,-0.0034977449460576746
1,735,3.052631578947368,-0.003398278353667502
1,736,3.0486215538847117,-0.0032998448123440533
1,737,3.044611528822055,-0.0032024659854070483
1,738,3.0406015037593983,-0.003106163728314087
1,739,3.0365914786967414,-0.003010960011746711
1,740,3.032581453634085,-0.002916876855331389
1,741,3.0285714285714285,-0.0028239362705231195
1,742,3.0245614035087716,-0.0027321602113683113
1,743,3.020551378446115,-0.0026415705320308623
1,744,3.0165413533834586,-0.002552188950113061
1,745,3.0125313283208017,-0.0024640370149334725
1,746,3.008521303258145,-0.002377136080038004
1,747,3.004511278195489,-0.002291507279320701
1,748,3.000501253132832,-0.0022071715062183524
1,749,2.996491228070175,-0.0021241493955196184
1,750,2.9924812030075185,-0.0020424613073951664
1,751,2.988471177944862,-0.0019621273133134396
1,752,2.984461152882205,-0.0018831671835562557
1,753,2.9804511278195487,-0.0018056003760913671
1,754,2.976441102756892,-0.0017294460265960868
1,755,2.9724310776942353,-0.0016547229394580658
1,756,2.9684210526315784,-0.0015814495796062891
1,757,2.9644110275689224,-0.00150964406504868
1,758,2.9604010025062655,-0.0014393241600125367
1,759,2.9563909774436086,-0.0013705072686010912
1,760,2.952380952380952,-0.001303210428893303
1,761,2.9483709273182956,-0.0012374503074266032
1,762,2.9443609022556387,-0.001173243194012306
1,763,2.9403508771929823,-0.001110604996842028
1,764,2.936340852130326,-0.0010495512378506542
1,765,2.932330827067669,-0.0009900970483076174
1,766,2.928320802005012,-0.0009322571646131831
1,767,2.9243107769423555,-0.0008760459242806686
1,768,2.920300751879699,-0.0008214772620891268
1,769,2.916290726817042,-0.0007685647063939235
1,770,2.9122807017543857,-0.0007173213755850159
1,771,2.9082706766917292,-0.0006677599746847024
1,772,2.9042606516290723,-0.0006198927920784081
1,773,2.900250626566416,-0.0005737316963732733
1,774,2.8962406015037594,-0.0005292881333804041
1,775,2.8922305764411025,-0.0004865731232177004
1,776,2.8882205513784456,-0.00044559725753074315
1,777,2.884210526315789,-0.0004063706968298598
1,778,2.8802005012531326,-0.00036890316794199816
1,779,2.8761904761904757,-0.0003332039615764041
1,780,2.8721804511278193,-0.0002992819300033799
1,781,2.868170426065163,-0.0002671454848456075
1,782,2.864160401002506,-0.0002368025949818277
1,783,2.8601503759398494,-0.0002082607845626877
1,784,2.856140350877193,-0.0001815271311387028
1,785,2.852130325814536,-0.00015660826390044414
1,786,2.848120300751879,-0.0001335103620310255
1,787,2.8441102756892227,-0.0001122391531710391
1,788,2.8401002506265662,-9.279991199613449e-05
1,789,2.8360902255639093,-7.519745890744628e-05
1,790,2.832080200501253,-5.943615883506398e-05
1,791,2.8280701754385964,-4.5519920154730394e-05
1,792,2.8240601503759395,-3.345219371800138e-05
1,793,2.8200501253132826,-2.3235971996027747e-05
1,794,2.8160401002506266,-1.4873788337129108e-05
1,795,2.8120300751879697,-8.367716338313575e-06
1,796,2.8080200501253127,-3.7193693308933646e-06
1,797,2.8040100250626563,-9.298999802697749e-07
1,798,2.8,-0.0
