normalized_state,two_theta_deg,relative_intensity_au
0.0,18.0,0.069425
0.0,18.1237,0.056209
0.0,18.2475,0.054379
0.0,18.3712,0.04576
0.0,18.495,0.063463
0.0,18.6187,0.057752
0.0,18.7425,0.049015
0.0,18.8662,0.054148
0.0,18.99,0.032342
0.0,19.1137,0.064427
0.0,19.2375,0.062436
0.0,19.3612,0.030957
0.0,19.4849,0.078215
0.0,19.6087,0.071121
0.0,19.7324,0.072968
0.0,19.8562,0.065772
0.0,19.9799,0.058399
0.0,20.1037,0.088491
0.0,20.2274,0.079563
0.0,20.3512,0.08157
0.0,20.4749,0.074781
0.0,20.5987,0.089849
0.0,20.7224,0.081891
0.0,20.8462,0.096049
0.0,20.9699,0.07302
0.0,21.0936,0.091887
0.0,21.2174,0.059915
0.0,21.3411,0.050024
0.0,21.4649,0.08129
0.0,21.5886,0.07497
0.0,21.7124,0.078883
0.0,21.8361,0.084821
0.0,21.9599,0.052659
0.0,22.0836,0.06685
0.0,22.2074,0.071316
0.0,22.3311,0.084933
0.0,22.4548,0.064357
0.0,22.5786,0.068853
0.0,22.7023,0.045475
0.0,22.8261,0.081458
0.0,22.9498,0.056689
0.0,23.0736,0.070504
0.0,23.1973,0.060691
0.0,23.3211,0.074801
0.0,23.4448,0.089272
0.0,23.5686,0.14931
0.0,23.6923,0.24158
0.0,23.8161,0.374046
0.0,23.9398,0.546336
0.0,24.0635,0.755444
0.0,24.1873,0.956884
0.0,24.311,1.045102
0.0,24.4348,1.095704
0.0,24.5585,0.997258
0.0,24.6823,0.834101
0.0,24.806,0.629871
0.0,24.9298,0.442055
0.0,25.0535,0.31396
0.0,25.1773,0.179569
0.0,25.301,0.128368
0.0,25.4247,0.071805
0.0,25.5485,0.057082
0.0,25.6722,0.079013
0.0,25.796,0.073565
0.0,25.9197,0.072036
0.0,26.0435,0.06491
0.0,26.1672,0.084844
0.0,26.291,0.075984
0.0,26.4147,0.071108
0.0,26.5385,0.067232
0.0,26.6622,0.082118
0.0,26.786,0.078168
0.0,26.9097,0.084295
0.0,27.0334,0.095241
0.0,27.1572,0.065222
0.0,27.2809,0.086295
0.0,27.4047,0.07614
0.0,27.5284,0.053534
0.0,27.6522,0.07673
0.0,27.7759,0.076055
0.0,27.8997,0.080943
0.0,28.0234,0.078812
0.0,28.1472,0.06672
0.0,28.2709,0.069287
0.0,28.3946,0.077604
0.0,28.5184,0.056906
0.0,28.6421,0.066255
0.0,28.7659,0.064983
0.0,28.8896,0.051544
0.0,29.0134,0.060755
0.0,29.1371,0.032839
0.0,29.2609,0.039203
0.0,29.3846,0.046005
0.0,29.5084,0.025575
0.0,29.6321,0.026
0.0,29.7559,0.051685
0.0,29.8796,0.050572
0.0,30.0033,0.062717
0.0,30.1271,0.04312
0.0,30.2508,0.039385
0.0,30.3746,0.031887
0.0,30.4983,0.043547
0.0,30.6221,0.053984
0.0,30.7458,0.073511
0.0,30.8696,0.066491
0.0,30.9933,0.029607
0.0,31.1171,0.07718
0.0,31.2408,0.046941
0.0,31.3645,0.054446
0.0,31.4883,0.083895
0.0,31.612,0.056754
0.0,31.7358,0.031274
0.0,31.8595,0.075412
0.0,31.9833,0.064037
0.0,32.107,0.082939
0.0,32.2308,0.065764
0.0,32.3545,0.079369
0.0,32.4783,0.071591
0.0,32.602,0.094066
0.0,32.7258,0.0955
0.0,32.8495,0.059811
0.0,32.9732,0.077222
0.0,33.097,0.060972
0.0,33.2207,0.071991
0.0,33.3445,0.109127
0.0,33.4682,0.095206
0.0,33.592,0.123917
0.0,33.7157,0.141872
0.0,33.8395,0.145387
0.0,33.9632,0.154426
0.0,34.087,0.229381
0.0,34.2107,0.274044
0.0,34.3344,0.364229
0.0,34.4582,0.432169
0.0,34.5819,0.534125
0.0,34.7057,0.627835
0.0,34.8294,0.681728
0.0,34.9532,0.719787
0.0,35.0769,0.770401
0.0,35.2007,0.727561
0.0,35.3244,0.701715
0.0,35.4482,0.629954
0.0,35.5719,0.562283
0.0,35.6957,0.461363
0.0,35.8194,0.364197
0.0,35.9431,0.284811
0.0,36.0669,0.203917
0.0,36.1906,0.154344
0.0,36.3144,0.131737
0.0,36.4381,0.098802
0.0,36.5619,0.07145
0.0,36.6856,0.071165
0.0,36.8094,0.062771
0.0,36.9331,0.034742
0.0,37.0569,0.052776
0.0,37.1806,0.053251
0.0,37.3043,0.068694
0.0,37.4281,0.084012
0.0,37.5518,0.035605
0.0,37.6756,0.063022
0.0,37.7993,0.050477
0.0,37.9231,0.066997
0.0,38.0468,0.069305
0.0,38.1706,0.074027
0.0,38.2943,0.071633
0.0,38.4181,0.043069
0.0,38.5418,0.082886
0.0,38.6656,0.071239
0.0,38.7893,0.066331
0.0,38.913,0.087796
0.0,39.0368,0.069754
0.0,39.1605,0.057867
0.0,39.2843,0.076193
0.0,39.408,0.061024
0.0,39.5318,0.067955
0.0,39.6555,0.109719
0.0,39.7793,0.074433
0.0,39.903,0.069244
0.0,40.0268,0.085254
0.0,40.1505,0.091621
0.0,40.2742,0.085627
0.0,40.398,0.075035
0.0,40.5217,0.056425
0.0,40.6455,0.085192
0.0,40.7692,0.069282
0.0,40.893,0.046614
0.0,41.0167,0.061385
0.0,41.1405,0.056678
0.0,41.2642,0.056694
0.0,41.388,0.077872
0.0,41.5117,0.064565
0.0,41.6355,0.055658
0.0,41.7592,0.072825
0.0,41.8829,0.048855
0.0,42.0067,0.060966
0.0,42.1304,0.046354
0.0,42.2542,0.036241
0.0,42.3779,0.047058
0.0,42.5017,0.052463
0.0,42.6254,0.059624
0.0,42.7492,0.066657
0.0,42.8729,0.058746
0.0,42.9967,0.027892
0.0,43.1204,0.060888
0.0,43.2441,0.062006
0.0,43.3679,0.049318
0.0,43.4916,0.04208
0.0,43.6154,0.057217
0.0,43.7391,0.067606
0.0,43.8629,0.073089
0.0,43.9866,0.072432
0.0,44.1104,0.065215
0.0,44.2341,0.068124
0.0,44.3579,0.082098
0.0,44.4816,0.064323
0.0,44.6054,0.080314
0.0,44.7291,0.085888
0.0,44.8528,0.060374
0.0,44.9766,0.082898
0.0,45.1003,0.072905
0.0,45.2241,0.063397
0.0,45.3478,0.082622
0.0,45.4716,0.096851
0.0,45.5953,0.096868
0.0,45.7191,0.088386
0.0,45.8428,0.115618
0.0,45.9666,0.128167
0.0,46.0903,0.156409
0.0,46.214,0.177143
0.0,46.3378,0.227563
0.0,46.4615,0.239201
0.0,46.5853,0.254066
0.0,46.709,0.254025
0.0,46.8328,0.287843
0.0,46.9565,0.264626
0.0,47.0803,0.245584
0.0,47.204,0.211335
0.0,47.3278,0.188772
0.0,47.4515,0.134784
0.0,47.5753,0.117283
0.0,47.699,0.090742
0.0,47.8227,0.083693
0.0,47.9465,0.080039
0.0,48.0702,0.040822
0.0,48.194,0.048268
0.0,48.3177,0.050646
0.0,48.4415,0.051884
0.0,48.5652,0.03
0.0,48.689,0.028399
0.0,48.8127,0.069765
0.0,48.9365,0.06273
0.0,49.0602,0.051603
0.0,49.1839,0.040333
0.0,49.3077,0.044787
0.0,49.4314,0.053067
0.0,49.5552,0.062306
0.0,49.6789,0.064027
0.0,49.8027,0.060021
0.0,49.9264,0.066726
0.0,50.0502,0.065223
0.0,50.1739,0.062316
0.0,50.2977,0.077746
0.0,50.4214,0.069077
0.0,50.5452,0.074606
0.0,50.6689,0.074208
0.0,50.7926,0.090539
0.0,50.9164,0.091573
0.0,51.0401,0.09184
0.0,51.1639,0.089122
0.0,51.2876,0.058875
0.0,51.4114,0.083532
0.0,51.5351,0.081356
0.0,51.6589,0.086377
0.0,51.7826,0.089101
0.0,51.9064,0.094783
0.0,52.0301,0.069218
0.0,52.1538,0.056124
0.0,52.2776,0.063387
0.0,52.4013,0.069531
0.0,52.5251,0.08665
0.0,52.6488,0.057877
0.0,52.7726,0.063812
0.0,52.8963,0.063017
0.0,53.0201,0.046177
0.0,53.1438,0.038816
0.0,53.2676,0.064986
0.0,53.3913,0.072496
0.0,53.5151,0.059085
0.0,53.6388,0.033078
0.0,53.7625,0.036891
0.0,53.8863,0.040575
0.0,54.01,0.037378
0.0,54.1338,0.04102
0.0,54.2575,0.050224
0.0,54.3813,0.033399
0.0,54.505,0.045981
0.0,54.6288,0.046607
0.0,54.7525,0.052602
0.0,54.8763,0.050908
0.0,55.0,0.032378
0.0087,18.0,0.045832
0.0087,18.1237,0.026766
0.0087,18.2475,0.05281
0.0087,18.3712,0.047661
0.0087,18.495,0.049973
0.0087,18.6187,0.043874
0.0087,18.7425,0.063217
0.0087,18.8662,0.071848
0.0087,18.99,0.048362
0.0087,19.1137,0.043676
0.0087,19.2375,0.057546
0.0087,19.3612,0.099877
0.0087,19.4849,0.055217
0.0087,19.6087,0.067553
0.0087,19.7324,0.079792
0.0087,19.8562,0.079046
0.0087,19.9799,0.069336
0.0087,20.1037,0.098209
0.0087,20.2274,0.080212
0.0087,20.3512,0.086346
0.0087,20.4749,0.069964
0.0087,20.5987,0.069338
0.0087,20.7224,0.084431
0.0087,20.8462,0.084666
0.0087,20.9699,0.088299
0.0087,21.0936,0.088216
0.0087,21.2174,0.0864
0.0087,21.3411,0.093717
0.0087,21.4649,0.080307
0.0087,21.5886,0.068928
0.0087,21.7124,0.080494
0.0087,21.8361,0.052523
0.0087,21.9599,0.086079
0.0087,22.0836,0.064017
0.0087,22.2074,0.054896
0.0087,22.3311,0.088859
0.0087,22.4548,0.054655
0.0087,22.5786,0.056778
0.0087,22.7023,0.070542
0.0087,22.8261,0.064808
0.0087,22.9498,0.050079
0.0087,23.0736,0.041902
0.0087,23.1973,0.041204
0.0087,23.3211,0.062428
0.0087,23.4448,0.07971
0.0087,23.5686,0.129858
0.0087,23.6923,0.206329
0.0087,23.8161,0.337966
0.0087,23.9398,0.492488
0.0087,24.0635,0.699682
0.0087,24.1873,0.914881
0.0087,24.311,1.040494
0.0087,24.4348,1.096872
0.0087,24.5585,1.036856
0.0087,24.6823,0.861837
0.0087,24.806,0.674178
0.0087,24.9298,0.509318
0.0087,25.0535,0.331178
0.0087,25.1773,0.227651
0.0087,25.301,0.129229
0.0087,25.4247,0.087178
0.0087,25.5485,0.079152
0.0087,25.6722,0.088184
0.0087,25.796,0.083955
0.0087,25.9197,0.075694
0.0087,26.0435,0.078187
0.0087,26.1672,0.103503
0.0087,26.291,0.083378
0.0087,26.4147,0.078016
0.0087,26.5385,0.069515
0.0087,26.6622,0.087676
0.0087,26.786,0.087144
0.0087,26.9097,0.090528
0.0087,27.0334,0.073105
0.0087,27.1572,0.083063
0.0087,27.2809,0.082796
0.0087,27.4047,0.056559
0.0087,27.5284,0.075796
0.0087,27.6522,0.071509
0.0087,27.7759,0.082065
0.0087,27.8997,0.094479
0.0087,28.0234,0.070857
0.0087,28.1472,0.065951
0.0087,28.2709,0.068188
0.0087,28.3946,0.066717
0.0087,28.5184,0.058119
0.0087,28.6421,0.052615
0.0087,28.7659,0.054907
0.0087,28.8896,0.040039
0.0087,29.0134,0.08041
0.0087,29.1371,0.057954
0.0087,29.2609,0.042046
0.0087,29.3846,0.064594
0.0087,29.5084,0.0449
0.0087,29.6321,0.053219
0.0087,29.7559,0.041867
0.0087,29.8796,0.029454
0.0087,30.0033,0.042607
0.0087,30.1271,0.039245
0.0087,30.2508,0.01433
0.0087,30.3746,0.045719
0.0087,30.4983,0.038058
0.0087,30.6221,0.030741
0.0087,30.7458,0.081756
0.0087,30.8696,0.045057
0.0087,30.9933,0.053204
0.0087,31.1171,0.061874
0.0087,31.2408,0.055979
0.0087,31.3645,0.033829
0.0087,31.4883,0.058796
0.0087,31.612,0.056237
0.0087,31.7358,0.06359
0.0087,31.8595,0.063742
0.0087,31.9833,0.094473
0.0087,32.107,0.069572
0.0087,32.2308,0.070331
0.0087,32.3545,0.067728
0.0087,32.4783,0.070072
0.0087,32.602,0.070972
0.0087,32.7258,0.100864
0.0087,32.8495,0.083182
0.0087,32.9732,0.070582
0.0087,33.097,0.090085
0.0087,33.2207,0.100739
0.0087,33.3445,0.081158
0.0087,33.4682,0.078189
0.0087,33.592,0.09136
0.0087,33.7157,0.131259
0.0087,33.8395,0.151985
0.0087,33.9632,0.172833
0.0087,34.087,0.226083
0.0087,34.2107,0.2741
0.0087,34.3344,0.372133
0.0087,34.4582,0.429495
0.0087,34.5819,0.55992
0.0087,34.7057,0.630609
0.0087,34.8294,0.700189
0.0087,34.9532,0.73729
0.0087,35.0769,0.76516
0.0087,35.2007,0.740645
0.0087,35.3244,0.695566
0.0087,35.4482,0.617787
0.0087,35.5719,0.542755
0.0087,35.6957,0.428711
0.0087,35.8194,0.344309
0.0087,35.9431,0.274818
0.0087,36.0669,0.218441
0.0087,36.1906,0.155042
0.0087,36.3144,0.142835
0.0087,36.4381,0.079355
0.0087,36.5619,0.047351
0.0087,36.6856,0.055031
0.0087,36.8094,0.07915
0.0087,36.9331,0.062273
0.0087,37.0569,0.0507
0.0087,37.1806,0.049707
0.0087,37.3043,0.080209
0.0087,37.4281,0.032001
0.0087,37.5518,0.06855
0.0087,37.6756,0.073969
0.0087,37.7993,0.054872
0.0087,37.9231,0.054301
0.0087,38.0468,0.090168
0.0087,38.1706,0.064369
0.0087,38.2943,0.085491
0.0087,38.4181,0.074736
0.0087,38.5418,0.068628
0.0087,38.6656,0.074526
0.0087,38.7893,0.072763
0.0087,38.913,0.089479
0.0087,39.0368,0.089053
0.0087,39.1605,0.065952
0.0087,39.2843,0.070124
0.0087,39.408,0.089639
0.0087,39.5318,0.094853
0.0087,39.6555,0.077978
0.0087,39.7793,0.100413
0.0087,39.903,0.077121
0.0087,40.0268,0.071872
0.0087,40.1505,0.07463
0.0087,40.2742,0.06597
0.0087,40.398,0.064006
0.0087,40.5217,0.050132
0.0087,40.6455,0.057747
0.0087,40.7692,0.055095
0.0087,40.893,0.069199
0.0087,41.0167,0.049586
0.0087,41.1405,0.040381
0.0087,41.2642,0.062924
0.0087,41.388,0.034941
0.0087,41.5117,0.05174
0.0087,41.6355,0.038568
0.0087,41.7592,0.070645
0.0087,41.8829,0.059584
0.0087,42.0067,0.050687
0.0087,42.1304,0.030788
0.0087,42.2542,0.057897
0.0087,42.3779,0.023899
0.0087,42.5017,0.05196
0.0087,42.6254,0.059785
0.0087,42.7492,0.049233
0.0087,42.8729,0.026757
0.0087,42.9967,0.069856
0.0087,43.1204,0.038237
0.0087,43.2441,0.078255
0.0087,43.3679,0.054043
0.0087,43.4916,0.045655
0.0087,43.6154,0.048478
0.0087,43.7391,0.068226
0.0087,43.8629,0.07918
0.0087,43.9866,0.078796
0.0087,44.1104,0.055219
0.0087,44.2341,0.10274
0.0087,44.3579,0.063084
0.0087,44.4816,0.069633
0.0087,44.6054,0.094077
0.0087,44.7291,0.09185
0.0087,44.8528,0.078168
0.0087,44.9766,0.089195
0.0087,45.1003,0.09377
0.0087,45.2241,0.072534
0.0087,45.3478,0.062204
0.0087,45.4716,0.068293
0.0087,45.5953,0.081366
0.0087,45.7191,0.104823
0.0087,45.8428,0.120905
0.0087,45.9666,0.132724
0.0087,46.0903,0.149831
0.0087,46.214,0.182258
0.0087,46.3378,0.209712
0.0087,46.4615,0.240302
0.0087,46.5853,0.261824
0.0087,46.709,0.256787
0.0087,46.8328,0.286501
0.0087,46.9565,0.245712
0.0087,47.0803,0.26291
0.0087,47.204,0.193939
0.0087,47.3278,0.195582
0.0087,47.4515,0.129768
0.0087,47.5753,0.109976
0.0087,47.699,0.074665
0.0087,47.8227,0.080692
0.0087,47.9465,0.088755
0.0087,48.0702,0.061364
0.0087,48.194,0.041755
0.0087,48.3177,0.060547
0.0087,48.4415,0.054257
0.0087,48.5652,0.051019
0.0087,48.689,0.046904
0.0087,48.8127,0.023735
0.0087,48.9365,0.040431
0.0087,49.0602,0.053589
0.0087,49.1839,0.059305
0.0087,49.3077,0.05826
0.0087,49.4314,0.05231
0.0087,49.5552,0.045137
0.0087,49.6789,0.06829
0.0087,49.8027,0.078904
0.0087,49.9264,0.069337
0.0087,50.0502,0.071547
0.0087,50.1739,0.05634
0.0087,50.2977,0.068794
0.0087,50.4214,0.073178
0.0087,50.5452,0.058262
0.0087,50.6689,0.087673
0.0087,50.7926,0.088654
0.0087,50.9164,0.085863
0.0087,51.0401,0.05766
0.0087,51.1639,0.080071
0.0087,51.2876,0.066591
0.0087,51.4114,0.095419
0.0087,51.5351,0.069086
0.0087,51.6589,0.079668
0.0087,51.7826,0.087568
0.0087,51.9064,0.077543
0.0087,52.0301,0.079584
0.0087,52.1538,0.053052
0.0087,52.2776,0.080938
0.0087,52.4013,0.069656
0.0087,52.5251,0.084669
0.0087,52.6488,0.081002
0.0087,52.7726,0.065309
0.0087,52.8963,0.031859
0.0087,53.0201,0.049754
0.0087,53.1438,0.051644
0.0087,53.2676,0.049836
0.0087,53.3913,0.049577
0.0087,53.5151,0.064005
0.0087,53.6388,0.061935
0.0087,53.7625,0.044972
0.0087,53.8863,0.058216
0.0087,54.01,0.043464
0.0087,54.1338,0.037811
0.0087,54.2575,0.034132
0.0087,54.3813,0.080119
0.0087,54.505,0.050581
0.0087,54.6288,0.010748
0.0087,54.7525,0.047104
0.0087,54.8763,0.029608
0.0087,55.0,0.049019
0.0174,18.0,0.044599
0.0174,18.1237,0.053041
0.0174,18.2475,0.047958
0.0174,18.3712,0.04438
0.0174,18.495,0.048855
0.0174,18.6187,0.049006
0.0174,18.7425,0.05523
0.0174,18.8662,0.038139
0.0174,18.99,0.069036
0.0174,19.1137,0.043365
0.0174,19.2375,0.075669
0.0174,19.3612,0.056432
0.0174,19.4849,0.061578
0.0174,19.6087,0.083731
0.0174,19.7324,0.068486
0.0174,19.8562,0.066512
0.0174,19.9799,0.09255
0.0174,20.1037,0.05922
0.0174,20.2274,0.071708
0.0174,20.3512,0.073618
0.0174,20.4749,0.078165
0.0174,20.5987,0.095009
0.0174,20.7224,0.101434
0.0174,20.8462,0.061722
0.0174,20.9699,0.070816
0.0174,21.0936,0.091845
0.0174,21.2174,0.102818
0.0174,21.3411,0.092013
0.0174,21.4649,0.086138
0.0174,21.5886,0.089017
0.0174,21.7124,0.072966
0.0174,21.8361,0.059012
0.0174,21.9599,0.063402
0.0174,22.0836,0.077012
0.0174,22.2074,0.055683
0.0174,22.3311,0.04327
0.0174,22.4548,0.024357
0.0174,22.5786,0.064447
0.0174,22.7023,0.041962
0.0174,22.8261,0.054364
0.0174,22.9498,0.063141
0.0174,23.0736,0.049349
0.0174,23.1973,0.04777
0.0174,23.3211,0.080437
0.0174,23.4448,0.094914
0.0174,23.5686,0.105437
0.0174,23.6923,0.190493
0.0174,23.8161,0.304246
0.0174,23.9398,0.487641
0.0174,24.0635,0.692155
0.0174,24.1873,0.870862
0.0174,24.311,1.026233
0.0174,24.4348,1.090945
0.0174,24.5585,1.057701
0.0174,24.6823,0.92091
0.0174,24.806,0.744336
0.0174,24.9298,0.514202
0.0174,25.0535,0.355055
0.0174,25.1773,0.220869
0.0174,25.301,0.147255
0.0174,25.4247,0.089011
0.0174,25.5485,0.067724
0.0174,25.6722,0.069241
0.0174,25.796,0.090703
0.0174,25.9197,0.078722
0.0174,26.0435,0.086623
0.0174,26.1672,0.065845
0.0174,26.291,0.091712
0.0174,26.4147,0.061435
0.0174,26.5385,0.068606
0.0174,26.6622,0.094833
0.0174,26.786,0.068234
0.0174,26.9097,0.075113
0.0174,27.0334,0.094338
0.0174,27.1572,0.094863
0.0174,27.2809,0.064674
0.0174,27.4047,0.063134
0.0174,27.5284,0.085667
0.0174,27.6522,0.097795
0.0174,27.7759,0.069453
0.0174,27.8997,0.083282
0.0174,28.0234,0.067453
0.0174,28.1472,0.068451
0.0174,28.2709,0.081174
0.0174,28.3946,0.071175
0.0174,28.5184,0.060349
0.0174,28.6421,0.044213
0.0174,28.7659,0.081408
0.0174,28.8896,0.050891
0.0174,29.0134,0.044769
0.0174,29.1371,0.040571
0.0174,29.2609,0.062693
0.0174,29.3846,0.043658
0.0174,29.5084,0.034335
0.0174,29.6321,0.044238
0.0174,29.7559,0.040265
0.0174,29.8796,0.037204
0.0174,30.0033,0.022508
0.0174,30.1271,0.0471
0.0174,30.2508,0.042347
0.0174,30.3746,0.036096
0.0174,30.4983,0.041154
0.0174,30.6221,0.05255
0.0174,30.7458,0.016198
0.0174,30.8696,0.035657
0.0174,30.9933,0.074918
0.0174,31.1171,0.041608
0.0174,31.2408,0.044988
0.0174,31.3645,0.074047
0.0174,31.4883,0.021993
0.0174,31.612,0.065512
0.0174,31.7358,0.066903
0.0174,31.8595,0.044128
0.0174,31.9833,0.09159
0.0174,32.107,0.097658
0.0174,32.2308,0.076304
0.0174,32.3545,0.07428
0.0174,32.4783,0.091962
0.0174,32.602,0.093837
0.0174,32.7258,0.091581
0.0174,32.8495,0.06664
0.0174,32.9732,0.067516
0.0174,33.097,0.084104
0.0174,33.2207,0.100222
0.0174,33.3445,0.097999
0.0174,33.4682,0.106844
0.0174,33.592,0.094575
0.0174,33.7157,0.148263
0.0174,33.8395,0.167515
0.0174,33.9632,0.173408
0.0174,34.087,0.220937
0.0174,34.2107,0.295582
0.0174,34.3344,0.376152
0.0174,34.4582,0.465386
0.0174,34.5819,0.535645
0.0174,34.7057,0.638577
0.0174,34.8294,0.725398
0.0174,34.9532,0.745801
0.0174,35.0769,0.767636
0.0174,35.2007,0.736466
0.0174,35.3244,0.706995
0.0174,35.4482,0.627285
0.0174,35.5719,0.555899
0.0174,35.6957,0.460374
0.0174,35.8194,0.336296
0.0174,35.9431,0.268082
0.0174,36.0669,0.202924
0.0174,36.1906,0.166335
0.0174,36.3144,0.10517
0.0174,36.4381,0.078201
0.0174,36.5619,0.091622
0.0174,36.6856,0.049804
0.0174,36.8094,0.068646
0.0174,36.9331,0.067942
0.0174,37.0569,0.067227
0.0174,37.1806,0.054109
0.0174,37.3043,0.037989
0.0174,37.4281,0.036566
0.0174,37.5518,0.063695
0.0174,37.6756,0.06619
0.0174,37.7993,0.06585
0.0174,37.9231,0.082555
0.0174,38.0468,0.089339
0.0174,38.1706,0.080139
0.0174,38.2943,0.053395
0.0174,38.4181,0.07601
0.0174,38.5418,0.035956
0.0174,38.6656,0.095156
0.0174,38.7893,0.112136
0.0174,38.913,0.082111
0.0174,39.0368,0.066992
0.0174,39.1605,0.067557
0.0174,39.2843,0.099976
0.0174,39.408,0.08824
0.0174,39.5318,0.07744
0.0174,39.6555,0.062764
0.0174,39.7793,0.078273
0.0174,39.903,0.079288
0.0174,40.0268,0.071835
0.0174,40.1505,0.06798
0.0174,40.2742,0.062914
0.0174,40.398,0.052497
0.0174,40.5217,0.057981
0.0174,40.6455,0.03989
0.0174,40.7692,0.06366
0.0174,40.893,0.076476
0.0174,41.0167,0.031759
0.0174,41.1405,0.054391
0.0174,41.2642,0.055109
0.0174,41.388,0.049036
0.0174,41.5117,0.04507
0.0174,41.6355,0.052276
0.0174,41.7592,0.052435
0.0174,41.8829,0.022406
0.0174,42.0067,0.063473
0.0174,42.1304,0.039373
0.0174,42.2542,0.045648
0.0174,42.3779,0.041978
0.0174,42.5017,0.042748
0.0174,42.6254,0.053876
0.0174,42.7492,0.07885
0.0174,42.8729,0.04153
0.0174,42.9967,0.0271
0.0174,43.1204,0.061334
0.0174,43.2441,0.033481
0.0174,43.3679,0.063083
0.0174,43.4916,0.036917
0.0174,43.6154,0.067154
0.0174,43.7391,0.068198
0.0174,43.8629,0.067224
0.0174,43.9866,0.050232
0.0174,44.1104,0.056123
0.0174,44.2341,0.076934
0.0174,44.3579,0.085606
0.0174,44.4816,0.066145
0.0174,44.6054,0.079539
0.0174,44.7291,0.088784
0.0174,44.8528,0.070576
0.0174,44.9766,0.066814
0.0174,45.1003,0.057518
0.0174,45.2241,0.074511
0.0174,45.3478,0.090927
0.0174,45.4716,0.08744
0.0174,45.5953,0.083884
0.0174,45.7191,0.082459
0.0174,45.8428,0.093413
0.0174,45.9666,0.134959
0.0174,46.0903,0.143349
0.0174,46.214,0.184621
0.0174,46.3378,0.225147
0.0174,46.4615,0.246875
0.0174,46.5853,0.285904
0.0174,46.709,0.296107
0.0174,46.8328,0.279626
0.0174,46.9565,0.24839
0.0174,47.0803,0.222028
0.0174,47.204,0.186635
0.0174,47.3278,0.173103
0.0174,47.4515,0.158289
0.0174,47.5753,0.118855
0.0174,47.699,0.09195
0.0174,47.8227,0.071079
0.0174,47.9465,0.047388
0.0174,48.0702,0.033688
0.0174,48.194,0.057533
0.0174,48.3177,0.016319
0.0174,48.4415,0.056139
0.0174,48.5652,0.03562
0.0174,48.689,0.041381
0.0174,48.8127,0.055284
0.0174,48.9365,0.050071
0.0174,49.0602,0.051147
0.0174,49.1839,0.050838
0.0174,49.3077,0.031596
0.0174,49.4314,0.055744
0.0174,49.5552,0.063408
0.0174,49.6789,0.078316
0.0174,49.8027,0.062296
0.0174,49.9264,0.059707
0.0174,50.0502,0.093801
0.0174,50.1739,0.081784
0.0174,50.2977,0.061973
0.0174,50.4214,0.054067
0.0174,50.5452,0.071243
0.0174,50.6689,0.081485
0.0174,50.7926,0.092729
0.0174,50.9164,0.060612
0.0174,51.0401,0.082664
0.0174,51.1639,0.074827
0.0174,51.2876,0.07372
0.0174,51.4114,0.084012
0.0174,51.5351,0.08676
0.0174,51.6589,0.110665
0.0174,51.7826,0.054923
0.0174,51.9064,0.068762
0.0174,52.0301,0.087049
0.0174,52.1538,0.057384
0.0174,52.2776,0.102004
0.0174,52.4013,0.041146
0.0174,52.5251,0.089675
0.0174,52.6488,0.0532
0.0174,52.7726,0.066105
0.0174,52.8963,0.062907
0.0174,53.0201,0.053148
0.0174,53.1438,0.054148
0.0174,53.2676,0.041778
0.0174,53.3913,0.054397
0.0174,53.5151,0.065899
0.0174,53.6388,0.040102
0.0174,53.7625,0.03843
0.0174,53.8863,0.051577
0.0174,54.01,0.051282
0.0174,54.1338,0.06103
0.0174,54.2575,0.044514
0.0174,54.3813,0.040787
0.0174,54.505,0.039941
0.0174,54.6288,0.063597
0.0174,54.7525,0.044508
0.0174,54.8763,0.063738
0.0174,55.0,0.060275
0.0261,18.0,0.033033
0.0261,18.1237,0.038989
0.0261,18.2475,0.034474
0.0261,18.3712,0.054181
0.0261,18.495,0.03144
0.0261,18.6187,0.045495
0.0261,18.7425,0.04705
0.0261,18.8662,0.087614
0.0261,18.99,0.054289
0.0261,19.1137,0.029952
0.0261,19.2375,0.076768
0.0261,19.3612,0.055161
0.0261,19.4849,0.043976
0.0261,19.6087,0.067635
0.0261,19.7324,0.073695
0.0261,19.8562,0.073792
0.0261,19.9799,0.072967
0.0261,20.1037,0.071852
0.0261,20.2274,0.07828
0.0261,20.3512,0.078784
0.0261,20.4749,0.085692
0.0261,20.5987,0.074805
0.0261,20.7224,0.084455
0.0261,20.8462,0.08619
0.0261,20.9699,0.092705
0.0261,21.0936,0.062227
0.0261,21.2174,0.062063
0.0261,21.3411,0.070847
0.0261,21.4649,0.097956
0.0261,21.5886,0.077358
0.0261,21.7124,0.071117
0.0261,21.8361,0.071946
0.0261,21.9599,0.055146
0.0261,22.0836,0.085937
0.0261,22.2074,0.099773
0.0261,22.3311,0.070912
0.0261,22.4548,0.076928
0.0261,22.5786,0.067119
0.0261,22.7023,0.055444
0.0261,22.8261,0.063684
0.0261,22.9498,0.052805
0.0261,23.0736,0.058886
0.0261,23.1973,0.061019
0.0261,23.3211,0.04949
0.0261,23.4448,0.070262
0.0261,23.5686,0.117884
0.0261,23.6923,0.154083
0.0261,23.8161,0.297408
0.0261,23.9398,0.44907
0.0261,24.0635,0.655418
0.0261,24.1873,0.849657
0.0261,24.311,0.991628
0.0261,24.4348,1.091253
0.0261,24.5585,1.073659
0.0261,24.6823,0.931744
0.0261,24.806,0.769587
0.0261,24.9298,0.564384
0.0261,25.0535,0.378405
0.0261,25.1773,0.242043
0.0261,25.301,0.161117
0.0261,25.4247,0.11239
0.0261,25.5485,0.089774
0.0261,25.6722,0.068547
0.0261,25.796,0.060904
0.0261,25.9197,0.092451
0.0261,26.0435,0.094517
0.0261,26.1672,0.058996
0.0261,26.291,0.078406
0.0261,26.4147,0.067326
0.0261,26.5385,0.067587
0.0261,26.6622,0.083512
0.0261,26.786,0.097806
0.0261,26.9097,0.090626
0.0261,27.0334,0.105081
0.0261,27.1572,0.065161
0.0261,27.2809,0.07515
0.0261,27.4047,0.081569
0.0261,27.5284,0.067441
0.0261,27.6522,0.055539
0.0261,27.7759,0.081034
0.0261,27.8997,0.065639
0.0261,28.0234,0.06478
0.0261,28.1472,0.065635
0.0261,28.2709,0.067777
0.0261,28.3946,0.062106
0.0261,28.5184,0.050314
0.0261,28.6421,0.072668
0.0261,28.7659,0.061571
0.0261,28.8896,0.042968
0.0261,29.0134,0.06816
0.0261,29.1371,0.064119
0.0261,29.2609,0.063669
0.0261,29.3846,0.037077
0.0261,29.5084,0.039543
0.0261,29.6321,0.060325
0.0261,29.7559,0.024099
0.0261,29.8796,0.027587
0.0261,30.0033,0.022279
0.0261,30.1271,0.047846
0.0261,30.2508,0.04055
0.0261,30.3746,0.035954
0.0261,30.4983,0.064807
0.0261,30.6221,0.02661
0.0261,30.7458,0.055867
0.0261,30.8696,0.053976
0.0261,30.9933,0.03037
0.0261,31.1171,0.054583
0.0261,31.2408,0.059627
0.0261,31.3645,0.066074
0.0261,31.4883,0.0323
0.0261,31.612,0.073375
0.0261,31.7358,0.0612
0.0261,31.8595,0.067938
0.0261,31.9833,0.076228
0.0261,32.107,0.056966
0.0261,32.2308,0.071202
0.0261,32.3545,0.080638
0.0261,32.4783,0.071063
0.0261,32.602,0.094715
0.0261,32.7258,0.082809
0.0261,32.8495,0.101775
0.0261,32.9732,0.079738
0.0261,33.097,0.087007
0.0261,33.2207,0.07813
0.0261,33.3445,0.081377
0.0261,33.4682,0.072508
0.0261,33.592,0.089401
0.0261,33.7157,0.117608
0.0261,33.8395,0.145754
0.0261,33.9632,0.180319
0.0261,34.087,0.227095
0.0261,34.2107,0.2969
0.0261,34.3344,0.399888
0.0261,34.4582,0.48205
0.0261,34.5819,0.535069
0.0261,34.7057,0.613625
0.0261,34.8294,0.712295
0.0261,34.9532,0.761749
0.0261,35.0769,0.757479
0.0261,35.2007,0.714358
0.0261,35.3244,0.675516
0.0261,35.4482,0.603367
0.0261,35.5719,0.542912
0.0261,35.6957,0.423504
0.0261,35.8194,0.357675
0.0261,35.9431,0.286755
0.0261,36.0669,0.210161
0.0261,36.1906,0.173889
0.0261,36.3144,0.146299
0.0261,36.4381,0.05794
0.0261,36.5619,0.078655
0.0261,36.6856,0.035528
0.0261,36.8094,0.0703
0.0261,36.9331,0.060227
0.0261,37.0569,0.06726
0.0261,37.1806,0.058601
0.0261,37.3043,0.036728
0.0261,37.4281,0.040262
0.0261,37.5518,0.078987
0.0261,37.6756,0.090818
0.0261,37.7993,0.061583
0.0261,37.9231,0.058904
0.0261,38.0468,0.080764
0.0261,38.1706,0.048091
0.0261,38.2943,0.070871
0.0261,38.4181,0.073255
0.0261,38.5418,0.092911
0.0261,38.6656,0.081812
0.0261,38.7893,0.077901
0.0261,38.913,0.051198
0.0261,39.0368,0.099446
0.0261,39.1605,0.061048
0.0261,39.2843,0.045317
0.0261,39.408,0.067852
0.0261,39.5318,0.092127
0.0261,39.6555,0.092178
0.0261,39.7793,0.072185
0.0261,39.903,0.084145
0.0261,40.0268,0.077428
0.0261,40.1505,0.045334
0.0261,40.2742,0.06604
0.0261,40.398,0.056705
0.0261,40.5217,0.053136
0.0261,40.6455,0.033762
0.0261,40.7692,0.052559
0.0261,40.893,0.0542
0.0261,41.0167,0.089502
0.0261,41.1405,0.052044
0.0261,41.2642,0.065169
0.0261,41.388,0.068984
0.0261,41.5117,0.035715
0.0261,41.6355,0.040079
0.0261,41.7592,0.055992
0.0261,41.8829,0.036871
0.0261,42.0067,0.04046
0.0261,42.1304,0.045262
0.0261,42.2542,0.031001
0.0261,42.3779,0.047813
0.0261,42.5017,0.040038
0.0261,42.6254,0.045408
0.0261,42.7492,0.040815
0.0261,42.8729,0.041454
0.0261,42.9967,0.05152
0.0261,43.1204,0.054113
0.0261,43.2441,0.04236
0.0261,43.3679,0.054587
0.0261,43.4916,0.065095
0.0261,43.6154,0.065787
0.0261,43.7391,0.076292
0.0261,43.8629,0.055217
0.0261,43.9866,0.054916
0.0261,44.1104,0.063074
0.0261,44.2341,0.056592
0.0261,44.3579,0.065219
0.0261,44.4816,0.069452
0.0261,44.6054,0.068506
0.0261,44.7291,0.069773
0.0261,44.8528,0.081286
0.0261,44.9766,0.068308
0.0261,45.1003,0.072534
0.0261,45.2241,0.078981
0.0261,45.3478,0.087985
0.0261,45.4716,0.066258
0.0261,45.5953,0.090521
0.0261,45.7191,0.088768
0.0261,45.8428,0.09283
0.0261,45.9666,0.133702
0.0261,46.0903,0.113492
0.0261,46.214,0.170569
0.0261,46.3378,0.220394
0.0261,46.4615,0.246544
0.0261,46.5853,0.277251
0.0261,46.709,0.265686
0.0261,46.8328,0.311171
0.0261,46.9565,0.266609
0.0261,47.0803,0.227121
0.0261,47.204,0.230859
0.0261,47.3278,0.185585
0.0261,47.4515,0.115916
0.0261,47.5753,0.109177
0.0261,47.699,0.10103
0.0261,47.8227,0.065953
0.0261,47.9465,0.085486
0.0261,48.0702,0.049354
0.0261,48.194,0.027823
0.0261,48.3177,0.042612
0.0261,48.4415,0.026748
0.0261,48.5652,0.042114
0.0261,48.689,0.064404
0.0261,48.8127,0.053874
0.0261,48.9365,0.057495
0.0261,49.0602,0.04154
0.0261,49.1839,0.047099
0.0261,49.3077,0.06432
0.0261,49.4314,0.045714
0.0261,49.5552,0.065227
0.0261,49.6789,0.070338
0.0261,49.8027,0.088148
0.0261,49.9264,0.051006
0.0261,50.0502,0.072334
0.0261,50.1739,0.091917
0.0261,50.2977,0.06509
0.0261,50.4214,0.066228
0.0261,50.5452,0.058212
0.0261,50.6689,0.08204
0.0261,50.7926,0.077413
0.0261,50.9164,0.061532
0.0261,51.0401,0.091706
0.0261,51.1639,0.075638
0.0261,51.2876,0.100824
0.0261,51.4114,0.078268
0.0261,51.5351,0.09168
0.0261,51.6589,0.065943
0.0261,51.7826,0.071489
0.0261,51.9064,0.078069
0.0261,52.0301,0.062708
0.0261,52.1538,0.059946
0.0261,52.2776,0.073023
0.0261,52.4013,0.06106
0.0261,52.5251,0.096766
0.0261,52.6488,0.085885
0.0261,52.7726,0.073613
0.0261,52.8963,0.06364
0.0261,53.0201,0.055693
0.0261,53.1438,0.049689
0.0261,53.2676,0.065801
0.0261,53.3913,0.052969
0.0261,53.5151,0.049417
0.0261,53.6388,0.062728
0.0261,53.7625,0.036363
0.0261,53.8863,0.048019
0.0261,54.01,0.044529
0.0261,54.1338,0.048125
0.0261,54.2575,0.045376
0.0261,54.3813,0.016588
0.0261,54.505,0.024801
0.0261,54.6288,0.022577
0.0261,54.7525,0.026011
0.0261,54.8763,0.064159
0.0261,55.0,0.041541
0.0348,18.0,0.022061
0.0348,18.1237,0.06245
0.0348,18.2475,0.052095
0.0348,18.3712,0.056945
0.0348,18.495,0.052349
0.0348,18.6187,0.056013
0.0348,18.7425,0.049857
0.0348,18.8662,0.052738
0.0348,18.99,0.065679
0.0348,19.1137,0.081605
0.0348,19.2375,0.07776
0.0348,19.3612,0.057555
0.0348,19.4849,0.072089
0.0348,19.6087,0.067249
0.0348,19.7324,0.067766
0.0348,19.8562,0.074741
0.0348,19.9799,0.067284
0.0348,20.1037,0.088952
0.0348,20.2274,0.083386
0.0348,20.3512,0.07395
0.0348,20.4749,0.088355
0.0348,20.5987,0.075461
0.0348,20.7224,0.0978
0.0348,20.8462,0.071807
0.0348,20.9699,0.054772
0.0348,21.0936,0.082006
0.0348,21.2174,0.082316
0.0348,21.3411,0.066311
0.0348,21.4649,0.063289
0.0348,21.5886,0.077138
0.0348,21.7124,0.088193
0.0348,21.8361,0.072557
0.0348,21.9599,0.06166
0.0348,22.0836,0.078766
0.0348,22.2074,0.06626
0.0348,22.3311,0.058951
0.0348,22.4548,0.048808
0.0348,22.5786,0.066496
0.0348,22.7023,0.066249
0.0348,22.8261,0.051824
0.0348,22.9498,0.051486
0.0348,23.0736,0.058169
0.0348,23.1973,0.050894
0.0348,23.3211,0.055634
0.0348,23.4448,0.097413
0.0348,23.5686,0.107554
0.0348,23.6923,0.180071
0.0348,23.8161,0.244517
0.0348,23.9398,0.406528
0.0348,24.0635,0.625779
0.0348,24.1873,0.791976
0.0348,24.311,0.977365
0.0348,24.4348,1.079334
0.0348,24.5585,1.079091
0.0348,24.6823,0.988958
0.0348,24.806,0.789183
0.0348,24.9298,0.588277
0.0348,25.0535,0.41519
0.0348,25.1773,0.278523
0.0348,25.301,0.179584
0.0348,25.4247,0.105325
0.0348,25.5485,0.067877
0.0348,25.6722,0.06714
0.0348,25.796,0.042776
0.0348,25.9197,0.069078
0.0348,26.0435,0.050848
0.0348,26.1672,0.056563
0.0348,26.291,0.096565
0.0348,26.4147,0.101349
0.0348,26.5385,0.067333
0.0348,26.6622,0.099773
0.0348,26.786,0.093798
0.0348,26.9097,0.077424
0.0348,27.0334,0.08959
0.0348,27.1572,0.070093
0.0348,27.2809,0.051893
0.0348,27.4047,0.071664
0.0348,27.5284,0.059938
0.0348,27.6522,0.08401
0.0348,27.7759,0.075595
0.0348,27.8997,0.067116
0.0348,28.0234,0.07681
0.0348,28.1472,0.074989
0.0348,28.2709,0.065103
0.0348,28.3946,0.054072
0.0348,28.5184,0.045734
0.0348,28.6421,0.055603
0.0348,28.7659,0.067449
0.0348,28.8896,0.062555
0.0348,29.0134,0.073872
0.0348,29.1371,0.04421
0.0348,29.2609,0.054528
0.0348,29.3846,0.043669
0.0348,29.5084,0.049775
0.0348,29.6321,0.058129
0.0348,29.7559,0.044197
0.0348,29.8796,0.031302
0.0348,30.0033,0.044264
0.0348,30.1271,0.053724
0.0348,30.2508,0.044818
0.0348,30.3746,0.033907
0.0348,30.4983,0.053334
0.0348,30.6221,0.042929
0.0348,30.7458,0.046849
0.0348,30.8696,0.03706
0.0348,30.9933,0.03364
0.0348,31.1171,0.060565
0.0348,31.2408,0.061762
0.0348,31.3645,0.066429
0.0348,31.4883,0.070534
0.0348,31.612,0.086156
0.0348,31.7358,0.062993
0.0348,31.8595,0.056073
0.0348,31.9833,0.075128
0.0348,32.107,0.078479
0.0348,32.2308,0.044876
0.0348,32.3545,0.056729
0.0348,32.4783,0.06842
0.0348,32.602,0.055933
0.0348,32.7258,0.067976
0.0348,32.8495,0.086608
0.0348,32.9732,0.091043
0.0348,33.097,0.085646
0.0348,33.2207,0.080565
0.0348,33.3445,0.092001
0.0348,33.4682,0.085303
0.0348,33.592,0.105205
0.0348,33.7157,0.08907
0.0348,33.8395,0.148786
0.0348,33.9632,0.207799
0.0348,34.087,0.248305
0.0348,34.2107,0.296319
0.0348,34.3344,0.379346
0.0348,34.4582,0.475181
0.0348,34.5819,0.573809
0.0348,34.7057,0.66037
0.0348,34.8294,0.694968
0.0348,34.9532,0.734935
0.0348,35.0769,0.751642
0.0348,35.2007,0.738753
0.0348,35.3244,0.674409
0.0348,35.4482,0.592779
0.0348,35.5719,0.504131
0.0348,35.6957,0.419561
0.0348,35.8194,0.353821
0.0348,35.9431,0.27443
0.0348,36.0669,0.177846
0.0348,36.1906,0.158944
0.0348,36.3144,0.110193
0.0348,36.4381,0.092964
0.0348,36.5619,0.087459
0.0348,36.6856,0.050834
0.0348,36.8094,0.072279
0.0348,36.9331,0.050719
0.0348,37.0569,0.036969
0.0348,37.1806,0.055703
0.0348,37.3043,0.061136
0.0348,37.4281,0.058054
0.0348,37.5518,0.058716
0.0348,37.6756,0.063248
0.0348,37.7993,0.074702
0.0348,37.9231,0.104686
0.0348,38.0468,0.050214
0.0348,38.1706,0.073531
0.0348,38.2943,0.085818
0.0348,38.4181,0.075099
0.0348,38.5418,0.0817
0.0348,38.6656,0.089036
0.0348,38.7893,0.090725
0.0348,38.913,0.109087
0.0348,39.0368,0.091991
0.0348,39.1605,0.06794
0.0348,39.2843,0.081095
0.0348,39.408,0.079504
0.0348,39.5318,0.052724
0.0348,39.6555,0.098374
0.0348,39.7793,0.060059
0.0348,39.903,0.088602
0.0348,40.0268,0.068982
0.0348,40.1505,0.073244
0.0348,40.2742,0.040887
0.0348,40.398,0.045798
0.0348,40.5217,0.053422
0.0348,40.6455,0.044624
0.0348,40.7692,0.068985
0.0348,40.893,0.063151
0.0348,41.0167,0.027352
0.0348,41.1405,0.037294
0.0348,41.2642,0.061199
0.0348,41.388,0.03595
0.0348,41.5117,0.069998
0.0348,41.6355,0.048556
0.0348,41.7592,0.037225
0.0348,41.8829,0.049133
0.0348,42.0067,0.028227
0.0348,42.1304,0.044489
0.0348,42.2542,0.051027
0.0348,42.3779,0.062271
0.0348,42.5017,0.055673
0.0348,42.6254,0.053468
0.0348,42.7492,0.043028
0.0348,42.8729,0.055246
0.0348,42.9967,0.021152
0.0348,43.1204,0.06254
0.0348,43.2441,0.064591
0.0348,43.3679,0.059202
0.0348,43.4916,0.061226
0.0348,43.6154,0.063826
0.0348,43.7391,0.064642
0.0348,43.8629,0.047136
0.0348,43.9866,0.08951
0.0348,44.1104,0.065677
0.0348,44.2341,0.093184
0.0348,44.3579,0.091362
0.0348,44.4816,0.059209
0.0348,44.6054,0.076606
0.0348,44.7291,0.082535
0.0348,44.8528,0.085597
0.0348,44.9766,0.057766
0.0348,45.1003,0.079447
0.0348,45.2241,0.077997
0.0348,45.3478,0.074057
0.0348,45.4716,0.067849
0.0348,45.5953,0.050703
0.0348,45.7191,0.09042
0.0348,45.8428,0.105285
0.0348,45.9666,0.11154
0.0348,46.0903,0.154013
0.0348,46.214,0.175131
0.0348,46.3378,0.189854
0.0348,46.4615,0.264068
0.0348,46.5853,0.263984
0.0348,46.709,0.287744
0.0348,46.8328,0.270379
0.0348,46.9565,0.263712
0.0348,47.0803,0.263382
0.0348,47.204,0.200652
0.0348,47.3278,0.135229
0.0348,47.4515,0.146444
0.0348,47.5753,0.101927
0.0348,47.699,0.067832
0.0348,47.8227,0.069121
0.0348,47.9465,0.059991
0.0348,48.0702,0.067433
0.0348,48.194,0.034729
0.0348,48.3177,0.041615
0.0348,48.4415,0.054327
0.0348,48.5652,0.025545
0.0348,48.689,0.046665
0.0348,48.8127,0.05998
0.0348,48.9365,0.057279
0.0348,49.0602,0.067102
0.0348,49.1839,0.075961
0.0348,49.3077,0.070641
0.0348,49.4314,0.072169
0.0348,49.5552,0.084945
0.0348,49.6789,0.07475
0.0348,49.8027,0.073275
0.0348,49.9264,0.057944
0.0348,50.0502,0.066395
0.0348,50.1739,0.064794
0.0348,50.2977,0.070066
0.0348,50.4214,0.093922
0.0348,50.5452,0.07775
0.0348,50.6689,0.067731
0.0348,50.7926,0.075242
0.0348,50.9164,0.086053
0.0348,51.0401,0.088041
0.0348,51.1639,0.084057
0.0348,51.2876,0.063
0.0348,51.4114,0.08347
0.0348,51.5351,0.069835
0.0348,51.6589,0.082865
0.0348,51.7826,0.041192
0.0348,51.9064,0.06907
0.0348,52.0301,0.068707
0.0348,52.1538,0.078489
0.0348,52.2776,0.072119
0.0348,52.4013,0.072913
0.0348,52.5251,0.065716
0.0348,52.6488,0.07525
0.0348,52.7726,0.052937
0.0348,52.8963,0.043306
0.0348,53.0201,0.035338
0.0348,53.1438,0.048786
0.0348,53.2676,0.067552
0.0348,53.3913,0.071056
0.0348,53.5151,0.04748
0.0348,53.6388,0.036345
0.0348,53.7625,0.067504
0.0348,53.8863,0.05648
0.0348,54.01,0.050722
0.0348,54.1338,0.051072
0.0348,54.2575,0.055741
0.0348,54.3813,0.065251
0.0348,54.505,0.056031
0.0348,54.6288,0.063426
0.0348,54.7525,0.06326
0.0348,54.8763,0.032803
0.0348,55.0,0.072027
0.0435,18.0,0.054583
0.0435,18.1237,0.060084
0.0435,18.2475,0.041152
0.0435,18.3712,0.047594
0.0435,18.495,0.051232
0.0435,18.6187,0.020682
0.0435,18.7425,0.064977
0.0435,18.8662,0.062462
0.0435,18.99,0.042504
0.0435,19.1137,0.078665
0.0435,19.2375,0.054955
0.0435,19.3612,0.060048
0.0435,19.4849,0.058592
0.0435,19.6087,0.081284
0.0435,19.7324,0.087288
0.0435,19.8562,0.065432
0.0435,19.9799,0.055262
0.0435,20.1037,0.084287
0.0435,20.2274,0.068308
0.0435,20.3512,0.096005
0.0435,20.4749,0.095778
0.0435,20.5987,0.069432
0.0435,20.7224,0.090948
0.0435,20.8462,0.08181
0.0435,20.9699,0.058798
0.0435,21.0936,0.078955
0.0435,21.2174,0.080444
0.0435,21.3411,0.083613
0.0435,21.4649,0.079907
0.0435,21.5886,0.07652
0.0435,21.7124,0.079363
0.0435,21.8361,0.074316
0.0435,21.9599,0.06007
0.0435,22.0836,0.073159
0.0435,22.2074,0.058828
0.0435,22.3311,0.081614
0.0435,22.4548,0.072577
0.0435,22.5786,0.067479
0.0435,22.7023,0.06598
0.0435,22.8261,0.03919
0.0435,22.9498,0.040235
0.0435,23.0736,0.049654
0.0435,23.1973,0.052823
0.0435,23.3211,0.059018
0.0435,23.4448,0.080509
0.0435,23.5686,0.111442
0.0435,23.6923,0.160678
0.0435,23.8161,0.226481
0.0435,23.9398,0.389416
0.0435,24.0635,0.545441
0.0435,24.1873,0.769976
0.0435,24.311,0.957965
0.0435,24.4348,1.083542
0.0435,24.5585,1.094354
0.0435,24.6823,0.999064
0.0435,24.806,0.842681
0.0435,24.9298,0.625458
0.0435,25.0535,0.449856
0.0435,25.1773,0.292843
0.0435,25.301,0.188488
0.0435,25.4247,0.131955
0.0435,25.5485,0.093554
0.0435,25.6722,0.113615
0.0435,25.796,0.085882
0.0435,25.9197,0.080912
0.0435,26.0435,0.092155
0.0435,26.1672,0.075634
0.0435,26.291,0.081752
0.0435,26.4147,0.074794
0.0435,26.5385,0.091959
0.0435,26.6622,0.067316
0.0435,26.786,0.100702
0.0435,26.9097,0.068765
0.0435,27.0334,0.094826
0.0435,27.1572,0.078334
0.0435,27.2809,0.077337
0.0435,27.4047,0.068301
0.0435,27.5284,0.08807
0.0435,27.6522,0.06446
0.0435,27.7759,0.050367
0.0435,27.8997,0.075284
0.0435,28.0234,0.047073
0.0435,28.1472,0.054647
0.0435,28.2709,0.066943
0.0435,28.3946,0.06697
0.0435,28.5184,0.073627
0.0435,28.6421,0.058274
0.0435,28.7659,0.070703
0.0435,28.8896,0.028612
0.0435,29.0134,0.053059
0.0435,29.1371,0.038787
0.0435,29.2609,0.061419
0.0435,29.3846,0.027601
0.0435,29.5084,0.068095
0.0435,29.6321,0.063364
0.0435,29.7559,0.055109
0.0435,29.8796,0.028218
0.0435,30.0033,0.078698
0.0435,30.1271,0.049701
0.0435,30.2508,0.054073
0.0435,30.3746,0.069782
0.0435,30.4983,0.065431
0.0435,30.6221,0.046332
0.0435,30.7458,0.052488
0.0435,30.8696,0.040119
0.0435,30.9933,0.021783
0.0435,31.1171,0.063647
0.0435,31.2408,0.062527
0.0435,31.3645,0.082817
0.0435,31.4883,0.067917
0.0435,31.612,0.053009
0.0435,31.7358,0.042347
0.0435,31.8595,0.075127
0.0435,31.9833,0.077151
0.0435,32.107,0.083623
0.0435,32.2308,0.071851
0.0435,32.3545,0.069957
0.0435,32.4783,0.080794
0.0435,32.602,0.090302
0.0435,32.7258,0.089756
0.0435,32.8495,0.084186
0.0435,32.9732,0.090803
0.0435,33.097,0.079191
0.0435,33.2207,0.08337
0.0435,33.3445,0.076372
0.0435,33.4682,0.11519
0.0435,33.592,0.122558
0.0435,33.7157,0.106835
0.0435,33.8395,0.17154
0.0435,33.9632,0.189542
0.0435,34.087,0.261667
0.0435,34.2107,0.305872
0.0435,34.3344,0.416342
0.0435,34.4582,0.478528
0.0435,34.5819,0.591024
0.0435,34.7057,0.636368
0.0435,34.8294,0.722491
0.0435,34.9532,0.763455
0.0435,35.0769,0.745187
0.0435,35.2007,0.718266
0.0435,35.3244,0.681119
0.0435,35.4482,0.605137
0.0435,35.5719,0.510035
0.0435,35.6957,0.418505
0.0435,35.8194,0.338323
0.0435,35.9431,0.24053
0.0435,36.0669,0.183313
0.0435,36.1906,0.140295
0.0435,36.3144,0.109317
0.0435,36.4381,0.081042
0.0435,36.5619,0.072784
0.0435,36.6856,0.057548
0.0435,36.8094,0.052794
0.0435,36.9331,0.043373
0.0435,37.0569,0.063268
0.0435,37.1806,0.044619
0.0435,37.3043,0.070335
0.0435,37.4281,0.080754
0.0435,37.5518,0.073265
0.0435,37.6756,0.053964
0.0435,37.7993,0.066272
0.0435,37.9231,0.072851
0.0435,38.0468,0.063333
0.0435,38.1706,0.070885
0.0435,38.2943,0.080029
0.0435,38.4181,0.064065
0.0435,38.5418,0.077349
0.0435,38.6656,0.105043
0.0435,38.7893,0.070283
0.0435,38.913,0.072602
0.0435,39.0368,0.110257
0.0435,39.1605,0.118273
0.0435,39.2843,0.076379
0.0435,39.408,0.085247
0.0435,39.5318,0.082459
0.0435,39.6555,0.082999
0.0435,39.7793,0.076227
0.0435,39.903,0.068676
0.0435,40.0268,0.048775
0.0435,40.1505,0.061931
0.0435,40.2742,0.055565
0.0435,40.398,0.029753
0.0435,40.5217,0.072842
0.0435,40.6455,0.052338
0.0435,40.7692,0.061223
0.0435,40.893,0.049687
0.0435,41.0167,0.044449
0.0435,41.1405,0.052078
0.0435,41.2642,0.023646
0.0435,41.388,0.042383
0.0435,41.5117,0.053668
0.0435,41.6355,0.047739
0.0435,41.7592,0.022128
0.0435,41.8829,0.056478
0.0435,42.0067,0.056492
0.0435,42.1304,0.037406
0.0435,42.2542,0.039919
0.0435,42.3779,0.066031
0.0435,42.5017,0.041032
0.0435,42.6254,0.050671
0.0435,42.7492,0.080856
0.0435,42.8729,0.048186
0.0435,42.9967,0.059135
0.0435,43.1204,0.059802
0.0435,43.2441,0.072623
0.0435,43.3679,0.073765
0.0435,43.4916,0.079796
0.0435,43.6154,0.049804
0.0435,43.7391,0.076976
0.0435,43.8629,0.068833
0.0435,43.9866,0.077999
0.0435,44.1104,0.077886
0.0435,44.2341,0.086161
0.0435,44.3579,0.069438
0.0435,44.4816,0.090994
0.0435,44.6054,0.086109
0.0435,44.7291,0.075746
0.0435,44.8528,0.08228
0.0435,44.9766,0.094049
0.0435,45.1003,0.088074
0.0435,45.2241,0.082125
0.0435,45.3478,0.068229
0.0435,45.4716,0.073946
0.0435,45.5953,0.083776
0.0435,45.7191,0.084207
0.0435,45.8428,0.107876
0.0435,45.9666,0.125556
0.0435,46.0903,0.133438
0.0435,46.214,0.193289
0.0435,46.3378,0.224116
0.0435,46.4615,0.219999
0.0435,46.5853,0.273051
0.0435,46.709,0.289716
0.0435,46.8328,0.278495
0.0435,46.9565,0.292405
0.0435,47.0803,0.251444
0.0435,47.204,0.210747
0.0435,47.3278,0.168189
0.0435,47.4515,0.156794
0.0435,47.5753,0.097052
0.0435,47.699,0.091773
0.0435,47.8227,0.094302
0.0435,47.9465,0.053222
0.0435,48.0702,0.06532
0.0435,48.194,0.025268
0.0435,48.3177,0.048659
0.0435,48.4415,0.062955
0.0435,48.5652,0.056112
0.0435,48.689,0.016545
0.0435,48.8127,0.043443
0.0435,48.9365,0.076966
0.0435,49.0602,0.066655
0.0435,49.1839,0.050854
0.0435,49.3077,0.072892
0.0435,49.4314,0.043382
0.0435,49.5552,0.085986
0.0435,49.6789,0.060638
0.0435,49.8027,0.079692
0.0435,49.9264,0.059538
0.0435,50.0502,0.045236
0.0435,50.1739,0.065665
0.0435,50.2977,0.080685
0.0435,50.4214,0.084864
0.0435,50.5452,0.07751
0.0435,50.6689,0.089341
0.0435,50.7926,0.07158
0.0435,50.9164,0.07224
0.0435,51.0401,0.070344
0.0435,51.1639,0.063421
0.0435,51.2876,0.094561
0.0435,51.4114,0.085006
0.0435,51.5351,0.074755
0.0435,51.6589,0.093623
0.0435,51.7826,0.079503
0.0435,51.9064,0.056772
0.0435,52.0301,0.080893
0.0435,52.1538,0.061013
0.0435,52.2776,0.090514
0.0435,52.4013,0.061281
0.0435,52.5251,0.078773
0.0435,52.6488,0.032313
0.0435,52.7726,0.067018
0.0435,52.8963,0.018891
0.0435,53.0201,0.077623
0.0435,53.1438,0.042538
0.0435,53.2676,0.042583
0.0435,53.3913,0.031773
0.0435,53.5151,0.033218
0.0435,53.6388,0.024687
0.0435,53.7625,0.043836
0.0435,53.8863,0.056671
0.0435,54.01,0.037771
0.0435,54.1338,0.057728
0.0435,54.2575,0.062936
0.0435,54.3813,0.056997
0.0435,54.505,0.046996
0.0435,54.6288,0.060991
0.0435,54.7525,0.056203
0.0435,54.8763,0.051892
0.0435,55.0,0.061575
0.0522,18.0,0.053877
0.0522,18.1237,0.063358
0.0522,18.2475,0.041763
0.0522,18.3712,0.038193
0.0522,18.495,0.061242
0.0522,18.6187,0.050186
0.0522,18.7425,0.046158
0.0522,18.8662,0.049315
0.0522,18.99,0.058009
0.0522,19.1137,0.053402
0.0522,19.2375,0.06644
0.0522,19.3612,0.07192
0.0522,19.4849,0.070313
0.0522,19.6087,0.078374
0.0522,19.7324,0.062834
0.0522,19.8562,0.070879
0.0522,19.9799,0.06046
0.0522,20.1037,0.083193
0.0522,20.2274,0.068616
0.0522,20.3512,0.054724
0.0522,20.4749,0.086734
0.0522,20.5987,0.079223
0.0522,20.7224,0.059162
0.0522,20.8462,0.075405
0.0522,20.9699,0.088649
0.0522,21.0936,0.075999
0.0522,21.2174,0.085231
0.0522,21.3411,0.085558
0.0522,21.4649,0.082469
0.0522,21.5886,0.058953
0.0522,21.7124,0.076635
0.0522,21.8361,0.0759
0.0522,21.9599,0.045291
0.0522,22.0836,0.052163
0.0522,22.2074,0.035979
0.0522,22.3311,0.058251
0.0522,22.4548,0.060781
0.0522,22.5786,0.048668
0.0522,22.7023,0.053411
0.0522,22.8261,0.06783
0.0522,22.9498,0.024977
0.0522,23.0736,0.064742
0.0522,23.1973,0.03697
0.0522,23.3211,0.053426
0.0522,23.4448,0.062394
0.0522,23.5686,0.088176
0.0522,23.6923,0.127697
0.0522,23.8161,0.216138
0.0522,23.9398,0.354796
0.0522,24.0635,0.526604
0.0522,24.1873,0.694742
0.0522,24.311,0.920959
0.0522,24.4348,1.06179
0.0522,24.5585,1.096345
0.0522,24.6823,1.009406
0.0522,24.806,0.887817
0.0522,24.9298,0.675766
0.0522,25.0535,0.465887
0.0522,25.1773,0.320492
0.0522,25.301,0.205954
0.0522,25.4247,0.155675
0.0522,25.5485,0.094494
0.0522,25.6722,0.089763
0.0522,25.796,0.098424
0.0522,25.9197,0.077041
0.0522,26.0435,0.063777
0.0522,26.1672,0.077011
0.0522,26.291,0.090488
0.0522,26.4147,0.059677
0.0522,26.5385,0.084631
0.0522,26.6622,0.090918
0.0522,26.786,0.103317
0.0522,26.9097,0.102004
0.0522,27.0334,0.084321
0.0522,27.1572,0.082264
0.0522,27.2809,0.091068
0.0522,27.4047,0.088569
0.0522,27.5284,0.049908
0.0522,27.6522,0.076625
0.0522,27.7759,0.092892
0.0522,27.8997,0.059146
0.0522,28.0234,0.062114
0.0522,28.1472,0.052776
0.0522,28.2709,0.073513
0.0522,28.3946,0.06031
0.0522,28.5184,0.046007
0.0522,28.6421,0.030621
0.0522,28.7659,0.084557
0.0522,28.8896,0.052036
0.0522,29.0134,0.033466
0.0522,29.1371,0.040988
0.0522,29.2609,0.051414
0.0522,29.3846,0.030437
0.0522,29.5084,0.017559
0.0522,29.6321,0.024896
0.0522,29.7559,0.053304
0.0522,29.8796,0.045993
0.0522,30.0033,0.046423
0.0522,30.1271,0.054713
0.0522,30.2508,0.02594
0.0522,30.3746,0.039141
0.0522,30.4983,0.05432
0.0522,30.6221,0.042211
0.0522,30.7458,0.079521
0.0522,30.8696,0.059833
0.0522,30.9933,0.057569
0.0522,31.1171,0.055029
0.0522,31.2408,0.046504
0.0522,31.3645,0.049433
0.0522,31.4883,0.071185
0.0522,31.612,0.036474
0.0522,31.7358,0.076659
0.0522,31.8595,0.071091
0.0522,31.9833,0.045543
0.0522,32.107,0.072841
0.0522,32.2308,0.078901
0.0522,32.3545,0.066326
0.0522,32.4783,0.084159
0.0522,32.602,0.074065
0.0522,32.7258,0.086375
0.0522,32.8495,0.074974
0.0522,32.9732,0.086204
0.0522,33.097,0.085908
0.0522,33.2207,0.062436
0.0522,33.3445,0.092055
0.0522,33.4682,0.074047
0.0522,33.592,0.097619
0.0522,33.7157,0.122307
0.0522,33.8395,0.151955
0.0522,33.9632,0.199288
0.0522,34.087,0.238707
0.0522,34.2107,0.310875
0.0522,34.3344,0.394773
0.0522,34.4582,0.468341
0.0522,34.5819,0.577329
0.0522,34.7057,0.659413
0.0522,34.8294,0.716783
0.0522,34.9532,0.723599
0.0522,35.0769,0.750949
0.0522,35.2007,0.719093
0.0522,35.3244,0.667456
0.0522,35.4482,0.617397
0.0522,35.5719,0.508368
0.0522,35.6957,0.41233
0.0522,35.8194,0.322392
0.0522,35.9431,0.259689
0.0522,36.0669,0.184266
0.0522,36.1906,0.172282
0.0522,36.3144,0.097319
0.0522,36.4381,0.094094
0.0522,36.5619,0.064053
0.0522,36.6856,0.057971
0.0522,36.8094,0.05336
0.0522,36.9331,0.065149
0.0522,37.0569,0.080927
0.0522,37.1806,0.060576
0.0522,37.3043,0.055313
0.0522,37.4281,0.0687
0.0522,37.5518,0.07342
0.0522,37.6756,0.065348
0.0522,37.7993,0.078292
0.0522,37.9231,0.068193
0.0522,38.0468,0.070543
0.0522,38.1706,0.082929
0.0522,38.2943,0.064648
0.0522,38.4181,0.072475
0.0522,38.5418,0.086179
0.0522,38.6656,0.087801
0.0522,38.7893,0.109662
0.0522,38.913,0.086604
0.0522,39.0368,0.086778
0.0522,39.1605,0.086326
0.0522,39.2843,0.092145
0.0522,39.408,0.06334
0.0522,39.5318,0.083271
0.0522,39.6555,0.084767
0.0522,39.7793,0.077215
0.0522,39.903,0.086653
0.0522,40.0268,0.092761
0.0522,40.1505,0.067186
0.0522,40.2742,0.029661
0.0522,40.398,0.084136
0.0522,40.5217,0.062026
0.0522,40.6455,0.048511
0.0522,40.7692,0.073247
0.0522,40.893,0.047723
0.0522,41.0167,0.057569
0.0522,41.1405,0.058551
0.0522,41.2642,0.063391
0.0522,41.388,0.058376
0.0522,41.5117,0.05826
0.0522,41.6355,0.060579
0.0522,41.7592,0.064539
0.0522,41.8829,0.030634
0.0522,42.0067,0.038373
0.0522,42.1304,0.044616
0.0522,42.2542,0.04731
0.0522,42.3779,0.05911
0.0522,42.5017,0.018068
0.0522,42.6254,0.051365
0.0522,42.7492,0.038062
0.0522,42.8729,0.05866
0.0522,42.9967,0.057403
0.0522,43.1204,0.055271
0.0522,43.2441,0.043113
0.0522,43.3679,0.063608
0.0522,43.4916,0.052872
0.0522,43.6154,0.090754
0.0522,43.7391,0.077704
0.0522,43.8629,0.065648
0.0522,43.9866,0.061704
0.0522,44.1104,0.069268
0.0522,44.2341,0.078951
0.0522,44.3579,0.088849
0.0522,44.4816,0.087016
0.0522,44.6054,0.068502
0.0522,44.7291,0.056213
0.0522,44.8528,0.087548
0.0522,44.9766,0.06298
0.0522,45.1003,0.059802
0.0522,45.2241,0.06676
0.0522,45.3478,0.064448
0.0522,45.4716,0.091817
0.0522,45.5953,0.083878
0.0522,45.7191,0.077842
0.0522,45.8428,0.12936
0.0522,45.9666,0.103255
0.0522,46.0903,0.150398
0.0522,46.214,0.166099
0.0522,46.3378,0.206672
0.0522,46.4615,0.252798
0.0522,46.5853,0.283121
0.0522,46.709,0.295942
0.0522,46.8328,0.297189
0.0522,46.9565,0.2824
0.0522,47.0803,0.265145
0.0522,47.204,0.206515
0.0522,47.3278,0.193191
0.0522,47.4515,0.15053
0.0522,47.5753,0.096771
0.0522,47.699,0.091921
0.0522,47.8227,0.074483
0.0522,47.9465,0.065895
0.0522,48.0702,0.043323
0.0522,48.194,0.047966
0.0522,48.3177,0.041593
0.0522,48.4415,0.035452
0.0522,48.5652,0.028181
0.0522,48.689,0.037355
0.0522,48.8127,0.042891
0.0522,48.9365,0.052923
0.0522,49.0602,0.053452
0.0522,49.1839,0.049
0.0522,49.3077,0.060203
0.0522,49.4314,0.056258
0.0522,49.5552,0.091707
0.0522,49.6789,0.060448
0.0522,49.8027,0.045306
0.0522,49.9264,0.074352
0.0522,50.0502,0.087421
0.0522,50.1739,0.08435
0.0522,50.2977,0.079642
0.0522,50.4214,0.084654
0.0522,50.5452,0.065801
0.0522,50.6689,0.080375
0.0522,50.7926,0.069956
0.0522,50.9164,0.088485
0.0522,51.0401,0.087356
0.0522,51.1639,0.073648
0.0522,51.2876,0.075218
0.0522,51.4114,0.061965
0.0522,51.5351,0.073513
0.0522,51.6589,0.061832
0.0522,51.7826,0.053191
0.0522,51.9064,0.041266
0.0522,52.0301,0.095926
0.0522,52.1538,0.087919
0.0522,52.2776,0.063804
0.0522,52.4013,0.04435
0.0522,52.5251,0.049068
0.0522,52.6488,0.069227
0.0522,52.7726,0.040787
0.0522,52.8963,0.044087
0.0522,53.0201,0.040443
0.0522,53.1438,0.050982
0.0522,53.2676,0.06953
0.0522,53.3913,0.055817
0.0522,53.5151,0.045375
0.0522,53.6388,0.047429
0.0522,53.7625,0.070143
0.0522,53.8863,0.028233
0.0522,54.01,0.043248
0.0522,54.1338,0.018943
0.0522,54.2575,0.059197
0.0522,54.3813,0.032034
0.0522,54.505,0.035399
0.0522,54.6288,0.063591
0.0522,54.7525,0.029516
0.0522,54.8763,0.075832
0.0522,55.0,0.050944
0.0609,18.0,0.037764
0.0609,18.1237,0.058788
0.0609,18.2475,0.040823
0.0609,18.3712,0.056476
0.0609,18.495,0.06214
0.0609,18.6187,0.045631
0.0609,18.7425,0.037893
0.0609,18.8662,0.044368
0.0609,18.99,0.06931
0.0609,19.1137,0.030775
0.0609,19.2375,0.051958
0.0609,19.3612,0.059168
0.0609,19.4849,0.07554
0.0609,19.6087,0.082675
0.0609,19.7324,0.087307
0.0609,19.8562,0.090448
0.0609,19.9799,0.094857
0.0609,20.1037,0.080831
0.0609,20.2274,0.088747
0.0609,20.3512,0.095187
0.0609,20.4749,0.069579
0.0609,20.5987,0.080912
0.0609,20.7224,0.100626
0.0609,20.8462,0.086387
0.0609,20.9699,0.084286
0.0609,21.0936,0.082164
0.0609,21.2174,0.073339
0.0609,21.3411,0.068457
0.0609,21.4649,0.083622
0.0609,21.5886,0.063583
0.0609,21.7124,0.094333
0.0609,21.8361,0.069008
0.0609,21.9599,0.06768
0.0609,22.0836,0.039026
0.0609,22.2074,0.062061
0.0609,22.3311,0.04792
0.0609,22.4548,0.033471
0.0609,22.5786,0.059186
0.0609,22.7023,0.049479
0.0609,22.8261,0.038871
0.0609,22.9498,0.069209
0.0609,23.0736,0.090389
0.0609,23.1973,0.029083
0.0609,23.3211,0.067747
0.0609,23.4448,0.064395
0.0609,23.5686,0.044157
0.0609,23.6923,0.132339
0.0609,23.8161,0.191513
0.0609,23.9398,0.318687
0.0609,24.0635,0.504841
0.0609,24.1873,0.684974
0.0609,24.311,0.911626
0.0609,24.4348,1.042082
0.0609,24.5585,1.111058
0.0609,24.6823,1.037301
0.0609,24.806,0.92083
0.0609,24.9298,0.721088
0.0609,25.0535,0.508986
0.0609,25.1773,0.327623
0.0609,25.301,0.211382
0.0609,25.4247,0.148947
0.0609,25.5485,0.100698
0.0609,25.6722,0.082285
0.0609,25.796,0.098272
0.0609,25.9197,0.104352
0.0609,26.0435,0.088655
0.0609,26.1672,0.087651
0.0609,26.291,0.112714
0.0609,26.4147,0.063998
0.0609,26.5385,0.091183
0.0609,26.6622,0.063385
0.0609,26.786,0.077831
0.0609,26.9097,0.085428
0.0609,27.0334,0.077437
0.0609,27.1572,0.080149
0.0609,27.2809,0.068292
0.0609,27.4047,0.061583
0.0609,27.5284,0.071645
0.0609,27.6522,0.079609
0.0609,27.7759,0.05772
0.0609,27.8997,0.065655
0.0609,28.0234,0.044772
0.0609,28.1472,0.048422
0.0609,28.2709,0.058579
0.0609,28.3946,0.066299
0.0609,28.5184,0.053224
0.0609,28.6421,0.066372
0.0609,28.7659,0.034418
0.0609,28.8896,0.040033
0.0609,29.0134,0.054174
0.0609,29.1371,0.059367
0.0609,29.2609,0.01514
0.0609,29.3846,0.046114
0.0609,29.5084,0.066415
0.0609,29.6321,0.033579
0.0609,29.7559,0.039878
0.0609,29.8796,0.056964
0.0609,30.0033,0.052857
0.0609,30.1271,0.037856
0.0609,30.2508,0.04495
0.0609,30.3746,0.063197
0.0609,30.4983,0.030853
0.0609,30.6221,0.046855
0.0609,30.7458,0.06524
0.0609,30.8696,0.053386
0.0609,30.9933,0.034926
0.0609,31.1171,0.062707
0.0609,31.2408,0.070656
0.0609,31.3645,0.067697
0.0609,31.4883,0.062284
0.0609,31.612,0.066494
0.0609,31.7358,0.073968
0.0609,31.8595,0.065965
0.0609,31.9833,0.057079
0.0609,32.107,0.087346
0.0609,32.2308,0.066671
0.0609,32.3545,0.078038
0.0609,32.4783,0.101072
0.0609,32.602,0.072606
0.0609,32.7258,0.07866
0.0609,32.8495,0.080075
0.0609,32.9732,0.068081
0.0609,33.097,0.090818
0.0609,33.2207,0.091998
0.0609,33.3445,0.085594
0.0609,33.4682,0.111044
0.0609,33.592,0.106259
0.0609,33.7157,0.117073
0.0609,33.8395,0.162483
0.0609,33.9632,0.21241
0.0609,34.087,0.247713
0.0609,34.2107,0.330344
0.0609,34.3344,0.399612
0.0609,34.4582,0.509278
0.0609,34.5819,0.569642
0.0609,34.7057,0.64337
0.0609,34.8294,0.697692
0.0609,34.9532,0.715201
0.0609,35.0769,0.736971
0.0609,35.2007,0.698507
0.0609,35.3244,0.64142
0.0609,35.4482,0.59432
0.0609,35.5719,0.490029
0.0609,35.6957,0.401883
0.0609,35.8194,0.31651
0.0609,35.9431,0.234612
0.0609,36.0669,0.160556
0.0609,36.1906,0.147427
0.0609,36.3144,0.114611
0.0609,36.4381,0.088328
0.0609,36.5619,0.064002
0.0609,36.6856,0.052919
0.0609,36.8094,0.068947
0.0609,36.9331,0.042707
0.0609,37.0569,0.074536
0.0609,37.1806,0.080057
0.0609,37.3043,0.057295
0.0609,37.4281,0.050611
0.0609,37.5518,0.083543
0.0609,37.6756,0.055587
0.0609,37.7993,0.06984
0.0609,37.9231,0.067933
0.0609,38.0468,0.07814
0.0609,38.1706,0.091738
0.0609,38.2943,0.080467
0.0609,38.4181,0.067737
0.0609,38.5418,0.083104
0.0609,38.6656,0.079747
0.0609,38.7893,0.074183
0.0609,38.913,0.063713
0.0609,39.0368,0.101553
0.0609,39.1605,0.076255
0.0609,39.2843,0.056341
0.0609,39.408,0.079618
0.0609,39.5318,0.078085
0.0609,39.6555,0.04962
0.0609,39.7793,0.05055
0.0609,39.903,0.058184
0.0609,40.0268,0.07117
0.0609,40.1505,0.040747
0.0609,40.2742,0.042636
0.0609,40.398,0.057989
0.0609,40.5217,0.03956
0.0609,40.6455,0.077966
0.0609,40.7692,0.055097
0.0609,40.893,0.058608
0.0609,41.0167,0.054096
0.0609,41.1405,0.043146
0.0609,41.2642,0.029252
0.0609,41.388,0.065827
0.0609,41.5117,0.05301
0.0609,41.6355,0.032817
0.0609,41.7592,0.049057
0.0609,41.8829,0.021145
0.0609,42.0067,0.056473
0.0609,42.1304,0.039963
0.0609,42.2542,0.032655
0.0609,42.3779,0.036574
0.0609,42.5017,0.062921
0.0609,42.6254,0.064252
0.0609,42.7492,0.070922
0.0609,42.8729,0.068339
0.0609,42.9967,0.081064
0.0609,43.1204,0.056725
0.0609,43.2441,0.063547
0.0609,43.3679,0.054482
0.0609,43.4916,0.062875
0.0609,43.6154,0.084284
0.0609,43.7391,0.062391
0.0609,43.8629,0.089046
0.0609,43.9866,0.074253
0.0609,44.1104,0.071561
0.0609,44.2341,0.088716
0.0609,44.3579,0.069584
0.0609,44.4816,0.064043
0.0609,44.6054,0.08266
0.0609,44.7291,0.066736
0.0609,44.8528,0.083364
0.0609,44.9766,0.082379
0.0609,45.1003,0.072207
0.0609,45.2241,0.069793
0.0609,45.3478,0.090683
0.0609,45.4716,0.072824
0.0609,45.5953,0.079745
0.0609,45.7191,0.073685
0.0609,45.8428,0.12109
0.0609,45.9666,0.100528
0.0609,46.0903,0.157044
0.0609,46.214,0.160822
0.0609,46.3378,0.205375
0.0609,46.4615,0.243478
0.0609,46.5853,0.258519
0.0609,46.709,0.29026
0.0609,46.8328,0.303401
0.0609,46.9565,0.283442
0.0609,47.0803,0.242462
0.0609,47.204,0.224646
0.0609,47.3278,0.164707
0.0609,47.4515,0.131361
0.0609,47.5753,0.115839
0.0609,47.699,0.080196
0.0609,47.8227,0.077825
0.0609,47.9465,0.085574
0.0609,48.0702,0.04183
0.0609,48.194,0.061898
0.0609,48.3177,0.058416
0.0609,48.4415,0.047987
0.0609,48.5652,0.039101
0.0609,48.689,0.072076
0.0609,48.8127,0.042684
0.0609,48.9365,0.05633
0.0609,49.0602,0.054606
0.0609,49.1839,0.050277
0.0609,49.3077,0.052246
0.0609,49.4314,0.073531
0.0609,49.5552,0.06554
0.0609,49.6789,0.057218
0.0609,49.8027,0.071577
0.0609,49.9264,0.082159
0.0609,50.0502,0.061393
0.0609,50.1739,0.083892
0.0609,50.2977,0.083584
0.0609,50.4214,0.075465
0.0609,50.5452,0.078523
0.0609,50.6689,0.072703
0.0609,50.7926,0.085631
0.0609,50.9164,0.063558
0.0609,51.0401,0.080357
0.0609,51.1639,0.055703
0.0609,51.2876,0.076226
0.0609,51.4114,0.075055
0.0609,51.5351,0.078816
0.0609,51.6589,0.094653
0.0609,51.7826,0.076052
0.0609,51.9064,0.088649
0.0609,52.0301,0.063577
0.0609,52.1538,0.071629
0.0609,52.2776,0.049979
0.0609,52.4013,0.067023
0.0609,52.5251,0.053633
0.0609,52.6488,0.067763
0.0609,52.7726,0.065806
0.0609,52.8963,0.056605
0.0609,53.0201,0.053078
0.0609,53.1438,0.035586
0.0609,53.2676,0.040112
0.0609,53.3913,0.055095
0.0609,53.5151,0.054687
0.0609,53.6388,0.056602
0.0609,53.7625,0.048071
0.0609,53.8863,0.046472
0.0609,54.01,0.052862
0.0609,54.1338,0.047039
0.0609,54.2575,0.068842
0.0609,54.3813,0.072424
0.0609,54.505,0.051899
0.0609,54.6288,0.054264
0.0609,54.7525,0.063322
0.0609,54.8763,0.032122
0.0609,55.0,0.045431
0.0696,18.0,0.043422
0.0696,18.1237,0.060594
0.0696,18.2475,0.037585
0.0696,18.3712,0.062034
0.0696,18.495,0.040305
0.0696,18.6187,0.053329
0.0696,18.7425,0.060845
0.0696,18.8662,0.076751
0.0696,18.99,0.050226
0.0696,19.1137,0.084094
0.0696,19.2375,0.059142
0.0696,19.3612,0.067884
0.0696,19.4849,0.06392
0.0696,19.6087,0.067439
0.0696,19.7324,0.075078
0.0696,19.8562,0.057165
0.0696,19.9799,0.049419
0.0696,20.1037,0.064753
0.0696,20.2274,0.08601
0.0696,20.3512,0.072575
0.0696,20.4749,0.082821
0.0696,20.5987,0.086539
0.0696,20.7224,0.082077
0.0696,20.8462,0.071276
0.0696,20.9699,0.078709
0.0696,21.0936,0.088194
0.0696,21.2174,0.063611
0.0696,21.3411,0.055882
0.0696,21.4649,0.053662
0.0696,21.5886,0.058559
0.0696,21.7124,0.049767
0.0696,21.8361,0.06838
0.0696,21.9599,0.07583
0.0696,22.0836,0.069296
0.0696,22.2074,0.074892
0.0696,22.3311,0.072423
0.0696,22.4548,0.055498
0.0696,22.5786,0.043047
0.0696,22.7023,0.059521
0.0696,22.8261,0.023467
0.0696,22.9498,0.060488
0.0696,23.0736,0.057867
0.0696,23.1973,0.053421
0.0696,23.3211,0.060002
0.0696,23.4448,0.052619
0.0696,23.5686,0.087637
0.0696,23.6923,0.130365
0.0696,23.8161,0.172704
0.0696,23.9398,0.292116
0.0696,24.0635,0.458395
0.0696,24.1873,0.652338
0.0696,24.311,0.865874
0.0696,24.4348,1.038979
0.0696,24.5585,1.108027
0.0696,24.6823,1.055586
0.0696,24.806,0.951611
0.0696,24.9298,0.782056
0.0696,25.0535,0.557311
0.0696,25.1773,0.354547
0.0696,25.301,0.245796
0.0696,25.4247,0.147063
0.0696,25.5485,0.110056
0.0696,25.6722,0.092837
0.0696,25.796,0.076691
0.0696,25.9197,0.07642
0.0696,26.0435,0.073248
0.0696,26.1672,0.085132
0.0696,26.291,0.075937
0.0696,26.4147,0.084193
0.0696,26.5385,0.085064
0.0696,26.6622,0.065113
0.0696,26.786,0.091927
0.0696,26.9097,0.081292
0.0696,27.0334,0.070559
0.0696,27.1572,0.102375
0.0696,27.2809,0.040756
0.0696,27.4047,0.068509
0.0696,27.5284,0.059793
0.0696,27.6522,0.078692
0.0696,27.7759,0.065296
0.0696,27.8997,0.053629
0.0696,28.0234,0.050353
0.0696,28.1472,0.058739
0.0696,28.2709,0.075079
0.0696,28.3946,0.048618
0.0696,28.5184,0.036703
0.0696,28.6421,0.050034
0.0696,28.7659,0.056017
0.0696,28.8896,0.043586
0.0696,29.0134,0.052862
0.0696,29.1371,0.041238
0.0696,29.2609,0.035902
0.0696,29.3846,0.061303
0.0696,29.5084,0.047648
0.0696,29.6321,0.04059
0.0696,29.7559,0.046366
0.0696,29.8796,0.044293
0.0696,30.0033,0.042847
0.0696,30.1271,0.04239
0.0696,30.2508,0.049527
0.0696,30.3746,0.057923
0.0696,30.4983,0.046378
0.0696,30.6221,0.049026
0.0696,30.7458,0.062428
0.0696,30.8696,0.068725
0.0696,30.9933,0.084981
0.0696,31.1171,0.084505
0.0696,31.2408,0.046765
0.0696,31.3645,0.085002
0.0696,31.4883,0.087933
0.0696,31.612,0.091147
0.0696,31.7358,0.072993
0.0696,31.8595,0.058401
0.0696,31.9833,0.079429
0.0696,32.107,0.069989
0.0696,32.2308,0.089617
0.0696,32.3545,0.108501
0.0696,32.4783,0.069741
0.0696,32.602,0.067189
0.0696,32.7258,0.077299
0.0696,32.8495,0.07229
0.0696,32.9732,0.069948
0.0696,33.097,0.06713
0.0696,33.2207,0.065482
0.0696,33.3445,0.077113
0.0696,33.4682,0.091129
0.0696,33.592,0.12352
0.0696,33.7157,0.123084
0.0696,33.8395,0.133744
0.0696,33.9632,0.210052
0.0696,34.087,0.274023
0.0696,34.2107,0.30133
0.0696,34.3344,0.423306
0.0696,34.4582,0.502504
0.0696,34.5819,0.601787
0.0696,34.7057,0.645211
0.0696,34.8294,0.706351
0.0696,34.9532,0.723741
0.0696,35.0769,0.722584
0.0696,35.2007,0.722087
0.0696,35.3244,0.668852
0.0696,35.4482,0.593406
0.0696,35.5719,0.446739
0.0696,35.6957,0.392929
0.0696,35.8194,0.297594
0.0696,35.9431,0.235111
0.0696,36.0669,0.166599
0.0696,36.1906,0.138352
0.0696,36.3144,0.093201
0.0696,36.4381,0.082278
0.0696,36.5619,0.092516
0.0696,36.6856,0.036341
0.0696,36.8094,0.062831
0.0696,36.9331,0.065115
0.0696,37.0569,0.074198
0.0696,37.1806,0.098047
0.0696,37.3043,0.059113
0.0696,37.4281,0.055894
0.0696,37.5518,0.06512
0.0696,37.6756,0.078451
0.0696,37.7993,0.075616
0.0696,37.9231,0.069308
0.0696,38.0468,0.070067
0.0696,38.1706,0.094297
0.0696,38.2943,0.101457
0.0696,38.4181,0.081109
0.0696,38.5418,0.07641
0.0696,38.6656,0.058263
0.0696,38.7893,0.078373
0.0696,38.913,0.08317
0.0696,39.0368,0.083344
0.0696,39.1605,0.064354
0.0696,39.2843,0.090202
0.0696,39.408,0.084545
0.0696,39.5318,0.078895
0.0696,39.6555,0.074917
0.0696,39.7793,0.07522
0.0696,39.903,0.051598
0.0696,40.0268,0.062702
0.0696,40.1505,0.057059
0.0696,40.2742,0.056822
0.0696,40.398,0.089463
0.0696,40.5217,0.069045
0.0696,40.6455,0.043707
0.0696,40.7692,0.054306
0.0696,40.893,0.031102
0.0696,41.0167,0.045933
0.0696,41.1405,0.048533
0.0696,41.2642,0.047091
0.0696,41.388,0.057171
0.0696,41.5117,0.044107
0.0696,41.6355,0.050943
0.0696,41.7592,0.042952
0.0696,41.8829,0.039324
0.0696,42.0067,0.063753
0.0696,42.1304,0.0427
0.0696,42.2542,0.042716
0.0696,42.3779,0.055486
0.0696,42.5017,0.058089
0.0696,42.6254,0.064589
0.0696,42.7492,0.061659
0.0696,42.8729,0.067393
0.0696,42.9967,0.058932
0.0696,43.1204,0.048986
0.0696,43.2441,0.066049
0.0696,43.3679,0.040706
0.0696,43.4916,0.051373
0.0696,43.6154,0.062371
0.0696,43.7391,0.065876
0.0696,43.8629,0.100813
0.0696,43.9866,0.081919
0.0696,44.1104,0.074439
0.0696,44.2341,0.102384
0.0696,44.3579,0.076114
0.0696,44.4816,0.089425
0.0696,44.6054,0.07173
0.0696,44.7291,0.08113
0.0696,44.8528,0.109105
0.0696,44.9766,0.092261
0.0696,45.1003,0.07677
0.0696,45.2241,0.072394
0.0696,45.3478,0.109491
0.0696,45.4716,0.07879
0.0696,45.5953,0.099925
0.0696,45.7191,0.082645
0.0696,45.8428,0.083423
0.0696,45.9666,0.11867
0.0696,46.0903,0.13814
0.0696,46.214,0.202522
0.0696,46.3378,0.210095
0.0696,46.4615,0.265597
0.0696,46.5853,0.287298
0.0696,46.709,0.284232
0.0696,46.8328,0.287203
0.0696,46.9565,0.269434
0.0696,47.0803,0.251229
0.0696,47.204,0.229827
0.0696,47.3278,0.192307
0.0696,47.4515,0.140636
0.0696,47.5753,0.106858
0.0696,47.699,0.09529
0.0696,47.8227,0.063975
0.0696,47.9465,0.053456
0.0696,48.0702,0.042073
0.0696,48.194,0.051667
0.0696,48.3177,0.059051
0.0696,48.4415,0.051177
0.0696,48.5652,0.032724
0.0696,48.689,0.051092
0.0696,48.8127,0.053789
0.0696,48.9365,0.067824
0.0696,49.0602,0.071098
0.0696,49.1839,0.077912
0.0696,49.3077,0.07452
0.0696,49.4314,0.073539
0.0696,49.5552,0.066235
0.0696,49.6789,0.066099
0.0696,49.8027,0.055063
0.0696,49.9264,0.062631
0.0696,50.0502,0.104512
0.0696,50.1739,0.082332
0.0696,50.2977,0.082406
0.0696,50.4214,0.06969
0.0696,50.5452,0.087376
0.0696,50.6689,0.085709
0.0696,50.7926,0.09005
0.0696,50.9164,0.079999
0.0696,51.0401,0.088459
0.0696,51.1639,0.061485
0.0696,51.2876,0.075394
0.0696,51.4114,0.086066
0.0696,51.5351,0.070774
0.0696,51.6589,0.080641
0.0696,51.7826,0.08172
0.0696,51.9064,0.080751
0.0696,52.0301,0.051109
0.0696,52.1538,0.058775
0.0696,52.2776,0.048212
0.0696,52.4013,0.06819
0.0696,52.5251,0.070871
0.0696,52.6488,0.053955
0.0696,52.7726,0.045485
0.0696,52.8963,0.053256
0.0696,53.0201,0.031298
0.0696,53.1438,0.051276
0.0696,53.2676,0.060494
0.0696,53.3913,0.044595
0.0696,53.5151,0.039188
0.0696,53.6388,0.049235
0.0696,53.7625,0.013585
0.0696,53.8863,0.031248
0.0696,54.01,0.063863
0.0696,54.1338,0.060825
0.0696,54.2575,0.02514
0.0696,54.3813,0.07326
0.0696,54.505,0.022971
0.0696,54.6288,0.044804
0.0696,54.7525,0.058852
0.0696,54.8763,0.046041
0.0696,55.0,0.050287
0.0783,18.0,0.03711
0.0783,18.1237,0.027427
0.0783,18.2475,0.058954
0.0783,18.3712,0.001447
0.0783,18.495,0.036969
0.0783,18.6187,0.078522
0.0783,18.7425,0.076772
0.0783,18.8662,0.073955
0.0783,18.99,0.072222
0.0783,19.1137,0.072528
0.0783,19.2375,0.060471
0.0783,19.3612,0.090647
0.0783,19.4849,0.076413
0.0783,19.6087,0.069329
0.0783,19.7324,0.085912
0.0783,19.8562,0.054597
0.0783,19.9799,0.069377
0.0783,20.1037,0.080076
0.0783,20.2274,0.085251
0.0783,20.3512,0.078341
0.0783,20.4749,0.082868
0.0783,20.5987,0.080208
0.0783,20.7224,0.089737
0.0783,20.8462,0.097993
0.0783,20.9699,0.083539
0.0783,21.0936,0.068037
0.0783,21.2174,0.078495
0.0783,21.3411,0.076457
0.0783,21.4649,0.055419
0.0783,21.5886,0.079116
0.0783,21.7124,0.075871
0.0783,21.8361,0.049509
0.0783,21.9599,0.066657
0.0783,22.0836,0.062526
0.0783,22.2074,0.058356
0.0783,22.3311,0.061912
0.0783,22.4548,0.063533
0.0783,22.5786,0.050852
0.0783,22.7023,0.055115
0.0783,22.8261,0.052969
0.0783,22.9498,0.043408
0.0783,23.0736,0.053838
0.0783,23.1973,0.05663
0.0783,23.3211,0.029214
0.0783,23.4448,0.043063
0.0783,23.5686,0.077346
0.0783,23.6923,0.121446
0.0783,23.8161,0.146883
0.0783,23.9398,0.267185
0.0783,24.0635,0.420777
0.0783,24.1873,0.629648
0.0783,24.311,0.823401
0.0783,24.4348,1.022146
0.0783,24.5585,1.106693
0.0783,24.6823,1.079561
0.0783,24.806,0.981006
0.0783,24.9298,0.82233
0.0783,25.0535,0.598674
0.0783,25.1773,0.4193
0.0783,25.301,0.268539
0.0783,25.4247,0.169307
0.0783,25.5485,0.115015
0.0783,25.6722,0.105477
0.0783,25.796,0.077083
0.0783,25.9197,0.07605
0.0783,26.0435,0.110872
0.0783,26.1672,0.065518
0.0783,26.291,0.092151
0.0783,26.4147,0.093106
0.0783,26.5385,0.081606
0.0783,26.6622,0.086567
0.0783,26.786,0.084818
0.0783,26.9097,0.052488
0.0783,27.0334,0.068296
0.0783,27.1572,0.059019
0.0783,27.2809,0.065153
0.0783,27.4047,0.057147
0.0783,27.5284,0.073955
0.0783,27.6522,0.06601
0.0783,27.7759,0.04296
0.0783,27.8997,0.053011
0.0783,28.0234,0.058467
0.0783,28.1472,0.048509
0.0783,28.2709,0.052074
0.0783,28.3946,0.020341
0.0783,28.5184,0.069245
0.0783,28.6421,0.025463
0.0783,28.7659,0.056408
0.0783,28.8896,0.052003
0.0783,29.0134,0.057823
0.0783,29.1371,0.056752
0.0783,29.2609,0.037828
0.0783,29.3846,0.029467
0.0783,29.5084,0.059676
0.0783,29.6321,0.044829
0.0783,29.7559,0.053366
0.0783,29.8796,0.031005
0.0783,30.0033,0.043287
0.0783,30.1271,0.050796
0.0783,30.2508,0.065966
0.0783,30.3746,0.048879
0.0783,30.4983,0.03199
0.0783,30.6221,0.039343
0.0783,30.7458,0.060835
0.0783,30.8696,0.060666
0.0783,30.9933,0.03492
0.0783,31.1171,0.067081
0.0783,31.2408,0.051791
0.0783,31.3645,0.065613
0.0783,31.4883,0.076808
0.0783,31.612,0.081323
0.0783,31.7358,0.096565
0.0783,31.8595,0.073443
0.0783,31.9833,0.072334
0.0783,32.107,0.055658
0.0783,32.2308,0.073855
0.0783,32.3545,0.072092
0.0783,32.4783,0.072486
0.0783,32.602,0.104901
0.0783,32.7258,0.080785
0.0783,32.8495,0.090917
0.0783,32.9732,0.065501
0.0783,33.097,0.095134
0.0783,33.2207,0.06234
0.0783,33.3445,0.073836
0.0783,33.4682,0.098648
0.0783,33.592,0.088506
0.0783,33.7157,0.132443
0.0783,33.8395,0.145401
0.0783,33.9632,0.188099
0.0783,34.087,0.265376
0.0783,34.2107,0.342281
0.0783,34.3344,0.436683
0.0783,34.4582,0.501622
0.0783,34.5819,0.621186
0.0783,34.7057,0.664234
0.0783,34.8294,0.721145
0.0783,34.9532,0.764194
0.0783,35.0769,0.74053
0.0783,35.2007,0.710283
0.0783,35.3244,0.662275
0.0783,35.4482,0.560802
0.0783,35.5719,0.465324
0.0783,35.6957,0.381133
0.0783,35.8194,0.311376
0.0783,35.9431,0.237979
0.0783,36.0669,0.184543
0.0783,36.1906,0.124604
0.0783,36.3144,0.119908
0.0783,36.4381,0.075847
0.0783,36.5619,0.073002
0.0783,36.6856,0.077693
0.0783,36.8094,0.058329
0.0783,36.9331,0.066524
0.0783,37.0569,0.076016
0.0783,37.1806,0.100974
0.0783,37.3043,0.077343
0.0783,37.4281,0.064211
0.0783,37.5518,0.076499
0.0783,37.6756,0.074806
0.0783,37.7993,0.092125
0.0783,37.9231,0.090006
0.0783,38.0468,0.079742
0.0783,38.1706,0.093789
0.0783,38.2943,0.089164
0.0783,38.4181,0.08676
0.0783,38.5418,0.061648
0.0783,38.6656,0.058313
0.0783,38.7893,0.076014
0.0783,38.913,0.085424
0.0783,39.0368,0.106941
0.0783,39.1605,0.092508
0.0783,39.2843,0.05576
0.0783,39.408,0.083315
0.0783,39.5318,0.067279
0.0783,39.6555,0.081003
0.0783,39.7793,0.055372
0.0783,39.903,0.078459
0.0783,40.0268,0.044049
0.0783,40.1505,0.050721
0.0783,40.2742,0.061532
0.0783,40.398,0.045974
0.0783,40.5217,0.057318
0.0783,40.6455,0.071662
0.0783,40.7692,0.048075
0.0783,40.893,0.060099
0.0783,41.0167,0.047314
0.0783,41.1405,0.04486
0.0783,41.2642,0.065748
0.0783,41.388,0.059227
0.0783,41.5117,0.046926
0.0783,41.6355,0.054918
0.0783,41.7592,0.043183
0.0783,41.8829,0.039385
0.0783,42.0067,0.047345
0.0783,42.1304,0.051488
0.0783,42.2542,0.019061
0.0783,42.3779,0.05669
0.0783,42.5017,0.054083
0.0783,42.6254,0.066739
0.0783,42.7492,0.060163
0.0783,42.8729,0.07023
0.0783,42.9967,0.056623
0.0783,43.1204,0.05376
0.0783,43.2441,0.058784
0.0783,43.3679,0.059554
0.0783,43.4916,0.06754
0.0783,43.6154,0.0663
0.0783,43.7391,0.081658
0.0783,43.8629,0.063366
0.0783,43.9866,0.094775
0.0783,44.1104,0.08688
0.0783,44.2341,0.064072
0.0783,44.3579,0.103654
0.0783,44.4816,0.082502
0.0783,44.6054,0.099987
0.0783,44.7291,0.07598
0.0783,44.8528,0.087371
0.0783,44.9766,0.085431
0.0783,45.1003,0.0706
0.0783,45.2241,0.062598
0.0783,45.3478,0.084581
0.0783,45.4716,0.060413
0.0783,45.5953,0.089721
0.0783,45.7191,0.093094
0.0783,45.8428,0.124422
0.0783,45.9666,0.109268
0.0783,46.0903,0.154407
0.0783,46.214,0.181102
0.0783,46.3378,0.217379
0.0783,46.4615,0.249709
0.0783,46.5853,0.243268
0.0783,46.709,0.30561
0.0783,46.8328,0.295181
0.0783,46.9565,0.281608
0.0783,47.0803,0.263829
0.0783,47.204,0.212179
0.0783,47.3278,0.174377
0.0783,47.4515,0.157458
0.0783,47.5753,0.103916
0.0783,47.699,0.082029
0.0783,47.8227,0.053804
0.0783,47.9465,0.048078
0.0783,48.0702,0.054766
0.0783,48.194,0.052527
0.0783,48.3177,0.043917
0.0783,48.4415,0.078175
0.0783,48.5652,0.088585
0.0783,48.689,0.030468
0.0783,48.8127,0.052361
0.0783,48.9365,0.075217
0.0783,49.0602,0.062254
0.0783,49.1839,0.076915
0.0783,49.3077,0.055547
0.0783,49.4314,0.066484
0.0783,49.5552,0.089238
0.0783,49.6789,0.072231
0.0783,49.8027,0.046799
0.0783,49.9264,0.069994
0.0783,50.0502,0.080331
0.0783,50.1739,0.076701
0.0783,50.2977,0.091653
0.0783,50.4214,0.049922
0.0783,50.5452,0.067979
0.0783,50.6689,0.066481
0.0783,50.7926,0.079321
0.0783,50.9164,0.088335
0.0783,51.0401,0.064519
0.0783,51.1639,0.061394
0.0783,51.2876,0.096753
0.0783,51.4114,0.077816
0.0783,51.5351,0.07039
0.0783,51.6589,0.069832
0.0783,51.7826,0.083445
0.0783,51.9064,0.05463
0.0783,52.0301,0.055473
0.0783,52.1538,0.068505
0.0783,52.2776,0.050009
0.0783,52.4013,0.04236
0.0783,52.5251,0.048662
0.0783,52.6488,0.040243
0.0783,52.7726,0.026681
0.0783,52.8963,0.045733
0.0783,53.0201,0.026778
0.0783,53.1438,0.038307
0.0783,53.2676,0.037719
0.0783,53.3913,0.040307
0.0783,53.5151,0.052016
0.0783,53.6388,0.027961
0.0783,53.7625,0.05183
0.0783,53.8863,0.055427
0.0783,54.01,0.049221
0.0783,54.1338,0.064012
0.0783,54.2575,0.031653
0.0783,54.3813,0.073686
0.0783,54.505,0.055301
0.0783,54.6288,0.036149
0.0783,54.7525,0.075158
0.0783,54.8763,0.066239
0.0783,55.0,0.065288
0.087,18.0,0.059776
0.087,18.1237,0.027239
0.087,18.2475,0.053374
0.087,18.3712,0.061123
0.087,18.495,0.068006
0.087,18.6187,0.068469
0.087,18.7425,0.070691
0.087,18.8662,0.080194
0.087,18.99,0.05575
0.087,19.1137,0.091233
0.087,19.2375,0.062115
0.087,19.3612,0.072115
0.087,19.4849,0.099292
0.087,19.6087,0.101603
0.087,19.7324,0.054156
0.087,19.8562,0.073851
0.087,19.9799,0.084114
0.087,20.1037,0.072039
0.087,20.2274,0.100585
0.087,20.3512,0.088268
0.087,20.4749,0.083441
0.087,20.5987,0.061037
0.087,20.7224,0.079083
0.087,20.8462,0.072984
0.087,20.9699,0.068489
0.087,21.0936,0.072304
0.087,21.2174,0.060714
0.087,21.3411,0.071134
0.087,21.4649,0.062708
0.087,21.5886,0.0624
0.087,21.7124,0.041053
0.087,21.8361,0.061322
0.087,21.9599,0.051376
0.087,22.0836,0.0611
0.087,22.2074,0.078585
0.087,22.3311,0.059651
0.087,22.4548,0.048628
0.087,22.5786,0.027455
0.087,22.7023,0.053927
0.087,22.8261,0.047964
0.087,22.9498,0.064034
0.087,23.0736,0.044601
0.087,23.1973,0.061265
0.087,23.3211,0.036791
0.087,23.4448,0.041843
0.087,23.5686,0.064956
0.087,23.6923,0.101129
0.087,23.8161,0.153201
0.087,23.9398,0.260773
0.087,24.0635,0.402207
0.087,24.1873,0.573528
0.087,24.311,0.811118
0.087,24.4348,0.951556
0.087,24.5585,1.088211
0.087,24.6823,1.083389
0.087,24.806,1.025733
0.087,24.9298,0.833826
0.087,25.0535,0.630214
0.087,25.1773,0.455943
0.087,25.301,0.260414
0.087,25.4247,0.176116
0.087,25.5485,0.156902
0.087,25.6722,0.101408
0.087,25.796,0.085571
0.087,25.9197,0.06184
0.087,26.0435,0.075788
0.087,26.1672,0.107081
0.087,26.291,0.081928
0.087,26.4147,0.069322
0.087,26.5385,0.073778
0.087,26.6622,0.088053
0.087,26.786,0.078146
0.087,26.9097,0.072547
0.087,27.0334,0.066901
0.087,27.1572,0.078468
0.087,27.2809,0.075308
0.087,27.4047,0.0674
0.087,27.5284,0.041812
0.087,27.6522,0.062129
0.087,27.7759,0.056172
0.087,27.8997,0.086868
0.087,28.0234,0.061004
0.087,28.1472,0.07114
0.087,28.2709,0.057996
0.087,28.3946,0.039442
0.087,28.5184,0.062838
0.087,28.6421,0.045637
0.087,28.7659,0.049138
0.087,28.8896,0.055849
0.087,29.0134,0.04589
0.087,29.1371,0.055441
0.087,29.2609,0.050227
0.087,29.3846,0.068547
0.087,29.5084,0.027074
0.087,29.6321,0.019513
0.087,29.7559,0.05862
0.087,29.8796,0.060111
0.087,30.0033,0.039932
0.087,30.1271,0.062948
0.087,30.2508,0.058007
0.087,30.3746,0.073892
0.087,30.4983,0.074062
0.087,30.6221,0.072104
0.087,30.7458,0.062433
0.087,30.8696,0.048903
0.087,30.9933,0.082864
0.087,31.1171,0.063976
0.087,31.2408,0.065478
0.087,31.3645,0.071446
0.087,31.4883,0.08915
0.087,31.612,0.049501
0.087,31.7358,0.066745
0.087,31.8595,0.072491
0.087,31.9833,0.096196
0.087,32.107,0.077203
0.087,32.2308,0.095918
0.087,32.3545,0.08907
0.087,32.4783,0.069735
0.087,32.602,0.083933
0.087,32.7258,0.08067
0.087,32.8495,0.068493
0.087,32.9732,0.077951
0.087,33.097,0.065826
0.087,33.2207,0.09372
0.087,33.3445,0.086397
0.087,33.4682,0.10235
0.087,33.592,0.110574
0.087,33.7157,0.148282
0.087,33.8395,0.160645
0.087,33.9632,0.193091
0.087,34.087,0.276042
0.087,34.2107,0.341753
0.087,34.3344,0.431312
0.087,34.4582,0.539136
0.087,34.5819,0.591054
0.087,34.7057,0.671782
0.087,34.8294,0.702912
0.087,34.9532,0.737706
0.087,35.0769,0.735809
0.087,35.2007,0.702906
0.087,35.3244,0.635436
0.087,35.4482,0.558412
0.087,35.5719,0.454621
0.087,35.6957,0.383849
0.087,35.8194,0.283603
0.087,35.9431,0.227415
0.087,36.0669,0.161346
0.087,36.1906,0.135906
0.087,36.3144,0.094472
0.087,36.4381,0.093437
0.087,36.5619,0.079324
0.087,36.6856,0.062329
0.087,36.8094,0.090445
0.087,36.9331,0.062614
0.087,37.0569,0.060321
0.087,37.1806,0.079537
0.087,37.3043,0.052192
0.087,37.4281,0.077913
0.087,37.5518,0.052459
0.087,37.6756,0.075871
0.087,37.7993,0.080913
0.087,37.9231,0.076719
0.087,38.0468,0.091957
0.087,38.1706,0.079556
0.087,38.2943,0.086855
0.087,38.4181,0.078828
0.087,38.5418,0.068725
0.087,38.6656,0.069156
0.087,38.7893,0.082068
0.087,38.913,0.062636
0.087,39.0368,0.064753
0.087,39.1605,0.073988
0.087,39.2843,0.084615
0.087,39.408,0.069713
0.087,39.5318,0.068752
0.087,39.6555,0.080368
0.087,39.7793,0.082869
0.087,39.903,0.067645
0.087,40.0268,0.045811
0.087,40.1505,0.056288
0.087,40.2742,0.047385
0.087,40.398,0.061423
0.087,40.5217,0.045389
0.087,40.6455,0.024339
0.087,40.7692,0.068289
0.087,40.893,0.042694
0.087,41.0167,0.024286
0.087,41.1405,0.041444
0.087,41.2642,0.020406
0.087,41.388,0.051132
0.087,41.5117,0.040059
0.087,41.6355,0.031954
0.087,41.7592,0.065224
0.087,41.8829,0.05693
0.087,42.0067,0.073529
0.087,42.1304,0.040133
0.087,42.2542,0.061002
0.087,42.3779,0.051731
0.087,42.5017,0.067496
0.087,42.6254,0.057342
0.087,42.7492,0.044093
0.087,42.8729,0.065959
0.087,42.9967,0.080953
0.087,43.1204,0.075611
0.087,43.2441,0.074598
0.087,43.3679,0.062333
0.087,43.4916,0.034479
0.087,43.6154,0.062452
0.087,43.7391,0.069937
0.087,43.8629,0.078384
0.087,43.9866,0.096447
0.087,44.1104,0.083509
0.087,44.2341,0.065717
0.087,44.3579,0.054817
0.087,44.4816,0.104798
0.087,44.6054,0.068567
0.087,44.7291,0.068242
0.087,44.8528,0.068441
0.087,44.9766,0.083568
0.087,45.1003,0.078925
0.087,45.2241,0.094648
0.087,45.3478,0.090845
0.087,45.4716,0.073118
0.087,45.5953,0.084877
0.087,45.7191,0.079767
0.087,45.8428,0.121258
0.087,45.9666,0.112137
0.087,46.0903,0.139726
0.087,46.214,0.184789
0.087,46.3378,0.216439
0.087,46.4615,0.258928
0.087,46.5853,0.281473
0.087,46.709,0.293892
0.087,46.8328,0.288488
0.087,46.9565,0.28721
0.087,47.0803,0.23761
0.087,47.204,0.228084
0.087,47.3278,0.184861
0.087,47.4515,0.150743
0.087,47.5753,0.107151
0.087,47.699,0.098365
0.087,47.8227,0.05441
0.087,47.9465,0.084833
0.087,48.0702,0.053749
0.087,48.194,0.06843
0.087,48.3177,0.043821
0.087,48.4415,0.046999
0.087,48.5652,0.068258
0.087,48.689,0.043449
0.087,48.8127,0.066689
0.087,48.9365,0.05446
0.087,49.0602,0.068236
0.087,49.1839,0.065387
0.087,49.3077,0.106466
0.087,49.4314,0.104426
0.087,49.5552,0.105158
0.087,49.6789,0.063567
0.087,49.8027,0.069064
0.087,49.9264,0.091113
0.087,50.0502,0.078749
0.087,50.1739,0.088669
0.087,50.2977,0.081771
0.087,50.4214,0.070254
0.087,50.5452,0.086422
0.087,50.6689,0.076804
0.087,50.7926,0.062093
0.087,50.9164,0.085139
0.087,51.0401,0.079628
0.087,51.1639,0.072404
0.087,51.2876,0.065043
0.087,51.4114,0.058082
0.087,51.5351,0.075612
0.087,51.6589,0.062662
0.087,51.7826,0.065085
0.087,51.9064,0.050852
0.087,52.0301,0.053478
0.087,52.1538,0.031574
0.087,52.2776,0.070617
0.087,52.4013,0.070129
0.087,52.5251,0.042282
0.087,52.6488,0.060141
0.087,52.7726,0.07269
0.087,52.8963,0.026937
0.087,53.0201,0.034571
0.087,53.1438,0.039779
0.087,53.2676,0.050459
0.087,53.3913,0.032553
0.087,53.5151,0.035265
0.087,53.6388,0.02685
0.087,53.7625,0.04131
0.087,53.8863,0.020843
0.087,54.01,0.026813
0.087,54.1338,0.044871
0.087,54.2575,0.070081
0.087,54.3813,0.050642
0.087,54.505,0.042218
0.087,54.6288,0.075894
0.087,54.7525,0.043649
0.087,54.8763,0.056606
0.087,55.0,0.068068
0.0957,18.0,0.067089
0.0957,18.1237,0.042278
0.0957,18.2475,0.049802
0.0957,18.3712,0.053007
0.0957,18.495,0.060779
0.0957,18.6187,0.088655
0.0957,18.7425,0.065947
0.0957,18.8662,0.04431
0.0957,18.99,0.067698
0.0957,19.1137,0.074345
0.0957,19.2375,0.070082
0.0957,19.3612,0.065165
0.0957,19.4849,0.089323
0.0957,19.6087,0.097042
0.0957,19.7324,0.096082
0.0957,19.8562,0.066274
0.0957,19.9799,0.080435
0.0957,20.1037,0.084563
0.0957,20.2274,0.05853
0.0957,20.3512,0.072656
0.0957,20.4749,0.078941
0.0957,20.5987,0.07826
0.0957,20.7224,0.076569
0.0957,20.8462,0.079775
0.0957,20.9699,0.082488
0.0957,21.0936,0.074182
0.0957,21.2174,0.071201
0.0957,21.3411,0.07589
0.0957,21.4649,0.081073
0.0957,21.5886,0.067376
0.0957,21.7124,0.036206
0.0957,21.8361,0.072538
0.0957,21.9599,0.046786
0.0957,22.0836,0.06294
0.0957,22.2074,0.05835
0.0957,22.3311,0.065494
0.0957,22.4548,0.067123
0.0957,22.5786,0.04247
0.0957,22.7023,0.057325
0.0957,22.8261,0.066726
0.0957,22.9498,0.055627
0.0957,23.0736,0.028641
0.0957,23.1973,0.049843
0.0957,23.3211,0.038028
0.0957,23.4448,0.065699
0.0957,23.5686,0.064383
0.0957,23.6923,0.092577
0.0957,23.8161,0.124425
0.0957,23.9398,0.212774
0.0957,24.0635,0.363605
0.0957,24.1873,0.521149
0.0957,24.311,0.727341
0.0957,24.4348,0.935655
0.0957,24.5585,1.064876
0.0957,24.6823,1.110152
0.0957,24.806,1.050533
0.0957,24.9298,0.87853
0.0957,25.0535,0.670388
0.0957,25.1773,0.480811
0.0957,25.301,0.311428
0.0957,25.4247,0.189413
0.0957,25.5485,0.137142
0.0957,25.6722,0.07751
0.0957,25.796,0.106005
0.0957,25.9197,0.108304
0.0957,26.0435,0.075455
0.0957,26.1672,0.070047
0.0957,26.291,0.076146
0.0957,26.4147,0.063977
0.0957,26.5385,0.100334
0.0957,26.6622,0.074483
0.0957,26.786,0.080141
0.0957,26.9097,0.071726
0.0957,27.0334,0.050861
0.0957,27.1572,0.082892
0.0957,27.2809,0.082999
0.0957,27.4047,0.054726
0.0957,27.5284,0.063054
0.0957,27.6522,0.057469
0.0957,27.7759,0.087397
0.0957,27.8997,0.04807
0.0957,28.0234,0.065222
0.0957,28.1472,0.036235
0.0957,28.2709,0.045648
0.0957,28.3946,0.020023
0.0957,28.5184,0.052269
0.0957,28.6421,0.004393
0.0957,28.7659,0.059724
0.0957,28.8896,0.049666
0.0957,29.0134,0.052725
0.0957,29.1371,0.051209
0.0957,29.2609,0.036569
0.0957,29.3846,0.049331
0.0957,29.5084,0.049922
0.0957,29.6321,0.051868
0.0957,29.7559,0.051596
0.0957,29.8796,0.060225
0.0957,30.0033,0.061272
0.0957,30.1271,0.046105
0.0957,30.2508,0.05272
0.0957,30.3746,0.040328
0.0957,30.4983,0.07074
0.0957,30.6221,0.052968
0.0957,30.7458,0.052936
0.0957,30.8696,0.072355
0.0957,30.9933,0.060821
0.0957,31.1171,0.059272
0.0957,31.2408,0.057833
0.0957,31.3645,0.062459
0.0957,31.4883,0.076821
0.0957,31.612,0.051428
0.0957,31.7358,0.060186
0.0957,31.8595,0.0774
0.0957,31.9833,0.077433
0.0957,32.107,0.060663
0.0957,32.2308,0.072417
0.0957,32.3545,0.080248
0.0957,32.4783,0.080337
0.0957,32.602,0.04676
0.0957,32.7258,0.091472
0.0957,32.8495,0.063421
0.0957,32.9732,0.086307
0.0957,33.097,0.052056
0.0957,33.2207,0.114365
0.0957,33.3445,0.091873
0.0957,33.4682,0.105811
0.0957,33.592,0.103983
0.0957,33.7157,0.133385
0.0957,33.8395,0.157467
0.0957,33.9632,0.218973
0.0957,34.087,0.27214
0.0957,34.2107,0.367953
0.0957,34.3344,0.442929
0.0957,34.4582,0.529368
0.0957,34.5819,0.610589
0.0957,34.7057,0.690085
0.0957,34.8294,0.734837
0.0957,34.9532,0.752152
0.0957,35.0769,0.747517
0.0957,35.2007,0.706044
0.0957,35.3244,0.624894
0.0957,35.4482,0.55316
0.0957,35.5719,0.436849
0.0957,35.6957,0.379927
0.0957,35.8194,0.30177
0.0957,35.9431,0.208137
0.0957,36.0669,0.173639
0.0957,36.1906,0.143081
0.0957,36.3144,0.129442
0.0957,36.4381,0.073987
0.0957,36.5619,0.07044
0.0957,36.6856,0.083993
0.0957,36.8094,0.080519
0.0957,36.9331,0.066202
0.0957,37.0569,0.050613
0.0957,37.1806,0.078463
0.0957,37.3043,0.075084
0.0957,37.4281,0.055623
0.0957,37.5518,0.077124
0.0957,37.6756,0.069506
0.0957,37.7993,0.071021
0.0957,37.9231,0.074303
0.0957,38.0468,0.072893
0.0957,38.1706,0.085434
0.0957,38.2943,0.064703
0.0957,38.4181,0.051432
0.0957,38.5418,0.098915
0.0957,38.6656,0.055931
0.0957,38.7893,0.096813
0.0957,38.913,0.062422
0.0957,39.0368,0.066484
0.0957,39.1605,0.079208
0.0957,39.2843,0.070453
0.0957,39.408,0.076178
0.0957,39.5318,0.074238
0.0957,39.6555,0.071451
0.0957,39.7793,0.077171
0.0957,39.903,0.062132
0.0957,40.0268,0.035628
0.0957,40.1505,0.027922
0.0957,40.2742,0.056728
0.0957,40.398,0.045439
0.0957,40.5217,0.069579
0.0957,40.6455,0.051431
0.0957,40.7692,0.062016
0.0957,40.893,0.064197
0.0957,41.0167,0.061561
0.0957,41.1405,0.042613
0.0957,41.2642,0.042695
0.0957,41.388,0.025553
0.0957,41.5117,0.054695
0.0957,41.6355,0.032393
0.0957,41.7592,0.075099
0.0957,41.8829,0.0492
0.0957,42.0067,0.080999
0.0957,42.1304,0.063387
0.0957,42.2542,0.046525
0.0957,42.3779,0.057389
0.0957,42.5017,0.076398
0.0957,42.6254,0.050176
0.0957,42.7492,0.077179
0.0957,42.8729,0.069403
0.0957,42.9967,0.072698
0.0957,43.1204,0.044266
0.0957,43.2441,0.072273
0.0957,43.3679,0.072958
0.0957,43.4916,0.075204
0.0957,43.6154,0.08867
0.0957,43.7391,0.056581
0.0957,43.8629,0.070797
0.0957,43.9866,0.094553
0.0957,44.1104,0.081215
0.0957,44.2341,0.082174
0.0957,44.3579,0.075002
0.0957,44.4816,0.077233
0.0957,44.6054,0.093916
0.0957,44.7291,0.097223
0.0957,44.8528,0.120455
0.0957,44.9766,0.065462
0.0957,45.1003,0.081003
0.0957,45.2241,0.076368
0.0957,45.3478,0.06696
0.0957,45.4716,0.07437
0.0957,45.5953,0.068834
0.0957,45.7191,0.073675
0.0957,45.8428,0.092317
0.0957,45.9666,0.133089
0.0957,46.0903,0.142798
0.0957,46.214,0.146708
0.0957,46.3378,0.213318
0.0957,46.4615,0.237277
0.0957,46.5853,0.279377
0.0957,46.709,0.268842
0.0957,46.8328,0.325863
0.0957,46.9565,0.283902
0.0957,47.0803,0.26632
0.0957,47.204,0.21343
0.0957,47.3278,0.192056
0.0957,47.4515,0.147663
0.0957,47.5753,0.116594
0.0957,47.699,0.104895
0.0957,47.8227,0.087561
0.0957,47.9465,0.056305
0.0957,48.0702,0.060802
0.0957,48.194,0.051372
0.0957,48.3177,0.051948
0.0957,48.4415,0.066131
0.0957,48.5652,0.062879
0.0957,48.689,0.062072
0.0957,48.8127,0.070446
0.0957,48.9365,0.055773
0.0957,49.0602,0.054138
0.0957,49.1839,0.072515
0.0957,49.3077,0.096863
0.0957,49.4314,0.078443
0.0957,49.5552,0.067431
0.0957,49.6789,0.099412
0.0957,49.8027,0.087314
0.0957,49.9264,0.065048
0.0957,50.0502,0.068581
0.0957,50.1739,0.065551
0.0957,50.2977,0.082116
0.0957,50.4214,0.094048
0.0957,50.5452,0.052993
0.0957,50.6689,0.065435
0.0957,50.7926,0.081109
0.0957,50.9164,0.113697
0.0957,51.0401,0.103813
0.0957,51.1639,0.064813
0.0957,51.2876,0.071463
0.0957,51.4114,0.073475
0.0957,51.5351,0.066189
0.0957,51.6589,0.047229
0.0957,51.7826,0.066747
0.0957,51.9064,0.076707
0.0957,52.0301,0.056304
0.0957,52.1538,0.056295
0.0957,52.2776,0.03072
0.0957,52.4013,0.062147
0.0957,52.5251,0.054591
0.0957,52.6488,0.083762
0.0957,52.7726,0.043814
0.0957,52.8963,0.052596
0.0957,53.0201,0.068538
0.0957,53.1438,0.04282
0.0957,53.2676,0.046151
0.0957,53.3913,0.037868
0.0957,53.5151,0.037053
0.0957,53.6388,0.032647
0.0957,53.7625,0.059547
0.0957,53.8863,0.047619
0.0957,54.01,0.046673
0.0957,54.1338,0.046383
0.0957,54.2575,0.065791
0.0957,54.3813,0.057831
0.0957,54.505,0.061694
0.0957,54.6288,0.055409
0.0957,54.7525,0.057045
0.0957,54.8763,0.044105
0.0957,55.0,0.077519
0.1043,18.0,0.034449
0.1043,18.1237,0.043731
0.1043,18.2475,0.02372
0.1043,18.3712,0.052331
0.1043,18.495,0.078085
0.1043,18.6187,0.082059
0.1043,18.7425,0.062324
0.1043,18.8662,0.079581
0.1043,18.99,0.064927
0.1043,19.1137,0.052845
0.1043,19.2375,0.098225
0.1043,19.3612,0.093429
0.1043,19.4849,0.061799
0.1043,19.6087,0.078433
0.1043,19.7324,0.055651
0.1043,19.8562,0.071073
0.1043,19.9799,0.106215
0.1043,20.1037,0.081402
0.1043,20.2274,0.074842
0.1043,20.3512,0.09318
0.1043,20.4749,0.111874
0.1043,20.5987,0.056473
0.1043,20.7224,0.080975
0.1043,20.8462,0.078302
0.1043,20.9699,0.065735
0.1043,21.0936,0.061656
0.1043,21.2174,0.064616
0.1043,21.3411,0.049612
0.1043,21.4649,0.07975
0.1043,21.5886,0.061611
0.1043,21.7124,0.063703
0.1043,21.8361,0.060807
0.1043,21.9599,0.06791
0.1043,22.0836,0.050017
0.1043,22.2074,0.047098
0.1043,22.3311,0.051309
0.1043,22.4548,0.059037
0.1043,22.5786,0.057635
0.1043,22.7023,0.050526
0.1043,22.8261,0.058419
0.1043,22.9498,0.062698
0.1043,23.0736,0.039593
0.1043,23.1973,0.040289
0.1043,23.3211,0.036878
0.1043,23.4448,0.041206
0.1043,23.5686,0.052249
0.1043,23.6923,0.090381
0.1043,23.8161,0.132803
0.1043,23.9398,0.199757
0.1043,24.0635,0.33016
0.1043,24.1873,0.49363
0.1043,24.311,0.711506
0.1043,24.4348,0.92111
0.1043,24.5585,1.059557
0.1043,24.6823,1.136365
0.1043,24.806,1.043881
0.1043,24.9298,0.91574
0.1043,25.0535,0.723556
0.1043,25.1773,0.511574
0.1043,25.301,0.374021
0.1043,25.4247,0.231061
0.1043,25.5485,0.150605
0.1043,25.6722,0.101992
0.1043,25.796,0.076797
0.1043,25.9197,0.086878
0.1043,26.0435,0.05877
0.1043,26.1672,0.077205
0.1043,26.291,0.098924
0.1043,26.4147,0.064259
0.1043,26.5385,0.078564
0.1043,26.6622,0.072861
0.1043,26.786,0.074938
0.1043,26.9097,0.074539
0.1043,27.0334,0.07987
0.1043,27.1572,0.042584
0.1043,27.2809,0.104918
0.1043,27.4047,0.068327
0.1043,27.5284,0.084858
0.1043,27.6522,0.053927
0.1043,27.7759,0.06658
0.1043,27.8997,0.044406
0.1043,28.0234,0.063527
0.1043,28.1472,0.058601
0.1043,28.2709,0.029482
0.1043,28.3946,0.048289
0.1043,28.5184,0.066877
0.1043,28.6421,0.069466
0.1043,28.7659,0.038718
0.1043,28.8896,0.072117
0.1043,29.0134,0.045703
0.1043,29.1371,0.039441
0.1043,29.2609,0.064841
0.1043,29.3846,0.073181
0.1043,29.5084,0.015569
0.1043,29.6321,0.044806
0.1043,29.7559,0.059738
0.1043,29.8796,0.046667
0.1043,30.0033,0.036784
0.1043,30.1271,0.063704
0.1043,30.2508,0.064113
0.1043,30.3746,0.065323
0.1043,30.4983,0.042487
0.1043,30.6221,0.0592
0.1043,30.7458,0.066061
0.1043,30.8696,0.069364
0.1043,30.9933,0.071354
0.1043,31.1171,0.058887
0.1043,31.2408,0.055316
0.1043,31.3645,0.078851
0.1043,31.4883,0.087305
0.1043,31.612,0.086722
0.1043,31.7358,0.083413
0.1043,31.8595,0.088124
0.1043,31.9833,0.077047
0.1043,32.107,0.05229
0.1043,32.2308,0.056686
0.1043,32.3545,0.086246
0.1043,32.4783,0.081575
0.1043,32.602,0.077942
0.1043,32.7258,0.073064
0.1043,32.8495,0.04973
0.1043,32.9732,0.042472
0.1043,33.097,0.069304
0.1043,33.2207,0.074306
0.1043,33.3445,0.085684
0.1043,33.4682,0.097754
0.1043,33.592,0.102018
0.1043,33.7157,0.1172
0.1043,33.8395,0.187731
0.1043,33.9632,0.215535
0.1043,34.087,0.293109
0.1043,34.2107,0.366789
0.1043,34.3344,0.436651
0.1043,34.4582,0.536603
0.1043,34.5819,0.602062
0.1043,34.7057,0.695028
0.1043,34.8294,0.730863
0.1043,34.9532,0.737969
0.1043,35.0769,0.744894
0.1043,35.2007,0.673978
0.1043,35.3244,0.623263
0.1043,35.4482,0.539727
0.1043,35.5719,0.437948
0.1043,35.6957,0.355463
0.1043,35.8194,0.277207
0.1043,35.9431,0.21168
0.1043,36.0669,0.162908
0.1043,36.1906,0.116749
0.1043,36.3144,0.104766
0.1043,36.4381,0.073322
0.1043,36.5619,0.090608
0.1043,36.6856,0.059421
0.1043,36.8094,0.069503
0.1043,36.9331,0.058035
0.1043,37.0569,0.075073
0.1043,37.1806,0.096316
0.1043,37.3043,0.055598
0.1043,37.4281,0.0669
0.1043,37.5518,0.078562
0.1043,37.6756,0.07324
0.1043,37.7993,0.064807
0.1043,37.9231,0.068014
0.1043,38.0468,0.05548
0.1043,38.1706,0.076901
0.1043,38.2943,0.074296
0.1043,38.4181,0.075715
0.1043,38.5418,0.084099
0.1043,38.6656,0.09283
0.1043,38.7893,0.080805
0.1043,38.913,0.084084
0.1043,39.0368,0.078705
0.1043,39.1605,0.080542
0.1043,39.2843,0.068158
0.1043,39.408,0.070312
0.1043,39.5318,0.074347
0.1043,39.6555,0.074417
0.1043,39.7793,0.072707
0.1043,39.903,0.050065
0.1043,40.0268,0.05785
0.1043,40.1505,0.038492
0.1043,40.2742,0.064232
0.1043,40.398,0.078032
0.1043,40.5217,0.051732
0.1043,40.6455,0.077516
0.1043,40.7692,0.054501
0.1043,40.893,0.058859
0.1043,41.0167,0.017575
0.1043,41.1405,0.027697
0.1043,41.2642,0.051947
0.1043,41.388,0.046066
0.1043,41.5117,0.046719
0.1043,41.6355,0.052822
0.1043,41.7592,0.058288
0.1043,41.8829,0.059049
0.1043,42.0067,0.061167
0.1043,42.1304,0.055357
0.1043,42.2542,0.064725
0.1043,42.3779,0.048126
0.1043,42.5017,0.073637
0.1043,42.6254,0.050427
0.1043,42.7492,0.071408
0.1043,42.8729,0.085944
0.1043,42.9967,0.061279
0.1043,43.1204,0.06861
0.1043,43.2441,0.071665
0.1043,43.3679,0.076898
0.1043,43.4916,0.073353
0.1043,43.6154,0.086491
0.1043,43.7391,0.070755
0.1043,43.8629,0.058314
0.1043,43.9866,0.055666
0.1043,44.1104,0.086783
0.1043,44.2341,0.090485
0.1043,44.3579,0.083563
0.1043,44.4816,0.069934
0.1043,44.6054,0.091171
0.1043,44.7291,0.074446
0.1043,44.8528,0.068686
0.1043,44.9766,0.075234
0.1043,45.1003,0.062248
0.1043,45.2241,0.076358
0.1043,45.3478,0.074547
0.1043,45.4716,0.068227
0.1043,45.5953,0.087656
0.1043,45.7191,0.093899
0.1043,45.8428,0.090024
0.1043,45.9666,0.119468
0.1043,46.0903,0.121524
0.1043,46.214,0.173948
0.1043,46.3378,0.211846
0.1043,46.4615,0.242337
0.1043,46.5853,0.298969
0.1043,46.709,0.291273
0.1043,46.8328,0.308867
0.1043,46.9565,0.305261
0.1043,47.0803,0.232647
0.1043,47.204,0.234147
0.1043,47.3278,0.190946
0.1043,47.4515,0.159425
0.1043,47.5753,0.117648
0.1043,47.699,0.080261
0.1043,47.8227,0.057697
0.1043,47.9465,0.06813
0.1043,48.0702,0.061018
0.1043,48.194,0.037266
0.1043,48.3177,0.047045
0.1043,48.4415,0.068737
0.1043,48.5652,0.066162
0.1043,48.689,0.051435
0.1043,48.8127,0.052662
0.1043,48.9365,0.072188
0.1043,49.0602,0.053831
0.1043,49.1839,0.081245
0.1043,49.3077,0.062047
0.1043,49.4314,0.086433
0.1043,49.5552,0.060286
0.1043,49.6789,0.061424
0.1043,49.8027,0.073874
0.1043,49.9264,0.080072
0.1043,50.0502,0.09328
0.1043,50.1739,0.08107
0.1043,50.2977,0.089886
0.1043,50.4214,0.056548
0.1043,50.5452,0.086369
0.1043,50.6689,0.068399
0.1043,50.7926,0.089306
0.1043,50.9164,0.073832
0.1043,51.0401,0.067962
0.1043,51.1639,0.061991
0.1043,51.2876,0.088701
0.1043,51.4114,0.080629
0.1043,51.5351,0.053195
0.1043,51.6589,0.086907
0.1043,51.7826,0.045611
0.1043,51.9064,0.078308
0.1043,52.0301,0.068734
0.1043,52.1538,0.056769
0.1043,52.2776,0.06374
0.1043,52.4013,0.052156
0.1043,52.5251,0.03163
0.1043,52.6488,0.042418
0.1043,52.7726,0.034963
0.1043,52.8963,0.058321
0.1043,53.0201,0.014293
0.1043,53.1438,0.072327
0.1043,53.2676,0.048034
0.1043,53.3913,0.050894
0.1043,53.5151,0.052499
0.1043,53.6388,0.027119
0.1043,53.7625,0.056062
0.1043,53.8863,0.055021
0.1043,54.01,0.050335
0.1043,54.1338,0.040699
0.1043,54.2575,0.018544
0.1043,54.3813,0.053146
0.1043,54.505,0.06373
0.1043,54.6288,0.050098
0.1043,54.7525,0.050501
0.1043,54.8763,0.055538
0.1043,55.0,0.047214
0.113,18.0,0.057399
0.113,18.1237,0.062536
0.113,18.2475,0.067133
0.113,18.3712,0.041167
0.113,18.495,0.061124
0.113,18.6187,0.047766
0.113,18.7425,0.064064
0.113,18.8662,0.081988
0.113,18.99,0.075806
0.113,19.1137,0.073017
0.113,19.2375,0.079818
0.113,19.3612,0.056937
0.113,19.4849,0.074914
0.113,19.6087,0.099959
0.113,19.7324,0.056425
0.113,19.8562,0.099058
0.113,19.9799,0.099372
0.113,20.1037,0.068923
0.113,20.2274,0.072692
0.113,20.3512,0.101221
0.113,20.4749,0.073037
0.113,20.5987,0.085028
0.113,20.7224,0.087136
0.113,20.8462,0.065934
0.113,20.9699,0.079598
0.113,21.0936,0.082791
0.113,21.2174,0.075238
0.113,21.3411,0.05582
0.113,21.4649,0.053318
0.113,21.5886,0.054518
0.113,21.7124,0.076736
0.113,21.8361,0.064423
0.113,21.9599,0.050337
0.113,22.0836,0.05483
0.113,22.2074,0.041895
0.113,22.3311,0.050989
0.113,22.4548,0.073895
0.113,22.5786,0.01939
0.113,22.7023,0.054001
0.113,22.8261,0.047101
0.113,22.9498,0.048224
0.113,23.0736,0.06448
0.113,23.1973,0.031677
0.113,23.3211,0.044995
0.113,23.4448,0.048037
0.113,23.5686,0.052785
0.113,23.6923,0.053986
0.113,23.8161,0.094833
0.113,23.9398,0.217322
0.113,24.0635,0.301768
0.113,24.1873,0.460694
0.113,24.311,0.654421
0.113,24.4348,0.882331
0.113,24.5585,1.054355
0.113,24.6823,1.103021
0.113,24.806,1.083325
0.113,24.9298,0.93226
0.113,25.0535,0.778522
0.113,25.1773,0.530895
0.113,25.301,0.397622
0.113,25.4247,0.252674
0.113,25.5485,0.167233
0.113,25.6722,0.117963
0.113,25.796,0.098213
0.113,25.9197,0.074008
0.113,26.0435,0.090409
0.113,26.1672,0.089187
0.113,26.291,0.055952
0.113,26.4147,0.069164
0.113,26.5385,0.075967
0.113,26.6622,0.088433
0.113,26.786,0.068003
0.113,26.9097,0.032811
0.113,27.0334,0.054428
0.113,27.1572,0.076134
0.113,27.2809,0.070178
0.113,27.4047,0.059681
0.113,27.5284,0.079801
0.113,27.6522,0.0636
0.113,27.7759,0.034693
0.113,27.8997,0.069069
0.113,28.0234,0.068308
0.113,28.1472,0.058674
0.113,28.2709,0.077183
0.113,28.3946,0.031325
0.113,28.5184,0.073642
0.113,28.6421,0.031622
0.113,28.7659,0.023801
0.113,28.8896,0.068147
0.113,29.0134,0.035603
0.113,29.1371,0.054375
0.113,29.2609,0.047103
0.113,29.3846,0.033516
0.113,29.5084,0.0145
0.113,29.6321,0.019866
0.113,29.7559,0.054893
0.113,29.8796,0.022742
0.113,30.0033,0.044846
0.113,30.1271,0.059257
0.113,30.2508,0.063255
0.113,30.3746,0.072183
0.113,30.4983,0.050916
0.113,30.6221,0.06571
0.113,30.7458,0.076098
0.113,30.8696,0.057924
0.113,30.9933,0.061489
0.113,31.1171,0.085009
0.113,31.2408,0.074156
0.113,31.3645,0.106027
0.113,31.4883,0.083066
0.113,31.612,0.071874
0.113,31.7358,0.074993
0.113,31.8595,0.069003
0.113,31.9833,0.059967
0.113,32.107,0.071006
0.113,32.2308,0.07615
0.113,32.3545,0.069672
0.113,32.4783,0.085067
0.113,32.602,0.090822
0.113,32.7258,0.080441
0.113,32.8495,0.090159
0.113,32.9732,0.066789
0.113,33.097,0.087563
0.113,33.2207,0.071146
0.113,33.3445,0.087653
0.113,33.4682,0.09489
0.113,33.592,0.096067
0.113,33.7157,0.131221
0.113,33.8395,0.17689
0.113,33.9632,0.245678
0.113,34.087,0.304408
0.113,34.2107,0.369238
0.113,34.3344,0.445517
0.113,34.4582,0.547024
0.113,34.5819,0.61147
0.113,34.7057,0.671072
0.113,34.8294,0.6915
0.113,34.9532,0.748338
0.113,35.0769,0.725144
0.113,35.2007,0.695662
0.113,35.3244,0.600134
0.113,35.4482,0.532523
0.113,35.5719,0.455806
0.113,35.6957,0.330954
0.113,35.8194,0.288828
0.113,35.9431,0.211089
0.113,36.0669,0.169714
0.113,36.1906,0.129137
0.113,36.3144,0.104443
0.113,36.4381,0.086174
0.113,36.5619,0.059545
0.113,36.6856,0.09881
0.113,36.8094,0.056135
0.113,36.9331,0.069998
0.113,37.0569,0.096955
0.113,37.1806,0.070734
0.113,37.3043,0.059057
0.113,37.4281,0.062751
0.113,37.5518,0.099448
0.113,37.6756,0.062516
0.113,37.7993,0.070565
0.113,37.9231,0.083331
0.113,38.0468,0.075135
0.113,38.1706,0.058033
0.113,38.2943,0.084026
0.113,38.4181,0.099308
0.113,38.5418,0.06659
0.113,38.6656,0.085288
0.113,38.7893,0.074202
0.113,38.913,0.085498
0.113,39.0368,0.085617
0.113,39.1605,0.064927
0.113,39.2843,0.086237
0.113,39.408,0.069133
0.113,39.5318,0.081786
0.113,39.6555,0.056016
0.113,39.7793,0.068037
0.113,39.903,0.067109
0.113,40.0268,0.049064
0.113,40.1505,0.063118
0.113,40.2742,0.048867
0.113,40.398,0.046671
0.113,40.5217,0.054453
0.113,40.6455,0.056098
0.113,40.7692,0.053431
0.113,40.893,0.033052
0.113,41.0167,0.053478
0.113,41.1405,0.045044
0.113,41.2642,0.056447
0.113,41.388,0.037034
0.113,41.5117,0.030856
0.113,41.6355,0.053657
0.113,41.7592,0.048281
0.113,41.8829,0.062241
0.113,42.0067,0.042616
0.113,42.1304,0.059018
0.113,42.2542,0.063575
0.113,42.3779,0.047216
0.113,42.5017,0.073629
0.113,42.6254,0.050405
0.113,42.7492,0.034199
0.113,42.8729,0.066628
0.113,42.9967,0.074282
0.113,43.1204,0.063201
0.113,43.2441,0.049934
0.113,43.3679,0.084542
0.113,43.4916,0.091135
0.113,43.6154,0.069052
0.113,43.7391,0.048219
0.113,43.8629,0.055811
0.113,43.9866,0.083981
0.113,44.1104,0.057276
0.113,44.2341,0.068339
0.113,44.3579,0.090822
0.113,44.4816,0.086689
0.113,44.6054,0.095323
0.113,44.7291,0.086162
0.113,44.8528,0.075249
0.113,44.9766,0.08533
0.113,45.1003,0.080161
0.113,45.2241,0.07438
0.113,45.3478,0.048646
0.113,45.4716,0.081075
0.113,45.5953,0.074233
0.113,45.7191,0.087261
0.113,45.8428,0.069444
0.113,45.9666,0.11075
0.113,46.0903,0.138477
0.113,46.214,0.177457
0.113,46.3378,0.221401
0.113,46.4615,0.249631
0.113,46.5853,0.30356
0.113,46.709,0.301154
0.113,46.8328,0.306557
0.113,46.9565,0.296771
0.113,47.0803,0.243726
0.113,47.204,0.232238
0.113,47.3278,0.174194
0.113,47.4515,0.147674
0.113,47.5753,0.114712
0.113,47.699,0.093287
0.113,47.8227,0.085604
0.113,47.9465,0.064802
0.113,48.0702,0.065715
0.113,48.194,0.044766
0.113,48.3177,0.07041
0.113,48.4415,0.048232
0.113,48.5652,0.055186
0.113,48.689,0.074084
0.113,48.8127,0.064676
0.113,48.9365,0.059828
0.113,49.0602,0.069188
0.113,49.1839,0.058472
0.113,49.3077,0.050655
0.113,49.4314,0.096859
0.113,49.5552,0.082415
0.113,49.6789,0.07918
0.113,49.8027,0.067411
0.113,49.9264,0.067565
0.113,50.0502,0.086935
0.113,50.1739,0.078716
0.113,50.2977,0.096908
0.113,50.4214,0.062792
0.113,50.5452,0.085354
0.113,50.6689,0.081101
0.113,50.7926,0.082279
0.113,50.9164,0.062295
0.113,51.0401,0.079728
0.113,51.1639,0.047316
0.113,51.2876,0.076771
0.113,51.4114,0.077883
0.113,51.5351,0.047833
0.113,51.6589,0.095031
0.113,51.7826,0.054279
0.113,51.9064,0.050411
0.113,52.0301,0.059293
0.113,52.1538,0.077627
0.113,52.2776,0.029627
0.113,52.4013,0.053189
0.113,52.5251,0.037969
0.113,52.6488,0.04633
0.113,52.7726,0.055108
0.113,52.8963,0.051068
0.113,53.0201,0.036034
0.113,53.1438,0.075757
0.113,53.2676,0.042456
0.113,53.3913,0.036903
0.113,53.5151,0.064671
0.113,53.6388,0.034075
0.113,53.7625,0.079391
0.113,53.8863,0.053771
0.113,54.01,0.017187
0.113,54.1338,0.051297
0.113,54.2575,0.058095
0.113,54.3813,0.047146
0.113,54.505,0.042681
0.113,54.6288,0.074347
0.113,54.7525,0.084929
0.113,54.8763,0.051933
0.113,55.0,0.071885
0.1217,18.0,0.045295
0.1217,18.1237,0.053036
0.1217,18.2475,0.037072
0.1217,18.3712,0.070873
0.1217,18.495,0.061087
0.1217,18.6187,0.055336
0.1217,18.7425,0.076193
0.1217,18.8662,0.062509
0.1217,18.99,0.066666
0.1217,19.1137,0.075444
0.1217,19.2375,0.070267
0.1217,19.3612,0.069272
0.1217,19.4849,0.078533
0.1217,19.6087,0.050384
0.1217,19.7324,0.068409
0.1217,19.8562,0.041432
0.1217,19.9799,0.080619
0.1217,20.1037,0.086357
0.1217,20.2274,0.067849
0.1217,20.3512,0.098543
0.1217,20.4749,0.05547
0.1217,20.5987,0.074169
0.1217,20.7224,0.079326
0.1217,20.8462,0.058142
0.1217,20.9699,0.071997
0.1217,21.0936,0.05401
0.1217,21.2174,0.065255
0.1217,21.3411,0.04924
0.1217,21.4649,0.05933
0.1217,21.5886,0.048847
0.1217,21.7124,0.044135
0.1217,21.8361,0.07487
0.1217,21.9599,0.070735
0.1217,22.0836,0.071043
0.1217,22.2074,0.047973
0.1217,22.3311,0.061197
0.1217,22.4548,0.037985
0.1217,22.5786,0.034071
0.1217,22.7023,0.032448
0.1217,22.8261,0.047258
0.1217,22.9498,0.028536
0.1217,23.0736,0.05368
0.1217,23.1973,0.047772
0.1217,23.3211,0.064688
0.1217,23.4448,0.059576
0.1217,23.5686,0.050785
0.1217,23.6923,0.09324
0.1217,23.8161,0.122931
0.1217,23.9398,0.198083
0.1217,24.0635,0.268782
0.1217,24.1873,0.429823
0.1217,24.311,0.608595
0.1217,24.4348,0.823533
0.1217,24.5585,1.011956
0.1217,24.6823,1.095555
0.1217,24.806,1.118082
0.1217,24.9298,0.974473
0.1217,25.0535,0.798962
0.1217,25.1773,0.592853
0.1217,25.301,0.410018
0.1217,25.4247,0.262704
0.1217,25.5485,0.186583
0.1217,25.6722,0.122824
0.1217,25.796,0.077537
0.1217,25.9197,0.108048
0.1217,26.0435,0.081904
0.1217,26.1672,0.078088
0.1217,26.291,0.075998
0.1217,26.4147,0.056118
0.1217,26.5385,0.087205
0.1217,26.6622,0.078101
0.1217,26.786,0.074912
0.1217,26.9097,0.059841
0.1217,27.0334,0.066123
0.1217,27.1572,0.085942
0.1217,27.2809,0.060913
0.1217,27.4047,0.057654
0.1217,27.5284,0.065105
0.1217,27.6522,0.048204
0.1217,27.7759,0.067323
0.1217,27.8997,0.048935
0.1217,28.0234,0.052067
0.1217,28.1472,0.035557
0.1217,28.2709,0.070952
0.1217,28.3946,0.04177
0.1217,28.5184,0.081991
0.1217,28.6421,0.040248
0.1217,28.7659,0.044477
0.1217,28.8896,0.035976
0.1217,29.0134,0.041819
0.1217,29.1371,0.034917
0.1217,29.2609,0.033039
0.1217,29.3846,0.067314
0.1217,29.5084,0.045516
0.1217,29.6321,0.055369
0.1217,29.7559,0.03754
0.1217,29.8796,0.066877
0.1217,30.0033,0.06823
0.1217,30.1271,0.072011
0.1217,30.2508,0.05393
0.1217,30.3746,0.053174
0.1217,30.4983,0.052452
0.1217,30.6221,0.05721
0.1217,30.7458,0.056073
0.1217,30.8696,0.069348
0.1217,30.9933,0.090158
0.1217,31.1171,0.07339
0.1217,31.2408,0.078714
0.1217,31.3645,0.065124
0.1217,31.4883,0.078159
0.1217,31.612,0.095817
0.1217,31.7358,0.091475
0.1217,31.8595,0.076189
0.1217,31.9833,0.08332
0.1217,32.107,0.095656
0.1217,32.2308,0.085085
0.1217,32.3545,0.062325
0.1217,32.4783,0.084002
0.1217,32.602,0.072155
0.1217,32.7258,0.071566
0.1217,32.8495,0.058605
0.1217,32.9732,0.067824
0.1217,33.097,0.070409
0.1217,33.2207,0.089886
0.1217,33.3445,0.067107
0.1217,33.4682,0.095357
0.1217,33.592,0.129768
0.1217,33.7157,0.134978
0.1217,33.8395,0.15493
0.1217,33.9632,0.223863
0.1217,34.087,0.281711
0.1217,34.2107,0.362044
0.1217,34.3344,0.475952
0.1217,34.4582,0.542308
0.1217,34.5819,0.639276
0.1217,34.7057,0.698128
0.1217,34.8294,0.744871
0.1217,34.9532,0.735443
0.1217,35.0769,0.744495
0.1217,35.2007,0.677859
0.1217,35.3244,0.609637
0.1217,35.4482,0.51611
0.1217,35.5719,0.409464
0.1217,35.6957,0.344789
0.1217,35.8194,0.264797
0.1217,35.9431,0.23141
0.1217,36.0669,0.140205
0.1217,36.1906,0.108895
0.1217,36.3144,0.085574
0.1217,36.4381,0.080244
0.1217,36.5619,0.086831
0.1217,36.6856,0.060873
0.1217,36.8094,0.066413
0.1217,36.9331,0.092663
0.1217,37.0569,0.085126
0.1217,37.1806,0.080897
0.1217,37.3043,0.085877
0.1217,37.4281,0.067614
0.1217,37.5518,0.068282
0.1217,37.6756,0.086323
0.1217,37.7993,0.085062
0.1217,37.9231,0.068418
0.1217,38.0468,0.069899
0.1217,38.1706,0.047405
0.1217,38.2943,0.046136
0.1217,38.4181,0.066836
0.1217,38.5418,0.092743
0.1217,38.6656,0.086393
0.1217,38.7893,0.075344
0.1217,38.913,0.077067
0.1217,39.0368,0.054204
0.1217,39.1605,0.047237
0.1217,39.2843,0.09107
0.1217,39.408,0.052414
0.1217,39.5318,0.049378
0.1217,39.6555,0.053346
0.1217,39.7793,0.064847
0.1217,39.903,0.038122
0.1217,40.0268,0.051241
0.1217,40.1505,0.06239
0.1217,40.2742,0.064221
0.1217,40.398,0.054203
0.1217,40.5217,0.034627
0.1217,40.6455,0.05775
0.1217,40.7692,0.042171
0.1217,40.893,0.029998
0.1217,41.0167,0.024894
0.1217,41.1405,0.044062
0.1217,41.2642,0.036752
0.1217,41.388,0.056114
0.1217,41.5117,0.051466
0.1217,41.6355,0.038408
0.1217,41.7592,0.041365
0.1217,41.8829,0.051981
0.1217,42.0067,0.057012
0.1217,42.1304,0.02953
0.1217,42.2542,0.06996
0.1217,42.3779,0.087979
0.1217,42.5017,0.084312
0.1217,42.6254,0.07267
0.1217,42.7492,0.04823
0.1217,42.8729,0.074529
0.1217,42.9967,0.07318
0.1217,43.1204,0.049962
0.1217,43.2441,0.054788
0.1217,43.3679,0.084995
0.1217,43.4916,0.082343
0.1217,43.6154,0.060245
0.1217,43.7391,0.072985
0.1217,43.8629,0.072882
0.1217,43.9866,0.086087
0.1217,44.1104,0.09986
0.1217,44.2341,0.09151
0.1217,44.3579,0.07644
0.1217,44.4816,0.072798
0.1217,44.6054,0.078432
0.1217,44.7291,0.077885
0.1217,44.8528,0.082844
0.1217,44.9766,0.072227
0.1217,45.1003,0.096843
0.1217,45.2241,0.063163
0.1217,45.3478,0.08286
0.1217,45.4716,0.085243
0.1217,45.5953,0.067899
0.1217,45.7191,0.0814
0.1217,45.8428,0.100232
0.1217,45.9666,0.112819
0.1217,46.0903,0.136292
0.1217,46.214,0.173654
0.1217,46.3378,0.210133
0.1217,46.4615,0.256769
0.1217,46.5853,0.275114
0.1217,46.709,0.27339
0.1217,46.8328,0.282488
0.1217,46.9565,0.294584
0.1217,47.0803,0.277774
0.1217,47.204,0.221474
0.1217,47.3278,0.17751
0.1217,47.4515,0.176342
0.1217,47.5753,0.118993
0.1217,47.699,0.084849
0.1217,47.8227,0.096064
0.1217,47.9465,0.058478
0.1217,48.0702,0.052382
0.1217,48.194,0.050179
0.1217,48.3177,0.064483
0.1217,48.4415,0.06016
0.1217,48.5652,0.050468
0.1217,48.689,0.057607
0.1217,48.8127,0.035923
0.1217,48.9365,0.069416
0.1217,49.0602,0.067419
0.1217,49.1839,0.066702
0.1217,49.3077,0.07606
0.1217,49.4314,0.091972
0.1217,49.5552,0.064731
0.1217,49.6789,0.085597
0.1217,49.8027,0.049971
0.1217,49.9264,0.096348
0.1217,50.0502,0.080424
0.1217,50.1739,0.063953
0.1217,50.2977,0.085501
0.1217,50.4214,0.091091
0.1217,50.5452,0.0877
0.1217,50.6689,0.079524
0.1217,50.7926,0.063616
0.1217,50.9164,0.059771
0.1217,51.0401,0.074912
0.1217,51.1639,0.061318
0.1217,51.2876,0.067812
0.1217,51.4114,0.053304
0.1217,51.5351,0.057199
0.1217,51.6589,0.062255
0.1217,51.7826,0.085546
0.1217,51.9064,0.065026
0.1217,52.0301,0.058536
0.1217,52.1538,0.046748
0.1217,52.2776,0.03955
0.1217,52.4013,0.054053
0.1217,52.5251,0.025525
0.1217,52.6488,0.053462
0.1217,52.7726,0.038204
0.1217,52.8963,0.018377
0.1217,53.0201,0.010945
0.1217,53.1438,0.049739
0.1217,53.2676,0.060381
0.1217,53.3913,0.056328
0.1217,53.5151,0.053222
0.1217,53.6388,0.061985
0.1217,53.7625,0.051185
0.1217,53.8863,0.051334
0.1217,54.01,0.05331
0.1217,54.1338,0.054864
0.1217,54.2575,0.063824
0.1217,54.3813,0.041249
0.1217,54.505,0.047084
0.1217,54.6288,0.064278
0.1217,54.7525,0.078043
0.1217,54.8763,0.054038
0.1217,55.0,0.061635
0.1304,18.0,0.083051
0.1304,18.1237,0.054525
0.1304,18.2475,0.041482
0.1304,18.3712,0.052196
0.1304,18.495,0.050585
0.1304,18.6187,0.072567
0.1304,18.7425,0.062782
0.1304,18.8662,0.061293
0.1304,18.99,0.077111
0.1304,19.1137,0.072636
0.1304,19.2375,0.087639
0.1304,19.3612,0.090552
0.1304,19.4849,0.089739
0.1304,19.6087,0.065946
0.1304,19.7324,0.096284
0.1304,19.8562,0.05736
0.1304,19.9799,0.065319
0.1304,20.1037,0.094047
0.1304,20.2274,0.088879
0.1304,20.3512,0.080032
0.1304,20.4749,0.083787
0.1304,20.5987,0.091231
0.1304,20.7224,0.053769
0.1304,20.8462,0.052264
0.1304,20.9699,0.055664
0.1304,21.0936,0.068887
0.1304,21.2174,0.078706
0.1304,21.3411,0.071075
0.1304,21.4649,0.060084
0.1304,21.5886,0.060179
0.1304,21.7124,0.050707
0.1304,21.8361,0.055128
0.1304,21.9599,0.06089
0.1304,22.0836,0.053932
0.1304,22.2074,0.048663
0.1304,22.3311,0.058723
0.1304,22.4548,0.067925
0.1304,22.5786,0.04868
0.1304,22.7023,0.048314
0.1304,22.8261,0.043793
0.1304,22.9498,0.035061
0.1304,23.0736,0.022876
0.1304,23.1973,0.056298
0.1304,23.3211,0.037851
0.1304,23.4448,0.04684
0.1304,23.5686,0.058261
0.1304,23.6923,0.076458
0.1304,23.8161,0.089507
0.1304,23.9398,0.18461
0.1304,24.0635,0.235759
0.1304,24.1873,0.383461
0.1304,24.311,0.619954
0.1304,24.4348,0.794729
0.1304,24.5585,0.972502
0.1304,24.6823,1.110689
0.1304,24.806,1.102025
0.1304,24.9298,1.000115
0.1304,25.0535,0.839701
0.1304,25.1773,0.632524
0.1304,25.301,0.419633
0.1304,25.4247,0.283926
0.1304,25.5485,0.213096
0.1304,25.6722,0.144281
0.1304,25.796,0.086271
0.1304,25.9197,0.118341
0.1304,26.0435,0.085477
0.1304,26.1672,0.086198
0.1304,26.291,0.068216
0.1304,26.4147,0.088021
0.1304,26.5385,0.079865
0.1304,26.6622,0.054395
0.1304,26.786,0.063929
0.1304,26.9097,0.077446
0.1304,27.0334,0.081146
0.1304,27.1572,0.063359
0.1304,27.2809,0.06089
0.1304,27.4047,0.053057
0.1304,27.5284,0.048605
0.1304,27.6522,0.038356
0.1304,27.7759,0.050993
0.1304,27.8997,0.04876
0.1304,28.0234,0.068211
0.1304,28.1472,0.063514
0.1304,28.2709,0.025117
0.1304,28.3946,0.057803
0.1304,28.5184,0.033576
0.1304,28.6421,0.040378
0.1304,28.7659,0.021141
0.1304,28.8896,0.051074
0.1304,29.0134,0.027087
0.1304,29.1371,0.038806
0.1304,29.2609,0.020049
0.1304,29.3846,0.068138
0.1304,29.5084,0.063538
0.1304,29.6321,0.06053
0.1304,29.7559,0.044604
0.1304,29.8796,0.044534
0.1304,30.0033,0.062178
0.1304,30.1271,0.064123
0.1304,30.2508,0.072589
0.1304,30.3746,0.04751
0.1304,30.4983,0.053941
0.1304,30.6221,0.065749
0.1304,30.7458,0.059605
0.1304,30.8696,0.044858
0.1304,30.9933,0.068005
0.1304,31.1171,0.082957
0.1304,31.2408,0.077786
0.1304,31.3645,0.06899
0.1304,31.4883,0.07518
0.1304,31.612,0.082006
0.1304,31.7358,0.07816
0.1304,31.8595,0.097507
0.1304,31.9833,0.073361
0.1304,32.107,0.047727
0.1304,32.2308,0.073131
0.1304,32.3545,0.086912
0.1304,32.4783,0.077869
0.1304,32.602,0.089599
0.1304,32.7258,0.074957
0.1304,32.8495,0.071881
0.1304,32.9732,0.076434
0.1304,33.097,0.083646
0.1304,33.2207,0.069635
0.1304,33.3445,0.09359
0.1304,33.4682,0.093304
0.1304,33.592,0.127521
0.1304,33.7157,0.145366
0.1304,33.8395,0.183418
0.1304,33.9632,0.216848
0.1304,34.087,0.303845
0.1304,34.2107,0.377828
0.1304,34.3344,0.474672
0.1304,34.4582,0.554473
0.1304,34.5819,0.622011
0.1304,34.7057,0.722413
0.1304,34.8294,0.749275
0.1304,34.9532,0.726364
0.1304,35.0769,0.723015
0.1304,35.2007,0.667947
0.1304,35.3244,0.608286
0.1304,35.4482,0.500197
0.1304,35.5719,0.409075
0.1304,35.6957,0.33107
0.1304,35.8194,0.269967
0.1304,35.9431,0.207765
0.1304,36.0669,0.150688
0.1304,36.1906,0.125365
0.1304,36.3144,0.074626
0.1304,36.4381,0.098209
0.1304,36.5619,0.07182
0.1304,36.6856,0.074627
0.1304,36.8094,0.085377
0.1304,36.9331,0.074269
0.1304,37.0569,0.046896
0.1304,37.1806,0.086995
0.1304,37.3043,0.04621
0.1304,37.4281,0.074792
0.1304,37.5518,0.083921
0.1304,37.6756,0.105771
0.1304,37.7993,0.073147
0.1304,37.9231,0.073566
0.1304,38.0468,0.071758
0.1304,38.1706,0.08902
0.1304,38.2943,0.06317
0.1304,38.4181,0.068301
0.1304,38.5418,0.076367
0.1304,38.6656,0.124117
0.1304,38.7893,0.065907
0.1304,38.913,0.080814
0.1304,39.0368,0.075003
0.1304,39.1605,0.064341
0.1304,39.2843,0.079145
0.1304,39.408,0.099588
0.1304,39.5318,0.057628
0.1304,39.6555,0.077214
0.1304,39.7793,0.064259
0.1304,39.903,0.056359
0.1304,40.0268,0.058135
0.1304,40.1505,0.05037
0.1304,40.2742,0.031793
0.1304,40.398,0.054165
0.1304,40.5217,0.050576
0.1304,40.6455,0.058317
0.1304,40.7692,0.024902
0.1304,40.893,0.026016
0.1304,41.0167,0.04511
0.1304,41.1405,0.033276
0.1304,41.2642,0.058724
0.1304,41.388,0.028393
0.1304,41.5117,0.047489
0.1304,41.6355,0.050561
0.1304,41.7592,0.044154
0.1304,41.8829,0.061648
0.1304,42.0067,0.047412
0.1304,42.1304,0.034508
0.1304,42.2542,0.076896
0.1304,42.3779,0.066009
0.1304,42.5017,0.063839
0.1304,42.6254,0.083133
0.1304,42.7492,0.075508
0.1304,42.8729,0.041986
0.1304,42.9967,0.075408
0.1304,43.1204,0.087603
0.1304,43.2441,0.082046
0.1304,43.3679,0.073771
0.1304,43.4916,0.070716
0.1304,43.6154,0.102625
0.1304,43.7391,0.104564
0.1304,43.8629,0.072544
0.1304,43.9866,0.068532
0.1304,44.1104,0.095576
0.1304,44.2341,0.095307
0.1304,44.3579,0.072622
0.1304,44.4816,0.068126
0.1304,44.6054,0.086064
0.1304,44.7291,0.079978
0.1304,44.8528,0.077023
0.1304,44.9766,0.073135
0.1304,45.1003,0.07452
0.1304,45.2241,0.077682
0.1304,45.3478,0.080892
0.1304,45.4716,0.05671
0.1304,45.5953,0.074195
0.1304,45.7191,0.095979
0.1304,45.8428,0.090668
0.1304,45.9666,0.112111
0.1304,46.0903,0.127613
0.1304,46.214,0.190681
0.1304,46.3378,0.207156
0.1304,46.4615,0.235841
0.1304,46.5853,0.281706
0.1304,46.709,0.293334
0.1304,46.8328,0.313434
0.1304,46.9565,0.28979
0.1304,47.0803,0.266247
0.1304,47.204,0.244387
0.1304,47.3278,0.195247
0.1304,47.4515,0.157292
0.1304,47.5753,0.107306
0.1304,47.699,0.092194
0.1304,47.8227,0.056961
0.1304,47.9465,0.067454
0.1304,48.0702,0.080395
0.1304,48.194,0.076529
0.1304,48.3177,0.049818
0.1304,48.4415,0.061094
0.1304,48.5652,0.058366
0.1304,48.689,0.079391
0.1304,48.8127,0.066152
0.1304,48.9365,0.059626
0.1304,49.0602,0.066675
0.1304,49.1839,0.077605
0.1304,49.3077,0.059887
0.1304,49.4314,0.086048
0.1304,49.5552,0.069284
0.1304,49.6789,0.083009
0.1304,49.8027,0.062757
0.1304,49.9264,0.065632
0.1304,50.0502,0.086508
0.1304,50.1739,0.076451
0.1304,50.2977,0.059866
0.1304,50.4214,0.102241
0.1304,50.5452,0.080727
0.1304,50.6689,0.061236
0.1304,50.7926,0.08961
0.1304,50.9164,0.078615
0.1304,51.0401,0.101241
0.1304,51.1639,0.071479
0.1304,51.2876,0.079455
0.1304,51.4114,0.064731
0.1304,51.5351,0.071835
0.1304,51.6589,0.051937
0.1304,51.7826,0.063881
0.1304,51.9064,0.073004
0.1304,52.0301,0.081335
0.1304,52.1538,0.034836
0.1304,52.2776,0.044924
0.1304,52.4013,0.050228
0.1304,52.5251,0.037087
0.1304,52.6488,0.068829
0.1304,52.7726,0.033086
0.1304,52.8963,0.060963
0.1304,53.0201,0.052384
0.1304,53.1438,0.059364
0.1304,53.2676,0.061219
0.1304,53.3913,0.023694
0.1304,53.5151,0.066339
0.1304,53.6388,0.025784
0.1304,53.7625,0.042234
0.1304,53.8863,0.030373
0.1304,54.01,0.068211
0.1304,54.1338,0.066463
0.1304,54.2575,0.045498
0.1304,54.3813,0.063951
0.1304,54.505,0.069045
0.1304,54.6288,0.068436
0.1304,54.7525,0.038268
0.1304,54.8763,0.067132
0.1304,55.0,0.054981
0.1391,18.0,0.051678
0.1391,18.1237,0.055267
0.1391,18.2475,0.084098
0.1391,18.3712,0.080625
0.1391,18.495,0.044022
0.1391,18.6187,0.050841
0.1391,18.7425,0.069718
0.1391,18.8662,0.084767
0.1391,18.99,0.081857
0.1391,19.1137,0.06828
0.1391,19.2375,0.06351
0.1391,19.3612,0.071182
0.1391,19.4849,0.096782
0.1391,19.6087,0.092584
0.1391,19.7324,0.100385
0.1391,19.8562,0.068753
0.1391,19.9799,0.082332
0.1391,20.1037,0.073468
0.1391,20.2274,0.088539
0.1391,20.3512,0.056054
0.1391,20.4749,0.077378
0.1391,20.5987,0.072077
0.1391,20.7224,0.076551
0.1391,20.8462,0.075474
0.1391,20.9699,0.085204
0.1391,21.0936,0.082812
0.1391,21.2174,0.071527
0.1391,21.3411,0.065139
0.1391,21.4649,0.048371
0.1391,21.5886,0.086956
0.1391,21.7124,0.047417
0.1391,21.8361,0.055469
0.1391,21.9599,0.046783
0.1391,22.0836,0.034228
0.1391,22.2074,0.061122
0.1391,22.3311,0.049294
0.1391,22.4548,0.042198
0.1391,22.5786,0.062968
0.1391,22.7023,0.066108
0.1391,22.8261,0.06436
0.1391,22.9498,0.053519
0.1391,23.0736,0.054431
0.1391,23.1973,0.043452
0.1391,23.3211,0.041181
0.1391,23.4448,0.02435
0.1391,23.5686,0.058964
0.1391,23.6923,0.066157
0.1391,23.8161,0.087073
0.1391,23.9398,0.138053
0.1391,24.0635,0.242019
0.1391,24.1873,0.375589
0.1391,24.311,0.547542
0.1391,24.4348,0.748703
0.1391,24.5585,0.934649
0.1391,24.6823,1.069913
0.1391,24.806,1.125347
0.1391,24.9298,1.030987
0.1391,25.0535,0.879938
0.1391,25.1773,0.668431
0.1391,25.301,0.475982
0.1391,25.4247,0.316771
0.1391,25.5485,0.195121
0.1391,25.6722,0.15106
0.1391,25.796,0.106718
0.1391,25.9197,0.083391
0.1391,26.0435,0.078155
0.1391,26.1672,0.075418
0.1391,26.291,0.077779
0.1391,26.4147,0.078431
0.1391,26.5385,0.063612
0.1391,26.6622,0.107553
0.1391,26.786,0.071909
0.1391,26.9097,0.093092
0.1391,27.0334,0.064223
0.1391,27.1572,0.055036
0.1391,27.2809,0.056358
0.1391,27.4047,0.078802
0.1391,27.5284,0.035596
0.1391,27.6522,0.065996
0.1391,27.7759,0.046167
0.1391,27.8997,0.058925
0.1391,28.0234,0.056182
0.1391,28.1472,0.025532
0.1391,28.2709,0.024449
0.1391,28.3946,0.060193
0.1391,28.5184,0.053228
0.1391,28.6421,0.043758
0.1391,28.7659,0.054151
0.1391,28.8896,0.036061
0.1391,29.0134,0.039248
0.1391,29.1371,0.043955
0.1391,29.2609,0.032774
0.1391,29.3846,0.050935
0.1391,29.5084,0.069047
0.1391,29.6321,0.038656
0.1391,29.7559,0.042891
0.1391,29.8796,0.038123
0.1391,30.0033,0.042734
0.1391,30.1271,0.056218
0.1391,30.2508,0.071112
0.1391,30.3746,0.072063
0.1391,30.4983,0.054012
0.1391,30.6221,0.076089
0.1391,30.7458,0.072311
0.1391,30.8696,0.086117
0.1391,30.9933,0.072068
0.1391,31.1171,0.072755
0.1391,31.2408,0.102811
0.1391,31.3645,0.091526
0.1391,31.4883,0.069214
0.1391,31.612,0.088113
0.1391,31.7358,0.099103
0.1391,31.8595,0.081873
0.1391,31.9833,0.085526
0.1391,32.107,0.105399
0.1391,32.2308,0.057585
0.1391,32.3545,0.076229
0.1391,32.4783,0.051406
0.1391,32.602,0.05062
0.1391,32.7258,0.095069
0.1391,32.8495,0.077706
0.1391,32.9732,0.066294
0.1391,33.097,0.080975
0.1391,33.2207,0.085795
0.1391,33.3445,0.067539
0.1391,33.4682,0.098466
0.1391,33.592,0.148932
0.1391,33.7157,0.160696
0.1391,33.8395,0.215584
0.1391,33.9632,0.227343
0.1391,34.087,0.30925
0.1391,34.2107,0.400947
0.1391,34.3344,0.473409
0.1391,34.4582,0.590103
0.1391,34.5819,0.660486
0.1391,34.7057,0.697906
0.1391,34.8294,0.709906
0.1391,34.9532,0.776119
0.1391,35.0769,0.721114
0.1391,35.2007,0.659765
0.1391,35.3244,0.599852
0.1391,35.4482,0.485649
0.1391,35.5719,0.422325
0.1391,35.6957,0.345063
0.1391,35.8194,0.260164
0.1391,35.9431,0.21345
0.1391,36.0669,0.145931
0.1391,36.1906,0.101924
0.1391,36.3144,0.097318
0.1391,36.4381,0.053415
0.1391,36.5619,0.087543
0.1391,36.6856,0.074781
0.1391,36.8094,0.067882
0.1391,36.9331,0.06464
0.1391,37.0569,0.055677
0.1391,37.1806,0.088171
0.1391,37.3043,0.070802
0.1391,37.4281,0.064673
0.1391,37.5518,0.074389
0.1391,37.6756,0.112771
0.1391,37.7993,0.077256
0.1391,37.9231,0.069876
0.1391,38.0468,0.075852
0.1391,38.1706,0.066557
0.1391,38.2943,0.114222
0.1391,38.4181,0.077663
0.1391,38.5418,0.07321
0.1391,38.6656,0.089164
0.1391,38.7893,0.061281
0.1391,38.913,0.076634
0.1391,39.0368,0.081569
0.1391,39.1605,0.066936
0.1391,39.2843,0.093467
0.1391,39.408,0.042879
0.1391,39.5318,0.048096
0.1391,39.6555,0.045235
0.1391,39.7793,0.086719
0.1391,39.903,0.070255
0.1391,40.0268,0.045709
0.1391,40.1505,0.026224
0.1391,40.2742,0.028414
0.1391,40.398,0.047456
0.1391,40.5217,0.03
0.1391,40.6455,0.050002
0.1391,40.7692,0.045512
0.1391,40.893,0.039824
0.1391,41.0167,0.044994
0.1391,41.1405,0.033579
0.1391,41.2642,0.034411
0.1391,41.388,0.035218
0.1391,41.5117,0.069631
0.1391,41.6355,0.040133
0.1391,41.7592,0.056651
0.1391,41.8829,0.051135
0.1391,42.0067,0.059759
0.1391,42.1304,0.045048
0.1391,42.2542,0.056607
0.1391,42.3779,0.072314
0.1391,42.5017,0.051996
0.1391,42.6254,0.034902
0.1391,42.7492,0.037174
0.1391,42.8729,0.084243
0.1391,42.9967,0.058093
0.1391,43.1204,0.067438
0.1391,43.2441,0.096688
0.1391,43.3679,0.099312
0.1391,43.4916,0.076382
0.1391,43.6154,0.070655
0.1391,43.7391,0.066159
0.1391,43.8629,0.075521
0.1391,43.9866,0.076289
0.1391,44.1104,0.085749
0.1391,44.2341,0.074552
0.1391,44.3579,0.086859
0.1391,44.4816,0.072814
0.1391,44.6054,0.087658
0.1391,44.7291,0.104912
0.1391,44.8528,0.068369
0.1391,44.9766,0.067407
0.1391,45.1003,0.098419
0.1391,45.2241,0.070445
0.1391,45.3478,0.061702
0.1391,45.4716,0.086747
0.1391,45.5953,0.077515
0.1391,45.7191,0.082664
0.1391,45.8428,0.092071
0.1391,45.9666,0.121987
0.1391,46.0903,0.138936
0.1391,46.214,0.150992
0.1391,46.3378,0.227745
0.1391,46.4615,0.260384
0.1391,46.5853,0.295478
0.1391,46.709,0.304705
0.1391,46.8328,0.307633
0.1391,46.9565,0.288177
0.1391,47.0803,0.280873
0.1391,47.204,0.237773
0.1391,47.3278,0.175162
0.1391,47.4515,0.151906
0.1391,47.5753,0.137562
0.1391,47.699,0.115967
0.1391,47.8227,0.078822
0.1391,47.9465,0.063215
0.1391,48.0702,0.058325
0.1391,48.194,0.048095
0.1391,48.3177,0.056537
0.1391,48.4415,0.055319
0.1391,48.5652,0.05503
0.1391,48.689,0.057274
0.1391,48.8127,0.060307
0.1391,48.9365,0.059209
0.1391,49.0602,0.066666
0.1391,49.1839,0.081292
0.1391,49.3077,0.080134
0.1391,49.4314,0.075841
0.1391,49.5552,0.064782
0.1391,49.6789,0.072014
0.1391,49.8027,0.070809
0.1391,49.9264,0.075342
0.1391,50.0502,0.070733
0.1391,50.1739,0.096642
0.1391,50.2977,0.083296
0.1391,50.4214,0.063476
0.1391,50.5452,0.082376
0.1391,50.6689,0.081455
0.1391,50.7926,0.07563
0.1391,50.9164,0.078119
0.1391,51.0401,0.067273
0.1391,51.1639,0.093375
0.1391,51.2876,0.09017
0.1391,51.4114,0.079027
0.1391,51.5351,0.05099
0.1391,51.6589,0.081249
0.1391,51.7826,0.063686
0.1391,51.9064,0.035442
0.1391,52.0301,0.040804
0.1391,52.1538,0.043394
0.1391,52.2776,0.052338
0.1391,52.4013,0.055325
0.1391,52.5251,0.039053
0.1391,52.6488,0.036085
0.1391,52.7726,0.02328
0.1391,52.8963,0.043405
0.1391,53.0201,0.059576
0.1391,53.1438,0.041663
0.1391,53.2676,0.037041
0.1391,53.3913,0.052709
0.1391,53.5151,0.038666
0.1391,53.6388,0.083166
0.1391,53.7625,0.059438
0.1391,53.8863,0.040697
0.1391,54.01,0.058899
0.1391,54.1338,0.071777
0.1391,54.2575,0.07159
0.1391,54.3813,0.053756
0.1391,54.505,0.059162
0.1391,54.6288,0.057182
0.1391,54.7525,0.086668
0.1391,54.8763,0.07746
0.1391,55.0,0.064293
0.1478,18.0,0.067535
0.1478,18.1237,0.050569
0.1478,18.2475,0.076207
0.1478,18.3712,0.048222
0.1478,18.495,0.058427
0.1478,18.6187,0.055146
0.1478,18.7425,0.080685
0.1478,18.8662,0.056213
0.1478,18.99,0.065162
0.1478,19.1137,0.093637
0.1478,19.2375,0.075505
0.1478,19.3612,0.077682
0.1478,19.4849,0.102759
0.1478,19.6087,0.085916
0.1478,19.7324,0.071371
0.1478,19.8562,0.067613
0.1478,19.9799,0.058858
0.1478,20.1037,0.089746
0.1478,20.2274,0.08137
0.1478,20.3512,0.093794
0.1478,20.4749,0.086073
0.1478,20.5987,0.077187
0.1478,20.7224,0.071035
0.1478,20.8462,0.057961
0.1478,20.9699,0.074334
0.1478,21.0936,0.07724
0.1478,21.2174,0.082648
0.1478,21.3411,0.06606
0.1478,21.4649,0.064532
0.1478,21.5886,0.043866
0.1478,21.7124,0.037309
0.1478,21.8361,0.046806
0.1478,21.9599,0.05003
0.1478,22.0836,0.070911
0.1478,22.2074,0.045221
0.1478,22.3311,0.036546
0.1478,22.4548,0.039156
0.1478,22.5786,0.060953
0.1478,22.7023,0.058968
0.1478,22.8261,0.057487
0.1478,22.9498,0.06476
0.1478,23.0736,0.032449
0.1478,23.1973,0.030708
0.1478,23.3211,0.05551
0.1478,23.4448,0.045888
0.1478,23.5686,0.06812
0.1478,23.6923,0.101852
0.1478,23.8161,0.083922
0.1478,23.9398,0.16073
0.1478,24.0635,0.219482
0.1478,24.1873,0.358827
0.1478,24.311,0.541659
0.1478,24.4348,0.750766
0.1478,24.5585,0.939534
0.1478,24.6823,1.046258
0.1478,24.806,1.11401
0.1478,24.9298,1.05269
0.1478,25.0535,0.902326
0.1478,25.1773,0.721868
0.1478,25.301,0.508089
0.1478,25.4247,0.337233
0.1478,25.5485,0.244109
0.1478,25.6722,0.165004
0.1478,25.796,0.096022
0.1478,25.9197,0.095681
0.1478,26.0435,0.094467
0.1478,26.1672,0.076054
0.1478,26.291,0.067489
0.1478,26.4147,0.082651
0.1478,26.5385,0.074232
0.1478,26.6622,0.070908
0.1478,26.786,0.041462
0.1478,26.9097,0.076128
0.1478,27.0334,0.079167
0.1478,27.1572,0.091395
0.1478,27.2809,0.050503
0.1478,27.4047,0.071683
0.1478,27.5284,0.070083
0.1478,27.6522,0.060244
0.1478,27.7759,0.046438
0.1478,27.8997,0.063912
0.1478,28.0234,0.045914
0.1478,28.1472,0.028374
0.1478,28.2709,0.058972
0.1478,28.3946,0.047679
0.1478,28.5184,0.053031
0.1478,28.6421,0.029046
0.1478,28.7659,0.042375
0.1478,28.8896,0.033706
0.1478,29.0134,0.037823
0.1478,29.1371,0.055309
0.1478,29.2609,0.05284
0.1478,29.3846,0.06514
0.1478,29.5084,0.056504
0.1478,29.6321,0.044313
0.1478,29.7559,0.092909
0.1478,29.8796,0.038808
0.1478,30.0033,0.05594
0.1478,30.1271,0.049649
0.1478,30.2508,0.061839
0.1478,30.3746,0.058978
0.1478,30.4983,0.087405
0.1478,30.6221,0.091532
0.1478,30.7458,0.068504
0.1478,30.8696,0.071635
0.1478,30.9933,0.067051
0.1478,31.1171,0.096266
0.1478,31.2408,0.06619
0.1478,31.3645,0.06322
0.1478,31.4883,0.100644
0.1478,31.612,0.090874
0.1478,31.7358,0.084664
0.1478,31.8595,0.083934
0.1478,31.9833,0.079786
0.1478,32.107,0.099052
0.1478,32.2308,0.059081
0.1478,32.3545,0.081021
0.1478,32.4783,0.069369
0.1478,32.602,0.083397
0.1478,32.7258,0.045054
0.1478,32.8495,0.052364
0.1478,32.9732,0.075849
0.1478,33.097,0.051344
0.1478,33.2207,0.081701
0.1478,33.3445,0.087029
0.1478,33.4682,0.081463
0.1478,33.592,0.091657
0.1478,33.7157,0.152876
0.1478,33.8395,0.177697
0.1478,33.9632,0.234694
0.1478,34.087,0.306813
0.1478,34.2107,0.400773
0.1478,34.3344,0.470671
0.1478,34.4582,0.562753
0.1478,34.5819,0.656233
0.1478,34.7057,0.726615
0.1478,34.8294,0.711317
0.1478,34.9532,0.74001
0.1478,35.0769,0.716972
0.1478,35.2007,0.653609
0.1478,35.3244,0.573813
0.1478,35.4482,0.511985
0.1478,35.5719,0.390653
0.1478,35.6957,0.307402
0.1478,35.8194,0.269026
0.1478,35.9431,0.20421
0.1478,36.0669,0.15447
0.1478,36.1906,0.131158
0.1478,36.3144,0.079424
0.1478,36.4381,0.094005
0.1478,36.5619,0.108349
0.1478,36.6856,0.070171
0.1478,36.8094,0.070758
0.1478,36.9331,0.070988
0.1478,37.0569,0.106798
0.1478,37.1806,0.097747
0.1478,37.3043,0.074774
0.1478,37.4281,0.067817
0.1478,37.5518,0.069827
0.1478,37.6756,0.073075
0.1478,37.7993,0.071305
0.1478,37.9231,0.071801
0.1478,38.0468,0.062914
0.1478,38.1706,0.062532
0.1478,38.2943,0.07832
0.1478,38.4181,0.083742
0.1478,38.5418,0.071762
0.1478,38.6656,0.078714
0.1478,38.7893,0.072192
0.1478,38.913,0.077743
0.1478,39.0368,0.062778
0.1478,39.1605,0.080562
0.1478,39.2843,0.046819
0.1478,39.408,0.070652
0.1478,39.5318,0.054473
0.1478,39.6555,0.044858
0.1478,39.7793,0.042967
0.1478,39.903,0.063776
0.1478,40.0268,0.062811
0.1478,40.1505,0.061561
0.1478,40.2742,0.04062
0.1478,40.398,0.059369
0.1478,40.5217,0.056946
0.1478,40.6455,0.054531
0.1478,40.7692,0.052344
0.1478,40.893,0.031265
0.1478,41.0167,0.028435
0.1478,41.1405,0.046935
0.1478,41.2642,0.033575
0.1478,41.388,0.029086
0.1478,41.5117,0.056441
0.1478,41.6355,0.039252
0.1478,41.7592,0.05037
0.1478,41.8829,0.052046
0.1478,42.0067,0.050102
0.1478,42.1304,0.080542
0.1478,42.2542,0.055072
0.1478,42.3779,0.054432
0.1478,42.5017,0.062694
0.1478,42.6254,0.054956
0.1478,42.7492,0.073473
0.1478,42.8729,0.080445
0.1478,42.9967,0.084281
0.1478,43.1204,0.081539
0.1478,43.2441,0.057916
0.1478,43.3679,0.05584
0.1478,43.4916,0.067796
0.1478,43.6154,0.061392
0.1478,43.7391,0.092712
0.1478,43.8629,0.063014
0.1478,43.9866,0.07546
0.1478,44.1104,0.086154
0.1478,44.2341,0.064216
0.1478,44.3579,0.074156
0.1478,44.4816,0.081409
0.1478,44.6054,0.083818
0.1478,44.7291,0.073968
0.1478,44.8528,0.051863
0.1478,44.9766,0.091
0.1478,45.1003,0.078302
0.1478,45.2241,0.036628
0.1478,45.3478,0.0726
0.1478,45.4716,0.068063
0.1478,45.5953,0.057047
0.1478,45.7191,0.084741
0.1478,45.8428,0.089893
0.1478,45.9666,0.126624
0.1478,46.0903,0.139152
0.1478,46.214,0.172419
0.1478,46.3378,0.237051
0.1478,46.4615,0.255196
0.1478,46.5853,0.280299
0.1478,46.709,0.305047
0.1478,46.8328,0.312413
0.1478,46.9565,0.288406
0.1478,47.0803,0.256543
0.1478,47.204,0.235883
0.1478,47.3278,0.193972
0.1478,47.4515,0.178387
0.1478,47.5753,0.123528
0.1478,47.699,0.103595
0.1478,47.8227,0.08492
0.1478,47.9465,0.089248
0.1478,48.0702,0.061481
0.1478,48.194,0.072466
0.1478,48.3177,0.08324
0.1478,48.4415,0.043443
0.1478,48.5652,0.079513
0.1478,48.689,0.043734
0.1478,48.8127,0.063536
0.1478,48.9365,0.070081
0.1478,49.0602,0.08392
0.1478,49.1839,0.083821
0.1478,49.3077,0.079067
0.1478,49.4314,0.050906
0.1478,49.5552,0.077999
0.1478,49.6789,0.076216
0.1478,49.8027,0.087368
0.1478,49.9264,0.076208
0.1478,50.0502,0.076673
0.1478,50.1739,0.102565
0.1478,50.2977,0.098569
0.1478,50.4214,0.059416
0.1478,50.5452,0.075524
0.1478,50.6689,0.085579
0.1478,50.7926,0.052108
0.1478,50.9164,0.064659
0.1478,51.0401,0.063828
0.1478,51.1639,0.057965
0.1478,51.2876,0.051825
0.1478,51.4114,0.090771
0.1478,51.5351,0.057821
0.1478,51.6589,0.07412
0.1478,51.7826,0.075945
0.1478,51.9064,0.037565
0.1478,52.0301,0.032717
0.1478,52.1538,0.043372
0.1478,52.2776,0.0493
0.1478,52.4013,0.048354
0.1478,52.5251,0.015949
0.1478,52.6488,0.02466
0.1478,52.7726,0.043793
0.1478,52.8963,0.026389
0.1478,53.0201,0.060964
0.1478,53.1438,0.036026
0.1478,53.2676,0.05183
0.1478,53.3913,0.054358
0.1478,53.5151,0.027722
0.1478,53.6388,0.033919
0.1478,53.7625,0.043681
0.1478,53.8863,0.076347
0.1478,54.01,0.046267
0.1478,54.1338,0.056076
0.1478,54.2575,0.035276
0.1478,54.3813,0.060493
0.1478,54.505,0.057239
0.1478,54.6288,0.074167
0.1478,54.7525,0.051328
0.1478,54.8763,0.070719
0.1478,55.0,0.082968
0.1565,18.0,0.059093
0.1565,18.1237,0.056916
0.1565,18.2475,0.067514
0.1565,18.3712,0.059195
0.1565,18.495,0.067138
0.1565,18.6187,0.074135
0.1565,18.7425,0.057891
0.1565,18.8662,0.059211
0.1565,18.99,0.091787
0.1565,19.1137,0.06873
0.1565,19.2375,0.061629
0.1565,19.3612,0.055127
0.1565,19.4849,0.06291
0.1565,19.6087,0.08487
0.1565,19.7324,0.063843
0.1565,19.8562,0.076129
0.1565,19.9799,0.091214
0.1565,20.1037,0.07304
0.1565,20.2274,0.057583
0.1565,20.3512,0.063047
0.1565,20.4749,0.086632
0.1565,20.5987,0.069166
0.1565,20.7224,0.070512
0.1565,20.8462,0.087305
0.1565,20.9699,0.049849
0.1565,21.0936,0.086684
0.1565,21.2174,0.041614
0.1565,21.3411,0.068315
0.1565,21.4649,0.063862
0.1565,21.5886,0.063727
0.1565,21.7124,0.037403
0.1565,21.8361,0.064918
0.1565,21.9599,0.027912
0.1565,22.0836,0.054553
0.1565,22.2074,0.065383
0.1565,22.3311,0.061931
0.1565,22.4548,0.039528
0.1565,22.5786,0.036966
0.1565,22.7023,0.063914
0.1565,22.8261,0.048058
0.1565,22.9498,0.050743
0.1565,23.0736,0.042131
0.1565,23.1973,0.06
0.1565,23.3211,0.034145
0.1565,23.4448,0.061055
0.1565,23.5686,0.040386
0.1565,23.6923,0.061561
0.1565,23.8161,0.084646
0.1565,23.9398,0.132682
0.1565,24.0635,0.19192
0.1565,24.1873,0.324478
0.1565,24.311,0.48579
0.1565,24.4348,0.706931
0.1565,24.5585,0.902899
0.1565,24.6823,1.059863
0.1565,24.806,1.120204
0.1565,24.9298,1.072417
0.1565,25.0535,0.94855
0.1565,25.1773,0.775316
0.1565,25.301,0.550921
0.1565,25.4247,0.38333
0.1565,25.5485,0.216935
0.1565,25.6722,0.17642
0.1565,25.796,0.118478
0.1565,25.9197,0.087776
0.1565,26.0435,0.075074
0.1565,26.1672,0.076772
0.1565,26.291,0.08071
0.1565,26.4147,0.078287
0.1565,26.5385,0.059641
0.1565,26.6622,0.052305
0.1565,26.786,0.070798
0.1565,26.9097,0.09007
0.1565,27.0334,0.036059
0.1565,27.1572,0.05152
0.1565,27.2809,0.055679
0.1565,27.4047,0.065727
0.1565,27.5284,0.074831
0.1565,27.6522,0.071867
0.1565,27.7759,0.033647
0.1565,27.8997,0.058547
0.1565,28.0234,0.043353
0.1565,28.1472,0.046636
0.1565,28.2709,0.041134
0.1565,28.3946,0.042261
0.1565,28.5184,0.050048
0.1565,28.6421,0.047787
0.1565,28.7659,0.05523
0.1565,28.8896,0.062614
0.1565,29.0134,0.040497
0.1565,29.1371,0.044545
0.1565,29.2609,0.058841
0.1565,29.3846,0.048043
0.1565,29.5084,0.071721
0.1565,29.6321,0.051561
0.1565,29.7559,0.050056
0.1565,29.8796,0.070946
0.1565,30.0033,0.055686
0.1565,30.1271,0.055255
0.1565,30.2508,0.084786
0.1565,30.3746,0.102487
0.1565,30.4983,0.064794
0.1565,30.6221,0.063471
0.1565,30.7458,0.092433
0.1565,30.8696,0.075349
0.1565,30.9933,0.084723
0.1565,31.1171,0.075223
0.1565,31.2408,0.088287
0.1565,31.3645,0.064534
0.1565,31.4883,0.069102
0.1565,31.612,0.076585
0.1565,31.7358,0.088446
0.1565,31.8595,0.093802
0.1565,31.9833,0.064612
0.1565,32.107,0.065173
0.1565,32.2308,0.074463
0.1565,32.3545,0.073492
0.1565,32.4783,0.104353
0.1565,32.602,0.048507
0.1565,32.7258,0.057687
0.1565,32.8495,0.079755
0.1565,32.9732,0.082156
0.1565,33.097,0.078391
0.1565,33.2207,0.07651
0.1565,33.3445,0.094313
0.1565,33.4682,0.092662
0.1565,33.592,0.097017
0.1565,33.7157,0.154804
0.1565,33.8395,0.203797
0.1565,33.9632,0.229636
0.1565,34.087,0.311671
0.1565,34.2107,0.40659
0.1565,34.3344,0.480863
0.1565,34.4582,0.591113
0.1565,34.5819,0.6597
0.1565,34.7057,0.705971
0.1565,34.8294,0.72652
0.1565,34.9532,0.759666
0.1565,35.0769,0.700865
0.1565,35.2007,0.667672
0.1565,35.3244,0.590359
0.1565,35.4482,0.476549
0.1565,35.5719,0.380213
0.1565,35.6957,0.30718
0.1565,35.8194,0.233591
0.1565,35.9431,0.201864
0.1565,36.0669,0.168402
0.1565,36.1906,0.131933
0.1565,36.3144,0.09008
0.1565,36.4381,0.077074
0.1565,36.5619,0.073569
0.1565,36.6856,0.071469
0.1565,36.8094,0.064402
0.1565,36.9331,0.089223
0.1565,37.0569,0.070164
0.1565,37.1806,0.074373
0.1565,37.3043,0.074865
0.1565,37.4281,0.057256
0.1565,37.5518,0.08891
0.1565,37.6756,0.07879
0.1565,37.7993,0.108791
0.1565,37.9231,0.059044
0.1565,38.0468,0.069474
0.1565,38.1706,0.063673
0.1565,38.2943,0.078862
0.1565,38.4181,0.039271
0.1565,38.5418,0.092352
0.1565,38.6656,0.053119
0.1565,38.7893,0.076894
0.1565,38.913,0.059179
0.1565,39.0368,0.060838
0.1565,39.1605,0.058838
0.1565,39.2843,0.069218
0.1565,39.408,0.056497
0.1565,39.5318,0.054298
0.1565,39.6555,0.053289
0.1565,39.7793,0.061867
0.1565,39.903,0.061266
0.1565,40.0268,0.058788
0.1565,40.1505,0.05884
0.1565,40.2742,0.02468
0.1565,40.398,0.077808
0.1565,40.5217,0.040672
0.1565,40.6455,0.046044
0.1565,40.7692,0.033663
0.1565,40.893,0.039317
0.1565,41.0167,0.037177
0.1565,41.1405,0.052475
0.1565,41.2642,0.06568
0.1565,41.388,0.064964
0.1565,41.5117,0.02563
0.1565,41.6355,0.061815
0.1565,41.7592,0.060437
0.1565,41.8829,0.03985
0.1565,42.0067,0.074282
0.1565,42.1304,0.049213
0.1565,42.2542,0.048343
0.1565,42.3779,0.076311
0.1565,42.5017,0.068411
0.1565,42.6254,0.078239
0.1565,42.7492,0.067949
0.1565,42.8729,0.063587
0.1565,42.9967,0.063018
0.1565,43.1204,0.090172
0.1565,43.2441,0.066989
0.1565,43.3679,0.086122
0.1565,43.4916,0.066152
0.1565,43.6154,0.089783
0.1565,43.7391,0.066468
0.1565,43.8629,0.086085
0.1565,43.9866,0.078091
0.1565,44.1104,0.099783
0.1565,44.2341,0.057078
0.1565,44.3579,0.081435
0.1565,44.4816,0.085585
0.1565,44.6054,0.066648
0.1565,44.7291,0.085246
0.1565,44.8528,0.05992
0.1565,44.9766,0.081601
0.1565,45.1003,0.071941
0.1565,45.2241,0.068389
0.1565,45.3478,0.053986
0.1565,45.4716,0.061267
0.1565,45.5953,0.075582
0.1565,45.7191,0.075254
0.1565,45.8428,0.113837
0.1565,45.9666,0.095705
0.1565,46.0903,0.148324
0.1565,46.214,0.158497
0.1565,46.3378,0.217819
0.1565,46.4615,0.253142
0.1565,46.5853,0.273292
0.1565,46.709,0.304673
0.1565,46.8328,0.305598
0.1565,46.9565,0.294828
0.1565,47.0803,0.255308
0.1565,47.204,0.220607
0.1565,47.3278,0.198941
0.1565,47.4515,0.169526
0.1565,47.5753,0.111755
0.1565,47.699,0.086293
0.1565,47.8227,0.083514
0.1565,47.9465,0.076729
0.1565,48.0702,0.061992
0.1565,48.194,0.043111
0.1565,48.3177,0.048378
0.1565,48.4415,0.051152
0.1565,48.5652,0.060769
0.1565,48.689,0.082646
0.1565,48.8127,0.068894
0.1565,48.9365,0.072643
0.1565,49.0602,0.083368
0.1565,49.1839,0.051194
0.1565,49.3077,0.070328
0.1565,49.4314,0.073676
0.1565,49.5552,0.089661
0.1565,49.6789,0.066378
0.1565,49.8027,0.057792
0.1565,49.9264,0.080667
0.1565,50.0502,0.095601
0.1565,50.1739,0.049023
0.1565,50.2977,0.06569
0.1565,50.4214,0.065151
0.1565,50.5452,0.080676
0.1565,50.6689,0.082674
0.1565,50.7926,0.09271
0.1565,50.9164,0.063094
0.1565,51.0401,0.071545
0.1565,51.1639,0.053919
0.1565,51.2876,0.071065
0.1565,51.4114,0.062196
0.1565,51.5351,0.050414
0.1565,51.6589,0.0656
0.1565,51.7826,0.072662
0.1565,51.9064,0.048731
0.1565,52.0301,0.04907
0.1565,52.1538,0.066067
0.1565,52.2776,0.063119
0.1565,52.4013,0.052748
0.1565,52.5251,0.068783
0.1565,52.6488,0.036247
0.1565,52.7726,0.055183
0.1565,52.8963,0.047022
0.1565,53.0201,0.031582
0.1565,53.1438,0.052167
0.1565,53.2676,0.044658
0.1565,53.3913,0.060206
0.1565,53.5151,0.03728
0.1565,53.6388,0.065304
0.1565,53.7625,0.061954
0.1565,53.8863,0.055869
0.1565,54.01,0.08165
0.1565,54.1338,0.058027
0.1565,54.2575,0.046746
0.1565,54.3813,0.082173
0.1565,54.505,0.061868
0.1565,54.6288,0.04105
0.1565,54.7525,0.084414
0.1565,54.8763,0.096374
0.1565,55.0,0.054534
0.1652,18.0,0.064328
0.1652,18.1237,0.083
0.1652,18.2475,0.049086
0.1652,18.3712,0.072956
0.1652,18.495,0.078285
0.1652,18.6187,0.069031
0.1652,18.7425,0.076347
0.1652,18.8662,0.078649
0.1652,18.99,0.068046
0.1652,19.1137,0.083978
0.1652,19.2375,0.086014
0.1652,19.3612,0.064698
0.1652,19.4849,0.085466
0.1652,19.6087,0.111801
0.1652,19.7324,0.085495
0.1652,19.8562,0.084402
0.1652,19.9799,0.076799
0.1652,20.1037,0.086549
0.1652,20.2274,0.076769
0.1652,20.3512,0.076517
0.1652,20.4749,0.082893
0.1652,20.5987,0.080825
0.1652,20.7224,0.052478
0.1652,20.8462,0.062788
0.1652,20.9699,0.06013
0.1652,21.0936,0.076096
0.1652,21.2174,0.070473
0.1652,21.3411,0.041383
0.1652,21.4649,0.041813
0.1652,21.5886,0.052521
0.1652,21.7124,0.044421
0.1652,21.8361,0.045577
0.1652,21.9599,0.033087
0.1652,22.0836,0.031567
0.1652,22.2074,0.072993
0.1652,22.3311,0.045796
0.1652,22.4548,0.054344
0.1652,22.5786,0.053241
0.1652,22.7023,0.046278
0.1652,22.8261,0.039414
0.1652,22.9498,0.036339
0.1652,23.0736,0.046011
0.1652,23.1973,0.052524
0.1652,23.3211,0.052164
0.1652,23.4448,0.071134
0.1652,23.5686,0.05879
0.1652,23.6923,0.068929
0.1652,23.8161,0.08117
0.1652,23.9398,0.133268
0.1652,24.0635,0.199101
0.1652,24.1873,0.273919
0.1652,24.311,0.454254
0.1652,24.4348,0.674373
0.1652,24.5585,0.842715
0.1652,24.6823,1.029454
0.1652,24.806,1.10759
0.1652,24.9298,1.102766
0.1652,25.0535,0.96645
0.1652,25.1773,0.79429
0.1652,25.301,0.567479
0.1652,25.4247,0.407231
0.1652,25.5485,0.287097
0.1652,25.6722,0.162807
0.1652,25.796,0.127628
0.1652,25.9197,0.091474
0.1652,26.0435,0.068263
0.1652,26.1672,0.091103
0.1652,26.291,0.103278
0.1652,26.4147,0.080775
0.1652,26.5385,0.091447
0.1652,26.6622,0.06335
0.1652,26.786,0.079233
0.1652,26.9097,0.060177
0.1652,27.0334,0.05519
0.1652,27.1572,0.085568
0.1652,27.2809,0.061529
0.1652,27.4047,0.054463
0.1652,27.5284,0.056772
0.1652,27.6522,0.053272
0.1652,27.7759,0.040578
0.1652,27.8997,0.055263
0.1652,28.0234,0.022479
0.1652,28.1472,0.020619
0.1652,28.2709,0.064963
0.1652,28.3946,0.048985
0.1652,28.5184,0.049284
0.1652,28.6421,0.036487
0.1652,28.7659,0.03912
0.1652,28.8896,0.038226
0.1652,29.0134,0.044719
0.1652,29.1371,0.047223
0.1652,29.2609,0.04962
0.1652,29.3846,0.059478
0.1652,29.5084,0.041227
0.1652,29.6321,0.065195
0.1652,29.7559,0.067043
0.1652,29.8796,0.047692
0.1652,30.0033,0.069498
0.1652,30.1271,0.061528
0.1652,30.2508,0.057544
0.1652,30.3746,0.070303
0.1652,30.4983,0.060456
0.1652,30.6221,0.072349
0.1652,30.7458,0.085613
0.1652,30.8696,0.087359
0.1652,30.9933,0.082956
0.1652,31.1171,0.078509
0.1652,31.2408,0.068971
0.1652,31.3645,0.085121
0.1652,31.4883,0.065657
0.1652,31.612,0.067098
0.1652,31.7358,0.089529
0.1652,31.8595,0.068073
0.1652,31.9833,0.077327
0.1652,32.107,0.094612
0.1652,32.2308,0.09238
0.1652,32.3545,0.077149
0.1652,32.4783,0.083709
0.1652,32.602,0.069357
0.1652,32.7258,0.061818
0.1652,32.8495,0.073768
0.1652,32.9732,0.065879
0.1652,33.097,0.069907
0.1652,33.2207,0.064753
0.1652,33.3445,0.064066
0.1652,33.4682,0.097491
0.1652,33.592,0.118134
0.1652,33.7157,0.145716
0.1652,33.8395,0.185427
0.1652,33.9632,0.256656
0.1652,34.087,0.328773
0.1652,34.2107,0.417179
0.1652,34.3344,0.500948
0.1652,34.4582,0.566375
0.1652,34.5819,0.664136
0.1652,34.7057,0.709717
0.1652,34.8294,0.752984
0.1652,34.9532,0.727754
0.1652,35.0769,0.701804
0.1652,35.2007,0.659926
0.1652,35.3244,0.590151
0.1652,35.4482,0.480226
0.1652,35.5719,0.39178
0.1652,35.6957,0.322752
0.1652,35.8194,0.233479
0.1652,35.9431,0.2011
0.1652,36.0669,0.146459
0.1652,36.1906,0.117393
0.1652,36.3144,0.092965
0.1652,36.4381,0.058761
0.1652,36.5619,0.077932
0.1652,36.6856,0.064178
0.1652,36.8094,0.076603
0.1652,36.9331,0.064986
0.1652,37.0569,0.078316
0.1652,37.1806,0.067229
0.1652,37.3043,0.066335
0.1652,37.4281,0.081129
0.1652,37.5518,0.069944
0.1652,37.6756,0.103041
0.1652,37.7993,0.086788
0.1652,37.9231,0.082546
0.1652,38.0468,0.096605
0.1652,38.1706,0.07872
0.1652,38.2943,0.08049
0.1652,38.4181,0.041785
0.1652,38.5418,0.07018
0.1652,38.6656,0.070089
0.1652,38.7893,0.058961
0.1652,38.913,0.070366
0.1652,39.0368,0.048344
0.1652,39.1605,0.063384
0.1652,39.2843,0.063783
0.1652,39.408,0.054846
0.1652,39.5318,0.055485
0.1652,39.6555,0.068672
0.1652,39.7793,0.056852
0.1652,39.903,0.042236
0.1652,40.0268,0.037963
0.1652,40.1505,0.01432
0.1652,40.2742,0.042704
0.1652,40.398,0.041819
0.1652,40.5217,0.036529
0.1652,40.6455,0.050318
0.1652,40.7692,0.050761
0.1652,40.893,0.064912
0.1652,41.0167,0.043743
0.1652,41.1405,0.029689
0.1652,41.2642,0.048639
0.1652,41.388,0.064714
0.1652,41.5117,0.060264
0.1652,41.6355,0.053319
0.1652,41.7592,0.046403
0.1652,41.8829,0.04142
0.1652,42.0067,0.049769
0.1652,42.1304,0.061687
0.1652,42.2542,0.068386
0.1652,42.3779,0.069056
0.1652,42.5017,0.057252
0.1652,42.6254,0.070893
0.1652,42.7492,0.060827
0.1652,42.8729,0.095551
0.1652,42.9967,0.08646
0.1652,43.1204,0.062312
0.1652,43.2441,0.085282
0.1652,43.3679,0.092045
0.1652,43.4916,0.080184
0.1652,43.6154,0.090353
0.1652,43.7391,0.069854
0.1652,43.8629,0.091281
0.1652,43.9866,0.082016
0.1652,44.1104,0.086767
0.1652,44.2341,0.090718
0.1652,44.3579,0.074914
0.1652,44.4816,0.069674
0.1652,44.6054,0.090116
0.1652,44.7291,0.050487
0.1652,44.8528,0.071211
0.1652,44.9766,0.086756
0.1652,45.1003,0.063236
0.1652,45.2241,0.054577
0.1652,45.3478,0.0802
0.1652,45.4716,0.061604
0.1652,45.5953,0.073792
0.1652,45.7191,0.082878
0.1652,45.8428,0.082973
0.1652,45.9666,0.104982
0.1652,46.0903,0.140607
0.1652,46.214,0.168019
0.1652,46.3378,0.213808
0.1652,46.4615,0.267849
0.1652,46.5853,0.292325
0.1652,46.709,0.310721
0.1652,46.8328,0.316965
0.1652,46.9565,0.307407
0.1652,47.0803,0.277716
0.1652,47.204,0.241067
0.1652,47.3278,0.210143
0.1652,47.4515,0.167349
0.1652,47.5753,0.128566
0.1652,47.699,0.082223
0.1652,47.8227,0.064497
0.1652,47.9465,0.065627
0.1652,48.0702,0.060193
0.1652,48.194,0.080526
0.1652,48.3177,0.046
0.1652,48.4415,0.065164
0.1652,48.5652,0.034989
0.1652,48.689,0.05435
0.1652,48.8127,0.049082
0.1652,48.9365,0.067767
0.1652,49.0602,0.072702
0.1652,49.1839,0.053729
0.1652,49.3077,0.087487
0.1652,49.4314,0.07019
0.1652,49.5552,0.079597
0.1652,49.6789,0.078064
0.1652,49.8027,0.070006
0.1652,49.9264,0.069364
0.1652,50.0502,0.08281
0.1652,50.1739,0.091852
0.1652,50.2977,0.074629
0.1652,50.4214,0.074251
0.1652,50.5452,0.069806
0.1652,50.6689,0.069347
0.1652,50.7926,0.085217
0.1652,50.9164,0.051965
0.1652,51.0401,0.071563
0.1652,51.1639,0.06805
0.1652,51.2876,0.063893
0.1652,51.4114,0.045013
0.1652,51.5351,0.065197
0.1652,51.6589,0.061788
0.1652,51.7826,0.044039
0.1652,51.9064,0.038809
0.1652,52.0301,0.023692
0.1652,52.1538,0.043003
0.1652,52.2776,0.03282
0.1652,52.4013,0.058677
0.1652,52.5251,0.051949
0.1652,52.6488,0.018654
0.1652,52.7726,0.039427
0.1652,52.8963,0.046756
0.1652,53.0201,0.052158
0.1652,53.1438,0.042183
0.1652,53.2676,0.03625
0.1652,53.3913,0.044894
0.1652,53.5151,0.063231
0.1652,53.6388,0.083912
0.1652,53.7625,0.033561
0.1652,53.8863,0.056013
0.1652,54.01,0.048249
0.1652,54.1338,0.066531
0.1652,54.2575,0.0765
0.1652,54.3813,0.053433
0.1652,54.505,0.056547
0.1652,54.6288,0.062148
0.1652,54.7525,0.043907
0.1652,54.8763,0.094211
0.1652,55.0,0.080446
0.1739,18.0,0.075528
0.1739,18.1237,0.091453
0.1739,18.2475,0.057949
0.1739,18.3712,0.074618
0.1739,18.495,0.087707
0.1739,18.6187,0.075214
0.1739,18.7425,0.041398
0.1739,18.8662,0.087119
0.1739,18.99,0.085022
0.1739,19.1137,0.079872
0.1739,19.2375,0.078005
0.1739,19.3612,0.057226
0.1739,19.4849,0.092855
0.1739,19.6087,0.089331
0.1739,19.7324,0.077615
0.1739,19.8562,0.078698
0.1739,19.9799,0.07511
0.1739,20.1037,0.091211
0.1739,20.2274,0.038231
0.1739,20.3512,0.064212
0.1739,20.4749,0.07646
0.1739,20.5987,0.040569
0.1739,20.7224,0.062039
0.1739,20.8462,0.079077
0.1739,20.9699,0.082004
0.1739,21.0936,0.036123
0.1739,21.2174,0.035175
0.1739,21.3411,0.056725
0.1739,21.4649,0.068062
0.1739,21.5886,0.019265
0.1739,21.7124,0.040239
0.1739,21.8361,0.063659
0.1739,21.9599,0.056479
0.1739,22.0836,0.055414
0.1739,22.2074,0.057393
0.1739,22.3311,0.042424
0.1739,22.4548,0.041568
0.1739,22.5786,0.033782
0.1739,22.7023,0.036584
0.1739,22.8261,0.037813
0.1739,22.9498,0.040268
0.1739,23.0736,0.063369
0.1739,23.1973,0.044232
0.1739,23.3211,0.031671
0.1739,23.4448,0.065232
0.1739,23.5686,0.084003
0.1739,23.6923,0.06288
0.1739,23.8161,0.082851
0.1739,23.9398,0.150151
0.1739,24.0635,0.154136
0.1739,24.1873,0.262511
0.1739,24.311,0.437504
0.1739,24.4348,0.631085
0.1739,24.5585,0.811005
0.1739,24.6823,1.009498
0.1739,24.806,1.108781
0.1739,24.9298,1.12461
0.1739,25.0535,1.023038
0.1739,25.1773,0.826045
0.1739,25.301,0.611375
0.1739,25.4247,0.434002
0.1739,25.5485,0.303757
0.1739,25.6722,0.182438
0.1739,25.796,0.124687
0.1739,25.9197,0.090943
0.1739,26.0435,0.092769
0.1739,26.1672,0.079606
0.1739,26.291,0.059752
0.1739,26.4147,0.067758
0.1739,26.5385,0.074291
0.1739,26.6622,0.065165
0.1739,26.786,0.083358
0.1739,26.9097,0.065444
0.1739,27.0334,0.052188
0.1739,27.1572,0.049279
0.1739,27.2809,0.079193
0.1739,27.4047,0.042393
0.1739,27.5284,0.050189
0.1739,27.6522,0.060938
0.1739,27.7759,0.051311
0.1739,27.8997,0.049732
0.1739,28.0234,0.058805
0.1739,28.1472,0.054156
0.1739,28.2709,0.037071
0.1739,28.3946,0.061696
0.1739,28.5184,0.038663
0.1739,28.6421,0.026383
0.1739,28.7659,0.061382
0.1739,28.8896,0.078369
0.1739,29.0134,0.071925
0.1739,29.1371,0.045341
0.1739,29.2609,0.033117
0.1739,29.3846,0.060728
0.1739,29.5084,0.071442
0.1739,29.6321,0.050932
0.1739,29.7559,0.044471
0.1739,29.8796,0.076967
0.1739,30.0033,0.065032
0.1739,30.1271,0.066634
0.1739,30.2508,0.07516
0.1739,30.3746,0.064001
0.1739,30.4983,0.082968
0.1739,30.6221,0.070611
0.1739,30.7458,0.096964
0.1739,30.8696,0.066853
0.1739,30.9933,0.081621
0.1739,31.1171,0.091711
0.1739,31.2408,0.082571
0.1739,31.3645,0.081583
0.1739,31.4883,0.088849
0.1739,31.612,0.080065
0.1739,31.7358,0.079895
0.1739,31.8595,0.085913
0.1739,31.9833,0.095438
0.1739,32.107,0.059433
0.1739,32.2308,0.069225
0.1739,32.3545,0.06568
0.1739,32.4783,0.068922
0.1739,32.602,0.049095
0.1739,32.7258,0.070364
0.1739,32.8495,0.079378
0.1739,32.9732,0.053477
0.1739,33.097,0.085151
0.1739,33.2207,0.09159
0.1739,33.3445,0.073511
0.1739,33.4682,0.086493
0.1739,33.592,0.108676
0.1739,33.7157,0.139001
0.1739,33.8395,0.18801
0.1739,33.9632,0.274739
0.1739,34.087,0.330217
0.1739,34.2107,0.431641
0.1739,34.3344,0.482833
0.1739,34.4582,0.569114
0.1739,34.5819,0.674264
0.1739,34.7057,0.719605
0.1739,34.8294,0.748337
0.1739,34.9532,0.722882
0.1739,35.0769,0.715163
0.1739,35.2007,0.630411
0.1739,35.3244,0.56171
0.1739,35.4482,0.470124
0.1739,35.5719,0.400578
0.1739,35.6957,0.288698
0.1739,35.8194,0.244388
0.1739,35.9431,0.182333
0.1739,36.0669,0.163615
0.1739,36.1906,0.125272
0.1739,36.3144,0.078794
0.1739,36.4381,0.092141
0.1739,36.5619,0.089587
0.1739,36.6856,0.084247
0.1739,36.8094,0.072374
0.1739,36.9331,0.06965
0.1739,37.0569,0.062293
0.1739,37.1806,0.065828
0.1739,37.3043,0.075937
0.1739,37.4281,0.092183
0.1739,37.5518,0.068288
0.1739,37.6756,0.080981
0.1739,37.7993,0.119902
0.1739,37.9231,0.074123
0.1739,38.0468,0.097456
0.1739,38.1706,0.08316
0.1739,38.2943,0.080571
0.1739,38.4181,0.061942
0.1739,38.5418,0.076162
0.1739,38.6656,0.067022
0.1739,38.7893,0.074843
0.1739,38.913,0.057255
0.1739,39.0368,0.075211
0.1739,39.1605,0.070256
0.1739,39.2843,0.052398
0.1739,39.408,0.045512
0.1739,39.5318,0.038842
0.1739,39.6555,0.05096
0.1739,39.7793,0.047874
0.1739,39.903,0.052156
0.1739,40.0268,0.055672
0.1739,40.1505,0.052545
0.1739,40.2742,0.073503
0.1739,40.398,0.04151
0.1739,40.5217,0.027489
0.1739,40.6455,0.036658
0.1739,40.7692,0.050867
0.1739,40.893,0.043118
0.1739,41.0167,0.053616
0.1739,41.1405,0.048274
0.1739,41.2642,0.051725
0.1739,41.388,0.033891
0.1739,41.5117,0.053241
0.1739,41.6355,0.060301
0.1739,41.7592,0.048287
0.1739,41.8829,0.064518
0.1739,42.0067,0.065151
0.1739,42.1304,0.065649
0.1739,42.2542,0.060408
0.1739,42.3779,0.064814
0.1739,42.5017,0.086783
0.1739,42.6254,0.05521
0.1739,42.7492,0.06849
0.1739,42.8729,0.079859
0.1739,42.9967,0.077891
0.1739,43.1204,0.07835
0.1739,43.2441,0.09702
0.1739,43.3679,0.075021
0.1739,43.4916,0.07158
0.1739,43.6154,0.064452
0.1739,43.7391,0.058483
0.1739,43.8629,0.100118
0.1739,43.9866,0.1084
0.1739,44.1104,0.080712
0.1739,44.2341,0.075564
0.1739,44.3579,0.067319
0.1739,44.4816,0.106732
0.1739,44.6054,0.053653
0.1739,44.7291,0.056456
0.1739,44.8528,0.072312
0.1739,44.9766,0.081192
0.1739,45.1003,0.072572
0.1739,45.2241,0.067887
0.1739,45.3478,0.066784
0.1739,45.4716,0.065689
0.1739,45.5953,0.0695
0.1739,45.7191,0.079765
0.1739,45.8428,0.080036
0.1739,45.9666,0.0903
0.1739,46.0903,0.130628
0.1739,46.214,0.186267
0.1739,46.3378,0.227727
0.1739,46.4615,0.249982
0.1739,46.5853,0.307162
0.1739,46.709,0.315676
0.1739,46.8328,0.290694
0.1739,46.9565,0.31751
0.1739,47.0803,0.261913
0.1739,47.204,0.254338
0.1739,47.3278,0.191749
0.1739,47.4515,0.146702
0.1739,47.5753,0.124322
0.1739,47.699,0.107112
0.1739,47.8227,0.087219
0.1739,47.9465,0.088376
0.1739,48.0702,0.068153
0.1739,48.194,0.068159
0.1739,48.3177,0.048717
0.1739,48.4415,0.093389
0.1739,48.5652,0.071169
0.1739,48.689,0.059774
0.1739,48.8127,0.088567
0.1739,48.9365,0.080966
0.1739,49.0602,0.071817
0.1739,49.1839,0.065514
0.1739,49.3077,0.071793
0.1739,49.4314,0.079064
0.1739,49.5552,0.070187
0.1739,49.6789,0.076715
0.1739,49.8027,0.101902
0.1739,49.9264,0.07481
0.1739,50.0502,0.089701
0.1739,50.1739,0.081755
0.1739,50.2977,0.079002
0.1739,50.4214,0.052026
0.1739,50.5452,0.088043
0.1739,50.6689,0.057082
0.1739,50.7926,0.064107
0.1739,50.9164,0.051849
0.1739,51.0401,0.074557
0.1739,51.1639,0.052902
0.1739,51.2876,0.071541
0.1739,51.4114,0.065614
0.1739,51.5351,0.051106
0.1739,51.6589,0.0609
0.1739,51.7826,0.05407
0.1739,51.9064,0.041266
0.1739,52.0301,0.041976
0.1739,52.1538,0.047615
0.1739,52.2776,0.058293
0.1739,52.4013,0.057512
0.1739,52.5251,0.03206
0.1739,52.6488,0.066132
0.1739,52.7726,0.07667
0.1739,52.8963,0.046264
0.1739,53.0201,0.053081
0.1739,53.1438,0.026625
0.1739,53.2676,0.05584
0.1739,53.3913,0.03042
0.1739,53.5151,0.046141
0.1739,53.6388,0.065262
0.1739,53.7625,0.064141
0.1739,53.8863,0.072954
0.1739,54.01,0.066021
0.1739,54.1338,0.069622
0.1739,54.2575,0.078509
0.1739,54.3813,0.085558
0.1739,54.505,0.066685
0.1739,54.6288,0.080129
0.1739,54.7525,0.083394
0.1739,54.8763,0.066306
0.1739,55.0,0.079396
0.1826,18.0,0.070652
0.1826,18.1237,0.065065
0.1826,18.2475,0.084571
0.1826,18.3712,0.070081
0.1826,18.495,0.067321
0.1826,18.6187,0.073467
0.1826,18.7425,0.061493
0.1826,18.8662,0.096445
0.1826,18.99,0.081774
0.1826,19.1137,0.081302
0.1826,19.2375,0.083263
0.1826,19.3612,0.086212
0.1826,19.4849,0.086794
0.1826,19.6087,0.069414
0.1826,19.7324,0.08733
0.1826,19.8562,0.059629
0.1826,19.9799,0.070472
0.1826,20.1037,0.053869
0.1826,20.2274,0.070957
0.1826,20.3512,0.099646
0.1826,20.4749,0.074402
0.1826,20.5987,0.066365
0.1826,20.7224,0.056984
0.1826,20.8462,0.058363
0.1826,20.9699,0.073855
0.1826,21.0936,0.050972
0.1826,21.2174,0.059289
0.1826,21.3411,0.064703
0.1826,21.4649,0.050421
0.1826,21.5886,0.038479
0.1826,21.7124,0.039765
0.1826,21.8361,0.068341
0.1826,21.9599,0.04865
0.1826,22.0836,0.049023
0.1826,22.2074,0.043442
0.1826,22.3311,0.083441
0.1826,22.4548,0.037703
0.1826,22.5786,0.039718
0.1826,22.7023,0.021612
0.1826,22.8261,0.04972
0.1826,22.9498,0.06311
0.1826,23.0736,0.072355
0.1826,23.1973,0.036902
0.1826,23.3211,0.066424
0.1826,23.4448,0.04464
0.1826,23.5686,0.051908
0.1826,23.6923,0.057959
0.1826,23.8161,0.085058
0.1826,23.9398,0.125905
0.1826,24.0635,0.175208
0.1826,24.1873,0.259707
0.1826,24.311,0.400289
0.1826,24.4348,0.613919
0.1826,24.5585,0.793645
0.1826,24.6823,0.997259
0.1826,24.806,1.084396
0.1826,24.9298,1.114524
0.1826,25.0535,1.046433
0.1826,25.1773,0.869757
0.1826,25.301,0.665678
0.1826,25.4247,0.458133
0.1826,25.5485,0.331471
0.1826,25.6722,0.219318
0.1826,25.796,0.132327
0.1826,25.9197,0.094167
0.1826,26.0435,0.080528
0.1826,26.1672,0.079185
0.1826,26.291,0.068956
0.1826,26.4147,0.078395
0.1826,26.5385,0.058755
0.1826,26.6622,0.068761
0.1826,26.786,0.037632
0.1826,26.9097,0.054423
0.1826,27.0334,0.088969
0.1826,27.1572,0.042764
0.1826,27.2809,0.075978
0.1826,27.4047,0.06027
0.1826,27.5284,0.034628
0.1826,27.6522,0.048921
0.1826,27.7759,0.059491
0.1826,27.8997,0.038819
0.1826,28.0234,0.050523
0.1826,28.1472,0.062743
0.1826,28.2709,0.045023
0.1826,28.3946,0.038469
0.1826,28.5184,0.034627
0.1826,28.6421,0.013195
0.1826,28.7659,0.039927
0.1826,28.8896,0.035039
0.1826,29.0134,0.047002
0.1826,29.1371,0.027306
0.1826,29.2609,0.059905
0.1826,29.3846,0.05449
0.1826,29.5084,0.074415
0.1826,29.6321,0.062209
0.1826,29.7559,0.05676
0.1826,29.8796,0.069919
0.1826,30.0033,0.054782
0.1826,30.1271,0.07219
0.1826,30.2508,0.086841
0.1826,30.3746,0.055965
0.1826,30.4983,0.069942
0.1826,30.6221,0.086419
0.1826,30.7458,0.060811
0.1826,30.8696,0.089422
0.1826,30.9933,0.078036
0.1826,31.1171,0.078166
0.1826,31.2408,0.064386
0.1826,31.3645,0.067487
0.1826,31.4883,0.082916
0.1826,31.612,0.061985
0.1826,31.7358,0.077584
0.1826,31.8595,0.061928
0.1826,31.9833,0.095905
0.1826,32.107,0.07891
0.1826,32.2308,0.082552
0.1826,32.3545,0.054435
0.1826,32.4783,0.05243
0.1826,32.602,0.062288
0.1826,32.7258,0.069404
0.1826,32.8495,0.067713
0.1826,32.9732,0.058505
0.1826,33.097,0.066379
0.1826,33.2207,0.072287
0.1826,33.3445,0.046819
0.1826,33.4682,0.08991
0.1826,33.592,0.112045
0.1826,33.7157,0.155513
0.1826,33.8395,0.188383
0.1826,33.9632,0.238765
0.1826,34.087,0.349025
0.1826,34.2107,0.42702
0.1826,34.3344,0.507673
0.1826,34.4582,0.58869
0.1826,34.5819,0.664166
0.1826,34.7057,0.720947
0.1826,34.8294,0.75399
0.1826,34.9532,0.74837
0.1826,35.0769,0.718189
0.1826,35.2007,0.650438
0.1826,35.3244,0.541157
0.1826,35.4482,0.490977
0.1826,35.5719,0.383878
0.1826,35.6957,0.275186
0.1826,35.8194,0.244722
0.1826,35.9431,0.176171
0.1826,36.0669,0.140235
0.1826,36.1906,0.107597
0.1826,36.3144,0.119412
0.1826,36.4381,0.05898
0.1826,36.5619,0.074994
0.1826,36.6856,0.069789
0.1826,36.8094,0.082902
0.1826,36.9331,0.079962
0.1826,37.0569,0.078714
0.1826,37.1806,0.08683
0.1826,37.3043,0.072896
0.1826,37.4281,0.078036
0.1826,37.5518,0.079022
0.1826,37.6756,0.082117
0.1826,37.7993,0.061307
0.1826,37.9231,0.094698
0.1826,38.0468,0.120819
0.1826,38.1706,0.074863
0.1826,38.2943,0.076461
0.1826,38.4181,0.090375
0.1826,38.5418,0.061436
0.1826,38.6656,0.044373
0.1826,38.7893,0.048366
0.1826,38.913,0.058928
0.1826,39.0368,0.053407
0.1826,39.1605,0.066799
0.1826,39.2843,0.046163
0.1826,39.408,0.050773
0.1826,39.5318,0.061898
0.1826,39.6555,0.044131
0.1826,39.7793,0.042028
0.1826,39.903,0.053861
0.1826,40.0268,0.045097
0.1826,40.1505,0.044803
0.1826,40.2742,0.027224
0.1826,40.398,0.046095
0.1826,40.5217,0.036271
0.1826,40.6455,0.066624
0.1826,40.7692,0.063498
0.1826,40.893,0.013434
0.1826,41.0167,0.054793
0.1826,41.1405,0.043631
0.1826,41.2642,0.037193
0.1826,41.388,0.04818
0.1826,41.5117,0.045767
0.1826,41.6355,0.058093
0.1826,41.7592,0.046939
0.1826,41.8829,0.084692
0.1826,42.0067,0.047523
0.1826,42.1304,0.05802
0.1826,42.2542,0.050568
0.1826,42.3779,0.068577
0.1826,42.5017,0.057902
0.1826,42.6254,0.090216
0.1826,42.7492,0.081857
0.1826,42.8729,0.076306
0.1826,42.9967,0.094482
0.1826,43.1204,0.079346
0.1826,43.2441,0.053131
0.1826,43.3679,0.097872
0.1826,43.4916,0.072017
0.1826,43.6154,0.069338
0.1826,43.7391,0.062277
0.1826,43.8629,0.085195
0.1826,43.9866,0.0763
0.1826,44.1104,0.064723
0.1826,44.2341,0.07005
0.1826,44.3579,0.05661
0.1826,44.4816,0.071655
0.1826,44.6054,0.068229
0.1826,44.7291,0.075341
0.1826,44.8528,0.057548
0.1826,44.9766,0.080528
0.1826,45.1003,0.068322
0.1826,45.2241,0.057713
0.1826,45.3478,0.044451
0.1826,45.4716,0.059127
0.1826,45.5953,0.057989
0.1826,45.7191,0.086731
0.1826,45.8428,0.091084
0.1826,45.9666,0.117625
0.1826,46.0903,0.152647
0.1826,46.214,0.178816
0.1826,46.3378,0.221603
0.1826,46.4615,0.267364
0.1826,46.5853,0.289524
0.1826,46.709,0.293872
0.1826,46.8328,0.315194
0.1826,46.9565,0.318729
0.1826,47.0803,0.30435
0.1826,47.204,0.228887
0.1826,47.3278,0.209465
0.1826,47.4515,0.150231
0.1826,47.5753,0.140663
0.1826,47.699,0.088045
0.1826,47.8227,0.107921
0.1826,47.9465,0.071522
0.1826,48.0702,0.043518
0.1826,48.194,0.047849
0.1826,48.3177,0.087176
0.1826,48.4415,0.068963
0.1826,48.5652,0.045043
0.1826,48.689,0.075528
0.1826,48.8127,0.082511
0.1826,48.9365,0.09384
0.1826,49.0602,0.081517
0.1826,49.1839,0.055047
0.1826,49.3077,0.089048
0.1826,49.4314,0.090271
0.1826,49.5552,0.079873
0.1826,49.6789,0.085267
0.1826,49.8027,0.078866
0.1826,49.9264,0.070294
0.1826,50.0502,0.054113
0.1826,50.1739,0.079395
0.1826,50.2977,0.053077
0.1826,50.4214,0.075697
0.1826,50.5452,0.082937
0.1826,50.6689,0.070105
0.1826,50.7926,0.096878
0.1826,50.9164,0.086183
0.1826,51.0401,0.069365
0.1826,51.1639,0.067067
0.1826,51.2876,0.065842
0.1826,51.4114,0.077575
0.1826,51.5351,0.056951
0.1826,51.6589,0.061064
0.1826,51.7826,0.059152
0.1826,51.9064,0.051155
0.1826,52.0301,0.039269
0.1826,52.1538,0.043879
0.1826,52.2776,0.061069
0.1826,52.4013,0.045172
0.1826,52.5251,0.015295
0.1826,52.6488,0.053394
0.1826,52.7726,0.055376
0.1826,52.8963,0.035653
0.1826,53.0201,0.054147
0.1826,53.1438,0.048315
0.1826,53.2676,0.033611
0.1826,53.3913,0.047382
0.1826,53.5151,0.037049
0.1826,53.6388,0.064777
0.1826,53.7625,0.054449
0.1826,53.8863,0.074165
0.1826,54.01,0.048009
0.1826,54.1338,0.073784
0.1826,54.2575,0.076491
0.1826,54.3813,0.065376
0.1826,54.505,0.07954
0.1826,54.6288,0.064281
0.1826,54.7525,0.071369
0.1826,54.8763,0.074197
0.1826,55.0,0.048111
0.1913,18.0,0.062665
0.1913,18.1237,0.068959
0.1913,18.2475,0.066503
0.1913,18.3712,0.071347
0.1913,18.495,0.056596
0.1913,18.6187,0.100274
0.1913,18.7425,0.069232
0.1913,18.8662,0.094718
0.1913,18.99,0.07151
0.1913,19.1137,0.082711
0.1913,19.2375,0.074886
0.1913,19.3612,0.059107
0.1913,19.4849,0.05326
0.1913,19.6087,0.076673
0.1913,19.7324,0.084502
0.1913,19.8562,0.091349
0.1913,19.9799,0.079402
0.1913,20.1037,0.044361
0.1913,20.2274,0.062254
0.1913,20.3512,0.078913
0.1913,20.4749,0.06778
0.1913,20.5987,0.066505
0.1913,20.7224,0.065871
0.1913,20.8462,0.0413
0.1913,20.9699,0.056188
0.1913,21.0936,0.043168
0.1913,21.2174,0.057393
0.1913,21.3411,0.047501
0.1913,21.4649,0.06592
0.1913,21.5886,0.04832
0.1913,21.7124,0.042469
0.1913,21.8361,0.041649
0.1913,21.9599,0.050231
0.1913,22.0836,0.056115
0.1913,22.2074,0.038831
0.1913,22.3311,0.035155
0.1913,22.4548,0.043717
0.1913,22.5786,0.050932
0.1913,22.7023,0.049069
0.1913,22.8261,0.015137
0.1913,22.9498,0.055343
0.1913,23.0736,0.0607
0.1913,23.1973,0.054617
0.1913,23.3211,0.057638
0.1913,23.4448,0.050718
0.1913,23.5686,0.075216
0.1913,23.6923,0.048388
0.1913,23.8161,0.100358
0.1913,23.9398,0.103895
0.1913,24.0635,0.18623
0.1913,24.1873,0.224378
0.1913,24.311,0.372962
0.1913,24.4348,0.548611
0.1913,24.5585,0.751601
0.1913,24.6823,0.953314
0.1913,24.806,1.072446
0.1913,24.9298,1.10619
0.1913,25.0535,1.082746
0.1913,25.1773,0.921683
0.1913,25.301,0.729564
0.1913,25.4247,0.506882
0.1913,25.5485,0.339697
0.1913,25.6722,0.215736
0.1913,25.796,0.146678
0.1913,25.9197,0.123335
0.1913,26.0435,0.07095
0.1913,26.1672,0.068845
0.1913,26.291,0.077328
0.1913,26.4147,0.080622
0.1913,26.5385,0.05935
0.1913,26.6622,0.050378
0.1913,26.786,0.058103
0.1913,26.9097,0.065362
0.1913,27.0334,0.082111
0.1913,27.1572,0.061792
0.1913,27.2809,0.035517
0.1913,27.4047,0.059688
0.1913,27.5284,0.063592
0.1913,27.6522,0.054068
0.1913,27.7759,0.042881
0.1913,27.8997,0.057836
0.1913,28.0234,0.042361
0.1913,28.1472,0.026874
0.1913,28.2709,0.021121
0.1913,28.3946,0.04521
0.1913,28.5184,0.012602
0.1913,28.6421,0.031542
0.1913,28.7659,0.059635
0.1913,28.8896,0.05921
0.1913,29.0134,0.067954
0.1913,29.1371,0.075257
0.1913,29.2609,0.03598
0.1913,29.3846,0.050914
0.1913,29.5084,0.050571
0.1913,29.6321,0.039707
0.1913,29.7559,0.051962
0.1913,29.8796,0.079645
0.1913,30.0033,0.070529
0.1913,30.1271,0.081689
0.1913,30.2508,0.062435
0.1913,30.3746,0.080024
0.1913,30.4983,0.086419
0.1913,30.6221,0.066164
0.1913,30.7458,0.079145
0.1913,30.8696,0.087231
0.1913,30.9933,0.063961
0.1913,31.1171,0.085567
0.1913,31.2408,0.067089
0.1913,31.3645,0.088779
0.1913,31.4883,0.077035
0.1913,31.612,0.087549
0.1913,31.7358,0.087346
0.1913,31.8595,0.073037
0.1913,31.9833,0.091513
0.1913,32.107,0.076927
0.1913,32.2308,0.05545
0.1913,32.3545,0.061972
0.1913,32.4783,0.066942
0.1913,32.602,0.058502
0.1913,32.7258,0.059807
0.1913,32.8495,0.058139
0.1913,32.9732,0.085698
0.1913,33.097,0.05716
0.1913,33.2207,0.064215
0.1913,33.3445,0.105456
0.1913,33.4682,0.099338
0.1913,33.592,0.124357
0.1913,33.7157,0.154639
0.1913,33.8395,0.215633
0.1913,33.9632,0.262321
0.1913,34.087,0.346298
0.1913,34.2107,0.424956
0.1913,34.3344,0.523035
0.1913,34.4582,0.618524
0.1913,34.5819,0.693675
0.1913,34.7057,0.727177
0.1913,34.8294,0.743082
0.1913,34.9532,0.768576
0.1913,35.0769,0.68275
0.1913,35.2007,0.629013
0.1913,35.3244,0.546906
0.1913,35.4482,0.457097
0.1913,35.5719,0.373374
0.1913,35.6957,0.314128
0.1913,35.8194,0.235193
0.1913,35.9431,0.199748
0.1913,36.0669,0.132929
0.1913,36.1906,0.107669
0.1913,36.3144,0.07833
0.1913,36.4381,0.103019
0.1913,36.5619,0.069484
0.1913,36.6856,0.077774
0.1913,36.8094,0.08863
0.1913,36.9331,0.071393
0.1913,37.0569,0.074605
0.1913,37.1806,0.072252
0.1913,37.3043,0.088231
0.1913,37.4281,0.103343
0.1913,37.5518,0.085102
0.1913,37.6756,0.088591
0.1913,37.7993,0.08022
0.1913,37.9231,0.087301
0.1913,38.0468,0.093605
0.1913,38.1706,0.077785
0.1913,38.2943,0.058217
0.1913,38.4181,0.049254
0.1913,38.5418,0.052616
0.1913,38.6656,0.075867
0.1913,38.7893,0.043953
0.1913,38.913,0.079274
0.1913,39.0368,0.055122
0.1913,39.1605,0.057394
0.1913,39.2843,0.062759
0.1913,39.408,0.047876
0.1913,39.5318,0.025109
0.1913,39.6555,0.064354
0.1913,39.7793,0.05075
0.1913,39.903,0.020279
0.1913,40.0268,0.04413
0.1913,40.1505,0.060657
0.1913,40.2742,0.059586
0.1913,40.398,0.034339
0.1913,40.5217,0.040687
0.1913,40.6455,0.036873
0.1913,40.7692,0.059575
0.1913,40.893,0.052149
0.1913,41.0167,0.065376
0.1913,41.1405,0.039165
0.1913,41.2642,0.052264
0.1913,41.388,0.057649
0.1913,41.5117,0.075786
0.1913,41.6355,0.029379
0.1913,41.7592,0.048603
0.1913,41.8829,0.042023
0.1913,42.0067,0.057008
0.1913,42.1304,0.066238
0.1913,42.2542,0.069559
0.1913,42.3779,0.066687
0.1913,42.5017,0.065834
0.1913,42.6254,0.093969
0.1913,42.7492,0.072855
0.1913,42.8729,0.092226
0.1913,42.9967,0.063819
0.1913,43.1204,0.057583
0.1913,43.2441,0.091524
0.1913,43.3679,0.083637
0.1913,43.4916,0.075496
0.1913,43.6154,0.077444
0.1913,43.7391,0.0853
0.1913,43.8629,0.068017
0.1913,43.9866,0.078591
0.1913,44.1104,0.051359
0.1913,44.2341,0.085564
0.1913,44.3579,0.06337
0.1913,44.4816,0.087315
0.1913,44.6054,0.078362
0.1913,44.7291,0.041238
0.1913,44.8528,0.064984
0.1913,44.9766,0.084794
0.1913,45.1003,0.046302
0.1913,45.2241,0.047498
0.1913,45.3478,0.06351
0.1913,45.4716,0.062275
0.1913,45.5953,0.05493
0.1913,45.7191,0.077506
0.1913,45.8428,0.092322
0.1913,45.9666,0.123727
0.1913,46.0903,0.159699
0.1913,46.214,0.177585
0.1913,46.3378,0.233168
0.1913,46.4615,0.266827
0.1913,46.5853,0.288308
0.1913,46.709,0.306102
0.1913,46.8328,0.31189
0.1913,46.9565,0.300773
0.1913,47.0803,0.270072
0.1913,47.204,0.243615
0.1913,47.3278,0.213673
0.1913,47.4515,0.167778
0.1913,47.5753,0.14415
0.1913,47.699,0.084054
0.1913,47.8227,0.115013
0.1913,47.9465,0.082363
0.1913,48.0702,0.095091
0.1913,48.194,0.048787
0.1913,48.3177,0.07551
0.1913,48.4415,0.05716
0.1913,48.5652,0.066888
0.1913,48.689,0.096825
0.1913,48.8127,0.089081
0.1913,48.9365,0.089034
0.1913,49.0602,0.078014
0.1913,49.1839,0.073532
0.1913,49.3077,0.079403
0.1913,49.4314,0.086077
0.1913,49.5552,0.076836
0.1913,49.6789,0.092103
0.1913,49.8027,0.077366
0.1913,49.9264,0.08315
0.1913,50.0502,0.060801
0.1913,50.1739,0.070243
0.1913,50.2977,0.09664
0.1913,50.4214,0.081816
0.1913,50.5452,0.055256
0.1913,50.6689,0.071323
0.1913,50.7926,0.067276
0.1913,50.9164,0.066808
0.1913,51.0401,0.074586
0.1913,51.1639,0.05304
0.1913,51.2876,0.049546
0.1913,51.4114,0.04127
0.1913,51.5351,0.059314
0.1913,51.6589,0.048499
0.1913,51.7826,0.035745
0.1913,51.9064,0.044996
0.1913,52.0301,0.076907
0.1913,52.1538,0.033689
0.1913,52.2776,0.060285
0.1913,52.4013,0.06048
0.1913,52.5251,0.052618
0.1913,52.6488,0.057228
0.1913,52.7726,0.013027
0.1913,52.8963,0.070204
0.1913,53.0201,0.069153
0.1913,53.1438,0.04874
0.1913,53.2676,0.066377
0.1913,53.3913,0.050619
0.1913,53.5151,0.066234
0.1913,53.6388,0.057134
0.1913,53.7625,0.029217
0.1913,53.8863,0.054488
0.1913,54.01,0.052469
0.1913,54.1338,0.065707
0.1913,54.2575,0.083154
0.1913,54.3813,0.073145
0.1913,54.505,0.083274
0.1913,54.6288,0.060216
0.1913,54.7525,0.067349
0.1913,54.8763,0.063247
0.1913,55.0,0.070189
0.2,18.0,0.089972
0.2,18.1237,0.093612
0.2,18.2475,0.088539
0.2,18.3712,0.076198
0.2,18.495,0.079122
0.2,18.6187,0.076371
0.2,18.7425,0.053615
0.2,18.8662,0.062824
0.2,18.99,0.077286
0.2,19.1137,0.068757
0.2,19.2375,0.078379
0.2,19.3612,0.097112
0.2,19.4849,0.08128
0.2,19.6087,0.09226
0.2,19.7324,0.085989
0.2,19.8562,0.060661
0.2,19.9799,0.100542
0.2,20.1037,0.071712
0.2,20.2274,0.064062
0.2,20.3512,0.09784
0.2,20.4749,0.067573
0.2,20.5987,0.062975
0.2,20.7224,0.0869
0.2,20.8462,0.059926
0.2,20.9699,0.067302
0.2,21.0936,0.056045
0.2,21.2174,0.064524
0.2,21.3411,0.05142
0.2,21.4649,0.038683
0.2,21.5886,0.051587
0.2,21.7124,0.032683
0.2,21.8361,0.061281
0.2,21.9599,0.036452
0.2,22.0836,0.050782
0.2,22.2074,0.053276
0.2,22.3311,0.058508
0.2,22.4548,0.029874
0.2,22.5786,0.03234
0.2,22.7023,0.043229
0.2,22.8261,0.037366
0.2,22.9498,0.030044
0.2,23.0736,0.067437
0.2,23.1973,0.041236
0.2,23.3211,0.041587
0.2,23.4448,0.063042
0.2,23.5686,0.050949
0.2,23.6923,0.055695
0.2,23.8161,0.114456
0.2,23.9398,0.109895
0.2,24.0635,0.151561
0.2,24.1873,0.240933
0.2,24.311,0.342029
0.2,24.4348,0.497961
0.2,24.5585,0.732582
0.2,24.6823,0.904724
0.2,24.806,1.062117
0.2,24.9298,1.142046
0.2,25.0535,1.079659
0.2,25.1773,0.963907
0.2,25.301,0.763774
0.2,25.4247,0.556742
0.2,25.5485,0.369231
0.2,25.6722,0.245989
0.2,25.796,0.173318
0.2,25.9197,0.126097
0.2,26.0435,0.089136
0.2,26.1672,0.081355
0.2,26.291,0.062848
0.2,26.4147,0.075397
0.2,26.5385,0.078227
0.2,26.6622,0.056285
0.2,26.786,0.061958
0.2,26.9097,0.0746
0.2,27.0334,0.06418
0.2,27.1572,0.06628
0.2,27.2809,0.034881
0.2,27.4047,0.067292
0.2,27.5284,0.046982
0.2,27.6522,0.056065
0.2,27.7759,0.039137
0.2,27.8997,0.045479
0.2,28.0234,0.033866
0.2,28.1472,0.050089
0.2,28.2709,0.062243
0.2,28.3946,0.049645
0.2,28.5184,0.05308
0.2,28.6421,0.036045
0.2,28.7659,0.049139
0.2,28.8896,0.04895
0.2,29.0134,0.038864
0.2,29.1371,0.043279
0.2,29.2609,0.058816
0.2,29.3846,0.029813
0.2,29.5084,0.051497
0.2,29.6321,0.061775
0.2,29.7559,0.042784
0.2,29.8796,0.077523
0.2,30.0033,0.065156
0.2,30.1271,0.055667
0.2,30.2508,0.11268
0.2,30.3746,0.069497
0.2,30.4983,0.064128
0.2,30.6221,0.077068
0.2,30.7458,0.08009
0.2,30.8696,0.058426
0.2,30.9933,0.080916
0.2,31.1171,0.098631
0.2,31.2408,0.094121
0.2,31.3645,0.113882
0.2,31.4883,0.07746
0.2,31.612,0.073055
0.2,31.7358,0.087788
0.2,31.8595,0.101566
0.2,31.9833,0.067551
0.2,32.107,0.054336
0.2,32.2308,0.06993
0.2,32.3545,0.069453
0.2,32.4783,0.058917
0.2,32.602,0.065719
0.2,32.7258,0.070341
0.2,32.8495,0.036394
0.2,32.9732,0.066628
0.2,33.097,0.079985
0.2,33.2207,0.047888
0.2,33.3445,0.082986
0.2,33.4682,0.082629
0.2,33.592,0.116964
0.2,33.7157,0.155572
0.2,33.8395,0.22972
0.2,33.9632,0.263807
0.2,34.087,0.352438
0.2,34.2107,0.436913
0.2,34.3344,0.538071
0.2,34.4582,0.617505
0.2,34.5819,0.661673
0.2,34.7057,0.729118
0.2,34.8294,0.751652
0.2,34.9532,0.725528
0.2,35.0769,0.688348
0.2,35.2007,0.616936
0.2,35.3244,0.524398
0.2,35.4482,0.452784
0.2,35.5719,0.356031
0.2,35.6957,0.27247
0.2,35.8194,0.223686
0.2,35.9431,0.166819
0.2,36.0669,0.143586
0.2,36.1906,0.113918
0.2,36.3144,0.126476
0.2,36.4381,0.102588
0.2,36.5619,0.059587
0.2,36.6856,0.085356
0.2,36.8094,0.09808
0.2,36.9331,0.081615
0.2,37.0569,0.101428
0.2,37.1806,0.070638
0.2,37.3043,0.074855
0.2,37.4281,0.087175
0.2,37.5518,0.097091
0.2,37.6756,0.055622
0.2,37.7993,0.078173
0.2,37.9231,0.073984
0.2,38.0468,0.063146
0.2,38.1706,0.069078
0.2,38.2943,0.074989
0.2,38.4181,0.081613
0.2,38.5418,0.074282
0.2,38.6656,0.049245
0.2,38.7893,0.045244
0.2,38.913,0.054765
0.2,39.0368,0.071515
0.2,39.1605,0.051381
0.2,39.2843,0.055012
0.2,39.408,0.048809
0.2,39.5318,0.05759
0.2,39.6555,0.045958
0.2,39.7793,0.069299
0.2,39.903,0.040326
0.2,40.0268,0.045988
0.2,40.1505,0.036224
0.2,40.2742,0.052599
0.2,40.398,0.033557
0.2,40.5217,0.045606
0.2,40.6455,0.041627
0.2,40.7692,0.062924
0.2,40.893,0.049154
0.2,41.0167,0.071848
0.2,41.1405,0.068655
0.2,41.2642,0.054194
0.2,41.388,0.065294
0.2,41.5117,0.069173
0.2,41.6355,0.056091
0.2,41.7592,0.047498
0.2,41.8829,0.081333
0.2,42.0067,0.07376
0.2,42.1304,0.070749
0.2,42.2542,0.063251
0.2,42.3779,0.087492
0.2,42.5017,0.07908
0.2,42.6254,0.084706
0.2,42.7492,0.066618
0.2,42.8729,0.073024
0.2,42.9967,0.086861
0.2,43.1204,0.066207
0.2,43.2441,0.089178
0.2,43.3679,0.116572
0.2,43.4916,0.068739
0.2,43.6154,0.084466
0.2,43.7391,0.063372
0.2,43.8629,0.079938
0.2,43.9866,0.056233
0.2,44.1104,0.08457
0.2,44.2341,0.0735
0.2,44.3579,0.069121
0.2,44.4816,0.069915
0.2,44.6054,0.093555
0.2,44.7291,0.056091
0.2,44.8528,0.062309
0.2,44.9766,0.055496
0.2,45.1003,0.056196
0.2,45.2241,0.039698
0.2,45.3478,0.045796
0.2,45.4716,0.076421
0.2,45.5953,0.07873
0.2,45.7191,0.07929
0.2,45.8428,0.092634
0.2,45.9666,0.123972
0.2,46.0903,0.140868
0.2,46.214,0.191067
0.2,46.3378,0.245324
0.2,46.4615,0.29091
0.2,46.5853,0.284114
0.2,46.709,0.311119
0.2,46.8328,0.339389
0.2,46.9565,0.300116
0.2,47.0803,0.28092
0.2,47.204,0.231217
0.2,47.3278,0.177311
0.2,47.4515,0.157165
0.2,47.5753,0.141099
0.2,47.699,0.110142
0.2,47.8227,0.108013
0.2,47.9465,0.077717
0.2,48.0702,0.049189
0.2,48.194,0.061538
0.2,48.3177,0.054194
0.2,48.4415,0.070389
0.2,48.5652,0.072344
0.2,48.689,0.073746
0.2,48.8127,0.077391
0.2,48.9365,0.089544
0.2,49.0602,0.075982
0.2,49.1839,0.080872
0.2,49.3077,0.088722
0.2,49.4314,0.079342
0.2,49.5552,0.076269
0.2,49.6789,0.078681
0.2,49.8027,0.100967
0.2,49.9264,0.067713
0.2,50.0502,0.070422
0.2,50.1739,0.087817
0.2,50.2977,0.065645
0.2,50.4214,0.06278
0.2,50.5452,0.068913
0.2,50.6689,0.075697
0.2,50.7926,0.063129
0.2,50.9164,0.042101
0.2,51.0401,0.0705
0.2,51.1639,0.058687
0.2,51.2876,0.063584
0.2,51.4114,0.058578
0.2,51.5351,0.048876
0.2,51.6589,0.042655
0.2,51.7826,0.064919
0.2,51.9064,0.061717
0.2,52.0301,0.06036
0.2,52.1538,0.050643
0.2,52.2776,0.059089
0.2,52.4013,0.050616
0.2,52.5251,0.03056
0.2,52.6488,0.043149
0.2,52.7726,0.057057
0.2,52.8963,0.051365
0.2,53.0201,0.044665
0.2,53.1438,0.024886
0.2,53.2676,0.040916
0.2,53.3913,0.050193
0.2,53.5151,0.049047
0.2,53.6388,0.056159
0.2,53.7625,0.057057
0.2,53.8863,0.056377
0.2,54.01,0.041735
0.2,54.1338,0.068384
0.2,54.2575,0.049941
0.2,54.3813,0.073378
0.2,54.505,0.066096
0.2,54.6288,0.082141
0.2,54.7525,0.063284
0.2,54.8763,0.073663
0.2,55.0,0.071154
0.2087,18.0,0.069222
0.2087,18.1237,0.056849
0.2087,18.2475,0.073627
0.2087,18.3712,0.091043
0.2087,18.495,0.056103
0.2087,18.6187,0.081961
0.2087,18.7425,0.077207
0.2087,18.8662,0.069815
0.2087,18.99,0.07101
0.2087,19.1137,0.083392
0.2087,19.2375,0.092977
0.2087,19.3612,0.086629
0.2087,19.4849,0.093108
0.2087,19.6087,0.083883
0.2087,19.7324,0.062696
0.2087,19.8562,0.068284
0.2087,19.9799,0.058552
0.2087,20.1037,0.067509
0.2087,20.2274,0.081925
0.2087,20.3512,0.070819
0.2087,20.4749,0.056222
0.2087,20.5987,0.06124
0.2087,20.7224,0.055044
0.2087,20.8462,0.053628
0.2087,20.9699,0.044972
0.2087,21.0936,0.072507
0.2087,21.2174,0.057225
0.2087,21.3411,0.066971
0.2087,21.4649,0.026354
0.2087,21.5886,0.032363
0.2087,21.7124,0.038814
0.2087,21.8361,0.021592
0.2087,21.9599,0.028585
0.2087,22.0836,0.052668
0.2087,22.2074,0.043489
0.2087,22.3311,0.034741
0.2087,22.4548,0.043078
0.2087,22.5786,0.0613
0.2087,22.7023,0.038087
0.2087,22.8261,0.047215
0.2087,22.9498,0.061411
0.2087,23.0736,0.053032
0.2087,23.1973,0.055678
0.2087,23.3211,0.051298
0.2087,23.4448,0.057604
0.2087,23.5686,0.048876
0.2087,23.6923,0.051219
0.2087,23.8161,0.07819
0.2087,23.9398,0.110621
0.2087,24.0635,0.151702
0.2087,24.1873,0.206532
0.2087,24.311,0.309647
0.2087,24.4348,0.455084
0.2087,24.5585,0.660986
0.2087,24.6823,0.878734
0.2087,24.806,1.035428
0.2087,24.9298,1.135226
0.2087,25.0535,1.093758
0.2087,25.1773,0.986662
0.2087,25.301,0.815795
0.2087,25.4247,0.580519
0.2087,25.5485,0.418418
0.2087,25.6722,0.264504
0.2087,25.796,0.164607
0.2087,25.9197,0.107806
0.2087,26.0435,0.101643
0.2087,26.1672,0.12478
0.2087,26.291,0.079296
0.2087,26.4147,0.081315
0.2087,26.5385,0.045219
0.2087,26.6622,0.053347
0.2087,26.786,0.068112
0.2087,26.9097,0.052607
0.2087,27.0334,0.040585
0.2087,27.1572,0.066659
0.2087,27.2809,0.057688
0.2087,27.4047,0.055974
0.2087,27.5284,0.076736
0.2087,27.6522,0.033676
0.2087,27.7759,0.057143
0.2087,27.8997,0.051551
0.2087,28.0234,0.059541
0.2087,28.1472,0.045252
0.2087,28.2709,0.031695
0.2087,28.3946,0.041879
0.2087,28.5184,0.054507
0.2087,28.6421,0.040976
0.2087,28.7659,0.03901
0.2087,28.8896,0.057938
0.2087,29.0134,0.078491
0.2087,29.1371,0.05117
0.2087,29.2609,0.041393
0.2087,29.3846,0.043955
0.2087,29.5084,0.041569
0.2087,29.6321,0.070413
0.2087,29.7559,0.041093
0.2087,29.8796,0.073923
0.2087,30.0033,0.058189
0.2087,30.1271,0.07197
0.2087,30.2508,0.072206
0.2087,30.3746,0.075977
0.2087,30.4983,0.075909
0.2087,30.6221,0.073322
0.2087,30.7458,0.07335
0.2087,30.8696,0.054673
0.2087,30.9933,0.067589
0.2087,31.1171,0.079952
0.2087,31.2408,0.071013
0.2087,31.3645,0.090318
0.2087,31.4883,0.099319
0.2087,31.612,0.051932
0.2087,31.7358,0.069242
0.2087,31.8595,0.070436
0.2087,31.9833,0.066119
0.2087,32.107,0.076045
0.2087,32.2308,0.078963
0.2087,32.3545,0.050504
0.2087,32.4783,0.054065
0.2087,32.602,0.06835
0.2087,32.7258,0.050402
0.2087,32.8495,0.049602
0.2087,32.9732,0.07823
0.2087,33.097,0.051556
0.2087,33.2207,0.070144
0.2087,33.3445,0.057823
0.2087,33.4682,0.113761
0.2087,33.592,0.116329
0.2087,33.7157,0.163869
0.2087,33.8395,0.22407
0.2087,33.9632,0.280674
0.2087,34.087,0.365289
0.2087,34.2107,0.448049
0.2087,34.3344,0.556531
0.2087,34.4582,0.631275
0.2087,34.5819,0.69559
0.2087,34.7057,0.727167
0.2087,34.8294,0.731708
0.2087,34.9532,0.716198
0.2087,35.0769,0.665515
0.2087,35.2007,0.628489
0.2087,35.3244,0.512967
0.2087,35.4482,0.444173
0.2087,35.5719,0.339543
0.2087,35.6957,0.283917
0.2087,35.8194,0.209188
0.2087,35.9431,0.190502
0.2087,36.0669,0.135983
0.2087,36.1906,0.121537
0.2087,36.3144,0.089785
0.2087,36.4381,0.065908
0.2087,36.5619,0.077696
0.2087,36.6856,0.05203
0.2087,36.8094,0.072021
0.2087,36.9331,0.082922
0.2087,37.0569,0.076279
0.2087,37.1806,0.062851
0.2087,37.3043,0.079161
0.2087,37.4281,0.080948
0.2087,37.5518,0.082625
0.2087,37.6756,0.083165
0.2087,37.7993,0.07041
0.2087,37.9231,0.067751
0.2087,38.0468,0.08729
0.2087,38.1706,0.072682
0.2087,38.2943,0.056589
0.2087,38.4181,0.054318
0.2087,38.5418,0.071369
0.2087,38.6656,0.044484
0.2087,38.7893,0.060962
0.2087,38.913,0.069164
0.2087,39.0368,0.048323
0.2087,39.1605,0.055235
0.2087,39.2843,0.057569
0.2087,39.408,0.051688
0.2087,39.5318,0.035799
0.2087,39.6555,0.060203
0.2087,39.7793,0.048342
0.2087,39.903,0.030697
0.2087,40.0268,0.050205
0.2087,40.1505,0.05784
0.2087,40.2742,0.039072
0.2087,40.398,0.070941
0.2087,40.5217,0.046567
0.2087,40.6455,0.027438
0.2087,40.7692,0.02919
0.2087,40.893,0.052336
0.2087,41.0167,0.056475
0.2087,41.1405,0.033496
0.2087,41.2642,0.050417
0.2087,41.388,0.05585
0.2087,41.5117,0.041728
0.2087,41.6355,0.069131
0.2087,41.7592,0.050521
0.2087,41.8829,0.065707
0.2087,42.0067,0.067938
0.2087,42.1304,0.070164
0.2087,42.2542,0.071141
0.2087,42.3779,0.050759
0.2087,42.5017,0.079421
0.2087,42.6254,0.08232
0.2087,42.7492,0.093246
0.2087,42.8729,0.055465
0.2087,42.9967,0.066426
0.2087,43.1204,0.079701
0.2087,43.2441,0.106426
0.2087,43.3679,0.069203
0.2087,43.4916,0.083535
0.2087,43.6154,0.089602
0.2087,43.7391,0.05538
0.2087,43.8629,0.074851
0.2087,43.9866,0.057481
0.2087,44.1104,0.080163
0.2087,44.2341,0.07026
0.2087,44.3579,0.071893
0.2087,44.4816,0.069087
0.2087,44.6054,0.078086
0.2087,44.7291,0.078942
0.2087,44.8528,0.052483
0.2087,44.9766,0.057433
0.2087,45.1003,0.061722
0.2087,45.2241,0.046471
0.2087,45.3478,0.070421
0.2087,45.4716,0.060789
0.2087,45.5953,0.041165
0.2087,45.7191,0.101188
0.2087,45.8428,0.098638
0.2087,45.9666,0.108062
0.2087,46.0903,0.111252
0.2087,46.214,0.178991
0.2087,46.3378,0.216557
0.2087,46.4615,0.269331
0.2087,46.5853,0.301103
0.2087,46.709,0.313778
0.2087,46.8328,0.338843
0.2087,46.9565,0.330157
0.2087,47.0803,0.310993
0.2087,47.204,0.279186
0.2087,47.3278,0.214492
0.2087,47.4515,0.178978
0.2087,47.5753,0.142068
0.2087,47.699,0.099041
0.2087,47.8227,0.120062
0.2087,47.9465,0.102786
0.2087,48.0702,0.082231
0.2087,48.194,0.066509
0.2087,48.3177,0.098916
0.2087,48.4415,0.075291
0.2087,48.5652,0.080847
0.2087,48.689,0.08251
0.2087,48.8127,0.064267
0.2087,48.9365,0.049477
0.2087,49.0602,0.054534
0.2087,49.1839,0.101353
0.2087,49.3077,0.07782
0.2087,49.4314,0.083245
0.2087,49.5552,0.078396
0.2087,49.6789,0.092064
0.2087,49.8027,0.079759
0.2087,49.9264,0.096987
0.2087,50.0502,0.068412
0.2087,50.1739,0.092296
0.2087,50.2977,0.077144
0.2087,50.4214,0.065568
0.2087,50.5452,0.059558
0.2087,50.6689,0.062652
0.2087,50.7926,0.063112
0.2087,50.9164,0.037936
0.2087,51.0401,0.065637
0.2087,51.1639,0.046446
0.2087,51.2876,0.067593
0.2087,51.4114,0.04658
0.2087,51.5351,0.049927
0.2087,51.6589,0.062724
0.2087,51.7826,0.070712
0.2087,51.9064,0.037078
0.2087,52.0301,0.052129
0.2087,52.1538,0.045767
0.2087,52.2776,0.044901
0.2087,52.4013,0.067121
0.2087,52.5251,0.042433
0.2087,52.6488,0.043934
0.2087,52.7726,0.039716
0.2087,52.8963,0.054833
0.2087,53.0201,0.05276
0.2087,53.1438,0.05505
0.2087,53.2676,0.046993
0.2087,53.3913,0.078793
0.2087,53.5151,0.045916
0.2087,53.6388,0.05338
0.2087,53.7625,0.053332
0.2087,53.8863,0.071191
0.2087,54.01,0.048042
0.2087,54.1338,0.074587
0.2087,54.2575,0.077489
0.2087,54.3813,0.062304
0.2087,54.505,0.08352
0.2087,54.6288,0.08393
0.2087,54.7525,0.071085
0.2087,54.8763,0.06433
0.2087,55.0,0.061345
0.2174,18.0,0.063151
0.2174,18.1237,0.058734
0.2174,18.2475,0.077218
0.2174,18.3712,0.096157
0.2174,18.495,0.065688
0.2174,18.6187,0.071115
0.2174,18.7425,0.077609
0.2174,18.8662,0.10329
0.2174,18.99,0.08417
0.2174,19.1137,0.097289
0.2174,19.2375,0.096927
0.2174,19.3612,0.064062
0.2174,19.4849,0.096961
0.2174,19.6087,0.065657
0.2174,19.7324,0.065549
0.2174,19.8562,0.089832
0.2174,19.9799,0.076353
0.2174,20.1037,0.072907
0.2174,20.2274,0.066663
0.2174,20.3512,0.046615
0.2174,20.4749,0.088181
0.2174,20.5987,0.048574
0.2174,20.7224,0.032793
0.2174,20.8462,0.057618
0.2174,20.9699,0.083003
0.2174,21.0936,0.063208
0.2174,21.2174,0.058525
0.2174,21.3411,0.056462
0.2174,21.4649,0.04296
0.2174,21.5886,0.056634
0.2174,21.7124,0.050774
0.2174,21.8361,0.049639
0.2174,21.9599,0.044306
0.2174,22.0836,0.049202
0.2174,22.2074,0.051022
0.2174,22.3311,0.04257
0.2174,22.4548,0.04252
0.2174,22.5786,0.031781
0.2174,22.7023,0.057922
0.2174,22.8261,0.039818
0.2174,22.9498,0.068687
0.2174,23.0736,0.057038
0.2174,23.1973,0.0401
0.2174,23.3211,0.063337
0.2174,23.4448,0.052845
0.2174,23.5686,0.081147
0.2174,23.6923,0.058622
0.2174,23.8161,0.080561
0.2174,23.9398,0.084447
0.2174,24.0635,0.125301
0.2174,24.1873,0.158884
0.2174,24.311,0.28634
0.2174,24.4348,0.431628
0.2174,24.5585,0.618263
0.2174,24.6823,0.848608
0.2174,24.806,1.019213
0.2174,24.9298,1.133067
0.2174,25.0535,1.099411
0.2174,25.1773,1.009908
0.2174,25.301,0.815581
0.2174,25.4247,0.612047
0.2174,25.5485,0.436143
0.2174,25.6722,0.283887
0.2174,25.796,0.18703
0.2174,25.9197,0.124599
0.2174,26.0435,0.113039
0.2174,26.1672,0.090955
0.2174,26.291,0.075931
0.2174,26.4147,0.060232
0.2174,26.5385,0.037474
0.2174,26.6622,0.049381
0.2174,26.786,0.05105
0.2174,26.9097,0.060962
0.2174,27.0334,0.050313
0.2174,27.1572,0.04674
0.2174,27.2809,0.054054
0.2174,27.4047,0.062472
0.2174,27.5284,0.029696
0.2174,27.6522,0.039613
0.2174,27.7759,0.040397
0.2174,27.8997,0.030253
0.2174,28.0234,0.057461
0.2174,28.1472,0.047163
0.2174,28.2709,0.039069
0.2174,28.3946,0.046539
0.2174,28.5184,0.048317
0.2174,28.6421,0.063534
0.2174,28.7659,0.044493
0.2174,28.8896,0.043888
0.2174,29.0134,0.043773
0.2174,29.1371,0.044134
0.2174,29.2609,0.059024
0.2174,29.3846,0.065902
0.2174,29.5084,0.067435
0.2174,29.6321,0.043853
0.2174,29.7559,0.055381
0.2174,29.8796,0.081797
0.2174,30.0033,0.07181
0.2174,30.1271,0.062309
0.2174,30.2508,0.066769
0.2174,30.3746,0.072749
0.2174,30.4983,0.074766
0.2174,30.6221,0.068268
0.2174,30.7458,0.060201
0.2174,30.8696,0.095924
0.2174,30.9933,0.087888
0.2174,31.1171,0.081575
0.2174,31.2408,0.088902
0.2174,31.3645,0.090001
0.2174,31.4883,0.088135
0.2174,31.612,0.082564
0.2174,31.7358,0.079466
0.2174,31.8595,0.077192
0.2174,31.9833,0.080672
0.2174,32.107,0.054789
0.2174,32.2308,0.061317
0.2174,32.3545,0.065991
0.2174,32.4783,0.026334
0.2174,32.602,0.066137
0.2174,32.7258,0.058561
0.2174,32.8495,0.075901
0.2174,32.9732,0.05397
0.2174,33.097,0.080678
0.2174,33.2207,0.090562
0.2174,33.3445,0.070347
0.2174,33.4682,0.11349
0.2174,33.592,0.12738
0.2174,33.7157,0.177004
0.2174,33.8395,0.23486
0.2174,33.9632,0.309523
0.2174,34.087,0.385861
0.2174,34.2107,0.458277
0.2174,34.3344,0.55971
0.2174,34.4582,0.647644
0.2174,34.5819,0.704896
0.2174,34.7057,0.731461
0.2174,34.8294,0.728702
0.2174,34.9532,0.699783
0.2174,35.0769,0.683172
0.2174,35.2007,0.638167
0.2174,35.3244,0.549625
0.2174,35.4482,0.446597
0.2174,35.5719,0.3657
0.2174,35.6957,0.26521
0.2174,35.8194,0.216091
0.2174,35.9431,0.162784
0.2174,36.0669,0.13144
0.2174,36.1906,0.122256
0.2174,36.3144,0.111057
0.2174,36.4381,0.095533
0.2174,36.5619,0.049892
0.2174,36.6856,0.075182
0.2174,36.8094,0.066811
0.2174,36.9331,0.061931
0.2174,37.0569,0.089159
0.2174,37.1806,0.061552
0.2174,37.3043,0.102228
0.2174,37.4281,0.09264
0.2174,37.5518,0.087654
0.2174,37.6756,0.073758
0.2174,37.7993,0.090309
0.2174,37.9231,0.104089
0.2174,38.0468,0.066759
0.2174,38.1706,0.077374
0.2174,38.2943,0.078103
0.2174,38.4181,0.078296
0.2174,38.5418,0.082504
0.2174,38.6656,0.05832
0.2174,38.7893,0.074628
0.2174,38.913,0.071213
0.2174,39.0368,0.045413
0.2174,39.1605,0.065658
0.2174,39.2843,0.041971
0.2174,39.408,0.071966
0.2174,39.5318,0.029563
0.2174,39.6555,0.035311
0.2174,39.7793,0.041495
0.2174,39.903,0.016544
0.2174,40.0268,0.033524
0.2174,40.1505,0.052989
0.2174,40.2742,0.0432
0.2174,40.398,0.039646
0.2174,40.5217,0.051356
0.2174,40.6455,0.054774
0.2174,40.7692,0.035859
0.2174,40.893,0.056616
0.2174,41.0167,0.07502
0.2174,41.1405,0.050249
0.2174,41.2642,0.050885
0.2174,41.388,0.072834
0.2174,41.5117,0.052063
0.2174,41.6355,0.05298
0.2174,41.7592,0.047478
0.2174,41.8829,0.057572
0.2174,42.0067,0.069364
0.2174,42.1304,0.056584
0.2174,42.2542,0.075307
0.2174,42.3779,0.088807
0.2174,42.5017,0.082048
0.2174,42.6254,0.049379
0.2174,42.7492,0.086661
0.2174,42.8729,0.092432
0.2174,42.9967,0.08476
0.2174,43.1204,0.079765
0.2174,43.2441,0.072961
0.2174,43.3679,0.088467
0.2174,43.4916,0.093625
0.2174,43.6154,0.099216
0.2174,43.7391,0.072047
0.2174,43.8629,0.109453
0.2174,43.9866,0.080561
0.2174,44.1104,0.06903
0.2174,44.2341,0.070836
0.2174,44.3579,0.092726
0.2174,44.4816,0.075085
0.2174,44.6054,0.081235
0.2174,44.7291,0.061387
0.2174,44.8528,0.059512
0.2174,44.9766,0.040337
0.2174,45.1003,0.052773
0.2174,45.2241,0.057795
0.2174,45.3478,0.047737
0.2174,45.4716,0.073562
0.2174,45.5953,0.059873
0.2174,45.7191,0.093272
0.2174,45.8428,0.081636
0.2174,45.9666,0.111467
0.2174,46.0903,0.1485
0.2174,46.214,0.170787
0.2174,46.3378,0.214778
0.2174,46.4615,0.280565
0.2174,46.5853,0.309151
0.2174,46.709,0.295888
0.2174,46.8328,0.332904
0.2174,46.9565,0.332035
0.2174,47.0803,0.307983
0.2174,47.204,0.245966
0.2174,47.3278,0.184793
0.2174,47.4515,0.14036
0.2174,47.5753,0.127341
0.2174,47.699,0.094421
0.2174,47.8227,0.073687
0.2174,47.9465,0.099553
0.2174,48.0702,0.050547
0.2174,48.194,0.073743
0.2174,48.3177,0.063407
0.2174,48.4415,0.091285
0.2174,48.5652,0.082655
0.2174,48.689,0.075292
0.2174,48.8127,0.058921
0.2174,48.9365,0.063248
0.2174,49.0602,0.08537
0.2174,49.1839,0.07532
0.2174,49.3077,0.083622
0.2174,49.4314,0.076222
0.2174,49.5552,0.084452
0.2174,49.6789,0.082532
0.2174,49.8027,0.090663
0.2174,49.9264,0.073323
0.2174,50.0502,0.055141
0.2174,50.1739,0.075863
0.2174,50.2977,0.062032
0.2174,50.4214,0.072617
0.2174,50.5452,0.058861
0.2174,50.6689,0.080419
0.2174,50.7926,0.051993
0.2174,50.9164,0.032406
0.2174,51.0401,0.031632
0.2174,51.1639,0.057422
0.2174,51.2876,0.04239
0.2174,51.4114,0.03894
0.2174,51.5351,0.034689
0.2174,51.6589,0.053924
0.2174,51.7826,0.030392
0.2174,51.9064,0.048028
0.2174,52.0301,0.069449
0.2174,52.1538,0.040312
0.2174,52.2776,0.059304
0.2174,52.4013,0.050385
0.2174,52.5251,0.045495
0.2174,52.6488,0.042192
0.2174,52.7726,0.030808
0.2174,52.8963,0.069252
0.2174,53.0201,0.054511
0.2174,53.1438,0.072519
0.2174,53.2676,0.04777
0.2174,53.3913,0.049341
0.2174,53.5151,0.044899
0.2174,53.6388,0.046325
0.2174,53.7625,0.068021
0.2174,53.8863,0.086619
0.2174,54.01,0.079042
0.2174,54.1338,0.082456
0.2174,54.2575,0.059461
0.2174,54.3813,0.081013
0.2174,54.505,0.072937
0.2174,54.6288,0.071464
0.2174,54.7525,0.044962
0.2174,54.8763,0.073241
0.2174,55.0,0.074851
0.2261,18.0,0.05837
0.2261,18.1237,0.071524
0.2261,18.2475,0.075512
0.2261,18.3712,0.072732
0.2261,18.495,0.091693
0.2261,18.6187,0.076907
0.2261,18.7425,0.076359
0.2261,18.8662,0.088946
0.2261,18.99,0.07054
0.2261,19.1137,0.092993
0.2261,19.2375,0.07009
0.2261,19.3612,0.072311
0.2261,19.4849,0.064541
0.2261,19.6087,0.066647
0.2261,19.7324,0.072473
0.2261,19.8562,0.075932
0.2261,19.9799,0.084139
0.2261,20.1037,0.045817
0.2261,20.2274,0.06176
0.2261,20.3512,0.067095
0.2261,20.4749,0.038583
0.2261,20.5987,0.071294
0.2261,20.7224,0.054243
0.2261,20.8462,0.061058
0.2261,20.9699,0.054567
0.2261,21.0936,0.039475
0.2261,21.2174,0.028036
0.2261,21.3411,0.042514
0.2261,21.4649,0.03294
0.2261,21.5886,0.041183
0.2261,21.7124,0.072216
0.2261,21.8361,0.02533
0.2261,21.9599,0.058479
0.2261,22.0836,0.034472
0.2261,22.2074,0.036481
0.2261,22.3311,0.049875
0.2261,22.4548,0.046353
0.2261,22.5786,0.045589
0.2261,22.7023,0.05164
0.2261,22.8261,0.055847
0.2261,22.9498,0.058523
0.2261,23.0736,0.043236
0.2261,23.1973,0.062128
0.2261,23.3211,0.069319
0.2261,23.4448,0.095128
0.2261,23.5686,0.070779
0.2261,23.6923,0.080485
0.2261,23.8161,0.09281
0.2261,23.9398,0.10103
0.2261,24.0635,0.109837
0.2261,24.1873,0.170787
0.2261,24.311,0.277403
0.2261,24.4348,0.403608
0.2261,24.5585,0.609159
0.2261,24.6823,0.791554
0.2261,24.806,0.98609
0.2261,24.9298,1.115903
0.2261,25.0535,1.119771
0.2261,25.1773,1.036163
0.2261,25.301,0.845916
0.2261,25.4247,0.66327
0.2261,25.5485,0.453684
0.2261,25.6722,0.287116
0.2261,25.796,0.196883
0.2261,25.9197,0.13592
0.2261,26.0435,0.086495
0.2261,26.1672,0.082279
0.2261,26.291,0.067761
0.2261,26.4147,0.066956
0.2261,26.5385,0.084827
0.2261,26.6622,0.047439
0.2261,26.786,0.034428
0.2261,26.9097,0.047711
0.2261,27.0334,0.061842
0.2261,27.1572,0.050876
0.2261,27.2809,0.066291
0.2261,27.4047,0.04117
0.2261,27.5284,0.032412
0.2261,27.6522,0.065959
0.2261,27.7759,0.053463
0.2261,27.8997,0.038191
0.2261,28.0234,0.063061
0.2261,28.1472,0.042777
0.2261,28.2709,0.062091
0.2261,28.3946,0.063874
0.2261,28.5184,0.04501
0.2261,28.6421,0.033413
0.2261,28.7659,0.057859
0.2261,28.8896,0.076948
0.2261,29.0134,0.040014
0.2261,29.1371,0.037106
0.2261,29.2609,0.053826
0.2261,29.3846,0.08396
0.2261,29.5084,0.084188
0.2261,29.6321,0.069692
0.2261,29.7559,0.076268
0.2261,29.8796,0.075944
0.2261,30.0033,0.061557
0.2261,30.1271,0.079958
0.2261,30.2508,0.04987
0.2261,30.3746,0.064417
0.2261,30.4983,0.064166
0.2261,30.6221,0.060198
0.2261,30.7458,0.094713
0.2261,30.8696,0.053038
0.2261,30.9933,0.097387
0.2261,31.1171,0.068317
0.2261,31.2408,0.072793
0.2261,31.3645,0.09272
0.2261,31.4883,0.047612
0.2261,31.612,0.082795
0.2261,31.7358,0.096262
0.2261,31.8595,0.085359
0.2261,31.9833,0.069806
0.2261,32.107,0.072119
0.2261,32.2308,0.05941
0.2261,32.3545,0.063779
0.2261,32.4783,0.071998
0.2261,32.602,0.058591
0.2261,32.7258,0.050616
0.2261,32.8495,0.072496
0.2261,32.9732,0.08988
0.2261,33.097,0.043718
0.2261,33.2207,0.066812
0.2261,33.3445,0.071253
0.2261,33.4682,0.106562
0.2261,33.592,0.128672
0.2261,33.7157,0.186802
0.2261,33.8395,0.240569
0.2261,33.9632,0.31447
0.2261,34.087,0.37714
0.2261,34.2107,0.474169
0.2261,34.3344,0.563767
0.2261,34.4582,0.618523
0.2261,34.5819,0.707115
0.2261,34.7057,0.716377
0.2261,34.8294,0.746291
0.2261,34.9532,0.73553
0.2261,35.0769,0.679544
0.2261,35.2007,0.614326
0.2261,35.3244,0.521127
0.2261,35.4482,0.421977
0.2261,35.5719,0.33911
0.2261,35.6957,0.264849
0.2261,35.8194,0.213723
0.2261,35.9431,0.18166
0.2261,36.0669,0.128992
0.2261,36.1906,0.129315
0.2261,36.3144,0.086397
0.2261,36.4381,0.073291
0.2261,36.5619,0.09628
0.2261,36.6856,0.07597
0.2261,36.8094,0.079987
0.2261,36.9331,0.065402
0.2261,37.0569,0.103113
0.2261,37.1806,0.087476
0.2261,37.3043,0.082236
0.2261,37.4281,0.048671
0.2261,37.5518,0.086805
0.2261,37.6756,0.087617
0.2261,37.7993,0.079797
0.2261,37.9231,0.087186
0.2261,38.0468,0.05963
0.2261,38.1706,0.079473
0.2261,38.2943,0.051196
0.2261,38.4181,0.080035
0.2261,38.5418,0.052243
0.2261,38.6656,0.066924
0.2261,38.7893,0.076701
0.2261,38.913,0.051787
0.2261,39.0368,0.074331
0.2261,39.1605,0.025114
0.2261,39.2843,0.049392
0.2261,39.408,0.040609
0.2261,39.5318,0.056321
0.2261,39.6555,0.05409
0.2261,39.7793,0.032426
0.2261,39.903,0.046032
0.2261,40.0268,0.058727
0.2261,40.1505,0.038985
0.2261,40.2742,0.041909
0.2261,40.398,0.046355
0.2261,40.5217,0.057635
0.2261,40.6455,0.064986
0.2261,40.7692,0.05368
0.2261,40.893,0.045514
0.2261,41.0167,0.052719
0.2261,41.1405,0.053169
0.2261,41.2642,0.040428
0.2261,41.388,0.047661
0.2261,41.5117,0.072237
0.2261,41.6355,0.058877
0.2261,41.7592,0.082389
0.2261,41.8829,0.071179
0.2261,42.0067,0.055976
0.2261,42.1304,0.055723
0.2261,42.2542,0.074787
0.2261,42.3779,0.080821
0.2261,42.5017,0.055379
0.2261,42.6254,0.076623
0.2261,42.7492,0.069953
0.2261,42.8729,0.073601
0.2261,42.9967,0.085952
0.2261,43.1204,0.099587
0.2261,43.2441,0.078144
0.2261,43.3679,0.065817
0.2261,43.4916,0.088773
0.2261,43.6154,0.085885
0.2261,43.7391,0.06712
0.2261,43.8629,0.085192
0.2261,43.9866,0.072197
0.2261,44.1104,0.079269
0.2261,44.2341,0.09301
0.2261,44.3579,0.059208
0.2261,44.4816,0.067609
0.2261,44.6054,0.073982
0.2261,44.7291,0.089224
0.2261,44.8528,0.061069
0.2261,44.9766,0.083058
0.2261,45.1003,0.045635
0.2261,45.2241,0.051768
0.2261,45.3478,0.041985
0.2261,45.4716,0.052325
0.2261,45.5953,0.02189
0.2261,45.7191,0.05327
0.2261,45.8428,0.086212
0.2261,45.9666,0.107826
0.2261,46.0903,0.164732
0.2261,46.214,0.166244
0.2261,46.3378,0.211266
0.2261,46.4615,0.261182
0.2261,46.5853,0.324514
0.2261,46.709,0.314138
0.2261,46.8328,0.352586
0.2261,46.9565,0.333394
0.2261,47.0803,0.292126
0.2261,47.204,0.26539
0.2261,47.3278,0.231153
0.2261,47.4515,0.188474
0.2261,47.5753,0.128
0.2261,47.699,0.113103
0.2261,47.8227,0.102819
0.2261,47.9465,0.079137
0.2261,48.0702,0.050759
0.2261,48.194,0.097606
0.2261,48.3177,0.077584
0.2261,48.4415,0.084427
0.2261,48.5652,0.064164
0.2261,48.689,0.091169
0.2261,48.8127,0.112368
0.2261,48.9365,0.086191
0.2261,49.0602,0.082425
0.2261,49.1839,0.080202
0.2261,49.3077,0.071032
0.2261,49.4314,0.071195
0.2261,49.5552,0.083368
0.2261,49.6789,0.066525
0.2261,49.8027,0.088741
0.2261,49.9264,0.091569
0.2261,50.0502,0.067914
0.2261,50.1739,0.06604
0.2261,50.2977,0.061775
0.2261,50.4214,0.088004
0.2261,50.5452,0.088899
0.2261,50.6689,0.031426
0.2261,50.7926,0.056748
0.2261,50.9164,0.074681
0.2261,51.0401,0.025241
0.2261,51.1639,0.049657
0.2261,51.2876,0.076647
0.2261,51.4114,0.066606
0.2261,51.5351,0.052905
0.2261,51.6589,0.057649
0.2261,51.7826,0.053049
0.2261,51.9064,0.06148
0.2261,52.0301,0.020371
0.2261,52.1538,0.061645
0.2261,52.2776,0.059774
0.2261,52.4013,0.054964
0.2261,52.5251,0.059899
0.2261,52.6488,0.039923
0.2261,52.7726,0.041635
0.2261,52.8963,0.050549
0.2261,53.0201,0.059069
0.2261,53.1438,0.055402
0.2261,53.2676,0.074715
0.2261,53.3913,0.080547
0.2261,53.5151,0.048182
0.2261,53.6388,0.078571
0.2261,53.7625,0.0526
0.2261,53.8863,0.084589
0.2261,54.01,0.044684
0.2261,54.1338,0.077742
0.2261,54.2575,0.083532
0.2261,54.3813,0.041447
0.2261,54.505,0.062796
0.2261,54.6288,0.067556
0.2261,54.7525,0.074665
0.2261,54.8763,0.104078
0.2261,55.0,0.075177
0.2348,18.0,0.083709
0.2348,18.1237,0.1044
0.2348,18.2475,0.0817
0.2348,18.3712,0.09733
0.2348,18.495,0.075073
0.2348,18.6187,0.086045
0.2348,18.7425,0.079363
0.2348,18.8662,0.096753
0.2348,18.99,0.074803
0.2348,19.1137,0.074526
0.2348,19.2375,0.094196
0.2348,19.3612,0.060248
0.2348,19.4849,0.070227
0.2348,19.6087,0.074
0.2348,19.7324,0.056331
0.2348,19.8562,0.09714
0.2348,19.9799,0.077675
0.2348,20.1037,0.036329
0.2348,20.2274,0.072916
0.2348,20.3512,0.054609
0.2348,20.4749,0.08885
0.2348,20.5987,0.036294
0.2348,20.7224,0.045598
0.2348,20.8462,0.076008
0.2348,20.9699,0.042131
0.2348,21.0936,0.05621
0.2348,21.2174,0.056267
0.2348,21.3411,0.048975
0.2348,21.4649,0.03784
0.2348,21.5886,0.060054
0.2348,21.7124,0.043786
0.2348,21.8361,0.028492
0.2348,21.9599,0.046021
0.2348,22.0836,0.068775
0.2348,22.2074,0.044823
0.2348,22.3311,0.07337
0.2348,22.4548,0.023845
0.2348,22.5786,0.047968
0.2348,22.7023,0.039748
0.2348,22.8261,0.050135
0.2348,22.9498,0.049419
0.2348,23.0736,0.037754
0.2348,23.1973,0.03146
0.2348,23.3211,0.048292
0.2348,23.4448,0.064447
0.2348,23.5686,0.065004
0.2348,23.6923,0.067229
0.2348,23.8161,0.083128
0.2348,23.9398,0.076516
0.2348,24.0635,0.093185
0.2348,24.1873,0.18458
0.2348,24.311,0.248771
0.2348,24.4348,0.407545
0.2348,24.5585,0.561834
0.2348,24.6823,0.765702
0.2348,24.806,0.946181
0.2348,24.9298,1.0984
0.2348,25.0535,1.132187
0.2348,25.1773,1.055124
0.2348,25.301,0.918513
0.2348,25.4247,0.695564
0.2348,25.5485,0.491095
0.2348,25.6722,0.316492
0.2348,25.796,0.21129
0.2348,25.9197,0.156362
0.2348,26.0435,0.099089
0.2348,26.1672,0.089559
0.2348,26.291,0.070137
0.2348,26.4147,0.079105
0.2348,26.5385,0.064375
0.2348,26.6622,0.078567
0.2348,26.786,0.071874
0.2348,26.9097,0.062755
0.2348,27.0334,0.053723
0.2348,27.1572,0.092935
0.2348,27.2809,0.051836
0.2348,27.4047,0.066311
0.2348,27.5284,0.050397
0.2348,27.6522,0.027743
0.2348,27.7759,0.03367
0.2348,27.8997,0.047425
0.2348,28.0234,0.024266
0.2348,28.1472,0.055262
0.2348,28.2709,0.05843
0.2348,28.3946,0.040637
0.2348,28.5184,0.033923
0.2348,28.6421,0.050595
0.2348,28.7659,0.05006
0.2348,28.8896,0.048223
0.2348,29.0134,0.06469
0.2348,29.1371,0.050262
0.2348,29.2609,0.051861
0.2348,29.3846,0.053792
0.2348,29.5084,0.089929
0.2348,29.6321,0.051617
0.2348,29.7559,0.044631
0.2348,29.8796,0.053831
0.2348,30.0033,0.081917
0.2348,30.1271,0.091772
0.2348,30.2508,0.075953
0.2348,30.3746,0.071319
0.2348,30.4983,0.078969
0.2348,30.6221,0.061175
0.2348,30.7458,0.087775
0.2348,30.8696,0.089176
0.2348,30.9933,0.106284
0.2348,31.1171,0.084883
0.2348,31.2408,0.087567
0.2348,31.3645,0.088056
0.2348,31.4883,0.084268
0.2348,31.612,0.068811
0.2348,31.7358,0.075684
0.2348,31.8595,0.065479
0.2348,31.9833,0.052577
0.2348,32.107,0.080319
0.2348,32.2308,0.054032
0.2348,32.3545,0.062926
0.2348,32.4783,0.046176
0.2348,32.602,0.063799
0.2348,32.7258,0.04492
0.2348,32.8495,0.047248
0.2348,32.9732,0.041873
0.2348,33.097,0.069103
0.2348,33.2207,0.053416
0.2348,33.3445,0.091158
0.2348,33.4682,0.090423
0.2348,33.592,0.121814
0.2348,33.7157,0.166758
0.2348,33.8395,0.232464
0.2348,33.9632,0.284292
0.2348,34.087,0.373798
0.2348,34.2107,0.441041
0.2348,34.3344,0.556677
0.2348,34.4582,0.615125
0.2348,34.5819,0.716927
0.2348,34.7057,0.747756
0.2348,34.8294,0.74792
0.2348,34.9532,0.725321
0.2348,35.0769,0.653819
0.2348,35.2007,0.59045
0.2348,35.3244,0.510889
0.2348,35.4482,0.439216
0.2348,35.5719,0.331778
0.2348,35.6957,0.275385
0.2348,35.8194,0.209533
0.2348,35.9431,0.166642
0.2348,36.0669,0.141133
0.2348,36.1906,0.122326
0.2348,36.3144,0.075468
0.2348,36.4381,0.083809
0.2348,36.5619,0.06554
0.2348,36.6856,0.09912
0.2348,36.8094,0.058721
0.2348,36.9331,0.064985
0.2348,37.0569,0.066948
0.2348,37.1806,0.061094
0.2348,37.3043,0.07118
0.2348,37.4281,0.091006
0.2348,37.5518,0.059262
0.2348,37.6756,0.06348
0.2348,37.7993,0.077261
0.2348,37.9231,0.048259
0.2348,38.0468,0.059624
0.2348,38.1706,0.069502
0.2348,38.2943,0.055597
0.2348,38.4181,0.055486
0.2348,38.5418,0.066503
0.2348,38.6656,0.053535
0.2348,38.7893,0.057159
0.2348,38.913,0.056409
0.2348,39.0368,0.051782
0.2348,39.1605,0.040327
0.2348,39.2843,0.0294
0.2348,39.408,0.060486
0.2348,39.5318,0.072766
0.2348,39.6555,0.043902
0.2348,39.7793,0.051642
0.2348,39.903,0.053643
0.2348,40.0268,0.049754
0.2348,40.1505,0.017574
0.2348,40.2742,0.041339
0.2348,40.398,0.022802
0.2348,40.5217,0.043151
0.2348,40.6455,0.045873
0.2348,40.7692,0.03399
0.2348,40.893,0.066816
0.2348,41.0167,0.049746
0.2348,41.1405,0.06156
0.2348,41.2642,0.037944
0.2348,41.388,0.079207
0.2348,41.5117,0.060724
0.2348,41.6355,0.045043
0.2348,41.7592,0.073879
0.2348,41.8829,0.063761
0.2348,42.0067,0.071135
0.2348,42.1304,0.079064
0.2348,42.2542,0.056962
0.2348,42.3779,0.078218
0.2348,42.5017,0.075438
0.2348,42.6254,0.067782
0.2348,42.7492,0.086289
0.2348,42.8729,0.121226
0.2348,42.9967,0.081829
0.2348,43.1204,0.060537
0.2348,43.2441,0.073463
0.2348,43.3679,0.08613
0.2348,43.4916,0.066085
0.2348,43.6154,0.093607
0.2348,43.7391,0.082731
0.2348,43.8629,0.089155
0.2348,43.9866,0.065789
0.2348,44.1104,0.071225
0.2348,44.2341,0.078678
0.2348,44.3579,0.078533
0.2348,44.4816,0.064175
0.2348,44.6054,0.074329
0.2348,44.7291,0.036709
0.2348,44.8528,0.071015
0.2348,44.9766,0.047638
0.2348,45.1003,0.059187
0.2348,45.2241,0.054678
0.2348,45.3478,0.065284
0.2348,45.4716,0.045333
0.2348,45.5953,0.051002
0.2348,45.7191,0.071012
0.2348,45.8428,0.075439
0.2348,45.9666,0.113235
0.2348,46.0903,0.130899
0.2348,46.214,0.195868
0.2348,46.3378,0.244653
0.2348,46.4615,0.262451
0.2348,46.5853,0.302354
0.2348,46.709,0.337539
0.2348,46.8328,0.35321
0.2348,46.9565,0.337226
0.2348,47.0803,0.277591
0.2348,47.204,0.241959
0.2348,47.3278,0.217113
0.2348,47.4515,0.201605
0.2348,47.5753,0.15285
0.2348,47.699,0.094488
0.2348,47.8227,0.097002
0.2348,47.9465,0.075313
0.2348,48.0702,0.074786
0.2348,48.194,0.084602
0.2348,48.3177,0.087313
0.2348,48.4415,0.080725
0.2348,48.5652,0.089112
0.2348,48.689,0.064901
0.2348,48.8127,0.074577
0.2348,48.9365,0.070581
0.2348,49.0602,0.08135
0.2348,49.1839,0.096073
0.2348,49.3077,0.095998
0.2348,49.4314,0.115512
0.2348,49.5552,0.041691
0.2348,49.6789,0.089428
0.2348,49.8027,0.057398
0.2348,49.9264,0.067908
0.2348,50.0502,0.082968
0.2348,50.1739,0.068939
0.2348,50.2977,0.058345
0.2348,50.4214,0.063101
0.2348,50.5452,0.063067
0.2348,50.6689,0.057894
0.2348,50.7926,0.04572
0.2348,50.9164,0.062269
0.2348,51.0401,0.064241
0.2348,51.1639,0.031727
0.2348,51.2876,0.048918
0.2348,51.4114,0.05194
0.2348,51.5351,0.024875
0.2348,51.6589,0.063873
0.2348,51.7826,0.062999
0.2348,51.9064,0.026962
0.2348,52.0301,0.051694
0.2348,52.1538,0.054303
0.2348,52.2776,0.040328
0.2348,52.4013,0.023035
0.2348,52.5251,0.058735
0.2348,52.6488,0.055313
0.2348,52.7726,0.045844
0.2348,52.8963,0.058773
0.2348,53.0201,0.039498
0.2348,53.1438,0.072302
0.2348,53.2676,0.059637
0.2348,53.3913,0.050339
0.2348,53.5151,0.05849
0.2348,53.6388,0.05846
0.2348,53.7625,0.06574
0.2348,53.8863,0.080206
0.2348,54.01,0.065917
0.2348,54.1338,0.086383
0.2348,54.2575,0.07754
0.2348,54.3813,0.072521
0.2348,54.505,0.068977
0.2348,54.6288,0.078926
0.2348,54.7525,0.08308
0.2348,54.8763,0.083309
0.2348,55.0,0.08809
0.2435,18.0,0.071143
0.2435,18.1237,0.057899
0.2435,18.2475,0.074292
0.2435,18.3712,0.083549
0.2435,18.495,0.086007
0.2435,18.6187,0.080542
0.2435,18.7425,0.081493
0.2435,18.8662,0.084972
0.2435,18.99,0.067911
0.2435,19.1137,0.073384
0.2435,19.2375,0.080649
0.2435,19.3612,0.081688
0.2435,19.4849,0.069378
0.2435,19.6087,0.051291
0.2435,19.7324,0.075507
0.2435,19.8562,0.082976
0.2435,19.9799,0.0674
0.2435,20.1037,0.082459
0.2435,20.2274,0.051651
0.2435,20.3512,0.077347
0.2435,20.4749,0.055373
0.2435,20.5987,0.075555
0.2435,20.7224,0.070791
0.2435,20.8462,0.039477
0.2435,20.9699,0.036284
0.2435,21.0936,0.046366
0.2435,21.2174,0.051812
0.2435,21.3411,0.038066
0.2435,21.4649,0.061097
0.2435,21.5886,0.068105
0.2435,21.7124,0.04181
0.2435,21.8361,0.009745
0.2435,21.9599,0.053989
0.2435,22.0836,0.034729
0.2435,22.2074,0.030599
0.2435,22.3311,0.049736
0.2435,22.4548,0.036835
0.2435,22.5786,0.0651
0.2435,22.7023,0.044937
0.2435,22.8261,0.061042
0.2435,22.9498,0.048693
0.2435,23.0736,0.071301
0.2435,23.1973,0.053138
0.2435,23.3211,0.060123
0.2435,23.4448,0.04162
0.2435,23.5686,0.068254
0.2435,23.6923,0.073557
0.2435,23.8161,0.075493
0.2435,23.9398,0.05848
0.2435,24.0635,0.105558
0.2435,24.1873,0.12787
0.2435,24.311,0.232355
0.2435,24.4348,0.35829
0.2435,24.5585,0.505528
0.2435,24.6823,0.727466
0.2435,24.806,0.90891
0.2435,24.9298,1.057933
0.2435,25.0535,1.141649
0.2435,25.1773,1.06984
0.2435,25.301,0.930217
0.2435,25.4247,0.715132
0.2435,25.5485,0.517264
0.2435,25.6722,0.346961
0.2435,25.796,0.247449
0.2435,25.9197,0.15301
0.2435,26.0435,0.103029
0.2435,26.1672,0.062875
0.2435,26.291,0.07976
0.2435,26.4147,0.059139
0.2435,26.5385,0.038172
0.2435,26.6622,0.051044
0.2435,26.786,0.067336
0.2435,26.9097,0.043361
0.2435,27.0334,0.038662
0.2435,27.1572,0.061294
0.2435,27.2809,0.044297
0.2435,27.4047,0.061226
0.2435,27.5284,0.047508
0.2435,27.6522,0.046183
0.2435,27.7759,0.069715
0.2435,27.8997,0.040409
0.2435,28.0234,0.045208
0.2435,28.1472,0.046926
0.2435,28.2709,0.035025
0.2435,28.3946,0.050666
0.2435,28.5184,0.041211
0.2435,28.6421,0.069308
0.2435,28.7659,0.0389
0.2435,28.8896,0.053981
0.2435,29.0134,0.085473
0.2435,29.1371,0.058118
0.2435,29.2609,0.067968
0.2435,29.3846,0.059453
0.2435,29.5084,0.044661
0.2435,29.6321,0.080847
0.2435,29.7559,0.067755
0.2435,29.8796,0.071093
0.2435,30.0033,0.097832
0.2435,30.1271,0.074599
0.2435,30.2508,0.053899
0.2435,30.3746,0.084183
0.2435,30.4983,0.069599
0.2435,30.6221,0.084664
0.2435,30.7458,0.062819
0.2435,30.8696,0.06096
0.2435,30.9933,0.082955
0.2435,31.1171,0.072807
0.2435,31.2408,0.067742
0.2435,31.3645,0.067551
0.2435,31.4883,0.083147
0.2435,31.612,0.063988
0.2435,31.7358,0.09072
0.2435,31.8595,0.058827
0.2435,31.9833,0.066875
0.2435,32.107,0.063665
0.2435,32.2308,0.06928
0.2435,32.3545,0.081853
0.2435,32.4783,0.075452
0.2435,32.602,0.049071
0.2435,32.7258,0.045853
0.2435,32.8495,0.072611
0.2435,32.9732,0.080776
0.2435,33.097,0.062973
0.2435,33.2207,0.054791
0.2435,33.3445,0.099023
0.2435,33.4682,0.102006
0.2435,33.592,0.141004
0.2435,33.7157,0.189702
0.2435,33.8395,0.240373
0.2435,33.9632,0.276211
0.2435,34.087,0.398483
0.2435,34.2107,0.49585
0.2435,34.3344,0.554617
0.2435,34.4582,0.66062
0.2435,34.5819,0.700958
0.2435,34.7057,0.76243
0.2435,34.8294,0.778637
0.2435,34.9532,0.714292
0.2435,35.0769,0.664188
0.2435,35.2007,0.57398
0.2435,35.3244,0.50429
0.2435,35.4482,0.401746
0.2435,35.5719,0.329675
0.2435,35.6957,0.289417
0.2435,35.8194,0.1998
0.2435,35.9431,0.161165
0.2435,36.0669,0.122039
0.2435,36.1906,0.128508
0.2435,36.3144,0.101926
0.2435,36.4381,0.080502
0.2435,36.5619,0.061742
0.2435,36.6856,0.089034
0.2435,36.8094,0.074316
0.2435,36.9331,0.072581
0.2435,37.0569,0.084924
0.2435,37.1806,0.078123
0.2435,37.3043,0.075589
0.2435,37.4281,0.07983
0.2435,37.5518,0.072369
0.2435,37.6756,0.072356
0.2435,37.7993,0.088082
0.2435,37.9231,0.08841
0.2435,38.0468,0.077624
0.2435,38.1706,0.073084
0.2435,38.2943,0.05941
0.2435,38.4181,0.039572
0.2435,38.5418,0.054389
0.2435,38.6656,0.064955
0.2435,38.7893,0.059292
0.2435,38.913,0.063154
0.2435,39.0368,0.070653
0.2435,39.1605,0.033754
0.2435,39.2843,0.074998
0.2435,39.408,0.028527
0.2435,39.5318,0.035527
0.2435,39.6555,0.02984
0.2435,39.7793,0.046134
0.2435,39.903,0.062524
0.2435,40.0268,0.056377
0.2435,40.1505,0.039118
0.2435,40.2742,0.056462
0.2435,40.398,0.052524
0.2435,40.5217,0.062294
0.2435,40.6455,0.024552
0.2435,40.7692,0.04841
0.2435,40.893,0.043585
0.2435,41.0167,0.044009
0.2435,41.1405,0.061005
0.2435,41.2642,0.044357
0.2435,41.388,0.064548
0.2435,41.5117,0.060453
0.2435,41.6355,0.069881
0.2435,41.7592,0.087729
0.2435,41.8829,0.09479
0.2435,42.0067,0.074862
0.2435,42.1304,0.095081
0.2435,42.2542,0.079651
0.2435,42.3779,0.108131
0.2435,42.5017,0.070961
0.2435,42.6254,0.068555
0.2435,42.7492,0.075895
0.2435,42.8729,0.071544
0.2435,42.9967,0.092253
0.2435,43.1204,0.0654
0.2435,43.2441,0.079955
0.2435,43.3679,0.046131
0.2435,43.4916,0.071678
0.2435,43.6154,0.079989
0.2435,43.7391,0.084602
0.2435,43.8629,0.05417
0.2435,43.9866,0.081776
0.2435,44.1104,0.049909
0.2435,44.2341,0.081975
0.2435,44.3579,0.077007
0.2435,44.4816,0.045586
0.2435,44.6054,0.050963
0.2435,44.7291,0.066825
0.2435,44.8528,0.064918
0.2435,44.9766,0.066695
0.2435,45.1003,0.035874
0.2435,45.2241,0.04473
0.2435,45.3478,0.048407
0.2435,45.4716,0.062415
0.2435,45.5953,0.050273
0.2435,45.7191,0.065017
0.2435,45.8428,0.091652
0.2435,45.9666,0.127381
0.2435,46.0903,0.153331
0.2435,46.214,0.184007
0.2435,46.3378,0.228522
0.2435,46.4615,0.272065
0.2435,46.5853,0.32271
0.2435,46.709,0.330267
0.2435,46.8328,0.366552
0.2435,46.9565,0.330431
0.2435,47.0803,0.314977
0.2435,47.204,0.261967
0.2435,47.3278,0.205484
0.2435,47.4515,0.170768
0.2435,47.5753,0.128488
0.2435,47.699,0.132626
0.2435,47.8227,0.111595
0.2435,47.9465,0.054491
0.2435,48.0702,0.084325
0.2435,48.194,0.079982
0.2435,48.3177,0.070057
0.2435,48.4415,0.103457
0.2435,48.5652,0.080035
0.2435,48.689,0.068491
0.2435,48.8127,0.079042
0.2435,48.9365,0.082439
0.2435,49.0602,0.096641
0.2435,49.1839,0.059822
0.2435,49.3077,0.089126
0.2435,49.4314,0.074409
0.2435,49.5552,0.070861
0.2435,49.6789,0.087291
0.2435,49.8027,0.09099
0.2435,49.9264,0.075381
0.2435,50.0502,0.050719
0.2435,50.1739,0.050182
0.2435,50.2977,0.06148
0.2435,50.4214,0.069697
0.2435,50.5452,0.059855
0.2435,50.6689,0.043415
0.2435,50.7926,0.016628
0.2435,50.9164,0.052798
0.2435,51.0401,0.053212
0.2435,51.1639,0.057287
0.2435,51.2876,0.048229
0.2435,51.4114,0.037516
0.2435,51.5351,0.04154
0.2435,51.6589,0.048836
0.2435,51.7826,0.055474
0.2435,51.9064,0.079108
0.2435,52.0301,0.053556
0.2435,52.1538,0.072903
0.2435,52.2776,0.063201
0.2435,52.4013,0.054036
0.2435,52.5251,0.04742
0.2435,52.6488,0.047597
0.2435,52.7726,0.075125
0.2435,52.8963,0.029568
0.2435,53.0201,0.068176
0.2435,53.1438,0.059266
0.2435,53.2676,0.054087
0.2435,53.3913,0.044029
0.2435,53.5151,0.083647
0.2435,53.6388,0.077685
0.2435,53.7625,0.091563
0.2435,53.8863,0.086348
0.2435,54.01,0.075016
0.2435,54.1338,0.069105
0.2435,54.2575,0.059167
0.2435,54.3813,0.075611
0.2435,54.505,0.060121
0.2435,54.6288,0.092882
0.2435,54.7525,0.081045
0.2435,54.8763,0.089056
0.2435,55.0,0.062947
0.2522,18.0,0.081825
0.2522,18.1237,0.078265
0.2522,18.2475,0.068097
0.2522,18.3712,0.071667
0.2522,18.495,0.086934
0.2522,18.6187,0.086817
0.2522,18.7425,0.08369
0.2522,18.8662,0.076337
0.2522,18.99,0.097112
0.2522,19.1137,0.063194
0.2522,19.2375,0.062183
0.2522,19.3612,0.079974
0.2522,19.4849,0.072093
0.2522,19.6087,0.064767
0.2522,19.7324,0.074018
0.2522,19.8562,0.060217
0.2522,19.9799,0.056853
0.2522,20.1037,0.043555
0.2522,20.2274,0.069244
0.2522,20.3512,0.067783
0.2522,20.4749,0.044524
0.2522,20.5987,0.068615
0.2522,20.7224,0.049701
0.2522,20.8462,0.042277
0.2522,20.9699,0.070301
0.2522,21.0936,0.04894
0.2522,21.2174,0.051438
0.2522,21.3411,0.042898
0.2522,21.4649,0.060158
0.2522,21.5886,0.048434
0.2522,21.7124,0.027296
0.2522,21.8361,0.040392
0.2522,21.9599,0.048508
0.2522,22.0836,0.042219
0.2522,22.2074,0.039305
0.2522,22.3311,0.063272
0.2522,22.4548,0.057139
0.2522,22.5786,0.047945
0.2522,22.7023,0.054313
0.2522,22.8261,0.075804
0.2522,22.9498,0.053998
0.2522,23.0736,0.072477
0.2522,23.1973,0.051121
0.2522,23.3211,0.07217
0.2522,23.4448,0.045259
0.2522,23.5686,0.076792
0.2522,23.6923,0.068658
0.2522,23.8161,0.086335
0.2522,23.9398,0.077491
0.2522,24.0635,0.115133
0.2522,24.1873,0.161939
0.2522,24.311,0.209351
0.2522,24.4348,0.346902
0.2522,24.5585,0.466318
0.2522,24.6823,0.654961
0.2522,24.806,0.86963
0.2522,24.9298,1.06211
0.2522,25.0535,1.140664
0.2522,25.1773,1.092535
0.2522,25.301,0.984731
0.2522,25.4247,0.756724
0.2522,25.5485,0.593311
0.2522,25.6722,0.405948
0.2522,25.796,0.263162
0.2522,25.9197,0.147272
0.2522,26.0435,0.133985
0.2522,26.1672,0.06927
0.2522,26.291,0.061504
0.2522,26.4147,0.063772
0.2522,26.5385,0.052548
0.2522,26.6622,0.059241
0.2522,26.786,0.039529
0.2522,26.9097,0.057887
0.2522,27.0334,0.039122
0.2522,27.1572,0.042885
0.2522,27.2809,0.065339
0.2522,27.4047,0.064861
0.2522,27.5284,0.053789
0.2522,27.6522,0.034758
0.2522,27.7759,0.052188
0.2522,27.8997,0.032458
0.2522,28.0234,0.037576
0.2522,28.1472,0.047027
0.2522,28.2709,0.051816
0.2522,28.3946,0.047647
0.2522,28.5184,0.057691
0.2522,28.6421,0.04555
0.2522,28.7659,0.042692
0.2522,28.8896,0.054783
0.2522,29.0134,0.025961
0.2522,29.1371,0.056191
0.2522,29.2609,0.07112
0.2522,29.3846,0.045776
0.2522,29.5084,0.064036
0.2522,29.6321,0.068962
0.2522,29.7559,0.072211
0.2522,29.8796,0.07235
0.2522,30.0033,0.052301
0.2522,30.1271,0.073272
0.2522,30.2508,0.072207
0.2522,30.3746,0.083787
0.2522,30.4983,0.085216
0.2522,30.6221,0.080043
0.2522,30.7458,0.079392
0.2522,30.8696,0.088751
0.2522,30.9933,0.081773
0.2522,31.1171,0.064565
0.2522,31.2408,0.080627
0.2522,31.3645,0.066573
0.2522,31.4883,0.072626
0.2522,31.612,0.07004
0.2522,31.7358,0.056576
0.2522,31.8595,0.05969
0.2522,31.9833,0.074547
0.2522,32.107,0.039412
0.2522,32.2308,0.073462
0.2522,32.3545,0.064858
0.2522,32.4783,0.062614
0.2522,32.602,0.081542
0.2522,32.7258,0.041586
0.2522,32.8495,0.044998
0.2522,32.9732,0.06541
0.2522,33.097,0.05518
0.2522,33.2207,0.078097
0.2522,33.3445,0.07937
0.2522,33.4682,0.107409
0.2522,33.592,0.133598
0.2522,33.7157,0.18886
0.2522,33.8395,0.244822
0.2522,33.9632,0.321563
0.2522,34.087,0.406685
0.2522,34.2107,0.479569
0.2522,34.3344,0.57685
0.2522,34.4582,0.669877
0.2522,34.5819,0.727962
0.2522,34.7057,0.76013
0.2522,34.8294,0.751305
0.2522,34.9532,0.728399
0.2522,35.0769,0.661665
0.2522,35.2007,0.600872
0.2522,35.3244,0.493522
0.2522,35.4482,0.415773
0.2522,35.5719,0.335592
0.2522,35.6957,0.276843
0.2522,35.8194,0.204076
0.2522,35.9431,0.172967
0.2522,36.0669,0.138108
0.2522,36.1906,0.100051
0.2522,36.3144,0.110297
0.2522,36.4381,0.073703
0.2522,36.5619,0.066655
0.2522,36.6856,0.071362
0.2522,36.8094,0.095608
0.2522,36.9331,0.083977
0.2522,37.0569,0.089158
0.2522,37.1806,0.066653
0.2522,37.3043,0.082483
0.2522,37.4281,0.092793
0.2522,37.5518,0.079748
0.2522,37.6756,0.086233
0.2522,37.7993,0.05782
0.2522,37.9231,0.083729
0.2522,38.0468,0.05605
0.2522,38.1706,0.058256
0.2522,38.2943,0.069838
0.2522,38.4181,0.053374
0.2522,38.5418,0.053566
0.2522,38.6656,0.060152
0.2522,38.7893,0.053902
0.2522,38.913,0.044194
0.2522,39.0368,0.065971
0.2522,39.1605,0.045318
0.2522,39.2843,0.042157
0.2522,39.408,0.055861
0.2522,39.5318,0.04219
0.2522,39.6555,0.041591
0.2522,39.7793,0.068435
0.2522,39.903,0.037706
0.2522,40.0268,0.052612
0.2522,40.1505,0.022321
0.2522,40.2742,0.033201
0.2522,40.398,0.034715
0.2522,40.5217,0.059711
0.2522,40.6455,0.040514
0.2522,40.7692,0.068355
0.2522,40.893,0.049223
0.2522,41.0167,0.047078
0.2522,41.1405,0.05631
0.2522,41.2642,0.056968
0.2522,41.388,0.052837
0.2522,41.5117,0.053097
0.2522,41.6355,0.064377
0.2522,41.7592,0.072672
0.2522,41.8829,0.096261
0.2522,42.0067,0.064379
0.2522,42.1304,0.080339
0.2522,42.2542,0.07736
0.2522,42.3779,0.070398
0.2522,42.5017,0.071321
0.2522,42.6254,0.073675
0.2522,42.7492,0.077428
0.2522,42.8729,0.073258
0.2522,42.9967,0.108237
0.2522,43.1204,0.077761
0.2522,43.2441,0.066698
0.2522,43.3679,0.07884
0.2522,43.4916,0.061619
0.2522,43.6154,0.06193
0.2522,43.7391,0.09062
0.2522,43.8629,0.07078
0.2522,43.9866,0.034704
0.2522,44.1104,0.061425
0.2522,44.2341,0.058447
0.2522,44.3579,0.049309
0.2522,44.4816,0.065892
0.2522,44.6054,0.031785
0.2522,44.7291,0.04994
0.2522,44.8528,0.041349
0.2522,44.9766,0.046036
0.2522,45.1003,0.071908
0.2522,45.2241,0.045872
0.2522,45.3478,0.062882
0.2522,45.4716,0.053313
0.2522,45.5953,0.06459
0.2522,45.7191,0.079315
0.2522,45.8428,0.089456
0.2522,45.9666,0.112866
0.2522,46.0903,0.148473
0.2522,46.214,0.189938
0.2522,46.3378,0.216828
0.2522,46.4615,0.26705
0.2522,46.5853,0.327147
0.2522,46.709,0.34416
0.2522,46.8328,0.35171
0.2522,46.9565,0.334125
0.2522,47.0803,0.279533
0.2522,47.204,0.267979
0.2522,47.3278,0.226127
0.2522,47.4515,0.179617
0.2522,47.5753,0.138724
0.2522,47.699,0.150291
0.2522,47.8227,0.09515
0.2522,47.9465,0.082211
0.2522,48.0702,0.087074
0.2522,48.194,0.07483
0.2522,48.3177,0.104978
0.2522,48.4415,0.09303
0.2522,48.5652,0.080979
0.2522,48.689,0.075978
0.2522,48.8127,0.060184
0.2522,48.9365,0.085001
0.2522,49.0602,0.089015
0.2522,49.1839,0.117052
0.2522,49.3077,0.084436
0.2522,49.4314,0.068269
0.2522,49.5552,0.079725
0.2522,49.6789,0.086576
0.2522,49.8027,0.053577
0.2522,49.9264,0.063424
0.2522,50.0502,0.091796
0.2522,50.1739,0.080199
0.2522,50.2977,0.060443
0.2522,50.4214,0.065356
0.2522,50.5452,0.059329
0.2522,50.6689,0.067825
0.2522,50.7926,0.05373
0.2522,50.9164,0.049171
0.2522,51.0401,0.065154
0.2522,51.1639,0.063048
0.2522,51.2876,0.043608
0.2522,51.4114,0.055992
0.2522,51.5351,0.011098
0.2522,51.6589,0.05955
0.2522,51.7826,0.042529
0.2522,51.9064,0.048123
0.2522,52.0301,0.073761
0.2522,52.1538,0.041296
0.2522,52.2776,0.035554
0.2522,52.4013,0.062541
0.2522,52.5251,0.042266
0.2522,52.6488,0.02829
0.2522,52.7726,0.02801
0.2522,52.8963,0.0616
0.2522,53.0201,0.059796
0.2522,53.1438,0.056427
0.2522,53.2676,0.079021
0.2522,53.3913,0.067209
0.2522,53.5151,0.067232
0.2522,53.6388,0.07754
0.2522,53.7625,0.094525
0.2522,53.8863,0.080836
0.2522,54.01,0.051055
0.2522,54.1338,0.084153
0.2522,54.2575,0.074168
0.2522,54.3813,0.05177
0.2522,54.505,0.094493
0.2522,54.6288,0.081765
0.2522,54.7525,0.073187
0.2522,54.8763,0.090032
0.2522,55.0,0.070536
0.2609,18.0,0.074214
0.2609,18.1237,0.076689
0.2609,18.2475,0.084969
0.2609,18.3712,0.075785
0.2609,18.495,0.099337
0.2609,18.6187,0.065722
0.2609,18.7425,0.069771
0.2609,18.8662,0.094749
0.2609,18.99,0.05638
0.2609,19.1137,0.075566
0.2609,19.2375,0.056297
0.2609,19.3612,0.069623
0.2609,19.4849,0.067
0.2609,19.6087,0.076576
0.2609,19.7324,0.078236
0.2609,19.8562,0.063863
0.2609,19.9799,0.052889
0.2609,20.1037,0.071711
0.2609,20.2274,0.054437
0.2609,20.3512,0.058598
0.2609,20.4749,0.054872
0.2609,20.5987,0.067605
0.2609,20.7224,0.049952
0.2609,20.8462,0.037563
0.2609,20.9699,0.036396
0.2609,21.0936,0.053969
0.2609,21.2174,0.02474
0.2609,21.3411,0.047606
0.2609,21.4649,0.055409
0.2609,21.5886,0.063446
0.2609,21.7124,0.049955
0.2609,21.8361,0.045219
0.2609,21.9599,0.038181
0.2609,22.0836,0.037074
0.2609,22.2074,0.031318
0.2609,22.3311,0.04207
0.2609,22.4548,0.05149
0.2609,22.5786,0.027059
0.2609,22.7023,0.062575
0.2609,22.8261,0.089538
0.2609,22.9498,0.052472
0.2609,23.0736,0.061345
0.2609,23.1973,0.036436
0.2609,23.3211,0.070932
0.2609,23.4448,0.06099
0.2609,23.5686,0.064271
0.2609,23.6923,0.074394
0.2609,23.8161,0.088827
0.2609,23.9398,0.096369
0.2609,24.0635,0.110324
0.2609,24.1873,0.156805
0.2609,24.311,0.226107
0.2609,24.4348,0.292782
0.2609,24.5585,0.459935
0.2609,24.6823,0.649838
0.2609,24.806,0.855131
0.2609,24.9298,1.0218
0.2609,25.0535,1.108493
0.2609,25.1773,1.108864
0.2609,25.301,0.992348
0.2609,25.4247,0.810233
0.2609,25.5485,0.594981
0.2609,25.6722,0.4299
0.2609,25.796,0.269334
0.2609,25.9197,0.169616
0.2609,26.0435,0.097579
0.2609,26.1672,0.073775
0.2609,26.291,0.050591
0.2609,26.4147,0.056386
0.2609,26.5385,0.051265
0.2609,26.6622,0.058483
0.2609,26.786,0.056908
0.2609,26.9097,0.058628
0.2609,27.0334,0.054016
0.2609,27.1572,0.032438
0.2609,27.2809,0.050563
0.2609,27.4047,0.030932
0.2609,27.5284,0.04774
0.2609,27.6522,0.05694
0.2609,27.7759,0.038789
0.2609,27.8997,0.05209
0.2609,28.0234,0.040915
0.2609,28.1472,0.031917
0.2609,28.2709,0.063188
0.2609,28.3946,0.041576
0.2609,28.5184,0.034368
0.2609,28.6421,0.043958
0.2609,28.7659,0.07086
0.2609,28.8896,0.046844
0.2609,29.0134,0.031718
0.2609,29.1371,0.068729
0.2609,29.2609,0.083478
0.2609,29.3846,0.060349
0.2609,29.5084,0.052853
0.2609,29.6321,0.060319
0.2609,29.7559,0.085875
0.2609,29.8796,0.078382
0.2609,30.0033,0.063017
0.2609,30.1271,0.065074
0.2609,30.2508,0.060619
0.2609,30.3746,0.089503
0.2609,30.4983,0.093541
0.2609,30.6221,0.080106
0.2609,30.7458,0.080426
0.2609,30.8696,0.094678
0.2609,30.9933,0.08859
0.2609,31.1171,0.102559
0.2609,31.2408,0.089294
0.2609,31.3645,0.096934
0.2609,31.4883,0.067473
0.2609,31.612,0.063969
0.2609,31.7358,0.060658
0.2609,31.8595,0.05574
0.2609,31.9833,0.066953
0.2609,32.107,0.059058
0.2609,32.2308,0.055687
0.2609,32.3545,0.041548
0.2609,32.4783,0.055039
0.2609,32.602,0.03862
0.2609,32.7258,0.09016
0.2609,32.8495,0.051729
0.2609,32.9732,0.055835
0.2609,33.097,0.077929
0.2609,33.2207,0.077982
0.2609,33.3445,0.091433
0.2609,33.4682,0.098909
0.2609,33.592,0.13394
0.2609,33.7157,0.18279
0.2609,33.8395,0.260221
0.2609,33.9632,0.328883
0.2609,34.087,0.417226
0.2609,34.2107,0.51568
0.2609,34.3344,0.613154
0.2609,34.4582,0.657883
0.2609,34.5819,0.730209
0.2609,34.7057,0.743946
0.2609,34.8294,0.745362
0.2609,34.9532,0.702817
0.2609,35.0769,0.665742
0.2609,35.2007,0.581876
0.2609,35.3244,0.496499
0.2609,35.4482,0.420806
0.2609,35.5719,0.324023
0.2609,35.6957,0.250427
0.2609,35.8194,0.191369
0.2609,35.9431,0.141851
0.2609,36.0669,0.126878
0.2609,36.1906,0.129059
0.2609,36.3144,0.117621
0.2609,36.4381,0.084304
0.2609,36.5619,0.057705
0.2609,36.6856,0.095484
0.2609,36.8094,0.071652
0.2609,36.9331,0.076109
0.2609,37.0569,0.059482
0.2609,37.1806,0.062175
0.2609,37.3043,0.081694
0.2609,37.4281,0.081376
0.2609,37.5518,0.069151
0.2609,37.6756,0.07643
0.2609,37.7993,0.078676
0.2609,37.9231,0.071285
0.2609,38.0468,0.074948
0.2609,38.1706,0.076639
0.2609,38.2943,0.042515
0.2609,38.4181,0.062491
0.2609,38.5418,0.048353
0.2609,38.6656,0.048467
0.2609,38.7893,0.064629
0.2609,38.913,0.062768
0.2609,39.0368,0.044555
0.2609,39.1605,0.044042
0.2609,39.2843,0.023655
0.2609,39.408,0.033157
0.2609,39.5318,0.038434
0.2609,39.6555,0.053877
0.2609,39.7793,0.037528
0.2609,39.903,0.076955
0.2609,40.0268,0.041596
0.2609,40.1505,0.067894
0.2609,40.2742,0.061372
0.2609,40.398,0.047197
0.2609,40.5217,0.061119
0.2609,40.6455,0.02974
0.2609,40.7692,0.054957
0.2609,40.893,0.028157
0.2609,41.0167,0.075738
0.2609,41.1405,0.075631
0.2609,41.2642,0.087395
0.2609,41.388,0.062069
0.2609,41.5117,0.06572
0.2609,41.6355,0.086872
0.2609,41.7592,0.057086
0.2609,41.8829,0.098585
0.2609,42.0067,0.059913
0.2609,42.1304,0.070805
0.2609,42.2542,0.065163
0.2609,42.3779,0.087489
0.2609,42.5017,0.097875
0.2609,42.6254,0.06497
0.2609,42.7492,0.07718
0.2609,42.8729,0.064418
0.2609,42.9967,0.06754
0.2609,43.1204,0.063099
0.2609,43.2441,0.070463
0.2609,43.3679,0.056968
0.2609,43.4916,0.090513
0.2609,43.6154,0.087343
0.2609,43.7391,0.08164
0.2609,43.8629,0.070319
0.2609,43.9866,0.081319
0.2609,44.1104,0.088998
0.2609,44.2341,0.079964
0.2609,44.3579,0.05645
0.2609,44.4816,0.050943
0.2609,44.6054,0.042011
0.2609,44.7291,0.054936
0.2609,44.8528,0.060447
0.2609,44.9766,0.071657
0.2609,45.1003,0.035897
0.2609,45.2241,0.030462
0.2609,45.3478,0.029227
0.2609,45.4716,0.046827
0.2609,45.5953,0.0985
0.2609,45.7191,0.059503
0.2609,45.8428,0.093518
0.2609,45.9666,0.117253
0.2609,46.0903,0.151842
0.2609,46.214,0.185384
0.2609,46.3378,0.223911
0.2609,46.4615,0.275501
0.2609,46.5853,0.31085
0.2609,46.709,0.343807
0.2609,46.8328,0.342114
0.2609,46.9565,0.351411
0.2609,47.0803,0.30887
0.2609,47.204,0.269336
0.2609,47.3278,0.22199
0.2609,47.4515,0.186458
0.2609,47.5753,0.154579
0.2609,47.699,0.120907
0.2609,47.8227,0.102708
0.2609,47.9465,0.103488
0.2609,48.0702,0.083654
0.2609,48.194,0.088209
0.2609,48.3177,0.068864
0.2609,48.4415,0.088574
0.2609,48.5652,0.08998
0.2609,48.689,0.091419
0.2609,48.8127,0.104481
0.2609,48.9365,0.067071
0.2609,49.0602,0.083234
0.2609,49.1839,0.060671
0.2609,49.3077,0.059231
0.2609,49.4314,0.086102
0.2609,49.5552,0.070248
0.2609,49.6789,0.056963
0.2609,49.8027,0.103597
0.2609,49.9264,0.064385
0.2609,50.0502,0.058016
0.2609,50.1739,0.073224
0.2609,50.2977,0.055469
0.2609,50.4214,0.047489
0.2609,50.5452,0.057313
0.2609,50.6689,0.052314
0.2609,50.7926,0.053971
0.2609,50.9164,0.03154
0.2609,51.0401,0.070194
0.2609,51.1639,0.046506
0.2609,51.2876,0.057559
0.2609,51.4114,0.045197
0.2609,51.5351,0.074395
0.2609,51.6589,0.049886
0.2609,51.7826,0.043738
0.2609,51.9064,0.054944
0.2609,52.0301,0.047094
0.2609,52.1538,0.069944
0.2609,52.2776,0.040686
0.2609,52.4013,0.049374
0.2609,52.5251,0.068491
0.2609,52.6488,0.067855
0.2609,52.7726,0.051189
0.2609,52.8963,0.057151
0.2609,53.0201,0.049481
0.2609,53.1438,0.074234
0.2609,53.2676,0.061553
0.2609,53.3913,0.058186
0.2609,53.5151,0.041807
0.2609,53.6388,0.075555
0.2609,53.7625,0.066498
0.2609,53.8863,0.072239
0.2609,54.01,0.054073
0.2609,54.1338,0.073102
0.2609,54.2575,0.095804
0.2609,54.3813,0.058068
0.2609,54.505,0.089881
0.2609,54.6288,0.086926
0.2609,54.7525,0.090548
0.2609,54.8763,0.070064
0.2609,55.0,0.081934
0.2696,18.0,0.080471
0.2696,18.1237,0.06832
0.2696,18.2475,0.085939
0.2696,18.3712,0.065177
0.2696,18.495,0.084618
0.2696,18.6187,0.085622
0.2696,18.7425,0.067177
0.2696,18.8662,0.100751
0.2696,18.99,0.105612
0.2696,19.1137,0.061022
0.2696,19.2375,0.069915
0.2696,19.3612,0.058751
0.2696,19.4849,0.061784
0.2696,19.6087,0.046858
0.2696,19.7324,0.073972
0.2696,19.8562,0.084443
0.2696,19.9799,0.050024
0.2696,20.1037,0.043994
0.2696,20.2274,0.047553
0.2696,20.3512,0.065714
0.2696,20.4749,0.074496
0.2696,20.5987,0.061328
0.2696,20.7224,0.063552
0.2696,20.8462,0.036455
0.2696,20.9699,0.037049
0.2696,21.0936,0.062855
0.2696,21.2174,0.062496
0.2696,21.3411,0.048518
0.2696,21.4649,0.034777
0.2696,21.5886,0.05389
0.2696,21.7124,0.050835
0.2696,21.8361,0.062699
0.2696,21.9599,0.02396
0.2696,22.0836,0.044222
0.2696,22.2074,0.069458
0.2696,22.3311,0.044422
0.2696,22.4548,0.048388
0.2696,22.5786,0.051411
0.2696,22.7023,0.073213
0.2696,22.8261,0.07584
0.2696,22.9498,0.049641
0.2696,23.0736,0.071052
0.2696,23.1973,0.059297
0.2696,23.3211,0.078751
0.2696,23.4448,0.086959
0.2696,23.5686,0.072219
0.2696,23.6923,0.062357
0.2696,23.8161,0.115154
0.2696,23.9398,0.071765
0.2696,24.0635,0.109486
0.2696,24.1873,0.111654
0.2696,24.311,0.181114
0.2696,24.4348,0.268735
0.2696,24.5585,0.398168
0.2696,24.6823,0.603924
0.2696,24.806,0.824866
0.2696,24.9298,0.973204
0.2696,25.0535,1.088931
0.2696,25.1773,1.120092
0.2696,25.301,1.026879
0.2696,25.4247,0.856683
0.2696,25.5485,0.636873
0.2696,25.6722,0.462658
0.2696,25.796,0.290839
0.2696,25.9197,0.171426
0.2696,26.0435,0.105656
0.2696,26.1672,0.061006
0.2696,26.291,0.079883
0.2696,26.4147,0.072669
0.2696,26.5385,0.065558
0.2696,26.6622,0.062855
0.2696,26.786,0.069503
0.2696,26.9097,0.048167
0.2696,27.0334,0.066155
0.2696,27.1572,0.069048
0.2696,27.2809,0.021281
0.2696,27.4047,0.030162
0.2696,27.5284,0.025622
0.2696,27.6522,0.067405
0.2696,27.7759,0.059293
0.2696,27.8997,0.013085
0.2696,28.0234,0.043038
0.2696,28.1472,0.049403
0.2696,28.2709,0.061106
0.2696,28.3946,0.026495
0.2696,28.5184,0.02658
0.2696,28.6421,0.05521
0.2696,28.7659,0.053897
0.2696,28.8896,0.048644
0.2696,29.0134,0.057174
0.2696,29.1371,0.055633
0.2696,29.2609,0.066533
0.2696,29.3846,0.086219
0.2696,29.5084,0.080926
0.2696,29.6321,0.06124
0.2696,29.7559,0.060592
0.2696,29.8796,0.109528
0.2696,30.0033,0.05762
0.2696,30.1271,0.088005
0.2696,30.2508,0.075592
0.2696,30.3746,0.090188
0.2696,30.4983,0.081513
0.2696,30.6221,0.081722
0.2696,30.7458,0.07461
0.2696,30.8696,0.076256
0.2696,30.9933,0.080051
0.2696,31.1171,0.073134
0.2696,31.2408,0.066032
0.2696,31.3645,0.094521
0.2696,31.4883,0.092192
0.2696,31.612,0.071405
0.2696,31.7358,0.091359
0.2696,31.8595,0.086555
0.2696,31.9833,0.060533
0.2696,32.107,0.062088
0.2696,32.2308,0.043555
0.2696,32.3545,0.062138
0.2696,32.4783,0.044542
0.2696,32.602,0.046896
0.2696,32.7258,0.047418
0.2696,32.8495,0.061905
0.2696,32.9732,0.07708
0.2696,33.097,0.078471
0.2696,33.2207,0.079396
0.2696,33.3445,0.081745
0.2696,33.4682,0.118999
0.2696,33.592,0.110424
0.2696,33.7157,0.184747
0.2696,33.8395,0.256355
0.2696,33.9632,0.336603
0.2696,34.087,0.413294
0.2696,34.2107,0.521871
0.2696,34.3344,0.593911
0.2696,34.4582,0.68807
0.2696,34.5819,0.73448
0.2696,34.7057,0.761649
0.2696,34.8294,0.753998
0.2696,34.9532,0.752889
0.2696,35.0769,0.641684
0.2696,35.2007,0.561657
0.2696,35.3244,0.49121
0.2696,35.4482,0.401325
0.2696,35.5719,0.317792
0.2696,35.6957,0.251791
0.2696,35.8194,0.199222
0.2696,35.9431,0.144576
0.2696,36.0669,0.132731
0.2696,36.1906,0.114092
0.2696,36.3144,0.101204
0.2696,36.4381,0.068404
0.2696,36.5619,0.079201
0.2696,36.6856,0.07593
0.2696,36.8094,0.065733
0.2696,36.9331,0.083279
0.2696,37.0569,0.066845
0.2696,37.1806,0.070588
0.2696,37.3043,0.055889
0.2696,37.4281,0.083738
0.2696,37.5518,0.078888
0.2696,37.6756,0.07768
0.2696,37.7993,0.08752
0.2696,37.9231,0.079166
0.2696,38.0468,0.067883
0.2696,38.1706,0.065255
0.2696,38.2943,0.072381
0.2696,38.4181,0.043468
0.2696,38.5418,0.06503
0.2696,38.6656,0.071695
0.2696,38.7893,0.04833
0.2696,38.913,0.057655
0.2696,39.0368,0.040162
0.2696,39.1605,0.044675
0.2696,39.2843,0.027355
0.2696,39.408,0.022981
0.2696,39.5318,0.0527
0.2696,39.6555,0.034052
0.2696,39.7793,0.060579
0.2696,39.903,0.055485
0.2696,40.0268,0.038462
0.2696,40.1505,0.043433
0.2696,40.2742,0.048228
0.2696,40.398,0.044152
0.2696,40.5217,0.070632
0.2696,40.6455,0.045009
0.2696,40.7692,0.061147
0.2696,40.893,0.053944
0.2696,41.0167,0.053934
0.2696,41.1405,0.059975
0.2696,41.2642,0.065481
0.2696,41.388,0.045751
0.2696,41.5117,0.068046
0.2696,41.6355,0.07452
0.2696,41.7592,0.071301
0.2696,41.8829,0.063901
0.2696,42.0067,0.053599
0.2696,42.1304,0.104868
0.2696,42.2542,0.078239
0.2696,42.3779,0.058751
0.2696,42.5017,0.078679
0.2696,42.6254,0.089812
0.2696,42.7492,0.090608
0.2696,42.8729,0.08446
0.2696,42.9967,0.066238
0.2696,43.1204,0.087667
0.2696,43.2441,0.083853
0.2696,43.3679,0.076718
0.2696,43.4916,0.091862
0.2696,43.6154,0.094333
0.2696,43.7391,0.082277
0.2696,43.8629,0.077014
0.2696,43.9866,0.05044
0.2696,44.1104,0.047825
0.2696,44.2341,0.058456
0.2696,44.3579,0.052363
0.2696,44.4816,0.057236
0.2696,44.6054,0.060777
0.2696,44.7291,0.059904
0.2696,44.8528,0.091193
0.2696,44.9766,0.036723
0.2696,45.1003,0.047332
0.2696,45.2241,0.044105
0.2696,45.3478,0.047127
0.2696,45.4716,0.047631
0.2696,45.5953,0.047362
0.2696,45.7191,0.068375
0.2696,45.8428,0.101223
0.2696,45.9666,0.10471
0.2696,46.0903,0.150823
0.2696,46.214,0.182456
0.2696,46.3378,0.222763
0.2696,46.4615,0.27831
0.2696,46.5853,0.347674
0.2696,46.709,0.340537
0.2696,46.8328,0.373492
0.2696,46.9565,0.335746
0.2696,47.0803,0.322919
0.2696,47.204,0.229062
0.2696,47.3278,0.230591
0.2696,47.4515,0.175776
0.2696,47.5753,0.127611
0.2696,47.699,0.131661
0.2696,47.8227,0.099979
0.2696,47.9465,0.098236
0.2696,48.0702,0.073577
0.2696,48.194,0.085068
0.2696,48.3177,0.088526
0.2696,48.4415,0.085513
0.2696,48.5652,0.086735
0.2696,48.689,0.076041
0.2696,48.8127,0.072041
0.2696,48.9365,0.078095
0.2696,49.0602,0.073329
0.2696,49.1839,0.092347
0.2696,49.3077,0.109779
0.2696,49.4314,0.0841
0.2696,49.5552,0.077277
0.2696,49.6789,0.086384
0.2696,49.8027,0.065684
0.2696,49.9264,0.059548
0.2696,50.0502,0.061242
0.2696,50.1739,0.03876
0.2696,50.2977,0.054734
0.2696,50.4214,0.060006
0.2696,50.5452,0.060186
0.2696,50.6689,0.056845
0.2696,50.7926,0.054893
0.2696,50.9164,0.059429
0.2696,51.0401,0.046562
0.2696,51.1639,0.061958
0.2696,51.2876,0.026961
0.2696,51.4114,0.048864
0.2696,51.5351,0.056923
0.2696,51.6589,0.044081
0.2696,51.7826,0.047672
0.2696,51.9064,0.03177
0.2696,52.0301,0.059097
0.2696,52.1538,0.044517
0.2696,52.2776,0.05495
0.2696,52.4013,0.036517
0.2696,52.5251,0.037675
0.2696,52.6488,0.045886
0.2696,52.7726,0.056389
0.2696,52.8963,0.069637
0.2696,53.0201,0.056414
0.2696,53.1438,0.090432
0.2696,53.2676,0.064521
0.2696,53.3913,0.060978
0.2696,53.5151,0.05469
0.2696,53.6388,0.078374
0.2696,53.7625,0.066697
0.2696,53.8863,0.088219
0.2696,54.01,0.099374
0.2696,54.1338,0.057695
0.2696,54.2575,0.06917
0.2696,54.3813,0.074157
0.2696,54.505,0.079777
0.2696,54.6288,0.09717
0.2696,54.7525,0.05788
0.2696,54.8763,0.06283
0.2696,55.0,0.076579
0.2783,18.0,0.069703
0.2783,18.1237,0.083036
0.2783,18.2475,0.083137
0.2783,18.3712,0.075493
0.2783,18.495,0.113995
0.2783,18.6187,0.058493
0.2783,18.7425,0.10131
0.2783,18.8662,0.05741
0.2783,18.99,0.074228
0.2783,19.1137,0.082144
0.2783,19.2375,0.07911
0.2783,19.3612,0.061685
0.2783,19.4849,0.046171
0.2783,19.6087,0.0798
0.2783,19.7324,0.054087
0.2783,19.8562,0.071308
0.2783,19.9799,0.058255
0.2783,20.1037,0.04286
0.2783,20.2274,0.034567
0.2783,20.3512,0.040142
0.2783,20.4749,0.059275
0.2783,20.5987,0.075104
0.2783,20.7224,0.056375
0.2783,20.8462,0.057413
0.2783,20.9699,0.035256
0.2783,21.0936,0.038579
0.2783,21.2174,0.031591
0.2783,21.3411,0.044591
0.2783,21.4649,0.061578
0.2783,21.5886,0.056158
0.2783,21.7124,0.048557
0.2783,21.8361,0.024749
0.2783,21.9599,0.052963
0.2783,22.0836,0.047993
0.2783,22.2074,0.021429
0.2783,22.3311,0.056698
0.2783,22.4548,0.060907
0.2783,22.5786,0.070631
0.2783,22.7023,0.074095
0.2783,22.8261,0.050799
0.2783,22.9498,0.054051
0.2783,23.0736,0.060845
0.2783,23.1973,0.052516
0.2783,23.3211,0.094439
0.2783,23.4448,0.078654
0.2783,23.5686,0.071069
0.2783,23.6923,0.07785
0.2783,23.8161,0.070745
0.2783,23.9398,0.105976
0.2783,24.0635,0.069663
0.2783,24.1873,0.131103
0.2783,24.311,0.169913
0.2783,24.4348,0.241959
0.2783,24.5585,0.373901
0.2783,24.6823,0.558782
0.2783,24.806,0.768117
0.2783,24.9298,0.972115
0.2783,25.0535,1.099216
0.2783,25.1773,1.151016
0.2783,25.301,1.078869
0.2783,25.4247,0.863532
0.2783,25.5485,0.674735
0.2783,25.6722,0.470187
0.2783,25.796,0.3217
0.2783,25.9197,0.19692
0.2783,26.0435,0.121444
0.2783,26.1672,0.080334
0.2783,26.291,0.056995
0.2783,26.4147,0.053466
0.2783,26.5385,0.065982
0.2783,26.6622,0.046962
0.2783,26.786,0.06043
0.2783,26.9097,0.044814
0.2783,27.0334,0.029481
0.2783,27.1572,0.026155
0.2783,27.2809,0.059729
0.2783,27.4047,0.035733
0.2783,27.5284,0.05215
0.2783,27.6522,0.035596
0.2783,27.7759,0.039448
0.2783,27.8997,0.029014
0.2783,28.0234,0.041586
0.2783,28.1472,0.039051
0.2783,28.2709,0.065067
0.2783,28.3946,0.073236
0.2783,28.5184,0.051918
0.2783,28.6421,0.042331
0.2783,28.7659,0.05127
0.2783,28.8896,0.067609
0.2783,29.0134,0.035039
0.2783,29.1371,0.072275
0.2783,29.2609,0.076337
0.2783,29.3846,0.076431
0.2783,29.5084,0.076049
0.2783,29.6321,0.074571
0.2783,29.7559,0.080697
0.2783,29.8796,0.080751
0.2783,30.0033,0.077238
0.2783,30.1271,0.077271
0.2783,30.2508,0.080885
0.2783,30.3746,0.085083
0.2783,30.4983,0.087859
0.2783,30.6221,0.08526
0.2783,30.7458,0.068695
0.2783,30.8696,0.089981
0.2783,30.9933,0.106007
0.2783,31.1171,0.060913
0.2783,31.2408,0.099288
0.2783,31.3645,0.092803
0.2783,31.4883,0.072427
0.2783,31.612,0.061408
0.2783,31.7358,0.087804
0.2783,31.8595,0.067301
0.2783,31.9833,0.055598
0.2783,32.107,0.067336
0.2783,32.2308,0.061227
0.2783,32.3545,0.074675
0.2783,32.4783,0.057009
0.2783,32.602,0.038381
0.2783,32.7258,0.032906
0.2783,32.8495,0.063547
0.2783,32.9732,0.059405
0.2783,33.097,0.067309
0.2783,33.2207,0.033179
0.2783,33.3445,0.09095
0.2783,33.4682,0.097368
0.2783,33.592,0.16118
0.2783,33.7157,0.214644
0.2783,33.8395,0.262082
0.2783,33.9632,0.337497
0.2783,34.087,0.441319
0.2783,34.2107,0.543959
0.2783,34.3344,0.595132
0.2783,34.4582,0.699183
0.2783,34.5819,0.750554
0.2783,34.7057,0.731639
0.2783,34.8294,0.754037
0.2783,34.9532,0.705917
0.2783,35.0769,0.654179
0.2783,35.2007,0.569396
0.2783,35.3244,0.480065
0.2783,35.4482,0.405916
0.2783,35.5719,0.292324
0.2783,35.6957,0.236874
0.2783,35.8194,0.199222
0.2783,35.9431,0.160128
0.2783,36.0669,0.107227
0.2783,36.1906,0.133996
0.2783,36.3144,0.08601
0.2783,36.4381,0.101929
0.2783,36.5619,0.075168
0.2783,36.6856,0.084561
0.2783,36.8094,0.059074
0.2783,36.9331,0.079807
0.2783,37.0569,0.09194
0.2783,37.1806,0.080624
0.2783,37.3043,0.07901
0.2783,37.4281,0.076988
0.2783,37.5518,0.068086
0.2783,37.6756,0.053404
0.2783,37.7993,0.059473
0.2783,37.9231,0.065688
0.2783,38.0468,0.059777
0.2783,38.1706,0.059646
0.2783,38.2943,0.060999
0.2783,38.4181,0.049562
0.2783,38.5418,0.05962
0.2783,38.6656,0.049343
0.2783,38.7893,0.072116
0.2783,38.913,0.052034
0.2783,39.0368,0.071251
0.2783,39.1605,0.033455
0.2783,39.2843,0.044143
0.2783,39.408,0.057936
0.2783,39.5318,0.037227
0.2783,39.6555,0.027357
0.2783,39.7793,0.055961
0.2783,39.903,0.046101
0.2783,40.0268,0.032741
0.2783,40.1505,0.044424
0.2783,40.2742,0.046035
0.2783,40.398,0.05855
0.2783,40.5217,0.054325
0.2783,40.6455,0.058797
0.2783,40.7692,0.066706
0.2783,40.893,0.057491
0.2783,41.0167,0.089269
0.2783,41.1405,0.066232
0.2783,41.2642,0.048035
0.2783,41.388,0.05604
0.2783,41.5117,0.067163
0.2783,41.6355,0.066941
0.2783,41.7592,0.056027
0.2783,41.8829,0.092064
0.2783,42.0067,0.055208
0.2783,42.1304,0.076888
0.2783,42.2542,0.09307
0.2783,42.3779,0.069245
0.2783,42.5017,0.091116
0.2783,42.6254,0.082718
0.2783,42.7492,0.085142
0.2783,42.8729,0.087601
0.2783,42.9967,0.06669
0.2783,43.1204,0.094762
0.2783,43.2441,0.064828
0.2783,43.3679,0.082321
0.2783,43.4916,0.054376
0.2783,43.6154,0.082887
0.2783,43.7391,0.072271
0.2783,43.8629,0.080844
0.2783,43.9866,0.070065
0.2783,44.1104,0.065553
0.2783,44.2341,0.061239
0.2783,44.3579,0.076011
0.2783,44.4816,0.053634
0.2783,44.6054,0.043199
0.2783,44.7291,0.049948
0.2783,44.8528,0.039459
0.2783,44.9766,0.05411
0.2783,45.1003,0.0
0.2783,45.2241,0.052166
0.2783,45.3478,0.050456
0.2783,45.4716,0.02214
0.2783,45.5953,0.054608
0.2783,45.7191,0.078936
0.2783,45.8428,0.087556
0.2783,45.9666,0.104382
0.2783,46.0903,0.132509
0.2783,46.214,0.169835
0.2783,46.3378,0.248197
0.2783,46.4615,0.286031
0.2783,46.5853,0.330315
0.2783,46.709,0.322806
0.2783,46.8328,0.371168
0.2783,46.9565,0.336806
0.2783,47.0803,0.313491
0.2783,47.204,0.290412
0.2783,47.3278,0.224247
0.2783,47.4515,0.18547
0.2783,47.5753,0.152577
0.2783,47.699,0.120575
0.2783,47.8227,0.08742
0.2783,47.9465,0.098826
0.2783,48.0702,0.078303
0.2783,48.194,0.10811
0.2783,48.3177,0.080438
0.2783,48.4415,0.06113
0.2783,48.5652,0.096229
0.2783,48.689,0.064438
0.2783,48.8127,0.090208
0.2783,48.9365,0.077811
0.2783,49.0602,0.079409
0.2783,49.1839,0.077531
0.2783,49.3077,0.085924
0.2783,49.4314,0.076244
0.2783,49.5552,0.051224
0.2783,49.6789,0.062818
0.2783,49.8027,0.059167
0.2783,49.9264,0.070055
0.2783,50.0502,0.066239
0.2783,50.1739,0.065819
0.2783,50.2977,0.070788
0.2783,50.4214,0.0709
0.2783,50.5452,0.022884
0.2783,50.6689,0.059955
0.2783,50.7926,0.070506
0.2783,50.9164,0.024425
0.2783,51.0401,0.05283
0.2783,51.1639,0.052066
0.2783,51.2876,0.037344
0.2783,51.4114,0.048705
0.2783,51.5351,0.051162
0.2783,51.6589,0.039091
0.2783,51.7826,0.033218
0.2783,51.9064,0.049677
0.2783,52.0301,0.049839
0.2783,52.1538,0.046387
0.2783,52.2776,0.061156
0.2783,52.4013,0.054905
0.2783,52.5251,0.046717
0.2783,52.6488,0.05741
0.2783,52.7726,0.060758
0.2783,52.8963,0.07389
0.2783,53.0201,0.064442
0.2783,53.1438,0.089628
0.2783,53.2676,0.065857
0.2783,53.3913,0.078684
0.2783,53.5151,0.060771
0.2783,53.6388,0.088278
0.2783,53.7625,0.049359
0.2783,53.8863,0.089887
0.2783,54.01,0.070997
0.2783,54.1338,0.085406
0.2783,54.2575,0.089573
0.2783,54.3813,0.102813
0.2783,54.505,0.089446
0.2783,54.6288,0.062431
0.2783,54.7525,0.076041
0.2783,54.8763,0.056917
0.2783,55.0,0.07968
0.287,18.0,0.055939
0.287,18.1237,0.096353
0.287,18.2475,0.09236
0.287,18.3712,0.069869
0.287,18.495,0.081816
0.287,18.6187,0.076869
0.287,18.7425,0.079964
0.287,18.8662,0.075283
0.287,18.99,0.082339
0.287,19.1137,0.082063
0.287,19.2375,0.083513
0.287,19.3612,0.069793
0.287,19.4849,0.060756
0.287,19.6087,0.053122
0.287,19.7324,0.071223
0.287,19.8562,0.056899
0.287,19.9799,0.059191
0.287,20.1037,0.063455
0.287,20.2274,0.055377
0.287,20.3512,0.071737
0.287,20.4749,0.057596
0.287,20.5987,0.070961
0.287,20.7224,0.073243
0.287,20.8462,0.04318
0.287,20.9699,0.068588
0.287,21.0936,0.069719
0.287,21.2174,0.056068
0.287,21.3411,0.040025
0.287,21.4649,0.03328
0.287,21.5886,0.016173
0.287,21.7124,0.058621
0.287,21.8361,0.057213
0.287,21.9599,0.070218
0.287,22.0836,0.060888
0.287,22.2074,0.062828
0.287,22.3311,0.052073
0.287,22.4548,0.045155
0.287,22.5786,0.069403
0.287,22.7023,0.077282
0.287,22.8261,0.069339
0.287,22.9498,0.052544
0.287,23.0736,0.08984
0.287,23.1973,0.073133
0.287,23.3211,0.058675
0.287,23.4448,0.052172
0.287,23.5686,0.060215
0.287,23.6923,0.066588
0.287,23.8161,0.051215
0.287,23.9398,0.084813
0.287,24.0635,0.112492
0.287,24.1873,0.102887
0.287,24.311,0.15986
0.287,24.4348,0.225857
0.287,24.5585,0.346748
0.287,24.6823,0.544545
0.287,24.806,0.761439
0.287,24.9298,0.939666
0.287,25.0535,1.06737
0.287,25.1773,1.126046
0.287,25.301,1.056655
0.287,25.4247,0.939767
0.287,25.5485,0.720136
0.287,25.6722,0.515429
0.287,25.796,0.336655
0.287,25.9197,0.194576
0.287,26.0435,0.128017
0.287,26.1672,0.084025
0.287,26.291,0.064485
0.287,26.4147,0.078689
0.287,26.5385,0.050088
0.287,26.6622,0.056645
0.287,26.786,0.071869
0.287,26.9097,0.033155
0.287,27.0334,0.039576
0.287,27.1572,0.06336
0.287,27.2809,0.05061
0.287,27.4047,0.05418
0.287,27.5284,0.043984
0.287,27.6522,0.047163
0.287,27.7759,0.032755
0.287,27.8997,0.059149
0.287,28.0234,0.044055
0.287,28.1472,0.045572
0.287,28.2709,0.049278
0.287,28.3946,0.022775
0.287,28.5184,0.051408
0.287,28.6421,0.058059
0.287,28.7659,0.078697
0.287,28.8896,0.073303
0.287,29.0134,0.056813
0.287,29.1371,0.061189
0.287,29.2609,0.071047
0.287,29.3846,0.05683
0.287,29.5084,0.055173
0.287,29.6321,0.083731
0.287,29.7559,0.070609
0.287,29.8796,0.094923
0.287,30.0033,0.076315
0.287,30.1271,0.082323
0.287,30.2508,0.082057
0.287,30.3746,0.080025
0.287,30.4983,0.087796
0.287,30.6221,0.077299
0.287,30.7458,0.064729
0.287,30.8696,0.063325
0.287,30.9933,0.071217
0.287,31.1171,0.066506
0.287,31.2408,0.077852
0.287,31.3645,0.082324
0.287,31.4883,0.065173
0.287,31.612,0.079653
0.287,31.7358,0.052287
0.287,31.8595,0.056682
0.287,31.9833,0.068054
0.287,32.107,0.034736
0.287,32.2308,0.064358
0.287,32.3545,0.029167
0.287,32.4783,0.05443
0.287,32.602,0.067015
0.287,32.7258,0.052255
0.287,32.8495,0.047545
0.287,32.9732,0.053931
0.287,33.097,0.081369
0.287,33.2207,0.063621
0.287,33.3445,0.081585
0.287,33.4682,0.126849
0.287,33.592,0.151693
0.287,33.7157,0.206234
0.287,33.8395,0.248374
0.287,33.9632,0.350007
0.287,34.087,0.448123
0.287,34.2107,0.526573
0.287,34.3344,0.617825
0.287,34.4582,0.683998
0.287,34.5819,0.730575
0.287,34.7057,0.785162
0.287,34.8294,0.74535
0.287,34.9532,0.727222
0.287,35.0769,0.594361
0.287,35.2007,0.563185
0.287,35.3244,0.490448
0.287,35.4482,0.375812
0.287,35.5719,0.31247
0.287,35.6957,0.237126
0.287,35.8194,0.185732
0.287,35.9431,0.145167
0.287,36.0669,0.118953
0.287,36.1906,0.094248
0.287,36.3144,0.117679
0.287,36.4381,0.088568
0.287,36.5619,0.093191
0.287,36.6856,0.070308
0.287,36.8094,0.097948
0.287,36.9331,0.089472
0.287,37.0569,0.078586
0.287,37.1806,0.085031
0.287,37.3043,0.075692
0.287,37.4281,0.056908
0.287,37.5518,0.085712
0.287,37.6756,0.078026
0.287,37.7993,0.065781
0.287,37.9231,0.072738
0.287,38.0468,0.034678
0.287,38.1706,0.057385
0.287,38.2943,0.076843
0.287,38.4181,0.05884
0.287,38.5418,0.064464
0.287,38.6656,0.056691
0.287,38.7893,0.06565
0.287,38.913,0.053712
0.287,39.0368,0.030352
0.287,39.1605,0.060258
0.287,39.2843,0.053017
0.287,39.408,0.048054
0.287,39.5318,0.029054
0.287,39.6555,0.053008
0.287,39.7793,0.070566
0.287,39.903,0.040028
0.287,40.0268,0.016711
0.287,40.1505,0.04697
0.287,40.2742,0.05284
0.287,40.398,0.064661
0.287,40.5217,0.064457
0.287,40.6455,0.05465
0.287,40.7692,0.057022
0.287,40.893,0.082733
0.287,41.0167,0.071517
0.287,41.1405,0.076493
0.287,41.2642,0.045682
0.287,41.388,0.104282
0.287,41.5117,0.07522
0.287,41.6355,0.089902
0.287,41.7592,0.068009
0.287,41.8829,0.071788
0.287,42.0067,0.073044
0.287,42.1304,0.095597
0.287,42.2542,0.089984
0.287,42.3779,0.066705
0.287,42.5017,0.077597
0.287,42.6254,0.071914
0.287,42.7492,0.075362
0.287,42.8729,0.074885
0.287,42.9967,0.087508
0.287,43.1204,0.060865
0.287,43.2441,0.081845
0.287,43.3679,0.056915
0.287,43.4916,0.077649
0.287,43.6154,0.08502
0.287,43.7391,0.057182
0.287,43.8629,0.076625
0.287,43.9866,0.080163
0.287,44.1104,0.058905
0.287,44.2341,0.048701
0.287,44.3579,0.06303
0.287,44.4816,0.065082
0.287,44.6054,0.053573
0.287,44.7291,0.03574
0.287,44.8528,0.046381
0.287,44.9766,0.069444
0.287,45.1003,0.047555
0.287,45.2241,0.053715
0.287,45.3478,0.064932
0.287,45.4716,0.056061
0.287,45.5953,0.075973
0.287,45.7191,0.064336
0.287,45.8428,0.091295
0.287,45.9666,0.131898
0.287,46.0903,0.169492
0.287,46.214,0.16186
0.287,46.3378,0.262857
0.287,46.4615,0.30721
0.287,46.5853,0.339669
0.287,46.709,0.341333
0.287,46.8328,0.355367
0.287,46.9565,0.325022
0.287,47.0803,0.330882
0.287,47.204,0.289858
0.287,47.3278,0.242714
0.287,47.4515,0.171911
0.287,47.5753,0.183021
0.287,47.699,0.126786
0.287,47.8227,0.116933
0.287,47.9465,0.092344
0.287,48.0702,0.103273
0.287,48.194,0.07525
0.287,48.3177,0.102702
0.287,48.4415,0.097344
0.287,48.5652,0.084999
0.287,48.689,0.072403
0.287,48.8127,0.084631
0.287,48.9365,0.077666
0.287,49.0602,0.105837
0.287,49.1839,0.069027
0.287,49.3077,0.0583
0.287,49.4314,0.073915
0.287,49.5552,0.07158
0.287,49.6789,0.071
0.287,49.8027,0.07352
0.287,49.9264,0.045065
0.287,50.0502,0.058837
0.287,50.1739,0.066444
0.287,50.2977,0.041327
0.287,50.4214,0.061907
0.287,50.5452,0.042263
0.287,50.6689,0.048039
0.287,50.7926,0.0561
0.287,50.9164,0.063647
0.287,51.0401,0.040101
0.287,51.1639,0.049645
0.287,51.2876,0.06065
0.287,51.4114,0.038534
0.287,51.5351,0.030485
0.287,51.6589,0.023421
0.287,51.7826,0.055249
0.287,51.9064,0.031585
0.287,52.0301,0.047455
0.287,52.1538,0.043129
0.287,52.2776,0.040513
0.287,52.4013,0.06019
0.287,52.5251,0.067397
0.287,52.6488,0.053528
0.287,52.7726,0.070439
0.287,52.8963,0.057376
0.287,53.0201,0.063083
0.287,53.1438,0.024256
0.287,53.2676,0.082634
0.287,53.3913,0.080406
0.287,53.5151,0.05362
0.287,53.6388,0.069916
0.287,53.7625,0.080298
0.287,53.8863,0.088664
0.287,54.01,0.074568
0.287,54.1338,0.047703
0.287,54.2575,0.108672
0.287,54.3813,0.058736
0.287,54.505,0.066391
0.287,54.6288,0.083312
0.287,54.7525,0.105115
0.287,54.8763,0.085968
0.287,55.0,0.096839
0.2957,18.0,0.076506
0.2957,18.1237,0.063958
0.2957,18.2475,0.080989
0.2957,18.3712,0.084791
0.2957,18.495,0.052947
0.2957,18.6187,0.082681
0.2957,18.7425,0.074447
0.2957,18.8662,0.0892
0.2957,18.99,0.080227
0.2957,19.1137,0.083127
0.2957,19.2375,0.067909
0.2957,19.3612,0.069876
0.2957,19.4849,0.072254
0.2957,19.6087,0.053957
0.2957,19.7324,0.079005
0.2957,19.8562,0.044067
0.2957,19.9799,0.042351
0.2957,20.1037,0.061635
0.2957,20.2274,0.060524
0.2957,20.3512,0.064109
0.2957,20.4749,0.082071
0.2957,20.5987,0.068738
0.2957,20.7224,0.060825
0.2957,20.8462,0.048007
0.2957,20.9699,0.034149
0.2957,21.0936,0.055899
0.2957,21.2174,0.043383
0.2957,21.3411,0.030121
0.2957,21.4649,0.028746
0.2957,21.5886,0.031178
0.2957,21.7124,0.037903
0.2957,21.8361,0.041831
0.2957,21.9599,0.060608
0.2957,22.0836,0.068965
0.2957,22.2074,0.063687
0.2957,22.3311,0.065015
0.2957,22.4548,0.05433
0.2957,22.5786,0.059035
0.2957,22.7023,0.055764
0.2957,22.8261,0.069313
0.2957,22.9498,0.079179
0.2957,23.0736,0.084789
0.2957,23.1973,0.090992
0.2957,23.3211,0.0903
0.2957,23.4448,0.059539
0.2957,23.5686,0.096303
0.2957,23.6923,0.075746
0.2957,23.8161,0.06101
0.2957,23.9398,0.069149
0.2957,24.0635,0.07877
0.2957,24.1873,0.104766
0.2957,24.311,0.165175
0.2957,24.4348,0.200426
0.2957,24.5585,0.351234
0.2957,24.6823,0.505795
0.2957,24.806,0.692348
0.2957,24.9298,0.887682
0.2957,25.0535,1.071978
0.2957,25.1773,1.125188
0.2957,25.301,1.089322
0.2957,25.4247,0.94279
0.2957,25.5485,0.760683
0.2957,25.6722,0.546849
0.2957,25.796,0.376494
0.2957,25.9197,0.232536
0.2957,26.0435,0.141004
0.2957,26.1672,0.11606
0.2957,26.291,0.068535
0.2957,26.4147,0.062426
0.2957,26.5385,0.032397
0.2957,26.6622,0.052268
0.2957,26.786,0.072694
0.2957,26.9097,0.043089
0.2957,27.0334,0.038896
0.2957,27.1572,0.063662
0.2957,27.2809,0.057489
0.2957,27.4047,0.038749
0.2957,27.5284,0.075434
0.2957,27.6522,0.035997
0.2957,27.7759,0.032353
0.2957,27.8997,0.047352
0.2957,28.0234,0.042196
0.2957,28.1472,0.05747
0.2957,28.2709,0.034454
0.2957,28.3946,0.026161
0.2957,28.5184,0.073896
0.2957,28.6421,0.060014
0.2957,28.7659,0.053343
0.2957,28.8896,0.049837
0.2957,29.0134,0.048123
0.2957,29.1371,0.072737
0.2957,29.2609,0.058293
0.2957,29.3846,0.055961
0.2957,29.5084,0.076677
0.2957,29.6321,0.073323
0.2957,29.7559,0.090824
0.2957,29.8796,0.072826
0.2957,30.0033,0.060984
0.2957,30.1271,0.077649
0.2957,30.2508,0.072549
0.2957,30.3746,0.081693
0.2957,30.4983,0.094093
0.2957,30.6221,0.071171
0.2957,30.7458,0.082475
0.2957,30.8696,0.076063
0.2957,30.9933,0.06054
0.2957,31.1171,0.068964
0.2957,31.2408,0.071909
0.2957,31.3645,0.074641
0.2957,31.4883,0.094388
0.2957,31.612,0.067758
0.2957,31.7358,0.055295
0.2957,31.8595,0.048259
0.2957,31.9833,0.066329
0.2957,32.107,0.057993
0.2957,32.2308,0.057342
0.2957,32.3545,0.045994
0.2957,32.4783,0.065157
0.2957,32.602,0.069807
0.2957,32.7258,0.078677
0.2957,32.8495,0.08329
0.2957,32.9732,0.054411
0.2957,33.097,0.058716
0.2957,33.2207,0.096615
0.2957,33.3445,0.089395
0.2957,33.4682,0.111451
0.2957,33.592,0.145841
0.2957,33.7157,0.228054
0.2957,33.8395,0.301238
0.2957,33.9632,0.360693
0.2957,34.087,0.418808
0.2957,34.2107,0.538454
0.2957,34.3344,0.606023
0.2957,34.4582,0.728887
0.2957,34.5819,0.732935
0.2957,34.7057,0.749109
0.2957,34.8294,0.757384
0.2957,34.9532,0.708322
0.2957,35.0769,0.629096
0.2957,35.2007,0.543891
0.2957,35.3244,0.45575
0.2957,35.4482,0.374499
0.2957,35.5719,0.310766
0.2957,35.6957,0.23928
0.2957,35.8194,0.201474
0.2957,35.9431,0.139693
0.2957,36.0669,0.138648
0.2957,36.1906,0.095608
0.2957,36.3144,0.097593
0.2957,36.4381,0.104799
0.2957,36.5619,0.076735
0.2957,36.6856,0.067006
0.2957,36.8094,0.085761
0.2957,36.9331,0.088535
0.2957,37.0569,0.07128
0.2957,37.1806,0.085675
0.2957,37.3043,0.0673
0.2957,37.4281,0.080891
0.2957,37.5518,0.062129
0.2957,37.6756,0.049871
0.2957,37.7993,0.068372
0.2957,37.9231,0.058644
0.2957,38.0468,0.060463
0.2957,38.1706,0.071478
0.2957,38.2943,0.051286
0.2957,38.4181,0.060515
0.2957,38.5418,0.052352
0.2957,38.6656,0.064535
0.2957,38.7893,0.049023
0.2957,38.913,0.051778
0.2957,39.0368,0.065949
0.2957,39.1605,0.06339
0.2957,39.2843,0.024373
0.2957,39.408,0.046358
0.2957,39.5318,0.078704
0.2957,39.6555,0.051108
0.2957,39.7793,0.03967
0.2957,39.903,0.063039
0.2957,40.0268,0.055467
0.2957,40.1505,0.058144
0.2957,40.2742,0.049208
0.2957,40.398,0.029316
0.2957,40.5217,0.051589
0.2957,40.6455,0.067244
0.2957,40.7692,0.070687
0.2957,40.893,0.064131
0.2957,41.0167,0.041597
0.2957,41.1405,0.067904
0.2957,41.2642,0.087262
0.2957,41.388,0.080768
0.2957,41.5117,0.058269
0.2957,41.6355,0.060248
0.2957,41.7592,0.065816
0.2957,41.8829,0.071857
0.2957,42.0067,0.075045
0.2957,42.1304,0.09195
0.2957,42.2542,0.079099
0.2957,42.3779,0.083687
0.2957,42.5017,0.093939
0.2957,42.6254,0.092749
0.2957,42.7492,0.051996
0.2957,42.8729,0.044762
0.2957,42.9967,0.043882
0.2957,43.1204,0.080038
0.2957,43.2441,0.068126
0.2957,43.3679,0.093209
0.2957,43.4916,0.063193
0.2957,43.6154,0.082809
0.2957,43.7391,0.036714
0.2957,43.8629,0.065826
0.2957,43.9866,0.054889
0.2957,44.1104,0.043529
0.2957,44.2341,0.046671
0.2957,44.3579,0.043734
0.2957,44.4816,0.076744
0.2957,44.6054,0.038364
0.2957,44.7291,0.05915
0.2957,44.8528,0.059329
0.2957,44.9766,0.03081
0.2957,45.1003,0.059056
0.2957,45.2241,0.038087
0.2957,45.3478,0.041153
0.2957,45.4716,0.06873
0.2957,45.5953,0.044043
0.2957,45.7191,0.059111
0.2957,45.8428,0.086565
0.2957,45.9666,0.118474
0.2957,46.0903,0.163757
0.2957,46.214,0.197452
0.2957,46.3378,0.234628
0.2957,46.4615,0.302677
0.2957,46.5853,0.349464
0.2957,46.709,0.346152
0.2957,46.8328,0.361092
0.2957,46.9565,0.371308
0.2957,47.0803,0.315703
0.2957,47.204,0.275072
0.2957,47.3278,0.228517
0.2957,47.4515,0.202229
0.2957,47.5753,0.151608
0.2957,47.699,0.13686
0.2957,47.8227,0.104096
0.2957,47.9465,0.074503
0.2957,48.0702,0.083367
0.2957,48.194,0.067678
0.2957,48.3177,0.063719
0.2957,48.4415,0.095816
0.2957,48.5652,0.073163
0.2957,48.689,0.083029
0.2957,48.8127,0.062924
0.2957,48.9365,0.086809
0.2957,49.0602,0.10303
0.2957,49.1839,0.081593
0.2957,49.3077,0.088263
0.2957,49.4314,0.060224
0.2957,49.5552,0.072549
0.2957,49.6789,0.059291
0.2957,49.8027,0.073067
0.2957,49.9264,0.065964
0.2957,50.0502,0.060385
0.2957,50.1739,0.073395
0.2957,50.2977,0.044491
0.2957,50.4214,0.045067
0.2957,50.5452,0.033192
0.2957,50.6689,0.07234
0.2957,50.7926,0.070853
0.2957,50.9164,0.048017
0.2957,51.0401,0.05457
0.2957,51.1639,0.028498
0.2957,51.2876,0.034332
0.2957,51.4114,0.029661
0.2957,51.5351,0.028079
0.2957,51.6589,0.045812
0.2957,51.7826,0.052202
0.2957,51.9064,0.059425
0.2957,52.0301,0.048286
0.2957,52.1538,0.046571
0.2957,52.2776,0.057355
0.2957,52.4013,0.067202
0.2957,52.5251,0.025853
0.2957,52.6488,0.058604
0.2957,52.7726,0.064396
0.2957,52.8963,0.035163
0.2957,53.0201,0.078952
0.2957,53.1438,0.074734
0.2957,53.2676,0.068834
0.2957,53.3913,0.078801
0.2957,53.5151,0.056589
0.2957,53.6388,0.083018
0.2957,53.7625,0.061884
0.2957,53.8863,0.079534
0.2957,54.01,0.092271
0.2957,54.1338,0.088982
0.2957,54.2575,0.089807
0.2957,54.3813,0.074002
0.2957,54.505,0.08701
0.2957,54.6288,0.077797
0.2957,54.7525,0.069512
0.2957,54.8763,0.078526
0.2957,55.0,0.067295
0.3043,18.0,0.068009
0.3043,18.1237,0.105351
0.3043,18.2475,0.081383
0.3043,18.3712,0.084473
0.3043,18.495,0.05119
0.3043,18.6187,0.074784
0.3043,18.7425,0.079469
0.3043,18.8662,0.098324
0.3043,18.99,0.084696
0.3043,19.1137,0.088414
0.3043,19.2375,0.053017
0.3043,19.3612,0.067687
0.3043,19.4849,0.064778
0.3043,19.6087,0.062141
0.3043,19.7324,0.076122
0.3043,19.8562,0.069656
0.3043,19.9799,0.046174
0.3043,20.1037,0.060529
0.3043,20.2274,0.036811
0.3043,20.3512,0.069813
0.3043,20.4749,0.057101
0.3043,20.5987,0.031837
0.3043,20.7224,0.026184
0.3043,20.8462,0.026809
0.3043,20.9699,0.038315
0.3043,21.0936,0.025567
0.3043,21.2174,0.054652
0.3043,21.3411,0.049969
0.3043,21.4649,0.050587
0.3043,21.5886,0.052692
0.3043,21.7124,0.03786
0.3043,21.8361,0.063381
0.3043,21.9599,0.031895
0.3043,22.0836,0.046395
0.3043,22.2074,0.05861
0.3043,22.3311,0.070328
0.3043,22.4548,0.072551
0.3043,22.5786,0.050943
0.3043,22.7023,0.046869
0.3043,22.8261,0.039919
0.3043,22.9498,0.071828
0.3043,23.0736,0.0807
0.3043,23.1973,0.069487
0.3043,23.3211,0.069009
0.3043,23.4448,0.091859
0.3043,23.5686,0.063744
0.3043,23.6923,0.071024
0.3043,23.8161,0.086329
0.3043,23.9398,0.090545
0.3043,24.0635,0.093245
0.3043,24.1873,0.096474
0.3043,24.311,0.149022
0.3043,24.4348,0.203898
0.3043,24.5585,0.312779
0.3043,24.6823,0.475074
0.3043,24.806,0.639754
0.3043,24.9298,0.863093
0.3043,25.0535,1.0176
0.3043,25.1773,1.097781
0.3043,25.301,1.091719
0.3043,25.4247,0.993272
0.3043,25.5485,0.795308
0.3043,25.6722,0.585444
0.3043,25.796,0.405659
0.3043,25.9197,0.259758
0.3043,26.0435,0.174706
0.3043,26.1672,0.127516
0.3043,26.291,0.069141
0.3043,26.4147,0.054385
0.3043,26.5385,0.084472
0.3043,26.6622,0.045652
0.3043,26.786,0.049444
0.3043,26.9097,0.053661
0.3043,27.0334,0.067553
0.3043,27.1572,0.037307
0.3043,27.2809,0.03422
0.3043,27.4047,0.063632
0.3043,27.5284,0.036317
0.3043,27.6522,0.029539
0.3043,27.7759,0.03949
0.3043,27.8997,0.015689
0.3043,28.0234,0.019532
0.3043,28.1472,0.040165
0.3043,28.2709,0.058076
0.3043,28.3946,0.051363
0.3043,28.5184,0.06127
0.3043,28.6421,0.060749
0.3043,28.7659,0.054782
0.3043,28.8896,0.057954
0.3043,29.0134,0.073182
0.3043,29.1371,0.055254
0.3043,29.2609,0.059178
0.3043,29.3846,0.065823
0.3043,29.5084,0.086044
0.3043,29.6321,0.059289
0.3043,29.7559,0.075673
0.3043,29.8796,0.090926
0.3043,30.0033,0.092211
0.3043,30.1271,0.081834
0.3043,30.2508,0.098663
0.3043,30.3746,0.053165
0.3043,30.4983,0.075396
0.3043,30.6221,0.079537
0.3043,30.7458,0.068431
0.3043,30.8696,0.078393
0.3043,30.9933,0.043605
0.3043,31.1171,0.056914
0.3043,31.2408,0.071189
0.3043,31.3645,0.056588
0.3043,31.4883,0.070806
0.3043,31.612,0.061331
0.3043,31.7358,0.057632
0.3043,31.8595,0.063097
0.3043,31.9833,0.066747
0.3043,32.107,0.083787
0.3043,32.2308,0.034825
0.3043,32.3545,0.03092
0.3043,32.4783,0.037979
0.3043,32.602,0.069276
0.3043,32.7258,0.054396
0.3043,32.8495,0.039004
0.3043,32.9732,0.060567
0.3043,33.097,0.07653
0.3043,33.2207,0.094927
0.3043,33.3445,0.10521
0.3043,33.4682,0.10967
0.3043,33.592,0.148111
0.3043,33.7157,0.234154
0.3043,33.8395,0.284729
0.3043,33.9632,0.386025
0.3043,34.087,0.48297
0.3043,34.2107,0.560087
0.3043,34.3344,0.648902
0.3043,34.4582,0.715785
0.3043,34.5819,0.723215
0.3043,34.7057,0.768988
0.3043,34.8294,0.748485
0.3043,34.9532,0.692628
0.3043,35.0769,0.635621
0.3043,35.2007,0.558116
0.3043,35.3244,0.452886
0.3043,35.4482,0.373528
0.3043,35.5719,0.307676
0.3043,35.6957,0.212337
0.3043,35.8194,0.170138
0.3043,35.9431,0.148909
0.3043,36.0669,0.114774
0.3043,36.1906,0.082147
0.3043,36.3144,0.089569
0.3043,36.4381,0.082631
0.3043,36.5619,0.088357
0.3043,36.6856,0.079662
0.3043,36.8094,0.05732
0.3043,36.9331,0.066998
0.3043,37.0569,0.073961
0.3043,37.1806,0.079235
0.3043,37.3043,0.056374
0.3043,37.4281,0.064864
0.3043,37.5518,0.073195
0.3043,37.6756,0.0522
0.3043,37.7993,0.04873
0.3043,37.9231,0.06243
0.3043,38.0468,0.07789
0.3043,38.1706,0.052384
0.3043,38.2943,0.059085
0.3043,38.4181,0.034177
0.3043,38.5418,0.057067
0.3043,38.6656,0.034457
0.3043,38.7893,0.065033
0.3043,38.913,0.051483
0.3043,39.0368,0.050549
0.3043,39.1605,0.057624
0.3043,39.2843,0.040015
0.3043,39.408,0.038293
0.3043,39.5318,0.037772
0.3043,39.6555,0.049198
0.3043,39.7793,0.069118
0.3043,39.903,0.052915
0.3043,40.0268,0.07119
0.3043,40.1505,0.056454
0.3043,40.2742,0.032762
0.3043,40.398,0.045612
0.3043,40.5217,0.063689
0.3043,40.6455,0.037954
0.3043,40.7692,0.056872
0.3043,40.893,0.085402
0.3043,41.0167,0.06413
0.3043,41.1405,0.089396
0.3043,41.2642,0.075813
0.3043,41.388,0.086302
0.3043,41.5117,0.06435
0.3043,41.6355,0.064983
0.3043,41.7592,0.081105
0.3043,41.8829,0.079869
0.3043,42.0067,0.069648
0.3043,42.1304,0.077547
0.3043,42.2542,0.092089
0.3043,42.3779,0.079573
0.3043,42.5017,0.078449
0.3043,42.6254,0.097779
0.3043,42.7492,0.067231
0.3043,42.8729,0.056753
0.3043,42.9967,0.072322
0.3043,43.1204,0.065369
0.3043,43.2441,0.079504
0.3043,43.3679,0.059531
0.3043,43.4916,0.048635
0.3043,43.6154,0.064546
0.3043,43.7391,0.052081
0.3043,43.8629,0.070052
0.3043,43.9866,0.061155
0.3043,44.1104,0.046418
0.3043,44.2341,0.04444
0.3043,44.3579,0.057192
0.3043,44.4816,0.051864
0.3043,44.6054,0.060394
0.3043,44.7291,0.061472
0.3043,44.8528,0.069061
0.3043,44.9766,0.029396
0.3043,45.1003,0.061548
0.3043,45.2241,0.014952
0.3043,45.3478,0.041309
0.3043,45.4716,0.044316
0.3043,45.5953,0.05505
0.3043,45.7191,0.075437
0.3043,45.8428,0.088255
0.3043,45.9666,0.101765
0.3043,46.0903,0.151931
0.3043,46.214,0.186514
0.3043,46.3378,0.249776
0.3043,46.4615,0.26871
0.3043,46.5853,0.34006
0.3043,46.709,0.378909
0.3043,46.8328,0.366122
0.3043,46.9565,0.36182
0.3043,47.0803,0.316415
0.3043,47.204,0.289009
0.3043,47.3278,0.238113
0.3043,47.4515,0.209195
0.3043,47.5753,0.167204
0.3043,47.699,0.143421
0.3043,47.8227,0.110741
0.3043,47.9465,0.101147
0.3043,48.0702,0.084416
0.3043,48.194,0.087943
0.3043,48.3177,0.088789
0.3043,48.4415,0.082837
0.3043,48.5652,0.095478
0.3043,48.689,0.059922
0.3043,48.8127,0.078905
0.3043,48.9365,0.069407
0.3043,49.0602,0.054897
0.3043,49.1839,0.056897
0.3043,49.3077,0.086004
0.3043,49.4314,0.076272
0.3043,49.5552,0.062135
0.3043,49.6789,0.047417
0.3043,49.8027,0.052204
0.3043,49.9264,0.06073
0.3043,50.0502,0.034789
0.3043,50.1739,0.047287
0.3043,50.2977,0.05212
0.3043,50.4214,0.056251
0.3043,50.5452,0.066115
0.3043,50.6689,0.06902
0.3043,50.7926,0.07339
0.3043,50.9164,0.048477
0.3043,51.0401,0.038749
0.3043,51.1639,0.057611
0.3043,51.2876,0.076051
0.3043,51.4114,0.058635
0.3043,51.5351,0.046615
0.3043,51.6589,0.052698
0.3043,51.7826,0.03385
0.3043,51.9064,0.044606
0.3043,52.0301,0.067262
0.3043,52.1538,0.077803
0.3043,52.2776,0.063741
0.3043,52.4013,0.073274
0.3043,52.5251,0.061413
0.3043,52.6488,0.044087
0.3043,52.7726,0.083631
0.3043,52.8963,0.073654
0.3043,53.0201,0.076154
0.3043,53.1438,0.070402
0.3043,53.2676,0.053071
0.3043,53.3913,0.088013
0.3043,53.5151,0.082821
0.3043,53.6388,0.068586
0.3043,53.7625,0.097664
0.3043,53.8863,0.091158
0.3043,54.01,0.067656
0.3043,54.1338,0.074466
0.3043,54.2575,0.096852
0.3043,54.3813,0.067142
0.3043,54.505,0.075091
0.3043,54.6288,0.088308
0.3043,54.7525,0.06503
0.3043,54.8763,0.100701
0.3043,55.0,0.096253
0.313,18.0,0.10225
0.313,18.1237,0.067332
0.313,18.2475,0.066691
0.313,18.3712,0.065798
0.313,18.495,0.110666
0.313,18.6187,0.081367
0.313,18.7425,0.065276
0.313,18.8662,0.08908
0.313,18.99,0.087121
0.313,19.1137,0.08349
0.313,19.2375,0.09585
0.313,19.3612,0.066472
0.313,19.4849,0.072174
0.313,19.6087,0.08604
0.313,19.7324,0.065583
0.313,19.8562,0.074417
0.313,19.9799,0.04623
0.313,20.1037,0.055921
0.313,20.2274,0.047307
0.313,20.3512,0.070405
0.313,20.4749,0.045552
0.313,20.5987,0.03347
0.313,20.7224,0.008769
0.313,20.8462,0.038183
0.313,20.9699,0.046401
0.313,21.0936,0.020461
0.313,21.2174,0.068664
0.313,21.3411,0.046078
0.313,21.4649,0.02882
0.313,21.5886,0.046174
0.313,21.7124,0.056434
0.313,21.8361,0.029284
0.313,21.9599,0.045804
0.313,22.0836,0.016322
0.313,22.2074,0.058867
0.313,22.3311,0.06081
0.313,22.4548,0.058013
0.313,22.5786,0.071158
0.313,22.7023,0.073342
0.313,22.8261,0.062688
0.313,22.9498,0.074271
0.313,23.0736,0.065832
0.313,23.1973,0.06119
0.313,23.3211,0.059599
0.313,23.4448,0.067976
0.313,23.5686,0.075428
0.313,23.6923,0.07053
0.313,23.8161,0.069699
0.313,23.9398,0.111434
0.313,24.0635,0.109006
0.313,24.1873,0.098585
0.313,24.311,0.129418
0.313,24.4348,0.193861
0.313,24.5585,0.29596
0.313,24.6823,0.391188
0.313,24.806,0.615691
0.313,24.9298,0.816429
0.313,25.0535,0.989071
0.313,25.1773,1.10825
0.313,25.301,1.129713
0.313,25.4247,1.00969
0.313,25.5485,0.82177
0.313,25.6722,0.625079
0.313,25.796,0.425459
0.313,25.9197,0.275352
0.313,26.0435,0.169488
0.313,26.1672,0.091125
0.313,26.291,0.087961
0.313,26.4147,0.058734
0.313,26.5385,0.066114
0.313,26.6622,0.042579
0.313,26.786,0.031113
0.313,26.9097,0.078259
0.313,27.0334,0.023088
0.313,27.1572,0.046281
0.313,27.2809,0.038042
0.313,27.4047,0.037279
0.313,27.5284,0.071497
0.313,27.6522,0.052415
0.313,27.7759,0.058358
0.313,27.8997,0.011025
0.313,28.0234,0.039977
0.313,28.1472,0.043229
0.313,28.2709,0.043928
0.313,28.3946,0.068137
0.313,28.5184,0.054954
0.313,28.6421,0.043679
0.313,28.7659,0.054196
0.313,28.8896,0.087545
0.313,29.0134,0.073512
0.313,29.1371,0.082662
0.313,29.2609,0.037189
0.313,29.3846,0.054803
0.313,29.5084,0.090303
0.313,29.6321,0.084148
0.313,29.7559,0.05076
0.313,29.8796,0.07092
0.313,30.0033,0.068861
0.313,30.1271,0.074841
0.313,30.2508,0.096204
0.313,30.3746,0.07939
0.313,30.4983,0.088175
0.313,30.6221,0.076353
0.313,30.7458,0.096565
0.313,30.8696,0.066262
0.313,30.9933,0.049431
0.313,31.1171,0.066622
0.313,31.2408,0.076144
0.313,31.3645,0.08534
0.313,31.4883,0.05879
0.313,31.612,0.085795
0.313,31.7358,0.064388
0.313,31.8595,0.047185
0.313,31.9833,0.036459
0.313,32.107,0.076384
0.313,32.2308,0.045985
0.313,32.3545,0.066209
0.313,32.4783,0.065408
0.313,32.602,0.037738
0.313,32.7258,0.056325
0.313,32.8495,0.068727
0.313,32.9732,0.077961
0.313,33.097,0.06015
0.313,33.2207,0.077047
0.313,33.3445,0.086583
0.313,33.4682,0.086977
0.313,33.592,0.168442
0.313,33.7157,0.231621
0.313,33.8395,0.288587
0.313,33.9632,0.3597
0.313,34.087,0.459906
0.313,34.2107,0.575588
0.313,34.3344,0.620924
0.313,34.4582,0.712921
0.313,34.5819,0.738056
0.313,34.7057,0.778098
0.313,34.8294,0.768049
0.313,34.9532,0.704283
0.313,35.0769,0.596799
0.313,35.2007,0.545659
0.313,35.3244,0.438136
0.313,35.4482,0.34947
0.313,35.5719,0.293883
0.313,35.6957,0.228346
0.313,35.8194,0.203963
0.313,35.9431,0.131534
0.313,36.0669,0.097963
0.313,36.1906,0.096396
0.313,36.3144,0.103311
0.313,36.4381,0.073137
0.313,36.5619,0.073281
0.313,36.6856,0.082251
0.313,36.8094,0.073031
0.313,36.9331,0.071478
0.313,37.0569,0.078035
0.313,37.1806,0.084865
0.313,37.3043,0.07031
0.313,37.4281,0.071836
0.313,37.5518,0.070793
0.313,37.6756,0.078203
0.313,37.7993,0.058479
0.313,37.9231,0.081989
0.313,38.0468,0.057405
0.313,38.1706,0.029144
0.313,38.2943,0.053827
0.313,38.4181,0.049273
0.313,38.5418,0.057175
0.313,38.6656,0.045305
0.313,38.7893,0.036141
0.313,38.913,0.044738
0.313,39.0368,0.05358
0.313,39.1605,0.028527
0.313,39.2843,0.044874
0.313,39.408,0.045332
0.313,39.5318,0.021756
0.313,39.6555,0.043354
0.313,39.7793,0.042429
0.313,39.903,0.065005
0.313,40.0268,0.040758
0.313,40.1505,0.063323
0.313,40.2742,0.074353
0.313,40.398,0.046541
0.313,40.5217,0.066561
0.313,40.6455,0.057818
0.313,40.7692,0.060002
0.313,40.893,0.059845
0.313,41.0167,0.090221
0.313,41.1405,0.087957
0.313,41.2642,0.078152
0.313,41.388,0.056234
0.313,41.5117,0.075063
0.313,41.6355,0.07342
0.313,41.7592,0.088553
0.313,41.8829,0.068875
0.313,42.0067,0.091066
0.313,42.1304,0.083289
0.313,42.2542,0.077029
0.313,42.3779,0.074568
0.313,42.5017,0.093404
0.313,42.6254,0.09782
0.313,42.7492,0.075168
0.313,42.8729,0.074627
0.313,42.9967,0.072927
0.313,43.1204,0.097258
0.313,43.2441,0.078676
0.313,43.3679,0.067809
0.313,43.4916,0.06543
0.313,43.6154,0.065874
0.313,43.7391,0.071875
0.313,43.8629,0.050719
0.313,43.9866,0.063822
0.313,44.1104,0.064006
0.313,44.2341,0.056835
0.313,44.3579,0.068752
0.313,44.4816,0.030835
0.313,44.6054,0.051899
0.313,44.7291,0.069068
0.313,44.8528,0.059412
0.313,44.9766,0.058106
0.313,45.1003,0.065615
0.313,45.2241,0.030301
0.313,45.3478,0.042544
0.313,45.4716,0.05272
0.313,45.5953,0.047244
0.313,45.7191,0.093396
0.313,45.8428,0.103879
0.313,45.9666,0.127295
0.313,46.0903,0.169714
0.313,46.214,0.226271
0.313,46.3378,0.239551
0.313,46.4615,0.296915
0.313,46.5853,0.338478
0.313,46.709,0.361849
0.313,46.8328,0.377684
0.313,46.9565,0.368284
0.313,47.0803,0.342856
0.313,47.204,0.292886
0.313,47.3278,0.248936
0.313,47.4515,0.207203
0.313,47.5753,0.167244
0.313,47.699,0.14099
0.313,47.8227,0.105052
0.313,47.9465,0.080571
0.313,48.0702,0.113861
0.313,48.194,0.098207
0.313,48.3177,0.102969
0.313,48.4415,0.062466
0.313,48.5652,0.081384
0.313,48.689,0.095241
0.313,48.8127,0.067446
0.313,48.9365,0.080758
0.313,49.0602,0.068019
0.313,49.1839,0.08734
0.313,49.3077,0.094391
0.313,49.4314,0.072318
0.313,49.5552,0.061286
0.313,49.6789,0.061624
0.313,49.8027,0.068913
0.313,49.9264,0.06756
0.313,50.0502,0.057031
0.313,50.1739,0.053936
0.313,50.2977,0.049498
0.313,50.4214,0.086555
0.313,50.5452,0.061609
0.313,50.6689,0.064134
0.313,50.7926,0.040332
0.313,50.9164,0.069564
0.313,51.0401,0.061962
0.313,51.1639,0.050558
0.313,51.2876,0.046161
0.313,51.4114,0.0427
0.313,51.5351,0.051328
0.313,51.6589,0.077175
0.313,51.7826,0.036029
0.313,51.9064,0.058362
0.313,52.0301,0.051439
0.313,52.1538,0.037809
0.313,52.2776,0.04762
0.313,52.4013,0.068682
0.313,52.5251,0.057447
0.313,52.6488,0.059755
0.313,52.7726,0.065664
0.313,52.8963,0.067471
0.313,53.0201,0.072096
0.313,53.1438,0.063378
0.313,53.2676,0.08826
0.313,53.3913,0.074768
0.313,53.5151,0.062439
0.313,53.6388,0.06854
0.313,53.7625,0.078082
0.313,53.8863,0.083194
0.313,54.01,0.093305
0.313,54.1338,0.046372
0.313,54.2575,0.069204
0.313,54.3813,0.074089
0.313,54.505,0.070112
0.313,54.6288,0.086914
0.313,54.7525,0.088302
0.313,54.8763,0.075292
0.313,55.0,0.068602
0.3217,18.0,0.083252
0.3217,18.1237,0.091535
0.3217,18.2475,0.095424
0.3217,18.3712,0.067723
0.3217,18.495,0.070187
0.3217,18.6187,0.0613
0.3217,18.7425,0.063079
0.3217,18.8662,0.066155
0.3217,18.99,0.081299
0.3217,19.1137,0.071774
0.3217,19.2375,0.072571
0.3217,19.3612,0.063726
0.3217,19.4849,0.033251
0.3217,19.6087,0.049523
0.3217,19.7324,0.077533
0.3217,19.8562,0.038807
0.3217,19.9799,0.052085
0.3217,20.1037,0.062123
0.3217,20.2274,0.044463
0.3217,20.3512,0.020911
0.3217,20.4749,0.050992
0.3217,20.5987,0.051112
0.3217,20.7224,0.059727
0.3217,20.8462,0.03583
0.3217,20.9699,0.056433
0.3217,21.0936,0.056169
0.3217,21.2174,0.046605
0.3217,21.3411,0.029892
0.3217,21.4649,0.039809
0.3217,21.5886,0.045403
0.3217,21.7124,0.057063
0.3217,21.8361,0.048465
0.3217,21.9599,0.041637
0.3217,22.0836,0.054244
0.3217,22.2074,0.047098
0.3217,22.3311,0.028395
0.3217,22.4548,0.074139
0.3217,22.5786,0.079377
0.3217,22.7023,0.067483
0.3217,22.8261,0.102253
0.3217,22.9498,0.079701
0.3217,23.0736,0.083452
0.3217,23.1973,0.072614
0.3217,23.3211,0.081835
0.3217,23.4448,0.068532
0.3217,23.5686,0.076362
0.3217,23.6923,0.077232
0.3217,23.8161,0.087522
0.3217,23.9398,0.10515
0.3217,24.0635,0.103348
0.3217,24.1873,0.066319
0.3217,24.311,0.138258
0.3217,24.4348,0.184431
0.3217,24.5585,0.26392
0.3217,24.6823,0.393284
0.3217,24.806,0.559444
0.3217,24.9298,0.778062
0.3217,25.0535,0.975651
0.3217,25.1773,1.098777
0.3217,25.301,1.108414
0.3217,25.4247,1.046634
0.3217,25.5485,0.850461
0.3217,25.6722,0.663279
0.3217,25.796,0.479527
0.3217,25.9197,0.293795
0.3217,26.0435,0.185467
0.3217,26.1672,0.110497
0.3217,26.291,0.087558
0.3217,26.4147,0.066078
0.3217,26.5385,0.055597
0.3217,26.6622,0.051991
0.3217,26.786,0.058607
0.3217,26.9097,0.039495
0.3217,27.0334,0.047824
0.3217,27.1572,0.04034
0.3217,27.2809,0.028192
0.3217,27.4047,0.047683
0.3217,27.5284,0.043983
0.3217,27.6522,0.049894
0.3217,27.7759,0.061788
0.3217,27.8997,0.049483
0.3217,28.0234,0.05107
0.3217,28.1472,0.03916
0.3217,28.2709,0.050352
0.3217,28.3946,0.058862
0.3217,28.5184,0.073916
0.3217,28.6421,0.076428
0.3217,28.7659,0.053156
0.3217,28.8896,0.084923
0.3217,29.0134,0.067181
0.3217,29.1371,0.075821
0.3217,29.2609,0.077763
0.3217,29.3846,0.061118
0.3217,29.5084,0.079876
0.3217,29.6321,0.089866
0.3217,29.7559,0.061457
0.3217,29.8796,0.09223
0.3217,30.0033,0.09339
0.3217,30.1271,0.075363
0.3217,30.2508,0.071585
0.3217,30.3746,0.085673
0.3217,30.4983,0.069322
0.3217,30.6221,0.06512
0.3217,30.7458,0.075231
0.3217,30.8696,0.093822
0.3217,30.9933,0.085585
0.3217,31.1171,0.067493
0.3217,31.2408,0.082815
0.3217,31.3645,0.061803
0.3217,31.4883,0.070047
0.3217,31.612,0.063334
0.3217,31.7358,0.062791
0.3217,31.8595,0.048607
0.3217,31.9833,0.038201
0.3217,32.107,0.05431
0.3217,32.2308,0.031048
0.3217,32.3545,0.044909
0.3217,32.4783,0.045223
0.3217,32.602,0.049329
0.3217,32.7258,0.059688
0.3217,32.8495,0.064499
0.3217,32.9732,0.046078
0.3217,33.097,0.07102
0.3217,33.2207,0.068137
0.3217,33.3445,0.087054
0.3217,33.4682,0.095353
0.3217,33.592,0.152686
0.3217,33.7157,0.236893
0.3217,33.8395,0.312128
0.3217,33.9632,0.387504
0.3217,34.087,0.479267
0.3217,34.2107,0.57237
0.3217,34.3344,0.653495
0.3217,34.4582,0.716379
0.3217,34.5819,0.758353
0.3217,34.7057,0.741981
0.3217,34.8294,0.74041
0.3217,34.9532,0.681662
0.3217,35.0769,0.640291
0.3217,35.2007,0.552558
0.3217,35.3244,0.436524
0.3217,35.4482,0.339377
0.3217,35.5719,0.272175
0.3217,35.6957,0.223195
0.3217,35.8194,0.14842
0.3217,35.9431,0.138921
0.3217,36.0669,0.146002
0.3217,36.1906,0.111406
0.3217,36.3144,0.095321
0.3217,36.4381,0.078842
0.3217,36.5619,0.091095
0.3217,36.6856,0.085492
0.3217,36.8094,0.061613
0.3217,36.9331,0.085868
0.3217,37.0569,0.077844
0.3217,37.1806,0.068482
0.3217,37.3043,0.037275
0.3217,37.4281,0.087014
0.3217,37.5518,0.09171
0.3217,37.6756,0.05734
0.3217,37.7993,0.073079
0.3217,37.9231,0.057977
0.3217,38.0468,0.06282
0.3217,38.1706,0.074829
0.3217,38.2943,0.058123
0.3217,38.4181,0.037998
0.3217,38.5418,0.036574
0.3217,38.6656,0.035268
0.3217,38.7893,0.036335
0.3217,38.913,0.03826
0.3217,39.0368,0.042981
0.3217,39.1605,0.054571
0.3217,39.2843,0.056248
0.3217,39.408,0.039568
0.3217,39.5318,0.078356
0.3217,39.6555,0.04247
0.3217,39.7793,0.037788
0.3217,39.903,0.021646
0.3217,40.0268,0.074802
0.3217,40.1505,0.077833
0.3217,40.2742,0.065026
0.3217,40.398,0.071765
0.3217,40.5217,0.065618
0.3217,40.6455,0.093148
0.3217,40.7692,0.058527
0.3217,40.893,0.073557
0.3217,41.0167,0.074669
0.3217,41.1405,0.047106
0.3217,41.2642,0.07747
0.3217,41.388,0.077106
0.3217,41.5117,0.076055
0.3217,41.6355,0.059181
0.3217,41.7592,0.097071
0.3217,41.8829,0.067373
0.3217,42.0067,0.085061
0.3217,42.1304,0.094448
0.3217,42.2542,0.076293
0.3217,42.3779,0.087999
0.3217,42.5017,0.066171
0.3217,42.6254,0.070331
0.3217,42.7492,0.090222
0.3217,42.8729,0.078205
0.3217,42.9967,0.070384
0.3217,43.1204,0.056019
0.3217,43.2441,0.076478
0.3217,43.3679,0.060745
0.3217,43.4916,0.039996
0.3217,43.6154,0.060394
0.3217,43.7391,0.067473
0.3217,43.8629,0.052182
0.3217,43.9866,0.051456
0.3217,44.1104,0.050791
0.3217,44.2341,0.051072
0.3217,44.3579,0.038979
0.3217,44.4816,0.051779
0.3217,44.6054,0.054835
0.3217,44.7291,0.043892
0.3217,44.8528,0.056832
0.3217,44.9766,0.058395
0.3217,45.1003,0.054958
0.3217,45.2241,0.055064
0.3217,45.3478,0.051868
0.3217,45.4716,0.02584
0.3217,45.5953,0.042905
0.3217,45.7191,0.083442
0.3217,45.8428,0.092974
0.3217,45.9666,0.136502
0.3217,46.0903,0.150718
0.3217,46.214,0.221501
0.3217,46.3378,0.255557
0.3217,46.4615,0.326091
0.3217,46.5853,0.345655
0.3217,46.709,0.372426
0.3217,46.8328,0.36418
0.3217,46.9565,0.361912
0.3217,47.0803,0.342433
0.3217,47.204,0.296843
0.3217,47.3278,0.258583
0.3217,47.4515,0.203146
0.3217,47.5753,0.174026
0.3217,47.699,0.114663
0.3217,47.8227,0.131134
0.3217,47.9465,0.101534
0.3217,48.0702,0.08837
0.3217,48.194,0.088849
0.3217,48.3177,0.073042
0.3217,48.4415,0.091314
0.3217,48.5652,0.064826
0.3217,48.689,0.096493
0.3217,48.8127,0.092417
0.3217,48.9365,0.088027
0.3217,49.0602,0.070537
0.3217,49.1839,0.089211
0.3217,49.3077,0.068479
0.3217,49.4314,0.069486
0.3217,49.5552,0.061108
0.3217,49.6789,0.06592
0.3217,49.8027,0.072427
0.3217,49.9264,0.052616
0.3217,50.0502,0.043197
0.3217,50.1739,0.050456
0.3217,50.2977,0.062658
0.3217,50.4214,0.050351
0.3217,50.5452,0.040784
0.3217,50.6689,0.048144
0.3217,50.7926,0.053152
0.3217,50.9164,0.045831
0.3217,51.0401,0.0526
0.3217,51.1639,0.062438
0.3217,51.2876,0.051788
0.3217,51.4114,0.03847
0.3217,51.5351,0.050578
0.3217,51.6589,0.056894
0.3217,51.7826,0.036879
0.3217,51.9064,0.043627
0.3217,52.0301,0.05165
0.3217,52.1538,0.060271
0.3217,52.2776,0.054051
0.3217,52.4013,0.043321
0.3217,52.5251,0.090307
0.3217,52.6488,0.039231
0.3217,52.7726,0.057775
0.3217,52.8963,0.037976
0.3217,53.0201,0.071119
0.3217,53.1438,0.07502
0.3217,53.2676,0.082785
0.3217,53.3913,0.082592
0.3217,53.5151,0.070293
0.3217,53.6388,0.079521
0.3217,53.7625,0.09116
0.3217,53.8863,0.096304
0.3217,54.01,0.084286
0.3217,54.1338,0.084239
0.3217,54.2575,0.080995
0.3217,54.3813,0.08845
0.3217,54.505,0.080079
0.3217,54.6288,0.082164
0.3217,54.7525,0.068423
0.3217,54.8763,0.07038
0.3217,55.0,0.068679
0.3304,18.0,0.069051
0.3304,18.1237,0.075505
0.3304,18.2475,0.089256
0.3304,18.3712,0.08977
0.3304,18.495,0.084417
0.3304,18.6187,0.059887
0.3304,18.7425,0.08581
0.3304,18.8662,0.076597
0.3304,18.99,0.077069
0.3304,19.1137,0.081641
0.3304,19.2375,0.079286
0.3304,19.3612,0.054206
0.3304,19.4849,0.066563
0.3304,19.6087,0.059784
0.3304,19.7324,0.050653
0.3304,19.8562,0.046402
0.3304,19.9799,0.052319
0.3304,20.1037,0.052304
0.3304,20.2274,0.084623
0.3304,20.3512,0.033529
0.3304,20.4749,0.038127
0.3304,20.5987,0.038642
0.3304,20.7224,0.02629
0.3304,20.8462,0.023419
0.3304,20.9699,0.05626
0.3304,21.0936,0.068363
0.3304,21.2174,0.030552
0.3304,21.3411,0.044319
0.3304,21.4649,0.017467
0.3304,21.5886,0.053655
0.3304,21.7124,0.054883
0.3304,21.8361,0.046737
0.3304,21.9599,0.046005
0.3304,22.0836,0.061424
0.3304,22.2074,0.070636
0.3304,22.3311,0.056559
0.3304,22.4548,0.044053
0.3304,22.5786,0.054652
0.3304,22.7023,0.055942
0.3304,22.8261,0.050563
0.3304,22.9498,0.083483
0.3304,23.0736,0.057883
0.3304,23.1973,0.087389
0.3304,23.3211,0.060705
0.3304,23.4448,0.067887
0.3304,23.5686,0.081948
0.3304,23.6923,0.078672
0.3304,23.8161,0.065271
0.3304,23.9398,0.073404
0.3304,24.0635,0.090647
0.3304,24.1873,0.098581
0.3304,24.311,0.132363
0.3304,24.4348,0.15789
0.3304,24.5585,0.204705
0.3304,24.6823,0.352955
0.3304,24.806,0.545146
0.3304,24.9298,0.738264
0.3304,25.0535,0.941092
0.3304,25.1773,1.065182
0.3304,25.301,1.135354
0.3304,25.4247,1.029861
0.3304,25.5485,0.867039
0.3304,25.6722,0.709167
0.3304,25.796,0.493753
0.3304,25.9197,0.31384
0.3304,26.0435,0.200257
0.3304,26.1672,0.138051
0.3304,26.291,0.095686
0.3304,26.4147,0.036552
0.3304,26.5385,0.063004
0.3304,26.6622,0.060598
0.3304,26.786,0.081754
0.3304,26.9097,0.038224
0.3304,27.0334,0.028936
0.3304,27.1572,0.054704
0.3304,27.2809,0.036407
0.3304,27.4047,0.030222
0.3304,27.5284,0.037224
0.3304,27.6522,0.040256
0.3304,27.7759,0.042075
0.3304,27.8997,0.070608
0.3304,28.0234,0.057432
0.3304,28.1472,0.059756
0.3304,28.2709,0.06704
0.3304,28.3946,0.080575
0.3304,28.5184,0.084504
0.3304,28.6421,0.045225
0.3304,28.7659,0.0549
0.3304,28.8896,0.08416
0.3304,29.0134,0.069385
0.3304,29.1371,0.080355
0.3304,29.2609,0.065339
0.3304,29.3846,0.075693
0.3304,29.5084,0.105154
0.3304,29.6321,0.053748
0.3304,29.7559,0.071414
0.3304,29.8796,0.069397
0.3304,30.0033,0.066169
0.3304,30.1271,0.072843
0.3304,30.2508,0.09774
0.3304,30.3746,0.063551
0.3304,30.4983,0.079652
0.3304,30.6221,0.053066
0.3304,30.7458,0.08017
0.3304,30.8696,0.090113
0.3304,30.9933,0.056673
0.3304,31.1171,0.067151
0.3304,31.2408,0.066767
0.3304,31.3645,0.063689
0.3304,31.4883,0.064932
0.3304,31.612,0.080571
0.3304,31.7358,0.042346
0.3304,31.8595,0.047787
0.3304,31.9833,0.049914
0.3304,32.107,0.061805
0.3304,32.2308,0.069229
0.3304,32.3545,0.063301
0.3304,32.4783,0.044853
0.3304,32.602,0.048958
0.3304,32.7258,0.038637
0.3304,32.8495,0.053211
0.3304,32.9732,0.062312
0.3304,33.097,0.048061
0.3304,33.2207,0.077563
0.3304,33.3445,0.124836
0.3304,33.4682,0.125842
0.3304,33.592,0.154015
0.3304,33.7157,0.238462
0.3304,33.8395,0.309166
0.3304,33.9632,0.415618
0.3304,34.087,0.480714
0.3304,34.2107,0.569948
0.3304,34.3344,0.645747
0.3304,34.4582,0.721819
0.3304,34.5819,0.757386
0.3304,34.7057,0.743953
0.3304,34.8294,0.73975
0.3304,34.9532,0.686756
0.3304,35.0769,0.612119
0.3304,35.2007,0.539568
0.3304,35.3244,0.445
0.3304,35.4482,0.350732
0.3304,35.5719,0.242219
0.3304,35.6957,0.240898
0.3304,35.8194,0.18227
0.3304,35.9431,0.141264
0.3304,36.0669,0.116921
0.3304,36.1906,0.083788
0.3304,36.3144,0.081463
0.3304,36.4381,0.103554
0.3304,36.5619,0.077301
0.3304,36.6856,0.076467
0.3304,36.8094,0.084906
0.3304,36.9331,0.046555
0.3304,37.0569,0.055649
0.3304,37.1806,0.061229
0.3304,37.3043,0.067896
0.3304,37.4281,0.061948
0.3304,37.5518,0.049175
0.3304,37.6756,0.058095
0.3304,37.7993,0.050217
0.3304,37.9231,0.055615
0.3304,38.0468,0.058061
0.3304,38.1706,0.062773
0.3304,38.2943,0.03425
0.3304,38.4181,0.05672
0.3304,38.5418,0.063917
0.3304,38.6656,0.039919
0.3304,38.7893,0.029699
0.3304,38.913,0.057936
0.3304,39.0368,0.006469
0.3304,39.1605,0.036967
0.3304,39.2843,0.045328
0.3304,39.408,0.020744
0.3304,39.5318,0.05934
0.3304,39.6555,0.026166
0.3304,39.7793,0.077531
0.3304,39.903,0.033012
0.3304,40.0268,0.06516
0.3304,40.1505,0.063507
0.3304,40.2742,0.03725
0.3304,40.398,0.053563
0.3304,40.5217,0.055003
0.3304,40.6455,0.053705
0.3304,40.7692,0.086777
0.3304,40.893,0.064688
0.3304,41.0167,0.056612
0.3304,41.1405,0.067993
0.3304,41.2642,0.047573
0.3304,41.388,0.07034
0.3304,41.5117,0.098559
0.3304,41.6355,0.065442
0.3304,41.7592,0.073745
0.3304,41.8829,0.082119
0.3304,42.0067,0.088024
0.3304,42.1304,0.094652
0.3304,42.2542,0.09827
0.3304,42.3779,0.092233
0.3304,42.5017,0.074696
0.3304,42.6254,0.104678
0.3304,42.7492,0.056951
0.3304,42.8729,0.081653
0.3304,42.9967,0.07497
0.3304,43.1204,0.058895
0.3304,43.2441,0.07785
0.3304,43.3679,0.065392
0.3304,43.4916,0.066523
0.3304,43.6154,0.058291
0.3304,43.7391,0.061506
0.3304,43.8629,0.037911
0.3304,43.9866,0.065192
0.3304,44.1104,0.052663
0.3304,44.2341,0.059268
0.3304,44.3579,0.041732
0.3304,44.4816,0.030365
0.3304,44.6054,0.055117
0.3304,44.7291,0.045604
0.3304,44.8528,0.044416
0.3304,44.9766,0.071929
0.3304,45.1003,0.052866
0.3304,45.2241,0.046627
0.3304,45.3478,0.066352
0.3304,45.4716,0.038306
0.3304,45.5953,0.094479
0.3304,45.7191,0.06933
0.3304,45.8428,0.068462
0.3304,45.9666,0.105159
0.3304,46.0903,0.123599
0.3304,46.214,0.201765
0.3304,46.3378,0.256385
0.3304,46.4615,0.328953
0.3304,46.5853,0.36164
0.3304,46.709,0.395934
0.3304,46.8328,0.383994
0.3304,46.9565,0.360961
0.3304,47.0803,0.33392
0.3304,47.204,0.326083
0.3304,47.3278,0.256184
0.3304,47.4515,0.165011
0.3304,47.5753,0.183165
0.3304,47.699,0.127263
0.3304,47.8227,0.095113
0.3304,47.9465,0.106951
0.3304,48.0702,0.103549
0.3304,48.194,0.10643
0.3304,48.3177,0.080335
0.3304,48.4415,0.065206
0.3304,48.5652,0.058376
0.3304,48.689,0.066399
0.3304,48.8127,0.073392
0.3304,48.9365,0.085539
0.3304,49.0602,0.074263
0.3304,49.1839,0.082031
0.3304,49.3077,0.096218
0.3304,49.4314,0.080555
0.3304,49.5552,0.062378
0.3304,49.6789,0.086554
0.3304,49.8027,0.055722
0.3304,49.9264,0.075487
0.3304,50.0502,0.049263
0.3304,50.1739,0.045746
0.3304,50.2977,0.024205
0.3304,50.4214,0.046551
0.3304,50.5452,0.070414
0.3304,50.6689,0.062122
0.3304,50.7926,0.057707
0.3304,50.9164,0.041933
0.3304,51.0401,0.040333
0.3304,51.1639,0.057454
0.3304,51.2876,0.071737
0.3304,51.4114,0.046414
0.3304,51.5351,0.0643
0.3304,51.6589,0.067427
0.3304,51.7826,0.051275
0.3304,51.9064,0.036661
0.3304,52.0301,0.055347
0.3304,52.1538,0.052647
0.3304,52.2776,0.035224
0.3304,52.4013,0.044442
0.3304,52.5251,0.075249
0.3304,52.6488,0.071367
0.3304,52.7726,0.05336
0.3304,52.8963,0.091207
0.3304,53.0201,0.078357
0.3304,53.1438,0.076063
0.3304,53.2676,0.079415
0.3304,53.3913,0.0749
0.3304,53.5151,0.075919
0.3304,53.6388,0.100671
0.3304,53.7625,0.079076
0.3304,53.8863,0.093562
0.3304,54.01,0.083489
0.3304,54.1338,0.093638
0.3304,54.2575,0.084301
0.3304,54.3813,0.053056
0.3304,54.505,0.05315
0.3304,54.6288,0.078361
0.3304,54.7525,0.055814
0.3304,54.8763,0.08404
0.3304,55.0,0.076423
0.3391,18.0,0.060811
0.3391,18.1237,0.067092
0.3391,18.2475,0.083213
0.3391,18.3712,0.075637
0.3391,18.495,0.100208
0.3391,18.6187,0.051075
0.3391,18.7425,0.045363
0.3391,18.8662,0.050316
0.3391,18.99,0.078026
0.3391,19.1137,0.043654
0.3391,19.2375,0.055094
0.3391,19.3612,0.066231
0.3391,19.4849,0.034194
0.3391,19.6087,0.06073
0.3391,19.7324,0.076674
0.3391,19.8562,0.054694
0.3391,19.9799,0.06336
0.3391,20.1037,0.041441
0.3391,20.2274,0.047802
0.3391,20.3512,0.034313
0.3391,20.4749,0.059588
0.3391,20.5987,0.034174
0.3391,20.7224,0.058345
0.3391,20.8462,0.05359
0.3391,20.9699,0.040865
0.3391,21.0936,0.022907
0.3391,21.2174,0.051982
0.3391,21.3411,0.042394
0.3391,21.4649,0.062937
0.3391,21.5886,0.04232
0.3391,21.7124,0.059969
0.3391,21.8361,0.052289
0.3391,21.9599,0.050747
0.3391,22.0836,0.059123
0.3391,22.2074,0.066768
0.3391,22.3311,0.051926
0.3391,22.4548,0.077003
0.3391,22.5786,0.059398
0.3391,22.7023,0.069961
0.3391,22.8261,0.064735
0.3391,22.9498,0.073229
0.3391,23.0736,0.063812
0.3391,23.1973,0.09094
0.3391,23.3211,0.064652
0.3391,23.4448,0.092
0.3391,23.5686,0.093775
0.3391,23.6923,0.079891
0.3391,23.8161,0.088272
0.3391,23.9398,0.069325
0.3391,24.0635,0.095158
0.3391,24.1873,0.095385
0.3391,24.311,0.115043
0.3391,24.4348,0.133242
0.3391,24.5585,0.232981
0.3391,24.6823,0.297683
0.3391,24.806,0.48905
0.3391,24.9298,0.708227
0.3391,25.0535,0.88717
0.3391,25.1773,1.041685
0.3391,25.301,1.114048
0.3391,25.4247,1.075826
0.3391,25.5485,0.94469
0.3391,25.6722,0.740624
0.3391,25.796,0.52682
0.3391,25.9197,0.342049
0.3391,26.0435,0.236972
0.3391,26.1672,0.116823
0.3391,26.291,0.072386
0.3391,26.4147,0.048426
0.3391,26.5385,0.07848
0.3391,26.6622,0.048888
0.3391,26.786,0.030398
0.3391,26.9097,0.043989
0.3391,27.0334,0.060126
0.3391,27.1572,0.052869
0.3391,27.2809,0.032997
0.3391,27.4047,0.035096
0.3391,27.5284,0.082339
0.3391,27.6522,0.04763
0.3391,27.7759,0.071704
0.3391,27.8997,0.056043
0.3391,28.0234,0.060404
0.3391,28.1472,0.052781
0.3391,28.2709,0.059252
0.3391,28.3946,0.062944
0.3391,28.5184,0.091105
0.3391,28.6421,0.082749
0.3391,28.7659,0.061189
0.3391,28.8896,0.066061
0.3391,29.0134,0.056287
0.3391,29.1371,0.052436
0.3391,29.2609,0.080008
0.3391,29.3846,0.089116
0.3391,29.5084,0.088586
0.3391,29.6321,0.079228
0.3391,29.7559,0.072853
0.3391,29.8796,0.078834
0.3391,30.0033,0.080704
0.3391,30.1271,0.098923
0.3391,30.2508,0.074719
0.3391,30.3746,0.07338
0.3391,30.4983,0.084917
0.3391,30.6221,0.071715
0.3391,30.7458,0.101247
0.3391,30.8696,0.053919
0.3391,30.9933,0.062693
0.3391,31.1171,0.052006
0.3391,31.2408,0.067432
0.3391,31.3645,0.069096
0.3391,31.4883,0.056921
0.3391,31.612,0.073705
0.3391,31.7358,0.064137
0.3391,31.8595,0.051605
0.3391,31.9833,0.094961
0.3391,32.107,0.047745
0.3391,32.2308,0.048073
0.3391,32.3545,0.027308
0.3391,32.4783,0.044916
0.3391,32.602,0.02726
0.3391,32.7258,0.017577
0.3391,32.8495,0.037485
0.3391,32.9732,0.070732
0.3391,33.097,0.068434
0.3391,33.2207,0.090608
0.3391,33.3445,0.093778
0.3391,33.4682,0.128443
0.3391,33.592,0.184743
0.3391,33.7157,0.245098
0.3391,33.8395,0.329795
0.3391,33.9632,0.396431
0.3391,34.087,0.498039
0.3391,34.2107,0.577008
0.3391,34.3344,0.650586
0.3391,34.4582,0.719458
0.3391,34.5819,0.755148
0.3391,34.7057,0.759129
0.3391,34.8294,0.729909
0.3391,34.9532,0.676631
0.3391,35.0769,0.58698
0.3391,35.2007,0.511207
0.3391,35.3244,0.419836
0.3391,35.4482,0.3416
0.3391,35.5719,0.290239
0.3391,35.6957,0.21621
0.3391,35.8194,0.162496
0.3391,35.9431,0.145719
0.3391,36.0669,0.119488
0.3391,36.1906,0.112957
0.3391,36.3144,0.105868
0.3391,36.4381,0.081071
0.3391,36.5619,0.081442
0.3391,36.6856,0.077167
0.3391,36.8094,0.063893
0.3391,36.9331,0.068539
0.3391,37.0569,0.073234
0.3391,37.1806,0.07158
0.3391,37.3043,0.052168
0.3391,37.4281,0.061573
0.3391,37.5518,0.039665
0.3391,37.6756,0.066536
0.3391,37.7993,0.075539
0.3391,37.9231,0.057656
0.3391,38.0468,0.043663
0.3391,38.1706,0.074898
0.3391,38.2943,0.053718
0.3391,38.4181,0.055986
0.3391,38.5418,0.059082
0.3391,38.6656,0.041922
0.3391,38.7893,0.044928
0.3391,38.913,0.046591
0.3391,39.0368,0.046453
0.3391,39.1605,0.040418
0.3391,39.2843,0.055836
0.3391,39.408,0.057254
0.3391,39.5318,0.067043
0.3391,39.6555,0.029657
0.3391,39.7793,0.045637
0.3391,39.903,0.04584
0.3391,40.0268,0.048675
0.3391,40.1505,0.057049
0.3391,40.2742,0.021411
0.3391,40.398,0.042192
0.3391,40.5217,0.081762
0.3391,40.6455,0.052925
0.3391,40.7692,0.075372
0.3391,40.893,0.057409
0.3391,41.0167,0.085932
0.3391,41.1405,0.043075
0.3391,41.2642,0.077116
0.3391,41.388,0.076642
0.3391,41.5117,0.096558
0.3391,41.6355,0.058736
0.3391,41.7592,0.083429
0.3391,41.8829,0.085848
0.3391,42.0067,0.094591
0.3391,42.1304,0.075383
0.3391,42.2542,0.080939
0.3391,42.3779,0.087028
0.3391,42.5017,0.085255
0.3391,42.6254,0.059167
0.3391,42.7492,0.069719
0.3391,42.8729,0.071111
0.3391,42.9967,0.086207
0.3391,43.1204,0.080817
0.3391,43.2441,0.081653
0.3391,43.3679,0.057901
0.3391,43.4916,0.064238
0.3391,43.6154,0.052321
0.3391,43.7391,0.062499
0.3391,43.8629,0.07922
0.3391,43.9866,0.043431
0.3391,44.1104,0.0511
0.3391,44.2341,0.050374
0.3391,44.3579,0.056374
0.3391,44.4816,0.048705
0.3391,44.6054,0.02478
0.3391,44.7291,0.066431
0.3391,44.8528,0.04955
0.3391,44.9766,0.028297
0.3391,45.1003,0.051055
0.3391,45.2241,0.059543
0.3391,45.3478,0.048373
0.3391,45.4716,0.044335
0.3391,45.5953,0.063863
0.3391,45.7191,0.068249
0.3391,45.8428,0.117132
0.3391,45.9666,0.114087
0.3391,46.0903,0.154894
0.3391,46.214,0.198611
0.3391,46.3378,0.253034
0.3391,46.4615,0.307652
0.3391,46.5853,0.36439
0.3391,46.709,0.372296
0.3391,46.8328,0.400548
0.3391,46.9565,0.38872
0.3391,47.0803,0.342981
0.3391,47.204,0.312974
0.3391,47.3278,0.242871
0.3391,47.4515,0.207035
0.3391,47.5753,0.153284
0.3391,47.699,0.144412
0.3391,47.8227,0.12254
0.3391,47.9465,0.084531
0.3391,48.0702,0.097832
0.3391,48.194,0.085831
0.3391,48.3177,0.085806
0.3391,48.4415,0.075537
0.3391,48.5652,0.068053
0.3391,48.689,0.072541
0.3391,48.8127,0.066144
0.3391,48.9365,0.04534
0.3391,49.0602,0.065434
0.3391,49.1839,0.05828
0.3391,49.3077,0.044792
0.3391,49.4314,0.063199
0.3391,49.5552,0.055959
0.3391,49.6789,0.063428
0.3391,49.8027,0.057248
0.3391,49.9264,0.054736
0.3391,50.0502,0.060071
0.3391,50.1739,0.070405
0.3391,50.2977,0.052801
0.3391,50.4214,0.040146
0.3391,50.5452,0.065353
0.3391,50.6689,0.047058
0.3391,50.7926,0.045373
0.3391,50.9164,0.027783
0.3391,51.0401,0.001144
0.3391,51.1639,0.053483
0.3391,51.2876,0.024365
0.3391,51.4114,0.046753
0.3391,51.5351,0.049636
0.3391,51.6589,0.056672
0.3391,51.7826,0.056939
0.3391,51.9064,0.041402
0.3391,52.0301,0.067871
0.3391,52.1538,0.065058
0.3391,52.2776,0.053172
0.3391,52.4013,0.061666
0.3391,52.5251,0.040403
0.3391,52.6488,0.065002
0.3391,52.7726,0.056482
0.3391,52.8963,0.09308
0.3391,53.0201,0.055911
0.3391,53.1438,0.0615
0.3391,53.2676,0.067659
0.3391,53.3913,0.084643
0.3391,53.5151,0.072032
0.3391,53.6388,0.106439
0.3391,53.7625,0.084966
0.3391,53.8863,0.081026
0.3391,54.01,0.075984
0.3391,54.1338,0.074664
0.3391,54.2575,0.099822
0.3391,54.3813,0.06718
0.3391,54.505,0.072757
0.3391,54.6288,0.09423
0.3391,54.7525,0.084449
0.3391,54.8763,0.057908
0.3391,55.0,0.0569
0.3478,18.0,0.07159
0.3478,18.1237,0.092431
0.3478,18.2475,0.078378
0.3478,18.3712,0.076252
0.3478,18.495,0.076819
0.3478,18.6187,0.063855
0.3478,18.7425,0.070406
0.3478,18.8662,0.066939
0.3478,18.99,0.084098
0.3478,19.1137,0.06035
0.3478,19.2375,0.094068
0.3478,19.3612,0.063974
0.3478,19.4849,0.077026
0.3478,19.6087,0.064143
0.3478,19.7324,0.039874
0.3478,19.8562,0.041506
0.3478,19.9799,0.045239
0.3478,20.1037,0.054915
0.3478,20.2274,0.041502
0.3478,20.3512,0.034084
0.3478,20.4749,0.047613
0.3478,20.5987,0.055214
0.3478,20.7224,0.067848
0.3478,20.8462,0.035008
0.3478,20.9699,0.031078
0.3478,21.0936,0.055115
0.3478,21.2174,0.035778
0.3478,21.3411,0.055956
0.3478,21.4649,0.038833
0.3478,21.5886,0.045042
0.3478,21.7124,0.027802
0.3478,21.8361,0.070851
0.3478,21.9599,0.052854
0.3478,22.0836,0.061709
0.3478,22.2074,0.055052
0.3478,22.3311,0.058052
0.3478,22.4548,0.055121
0.3478,22.5786,0.080357
0.3478,22.7023,0.079111
0.3478,22.8261,0.088286
0.3478,22.9498,0.080579
0.3478,23.0736,0.083183
0.3478,23.1973,0.071727
0.3478,23.3211,0.065278
0.3478,23.4448,0.079401
0.3478,23.5686,0.067146
0.3478,23.6923,0.100311
0.3478,23.8161,0.096124
0.3478,23.9398,0.087385
0.3478,24.0635,0.08565
0.3478,24.1873,0.098829
0.3478,24.311,0.102656
0.3478,24.4348,0.12801
0.3478,24.5585,0.195311
0.3478,24.6823,0.295325
0.3478,24.806,0.469554
0.3478,24.9298,0.663538
0.3478,25.0535,0.866216
0.3478,25.1773,1.01634
0.3478,25.301,1.121026
0.3478,25.4247,1.079565
0.3478,25.5485,0.951048
0.3478,25.6722,0.771166
0.3478,25.796,0.556805
0.3478,25.9197,0.379489
0.3478,26.0435,0.251865
0.3478,26.1672,0.148207
0.3478,26.291,0.082032
0.3478,26.4147,0.059978
0.3478,26.5385,0.035834
0.3478,26.6622,0.056541
0.3478,26.786,0.062398
0.3478,26.9097,0.071096
0.3478,27.0334,0.057925
0.3478,27.1572,0.042384
0.3478,27.2809,0.04288
0.3478,27.4047,0.024867
0.3478,27.5284,0.054439
0.3478,27.6522,0.06815
0.3478,27.7759,0.037053
0.3478,27.8997,0.048652
0.3478,28.0234,0.057977
0.3478,28.1472,0.058578
0.3478,28.2709,0.040455
0.3478,28.3946,0.042728
0.3478,28.5184,0.079771
0.3478,28.6421,0.064501
0.3478,28.7659,0.083456
0.3478,28.8896,0.061035
0.3478,29.0134,0.088581
0.3478,29.1371,0.072234
0.3478,29.2609,0.077464
0.3478,29.3846,0.07329
0.3478,29.5084,0.086869
0.3478,29.6321,0.068609
0.3478,29.7559,0.067639
0.3478,29.8796,0.095784
0.3478,30.0033,0.061495
0.3478,30.1271,0.067483
0.3478,30.2508,0.080356
0.3478,30.3746,0.06719
0.3478,30.4983,0.103022
0.3478,30.6221,0.094201
0.3478,30.7458,0.028343
0.3478,30.8696,0.083343
0.3478,30.9933,0.073049
0.3478,31.1171,0.076621
0.3478,31.2408,0.061658
0.3478,31.3645,0.070441
0.3478,31.4883,0.072396
0.3478,31.612,0.052579
0.3478,31.7358,0.066598
0.3478,31.8595,0.044976
0.3478,31.9833,0.081705
0.3478,32.107,0.051013
0.3478,32.2308,0.043479
0.3478,32.3545,0.042378
0.3478,32.4783,0.068101
0.3478,32.602,0.056236
0.3478,32.7258,0.027006
0.3478,32.8495,0.049034
0.3478,32.9732,0.049497
0.3478,33.097,0.090328
0.3478,33.2207,0.099442
0.3478,33.3445,0.103793
0.3478,33.4682,0.169338
0.3478,33.592,0.189851
0.3478,33.7157,0.221743
0.3478,33.8395,0.336709
0.3478,33.9632,0.413165
0.3478,34.087,0.50066
0.3478,34.2107,0.596354
0.3478,34.3344,0.680783
0.3478,34.4582,0.716673
0.3478,34.5819,0.75836
0.3478,34.7057,0.767268
0.3478,34.8294,0.735854
0.3478,34.9532,0.674981
0.3478,35.0769,0.59779
0.3478,35.2007,0.50945
0.3478,35.3244,0.429797
0.3478,35.4482,0.323411
0.3478,35.5719,0.243563
0.3478,35.6957,0.236029
0.3478,35.8194,0.168469
0.3478,35.9431,0.141967
0.3478,36.0669,0.109095
0.3478,36.1906,0.073537
0.3478,36.3144,0.080615
0.3478,36.4381,0.066938
0.3478,36.5619,0.06813
0.3478,36.6856,0.089805
0.3478,36.8094,0.075902
0.3478,36.9331,0.074788
0.3478,37.0569,0.051148
0.3478,37.1806,0.080258
0.3478,37.3043,0.061372
0.3478,37.4281,0.079528
0.3478,37.5518,0.072819
0.3478,37.6756,0.068473
0.3478,37.7993,0.045466
0.3478,37.9231,0.04971
0.3478,38.0468,0.055653
0.3478,38.1706,0.050157
0.3478,38.2943,0.046403
0.3478,38.4181,0.03696
0.3478,38.5418,0.045538
0.3478,38.6656,0.058346
0.3478,38.7893,0.034427
0.3478,38.913,0.059116
0.3478,39.0368,0.044913
0.3478,39.1605,0.021379
0.3478,39.2843,0.053253
0.3478,39.408,0.037572
0.3478,39.5318,0.049127
0.3478,39.6555,0.060857
0.3478,39.7793,0.06618
0.3478,39.903,0.068464
0.3478,40.0268,0.046634
0.3478,40.1505,0.052649
0.3478,40.2742,0.065502
0.3478,40.398,0.092644
0.3478,40.5217,0.050807
0.3478,40.6455,0.081095
0.3478,40.7692,0.067449
0.3478,40.893,0.077005
0.3478,41.0167,0.076746
0.3478,41.1405,0.061706
0.3478,41.2642,0.095326
0.3478,41.388,0.074503
0.3478,41.5117,0.090076
0.3478,41.6355,0.083974
0.3478,41.7592,0.078635
0.3478,41.8829,0.064568
0.3478,42.0067,0.087281
0.3478,42.1304,0.049862
0.3478,42.2542,0.080552
0.3478,42.3779,0.090912
0.3478,42.5017,0.07044
0.3478,42.6254,0.080306
0.3478,42.7492,0.046764
0.3478,42.8729,0.084413
0.3478,42.9967,0.049257
0.3478,43.1204,0.074331
0.3478,43.2441,0.058746
0.3478,43.3679,0.078287
0.3478,43.4916,0.06106
0.3478,43.6154,0.064179
0.3478,43.7391,0.060397
0.3478,43.8629,0.055032
0.3478,43.9866,0.054662
0.3478,44.1104,0.058235
0.3478,44.2341,0.038687
0.3478,44.3579,0.055861
0.3478,44.4816,0.053055
0.3478,44.6054,0.038896
0.3478,44.7291,0.048001
0.3478,44.8528,0.047529
0.3478,44.9766,0.050619
0.3478,45.1003,0.040086
0.3478,45.2241,0.050553
0.3478,45.3478,0.037273
0.3478,45.4716,0.056707
0.3478,45.5953,0.055347
0.3478,45.7191,0.093687
0.3478,45.8428,0.09168
0.3478,45.9666,0.13128
0.3478,46.0903,0.155632
0.3478,46.214,0.207273
0.3478,46.3378,0.25464
0.3478,46.4615,0.339977
0.3478,46.5853,0.358102
0.3478,46.709,0.387891
0.3478,46.8328,0.375164
0.3478,46.9565,0.380234
0.3478,47.0803,0.329635
0.3478,47.204,0.288905
0.3478,47.3278,0.270213
0.3478,47.4515,0.186964
0.3478,47.5753,0.161137
0.3478,47.699,0.132746
0.3478,47.8227,0.10013
0.3478,47.9465,0.120343
0.3478,48.0702,0.104509
0.3478,48.194,0.094909
0.3478,48.3177,0.057409
0.3478,48.4415,0.094174
0.3478,48.5652,0.069202
0.3478,48.689,0.059197
0.3478,48.8127,0.062485
0.3478,48.9365,0.058812
0.3478,49.0602,0.077147
0.3478,49.1839,0.048854
0.3478,49.3077,0.059612
0.3478,49.4314,0.05923
0.3478,49.5552,0.047341
0.3478,49.6789,0.063805
0.3478,49.8027,0.044858
0.3478,49.9264,0.040641
0.3478,50.0502,0.067159
0.3478,50.1739,0.0438
0.3478,50.2977,0.071103
0.3478,50.4214,0.06334
0.3478,50.5452,0.036249
0.3478,50.6689,0.040062
0.3478,50.7926,0.008426
0.3478,50.9164,0.050607
0.3478,51.0401,0.046927
0.3478,51.1639,0.049517
0.3478,51.2876,0.051556
0.3478,51.4114,0.043944
0.3478,51.5351,0.049837
0.3478,51.6589,0.087003
0.3478,51.7826,0.036273
0.3478,51.9064,0.05965
0.3478,52.0301,0.050927
0.3478,52.1538,0.025458
0.3478,52.2776,0.041026
0.3478,52.4013,0.072728
0.3478,52.5251,0.054597
0.3478,52.6488,0.054233
0.3478,52.7726,0.070369
0.3478,52.8963,0.082314
0.3478,53.0201,0.093649
0.3478,53.1438,0.065434
0.3478,53.2676,0.076538
0.3478,53.3913,0.062714
0.3478,53.5151,0.095576
0.3478,53.6388,0.095436
0.3478,53.7625,0.078757
0.3478,53.8863,0.059477
0.3478,54.01,0.085763
0.3478,54.1338,0.078375
0.3478,54.2575,0.07877
0.3478,54.3813,0.064421
0.3478,54.505,0.090742
0.3478,54.6288,0.072019
0.3478,54.7525,0.069002
0.3478,54.8763,0.070056
0.3478,55.0,0.072977
0.3565,18.0,0.102176
0.3565,18.1237,0.071097
0.3565,18.2475,0.104178
0.3565,18.3712,0.068663
0.3565,18.495,0.09039
0.3565,18.6187,0.062259
0.3565,18.7425,0.092065
0.3565,18.8662,0.071594
0.3565,18.99,0.070403
0.3565,19.1137,0.069429
0.3565,19.2375,0.062588
0.3565,19.3612,0.050039
0.3565,19.4849,0.06081
0.3565,19.6087,0.055138
0.3565,19.7324,0.054329
0.3565,19.8562,0.074574
0.3565,19.9799,0.04658
0.3565,20.1037,0.053379
0.3565,20.2274,0.042609
0.3565,20.3512,0.050749
0.3565,20.4749,0.05366
0.3565,20.5987,0.034842
0.3565,20.7224,0.036908
0.3565,20.8462,0.063371
0.3565,20.9699,0.042483
0.3565,21.0936,0.055662
0.3565,21.2174,0.050126
0.3565,21.3411,0.066161
0.3565,21.4649,0.044405
0.3565,21.5886,0.053516
0.3565,21.7124,0.068684
0.3565,21.8361,0.051527
0.3565,21.9599,0.043454
0.3565,22.0836,0.059083
0.3565,22.2074,0.057467
0.3565,22.3311,0.072731
0.3565,22.4548,0.072465
0.3565,22.5786,0.064196
0.3565,22.7023,0.077201
0.3565,22.8261,0.083739
0.3565,22.9498,0.064431
0.3565,23.0736,0.052492
0.3565,23.1973,0.095712
0.3565,23.3211,0.067092
0.3565,23.4448,0.104867
0.3565,23.5686,0.080998
0.3565,23.6923,0.089235
0.3565,23.8161,0.085724
0.3565,23.9398,0.095186
0.3565,24.0635,0.06869
0.3565,24.1873,0.068016
0.3565,24.311,0.092245
0.3565,24.4348,0.125813
0.3565,24.5585,0.209932
0.3565,24.6823,0.296024
0.3565,24.806,0.420259
0.3565,24.9298,0.61875
0.3565,25.0535,0.830494
0.3565,25.1773,0.993686
0.3565,25.301,1.079957
0.3565,25.4247,1.122776
0.3565,25.5485,0.992687
0.3565,25.6722,0.779221
0.3565,25.796,0.611344
0.3565,25.9197,0.396113
0.3565,26.0435,0.28484
0.3565,26.1672,0.152792
0.3565,26.291,0.100294
0.3565,26.4147,0.069424
0.3565,26.5385,0.06827
0.3565,26.6622,0.049521
0.3565,26.786,0.063201
0.3565,26.9097,0.037625
0.3565,27.0334,0.037889
0.3565,27.1572,0.048511
0.3565,27.2809,0.066044
0.3565,27.4047,0.040774
0.3565,27.5284,0.070256
0.3565,27.6522,0.045745
0.3565,27.7759,0.05169
0.3565,27.8997,0.070559
0.3565,28.0234,0.085316
0.3565,28.1472,0.059387
0.3565,28.2709,0.055709
0.3565,28.3946,0.065803
0.3565,28.5184,0.109113
0.3565,28.6421,0.090681
0.3565,28.7659,0.075236
0.3565,28.8896,0.069149
0.3565,29.0134,0.068233
0.3565,29.1371,0.084422
0.3565,29.2609,0.069585
0.3565,29.3846,0.082338
0.3565,29.5084,0.071216
0.3565,29.6321,0.064939
0.3565,29.7559,0.065374
0.3565,29.8796,0.099485
0.3565,30.0033,0.085325
0.3565,30.1271,0.058222
0.3565,30.2508,0.058189
0.3565,30.3746,0.100484
0.3565,30.4983,0.056156
0.3565,30.6221,0.087596
0.3565,30.7458,0.064811
0.3565,30.8696,0.084043
0.3565,30.9933,0.08832
0.3565,31.1171,0.056265
0.3565,31.2408,0.055006
0.3565,31.3645,0.053282
0.3565,31.4883,0.070353
0.3565,31.612,0.057558
0.3565,31.7358,0.05173
0.3565,31.8595,0.049789
0.3565,31.9833,0.05234
0.3565,32.107,0.044254
0.3565,32.2308,0.038701
0.3565,32.3545,0.029198
0.3565,32.4783,0.048601
0.3565,32.602,0.050391
0.3565,32.7258,0.035747
0.3565,32.8495,0.045711
0.3565,32.9732,0.04179
0.3565,33.097,0.064373
0.3565,33.2207,0.081644
0.3565,33.3445,0.111812
0.3565,33.4682,0.148056
0.3565,33.592,0.184123
0.3565,33.7157,0.266411
0.3565,33.8395,0.34237
0.3565,33.9632,0.421267
0.3565,34.087,0.521335
0.3565,34.2107,0.600881
0.3565,34.3344,0.65664
0.3565,34.4582,0.742527
0.3565,34.5819,0.764805
0.3565,34.7057,0.75974
0.3565,34.8294,0.743822
0.3565,34.9532,0.651717
0.3565,35.0769,0.566432
0.3565,35.2007,0.506358
0.3565,35.3244,0.408004
0.3565,35.4482,0.307881
0.3565,35.5719,0.263388
0.3565,35.6957,0.220345
0.3565,35.8194,0.155803
0.3565,35.9431,0.113717
0.3565,36.0669,0.094603
0.3565,36.1906,0.107341
0.3565,36.3144,0.063051
0.3565,36.4381,0.093486
0.3565,36.5619,0.08999
0.3565,36.6856,0.063126
0.3565,36.8094,0.073519
0.3565,36.9331,0.068188
0.3565,37.0569,0.093388
0.3565,37.1806,0.064202
0.3565,37.3043,0.058351
0.3565,37.4281,0.06613
0.3565,37.5518,0.054088
0.3565,37.6756,0.055385
0.3565,37.7993,0.038465
0.3565,37.9231,0.046097
0.3565,38.0468,0.054631
0.3565,38.1706,0.068209
0.3565,38.2943,0.058436
0.3565,38.4181,0.032631
0.3565,38.5418,0.056589
0.3565,38.6656,0.031451
0.3565,38.7893,0.050633
0.3565,38.913,0.038605
0.3565,39.0368,0.048756
0.3565,39.1605,0.035668
0.3565,39.2843,0.034224
0.3565,39.408,0.047146
0.3565,39.5318,0.034209
0.3565,39.6555,0.045698
0.3565,39.7793,0.069267
0.3565,39.903,0.05224
0.3565,40.0268,0.05496
0.3565,40.1505,0.065303
0.3565,40.2742,0.071395
0.3565,40.398,0.050092
0.3565,40.5217,0.066781
0.3565,40.6455,0.084171
0.3565,40.7692,0.074185
0.3565,40.893,0.048882
0.3565,41.0167,0.075979
0.3565,41.1405,0.078258
0.3565,41.2642,0.085777
0.3565,41.388,0.072367
0.3565,41.5117,0.078332
0.3565,41.6355,0.067011
0.3565,41.7592,0.072539
0.3565,41.8829,0.070332
0.3565,42.0067,0.083632
0.3565,42.1304,0.044916
0.3565,42.2542,0.076307
0.3565,42.3779,0.08465
0.3565,42.5017,0.068959
0.3565,42.6254,0.066555
0.3565,42.7492,0.088237
0.3565,42.8729,0.053093
0.3565,42.9967,0.083868
0.3565,43.1204,0.077
0.3565,43.2441,0.056451
0.3565,43.3679,0.055923
0.3565,43.4916,0.048145
0.3565,43.6154,0.05017
0.3565,43.7391,0.066959
0.3565,43.8629,0.052181
0.3565,43.9866,0.048607
0.3565,44.1104,0.05493
0.3565,44.2341,0.048434
0.3565,44.3579,0.048884
0.3565,44.4816,0.049241
0.3565,44.6054,0.044423
0.3565,44.7291,0.076861
0.3565,44.8528,0.066906
0.3565,44.9766,0.059916
0.3565,45.1003,0.027684
0.3565,45.2241,0.033556
0.3565,45.3478,0.038641
0.3565,45.4716,0.034805
0.3565,45.5953,0.048693
0.3565,45.7191,0.094084
0.3565,45.8428,0.10584
0.3565,45.9666,0.141121
0.3565,46.0903,0.1888
0.3565,46.214,0.207097
0.3565,46.3378,0.274393
0.3565,46.4615,0.341145
0.3565,46.5853,0.370032
0.3565,46.709,0.413626
0.3565,46.8328,0.404412
0.3565,46.9565,0.372286
0.3565,47.0803,0.349477
0.3565,47.204,0.302252
0.3565,47.3278,0.25028
0.3565,47.4515,0.225736
0.3565,47.5753,0.15492
0.3565,47.699,0.145622
0.3565,47.8227,0.104589
0.3565,47.9465,0.100733
0.3565,48.0702,0.090545
0.3565,48.194,0.108623
0.3565,48.3177,0.070717
0.3565,48.4415,0.086621
0.3565,48.5652,0.097571
0.3565,48.689,0.08093
0.3565,48.8127,0.048512
0.3565,48.9365,0.073317
0.3565,49.0602,0.070728
0.3565,49.1839,0.048198
0.3565,49.3077,0.064835
0.3565,49.4314,0.048497
0.3565,49.5552,0.085689
0.3565,49.6789,0.051756
0.3565,49.8027,0.074928
0.3565,49.9264,0.075035
0.3565,50.0502,0.029008
0.3565,50.1739,0.049466
0.3565,50.2977,0.056224
0.3565,50.4214,0.053267
0.3565,50.5452,0.051347
0.3565,50.6689,0.062313
0.3565,50.7926,0.058352
0.3565,50.9164,0.04362
0.3565,51.0401,0.0351
0.3565,51.1639,0.065516
0.3565,51.2876,0.045904
0.3565,51.4114,0.031608
0.3565,51.5351,0.041176
0.3565,51.6589,0.067118
0.3565,51.7826,0.051294
0.3565,51.9064,0.033614
0.3565,52.0301,0.062202
0.3565,52.1538,0.070261
0.3565,52.2776,0.058747
0.3565,52.4013,0.070496
0.3565,52.5251,0.064115
0.3565,52.6488,0.082017
0.3565,52.7726,0.072515
0.3565,52.8963,0.088604
0.3565,53.0201,0.086453
0.3565,53.1438,0.057963
0.3565,53.2676,0.075317
0.3565,53.3913,0.080494
0.3565,53.5151,0.073117
0.3565,53.6388,0.091995
0.3565,53.7625,0.088042
0.3565,53.8863,0.068264
0.3565,54.01,0.061044
0.3565,54.1338,0.098403
0.3565,54.2575,0.085902
0.3565,54.3813,0.104018
0.3565,54.505,0.073341
0.3565,54.6288,0.091173
0.3565,54.7525,0.063323
0.3565,54.8763,0.075014
0.3565,55.0,0.055529
0.3652,18.0,0.080176
0.3652,18.1237,0.080089
0.3652,18.2475,0.086941
0.3652,18.3712,0.090472
0.3652,18.495,0.063331
0.3652,18.6187,0.079214
0.3652,18.7425,0.081607
0.3652,18.8662,0.079836
0.3652,18.99,0.083456
0.3652,19.1137,0.074933
0.3652,19.2375,0.052409
0.3652,19.3612,0.039379
0.3652,19.4849,0.045941
0.3652,19.6087,0.061196
0.3652,19.7324,0.057717
0.3652,19.8562,0.047694
0.3652,19.9799,0.045002
0.3652,20.1037,0.03161
0.3652,20.2274,0.054172
0.3652,20.3512,0.030373
0.3652,20.4749,0.030649
0.3652,20.5987,0.049658
0.3652,20.7224,0.026177
0.3652,20.8462,0.038792
0.3652,20.9699,0.024066
0.3652,21.0936,0.05403
0.3652,21.2174,0.04574
0.3652,21.3411,0.03236
0.3652,21.4649,0.059999
0.3652,21.5886,0.054883
0.3652,21.7124,0.060774
0.3652,21.8361,0.058172
0.3652,21.9599,0.064092
0.3652,22.0836,0.080514
0.3652,22.2074,0.075643
0.3652,22.3311,0.081132
0.3652,22.4548,0.038991
0.3652,22.5786,0.074706
0.3652,22.7023,0.083365
0.3652,22.8261,0.070952
0.3652,22.9498,0.074595
0.3652,23.0736,0.082474
0.3652,23.1973,0.079078
0.3652,23.3211,0.073598
0.3652,23.4448,0.093782
0.3652,23.5686,0.092676
0.3652,23.6923,0.072788
0.3652,23.8161,0.087074
0.3652,23.9398,0.069901
0.3652,24.0635,0.079351
0.3652,24.1873,0.094056
0.3652,24.311,0.106024
0.3652,24.4348,0.122386
0.3652,24.5585,0.163172
0.3652,24.6823,0.259958
0.3652,24.806,0.379401
0.3652,24.9298,0.580262
0.3652,25.0535,0.771655
0.3652,25.1773,0.976865
0.3652,25.301,1.087854
0.3652,25.4247,1.111315
0.3652,25.5485,1.00779
0.3652,25.6722,0.838682
0.3652,25.796,0.629845
0.3652,25.9197,0.447883
0.3652,26.0435,0.263078
0.3652,26.1672,0.166814
0.3652,26.291,0.118934
0.3652,26.4147,0.079563
0.3652,26.5385,0.03414
0.3652,26.6622,0.047518
0.3652,26.786,0.05733
0.3652,26.9097,0.061038
0.3652,27.0334,0.041595
0.3652,27.1572,0.03738
0.3652,27.2809,0.059497
0.3652,27.4047,0.043878
0.3652,27.5284,0.042295
0.3652,27.6522,0.055949
0.3652,27.7759,0.067499
0.3652,27.8997,0.043395
0.3652,28.0234,0.070203
0.3652,28.1472,0.059572
0.3652,28.2709,0.052378
0.3652,28.3946,0.068837
0.3652,28.5184,0.071718
0.3652,28.6421,0.072135
0.3652,28.7659,0.058541
0.3652,28.8896,0.071463
0.3652,29.0134,0.102403
0.3652,29.1371,0.101373
0.3652,29.2609,0.08931
0.3652,29.3846,0.087363
0.3652,29.5084,0.078306
0.3652,29.6321,0.064658
0.3652,29.7559,0.082955
0.3652,29.8796,0.069257
0.3652,30.0033,0.091965
0.3652,30.1271,0.080257
0.3652,30.2508,0.073937
0.3652,30.3746,0.068881
0.3652,30.4983,0.082721
0.3652,30.6221,0.072815
0.3652,30.7458,0.076361
0.3652,30.8696,0.086601
0.3652,30.9933,0.079477
0.3652,31.1171,0.060509
0.3652,31.2408,0.059163
0.3652,31.3645,0.038425
0.3652,31.4883,0.053221
0.3652,31.612,0.058837
0.3652,31.7358,0.037775
0.3652,31.8595,0.055138
0.3652,31.9833,0.041621
0.3652,32.107,0.048632
0.3652,32.2308,0.051845
0.3652,32.3545,0.066392
0.3652,32.4783,0.069779
0.3652,32.602,0.038952
0.3652,32.7258,0.062784
0.3652,32.8495,0.045614
0.3652,32.9732,0.054597
0.3652,33.097,0.069871
0.3652,33.2207,0.096101
0.3652,33.3445,0.124444
0.3652,33.4682,0.169713
0.3652,33.592,0.18789
0.3652,33.7157,0.261372
0.3652,33.8395,0.34452
0.3652,33.9632,0.438826
0.3652,34.087,0.51567
0.3652,34.2107,0.634729
0.3652,34.3344,0.681491
0.3652,34.4582,0.764185
0.3652,34.5819,0.763602
0.3652,34.7057,0.770359
0.3652,34.8294,0.724948
0.3652,34.9532,0.666015
0.3652,35.0769,0.590358
0.3652,35.2007,0.503248
0.3652,35.3244,0.398133
0.3652,35.4482,0.328401
0.3652,35.5719,0.275913
0.3652,35.6957,0.196293
0.3652,35.8194,0.178854
0.3652,35.9431,0.13712
0.3652,36.0669,0.110993
0.3652,36.1906,0.115654
0.3652,36.3144,0.076607
0.3652,36.4381,0.106081
0.3652,36.5619,0.076248
0.3652,36.6856,0.075032
0.3652,36.8094,0.07132
0.3652,36.9331,0.054458
0.3652,37.0569,0.051525
0.3652,37.1806,0.06843
0.3652,37.3043,0.040174
0.3652,37.4281,0.076604
0.3652,37.5518,0.053286
0.3652,37.6756,0.035562
0.3652,37.7993,0.045333
0.3652,37.9231,0.065252
0.3652,38.0468,0.03716
0.3652,38.1706,0.036837
0.3652,38.2943,0.045322
0.3652,38.4181,0.054707
0.3652,38.5418,0.019595
0.3652,38.6656,0.055305
0.3652,38.7893,0.050892
0.3652,38.913,0.048266
0.3652,39.0368,0.039919
0.3652,39.1605,0.034864
0.3652,39.2843,0.052512
0.3652,39.408,0.045462
0.3652,39.5318,0.052837
0.3652,39.6555,0.047847
0.3652,39.7793,0.051932
0.3652,39.903,0.067818
0.3652,40.0268,0.06068
0.3652,40.1505,0.058645
0.3652,40.2742,0.072619
0.3652,40.398,0.053737
0.3652,40.5217,0.068737
0.3652,40.6455,0.075747
0.3652,40.7692,0.076212
0.3652,40.893,0.067626
0.3652,41.0167,0.050134
0.3652,41.1405,0.093946
0.3652,41.2642,0.095991
0.3652,41.388,0.091642
0.3652,41.5117,0.058806
0.3652,41.6355,0.06688
0.3652,41.7592,0.10046
0.3652,41.8829,0.073888
0.3652,42.0067,0.087994
0.3652,42.1304,0.100102
0.3652,42.2542,0.07763
0.3652,42.3779,0.057774
0.3652,42.5017,0.061954
0.3652,42.6254,0.06044
0.3652,42.7492,0.083572
0.3652,42.8729,0.07818
0.3652,42.9967,0.059637
0.3652,43.1204,0.069814
0.3652,43.2441,0.067202
0.3652,43.3679,0.084905
0.3652,43.4916,0.048837
0.3652,43.6154,0.048765
0.3652,43.7391,0.062114
0.3652,43.8629,0.040223
0.3652,43.9866,0.05349
0.3652,44.1104,0.032355
0.3652,44.2341,0.042813
0.3652,44.3579,0.043161
0.3652,44.4816,0.063422
0.3652,44.6054,0.044262
0.3652,44.7291,0.030433
0.3652,44.8528,0.054249
0.3652,44.9766,0.044816
0.3652,45.1003,0.046324
0.3652,45.2241,0.052792
0.3652,45.3478,0.061693
0.3652,45.4716,0.032481
0.3652,45.5953,0.047574
0.3652,45.7191,0.079674
0.3652,45.8428,0.123178
0.3652,45.9666,0.134429
0.3652,46.0903,0.181115
0.3652,46.214,0.236508
0.3652,46.3378,0.268587
0.3652,46.4615,0.29533
0.3652,46.5853,0.372144
0.3652,46.709,0.386306
0.3652,46.8328,0.431862
0.3652,46.9565,0.400918
0.3652,47.0803,0.340644
0.3652,47.204,0.323528
0.3652,47.3278,0.2623
0.3652,47.4515,0.214148
0.3652,47.5753,0.143929
0.3652,47.699,0.134223
0.3652,47.8227,0.08998
0.3652,47.9465,0.092269
0.3652,48.0702,0.080369
0.3652,48.194,0.061978
0.3652,48.3177,0.064934
0.3652,48.4415,0.085448
0.3652,48.5652,0.061955
0.3652,48.689,0.065021
0.3652,48.8127,0.083678
0.3652,48.9365,0.073304
0.3652,49.0602,0.091321
0.3652,49.1839,0.069244
0.3652,49.3077,0.066286
0.3652,49.4314,0.050171
0.3652,49.5552,0.065582
0.3652,49.6789,0.065435
0.3652,49.8027,0.046405
0.3652,49.9264,0.063
0.3652,50.0502,0.023284
0.3652,50.1739,0.060783
0.3652,50.2977,0.048969
0.3652,50.4214,0.033922
0.3652,50.5452,0.045942
0.3652,50.6689,0.026085
0.3652,50.7926,0.020303
0.3652,50.9164,0.052984
0.3652,51.0401,0.044497
0.3652,51.1639,0.056539
0.3652,51.2876,0.034832
0.3652,51.4114,0.05729
0.3652,51.5351,0.056864
0.3652,51.6589,0.063776
0.3652,51.7826,0.040805
0.3652,51.9064,0.053294
0.3652,52.0301,0.065986
0.3652,52.1538,0.058483
0.3652,52.2776,0.062407
0.3652,52.4013,0.075758
0.3652,52.5251,0.060761
0.3652,52.6488,0.074635
0.3652,52.7726,0.058451
0.3652,52.8963,0.07984
0.3652,53.0201,0.086267
0.3652,53.1438,0.073433
0.3652,53.2676,0.086206
0.3652,53.3913,0.094587
0.3652,53.5151,0.076959
0.3652,53.6388,0.065394
0.3652,53.7625,0.060176
0.3652,53.8863,0.071589
0.3652,54.01,0.09218
0.3652,54.1338,0.087407
0.3652,54.2575,0.082672
0.3652,54.3813,0.087216
0.3652,54.505,0.063609
0.3652,54.6288,0.099228
0.3652,54.7525,0.081881
0.3652,54.8763,0.075163
0.3652,55.0,0.061235
0.3739,18.0,0.074835
0.3739,18.1237,0.090705
0.3739,18.2475,0.087311
0.3739,18.3712,0.081642
0.3739,18.495,0.058424
0.3739,18.6187,0.08029
0.3739,18.7425,0.045206
0.3739,18.8662,0.086743
0.3739,18.99,0.06788
0.3739,19.1137,0.075171
0.3739,19.2375,0.053465
0.3739,19.3612,0.029803
0.3739,19.4849,0.051503
0.3739,19.6087,0.079705
0.3739,19.7324,0.036261
0.3739,19.8562,0.03938
0.3739,19.9799,0.04019
0.3739,20.1037,0.040069
0.3739,20.2274,0.035919
0.3739,20.3512,0.022687
0.3739,20.4749,0.044522
0.3739,20.5987,0.067377
0.3739,20.7224,0.060024
0.3739,20.8462,0.040997
0.3739,20.9699,0.056295
0.3739,21.0936,0.043299
0.3739,21.2174,0.035005
0.3739,21.3411,0.040217
0.3739,21.4649,0.04478
0.3739,21.5886,0.054865
0.3739,21.7124,0.023392
0.3739,21.8361,0.051882
0.3739,21.9599,0.054926
0.3739,22.0836,0.076897
0.3739,22.2074,0.090427
0.3739,22.3311,0.087048
0.3739,22.4548,0.022949
0.3739,22.5786,0.063466
0.3739,22.7023,0.085048
0.3739,22.8261,0.062114
0.3739,22.9498,0.078222
0.3739,23.0736,0.097253
0.3739,23.1973,0.08481
0.3739,23.3211,0.06469
0.3739,23.4448,0.069405
0.3739,23.5686,0.088859
0.3739,23.6923,0.09265
0.3739,23.8161,0.063576
0.3739,23.9398,0.091021
0.3739,24.0635,0.065921
0.3739,24.1873,0.091743
0.3739,24.311,0.095583
0.3739,24.4348,0.116661
0.3739,24.5585,0.122449
0.3739,24.6823,0.223806
0.3739,24.806,0.331144
0.3739,24.9298,0.551558
0.3739,25.0535,0.759952
0.3739,25.1773,0.920209
0.3739,25.301,1.048207
0.3739,25.4247,1.091835
0.3739,25.5485,1.027776
0.3739,25.6722,0.877128
0.3739,25.796,0.700104
0.3739,25.9197,0.465874
0.3739,26.0435,0.313086
0.3739,26.1672,0.188232
0.3739,26.291,0.104524
0.3739,26.4147,0.071493
0.3739,26.5385,0.068671
0.3739,26.6622,0.050622
0.3739,26.786,0.042886
0.3739,26.9097,0.044768
0.3739,27.0334,0.055171
0.3739,27.1572,0.064087
0.3739,27.2809,0.047108
0.3739,27.4047,0.043213
0.3739,27.5284,0.05846
0.3739,27.6522,0.063285
0.3739,27.7759,0.061521
0.3739,27.8997,0.054016
0.3739,28.0234,0.057328
0.3739,28.1472,0.045123
0.3739,28.2709,0.060178
0.3739,28.3946,0.063309
0.3739,28.5184,0.071534
0.3739,28.6421,0.061808
0.3739,28.7659,0.05521
0.3739,28.8896,0.059266
0.3739,29.0134,0.068748
0.3739,29.1371,0.048922
0.3739,29.2609,0.062837
0.3739,29.3846,0.079836
0.3739,29.5084,0.080464
0.3739,29.6321,0.092629
0.3739,29.7559,0.088406
0.3739,29.8796,0.074511
0.3739,30.0033,0.065435
0.3739,30.1271,0.080613
0.3739,30.2508,0.096367
0.3739,30.3746,0.076786
0.3739,30.4983,0.077348
0.3739,30.6221,0.080214
0.3739,30.7458,0.082433
0.3739,30.8696,0.063718
0.3739,30.9933,0.066241
0.3739,31.1171,0.073754
0.3739,31.2408,0.069182
0.3739,31.3645,0.072431
0.3739,31.4883,0.055008
0.3739,31.612,0.060031
0.3739,31.7358,0.039682
0.3739,31.8595,0.074517
0.3739,31.9833,0.049204
0.3739,32.107,0.061069
0.3739,32.2308,0.049765
0.3739,32.3545,0.050736
0.3739,32.4783,0.041441
0.3739,32.602,0.058567
0.3739,32.7258,0.074152
0.3739,32.8495,0.050479
0.3739,32.9732,0.047731
0.3739,33.097,0.073102
0.3739,33.2207,0.075161
0.3739,33.3445,0.120651
0.3739,33.4682,0.143091
0.3739,33.592,0.202316
0.3739,33.7157,0.270478
0.3739,33.8395,0.358443
0.3739,33.9632,0.45099
0.3739,34.087,0.52142
0.3739,34.2107,0.629144
0.3739,34.3344,0.704771
0.3739,34.4582,0.731226
0.3739,34.5819,0.767667
0.3739,34.7057,0.770686
0.3739,34.8294,0.73539
0.3739,34.9532,0.656417
0.3739,35.0769,0.588821
0.3739,35.2007,0.48444
0.3739,35.3244,0.394016
0.3739,35.4482,0.328761
0.3739,35.5719,0.282494
0.3739,35.6957,0.201838
0.3739,35.8194,0.138419
0.3739,35.9431,0.109225
0.3739,36.0669,0.08189
0.3739,36.1906,0.097361
0.3739,36.3144,0.079708
0.3739,36.4381,0.090058
0.3739,36.5619,0.07962
0.3739,36.6856,0.075443
0.3739,36.8094,0.095967
0.3739,36.9331,0.050761
0.3739,37.0569,0.058609
0.3739,37.1806,0.049053
0.3739,37.3043,0.055424
0.3739,37.4281,0.064203
0.3739,37.5518,0.063887
0.3739,37.6756,0.050062
0.3739,37.7993,0.069196
0.3739,37.9231,0.073198
0.3739,38.0468,0.04855
0.3739,38.1706,0.037847
0.3739,38.2943,0.037433
0.3739,38.4181,0.041314
0.3739,38.5418,0.027932
0.3739,38.6656,0.056268
0.3739,38.7893,0.054599
0.3739,38.913,0.037544
0.3739,39.0368,0.027806
0.3739,39.1605,0.029083
0.3739,39.2843,0.041803
0.3739,39.408,0.055251
0.3739,39.5318,0.029155
0.3739,39.6555,0.073406
0.3739,39.7793,0.058245
0.3739,39.903,0.055604
0.3739,40.0268,0.04199
0.3739,40.1505,0.065609
0.3739,40.2742,0.064349
0.3739,40.398,0.07784
0.3739,40.5217,0.06104
0.3739,40.6455,0.055823
0.3739,40.7692,0.095981
0.3739,40.893,0.044361
0.3739,41.0167,0.062303
0.3739,41.1405,0.059342
0.3739,41.2642,0.070454
0.3739,41.388,0.075763
0.3739,41.5117,0.078075
0.3739,41.6355,0.084457
0.3739,41.7592,0.103835
0.3739,41.8829,0.085495
0.3739,42.0067,0.088572
0.3739,42.1304,0.067282
0.3739,42.2542,0.072317
0.3739,42.3779,0.070017
0.3739,42.5017,0.06553
0.3739,42.6254,0.0592
0.3739,42.7492,0.060975
0.3739,42.8729,0.07864
0.3739,42.9967,0.067063
0.3739,43.1204,0.061389
0.3739,43.2441,0.057507
0.3739,43.3679,0.039529
0.3739,43.4916,0.061476
0.3739,43.6154,0.064548
0.3739,43.7391,0.019755
0.3739,43.8629,0.054851
0.3739,43.9866,0.030858
0.3739,44.1104,0.072157
0.3739,44.2341,0.055209
0.3739,44.3579,0.05556
0.3739,44.4816,0.041841
0.3739,44.6054,0.018341
0.3739,44.7291,0.063581
0.3739,44.8528,0.039409
0.3739,44.9766,0.04582
0.3739,45.1003,0.057587
0.3739,45.2241,0.045705
0.3739,45.3478,0.081558
0.3739,45.4716,0.048806
0.3739,45.5953,0.069319
0.3739,45.7191,0.073693
0.3739,45.8428,0.105184
0.3739,45.9666,0.122318
0.3739,46.0903,0.166609
0.3739,46.214,0.217042
0.3739,46.3378,0.294509
0.3739,46.4615,0.351551
0.3739,46.5853,0.358471
0.3739,46.709,0.382945
0.3739,46.8328,0.408116
0.3739,46.9565,0.411166
0.3739,47.0803,0.355945
0.3739,47.204,0.300049
0.3739,47.3278,0.258107
0.3739,47.4515,0.216848
0.3739,47.5753,0.171669
0.3739,47.699,0.151668
0.3739,47.8227,0.110668
0.3739,47.9465,0.104522
0.3739,48.0702,0.066477
0.3739,48.194,0.091799
0.3739,48.3177,0.081304
0.3739,48.4415,0.091655
0.3739,48.5652,0.07138
0.3739,48.689,0.091859
0.3739,48.8127,0.05841
0.3739,48.9365,0.061161
0.3739,49.0602,0.066823
0.3739,49.1839,0.055925
0.3739,49.3077,0.057187
0.3739,49.4314,0.049147
0.3739,49.5552,0.045371
0.3739,49.6789,0.056182
0.3739,49.8027,0.058218
0.3739,49.9264,0.033483
0.3739,50.0502,0.050164
0.3739,50.1739,0.037632
0.3739,50.2977,0.034381
0.3739,50.4214,0.005666
0.3739,50.5452,0.024317
0.3739,50.6689,0.032701
0.3739,50.7926,0.051183
0.3739,50.9164,0.04613
0.3739,51.0401,0.057673
0.3739,51.1639,0.057474
0.3739,51.2876,0.043033
0.3739,51.4114,0.034552
0.3739,51.5351,0.078317
0.3739,51.6589,0.072496
0.3739,51.7826,0.045286
0.3739,51.9064,0.07649
0.3739,52.0301,0.054984
0.3739,52.1538,0.042862
0.3739,52.2776,0.067495
0.3739,52.4013,0.073178
0.3739,52.5251,0.084662
0.3739,52.6488,0.070951
0.3739,52.7726,0.060852
0.3739,52.8963,0.068171
0.3739,53.0201,0.072133
0.3739,53.1438,0.076945
0.3739,53.2676,0.083435
0.3739,53.3913,0.091963
0.3739,53.5151,0.084441
0.3739,53.6388,0.080607
0.3739,53.7625,0.086202
0.3739,53.8863,0.11066
0.3739,54.01,0.077736
0.3739,54.1338,0.07162
0.3739,54.2575,0.084083
0.3739,54.3813,0.052513
0.3739,54.505,0.071906
0.3739,54.6288,0.073725
0.3739,54.7525,0.061284
0.3739,54.8763,0.083319
0.3739,55.0,0.066658
0.3826,18.0,0.068524
0.3826,18.1237,0.077477
0.3826,18.2475,0.066554
0.3826,18.3712,0.078229
0.3826,18.495,0.053625
0.3826,18.6187,0.084638
0.3826,18.7425,0.069472
0.3826,18.8662,0.060583
0.3826,18.99,0.066322
0.3826,19.1137,0.047856
0.3826,19.2375,0.050712
0.3826,19.3612,0.064996
0.3826,19.4849,0.042363
0.3826,19.6087,0.032025
0.3826,19.7324,0.041974
0.3826,19.8562,0.017316
0.3826,19.9799,0.065084
0.3826,20.1037,0.059469
0.3826,20.2274,0.045163
0.3826,20.3512,0.053971
0.3826,20.4749,0.054865
0.3826,20.5987,0.047442
0.3826,20.7224,0.051333
0.3826,20.8462,0.072027
0.3826,20.9699,0.06539
0.3826,21.0936,0.073509
0.3826,21.2174,0.047921
0.3826,21.3411,0.053368
0.3826,21.4649,0.069141
0.3826,21.5886,0.045762
0.3826,21.7124,0.064883
0.3826,21.8361,0.06698
0.3826,21.9599,0.048526
0.3826,22.0836,0.068188
0.3826,22.2074,0.059729
0.3826,22.3311,0.045918
0.3826,22.4548,0.052728
0.3826,22.5786,0.085593
0.3826,22.7023,0.093916
0.3826,22.8261,0.073752
0.3826,22.9498,0.092173
0.3826,23.0736,0.073054
0.3826,23.1973,0.092336
0.3826,23.3211,0.085261
0.3826,23.4448,0.078289
0.3826,23.5686,0.087977
0.3826,23.6923,0.088748
0.3826,23.8161,0.083359
0.3826,23.9398,0.083506
0.3826,24.0635,0.081569
0.3826,24.1873,0.088634
0.3826,24.311,0.04899
0.3826,24.4348,0.10301
0.3826,24.5585,0.123018
0.3826,24.6823,0.23224
0.3826,24.806,0.343008
0.3826,24.9298,0.521552
0.3826,25.0535,0.691842
0.3826,25.1773,0.884751
0.3826,25.301,1.032429
0.3826,25.4247,1.109667
0.3826,25.5485,1.045398
0.3826,25.6722,0.927181
0.3826,25.796,0.723599
0.3826,25.9197,0.50608
0.3826,26.0435,0.315199
0.3826,26.1672,0.202408
0.3826,26.291,0.140752
0.3826,26.4147,0.089739
0.3826,26.5385,0.081096
0.3826,26.6622,0.081132
0.3826,26.786,0.035222
0.3826,26.9097,0.054193
0.3826,27.0334,0.045028
0.3826,27.1572,0.044748
0.3826,27.2809,0.07058
0.3826,27.4047,0.062061
0.3826,27.5284,0.035421
0.3826,27.6522,0.054219
0.3826,27.7759,0.051995
0.3826,27.8997,0.05917
0.3826,28.0234,0.075859
0.3826,28.1472,0.082227
0.3826,28.2709,0.075886
0.3826,28.3946,0.077247
0.3826,28.5184,0.060471
0.3826,28.6421,0.082039
0.3826,28.7659,0.099444
0.3826,28.8896,0.058242
0.3826,29.0134,0.072752
0.3826,29.1371,0.077443
0.3826,29.2609,0.082061
0.3826,29.3846,0.081303
0.3826,29.5084,0.059531
0.3826,29.6321,0.089752
0.3826,29.7559,0.064756
0.3826,29.8796,0.069467
0.3826,30.0033,0.099582
0.3826,30.1271,0.074495
0.3826,30.2508,0.080137
0.3826,30.3746,0.055253
0.3826,30.4983,0.071967
0.3826,30.6221,0.05718
0.3826,30.7458,0.072827
0.3826,30.8696,0.068105
0.3826,30.9933,0.070998
0.3826,31.1171,0.050396
0.3826,31.2408,0.052634
0.3826,31.3645,0.062222
0.3826,31.4883,0.057907
0.3826,31.612,0.068618
0.3826,31.7358,0.03845
0.3826,31.8595,0.066383
0.3826,31.9833,0.040034
0.3826,32.107,0.028987
0.3826,32.2308,0.063288
0.3826,32.3545,0.053052
0.3826,32.4783,0.061861
0.3826,32.602,0.057514
0.3826,32.7258,0.037
0.3826,32.8495,0.070769
0.3826,32.9732,0.058919
0.3826,33.097,0.061187
0.3826,33.2207,0.088551
0.3826,33.3445,0.132094
0.3826,33.4682,0.155783
0.3826,33.592,0.202628
0.3826,33.7157,0.28958
0.3826,33.8395,0.359307
0.3826,33.9632,0.455966
0.3826,34.087,0.546628
0.3826,34.2107,0.666932
0.3826,34.3344,0.708224
0.3826,34.4582,0.7487
0.3826,34.5819,0.776606
0.3826,34.7057,0.753859
0.3826,34.8294,0.708884
0.3826,34.9532,0.634079
0.3826,35.0769,0.577063
0.3826,35.2007,0.47493
0.3826,35.3244,0.373214
0.3826,35.4482,0.300975
0.3826,35.5719,0.237091
0.3826,35.6957,0.181671
0.3826,35.8194,0.156049
0.3826,35.9431,0.131616
0.3826,36.0669,0.094109
0.3826,36.1906,0.100013
0.3826,36.3144,0.099032
0.3826,36.4381,0.100082
0.3826,36.5619,0.080705
0.3826,36.6856,0.071474
0.3826,36.8094,0.045311
0.3826,36.9331,0.06083
0.3826,37.0569,0.035388
0.3826,37.1806,0.045881
0.3826,37.3043,0.0485
0.3826,37.4281,0.04832
0.3826,37.5518,0.044062
0.3826,37.6756,0.037353
0.3826,37.7993,0.077499
0.3826,37.9231,0.054292
0.3826,38.0468,0.042592
0.3826,38.1706,0.057637
0.3826,38.2943,0.054315
0.3826,38.4181,0.039088
0.3826,38.5418,0.038286
0.3826,38.6656,0.046248
0.3826,38.7893,0.0632
0.3826,38.913,0.021308
0.3826,39.0368,0.053004
0.3826,39.1605,0.040928
0.3826,39.2843,0.04337
0.3826,39.408,0.054878
0.3826,39.5318,0.059105
0.3826,39.6555,0.045919
0.3826,39.7793,0.038649
0.3826,39.903,0.058929
0.3826,40.0268,0.071323
0.3826,40.1505,0.069401
0.3826,40.2742,0.068244
0.3826,40.398,0.066532
0.3826,40.5217,0.083072
0.3826,40.6455,0.065629
0.3826,40.7692,0.083691
0.3826,40.893,0.057701
0.3826,41.0167,0.06308
0.3826,41.1405,0.042292
0.3826,41.2642,0.097719
0.3826,41.388,0.075513
0.3826,41.5117,0.100465
0.3826,41.6355,0.075094
0.3826,41.7592,0.07634
0.3826,41.8829,0.09656
0.3826,42.0067,0.070518
0.3826,42.1304,0.078343
0.3826,42.2542,0.099186
0.3826,42.3779,0.072935
0.3826,42.5017,0.085445
0.3826,42.6254,0.065284
0.3826,42.7492,0.064132
0.3826,42.8729,0.0693
0.3826,42.9967,0.067493
0.3826,43.1204,0.086121
0.3826,43.2441,0.073646
0.3826,43.3679,0.042309
0.3826,43.4916,0.060578
0.3826,43.6154,0.05305
0.3826,43.7391,0.04192
0.3826,43.8629,0.04332
0.3826,43.9866,0.048241
0.3826,44.1104,0.051106
0.3826,44.2341,0.048778
0.3826,44.3579,0.070347
0.3826,44.4816,0.029262
0.3826,44.6054,0.021596
0.3826,44.7291,0.035458
0.3826,44.8528,0.010395
0.3826,44.9766,0.064442
0.3826,45.1003,0.036702
0.3826,45.2241,0.049094
0.3826,45.3478,0.045685
0.3826,45.4716,0.068562
0.3826,45.5953,0.064177
0.3826,45.7191,0.06922
0.3826,45.8428,0.111753
0.3826,45.9666,0.139197
0.3826,46.0903,0.175165
0.3826,46.214,0.238699
0.3826,46.3378,0.269911
0.3826,46.4615,0.309957
0.3826,46.5853,0.37066
0.3826,46.709,0.370008
0.3826,46.8328,0.40682
0.3826,46.9565,0.395298
0.3826,47.0803,0.363831
0.3826,47.204,0.291642
0.3826,47.3278,0.269809
0.3826,47.4515,0.204769
0.3826,47.5753,0.168199
0.3826,47.699,0.128028
0.3826,47.8227,0.126165
0.3826,47.9465,0.118257
0.3826,48.0702,0.101247
0.3826,48.194,0.084109
0.3826,48.3177,0.08108
0.3826,48.4415,0.093971
0.3826,48.5652,0.063507
0.3826,48.689,0.060285
0.3826,48.8127,0.065522
0.3826,48.9365,0.063624
0.3826,49.0602,0.072746
0.3826,49.1839,0.057639
0.3826,49.3077,0.06528
0.3826,49.4314,0.062808
0.3826,49.5552,0.078689
0.3826,49.6789,0.065708
0.3826,49.8027,0.059699
0.3826,49.9264,0.044573
0.3826,50.0502,0.072859
0.3826,50.1739,0.034584
0.3826,50.2977,0.059742
0.3826,50.4214,0.066254
0.3826,50.5452,0.079223
0.3826,50.6689,0.04252
0.3826,50.7926,0.044143
0.3826,50.9164,0.054214
0.3826,51.0401,0.049339
0.3826,51.1639,0.01054
0.3826,51.2876,0.045647
0.3826,51.4114,0.047967
0.3826,51.5351,0.035714
0.3826,51.6589,0.068359
0.3826,51.7826,0.040053
0.3826,51.9064,0.071416
0.3826,52.0301,0.07636
0.3826,52.1538,0.047262
0.3826,52.2776,0.076399
0.3826,52.4013,0.06656
0.3826,52.5251,0.045028
0.3826,52.6488,0.058913
0.3826,52.7726,0.066255
0.3826,52.8963,0.077908
0.3826,53.0201,0.0766
0.3826,53.1438,0.072156
0.3826,53.2676,0.059847
0.3826,53.3913,0.086122
0.3826,53.5151,0.078569
0.3826,53.6388,0.067113
0.3826,53.7625,0.071875
0.3826,53.8863,0.054071
0.3826,54.01,0.06429
0.3826,54.1338,0.07117
0.3826,54.2575,0.062352
0.3826,54.3813,0.081872
0.3826,54.505,0.08955
0.3826,54.6288,0.068078
0.3826,54.7525,0.067954
0.3826,54.8763,0.059431
0.3826,55.0,0.077409
0.3913,18.0,0.086351
0.3913,18.1237,0.064915
0.3913,18.2475,0.077967
0.3913,18.3712,0.068612
0.3913,18.495,0.05771
0.3913,18.6187,0.052425
0.3913,18.7425,0.059605
0.3913,18.8662,0.056749
0.3913,18.99,0.033484
0.3913,19.1137,0.060429
0.3913,19.2375,0.039366
0.3913,19.3612,0.066588
0.3913,19.4849,0.03781
0.3913,19.6087,0.058407
0.3913,19.7324,0.035223
0.3913,19.8562,0.045159
0.3913,19.9799,0.041931
0.3913,20.1037,0.04951
0.3913,20.2274,0.045693
0.3913,20.3512,0.075776
0.3913,20.4749,0.061657
0.3913,20.5987,0.056148
0.3913,20.7224,0.052206
0.3913,20.8462,0.045154
0.3913,20.9699,0.037622
0.3913,21.0936,0.054351
0.3913,21.2174,0.078124
0.3913,21.3411,0.06099
0.3913,21.4649,0.066125
0.3913,21.5886,0.042772
0.3913,21.7124,0.059661
0.3913,21.8361,0.09625
0.3913,21.9599,0.100354
0.3913,22.0836,0.043331
0.3913,22.2074,0.074748
0.3913,22.3311,0.067698
0.3913,22.4548,0.061005
0.3913,22.5786,0.086385
0.3913,22.7023,0.081765
0.3913,22.8261,0.033882
0.3913,22.9498,0.088891
0.3913,23.0736,0.065541
0.3913,23.1973,0.08836
0.3913,23.3211,0.074515
0.3913,23.4448,0.092846
0.3913,23.5686,0.091025
0.3913,23.6923,0.074159
0.3913,23.8161,0.057277
0.3913,23.9398,0.091119
0.3913,24.0635,0.063452
0.3913,24.1873,0.092195
0.3913,24.311,0.117085
0.3913,24.4348,0.085788
0.3913,24.5585,0.118936
0.3913,24.6823,0.20001
0.3913,24.806,0.30975
0.3913,24.9298,0.466778
0.3913,25.0535,0.649031
0.3913,25.1773,0.875044
0.3913,25.301,1.023734
0.3913,25.4247,1.094646
0.3913,25.5485,1.060793
0.3913,25.6722,0.937807
0.3913,25.796,0.756918
0.3913,25.9197,0.545541
0.3913,26.0435,0.334097
0.3913,26.1672,0.221733
0.3913,26.291,0.155096
0.3913,26.4147,0.068993
0.3913,26.5385,0.095011
0.3913,26.6622,0.05095
0.3913,26.786,0.041085
0.3913,26.9097,0.052977
0.3913,27.0334,0.05879
0.3913,27.1572,0.059755
0.3913,27.2809,0.061516
0.3913,27.4047,0.055369
0.3913,27.5284,0.062238
0.3913,27.6522,0.061226
0.3913,27.7759,0.054633
0.3913,27.8997,0.052448
0.3913,28.0234,0.058664
0.3913,28.1472,0.069363
0.3913,28.2709,0.082554
0.3913,28.3946,0.054771
0.3913,28.5184,0.050507
0.3913,28.6421,0.061258
0.3913,28.7659,0.076748
0.3913,28.8896,0.089387
0.3913,29.0134,0.090707
0.3913,29.1371,0.088063
0.3913,29.2609,0.071845
0.3913,29.3846,0.068723
0.3913,29.5084,0.097271
0.3913,29.6321,0.08711
0.3913,29.7559,0.096246
0.3913,29.8796,0.074547
0.3913,30.0033,0.061673
0.3913,30.1271,0.100318
0.3913,30.2508,0.083334
0.3913,30.3746,0.069523
0.3913,30.4983,0.081104
0.3913,30.6221,0.057547
0.3913,30.7458,0.074399
0.3913,30.8696,0.046905
0.3913,30.9933,0.05704
0.3913,31.1171,0.062777
0.3913,31.2408,0.073959
0.3913,31.3645,0.064771
0.3913,31.4883,0.045471
0.3913,31.612,0.046255
0.3913,31.7358,0.024871
0.3913,31.8595,0.060607
0.3913,31.9833,0.033756
0.3913,32.107,0.030542
0.3913,32.2308,0.036656
0.3913,32.3545,0.036173
0.3913,32.4783,0.054131
0.3913,32.602,0.057523
0.3913,32.7258,0.054822
0.3913,32.8495,0.025096
0.3913,32.9732,0.068879
0.3913,33.097,0.071001
0.3913,33.2207,0.091161
0.3913,33.3445,0.119324
0.3913,33.4682,0.186684
0.3913,33.592,0.246359
0.3913,33.7157,0.293332
0.3913,33.8395,0.379928
0.3913,33.9632,0.465667
0.3913,34.087,0.55534
0.3913,34.2107,0.664934
0.3913,34.3344,0.711409
0.3913,34.4582,0.749101
0.3913,34.5819,0.789736
0.3913,34.7057,0.770979
0.3913,34.8294,0.695561
0.3913,34.9532,0.651734
0.3913,35.0769,0.54367
0.3913,35.2007,0.438771
0.3913,35.3244,0.383033
0.3913,35.4482,0.295142
0.3913,35.5719,0.22835
0.3913,35.6957,0.177031
0.3913,35.8194,0.161393
0.3913,35.9431,0.120242
0.3913,36.0669,0.088299
0.3913,36.1906,0.090627
0.3913,36.3144,0.072155
0.3913,36.4381,0.091915
0.3913,36.5619,0.077969
0.3913,36.6856,0.059865
0.3913,36.8094,0.085072
0.3913,36.9331,0.058942
0.3913,37.0569,0.071442
0.3913,37.1806,0.040308
0.3913,37.3043,0.042907
0.3913,37.4281,0.053353
0.3913,37.5518,0.058821
0.3913,37.6756,0.045655
0.3913,37.7993,0.074245
0.3913,37.9231,0.033202
0.3913,38.0468,0.038539
0.3913,38.1706,0.050698
0.3913,38.2943,0.042191
0.3913,38.4181,0.04376
0.3913,38.5418,0.036664
0.3913,38.6656,0.043396
0.3913,38.7893,0.055352
0.3913,38.913,0.051146
0.3913,39.0368,0.035834
0.3913,39.1605,0.03208
0.3913,39.2843,0.046548
0.3913,39.408,0.051038
0.3913,39.5318,0.057019
0.3913,39.6555,0.054499
0.3913,39.7793,0.043711
0.3913,39.903,0.07044
0.3913,40.0268,0.065885
0.3913,40.1505,0.066124
0.3913,40.2742,0.058357
0.3913,40.398,0.075867
0.3913,40.5217,0.08522
0.3913,40.6455,0.098458
0.3913,40.7692,0.080811
0.3913,40.893,0.056694
0.3913,41.0167,0.078374
0.3913,41.1405,0.060081
0.3913,41.2642,0.069494
0.3913,41.388,0.075131
0.3913,41.5117,0.074522
0.3913,41.6355,0.080133
0.3913,41.7592,0.084354
0.3913,41.8829,0.085408
0.3913,42.0067,0.084041
0.3913,42.1304,0.074782
0.3913,42.2542,0.103692
0.3913,42.3779,0.090561
0.3913,42.5017,0.064507
0.3913,42.6254,0.059691
0.3913,42.7492,0.089405
0.3913,42.8729,0.071804
0.3913,42.9967,0.065038
0.3913,43.1204,0.080912
0.3913,43.2441,0.055486
0.3913,43.3679,0.066763
0.3913,43.4916,0.07427
0.3913,43.6154,0.046599
0.3913,43.7391,0.036606
0.3913,43.8629,0.043989
0.3913,43.9866,0.055586
0.3913,44.1104,0.06225
0.3913,44.2341,0.062251
0.3913,44.3579,0.045326
0.3913,44.4816,0.040705
0.3913,44.6054,0.070042
0.3913,44.7291,0.05642
0.3913,44.8528,0.058696
0.3913,44.9766,0.059541
0.3913,45.1003,0.067601
0.3913,45.2241,0.041251
0.3913,45.3478,0.046963
0.3913,45.4716,0.060571
0.3913,45.5953,0.071553
0.3913,45.7191,0.074279
0.3913,45.8428,0.100147
0.3913,45.9666,0.163572
0.3913,46.0903,0.173192
0.3913,46.214,0.206774
0.3913,46.3378,0.299956
0.3913,46.4615,0.314138
0.3913,46.5853,0.377428
0.3913,46.709,0.399075
0.3913,46.8328,0.406999
0.3913,46.9565,0.407027
0.3913,47.0803,0.362231
0.3913,47.204,0.297812
0.3913,47.3278,0.244121
0.3913,47.4515,0.18107
0.3913,47.5753,0.175782
0.3913,47.699,0.131674
0.3913,47.8227,0.109458
0.3913,47.9465,0.106724
0.3913,48.0702,0.084175
0.3913,48.194,0.084291
0.3913,48.3177,0.081257
0.3913,48.4415,0.097279
0.3913,48.5652,0.079823
0.3913,48.689,0.074794
0.3913,48.8127,0.08791
0.3913,48.9365,0.046445
0.3913,49.0602,0.087858
0.3913,49.1839,0.072335
0.3913,49.3077,0.05902
0.3913,49.4314,0.064401
0.3913,49.5552,0.061107
0.3913,49.6789,0.05048
0.3913,49.8027,0.059815
0.3913,49.9264,0.070423
0.3913,50.0502,0.043321
0.3913,50.1739,0.044259
0.3913,50.2977,0.046112
0.3913,50.4214,0.025074
0.3913,50.5452,0.052835
0.3913,50.6689,0.039243
0.3913,50.7926,0.037587
0.3913,50.9164,0.029164
0.3913,51.0401,0.053224
0.3913,51.1639,0.05012
0.3913,51.2876,0.042161
0.3913,51.4114,0.029605
0.3913,51.5351,0.018587
0.3913,51.6589,0.04779
0.3913,51.7826,0.035541
0.3913,51.9064,0.061139
0.3913,52.0301,0.058566
0.3913,52.1538,0.043736
0.3913,52.2776,0.054735
0.3913,52.4013,0.059808
0.3913,52.5251,0.078772
0.3913,52.6488,0.052364
0.3913,52.7726,0.068913
0.3913,52.8963,0.071996
0.3913,53.0201,0.07823
0.3913,53.1438,0.103056
0.3913,53.2676,0.068671
0.3913,53.3913,0.070082
0.3913,53.5151,0.068247
0.3913,53.6388,0.075022
0.3913,53.7625,0.101464
0.3913,53.8863,0.064529
0.3913,54.01,0.087881
0.3913,54.1338,0.082868
0.3913,54.2575,0.090602
0.3913,54.3813,0.097946
0.3913,54.505,0.068107
0.3913,54.6288,0.088593
0.3913,54.7525,0.089437
0.3913,54.8763,0.0605
0.3913,55.0,0.068628
0.4,18.0,0.067725
0.4,18.1237,0.060262
0.4,18.2475,0.082565
0.4,18.3712,0.054781
0.4,18.495,0.075934
0.4,18.6187,0.06937
0.4,18.7425,0.059624
0.4,18.8662,0.057633
0.4,18.99,0.048542
0.4,19.1137,0.052471
0.4,19.2375,0.059237
0.4,19.3612,0.06234
0.4,19.4849,0.066646
0.4,19.6087,0.060889
0.4,19.7324,0.060609
0.4,19.8562,0.015688
0.4,19.9799,0.038248
0.4,20.1037,0.043519
0.4,20.2274,0.039222
0.4,20.3512,0.033696
0.4,20.4749,0.034189
0.4,20.5987,0.041553
0.4,20.7224,0.053271
0.4,20.8462,0.049585
0.4,20.9699,0.031045
0.4,21.0936,0.028259
0.4,21.2174,0.043127
0.4,21.3411,0.046164
0.4,21.4649,0.06489
0.4,21.5886,0.055737
0.4,21.7124,0.080328
0.4,21.8361,0.069673
0.4,21.9599,0.048927
0.4,22.0836,0.046391
0.4,22.2074,0.071256
0.4,22.3311,0.091961
0.4,22.4548,0.0956
0.4,22.5786,0.057906
0.4,22.7023,0.073397
0.4,22.8261,0.10366
0.4,22.9498,0.079453
0.4,23.0736,0.100969
0.4,23.1973,0.067828
0.4,23.3211,0.076894
0.4,23.4448,0.078949
0.4,23.5686,0.087429
0.4,23.6923,0.085963
0.4,23.8161,0.07735
0.4,23.9398,0.092308
0.4,24.0635,0.07206
0.4,24.1873,0.090261
0.4,24.311,0.082385
0.4,24.4348,0.099715
0.4,24.5585,0.105219
0.4,24.6823,0.176884
0.4,24.806,0.278544
0.4,24.9298,0.421669
0.4,25.0535,0.607543
0.4,25.1773,0.824535
0.4,25.301,0.980253
0.4,25.4247,1.096058
0.4,25.5485,1.084741
0.4,25.6722,0.972199
0.4,25.796,0.78975
0.4,25.9197,0.565377
0.4,26.0435,0.406834
0.4,26.1672,0.263605
0.4,26.291,0.16438
0.4,26.4147,0.078138
0.4,26.5385,0.071748
0.4,26.6622,0.062647
0.4,26.786,0.057423
0.4,26.9097,0.035571
0.4,27.0334,0.051699
0.4,27.1572,0.065096
0.4,27.2809,0.027471
0.4,27.4047,0.044221
0.4,27.5284,0.045178
0.4,27.6522,0.038723
0.4,27.7759,0.05795
0.4,27.8997,0.059517
0.4,28.0234,0.070812
0.4,28.1472,0.030446
0.4,28.2709,0.065335
0.4,28.3946,0.067916
0.4,28.5184,0.067443
0.4,28.6421,0.065189
0.4,28.7659,0.093474
0.4,28.8896,0.064928
0.4,29.0134,0.092737
0.4,29.1371,0.082803
0.4,29.2609,0.085697
0.4,29.3846,0.087144
0.4,29.5084,0.077446
0.4,29.6321,0.085528
0.4,29.7559,0.073121
0.4,29.8796,0.061418
0.4,30.0033,0.067071
0.4,30.1271,0.061188
0.4,30.2508,0.066587
0.4,30.3746,0.062552
0.4,30.4983,0.063058
0.4,30.6221,0.060602
0.4,30.7458,0.045638
0.4,30.8696,0.052697
0.4,30.9933,0.071891
0.4,31.1171,0.047698
0.4,31.2408,0.047493
0.4,31.3645,0.061623
0.4,31.4883,0.059462
0.4,31.612,0.047223
0.4,31.7358,0.057659
0.4,31.8595,0.041522
0.4,31.9833,0.047086
0.4,32.107,0.025087
0.4,32.2308,0.037217
0.4,32.3545,0.026787
0.4,32.4783,0.043684
0.4,32.602,0.031384
0.4,32.7258,0.05798
0.4,32.8495,0.057388
0.4,32.9732,0.053398
0.4,33.097,0.078736
0.4,33.2207,0.096435
0.4,33.3445,0.132553
0.4,33.4682,0.14511
0.4,33.592,0.223945
0.4,33.7157,0.291163
0.4,33.8395,0.391925
0.4,33.9632,0.481471
0.4,34.087,0.563395
0.4,34.2107,0.66898
0.4,34.3344,0.713585
0.4,34.4582,0.753883
0.4,34.5819,0.76256
0.4,34.7057,0.759103
0.4,34.8294,0.730758
0.4,34.9532,0.629893
0.4,35.0769,0.547706
0.4,35.2007,0.474991
0.4,35.3244,0.380543
0.4,35.4482,0.286458
0.4,35.5719,0.228204
0.4,35.6957,0.188883
0.4,35.8194,0.144485
0.4,35.9431,0.133345
0.4,36.0669,0.080566
0.4,36.1906,0.101058
0.4,36.3144,0.046044
0.4,36.4381,0.075869
0.4,36.5619,0.084486
0.4,36.6856,0.087223
0.4,36.8094,0.087782
0.4,36.9331,0.042144
0.4,37.0569,0.051964
0.4,37.1806,0.039968
0.4,37.3043,0.074958
0.4,37.4281,0.06313
0.4,37.5518,0.062969
0.4,37.6756,0.050563
0.4,37.7993,0.036749
0.4,37.9231,0.03703
0.4,38.0468,0.046092
0.4,38.1706,0.038632
0.4,38.2943,0.068447
0.4,38.4181,0.047688
0.4,38.5418,0.026351
0.4,38.6656,0.047519
0.4,38.7893,0.042997
0.4,38.913,0.027873
0.4,39.0368,0.038618
0.4,39.1605,0.052877
0.4,39.2843,0.055849
0.4,39.408,0.061196
0.4,39.5318,0.049715
0.4,39.6555,0.048676
0.4,39.7793,0.053577
0.4,39.903,0.045397
0.4,40.0268,0.081144
0.4,40.1505,0.075452
0.4,40.2742,0.042219
0.4,40.398,0.062719
0.4,40.5217,0.070052
0.4,40.6455,0.071035
0.4,40.7692,0.092268
0.4,40.893,0.068684
0.4,41.0167,0.087976
0.4,41.1405,0.086583
0.4,41.2642,0.067901
0.4,41.388,0.087718
0.4,41.5117,0.078839
0.4,41.6355,0.072689
0.4,41.7592,0.074577
0.4,41.8829,0.067463
0.4,42.0067,0.077259
0.4,42.1304,0.075485
0.4,42.2542,0.080503
0.4,42.3779,0.065697
0.4,42.5017,0.077904
0.4,42.6254,0.073975
0.4,42.7492,0.08605
0.4,42.8729,0.066625
0.4,42.9967,0.046492
0.4,43.1204,0.03988
0.4,43.2441,0.051491
0.4,43.3679,0.062536
0.4,43.4916,0.057724
0.4,43.6154,0.036978
0.4,43.7391,0.074788
0.4,43.8629,0.046101
0.4,43.9866,0.039816
0.4,44.1104,0.069502
0.4,44.2341,0.045235
0.4,44.3579,0.043982
0.4,44.4816,0.024777
0.4,44.6054,0.061994
0.4,44.7291,0.046674
0.4,44.8528,0.060457
0.4,44.9766,0.053172
0.4,45.1003,0.037453
0.4,45.2241,0.042527
0.4,45.3478,0.07717
0.4,45.4716,0.050809
0.4,45.5953,0.071296
0.4,45.7191,0.096621
0.4,45.8428,0.109909
0.4,45.9666,0.154112
0.4,46.0903,0.180522
0.4,46.214,0.221184
0.4,46.3378,0.284597
0.4,46.4615,0.350794
0.4,46.5853,0.383643
0.4,46.709,0.411055
0.4,46.8328,0.416831
0.4,46.9565,0.375778
0.4,47.0803,0.368474
0.4,47.204,0.315467
0.4,47.3278,0.267641
0.4,47.4515,0.201888
0.4,47.5753,0.169716
0.4,47.699,0.140119
0.4,47.8227,0.093106
0.4,47.9465,0.09487
0.4,48.0702,0.087379
0.4,48.194,0.062526
0.4,48.3177,0.088086
0.4,48.4415,0.067159
0.4,48.5652,0.059138
0.4,48.689,0.051998
0.4,48.8127,0.074837
0.4,48.9365,0.054403
0.4,49.0602,0.061858
0.4,49.1839,0.065787
0.4,49.3077,0.057596
0.4,49.4314,0.050688
0.4,49.5552,0.059153
0.4,49.6789,0.046193
0.4,49.8027,0.031258
0.4,49.9264,0.052431
0.4,50.0502,0.062318
0.4,50.1739,0.018023
0.4,50.2977,0.042168
0.4,50.4214,0.050811
0.4,50.5452,0.050907
0.4,50.6689,0.058263
0.4,50.7926,0.05267
0.4,50.9164,0.053886
0.4,51.0401,0.03978
0.4,51.1639,0.032272
0.4,51.2876,0.053211
0.4,51.4114,0.03168
0.4,51.5351,0.047939
0.4,51.6589,0.053838
0.4,51.7826,0.03138
0.4,51.9064,0.060497
0.4,52.0301,0.076019
0.4,52.1538,0.072246
0.4,52.2776,0.076512
0.4,52.4013,0.058639
0.4,52.5251,0.062661
0.4,52.6488,0.065044
0.4,52.7726,0.058159
0.4,52.8963,0.07898
0.4,53.0201,0.079368
0.4,53.1438,0.059543
0.4,53.2676,0.063326
0.4,53.3913,0.090886
0.4,53.5151,0.068707
0.4,53.6388,0.075953
0.4,53.7625,0.085835
0.4,53.8863,0.068769
0.4,54.01,0.088059
0.4,54.1338,0.0621
0.4,54.2575,0.087369
0.4,54.3813,0.055524
0.4,54.505,0.065456
0.4,54.6288,0.094665
0.4,54.7525,0.058837
0.4,54.8763,0.077494
0.4,55.0,0.052553
0.4087,18.0,0.073945
0.4087,18.1237,0.071305
0.4087,18.2475,0.069846
0.4087,18.3712,0.077648
0.4087,18.495,0.065545
0.4087,18.6187,0.043496
0.4087,18.7425,0.086083
0.4087,18.8662,0.046344
0.4087,18.99,0.044009
0.4087,19.1137,0.060507
0.4087,19.2375,0.062511
0.4087,19.3612,0.05388
0.4087,19.4849,0.041828
0.4087,19.6087,0.047603
0.4087,19.7324,0.065504
0.4087,19.8562,0.024056
0.4087,19.9799,0.042015
0.4087,20.1037,0.047638
0.4087,20.2274,0.002852
0.4087,20.3512,0.047981
0.4087,20.4749,0.054612
0.4087,20.5987,0.053003
0.4087,20.7224,0.031817
0.4087,20.8462,0.073356
0.4087,20.9699,0.063478
0.4087,21.0936,0.056975
0.4087,21.2174,0.042632
0.4087,21.3411,0.038401
0.4087,21.4649,0.061949
0.4087,21.5886,0.039641
0.4087,21.7124,0.067975
0.4087,21.8361,0.063335
0.4087,21.9599,0.073078
0.4087,22.0836,0.056543
0.4087,22.2074,0.067687
0.4087,22.3311,0.045467
0.4087,22.4548,0.059096
0.4087,22.5786,0.067087
0.4087,22.7023,0.042605
0.4087,22.8261,0.090995
0.4087,22.9498,0.08709
0.4087,23.0736,0.072408
0.4087,23.1973,0.077046
0.4087,23.3211,0.073828
0.4087,23.4448,0.076841
0.4087,23.5686,0.094812
0.4087,23.6923,0.087644
0.4087,23.8161,0.075538
0.4087,23.9398,0.066335
0.4087,24.0635,0.088982
0.4087,24.1873,0.066435
0.4087,24.311,0.052692
0.4087,24.4348,0.068202
0.4087,24.5585,0.095649
0.4087,24.6823,0.176425
0.4087,24.806,0.255676
0.4087,24.9298,0.410299
0.4087,25.0535,0.564998
0.4087,25.1773,0.797255
0.4087,25.301,0.989249
0.4087,25.4247,1.065431
0.4087,25.5485,1.093195
0.4087,25.6722,0.98614
0.4087,25.796,0.834341
0.4087,25.9197,0.649388
0.4087,26.0435,0.422184
0.4087,26.1672,0.25161
0.4087,26.291,0.149873
0.4087,26.4147,0.119912
0.4087,26.5385,0.068338
0.4087,26.6622,0.051208
0.4087,26.786,0.070434
0.4087,26.9097,0.021518
0.4087,27.0334,0.059881
0.4087,27.1572,0.042332
0.4087,27.2809,0.051615
0.4087,27.4047,0.041557
0.4087,27.5284,0.051792
0.4087,27.6522,0.038933
0.4087,27.7759,0.049408
0.4087,27.8997,0.084619
0.4087,28.0234,0.079544
0.4087,28.1472,0.066527
0.4087,28.2709,0.073342
0.4087,28.3946,0.081735
0.4087,28.5184,0.077119
0.4087,28.6421,0.088002
0.4087,28.7659,0.074962
0.4087,28.8896,0.081133
0.4087,29.0134,0.06609
0.4087,29.1371,0.074716
0.4087,29.2609,0.058531
0.4087,29.3846,0.073806
0.4087,29.5084,0.07456
0.4087,29.6321,0.090495
0.4087,29.7559,0.082908
0.4087,29.8796,0.071846
0.4087,30.0033,0.066096
0.4087,30.1271,0.085779
0.4087,30.2508,0.077799
0.4087,30.3746,0.069536
0.4087,30.4983,0.085891
0.4087,30.6221,0.063225
0.4087,30.7458,0.056227
0.4087,30.8696,0.057113
0.4087,30.9933,0.059091
0.4087,31.1171,0.058718
0.4087,31.2408,0.05641
0.4087,31.3645,0.059611
0.4087,31.4883,0.052249
0.4087,31.612,0.05811
0.4087,31.7358,0.035263
0.4087,31.8595,0.050761
0.4087,31.9833,0.045218
0.4087,32.107,0.033863
0.4087,32.2308,0.058199
0.4087,32.3545,0.054835
0.4087,32.4783,0.051195
0.4087,32.602,0.042036
0.4087,32.7258,0.051163
0.4087,32.8495,0.079804
0.4087,32.9732,0.074495
0.4087,33.097,0.079277
0.4087,33.2207,0.075486
0.4087,33.3445,0.115204
0.4087,33.4682,0.182372
0.4087,33.592,0.240084
0.4087,33.7157,0.306723
0.4087,33.8395,0.393384
0.4087,33.9632,0.479192
0.4087,34.087,0.577905
0.4087,34.2107,0.674397
0.4087,34.3344,0.710352
0.4087,34.4582,0.753725
0.4087,34.5819,0.781787
0.4087,34.7057,0.737818
0.4087,34.8294,0.698432
0.4087,34.9532,0.616522
0.4087,35.0769,0.526407
0.4087,35.2007,0.466679
0.4087,35.3244,0.387349
0.4087,35.4482,0.27356
0.4087,35.5719,0.23729
0.4087,35.6957,0.172873
0.4087,35.8194,0.132306
0.4087,35.9431,0.11916
0.4087,36.0669,0.099997
0.4087,36.1906,0.117125
0.4087,36.3144,0.081511
0.4087,36.4381,0.046255
0.4087,36.5619,0.070802
0.4087,36.6856,0.070184
0.4087,36.8094,0.059529
0.4087,36.9331,0.066041
0.4087,37.0569,0.037492
0.4087,37.1806,0.039385
0.4087,37.3043,0.050791
0.4087,37.4281,0.078255
0.4087,37.5518,0.028098
0.4087,37.6756,0.038785
0.4087,37.7993,0.041738
0.4087,37.9231,0.036787
0.4087,38.0468,0.064559
0.4087,38.1706,0.03635
0.4087,38.2943,0.037638
0.4087,38.4181,0.038941
0.4087,38.5418,0.060346
0.4087,38.6656,0.054018
0.4087,38.7893,0.049288
0.4087,38.913,0.028091
0.4087,39.0368,0.077309
0.4087,39.1605,0.060988
0.4087,39.2843,0.050257
0.4087,39.408,0.051271
0.4087,39.5318,0.085006
0.4087,39.6555,0.048213
0.4087,39.7793,0.053877
0.4087,39.903,0.072076
0.4087,40.0268,0.057585
0.4087,40.1505,0.057818
0.4087,40.2742,0.061553
0.4087,40.398,0.074904
0.4087,40.5217,0.076123
0.4087,40.6455,0.074862
0.4087,40.7692,0.076382
0.4087,40.893,0.083296
0.4087,41.0167,0.050002
0.4087,41.1405,0.101908
0.4087,41.2642,0.070345
0.4087,41.388,0.097891
0.4087,41.5117,0.06588
0.4087,41.6355,0.101864
0.4087,41.7592,0.080464
0.4087,41.8829,0.062654
0.4087,42.0067,0.093907
0.4087,42.1304,0.062328
0.4087,42.2542,0.06497
0.4087,42.3779,0.075657
0.4087,42.5017,0.083691
0.4087,42.6254,0.05759
0.4087,42.7492,0.073472
0.4087,42.8729,0.059607
0.4087,42.9967,0.047931
0.4087,43.1204,0.064262
0.4087,43.2441,0.053838
0.4087,43.3679,0.05824
0.4087,43.4916,0.036451
0.4087,43.6154,0.033518
0.4087,43.7391,0.02914
0.4087,43.8629,0.042867
0.4087,43.9866,0.055518
0.4087,44.1104,0.040989
0.4087,44.2341,0.031327
0.4087,44.3579,0.045072
0.4087,44.4816,0.035334
0.4087,44.6054,0.044229
0.4087,44.7291,0.05395
0.4087,44.8528,0.039801
0.4087,44.9766,0.033092
0.4087,45.1003,0.046245
0.4087,45.2241,0.056956
0.4087,45.3478,0.047784
0.4087,45.4716,0.060908
0.4087,45.5953,0.068311
0.4087,45.7191,0.115211
0.4087,45.8428,0.095823
0.4087,45.9666,0.148195
0.4087,46.0903,0.177168
0.4087,46.214,0.229425
0.4087,46.3378,0.276226
0.4087,46.4615,0.338325
0.4087,46.5853,0.375745
0.4087,46.709,0.422233
0.4087,46.8328,0.388827
0.4087,46.9565,0.387221
0.4087,47.0803,0.392557
0.4087,47.204,0.331999
0.4087,47.3278,0.277192
0.4087,47.4515,0.205758
0.4087,47.5753,0.169375
0.4087,47.699,0.148629
0.4087,47.8227,0.136664
0.4087,47.9465,0.111958
0.4087,48.0702,0.065172
0.4087,48.194,0.082454
0.4087,48.3177,0.065064
0.4087,48.4415,0.081986
0.4087,48.5652,0.062776
0.4087,48.689,0.078234
0.4087,48.8127,0.056981
0.4087,48.9365,0.054309
0.4087,49.0602,0.055007
0.4087,49.1839,0.082974
0.4087,49.3077,0.051157
0.4087,49.4314,0.050805
0.4087,49.5552,0.041496
0.4087,49.6789,0.05
0.4087,49.8027,0.04066
0.4087,49.9264,0.048341
0.4087,50.0502,0.045278
0.4087,50.1739,0.033245
0.4087,50.2977,0.044315
0.4087,50.4214,0.064325
0.4087,50.5452,0.047687
0.4087,50.6689,0.038742
0.4087,50.7926,0.040692
0.4087,50.9164,0.041803
0.4087,51.0401,0.037632
0.4087,51.1639,0.071043
0.4087,51.2876,0.038105
0.4087,51.4114,0.054642
0.4087,51.5351,0.036021
0.4087,51.6589,0.054556
0.4087,51.7826,0.049965
0.4087,51.9064,0.059169
0.4087,52.0301,0.079578
0.4087,52.1538,0.044139
0.4087,52.2776,0.055042
0.4087,52.4013,0.070362
0.4087,52.5251,0.075162
0.4087,52.6488,0.077053
0.4087,52.7726,0.063025
0.4087,52.8963,0.076538
0.4087,53.0201,0.060867
0.4087,53.1438,0.085566
0.4087,53.2676,0.084852
0.4087,53.3913,0.100891
0.4087,53.5151,0.07598
0.4087,53.6388,0.086851
0.4087,53.7625,0.122192
0.4087,53.8863,0.076303
0.4087,54.01,0.081654
0.4087,54.1338,0.07866
0.4087,54.2575,0.089492
0.4087,54.3813,0.069323
0.4087,54.505,0.077022
0.4087,54.6288,0.068441
0.4087,54.7525,0.045546
0.4087,54.8763,0.078701
0.4087,55.0,0.051162
0.4174,18.0,0.067417
0.4174,18.1237,0.086634
0.4174,18.2475,0.090225
0.4174,18.3712,0.072099
0.4174,18.495,0.077275
0.4174,18.6187,0.053122
0.4174,18.7425,0.043604
0.4174,18.8662,0.080093
0.4174,18.99,0.048567
0.4174,19.1137,0.024435
0.4174,19.2375,0.058921
0.4174,19.3612,0.037148
0.4174,19.4849,0.036348
0.4174,19.6087,0.068963
0.4174,19.7324,0.035381
0.4174,19.8562,0.049053
0.4174,19.9799,0.055548
0.4174,20.1037,0.051607
0.4174,20.2274,0.026739
0.4174,20.3512,0.022694
0.4174,20.4749,0.078866
0.4174,20.5987,0.040071
0.4174,20.7224,0.047797
0.4174,20.8462,0.046866
0.4174,20.9699,0.059537
0.4174,21.0936,0.045313
0.4174,21.2174,0.04249
0.4174,21.3411,0.072383
0.4174,21.4649,0.061671
0.4174,21.5886,0.055241
0.4174,21.7124,0.050688
0.4174,21.8361,0.067077
0.4174,21.9599,0.074766
0.4174,22.0836,0.07421
0.4174,22.2074,0.074261
0.4174,22.3311,0.09202
0.4174,22.4548,0.060446
0.4174,22.5786,0.056786
0.4174,22.7023,0.085998
0.4174,22.8261,0.079345
0.4174,22.9498,0.077646
0.4174,23.0736,0.061561
0.4174,23.1973,0.092663
0.4174,23.3211,0.085456
0.4174,23.4448,0.066602
0.4174,23.5686,0.093721
0.4174,23.6923,0.095209
0.4174,23.8161,0.069551
0.4174,23.9398,0.046128
0.4174,24.0635,0.047272
0.4174,24.1873,0.0874
0.4174,24.311,0.064723
0.4174,24.4348,0.087382
0.4174,24.5585,0.116019
0.4174,24.6823,0.160112
0.4174,24.806,0.224759
0.4174,24.9298,0.360721
0.4174,25.0535,0.529196
0.4174,25.1773,0.721951
0.4174,25.301,0.936967
0.4174,25.4247,1.062364
0.4174,25.5485,1.077753
0.4174,25.6722,1.007084
0.4174,25.796,0.868445
0.4174,25.9197,0.649466
0.4174,26.0435,0.424113
0.4174,26.1672,0.30153
0.4174,26.291,0.20865
0.4174,26.4147,0.098425
0.4174,26.5385,0.074106
0.4174,26.6622,0.064316
0.4174,26.786,0.047905
0.4174,26.9097,0.055985
0.4174,27.0334,0.065176
0.4174,27.1572,0.048547
0.4174,27.2809,0.047011
0.4174,27.4047,0.045593
0.4174,27.5284,0.058414
0.4174,27.6522,0.065609
0.4174,27.7759,0.074017
0.4174,27.8997,0.056262
0.4174,28.0234,0.065518
0.4174,28.1472,0.081053
0.4174,28.2709,0.078145
0.4174,28.3946,0.100197
0.4174,28.5184,0.09245
0.4174,28.6421,0.037045
0.4174,28.7659,0.082714
0.4174,28.8896,0.069188
0.4174,29.0134,0.092867
0.4174,29.1371,0.077833
0.4174,29.2609,0.061416
0.4174,29.3846,0.073872
0.4174,29.5084,0.080809
0.4174,29.6321,0.096349
0.4174,29.7559,0.066914
0.4174,29.8796,0.08646
0.4174,30.0033,0.076436
0.4174,30.1271,0.075754
0.4174,30.2508,0.071512
0.4174,30.3746,0.066275
0.4174,30.4983,0.062738
0.4174,30.6221,0.051453
0.4174,30.7458,0.080211
0.4174,30.8696,0.047336
0.4174,30.9933,0.072183
0.4174,31.1171,0.052914
0.4174,31.2408,0.073969
0.4174,31.3645,0.048501
0.4174,31.4883,0.041238
0.4174,31.612,0.064365
0.4174,31.7358,0.036863
0.4174,31.8595,0.035241
0.4174,31.9833,0.037812
0.4174,32.107,0.047868
0.4174,32.2308,0.045496
0.4174,32.3545,0.044062
0.4174,32.4783,0.026834
0.4174,32.602,0.0538
0.4174,32.7258,0.047607
0.4174,32.8495,0.05613
0.4174,32.9732,0.072048
0.4174,33.097,0.091866
0.4174,33.2207,0.087849
0.4174,33.3445,0.151461
0.4174,33.4682,0.183249
0.4174,33.592,0.224128
0.4174,33.7157,0.320248
0.4174,33.8395,0.407835
0.4174,33.9632,0.50982
0.4174,34.087,0.583928
0.4174,34.2107,0.646449
0.4174,34.3344,0.728919
0.4174,34.4582,0.781999
0.4174,34.5819,0.755236
0.4174,34.7057,0.732008
0.4174,34.8294,0.67091
0.4174,34.9532,0.629381
0.4174,35.0769,0.558646
0.4174,35.2007,0.448321
0.4174,35.3244,0.36769
0.4174,35.4482,0.309522
0.4174,35.5719,0.222734
0.4174,35.6957,0.163088
0.4174,35.8194,0.152719
0.4174,35.9431,0.098738
0.4174,36.0669,0.107361
0.4174,36.1906,0.069436
0.4174,36.3144,0.067842
0.4174,36.4381,0.068366
0.4174,36.5619,0.067887
0.4174,36.6856,0.046775
0.4174,36.8094,0.05867
0.4174,36.9331,0.057096
0.4174,37.0569,0.046526
0.4174,37.1806,0.043665
0.4174,37.3043,0.073254
0.4174,37.4281,0.035619
0.4174,37.5518,0.050202
0.4174,37.6756,0.045595
0.4174,37.7993,0.058951
0.4174,37.9231,0.045292
0.4174,38.0468,0.031388
0.4174,38.1706,0.048756
0.4174,38.2943,0.020308
0.4174,38.4181,0.037148
0.4174,38.5418,0.054726
0.4174,38.6656,0.040662
0.4174,38.7893,0.040931
0.4174,38.913,0.009016
0.4174,39.0368,0.076066
0.4174,39.1605,0.045969
0.4174,39.2843,0.058425
0.4174,39.408,0.047449
0.4174,39.5318,0.077257
0.4174,39.6555,0.060062
0.4174,39.7793,0.05101
0.4174,39.903,0.061709
0.4174,40.0268,0.065001
0.4174,40.1505,0.072857
0.4174,40.2742,0.057898
0.4174,40.398,0.065611
0.4174,40.5217,0.090814
0.4174,40.6455,0.079206
0.4174,40.7692,0.085434
0.4174,40.893,0.096214
0.4174,41.0167,0.106658
0.4174,41.1405,0.078469
0.4174,41.2642,0.082545
0.4174,41.388,0.094343
0.4174,41.5117,0.063603
0.4174,41.6355,0.094214
0.4174,41.7592,0.07906
0.4174,41.8829,0.098252
0.4174,42.0067,0.081709
0.4174,42.1304,0.067815
0.4174,42.2542,0.072658
0.4174,42.3779,0.068255
0.4174,42.5017,0.049922
0.4174,42.6254,0.078998
0.4174,42.7492,0.074818
0.4174,42.8729,0.06086
0.4174,42.9967,0.049422
0.4174,43.1204,0.064544
0.4174,43.2441,0.057902
0.4174,43.3679,0.05618
0.4174,43.4916,0.071835
0.4174,43.6154,0.065091
0.4174,43.7391,0.06285
0.4174,43.8629,0.065973
0.4174,43.9866,0.045084
0.4174,44.1104,0.069613
0.4174,44.2341,0.053327
0.4174,44.3579,0.034243
0.4174,44.4816,0.062096
0.4174,44.6054,0.061216
0.4174,44.7291,0.042329
0.4174,44.8528,0.065158
0.4174,44.9766,0.02776
0.4174,45.1003,0.050431
0.4174,45.2241,0.054618
0.4174,45.3478,0.048317
0.4174,45.4716,0.068944
0.4174,45.5953,0.074109
0.4174,45.7191,0.071467
0.4174,45.8428,0.086505
0.4174,45.9666,0.141248
0.4174,46.0903,0.18481
0.4174,46.214,0.219821
0.4174,46.3378,0.295156
0.4174,46.4615,0.339525
0.4174,46.5853,0.370469
0.4174,46.709,0.418273
0.4174,46.8328,0.417561
0.4174,46.9565,0.402545
0.4174,47.0803,0.377203
0.4174,47.204,0.319745
0.4174,47.3278,0.256664
0.4174,47.4515,0.217299
0.4174,47.5753,0.176957
0.4174,47.699,0.14633
0.4174,47.8227,0.115382
0.4174,47.9465,0.09351
0.4174,48.0702,0.101134
0.4174,48.194,0.076128
0.4174,48.3177,0.075642
0.4174,48.4415,0.050868
0.4174,48.5652,0.067815
0.4174,48.689,0.066123
0.4174,48.8127,0.061129
0.4174,48.9365,0.053151
0.4174,49.0602,0.049142
0.4174,49.1839,0.046806
0.4174,49.3077,0.071001
0.4174,49.4314,0.040071
0.4174,49.5552,0.038758
0.4174,49.6789,0.056205
0.4174,49.8027,0.041139
0.4174,49.9264,0.039893
0.4174,50.0502,0.064646
0.4174,50.1739,0.040826
0.4174,50.2977,0.037475
0.4174,50.4214,0.059507
0.4174,50.5452,0.044127
0.4174,50.6689,0.050807
0.4174,50.7926,0.03321
0.4174,50.9164,0.067949
0.4174,51.0401,0.053733
0.4174,51.1639,0.023156
0.4174,51.2876,0.055788
0.4174,51.4114,0.043471
0.4174,51.5351,0.044172
0.4174,51.6589,0.052286
0.4174,51.7826,0.062586
0.4174,51.9064,0.052391
0.4174,52.0301,0.069274
0.4174,52.1538,0.072104
0.4174,52.2776,0.050548
0.4174,52.4013,0.082596
0.4174,52.5251,0.088044
0.4174,52.6488,0.079064
0.4174,52.7726,0.072296
0.4174,52.8963,0.079322
0.4174,53.0201,0.092568
0.4174,53.1438,0.072344
0.4174,53.2676,0.06443
0.4174,53.3913,0.088043
0.4174,53.5151,0.056586
0.4174,53.6388,0.105338
0.4174,53.7625,0.096139
0.4174,53.8863,0.05733
0.4174,54.01,0.076181
0.4174,54.1338,0.079442
0.4174,54.2575,0.073094
0.4174,54.3813,0.081362
0.4174,54.505,0.082021
0.4174,54.6288,0.048679
0.4174,54.7525,0.068741
0.4174,54.8763,0.074083
0.4174,55.0,0.103469
0.4261,18.0,0.073058
0.4261,18.1237,0.053839
0.4261,18.2475,0.088707
0.4261,18.3712,0.084481
0.4261,18.495,0.030754
0.4261,18.6187,0.050105
0.4261,18.7425,0.059588
0.4261,18.8662,0.058862
0.4261,18.99,0.045039
0.4261,19.1137,0.069394
0.4261,19.2375,0.04954
0.4261,19.3612,0.051376
0.4261,19.4849,0.033338
0.4261,19.6087,0.046042
0.4261,19.7324,0.050717
0.4261,19.8562,0.051416
0.4261,19.9799,0.075397
0.4261,20.1037,0.053165
0.4261,20.2274,0.060054
0.4261,20.3512,0.040368
0.4261,20.4749,0.043171
0.4261,20.5987,0.055157
0.4261,20.7224,0.041643
0.4261,20.8462,0.040587
0.4261,20.9699,0.067088
0.4261,21.0936,0.05476
0.4261,21.2174,0.039501
0.4261,21.3411,0.048078
0.4261,21.4649,0.048559
0.4261,21.5886,0.053101
0.4261,21.7124,0.073608
0.4261,21.8361,0.069601
0.4261,21.9599,0.058789
0.4261,22.0836,0.064037
0.4261,22.2074,0.08836
0.4261,22.3311,0.055412
0.4261,22.4548,0.079195
0.4261,22.5786,0.075863
0.4261,22.7023,0.067324
0.4261,22.8261,0.078183
0.4261,22.9498,0.080711
0.4261,23.0736,0.061997
0.4261,23.1973,0.093072
0.4261,23.3211,0.077851
0.4261,23.4448,0.084696
0.4261,23.5686,0.075048
0.4261,23.6923,0.064729
0.4261,23.8161,0.067542
0.4261,23.9398,0.045603
0.4261,24.0635,0.080923
0.4261,24.1873,0.052036
0.4261,24.311,0.059679
0.4261,24.4348,0.064807
0.4261,24.5585,0.083364
0.4261,24.6823,0.158917
0.4261,24.806,0.212237
0.4261,24.9298,0.338304
0.4261,25.0535,0.508369
0.4261,25.1773,0.710487
0.4261,25.301,0.900361
0.4261,25.4247,1.039872
0.4261,25.5485,1.081899
0.4261,25.6722,1.047053
0.4261,25.796,0.894614
0.4261,25.9197,0.715477
0.4261,26.0435,0.501559
0.4261,26.1672,0.316009
0.4261,26.291,0.187214
0.4261,26.4147,0.138176
0.4261,26.5385,0.078966
0.4261,26.6622,0.06569
0.4261,26.786,0.057206
0.4261,26.9097,0.045501
0.4261,27.0334,0.0627
0.4261,27.1572,0.048689
0.4261,27.2809,0.057958
0.4261,27.4047,0.052786
0.4261,27.5284,0.051111
0.4261,27.6522,0.062897
0.4261,27.7759,0.064259
0.4261,27.8997,0.090744
0.4261,28.0234,0.082612
0.4261,28.1472,0.065903
0.4261,28.2709,0.080253
0.4261,28.3946,0.060413
0.4261,28.5184,0.080139
0.4261,28.6421,0.076048
0.4261,28.7659,0.096169
0.4261,28.8896,0.079255
0.4261,29.0134,0.084656
0.4261,29.1371,0.074616
0.4261,29.2609,0.06712
0.4261,29.3846,0.101331
0.4261,29.5084,0.078784
0.4261,29.6321,0.086182
0.4261,29.7559,0.098243
0.4261,29.8796,0.05227
0.4261,30.0033,0.059984
0.4261,30.1271,0.065618
0.4261,30.2508,0.073514
0.4261,30.3746,0.094819
0.4261,30.4983,0.070446
0.4261,30.6221,0.047948
0.4261,30.7458,0.059379
0.4261,30.8696,0.059571
0.4261,30.9933,0.075962
0.4261,31.1171,0.062326
0.4261,31.2408,0.050718
0.4261,31.3645,0.051882
0.4261,31.4883,0.050932
0.4261,31.612,0.043292
0.4261,31.7358,0.044753
0.4261,31.8595,0.049126
0.4261,31.9833,0.03307
0.4261,32.107,0.04652
0.4261,32.2308,0.040398
0.4261,32.3545,0.055196
0.4261,32.4783,0.030115
0.4261,32.602,0.060272
0.4261,32.7258,0.076484
0.4261,32.8495,0.069904
0.4261,32.9732,0.068559
0.4261,33.097,0.079015
0.4261,33.2207,0.09172
0.4261,33.3445,0.148337
0.4261,33.4682,0.182851
0.4261,33.592,0.266072
0.4261,33.7157,0.342656
0.4261,33.8395,0.405215
0.4261,33.9632,0.498487
0.4261,34.087,0.616258
0.4261,34.2107,0.672644
0.4261,34.3344,0.729438
0.4261,34.4582,0.785335
0.4261,34.5819,0.793001
0.4261,34.7057,0.751436
0.4261,34.8294,0.69786
0.4261,34.9532,0.643803
0.4261,35.0769,0.494784
0.4261,35.2007,0.407149
0.4261,35.3244,0.34657
0.4261,35.4482,0.271596
0.4261,35.5719,0.221694
0.4261,35.6957,0.162438
0.4261,35.8194,0.125952
0.4261,35.9431,0.11402
0.4261,36.0669,0.087469
0.4261,36.1906,0.094021
0.4261,36.3144,0.085017
0.4261,36.4381,0.061337
0.4261,36.5619,0.066981
0.4261,36.6856,0.037373
0.4261,36.8094,0.089129
0.4261,36.9331,0.055886
0.4261,37.0569,0.053062
0.4261,37.1806,0.062265
0.4261,37.3043,0.054758
0.4261,37.4281,0.029111
0.4261,37.5518,0.04306
0.4261,37.6756,0.030178
0.4261,37.7993,0.032964
0.4261,37.9231,0.059361
0.4261,38.0468,0.040235
0.4261,38.1706,0.053338
0.4261,38.2943,0.019834
0.4261,38.4181,0.040928
0.4261,38.5418,0.070147
0.4261,38.6656,0.024896
0.4261,38.7893,0.047486
0.4261,38.913,0.025588
0.4261,39.0368,0.045641
0.4261,39.1605,0.056529
0.4261,39.2843,0.071382
0.4261,39.408,0.043908
0.4261,39.5318,0.054173
0.4261,39.6555,0.086586
0.4261,39.7793,0.059402
0.4261,39.903,0.049875
0.4261,40.0268,0.05956
0.4261,40.1505,0.067456
0.4261,40.2742,0.076978
0.4261,40.398,0.068335
0.4261,40.5217,0.089883
0.4261,40.6455,0.073001
0.4261,40.7692,0.098316
0.4261,40.893,0.079427
0.4261,41.0167,0.077526
0.4261,41.1405,0.097941
0.4261,41.2642,0.066223
0.4261,41.388,0.078919
0.4261,41.5117,0.097648
0.4261,41.6355,0.071103
0.4261,41.7592,0.07618
0.4261,41.8829,0.078843
0.4261,42.0067,0.08868
0.4261,42.1304,0.056553
0.4261,42.2542,0.052097
0.4261,42.3779,0.087076
0.4261,42.5017,0.078615
0.4261,42.6254,0.064711
0.4261,42.7492,0.052226
0.4261,42.8729,0.067433
0.4261,42.9967,0.05984
0.4261,43.1204,0.070463
0.4261,43.2441,0.040317
0.4261,43.3679,0.057864
0.4261,43.4916,0.041673
0.4261,43.6154,0.062068
0.4261,43.7391,0.050731
0.4261,43.8629,0.058282
0.4261,43.9866,0.0422
0.4261,44.1104,0.05458
0.4261,44.2341,0.039983
0.4261,44.3579,0.036257
0.4261,44.4816,0.070226
0.4261,44.6054,0.075556
0.4261,44.7291,0.047573
0.4261,44.8528,0.066996
0.4261,44.9766,0.070617
0.4261,45.1003,0.073034
0.4261,45.2241,0.027296
0.4261,45.3478,0.037604
0.4261,45.4716,0.079684
0.4261,45.5953,0.069277
0.4261,45.7191,0.067019
0.4261,45.8428,0.110867
0.4261,45.9666,0.164793
0.4261,46.0903,0.194364
0.4261,46.214,0.212974
0.4261,46.3378,0.326865
0.4261,46.4615,0.319798
0.4261,46.5853,0.383061
0.4261,46.709,0.465393
0.4261,46.8328,0.425516
0.4261,46.9565,0.405514
0.4261,47.0803,0.36048
0.4261,47.204,0.318628
0.4261,47.3278,0.263634
0.4261,47.4515,0.186402
0.4261,47.5753,0.147034
0.4261,47.699,0.15952
0.4261,47.8227,0.113036
0.4261,47.9465,0.099706
0.4261,48.0702,0.099556
0.4261,48.194,0.041723
0.4261,48.3177,0.073125
0.4261,48.4415,0.05539
0.4261,48.5652,0.055572
0.4261,48.689,0.071089
0.4261,48.8127,0.070113
0.4261,48.9365,0.089144
0.4261,49.0602,0.047281
0.4261,49.1839,0.078307
0.4261,49.3077,0.025264
0.4261,49.4314,0.052601
0.4261,49.5552,0.040454
0.4261,49.6789,0.073997
0.4261,49.8027,0.046417
0.4261,49.9264,0.043644
0.4261,50.0502,0.037816
0.4261,50.1739,0.07954
0.4261,50.2977,0.050802
0.4261,50.4214,0.036284
0.4261,50.5452,0.057842
0.4261,50.6689,0.028119
0.4261,50.7926,0.062301
0.4261,50.9164,0.043678
0.4261,51.0401,0.06756
0.4261,51.1639,0.051381
0.4261,51.2876,0.050703
0.4261,51.4114,0.053376
0.4261,51.5351,0.031946
0.4261,51.6589,0.056799
0.4261,51.7826,0.061429
0.4261,51.9064,0.054102
0.4261,52.0301,0.086896
0.4261,52.1538,0.074926
0.4261,52.2776,0.065437
0.4261,52.4013,0.064816
0.4261,52.5251,0.071286
0.4261,52.6488,0.068666
0.4261,52.7726,0.085173
0.4261,52.8963,0.08803
0.4261,53.0201,0.074932
0.4261,53.1438,0.095755
0.4261,53.2676,0.062048
0.4261,53.3913,0.076213
0.4261,53.5151,0.044298
0.4261,53.6388,0.073862
0.4261,53.7625,0.074208
0.4261,53.8863,0.096023
0.4261,54.01,0.067003
0.4261,54.1338,0.066755
0.4261,54.2575,0.064009
0.4261,54.3813,0.055812
0.4261,54.505,0.053531
0.4261,54.6288,0.044731
0.4261,54.7525,0.057959
0.4261,54.8763,0.052595
0.4261,55.0,0.043418
0.4348,18.0,0.069803
0.4348,18.1237,0.057634
0.4348,18.2475,0.062998
0.4348,18.3712,0.086964
0.4348,18.495,0.053319
0.4348,18.6187,0.044761
0.4348,18.7425,0.052914
0.4348,18.8662,0.06282
0.4348,18.99,0.056189
0.4348,19.1137,0.077829
0.4348,19.2375,0.038362
0.4348,19.3612,0.04682
0.4348,19.4849,0.059921
0.4348,19.6087,0.040855
0.4348,19.7324,0.04929
0.4348,19.8562,0.026831
0.4348,19.9799,0.051602
0.4348,20.1037,0.034719
0.4348,20.2274,0.039727
0.4348,20.3512,0.05186
0.4348,20.4749,0.02823
0.4348,20.5987,0.041455
0.4348,20.7224,0.054735
0.4348,20.8462,0.040584
0.4348,20.9699,0.055121
0.4348,21.0936,0.0364
0.4348,21.2174,0.054068
0.4348,21.3411,0.094541
0.4348,21.4649,0.056006
0.4348,21.5886,0.041833
0.4348,21.7124,0.085273
0.4348,21.8361,0.060477
0.4348,21.9599,0.081375
0.4348,22.0836,0.077859
0.4348,22.2074,0.061234
0.4348,22.3311,0.07312
0.4348,22.4548,0.088076
0.4348,22.5786,0.081683
0.4348,22.7023,0.066425
0.4348,22.8261,0.089625
0.4348,22.9498,0.084513
0.4348,23.0736,0.085725
0.4348,23.1973,0.062295
0.4348,23.3211,0.07186
0.4348,23.4448,0.067594
0.4348,23.5686,0.060543
0.4348,23.6923,0.082187
0.4348,23.8161,0.076973
0.4348,23.9398,0.083742
0.4348,24.0635,0.083256
0.4348,24.1873,0.078127
0.4348,24.311,0.075259
0.4348,24.4348,0.081592
0.4348,24.5585,0.094204
0.4348,24.6823,0.13795
0.4348,24.806,0.19629
0.4348,24.9298,0.306136
0.4348,25.0535,0.448874
0.4348,25.1773,0.659899
0.4348,25.301,0.856221
0.4348,25.4247,1.012437
0.4348,25.5485,1.08999
0.4348,25.6722,1.049394
0.4348,25.796,0.942102
0.4348,25.9197,0.756885
0.4348,26.0435,0.558059
0.4348,26.1672,0.379186
0.4348,26.291,0.239895
0.4348,26.4147,0.128408
0.4348,26.5385,0.082113
0.4348,26.6622,0.044633
0.4348,26.786,0.032524
0.4348,26.9097,0.046117
0.4348,27.0334,0.046191
0.4348,27.1572,0.060884
0.4348,27.2809,0.052161
0.4348,27.4047,0.051624
0.4348,27.5284,0.067822
0.4348,27.6522,0.071814
0.4348,27.7759,0.061321
0.4348,27.8997,0.077916
0.4348,28.0234,0.069112
0.4348,28.1472,0.086434
0.4348,28.2709,0.088989
0.4348,28.3946,0.066527
0.4348,28.5184,0.069552
0.4348,28.6421,0.086342
0.4348,28.7659,0.095033
0.4348,28.8896,0.065264
0.4348,29.0134,0.068645
0.4348,29.1371,0.072892
0.4348,29.2609,0.091665
0.4348,29.3846,0.061771
0.4348,29.5084,0.09792
0.4348,29.6321,0.053185
0.4348,29.7559,0.089689
0.4348,29.8796,0.075311
0.4348,30.0033,0.0907
0.4348,30.1271,0.05936
0.4348,30.2508,0.074227
0.4348,30.3746,0.061911
0.4348,30.4983,0.049632
0.4348,30.6221,0.077627
0.4348,30.7458,0.079488
0.4348,30.8696,0.063139
0.4348,30.9933,0.03949
0.4348,31.1171,0.070914
0.4348,31.2408,0.069009
0.4348,31.3645,0.039678
0.4348,31.4883,0.043439
0.4348,31.612,0.053772
0.4348,31.7358,0.031355
0.4348,31.8595,0.046294
0.4348,31.9833,0.049209
0.4348,32.107,0.044289
0.4348,32.2308,0.041746
0.4348,32.3545,0.035649
0.4348,32.4783,0.047022
0.4348,32.602,0.067934
0.4348,32.7258,0.047264
0.4348,32.8495,0.073007
0.4348,32.9732,0.064128
0.4348,33.097,0.076605
0.4348,33.2207,0.100641
0.4348,33.3445,0.145514
0.4348,33.4682,0.188269
0.4348,33.592,0.255787
0.4348,33.7157,0.345302
0.4348,33.8395,0.415137
0.4348,33.9632,0.508818
0.4348,34.087,0.620119
0.4348,34.2107,0.698471
0.4348,34.3344,0.737296
0.4348,34.4582,0.750044
0.4348,34.5819,0.773632
0.4348,34.7057,0.730289
0.4348,34.8294,0.707825
0.4348,34.9532,0.614537
0.4348,35.0769,0.491626
0.4348,35.2007,0.429214
0.4348,35.3244,0.336225
0.4348,35.4482,0.272425
0.4348,35.5719,0.222312
0.4348,35.6957,0.165803
0.4348,35.8194,0.125401
0.4348,35.9431,0.10957
0.4348,36.0669,0.110289
0.4348,36.1906,0.074319
0.4348,36.3144,0.069359
0.4348,36.4381,0.077247
0.4348,36.5619,0.047654
0.4348,36.6856,0.056677
0.4348,36.8094,0.0498
0.4348,36.9331,0.037151
0.4348,37.0569,0.06485
0.4348,37.1806,0.04823
0.4348,37.3043,0.036959
0.4348,37.4281,0.057703
0.4348,37.5518,0.031692
0.4348,37.6756,0.064097
0.4348,37.7993,0.049073
0.4348,37.9231,0.02404
0.4348,38.0468,0.036745
0.4348,38.1706,0.044315
0.4348,38.2943,0.049195
0.4348,38.4181,0.062812
0.4348,38.5418,0.059123
0.4348,38.6656,0.028481
0.4348,38.7893,0.045236
0.4348,38.913,0.057101
0.4348,39.0368,0.056789
0.4348,39.1605,0.059834
0.4348,39.2843,0.076389
0.4348,39.408,0.074311
0.4348,39.5318,0.044686
0.4348,39.6555,0.063893
0.4348,39.7793,0.059106
0.4348,39.903,0.059476
0.4348,40.0268,0.09264
0.4348,40.1505,0.069221
0.4348,40.2742,0.067794
0.4348,40.398,0.064134
0.4348,40.5217,0.09005
0.4348,40.6455,0.083741
0.4348,40.7692,0.084601
0.4348,40.893,0.076025
0.4348,41.0167,0.078612
0.4348,41.1405,0.074992
0.4348,41.2642,0.086172
0.4348,41.388,0.093917
0.4348,41.5117,0.052407
0.4348,41.6355,0.080715
0.4348,41.7592,0.088672
0.4348,41.8829,0.069421
0.4348,42.0067,0.069863
0.4348,42.1304,0.106916
0.4348,42.2542,0.068262
0.4348,42.3779,0.050796
0.4348,42.5017,0.058089
0.4348,42.6254,0.071171
0.4348,42.7492,0.054509
0.4348,42.8729,0.043754
0.4348,42.9967,0.043049
0.4348,43.1204,0.04443
0.4348,43.2441,0.03462
0.4348,43.3679,0.052396
0.4348,43.4916,0.059731
0.4348,43.6154,0.080259
0.4348,43.7391,0.029989
0.4348,43.8629,0.025605
0.4348,43.9866,0.0369
0.4348,44.1104,0.042628
0.4348,44.2341,0.047379
0.4348,44.3579,0.060913
0.4348,44.4816,0.070294
0.4348,44.6054,0.050384
0.4348,44.7291,0.040423
0.4348,44.8528,0.028871
0.4348,44.9766,0.054671
0.4348,45.1003,0.063619
0.4348,45.2241,0.044302
0.4348,45.3478,0.054573
0.4348,45.4716,0.076746
0.4348,45.5953,0.080372
0.4348,45.7191,0.097694
0.4348,45.8428,0.124701
0.4348,45.9666,0.140106
0.4348,46.0903,0.196423
0.4348,46.214,0.236535
0.4348,46.3378,0.315975
0.4348,46.4615,0.346285
0.4348,46.5853,0.3959
0.4348,46.709,0.422597
0.4348,46.8328,0.436294
0.4348,46.9565,0.408184
0.4348,47.0803,0.349087
0.4348,47.204,0.337896
0.4348,47.3278,0.271471
0.4348,47.4515,0.218516
0.4348,47.5753,0.160009
0.4348,47.699,0.132541
0.4348,47.8227,0.09939
0.4348,47.9465,0.090522
0.4348,48.0702,0.071945
0.4348,48.194,0.081022
0.4348,48.3177,0.083081
0.4348,48.4415,0.078148
0.4348,48.5652,0.04573
0.4348,48.689,0.049736
0.4348,48.8127,0.08669
0.4348,48.9365,0.052488
0.4348,49.0602,0.049432
0.4348,49.1839,0.051221
0.4348,49.3077,0.054103
0.4348,49.4314,0.09218
0.4348,49.5552,0.042315
0.4348,49.6789,0.043003
0.4348,49.8027,0.04434
0.4348,49.9264,0.022401
0.4348,50.0502,0.029969
0.4348,50.1739,0.017366
0.4348,50.2977,0.058376
0.4348,50.4214,0.03969
0.4348,50.5452,0.052465
0.4348,50.6689,0.054433
0.4348,50.7926,0.048536
0.4348,50.9164,0.038643
0.4348,51.0401,0.043509
0.4348,51.1639,0.054909
0.4348,51.2876,0.061506
0.4348,51.4114,0.050976
0.4348,51.5351,0.063773
0.4348,51.6589,0.049634
0.4348,51.7826,0.059956
0.4348,51.9064,0.066669
0.4348,52.0301,0.067668
0.4348,52.1538,0.064904
0.4348,52.2776,0.055395
0.4348,52.4013,0.07447
0.4348,52.5251,0.054076
0.4348,52.6488,0.081766
0.4348,52.7726,0.054505
0.4348,52.8963,0.096518
0.4348,53.0201,0.070497
0.4348,53.1438,0.053771
0.4348,53.2676,0.085589
0.4348,53.3913,0.080893
0.4348,53.5151,0.069819
0.4348,53.6388,0.082597
0.4348,53.7625,0.072368
0.4348,53.8863,0.077121
0.4348,54.01,0.07972
0.4348,54.1338,0.078686
0.4348,54.2575,0.054737
0.4348,54.3813,0.068595
0.4348,54.505,0.062247
0.4348,54.6288,0.078751
0.4348,54.7525,0.045508
0.4348,54.8763,0.075051
0.4348,55.0,0.044322
0.4435,18.0,0.063744
0.4435,18.1237,0.08809
0.4435,18.2475,0.027706
0.4435,18.3712,0.062
0.4435,18.495,0.067362
0.4435,18.6187,0.06086
0.4435,18.7425,0.067452
0.4435,18.8662,0.055316
0.4435,18.99,0.061495
0.4435,19.1137,0.036616
0.4435,19.2375,0.038129
0.4435,19.3612,0.047046
0.4435,19.4849,0.064176
0.4435,19.6087,0.03162
0.4435,19.7324,0.050119
0.4435,19.8562,0.017766
0.4435,19.9799,0.05442
0.4435,20.1037,0.048678
0.4435,20.2274,0.039034
0.4435,20.3512,0.061728
0.4435,20.4749,0.038046
0.4435,20.5987,0.063729
0.4435,20.7224,0.051127
0.4435,20.8462,0.046743
0.4435,20.9699,0.058552
0.4435,21.0936,0.04853
0.4435,21.2174,0.041624
0.4435,21.3411,0.054936
0.4435,21.4649,0.05941
0.4435,21.5886,0.051893
0.4435,21.7124,0.052125
0.4435,21.8361,0.062425
0.4435,21.9599,0.073729
0.4435,22.0836,0.055443
0.4435,22.2074,0.0898
0.4435,22.3311,0.080307
0.4435,22.4548,0.069462
0.4435,22.5786,0.08519
0.4435,22.7023,0.057689
0.4435,22.8261,0.069021
0.4435,22.9498,0.110025
0.4435,23.0736,0.097161
0.4435,23.1973,0.095343
0.4435,23.3211,0.070039
0.4435,23.4448,0.083748
0.4435,23.5686,0.086581
0.4435,23.6923,0.081515
0.4435,23.8161,0.060096
0.4435,23.9398,0.066308
0.4435,24.0635,0.068202
0.4435,24.1873,0.07964
0.4435,24.311,0.070091
0.4435,24.4348,0.06422
0.4435,24.5585,0.093274
0.4435,24.6823,0.100619
0.4435,24.806,0.171057
0.4435,24.9298,0.27523
0.4435,25.0535,0.425244
0.4435,25.1773,0.600401
0.4435,25.301,0.815016
0.4435,25.4247,1.011659
0.4435,25.5485,1.081816
0.4435,25.6722,1.065662
0.4435,25.796,0.947372
0.4435,25.9197,0.779332
0.4435,26.0435,0.551548
0.4435,26.1672,0.383591
0.4435,26.291,0.240441
0.4435,26.4147,0.144352
0.4435,26.5385,0.102337
0.4435,26.6622,0.068364
0.4435,26.786,0.068784
0.4435,26.9097,0.06674
0.4435,27.0334,0.063151
0.4435,27.1572,0.075678
0.4435,27.2809,0.052317
0.4435,27.4047,0.076985
0.4435,27.5284,0.070639
0.4435,27.6522,0.069628
0.4435,27.7759,0.069759
0.4435,27.8997,0.066976
0.4435,28.0234,0.08421
0.4435,28.1472,0.074023
0.4435,28.2709,0.047708
0.4435,28.3946,0.090326
0.4435,28.5184,0.065076
0.4435,28.6421,0.062986
0.4435,28.7659,0.093799
0.4435,28.8896,0.087292
0.4435,29.0134,0.083638
0.4435,29.1371,0.082703
0.4435,29.2609,0.088522
0.4435,29.3846,0.067154
0.4435,29.5084,0.091063
0.4435,29.6321,0.091745
0.4435,29.7559,0.073847
0.4435,29.8796,0.075568
0.4435,30.0033,0.07911
0.4435,30.1271,0.037529
0.4435,30.2508,0.059665
0.4435,30.3746,0.066097
0.4435,30.4983,0.079879
0.4435,30.6221,0.071368
0.4435,30.7458,0.046522
0.4435,30.8696,0.05982
0.4435,30.9933,0.053559
0.4435,31.1171,0.031686
0.4435,31.2408,0.044084
0.4435,31.3645,0.041666
0.4435,31.4883,0.032721
0.4435,31.612,0.051754
0.4435,31.7358,0.03535
0.4435,31.8595,0.025985
0.4435,31.9833,0.042212
0.4435,32.107,0.040384
0.4435,32.2308,0.057028
0.4435,32.3545,0.051218
0.4435,32.4783,0.032459
0.4435,32.602,0.062414
0.4435,32.7258,0.072687
0.4435,32.8495,0.05087
0.4435,32.9732,0.101383
0.4435,33.097,0.076016
0.4435,33.2207,0.113672
0.4435,33.3445,0.171632
0.4435,33.4682,0.223803
0.4435,33.592,0.275517
0.4435,33.7157,0.361386
0.4435,33.8395,0.456192
0.4435,33.9632,0.530117
0.4435,34.087,0.622364
0.4435,34.2107,0.689329
0.4435,34.3344,0.742697
0.4435,34.4582,0.776506
0.4435,34.5819,0.783932
0.4435,34.7057,0.725757
0.4435,34.8294,0.6734
0.4435,34.9532,0.602332
0.4435,35.0769,0.502469
0.4435,35.2007,0.402538
0.4435,35.3244,0.346879
0.4435,35.4482,0.280016
0.4435,35.5719,0.181271
0.4435,35.6957,0.157589
0.4435,35.8194,0.110333
0.4435,35.9431,0.111881
0.4435,36.0669,0.075843
0.4435,36.1906,0.075747
0.4435,36.3144,0.07883
0.4435,36.4381,0.07573
0.4435,36.5619,0.035648
0.4435,36.6856,0.052153
0.4435,36.8094,0.050704
0.4435,36.9331,0.052894
0.4435,37.0569,0.056283
0.4435,37.1806,0.052517
0.4435,37.3043,0.051689
0.4435,37.4281,0.036786
0.4435,37.5518,0.020528
0.4435,37.6756,0.061212
0.4435,37.7993,0.049583
0.4435,37.9231,0.030289
0.4435,38.0468,0.027184
0.4435,38.1706,0.070678
0.4435,38.2943,0.045935
0.4435,38.4181,0.044436
0.4435,38.5418,0.045407
0.4435,38.6656,0.062948
0.4435,38.7893,0.050334
0.4435,38.913,0.045493
0.4435,39.0368,0.048367
0.4435,39.1605,0.033926
0.4435,39.2843,0.059069
0.4435,39.408,0.086726
0.4435,39.5318,0.075179
0.4435,39.6555,0.064545
0.4435,39.7793,0.082944
0.4435,39.903,0.076454
0.4435,40.0268,0.054635
0.4435,40.1505,0.086658
0.4435,40.2742,0.073101
0.4435,40.398,0.059662
0.4435,40.5217,0.064071
0.4435,40.6455,0.091234
0.4435,40.7692,0.077015
0.4435,40.893,0.083377
0.4435,41.0167,0.058353
0.4435,41.1405,0.047678
0.4435,41.2642,0.040351
0.4435,41.388,0.053271
0.4435,41.5117,0.081322
0.4435,41.6355,0.089281
0.4435,41.7592,0.063945
0.4435,41.8829,0.065755
0.4435,42.0067,0.076176
0.4435,42.1304,0.065529
0.4435,42.2542,0.064404
0.4435,42.3779,0.055614
0.4435,42.5017,0.050296
0.4435,42.6254,0.065942
0.4435,42.7492,0.053321
0.4435,42.8729,0.037508
0.4435,42.9967,0.049336
0.4435,43.1204,0.076225
0.4435,43.2441,0.047916
0.4435,43.3679,0.044848
0.4435,43.4916,0.032405
0.4435,43.6154,0.052566
0.4435,43.7391,0.068445
0.4435,43.8629,0.032367
0.4435,43.9866,0.073626
0.4435,44.1104,0.045823
0.4435,44.2341,0.055885
0.4435,44.3579,0.051224
0.4435,44.4816,0.012787
0.4435,44.6054,0.046416
0.4435,44.7291,0.057813
0.4435,44.8528,0.049427
0.4435,44.9766,0.037114
0.4435,45.1003,0.071838
0.4435,45.2241,0.057177
0.4435,45.3478,0.054355
0.4435,45.4716,0.066457
0.4435,45.5953,0.061787
0.4435,45.7191,0.099152
0.4435,45.8428,0.135129
0.4435,45.9666,0.15296
0.4435,46.0903,0.188797
0.4435,46.214,0.248053
0.4435,46.3378,0.282428
0.4435,46.4615,0.358428
0.4435,46.5853,0.402966
0.4435,46.709,0.43496
0.4435,46.8328,0.418018
0.4435,46.9565,0.399971
0.4435,47.0803,0.369554
0.4435,47.204,0.327578
0.4435,47.3278,0.272836
0.4435,47.4515,0.20238
0.4435,47.5753,0.173317
0.4435,47.699,0.142568
0.4435,47.8227,0.115725
0.4435,47.9465,0.094904
0.4435,48.0702,0.092015
0.4435,48.194,0.064797
0.4435,48.3177,0.085185
0.4435,48.4415,0.070932
0.4435,48.5652,0.05476
0.4435,48.689,0.059592
0.4435,48.8127,0.072978
0.4435,48.9365,0.074103
0.4435,49.0602,0.060069
0.4435,49.1839,0.043018
0.4435,49.3077,0.056345
0.4435,49.4314,0.071084
0.4435,49.5552,0.042102
0.4435,49.6789,0.068378
0.4435,49.8027,0.052194
0.4435,49.9264,0.040119
0.4435,50.0502,0.062558
0.4435,50.1739,0.051111
0.4435,50.2977,0.039842
0.4435,50.4214,0.027837
0.4435,50.5452,0.069314
0.4435,50.6689,0.054683
0.4435,50.7926,0.06231
0.4435,50.9164,0.051021
0.4435,51.0401,0.078365
0.4435,51.1639,0.047586
0.4435,51.2876,0.06516
0.4435,51.4114,0.038487
0.4435,51.5351,0.05478
0.4435,51.6589,0.060259
0.4435,51.7826,0.078022
0.4435,51.9064,0.077281
0.4435,52.0301,0.09572
0.4435,52.1538,0.080598
0.4435,52.2776,0.073865
0.4435,52.4013,0.076817
0.4435,52.5251,0.087507
0.4435,52.6488,0.068951
0.4435,52.7726,0.090562
0.4435,52.8963,0.095323
0.4435,53.0201,0.069185
0.4435,53.1438,0.07905
0.4435,53.2676,0.077291
0.4435,53.3913,0.083722
0.4435,53.5151,0.076898
0.4435,53.6388,0.086769
0.4435,53.7625,0.091091
0.4435,53.8863,0.088368
0.4435,54.01,0.062582
0.4435,54.1338,0.076623
0.4435,54.2575,0.075694
0.4435,54.3813,0.087343
0.4435,54.505,0.077842
0.4435,54.6288,0.09729
0.4435,54.7525,0.077288
0.4435,54.8763,0.029061
0.4435,55.0,0.062084
0.4522,18.0,0.065321
0.4522,18.1237,0.060424
0.4522,18.2475,0.063923
0.4522,18.3712,0.082203
0.4522,18.495,0.049883
0.4522,18.6187,0.072485
0.4522,18.7425,0.034445
0.4522,18.8662,0.064426
0.4522,18.99,0.058308
0.4522,19.1137,0.029353
0.4522,19.2375,0.05711
0.4522,19.3612,0.028078
0.4522,19.4849,0.0578
0.4522,19.6087,0.04911
0.4522,19.7324,0.027696
0.4522,19.8562,0.033466
0.4522,19.9799,0.033525
0.4522,20.1037,0.0644
0.4522,20.2274,0.053388
0.4522,20.3512,0.060226
0.4522,20.4749,0.052884
0.4522,20.5987,0.043986
0.4522,20.7224,0.04388
0.4522,20.8462,0.064599
0.4522,20.9699,0.05352
0.4522,21.0936,0.052261
0.4522,21.2174,0.04996
0.4522,21.3411,0.050366
0.4522,21.4649,0.05079
0.4522,21.5886,0.060284
0.4522,21.7124,0.075389
0.4522,21.8361,0.058429
0.4522,21.9599,0.06459
0.4522,22.0836,0.069366
0.4522,22.2074,0.068935
0.4522,22.3311,0.075522
0.4522,22.4548,0.082196
0.4522,22.5786,0.057327
0.4522,22.7023,0.070836
0.4522,22.8261,0.060634
0.4522,22.9498,0.090912
0.4522,23.0736,0.080789
0.4522,23.1973,0.082797
0.4522,23.3211,0.081381
0.4522,23.4448,0.096902
0.4522,23.5686,0.100763
0.4522,23.6923,0.073893
0.4522,23.8161,0.083144
0.4522,23.9398,0.067227
0.4522,24.0635,0.094901
0.4522,24.1873,0.059634
0.4522,24.311,0.072304
0.4522,24.4348,0.037485
0.4522,24.5585,0.072116
0.4522,24.6823,0.110572
0.4522,24.806,0.171805
0.4522,24.9298,0.24861
0.4522,25.0535,0.392838
0.4522,25.1773,0.577719
0.4522,25.301,0.784897
0.4522,25.4247,0.929183
0.4522,25.5485,1.071453
0.4522,25.6722,1.101061
0.4522,25.796,1.004866
0.4522,25.9197,0.80846
0.4522,26.0435,0.607281
0.4522,26.1672,0.420081
0.4522,26.291,0.251737
0.4522,26.4147,0.163555
0.4522,26.5385,0.110032
0.4522,26.6622,0.074754
0.4522,26.786,0.057928
0.4522,26.9097,0.072622
0.4522,27.0334,0.066893
0.4522,27.1572,0.062848
0.4522,27.2809,0.054245
0.4522,27.4047,0.080627
0.4522,27.5284,0.06134
0.4522,27.6522,0.056231
0.4522,27.7759,0.066925
0.4522,27.8997,0.065733
0.4522,28.0234,0.07613
0.4522,28.1472,0.081773
0.4522,28.2709,0.081573
0.4522,28.3946,0.069357
0.4522,28.5184,0.070686
0.4522,28.6421,0.102827
0.4522,28.7659,0.070578
0.4522,28.8896,0.075036
0.4522,29.0134,0.090035
0.4522,29.1371,0.105594
0.4522,29.2609,0.083943
0.4522,29.3846,0.088403
0.4522,29.5084,0.059518
0.4522,29.6321,0.062075
0.4522,29.7559,0.061307
0.4522,29.8796,0.068897
0.4522,30.0033,0.081413
0.4522,30.1271,0.047529
0.4522,30.2508,0.049319
0.4522,30.3746,0.060143
0.4522,30.4983,0.071652
0.4522,30.6221,0.059411
0.4522,30.7458,0.056348
0.4522,30.8696,0.07247
0.4522,30.9933,0.05661
0.4522,31.1171,0.063458
0.4522,31.2408,0.047317
0.4522,31.3645,0.047354
0.4522,31.4883,0.043495
0.4522,31.612,0.048739
0.4522,31.7358,0.020417
0.4522,31.8595,0.034846
0.4522,31.9833,0.025337
0.4522,32.107,0.040574
0.4522,32.2308,0.052474
0.4522,32.3545,0.053389
0.4522,32.4783,0.055718
0.4522,32.602,0.050616
0.4522,32.7258,0.050474
0.4522,32.8495,0.078595
0.4522,32.9732,0.066075
0.4522,33.097,0.079985
0.4522,33.2207,0.109054
0.4522,33.3445,0.153817
0.4522,33.4682,0.193988
0.4522,33.592,0.295728
0.4522,33.7157,0.382149
0.4522,33.8395,0.442017
0.4522,33.9632,0.55052
0.4522,34.087,0.630558
0.4522,34.2107,0.696717
0.4522,34.3344,0.741921
0.4522,34.4582,0.768351
0.4522,34.5819,0.763354
0.4522,34.7057,0.710353
0.4522,34.8294,0.68043
0.4522,34.9532,0.592692
0.4522,35.0769,0.532127
0.4522,35.2007,0.40871
0.4522,35.3244,0.33567
0.4522,35.4482,0.264146
0.4522,35.5719,0.184848
0.4522,35.6957,0.144612
0.4522,35.8194,0.108733
0.4522,35.9431,0.103871
0.4522,36.0669,0.078399
0.4522,36.1906,0.078438
0.4522,36.3144,0.093912
0.4522,36.4381,0.049824
0.4522,36.5619,0.046679
0.4522,36.6856,0.054679
0.4522,36.8094,0.062926
0.4522,36.9331,0.061276
0.4522,37.0569,0.039274
0.4522,37.1806,0.06718
0.4522,37.3043,0.032891
0.4522,37.4281,0.037628
0.4522,37.5518,0.076165
0.4522,37.6756,0.045297
0.4522,37.7993,0.034016
0.4522,37.9231,0.047958
0.4522,38.0468,0.03413
0.4522,38.1706,0.050278
0.4522,38.2943,0.034613
0.4522,38.4181,0.067925
0.4522,38.5418,0.051447
0.4522,38.6656,0.050032
0.4522,38.7893,0.083363
0.4522,38.913,0.057759
0.4522,39.0368,0.073332
0.4522,39.1605,0.062442
0.4522,39.2843,0.055557
0.4522,39.408,0.06721
0.4522,39.5318,0.071231
0.4522,39.6555,0.065323
0.4522,39.7793,0.085421
0.4522,39.903,0.064425
0.4522,40.0268,0.070222
0.4522,40.1505,0.099231
0.4522,40.2742,0.063992
0.4522,40.398,0.082413
0.4522,40.5217,0.067035
0.4522,40.6455,0.075508
0.4522,40.7692,0.09544
0.4522,40.893,0.063939
0.4522,41.0167,0.053854
0.4522,41.1405,0.092796
0.4522,41.2642,0.071595
0.4522,41.388,0.076617
0.4522,41.5117,0.084482
0.4522,41.6355,0.101328
0.4522,41.7592,0.059193
0.4522,41.8829,0.080383
0.4522,42.0067,0.088346
0.4522,42.1304,0.062961
0.4522,42.2542,0.038935
0.4522,42.3779,0.039933
0.4522,42.5017,0.053472
0.4522,42.6254,0.069844
0.4522,42.7492,0.05426
0.4522,42.8729,0.036389
0.4522,42.9967,0.089675
0.4522,43.1204,0.050453
0.4522,43.2441,0.072818
0.4522,43.3679,0.05172
0.4522,43.4916,0.020943
0.4522,43.6154,0.019192
0.4522,43.7391,0.038781
0.4522,43.8629,0.041669
0.4522,43.9866,0.02587
0.4522,44.1104,0.060843
0.4522,44.2341,0.046771
0.4522,44.3579,0.038807
0.4522,44.4816,0.045464
0.4522,44.6054,0.047246
0.4522,44.7291,0.070577
0.4522,44.8528,0.04206
0.4522,44.9766,0.059483
0.4522,45.1003,0.032973
0.4522,45.2241,0.054986
0.4522,45.3478,0.053366
0.4522,45.4716,0.07136
0.4522,45.5953,0.081871
0.4522,45.7191,0.066549
0.4522,45.8428,0.12121
0.4522,45.9666,0.153621
0.4522,46.0903,0.200529
0.4522,46.214,0.236079
0.4522,46.3378,0.29338
0.4522,46.4615,0.373761
0.4522,46.5853,0.392405
0.4522,46.709,0.415811
0.4522,46.8328,0.433579
0.4522,46.9565,0.412192
0.4522,47.0803,0.400334
0.4522,47.204,0.31087
0.4522,47.3278,0.284845
0.4522,47.4515,0.219781
0.4522,47.5753,0.159115
0.4522,47.699,0.151591
0.4522,47.8227,0.108916
0.4522,47.9465,0.103473
0.4522,48.0702,0.081117
0.4522,48.194,0.067095
0.4522,48.3177,0.074748
0.4522,48.4415,0.059757
0.4522,48.5652,0.071277
0.4522,48.689,0.054069
0.4522,48.8127,0.046277
0.4522,48.9365,0.061447
0.4522,49.0602,0.051647
0.4522,49.1839,0.049034
0.4522,49.3077,0.089937
0.4522,49.4314,0.040669
0.4522,49.5552,0.055906
0.4522,49.6789,0.0195
0.4522,49.8027,0.063648
0.4522,49.9264,0.046333
0.4522,50.0502,0.05812
0.4522,50.1739,0.001314
0.4522,50.2977,0.042645
0.4522,50.4214,0.040576
0.4522,50.5452,0.052706
0.4522,50.6689,0.054933
0.4522,50.7926,0.041532
0.4522,50.9164,0.0589
0.4522,51.0401,0.057676
0.4522,51.1639,0.042322
0.4522,51.2876,0.064812
0.4522,51.4114,0.068986
0.4522,51.5351,0.079465
0.4522,51.6589,0.051192
0.4522,51.7826,0.084912
0.4522,51.9064,0.069157
0.4522,52.0301,0.063856
0.4522,52.1538,0.108661
0.4522,52.2776,0.077798
0.4522,52.4013,0.063087
0.4522,52.5251,0.088132
0.4522,52.6488,0.074116
0.4522,52.7726,0.099131
0.4522,52.8963,0.082247
0.4522,53.0201,0.085075
0.4522,53.1438,0.097316
0.4522,53.2676,0.066545
0.4522,53.3913,0.068225
0.4522,53.5151,0.104802
0.4522,53.6388,0.082261
0.4522,53.7625,0.095288
0.4522,53.8863,0.087734
0.4522,54.01,0.07479
0.4522,54.1338,0.068716
0.4522,54.2575,0.068292
0.4522,54.3813,0.090718
0.4522,54.505,0.08092
0.4522,54.6288,0.063243
0.4522,54.7525,0.035639
0.4522,54.8763,0.050963
0.4522,55.0,0.068269
0.4609,18.0,0.058632
0.4609,18.1237,0.085064
0.4609,18.2475,0.039372
0.4609,18.3712,0.026906
0.4609,18.495,0.04244
0.4609,18.6187,0.068344
0.4609,18.7425,0.045422
0.4609,18.8662,0.047099
0.4609,18.99,0.066065
0.4609,19.1137,0.035558
0.4609,19.2375,0.039296
0.4609,19.3612,0.036503
0.4609,19.4849,0.046596
0.4609,19.6087,0.041674
0.4609,19.7324,0.026088
0.4609,19.8562,0.044725
0.4609,19.9799,0.035926
0.4609,20.1037,0.047792
0.4609,20.2274,0.046265
0.4609,20.3512,0.02697
0.4609,20.4749,0.0739
0.4609,20.5987,0.048475
0.4609,20.7224,0.061888
0.4609,20.8462,0.061342
0.4609,20.9699,0.048548
0.4609,21.0936,0.064315
0.4609,21.2174,0.052661
0.4609,21.3411,0.076502
0.4609,21.4649,0.05277
0.4609,21.5886,0.069805
0.4609,21.7124,0.064137
0.4609,21.8361,0.092567
0.4609,21.9599,0.086193
0.4609,22.0836,0.079013
0.4609,22.2074,0.06757
0.4609,22.3311,0.081854
0.4609,22.4548,0.082812
0.4609,22.5786,0.086308
0.4609,22.7023,0.054341
0.4609,22.8261,0.067027
0.4609,22.9498,0.102889
0.4609,23.0736,0.08622
0.4609,23.1973,0.08484
0.4609,23.3211,0.087948
0.4609,23.4448,0.102981
0.4609,23.5686,0.051417
0.4609,23.6923,0.067715
0.4609,23.8161,0.070869
0.4609,23.9398,0.075139
0.4609,24.0635,0.095187
0.4609,24.1873,0.077523
0.4609,24.311,0.065337
0.4609,24.4348,0.090546
0.4609,24.5585,0.079343
0.4609,24.6823,0.101491
0.4609,24.806,0.164553
0.4609,24.9298,0.211007
0.4609,25.0535,0.358752
0.4609,25.1773,0.541289
0.4609,25.301,0.740736
0.4609,25.4247,0.950226
0.4609,25.5485,1.048628
0.4609,25.6722,1.086525
0.4609,25.796,1.01541
0.4609,25.9197,0.863506
0.4609,26.0435,0.644185
0.4609,26.1672,0.454203
0.4609,26.291,0.294145
0.4609,26.4147,0.214547
0.4609,26.5385,0.134065
0.4609,26.6622,0.096258
0.4609,26.786,0.079006
0.4609,26.9097,0.047217
0.4609,27.0334,0.052935
0.4609,27.1572,0.066003
0.4609,27.2809,0.061581
0.4609,27.4047,0.030761
0.4609,27.5284,0.062469
0.4609,27.6522,0.075183
0.4609,27.7759,0.079312
0.4609,27.8997,0.082336
0.4609,28.0234,0.083231
0.4609,28.1472,0.077895
0.4609,28.2709,0.082006
0.4609,28.3946,0.06919
0.4609,28.5184,0.091229
0.4609,28.6421,0.087754
0.4609,28.7659,0.106578
0.4609,28.8896,0.075758
0.4609,29.0134,0.08237
0.4609,29.1371,0.08472
0.4609,29.2609,0.106373
0.4609,29.3846,0.084404
0.4609,29.5084,0.077592
0.4609,29.6321,0.064508
0.4609,29.7559,0.073724
0.4609,29.8796,0.074878
0.4609,30.0033,0.058704
0.4609,30.1271,0.073111
0.4609,30.2508,0.08904
0.4609,30.3746,0.076299
0.4609,30.4983,0.055686
0.4609,30.6221,0.048019
0.4609,30.7458,0.060684
0.4609,30.8696,0.044601
0.4609,30.9933,0.062528
0.4609,31.1171,0.035339
0.4609,31.2408,0.03459
0.4609,31.3645,0.032027
0.4609,31.4883,0.067254
0.4609,31.612,0.048692
0.4609,31.7358,0.040448
0.4609,31.8595,0.044052
0.4609,31.9833,0.034895
0.4609,32.107,0.053211
0.4609,32.2308,0.042236
0.4609,32.3545,0.027619
0.4609,32.4783,0.08952
0.4609,32.602,0.051365
0.4609,32.7258,0.057785
0.4609,32.8495,0.078954
0.4609,32.9732,0.083872
0.4609,33.097,0.098675
0.4609,33.2207,0.121603
0.4609,33.3445,0.154691
0.4609,33.4682,0.242739
0.4609,33.592,0.277301
0.4609,33.7157,0.36655
0.4609,33.8395,0.458783
0.4609,33.9632,0.56655
0.4609,34.087,0.614378
0.4609,34.2107,0.709985
0.4609,34.3344,0.761846
0.4609,34.4582,0.781264
0.4609,34.5819,0.756966
0.4609,34.7057,0.720205
0.4609,34.8294,0.657598
0.4609,34.9532,0.603237
0.4609,35.0769,0.486069
0.4609,35.2007,0.389598
0.4609,35.3244,0.322492
0.4609,35.4482,0.230819
0.4609,35.5719,0.18528
0.4609,35.6957,0.149791
0.4609,35.8194,0.138708
0.4609,35.9431,0.095278
0.4609,36.0669,0.064323
0.4609,36.1906,0.075022
0.4609,36.3144,0.052631
0.4609,36.4381,0.058832
0.4609,36.5619,0.049444
0.4609,36.6856,0.05946
0.4609,36.8094,0.04438
0.4609,36.9331,0.057087
0.4609,37.0569,0.062655
0.4609,37.1806,0.044337
0.4609,37.3043,0.043499
0.4609,37.4281,0.063456
0.4609,37.5518,0.059194
0.4609,37.6756,0.060897
0.4609,37.7993,0.042316
0.4609,37.9231,0.052404
0.4609,38.0468,0.04765
0.4609,38.1706,0.048888
0.4609,38.2943,0.049806
0.4609,38.4181,0.043391
0.4609,38.5418,0.038425
0.4609,38.6656,0.057763
0.4609,38.7893,0.049958
0.4609,38.913,0.070367
0.4609,39.0368,0.09359
0.4609,39.1605,0.069899
0.4609,39.2843,0.083019
0.4609,39.408,0.065252
0.4609,39.5318,0.086071
0.4609,39.6555,0.058405
0.4609,39.7793,0.084557
0.4609,39.903,0.061693
0.4609,40.0268,0.061762
0.4609,40.1505,0.07668
0.4609,40.2742,0.083026
0.4609,40.398,0.066592
0.4609,40.5217,0.079511
0.4609,40.6455,0.08419
0.4609,40.7692,0.118204
0.4609,40.893,0.076158
0.4609,41.0167,0.072843
0.4609,41.1405,0.095024
0.4609,41.2642,0.076038
0.4609,41.388,0.091035
0.4609,41.5117,0.089568
0.4609,41.6355,0.104253
0.4609,41.7592,0.078769
0.4609,41.8829,0.077276
0.4609,42.0067,0.086436
0.4609,42.1304,0.061805
0.4609,42.2542,0.07997
0.4609,42.3779,0.046515
0.4609,42.5017,0.071674
0.4609,42.6254,0.085408
0.4609,42.7492,0.044883
0.4609,42.8729,0.036737
0.4609,42.9967,0.055039
0.4609,43.1204,0.022008
0.4609,43.2441,0.050855
0.4609,43.3679,0.043711
0.4609,43.4916,0.062504
0.4609,43.6154,0.059414
0.4609,43.7391,0.047683
0.4609,43.8629,0.033917
0.4609,43.9866,0.037709
0.4609,44.1104,0.030786
0.4609,44.2341,0.057849
0.4609,44.3579,0.048478
0.4609,44.4816,0.054818
0.4609,44.6054,0.066921
0.4609,44.7291,0.044766
0.4609,44.8528,0.032848
0.4609,44.9766,0.041022
0.4609,45.1003,0.058349
0.4609,45.2241,0.063606
0.4609,45.3478,0.073017
0.4609,45.4716,0.081477
0.4609,45.5953,0.098058
0.4609,45.7191,0.09888
0.4609,45.8428,0.098258
0.4609,45.9666,0.145409
0.4609,46.0903,0.198518
0.4609,46.214,0.24667
0.4609,46.3378,0.290006
0.4609,46.4615,0.355202
0.4609,46.5853,0.417991
0.4609,46.709,0.423443
0.4609,46.8328,0.420106
0.4609,46.9565,0.409954
0.4609,47.0803,0.373045
0.4609,47.204,0.324624
0.4609,47.3278,0.270576
0.4609,47.4515,0.231855
0.4609,47.5753,0.182716
0.4609,47.699,0.148474
0.4609,47.8227,0.11479
0.4609,47.9465,0.111955
0.4609,48.0702,0.087225
0.4609,48.194,0.103776
0.4609,48.3177,0.079835
0.4609,48.4415,0.073965
0.4609,48.5652,0.072167
0.4609,48.689,0.077286
0.4609,48.8127,0.033809
0.4609,48.9365,0.049875
0.4609,49.0602,0.046791
0.4609,49.1839,0.028904
0.4609,49.3077,0.03484
0.4609,49.4314,0.051457
0.4609,49.5552,0.056923
0.4609,49.6789,0.023912
0.4609,49.8027,0.032391
0.4609,49.9264,0.036509
0.4609,50.0502,0.048678
0.4609,50.1739,0.041948
0.4609,50.2977,0.006985
0.4609,50.4214,0.057696
0.4609,50.5452,0.037442
0.4609,50.6689,0.047603
0.4609,50.7926,0.049761
0.4609,50.9164,0.069188
0.4609,51.0401,0.052574
0.4609,51.1639,0.054528
0.4609,51.2876,0.0903
0.4609,51.4114,0.066944
0.4609,51.5351,0.069726
0.4609,51.6589,0.073152
0.4609,51.7826,0.065845
0.4609,51.9064,0.061658
0.4609,52.0301,0.057333
0.4609,52.1538,0.096909
0.4609,52.2776,0.064457
0.4609,52.4013,0.084336
0.4609,52.5251,0.048275
0.4609,52.6488,0.077491
0.4609,52.7726,0.085973
0.4609,52.8963,0.069048
0.4609,53.0201,0.069928
0.4609,53.1438,0.067173
0.4609,53.2676,0.053125
0.4609,53.3913,0.097268
0.4609,53.5151,0.072342
0.4609,53.6388,0.07777
0.4609,53.7625,0.075389
0.4609,53.8863,0.07596
0.4609,54.01,0.065531
0.4609,54.1338,0.091295
0.4609,54.2575,0.074283
0.4609,54.3813,0.060224
0.4609,54.505,0.060536
0.4609,54.6288,0.06674
0.4609,54.7525,0.062035
0.4609,54.8763,0.041929
0.4609,55.0,0.038661
0.4696,18.0,0.088579
0.4696,18.1237,0.072258
0.4696,18.2475,0.049617
0.4696,18.3712,0.061761
0.4696,18.495,0.072518
0.4696,18.6187,0.052538
0.4696,18.7425,0.052768
0.4696,18.8662,0.062531
0.4696,18.99,0.070927
0.4696,19.1137,0.071054
0.4696,19.2375,0.029094
0.4696,19.3612,0.034675
0.4696,19.4849,0.036335
0.4696,19.6087,0.045892
0.4696,19.7324,0.061996
0.4696,19.8562,0.053358
0.4696,19.9799,0.043658
0.4696,20.1037,0.06681
0.4696,20.2274,0.024392
0.4696,20.3512,0.048251
0.4696,20.4749,0.054289
0.4696,20.5987,0.0671
0.4696,20.7224,0.059114
0.4696,20.8462,0.045356
0.4696,20.9699,0.059308
0.4696,21.0936,0.054226
0.4696,21.2174,0.062192
0.4696,21.3411,0.050876
0.4696,21.4649,0.07926
0.4696,21.5886,0.074408
0.4696,21.7124,0.06903
0.4696,21.8361,0.056124
0.4696,21.9599,0.082375
0.4696,22.0836,0.081824
0.4696,22.2074,0.092591
0.4696,22.3311,0.059272
0.4696,22.4548,0.093099
0.4696,22.5786,0.092364
0.4696,22.7023,0.077844
0.4696,22.8261,0.078245
0.4696,22.9498,0.072683
0.4696,23.0736,0.080318
0.4696,23.1973,0.073113
0.4696,23.3211,0.065731
0.4696,23.4448,0.078368
0.4696,23.5686,0.088876
0.4696,23.6923,0.06085
0.4696,23.8161,0.059863
0.4696,23.9398,0.05695
0.4696,24.0635,0.053687
0.4696,24.1873,0.072831
0.4696,24.311,0.049384
0.4696,24.4348,0.044931
0.4696,24.5585,0.066531
0.4696,24.6823,0.08778
0.4696,24.806,0.139267
0.4696,24.9298,0.213922
0.4696,25.0535,0.341627
0.4696,25.1773,0.513299
0.4696,25.301,0.687194
0.4696,25.4247,0.882449
0.4696,25.5485,1.061133
0.4696,25.6722,1.101795
0.4696,25.796,1.028713
0.4696,25.9197,0.87563
0.4696,26.0435,0.709663
0.4696,26.1672,0.484925
0.4696,26.291,0.307154
0.4696,26.4147,0.19586
0.4696,26.5385,0.121413
0.4696,26.6622,0.070487
0.4696,26.786,0.073506
0.4696,26.9097,0.060422
0.4696,27.0334,0.045309
0.4696,27.1572,0.040675
0.4696,27.2809,0.059585
0.4696,27.4047,0.066509
0.4696,27.5284,0.077679
0.4696,27.6522,0.075911
0.4696,27.7759,0.088609
0.4696,27.8997,0.071848
0.4696,28.0234,0.068428
0.4696,28.1472,0.075187
0.4696,28.2709,0.073656
0.4696,28.3946,0.096728
0.4696,28.5184,0.075754
0.4696,28.6421,0.077267
0.4696,28.7659,0.08154
0.4696,28.8896,0.094396
0.4696,29.0134,0.078094
0.4696,29.1371,0.077813
0.4696,29.2609,0.082448
0.4696,29.3846,0.090316
0.4696,29.5084,0.073717
0.4696,29.6321,0.078336
0.4696,29.7559,0.055527
0.4696,29.8796,0.045617
0.4696,30.0033,0.056725
0.4696,30.1271,0.07512
0.4696,30.2508,0.037425
0.4696,30.3746,0.071583
0.4696,30.4983,0.061764
0.4696,30.6221,0.068146
0.4696,30.7458,0.036295
0.4696,30.8696,0.051032
0.4696,30.9933,0.030443
0.4696,31.1171,0.056407
0.4696,31.2408,0.038397
0.4696,31.3645,0.044285
0.4696,31.4883,0.027958
0.4696,31.612,0.05568
0.4696,31.7358,0.05018
0.4696,31.8595,0.044675
0.4696,31.9833,0.056487
0.4696,32.107,0.030599
0.4696,32.2308,0.056181
0.4696,32.3545,0.049073
0.4696,32.4783,0.060702
0.4696,32.602,0.043734
0.4696,32.7258,0.053891
0.4696,32.8495,0.066668
0.4696,32.9732,0.08052
0.4696,33.097,0.118999
0.4696,33.2207,0.103372
0.4696,33.3445,0.152286
0.4696,33.4682,0.236749
0.4696,33.592,0.323263
0.4696,33.7157,0.404416
0.4696,33.8395,0.465975
0.4696,33.9632,0.541959
0.4696,34.087,0.625145
0.4696,34.2107,0.734466
0.4696,34.3344,0.762954
0.4696,34.4582,0.787297
0.4696,34.5819,0.787505
0.4696,34.7057,0.710313
0.4696,34.8294,0.659343
0.4696,34.9532,0.59452
0.4696,35.0769,0.496885
0.4696,35.2007,0.396359
0.4696,35.3244,0.311387
0.4696,35.4482,0.255235
0.4696,35.5719,0.200026
0.4696,35.6957,0.137765
0.4696,35.8194,0.144028
0.4696,35.9431,0.089704
0.4696,36.0669,0.060757
0.4696,36.1906,0.065105
0.4696,36.3144,0.048579
0.4696,36.4381,0.0507
0.4696,36.5619,0.063041
0.4696,36.6856,0.080157
0.4696,36.8094,0.027546
0.4696,36.9331,0.061738
0.4696,37.0569,0.052854
0.4696,37.1806,0.065253
0.4696,37.3043,0.080885
0.4696,37.4281,0.055332
0.4696,37.5518,0.062353
0.4696,37.6756,0.05599
0.4696,37.7993,0.031688
0.4696,37.9231,0.04805
0.4696,38.0468,0.039089
0.4696,38.1706,0.026164
0.4696,38.2943,0.05654
0.4696,38.4181,0.056502
0.4696,38.5418,0.048815
0.4696,38.6656,0.045332
0.4696,38.7893,0.059326
0.4696,38.913,0.030358
0.4696,39.0368,0.070135
0.4696,39.1605,0.069656
0.4696,39.2843,0.042893
0.4696,39.408,0.064427
0.4696,39.5318,0.065458
0.4696,39.6555,0.088022
0.4696,39.7793,0.062438
0.4696,39.903,0.066745
0.4696,40.0268,0.080792
0.4696,40.1505,0.068475
0.4696,40.2742,0.066959
0.4696,40.398,0.097492
0.4696,40.5217,0.094994
0.4696,40.6455,0.078698
0.4696,40.7692,0.079232
0.4696,40.893,0.096655
0.4696,41.0167,0.085678
0.4696,41.1405,0.075247
0.4696,41.2642,0.081114
0.4696,41.388,0.082263
0.4696,41.5117,0.059995
0.4696,41.6355,0.063135
0.4696,41.7592,0.061666
0.4696,41.8829,0.070838
0.4696,42.0067,0.088394
0.4696,42.1304,0.09254
0.4696,42.2542,0.049095
0.4696,42.3779,0.077543
0.4696,42.5017,0.06232
0.4696,42.6254,0.058131
0.4696,42.7492,0.026179
0.4696,42.8729,0.063016
0.4696,42.9967,0.0422
0.4696,43.1204,0.045615
0.4696,43.2441,0.061164
0.4696,43.3679,0.05389
0.4696,43.4916,0.037546
0.4696,43.6154,0.057066
0.4696,43.7391,0.043468
0.4696,43.8629,0.047677
0.4696,43.9866,0.037569
0.4696,44.1104,0.066299
0.4696,44.2341,0.054437
0.4696,44.3579,0.060569
0.4696,44.4816,0.025135
0.4696,44.6054,0.04927
0.4696,44.7291,0.05341
0.4696,44.8528,0.064042
0.4696,44.9766,0.059739
0.4696,45.1003,0.063203
0.4696,45.2241,0.064001
0.4696,45.3478,0.052392
0.4696,45.4716,0.069178
0.4696,45.5953,0.075804
0.4696,45.7191,0.078693
0.4696,45.8428,0.142814
0.4696,45.9666,0.148199
0.4696,46.0903,0.184563
0.4696,46.214,0.258345
0.4696,46.3378,0.316642
0.4696,46.4615,0.347295
0.4696,46.5853,0.4098
0.4696,46.709,0.434486
0.4696,46.8328,0.45371
0.4696,46.9565,0.443993
0.4696,47.0803,0.395279
0.4696,47.204,0.327929
0.4696,47.3278,0.261047
0.4696,47.4515,0.233735
0.4696,47.5753,0.195239
0.4696,47.699,0.129668
0.4696,47.8227,0.117809
0.4696,47.9465,0.065825
0.4696,48.0702,0.098868
0.4696,48.194,0.070401
0.4696,48.3177,0.072024
0.4696,48.4415,0.076643
0.4696,48.5652,0.081949
0.4696,48.689,0.065627
0.4696,48.8127,0.059745
0.4696,48.9365,0.0604
0.4696,49.0602,0.061935
0.4696,49.1839,0.02506
0.4696,49.3077,0.039537
0.4696,49.4314,0.038334
0.4696,49.5552,0.048545
0.4696,49.6789,0.061756
0.4696,49.8027,0.037029
0.4696,49.9264,0.048757
0.4696,50.0502,0.059082
0.4696,50.1739,0.035415
0.4696,50.2977,0.053103
0.4696,50.4214,0.031389
0.4696,50.5452,0.052209
0.4696,50.6689,0.065862
0.4696,50.7926,0.05171
0.4696,50.9164,0.055228
0.4696,51.0401,0.034702
0.4696,51.1639,0.058238
0.4696,51.2876,0.057629
0.4696,51.4114,0.073775
0.4696,51.5351,0.06531
0.4696,51.6589,0.075297
0.4696,51.7826,0.07081
0.4696,51.9064,0.098993
0.4696,52.0301,0.084735
0.4696,52.1538,0.067825
0.4696,52.2776,0.092955
0.4696,52.4013,0.075839
0.4696,52.5251,0.081274
0.4696,52.6488,0.099088
0.4696,52.7726,0.073515
0.4696,52.8963,0.101089
0.4696,53.0201,0.095682
0.4696,53.1438,0.088283
0.4696,53.2676,0.070395
0.4696,53.3913,0.088216
0.4696,53.5151,0.079749
0.4696,53.6388,0.072202
0.4696,53.7625,0.101919
0.4696,53.8863,0.086277
0.4696,54.01,0.037417
0.4696,54.1338,0.072602
0.4696,54.2575,0.029891
0.4696,54.3813,0.050389
0.4696,54.505,0.057636
0.4696,54.6288,0.065636
0.4696,54.7525,0.065956
0.4696,54.8763,0.037758
0.4696,55.0,0.072076
0.4783,18.0,0.056983
0.4783,18.1237,0.046846
0.4783,18.2475,0.054136
0.4783,18.3712,0.03968
0.4783,18.495,0.043169
0.4783,18.6187,0.05427
0.4783,18.7425,0.066122
0.4783,18.8662,0.072019
0.4783,18.99,0.069599
0.4783,19.1137,0.046745
0.4783,19.2375,0.050298
0.4783,19.3612,0.061197
0.4783,19.4849,0.066991
0.4783,19.6087,0.047177
0.4783,19.7324,0.032273
0.4783,19.8562,0.031069
0.4783,19.9799,0.038711
0.4783,20.1037,0.051071
0.4783,20.2274,0.031557
0.4783,20.3512,0.049739
0.4783,20.4749,0.072183
0.4783,20.5987,0.049084
0.4783,20.7224,0.05311
0.4783,20.8462,0.048332
0.4783,20.9699,0.053831
0.4783,21.0936,0.048905
0.4783,21.2174,0.048266
0.4783,21.3411,0.073316
0.4783,21.4649,0.060395
0.4783,21.5886,0.0667
0.4783,21.7124,0.066126
0.4783,21.8361,0.073092
0.4783,21.9599,0.07503
0.4783,22.0836,0.079252
0.4783,22.2074,0.066215
0.4783,22.3311,0.081156
0.4783,22.4548,0.070124
0.4783,22.5786,0.094406
0.4783,22.7023,0.078991
0.4783,22.8261,0.0929
0.4783,22.9498,0.100447
0.4783,23.0736,0.088756
0.4783,23.1973,0.073028
0.4783,23.3211,0.092298
0.4783,23.4448,0.086973
0.4783,23.5686,0.074415
0.4783,23.6923,0.070426
0.4783,23.8161,0.068359
0.4783,23.9398,0.039226
0.4783,24.0635,0.075949
0.4783,24.1873,0.076548
0.4783,24.311,0.049054
0.4783,24.4348,0.073209
0.4783,24.5585,0.061674
0.4783,24.6823,0.094873
0.4783,24.806,0.115602
0.4783,24.9298,0.195955
0.4783,25.0535,0.308848
0.4783,25.1773,0.451744
0.4783,25.301,0.632755
0.4783,25.4247,0.845846
0.4783,25.5485,1.006761
0.4783,25.6722,1.097927
0.4783,25.796,1.045023
0.4783,25.9197,0.900421
0.4783,26.0435,0.728738
0.4783,26.1672,0.518982
0.4783,26.291,0.338917
0.4783,26.4147,0.225897
0.4783,26.5385,0.153321
0.4783,26.6622,0.11282
0.4783,26.786,0.066411
0.4783,26.9097,0.059321
0.4783,27.0334,0.056014
0.4783,27.1572,0.057254
0.4783,27.2809,0.047277
0.4783,27.4047,0.076166
0.4783,27.5284,0.075055
0.4783,27.6522,0.083463
0.4783,27.7759,0.059116
0.4783,27.8997,0.066112
0.4783,28.0234,0.070756
0.4783,28.1472,0.076941
0.4783,28.2709,0.080181
0.4783,28.3946,0.097086
0.4783,28.5184,0.088807
0.4783,28.6421,0.09546
0.4783,28.7659,0.046694
0.4783,28.8896,0.071595
0.4783,29.0134,0.094345
0.4783,29.1371,0.070884
0.4783,29.2609,0.057491
0.4783,29.3846,0.077213
0.4783,29.5084,0.05943
0.4783,29.6321,0.029804
0.4783,29.7559,0.053616
0.4783,29.8796,0.062274
0.4783,30.0033,0.098571
0.4783,30.1271,0.065243
0.4783,30.2508,0.048522
0.4783,30.3746,0.065271
0.4783,30.4983,0.040591
0.4783,30.6221,0.06619
0.4783,30.7458,0.041662
0.4783,30.8696,0.066196
0.4783,30.9933,0.075159
0.4783,31.1171,0.071457
0.4783,31.2408,0.048267
0.4783,31.3645,0.041145
0.4783,31.4883,0.047701
0.4783,31.612,0.060298
0.4783,31.7358,0.05977
0.4783,31.8595,0.052597
0.4783,31.9833,0.058099
0.4783,32.107,0.066277
0.4783,32.2308,0.039651
0.4783,32.3545,0.037772
0.4783,32.4783,0.079726
0.4783,32.602,0.032132
0.4783,32.7258,0.084636
0.4783,32.8495,0.068244
0.4783,32.9732,0.100684
0.4783,33.097,0.1237
0.4783,33.2207,0.135723
0.4783,33.3445,0.173116
0.4783,33.4682,0.239367
0.4783,33.592,0.316879
0.4783,33.7157,0.377168
0.4783,33.8395,0.469029
0.4783,33.9632,0.585713
0.4783,34.087,0.633238
0.4783,34.2107,0.749306
0.4783,34.3344,0.779701
0.4783,34.4582,0.79148
0.4783,34.5819,0.75334
0.4783,34.7057,0.705754
0.4783,34.8294,0.641802
0.4783,34.9532,0.564086
0.4783,35.0769,0.473702
0.4783,35.2007,0.381294
0.4783,35.3244,0.278831
0.4783,35.4482,0.259299
0.4783,35.5719,0.205243
0.4783,35.6957,0.12861
0.4783,35.8194,0.113276
0.4783,35.9431,0.07862
0.4783,36.0669,0.103199
0.4783,36.1906,0.066858
0.4783,36.3144,0.046016
0.4783,36.4381,0.066716
0.4783,36.5619,0.055671
0.4783,36.6856,0.065646
0.4783,36.8094,0.045701
0.4783,36.9331,0.048277
0.4783,37.0569,0.061802
0.4783,37.1806,0.02581
0.4783,37.3043,0.051728
0.4783,37.4281,0.024216
0.4783,37.5518,0.046762
0.4783,37.6756,0.057424
0.4783,37.7993,0.044213
0.4783,37.9231,0.058227
0.4783,38.0468,0.044624
0.4783,38.1706,0.025206
0.4783,38.2943,0.059636
0.4783,38.4181,0.04594
0.4783,38.5418,0.061352
0.4783,38.6656,0.061732
0.4783,38.7893,0.047989
0.4783,38.913,0.074196
0.4783,39.0368,0.072801
0.4783,39.1605,0.089897
0.4783,39.2843,0.07201
0.4783,39.408,0.048614
0.4783,39.5318,0.087818
0.4783,39.6555,0.092449
0.4783,39.7793,0.093086
0.4783,39.903,0.068897
0.4783,40.0268,0.070162
0.4783,40.1505,0.085321
0.4783,40.2742,0.038682
0.4783,40.398,0.077181
0.4783,40.5217,0.08747
0.4783,40.6455,0.092633
0.4783,40.7692,0.066716
0.4783,40.893,0.068643
0.4783,41.0167,0.089752
0.4783,41.1405,0.071511
0.4783,41.2642,0.078886
0.4783,41.388,0.049412
0.4783,41.5117,0.076743
0.4783,41.6355,0.049994
0.4783,41.7592,0.084476
0.4783,41.8829,0.097718
0.4783,42.0067,0.047554
0.4783,42.1304,0.059307
0.4783,42.2542,0.083151
0.4783,42.3779,0.059636
0.4783,42.5017,0.047431
0.4783,42.6254,0.051278
0.4783,42.7492,0.061603
0.4783,42.8729,0.069206
0.4783,42.9967,0.067848
0.4783,43.1204,0.065235
0.4783,43.2441,0.062123
0.4783,43.3679,0.037804
0.4783,43.4916,0.031244
0.4783,43.6154,0.044707
0.4783,43.7391,0.032738
0.4783,43.8629,0.038844
0.4783,43.9866,0.057403
0.4783,44.1104,0.036935
0.4783,44.2341,0.052697
0.4783,44.3579,0.012276
0.4783,44.4816,0.056654
0.4783,44.6054,0.04919
0.4783,44.7291,0.057829
0.4783,44.8528,0.019633
0.4783,44.9766,0.068826
0.4783,45.1003,0.064836
0.4783,45.2241,0.080699
0.4783,45.3478,0.089878
0.4783,45.4716,0.098508
0.4783,45.5953,0.105181
0.4783,45.7191,0.099545
0.4783,45.8428,0.132491
0.4783,45.9666,0.152489
0.4783,46.0903,0.217322
0.4783,46.214,0.229997
0.4783,46.3378,0.340319
0.4783,46.4615,0.358475
0.4783,46.5853,0.430147
0.4783,46.709,0.449645
0.4783,46.8328,0.436482
0.4783,46.9565,0.4352
0.4783,47.0803,0.365719
0.4783,47.204,0.332051
0.4783,47.3278,0.26028
0.4783,47.4515,0.224832
0.4783,47.5753,0.177907
0.4783,47.699,0.111501
0.4783,47.8227,0.114638
0.4783,47.9465,0.111991
0.4783,48.0702,0.077315
0.4783,48.194,0.075254
0.4783,48.3177,0.08399
0.4783,48.4415,0.064859
0.4783,48.5652,0.059199
0.4783,48.689,0.051871
0.4783,48.8127,0.053845
0.4783,48.9365,0.053329
0.4783,49.0602,0.050905
0.4783,49.1839,0.062247
0.4783,49.3077,0.041914
0.4783,49.4314,0.033802
0.4783,49.5552,0.025096
0.4783,49.6789,0.043885
0.4783,49.8027,0.058442
0.4783,49.9264,0.050215
0.4783,50.0502,0.053762
0.4783,50.1739,0.035043
0.4783,50.2977,0.0519
0.4783,50.4214,0.037056
0.4783,50.5452,0.068425
0.4783,50.6689,0.058642
0.4783,50.7926,0.047131
0.4783,50.9164,0.060736
0.4783,51.0401,0.024063
0.4783,51.1639,0.048637
0.4783,51.2876,0.063273
0.4783,51.4114,0.052834
0.4783,51.5351,0.048092
0.4783,51.6589,0.087378
0.4783,51.7826,0.075559
0.4783,51.9064,0.060556
0.4783,52.0301,0.077994
0.4783,52.1538,0.097113
0.4783,52.2776,0.0644
0.4783,52.4013,0.092651
0.4783,52.5251,0.083602
0.4783,52.6488,0.058333
0.4783,52.7726,0.069662
0.4783,52.8963,0.069238
0.4783,53.0201,0.069543
0.4783,53.1438,0.088662
0.4783,53.2676,0.092435
0.4783,53.3913,0.068037
0.4783,53.5151,0.054318
0.4783,53.6388,0.080415
0.4783,53.7625,0.080642
0.4783,53.8863,0.074091
0.4783,54.01,0.072028
0.4783,54.1338,0.054914
0.4783,54.2575,0.061847
0.4783,54.3813,0.070963
0.4783,54.505,0.042593
0.4783,54.6288,0.042959
0.4783,54.7525,0.053979
0.4783,54.8763,0.041707
0.4783,55.0,0.045865
0.487,18.0,0.069694
0.487,18.1237,0.075132
0.487,18.2475,0.017151
0.487,18.3712,0.050492
0.487,18.495,0.059076
0.487,18.6187,0.07365
0.487,18.7425,0.043053
0.487,18.8662,0.048848
0.487,18.99,0.032964
0.487,19.1137,0.032403
0.487,19.2375,0.046788
0.487,19.3612,0.070523
0.487,19.4849,0.034372
0.487,19.6087,0.022232
0.487,19.7324,0.045879
0.487,19.8562,0.063769
0.487,19.9799,0.039696
0.487,20.1037,0.055955
0.487,20.2274,0.062246
0.487,20.3512,0.032808
0.487,20.4749,0.06687
0.487,20.5987,0.085473
0.487,20.7224,0.072786
0.487,20.8462,0.055302
0.487,20.9699,0.075246
0.487,21.0936,0.078377
0.487,21.2174,0.062632
0.487,21.3411,0.084813
0.487,21.4649,0.097229
0.487,21.5886,0.06952
0.487,21.7124,0.08871
0.487,21.8361,0.04411
0.487,21.9599,0.060678
0.487,22.0836,0.099315
0.487,22.2074,0.103255
0.487,22.3311,0.08145
0.487,22.4548,0.06387
0.487,22.5786,0.068332
0.487,22.7023,0.079167
0.487,22.8261,0.092488
0.487,22.9498,0.063316
0.487,23.0736,0.078897
0.487,23.1973,0.091255
0.487,23.3211,0.071924
0.487,23.4448,0.048665
0.487,23.5686,0.05043
0.487,23.6923,0.067804
0.487,23.8161,0.072186
0.487,23.9398,0.078476
0.487,24.0635,0.068843
0.487,24.1873,0.063474
0.487,24.311,0.066185
0.487,24.4348,0.030552
0.487,24.5585,0.068985
0.487,24.6823,0.094277
0.487,24.806,0.115281
0.487,24.9298,0.152075
0.487,25.0535,0.283533
0.487,25.1773,0.443473
0.487,25.301,0.641311
0.487,25.4247,0.813199
0.487,25.5485,1.010566
0.487,25.6722,1.097019
0.487,25.796,1.067311
0.487,25.9197,0.947856
0.487,26.0435,0.766748
0.487,26.1672,0.561594
0.487,26.291,0.397795
0.487,26.4147,0.226106
0.487,26.5385,0.165254
0.487,26.6622,0.111235
0.487,26.786,0.085306
0.487,26.9097,0.062956
0.487,27.0334,0.063086
0.487,27.1572,0.063315
0.487,27.2809,0.044224
0.487,27.4047,0.082582
0.487,27.5284,0.047356
0.487,27.6522,0.074932
0.487,27.7759,0.085945
0.487,27.8997,0.067626
0.487,28.0234,0.103514
0.487,28.1472,0.07762
0.487,28.2709,0.080658
0.487,28.3946,0.078339
0.487,28.5184,0.101708
0.487,28.6421,0.078186
0.487,28.7659,0.055473
0.487,28.8896,0.08849
0.487,29.0134,0.067515
0.487,29.1371,0.072314
0.487,29.2609,0.065354
0.487,29.3846,0.08015
0.487,29.5084,0.051399
0.487,29.6321,0.094084
0.487,29.7559,0.069443
0.487,29.8796,0.064992
0.487,30.0033,0.062484
0.487,30.1271,0.053163
0.487,30.2508,0.055664
0.487,30.3746,0.058027
0.487,30.4983,0.029405
0.487,30.6221,0.034106
0.487,30.7458,0.061748
0.487,30.8696,0.04403
0.487,30.9933,0.060813
0.487,31.1171,0.030729
0.487,31.2408,0.048896
0.487,31.3645,0.037271
0.487,31.4883,0.046524
0.487,31.612,0.039351
0.487,31.7358,0.040691
0.487,31.8595,0.057712
0.487,31.9833,0.038888
0.487,32.107,0.041004
0.487,32.2308,0.031174
0.487,32.3545,0.055357
0.487,32.4783,0.080643
0.487,32.602,0.064841
0.487,32.7258,0.064287
0.487,32.8495,0.07299
0.487,32.9732,0.090958
0.487,33.097,0.120675
0.487,33.2207,0.171964
0.487,33.3445,0.176807
0.487,33.4682,0.26161
0.487,33.592,0.289258
0.487,33.7157,0.415201
0.487,33.8395,0.466642
0.487,33.9632,0.556384
0.487,34.087,0.646072
0.487,34.2107,0.727726
0.487,34.3344,0.768704
0.487,34.4582,0.812824
0.487,34.5819,0.757835
0.487,34.7057,0.708175
0.487,34.8294,0.657735
0.487,34.9532,0.559847
0.487,35.0769,0.462621
0.487,35.2007,0.383214
0.487,35.3244,0.284347
0.487,35.4482,0.256175
0.487,35.5719,0.170051
0.487,35.6957,0.11684
0.487,35.8194,0.088807
0.487,35.9431,0.085866
0.487,36.0669,0.080496
0.487,36.1906,0.071052
0.487,36.3144,0.077347
0.487,36.4381,0.064712
0.487,36.5619,0.061477
0.487,36.6856,0.052203
0.487,36.8094,0.064433
0.487,36.9331,0.073277
0.487,37.0569,0.042179
0.487,37.1806,0.054917
0.487,37.3043,0.054039
0.487,37.4281,0.063236
0.487,37.5518,0.046382
0.487,37.6756,0.049226
0.487,37.7993,0.046903
0.487,37.9231,0.028335
0.487,38.0468,0.040937
0.487,38.1706,0.023086
0.487,38.2943,0.030773
0.487,38.4181,0.044586
0.487,38.5418,0.047523
0.487,38.6656,0.05231
0.487,38.7893,0.053534
0.487,38.913,0.061688
0.487,39.0368,0.096718
0.487,39.1605,0.056979
0.487,39.2843,0.084818
0.487,39.408,0.059334
0.487,39.5318,0.083151
0.487,39.6555,0.053526
0.487,39.7793,0.07803
0.487,39.903,0.069417
0.487,40.0268,0.06792
0.487,40.1505,0.07472
0.487,40.2742,0.06976
0.487,40.398,0.071333
0.487,40.5217,0.066499
0.487,40.6455,0.079784
0.487,40.7692,0.063809
0.487,40.893,0.080757
0.487,41.0167,0.058818
0.487,41.1405,0.083322
0.487,41.2642,0.092591
0.487,41.388,0.096636
0.487,41.5117,0.063097
0.487,41.6355,0.070887
0.487,41.7592,0.071367
0.487,41.8829,0.065952
0.487,42.0067,0.059679
0.487,42.1304,0.033485
0.487,42.2542,0.055761
0.487,42.3779,0.050403
0.487,42.5017,0.047252
0.487,42.6254,0.080547
0.487,42.7492,0.060626
0.487,42.8729,0.058838
0.487,42.9967,0.036514
0.487,43.1204,0.041391
0.487,43.2441,0.047772
0.487,43.3679,0.029178
0.487,43.4916,0.056971
0.487,43.6154,0.035641
0.487,43.7391,0.032242
0.487,43.8629,0.050262
0.487,43.9866,0.049897
0.487,44.1104,0.041284
0.487,44.2341,0.048697
0.487,44.3579,0.043516
0.487,44.4816,0.040509
0.487,44.6054,0.039146
0.487,44.7291,0.060791
0.487,44.8528,0.038842
0.487,44.9766,0.063889
0.487,45.1003,0.074928
0.487,45.2241,0.056691
0.487,45.3478,0.071034
0.487,45.4716,0.080753
0.487,45.5953,0.070317
0.487,45.7191,0.085007
0.487,45.8428,0.130581
0.487,45.9666,0.180558
0.487,46.0903,0.238655
0.487,46.214,0.252573
0.487,46.3378,0.306385
0.487,46.4615,0.363399
0.487,46.5853,0.408718
0.487,46.709,0.463707
0.487,46.8328,0.462602
0.487,46.9565,0.448125
0.487,47.0803,0.387013
0.487,47.204,0.312386
0.487,47.3278,0.268855
0.487,47.4515,0.232051
0.487,47.5753,0.169281
0.487,47.699,0.149544
0.487,47.8227,0.10033
0.487,47.9465,0.08518
0.487,48.0702,0.061618
0.487,48.194,0.045883
0.487,48.3177,0.046895
0.487,48.4415,0.067412
0.487,48.5652,0.064418
0.487,48.689,0.059274
0.487,48.8127,0.056736
0.487,48.9365,0.045609
0.487,49.0602,0.044529
0.487,49.1839,0.042266
0.487,49.3077,0.062295
0.487,49.4314,0.058594
0.487,49.5552,0.047475
0.487,49.6789,0.042698
0.487,49.8027,0.059997
0.487,49.9264,0.055157
0.487,50.0502,0.026851
0.487,50.1739,0.045555
0.487,50.2977,0.033732
0.487,50.4214,0.065186
0.487,50.5452,0.038533
0.487,50.6689,0.078429
0.487,50.7926,0.075012
0.487,50.9164,0.063566
0.487,51.0401,0.041075
0.487,51.1639,0.060472
0.487,51.2876,0.063758
0.487,51.4114,0.072603
0.487,51.5351,0.058305
0.487,51.6589,0.090385
0.487,51.7826,0.079692
0.487,51.9064,0.067771
0.487,52.0301,0.072055
0.487,52.1538,0.078016
0.487,52.2776,0.087458
0.487,52.4013,0.061734
0.487,52.5251,0.062484
0.487,52.6488,0.081727
0.487,52.7726,0.083931
0.487,52.8963,0.067347
0.487,53.0201,0.067659
0.487,53.1438,0.071083
0.487,53.2676,0.072336
0.487,53.3913,0.080461
0.487,53.5151,0.065021
0.487,53.6388,0.092205
0.487,53.7625,0.065931
0.487,53.8863,0.056782
0.487,54.01,0.053983
0.487,54.1338,0.052058
0.487,54.2575,0.061168
0.487,54.3813,0.061762
0.487,54.505,0.035206
0.487,54.6288,0.065967
0.487,54.7525,0.067891
0.487,54.8763,0.02846
0.487,55.0,0.026023
0.4957,18.0,0.079765
0.4957,18.1237,0.073851
0.4957,18.2475,0.060258
0.4957,18.3712,0.051782
0.4957,18.495,0.055692
0.4957,18.6187,0.059036
0.4957,18.7425,0.060273
0.4957,18.8662,0.062784
0.4957,18.99,0.051706
0.4957,19.1137,0.054795
0.4957,19.2375,0.041827
0.4957,19.3612,0.05217
0.4957,19.4849,0.078083
0.4957,19.6087,0.052875
0.4957,19.7324,0.037745
0.4957,19.8562,0.052578
0.4957,19.9799,0.052195
0.4957,20.1037,0.073557
0.4957,20.2274,0.029015
0.4957,20.3512,0.04839
0.4957,20.4749,0.057407
0.4957,20.5987,0.044195
0.4957,20.7224,0.075608
0.4957,20.8462,0.060413
0.4957,20.9699,0.07573
0.4957,21.0936,0.074079
0.4957,21.2174,0.053488
0.4957,21.3411,0.065977
0.4957,21.4649,0.072404
0.4957,21.5886,0.07602
0.4957,21.7124,0.073712
0.4957,21.8361,0.076398
0.4957,21.9599,0.075807
0.4957,22.0836,0.097637
0.4957,22.2074,0.075265
0.4957,22.3311,0.051528
0.4957,22.4548,0.077826
0.4957,22.5786,0.087854
0.4957,22.7023,0.067397
0.4957,22.8261,0.0787
0.4957,22.9498,0.063489
0.4957,23.0736,0.082381
0.4957,23.1973,0.096338
0.4957,23.3211,0.091242
0.4957,23.4448,0.067948
0.4957,23.5686,0.057561
0.4957,23.6923,0.040355
0.4957,23.8161,0.057598
0.4957,23.9398,0.086507
0.4957,24.0635,0.043295
0.4957,24.1873,0.048738
0.4957,24.311,0.063021
0.4957,24.4348,0.047764
0.4957,24.5585,0.06523
0.4957,24.6823,0.080044
0.4957,24.806,0.114024
0.4957,24.9298,0.150696
0.4957,25.0535,0.247811
0.4957,25.1773,0.412297
0.4957,25.301,0.598625
0.4957,25.4247,0.779186
0.4957,25.5485,0.961077
0.4957,25.6722,1.070963
0.4957,25.796,1.080808
0.4957,25.9197,0.976601
0.4957,26.0435,0.812178
0.4957,26.1672,0.601497
0.4957,26.291,0.411944
0.4957,26.4147,0.253272
0.4957,26.5385,0.17145
0.4957,26.6622,0.145561
0.4957,26.786,0.060143
0.4957,26.9097,0.072764
0.4957,27.0334,0.061818
0.4957,27.1572,0.073507
0.4957,27.2809,0.08402
0.4957,27.4047,0.057308
0.4957,27.5284,0.075127
0.4957,27.6522,0.052492
0.4957,27.7759,0.050589
0.4957,27.8997,0.07723
0.4957,28.0234,0.058503
0.4957,28.1472,0.076669
0.4957,28.2709,0.080141
0.4957,28.3946,0.097889
0.4957,28.5184,0.071878
0.4957,28.6421,0.049665
0.4957,28.7659,0.050995
0.4957,28.8896,0.098685
0.4957,29.0134,0.056703
0.4957,29.1371,0.096654
0.4957,29.2609,0.076778
0.4957,29.3846,0.079582
0.4957,29.5084,0.080487
0.4957,29.6321,0.082563
0.4957,29.7559,0.063357
0.4957,29.8796,0.060606
0.4957,30.0033,0.044857
0.4957,30.1271,0.056754
0.4957,30.2508,0.048532
0.4957,30.3746,0.075956
0.4957,30.4983,0.059544
0.4957,30.6221,0.034874
0.4957,30.7458,0.040567
0.4957,30.8696,0.081482
0.4957,30.9933,0.053101
0.4957,31.1171,0.032111
0.4957,31.2408,0.037017
0.4957,31.3645,0.060193
0.4957,31.4883,0.034902
0.4957,31.612,0.049217
0.4957,31.7358,0.051166
0.4957,31.8595,0.05796
0.4957,31.9833,0.035383
0.4957,32.107,0.057821
0.4957,32.2308,0.071505
0.4957,32.3545,0.068384
0.4957,32.4783,0.065845
0.4957,32.602,0.066919
0.4957,32.7258,0.051424
0.4957,32.8495,0.06323
0.4957,32.9732,0.092194
0.4957,33.097,0.125026
0.4957,33.2207,0.14951
0.4957,33.3445,0.195238
0.4957,33.4682,0.254027
0.4957,33.592,0.324044
0.4957,33.7157,0.395772
0.4957,33.8395,0.479884
0.4957,33.9632,0.569799
0.4957,34.087,0.678551
0.4957,34.2107,0.719013
0.4957,34.3344,0.792565
0.4957,34.4582,0.785077
0.4957,34.5819,0.738383
0.4957,34.7057,0.703807
0.4957,34.8294,0.631203
0.4957,34.9532,0.558041
0.4957,35.0769,0.461364
0.4957,35.2007,0.353105
0.4957,35.3244,0.278868
0.4957,35.4482,0.228792
0.4957,35.5719,0.168153
0.4957,35.6957,0.135171
0.4957,35.8194,0.120731
0.4957,35.9431,0.098764
0.4957,36.0669,0.056874
0.4957,36.1906,0.071956
0.4957,36.3144,0.0651
0.4957,36.4381,0.060545
0.4957,36.5619,0.051015
0.4957,36.6856,0.055905
0.4957,36.8094,0.032937
0.4957,36.9331,0.066424
0.4957,37.0569,0.044886
0.4957,37.1806,0.041673
0.4957,37.3043,0.048565
0.4957,37.4281,0.041429
0.4957,37.5518,0.022258
0.4957,37.6756,0.025797
0.4957,37.7993,0.046186
0.4957,37.9231,0.053797
0.4957,38.0468,0.051254
0.4957,38.1706,0.044973
0.4957,38.2943,0.046603
0.4957,38.4181,0.031592
0.4957,38.5418,0.066335
0.4957,38.6656,0.068002
0.4957,38.7893,0.069712
0.4957,38.913,0.071347
0.4957,39.0368,0.072442
0.4957,39.1605,0.067899
0.4957,39.2843,0.06641
0.4957,39.408,0.070884
0.4957,39.5318,0.07155
0.4957,39.6555,0.062247
0.4957,39.7793,0.066237
0.4957,39.903,0.064393
0.4957,40.0268,0.072517
0.4957,40.1505,0.041204
0.4957,40.2742,0.092337
0.4957,40.398,0.079489
0.4957,40.5217,0.069602
0.4957,40.6455,0.076887
0.4957,40.7692,0.086372
0.4957,40.893,0.066004
0.4957,41.0167,0.086081
0.4957,41.1405,0.062361
0.4957,41.2642,0.064188
0.4957,41.388,0.062816
0.4957,41.5117,0.082189
0.4957,41.6355,0.061794
0.4957,41.7592,0.076104
0.4957,41.8829,0.075311
0.4957,42.0067,0.067858
0.4957,42.1304,0.057937
0.4957,42.2542,0.060465
0.4957,42.3779,0.063752
0.4957,42.5017,0.064542
0.4957,42.6254,0.044947
0.4957,42.7492,0.047862
0.4957,42.8729,0.045094
0.4957,42.9967,0.059027
0.4957,43.1204,0.038292
0.4957,43.2441,0.036249
0.4957,43.3679,0.079396
0.4957,43.4916,0.043163
0.4957,43.6154,0.02412
0.4957,43.7391,0.040335
0.4957,43.8629,0.04249
0.4957,43.9866,0.051091
0.4957,44.1104,0.030416
0.4957,44.2341,0.052273
0.4957,44.3579,0.053595
0.4957,44.4816,0.054817
0.4957,44.6054,0.060202
0.4957,44.7291,0.043929
0.4957,44.8528,0.070319
0.4957,44.9766,0.048297
0.4957,45.1003,0.069213
0.4957,45.2241,0.053461
0.4957,45.3478,0.056858
0.4957,45.4716,0.051635
0.4957,45.5953,0.096177
0.4957,45.7191,0.093915
0.4957,45.8428,0.137372
0.4957,45.9666,0.140052
0.4957,46.0903,0.185194
0.4957,46.214,0.244137
0.4957,46.3378,0.326652
0.4957,46.4615,0.361539
0.4957,46.5853,0.426353
0.4957,46.709,0.472384
0.4957,46.8328,0.439452
0.4957,46.9565,0.414295
0.4957,47.0803,0.381747
0.4957,47.204,0.360591
0.4957,47.3278,0.262305
0.4957,47.4515,0.226426
0.4957,47.5753,0.162073
0.4957,47.699,0.120458
0.4957,47.8227,0.113256
0.4957,47.9465,0.087736
0.4957,48.0702,0.072906
0.4957,48.194,0.056049
0.4957,48.3177,0.069126
0.4957,48.4415,0.068851
0.4957,48.5652,0.040464
0.4957,48.689,0.046063
0.4957,48.8127,0.035766
0.4957,48.9365,0.034707
0.4957,49.0602,0.030583
0.4957,49.1839,0.046807
0.4957,49.3077,0.043236
0.4957,49.4314,0.050507
0.4957,49.5552,0.042013
0.4957,49.6789,0.045498
0.4957,49.8027,0.023735
0.4957,49.9264,0.049609
0.4957,50.0502,0.060022
0.4957,50.1739,0.035601
0.4957,50.2977,0.067305
0.4957,50.4214,0.03886
0.4957,50.5452,0.04445
0.4957,50.6689,0.065604
0.4957,50.7926,0.068598
0.4957,50.9164,0.041855
0.4957,51.0401,0.05751
0.4957,51.1639,0.050819
0.4957,51.2876,0.066712
0.4957,51.4114,0.082612
0.4957,51.5351,0.078826
0.4957,51.6589,0.067601
0.4957,51.7826,0.107969
0.4957,51.9064,0.081669
0.4957,52.0301,0.073804
0.4957,52.1538,0.036122
0.4957,52.2776,0.084768
0.4957,52.4013,0.06869
0.4957,52.5251,0.069476
0.4957,52.6488,0.088147
0.4957,52.7726,0.102499
0.4957,52.8963,0.066191
0.4957,53.0201,0.098677
0.4957,53.1438,0.076186
0.4957,53.2676,0.078475
0.4957,53.3913,0.077921
0.4957,53.5151,0.077135
0.4957,53.6388,0.075305
0.4957,53.7625,0.064992
0.4957,53.8863,0.057973
0.4957,54.01,0.056538
0.4957,54.1338,0.062531
0.4957,54.2575,0.065863
0.4957,54.3813,0.073204
0.4957,54.505,0.041992
0.4957,54.6288,0.038041
0.4957,54.7525,0.036537
0.4957,54.8763,0.04983
0.4957,55.0,0.051948
0.5043,18.0,0.057756
0.5043,18.1237,0.027958
0.5043,18.2475,0.046312
0.5043,18.3712,0.056564
0.5043,18.495,0.056319
0.5043,18.6187,0.042482
0.5043,18.7425,0.053427
0.5043,18.8662,0.059772
0.5043,18.99,0.053764
0.5043,19.1137,0.051616
0.5043,19.2375,0.058383
0.5043,19.3612,0.021642
0.5043,19.4849,0.047084
0.5043,19.6087,0.034272
0.5043,19.7324,0.049193
0.5043,19.8562,0.050598
0.5043,19.9799,0.076256
0.5043,20.1037,0.070675
0.5043,20.2274,0.046263
0.5043,20.3512,0.048231
0.5043,20.4749,0.067597
0.5043,20.5987,0.054806
0.5043,20.7224,0.067706
0.5043,20.8462,0.058259
0.5043,20.9699,0.0817
0.5043,21.0936,0.065241
0.5043,21.2174,0.047898
0.5043,21.3411,0.052576
0.5043,21.4649,0.086724
0.5043,21.5886,0.100669
0.5043,21.7124,0.09979
0.5043,21.8361,0.097394
0.5043,21.9599,0.069868
0.5043,22.0836,0.070403
0.5043,22.2074,0.062013
0.5043,22.3311,0.059832
0.5043,22.4548,0.093349
0.5043,22.5786,0.055229
0.5043,22.7023,0.105281
0.5043,22.8261,0.073077
0.5043,22.9498,0.068717
0.5043,23.0736,0.065729
0.5043,23.1973,0.064162
0.5043,23.3211,0.072978
0.5043,23.4448,0.05205
0.5043,23.5686,0.080345
0.5043,23.6923,0.05747
0.5043,23.8161,0.081838
0.5043,23.9398,0.025331
0.5043,24.0635,0.059065
0.5043,24.1873,0.068359
0.5043,24.311,0.054739
0.5043,24.4348,0.061253
0.5043,24.5585,0.044369
0.5043,24.6823,0.08134
0.5043,24.806,0.096618
0.5043,24.9298,0.135355
0.5043,25.0535,0.224164
0.5043,25.1773,0.343574
0.5043,25.301,0.548053
0.5043,25.4247,0.75257
0.5043,25.5485,0.946055
0.5043,25.6722,1.053637
0.5043,25.796,1.074063
0.5043,25.9197,0.997656
0.5043,26.0435,0.86923
0.5043,26.1672,0.63573
0.5043,26.291,0.430846
0.5043,26.4147,0.286202
0.5043,26.5385,0.153649
0.5043,26.6622,0.118749
0.5043,26.786,0.078657
0.5043,26.9097,0.079857
0.5043,27.0334,0.081757
0.5043,27.1572,0.070577
0.5043,27.2809,0.079726
0.5043,27.4047,0.059888
0.5043,27.5284,0.084775
0.5043,27.6522,0.091548
0.5043,27.7759,0.068242
0.5043,27.8997,0.071411
0.5043,28.0234,0.079609
0.5043,28.1472,0.088735
0.5043,28.2709,0.082386
0.5043,28.3946,0.099504
0.5043,28.5184,0.051942
0.5043,28.6421,0.079975
0.5043,28.7659,0.079663
0.5043,28.8896,0.083314
0.5043,29.0134,0.070261
0.5043,29.1371,0.061933
0.5043,29.2609,0.062205
0.5043,29.3846,0.072049
0.5043,29.5084,0.078393
0.5043,29.6321,0.079561
0.5043,29.7559,0.035427
0.5043,29.8796,0.057037
0.5043,30.0033,0.066737
0.5043,30.1271,0.0724
0.5043,30.2508,0.073631
0.5043,30.3746,0.067487
0.5043,30.4983,0.050648
0.5043,30.6221,0.049517
0.5043,30.7458,0.056244
0.5043,30.8696,0.047844
0.5043,30.9933,0.06094
0.5043,31.1171,0.017735
0.5043,31.2408,0.061185
0.5043,31.3645,0.045701
0.5043,31.4883,0.041822
0.5043,31.612,0.06816
0.5043,31.7358,0.04443
0.5043,31.8595,0.049114
0.5043,31.9833,0.043781
0.5043,32.107,0.038846
0.5043,32.2308,0.045124
0.5043,32.3545,0.060616
0.5043,32.4783,0.063256
0.5043,32.602,0.101981
0.5043,32.7258,0.07221
0.5043,32.8495,0.077437
0.5043,32.9732,0.077882
0.5043,33.097,0.134121
0.5043,33.2207,0.147615
0.5043,33.3445,0.179323
0.5043,33.4682,0.258712
0.5043,33.592,0.30746
0.5043,33.7157,0.422921
0.5043,33.8395,0.507898
0.5043,33.9632,0.585179
0.5043,34.087,0.675483
0.5043,34.2107,0.71221
0.5043,34.3344,0.782842
0.5043,34.4582,0.780411
0.5043,34.5819,0.751734
0.5043,34.7057,0.691391
0.5043,34.8294,0.625765
0.5043,34.9532,0.539738
0.5043,35.0769,0.418776
0.5043,35.2007,0.368553
0.5043,35.3244,0.293716
0.5043,35.4482,0.226185
0.5043,35.5719,0.18046
0.5043,35.6957,0.134888
0.5043,35.8194,0.102732
0.5043,35.9431,0.092767
0.5043,36.0669,0.076023
0.5043,36.1906,0.071755
0.5043,36.3144,0.059304
0.5043,36.4381,0.072723
0.5043,36.5619,0.059507
0.5043,36.6856,0.050823
0.5043,36.8094,0.065306
0.5043,36.9331,0.030894
0.5043,37.0569,0.043261
0.5043,37.1806,0.035966
0.5043,37.3043,0.050168
0.5043,37.4281,0.037295
0.5043,37.5518,0.040059
0.5043,37.6756,0.050305
0.5043,37.7993,0.065431
0.5043,37.9231,0.072771
0.5043,38.0468,0.042739
0.5043,38.1706,0.043268
0.5043,38.2943,0.058423
0.5043,38.4181,0.067504
0.5043,38.5418,0.04868
0.5043,38.6656,0.042693
0.5043,38.7893,0.055606
0.5043,38.913,0.046887
0.5043,39.0368,0.050193
0.5043,39.1605,0.052646
0.5043,39.2843,0.071474
0.5043,39.408,0.074782
0.5043,39.5318,0.058121
0.5043,39.6555,0.062883
0.5043,39.7793,0.064801
0.5043,39.903,0.103287
0.5043,40.0268,0.079705
0.5043,40.1505,0.067352
0.5043,40.2742,0.072701
0.5043,40.398,0.072722
0.5043,40.5217,0.094784
0.5043,40.6455,0.092665
0.5043,40.7692,0.090735
0.5043,40.893,0.061792
0.5043,41.0167,0.071574
0.5043,41.1405,0.069314
0.5043,41.2642,0.063727
0.5043,41.388,0.079177
0.5043,41.5117,0.06545
0.5043,41.6355,0.041869
0.5043,41.7592,0.05931
0.5043,41.8829,0.076617
0.5043,42.0067,0.027731
0.5043,42.1304,0.045035
0.5043,42.2542,0.070764
0.5043,42.3779,0.038811
0.5043,42.5017,0.043523
0.5043,42.6254,0.052078
0.5043,42.7492,0.051247
0.5043,42.8729,0.051453
0.5043,42.9967,0.042536
0.5043,43.1204,0.050866
0.5043,43.2441,0.049202
0.5043,43.3679,0.033527
0.5043,43.4916,0.046531
0.5043,43.6154,0.059583
0.5043,43.7391,0.048978
0.5043,43.8629,0.043389
0.5043,43.9866,0.032195
0.5043,44.1104,0.023059
0.5043,44.2341,0.045069
0.5043,44.3579,0.057382
0.5043,44.4816,0.040082
0.5043,44.6054,0.036437
0.5043,44.7291,0.028629
0.5043,44.8528,0.032387
0.5043,44.9766,0.064247
0.5043,45.1003,0.069363
0.5043,45.2241,0.078145
0.5043,45.3478,0.071864
0.5043,45.4716,0.073723
0.5043,45.5953,0.063016
0.5043,45.7191,0.097494
0.5043,45.8428,0.12853
0.5043,45.9666,0.160675
0.5043,46.0903,0.195544
0.5043,46.214,0.257252
0.5043,46.3378,0.301222
0.5043,46.4615,0.387383
0.5043,46.5853,0.443357
0.5043,46.709,0.437132
0.5043,46.8328,0.455439
0.5043,46.9565,0.413954
0.5043,47.0803,0.381736
0.5043,47.204,0.324242
0.5043,47.3278,0.27681
0.5043,47.4515,0.231927
0.5043,47.5753,0.180612
0.5043,47.699,0.138293
0.5043,47.8227,0.131281
0.5043,47.9465,0.097083
0.5043,48.0702,0.087386
0.5043,48.194,0.085532
0.5043,48.3177,0.055406
0.5043,48.4415,0.046977
0.5043,48.5652,0.033873
0.5043,48.689,0.068195
0.5043,48.8127,0.025312
0.5043,48.9365,0.064369
0.5043,49.0602,0.063742
0.5043,49.1839,0.03116
0.5043,49.3077,0.050705
0.5043,49.4314,0.045652
0.5043,49.5552,0.041482
0.5043,49.6789,0.057706
0.5043,49.8027,0.053196
0.5043,49.9264,0.082261
0.5043,50.0502,0.049397
0.5043,50.1739,0.064855
0.5043,50.2977,0.02551
0.5043,50.4214,0.07598
0.5043,50.5452,0.074389
0.5043,50.6689,0.05769
0.5043,50.7926,0.060151
0.5043,50.9164,0.069067
0.5043,51.0401,0.078036
0.5043,51.1639,0.061741
0.5043,51.2876,0.054896
0.5043,51.4114,0.074505
0.5043,51.5351,0.07023
0.5043,51.6589,0.104393
0.5043,51.7826,0.059445
0.5043,51.9064,0.069551
0.5043,52.0301,0.101265
0.5043,52.1538,0.10079
0.5043,52.2776,0.083483
0.5043,52.4013,0.086485
0.5043,52.5251,0.085427
0.5043,52.6488,0.060674
0.5043,52.7726,0.077556
0.5043,52.8963,0.082043
0.5043,53.0201,0.053661
0.5043,53.1438,0.061044
0.5043,53.2676,0.091856
0.5043,53.3913,0.062036
0.5043,53.5151,0.064472
0.5043,53.6388,0.073344
0.5043,53.7625,0.05516
0.5043,53.8863,0.048802
0.5043,54.01,0.052709
0.5043,54.1338,0.05159
0.5043,54.2575,0.063373
0.5043,54.3813,0.057523
0.5043,54.505,0.055722
0.5043,54.6288,0.057338
0.5043,54.7525,0.04413
0.5043,54.8763,0.050716
0.5043,55.0,0.039589
0.513,18.0,0.053065
0.513,18.1237,0.064949
0.513,18.2475,0.035166
0.513,18.3712,0.039506
0.513,18.495,0.039316
0.513,18.6187,0.048813
0.513,18.7425,0.019799
0.513,18.8662,0.063899
0.513,18.99,0.040105
0.513,19.1137,0.050743
0.513,19.2375,0.066441
0.513,19.3612,0.027144
0.513,19.4849,0.053604
0.513,19.6087,0.039086
0.513,19.7324,0.046774
0.513,19.8562,0.059692
0.513,19.9799,0.048659
0.513,20.1037,0.073066
0.513,20.2274,0.070203
0.513,20.3512,0.053925
0.513,20.4749,0.082
0.513,20.5987,0.05725
0.513,20.7224,0.047511
0.513,20.8462,0.067967
0.513,20.9699,0.066253
0.513,21.0936,0.063787
0.513,21.2174,0.07304
0.513,21.3411,0.077399
0.513,21.4649,0.073165
0.513,21.5886,0.08322
0.513,21.7124,0.067612
0.513,21.8361,0.069325
0.513,21.9599,0.074443
0.513,22.0836,0.068598
0.513,22.2074,0.082022
0.513,22.3311,0.079536
0.513,22.4548,0.079632
0.513,22.5786,0.08089
0.513,22.7023,0.072849
0.513,22.8261,0.061186
0.513,22.9498,0.08524
0.513,23.0736,0.067546
0.513,23.1973,0.071079
0.513,23.3211,0.06216
0.513,23.4448,0.074065
0.513,23.5686,0.070578
0.513,23.6923,0.044031
0.513,23.8161,0.053358
0.513,23.9398,0.075104
0.513,24.0635,0.05863
0.513,24.1873,0.039692
0.513,24.311,0.052107
0.513,24.4348,0.036697
0.513,24.5585,0.047834
0.513,24.6823,0.066051
0.513,24.806,0.096227
0.513,24.9298,0.106974
0.513,25.0535,0.227335
0.513,25.1773,0.326031
0.513,25.301,0.517026
0.513,25.4247,0.718328
0.513,25.5485,0.922569
0.513,25.6722,1.050899
0.513,25.796,1.108637
0.513,25.9197,1.045981
0.513,26.0435,0.862948
0.513,26.1672,0.69202
0.513,26.291,0.491489
0.513,26.4147,0.320457
0.513,26.5385,0.196781
0.513,26.6622,0.14303
0.513,26.786,0.099992
0.513,26.9097,0.051516
0.513,27.0334,0.073795
0.513,27.1572,0.078525
0.513,27.2809,0.08953
0.513,27.4047,0.091256
0.513,27.5284,0.058404
0.513,27.6522,0.066923
0.513,27.7759,0.062341
0.513,27.8997,0.076604
0.513,28.0234,0.075627
0.513,28.1472,0.077744
0.513,28.2709,0.091463
0.513,28.3946,0.068844
0.513,28.5184,0.081336
0.513,28.6421,0.073102
0.513,28.7659,0.058946
0.513,28.8896,0.082943
0.513,29.0134,0.077284
0.513,29.1371,0.072682
0.513,29.2609,0.072308
0.513,29.3846,0.081313
0.513,29.5084,0.063225
0.513,29.6321,0.078906
0.513,29.7559,0.054027
0.513,29.8796,0.057875
0.513,30.0033,0.061551
0.513,30.1271,0.057221
0.513,30.2508,0.063007
0.513,30.3746,0.043926
0.513,30.4983,0.033422
0.513,30.6221,0.046161
0.513,30.7458,0.049184
0.513,30.8696,0.045983
0.513,30.9933,0.046476
0.513,31.1171,0.06188
0.513,31.2408,0.03912
0.513,31.3645,0.053405
0.513,31.4883,0.041154
0.513,31.612,0.04658
0.513,31.7358,0.049056
0.513,31.8595,0.051407
0.513,31.9833,0.055244
0.513,32.107,0.061466
0.513,32.2308,0.050561
0.513,32.3545,0.055785
0.513,32.4783,0.06279
0.513,32.602,0.086272
0.513,32.7258,0.082434
0.513,32.8495,0.07496
0.513,32.9732,0.125802
0.513,33.097,0.105032
0.513,33.2207,0.151055
0.513,33.3445,0.215062
0.513,33.4682,0.272127
0.513,33.592,0.346209
0.513,33.7157,0.430688
0.513,33.8395,0.519214
0.513,33.9632,0.578611
0.513,34.087,0.683691
0.513,34.2107,0.735714
0.513,34.3344,0.769744
0.513,34.4582,0.764891
0.513,34.5819,0.727063
0.513,34.7057,0.695092
0.513,34.8294,0.609197
0.513,34.9532,0.529646
0.513,35.0769,0.447761
0.513,35.2007,0.314024
0.513,35.3244,0.274283
0.513,35.4482,0.219572
0.513,35.5719,0.151653
0.513,35.6957,0.115855
0.513,35.8194,0.106352
0.513,35.9431,0.072271
0.513,36.0669,0.07218
0.513,36.1906,0.050998
0.513,36.3144,0.046373
0.513,36.4381,0.048566
0.513,36.5619,0.042992
0.513,36.6856,0.048884
0.513,36.8094,0.053977
0.513,36.9331,0.047184
0.513,37.0569,0.05791
0.513,37.1806,0.069118
0.513,37.3043,0.045993
0.513,37.4281,0.05286
0.513,37.5518,0.032669
0.513,37.6756,0.07516
0.513,37.7993,0.07062
0.513,37.9231,0.037726
0.513,38.0468,0.041251
0.513,38.1706,0.074965
0.513,38.2943,0.06031
0.513,38.4181,0.052251
0.513,38.5418,0.070996
0.513,38.6656,0.058432
0.513,38.7893,0.066663
0.513,38.913,0.052531
0.513,39.0368,0.063884
0.513,39.1605,0.07384
0.513,39.2843,0.065397
0.513,39.408,0.084661
0.513,39.5318,0.073788
0.513,39.6555,0.076042
0.513,39.7793,0.081504
0.513,39.903,0.078857
0.513,40.0268,0.082776
0.513,40.1505,0.085616
0.513,40.2742,0.065898
0.513,40.398,0.05916
0.513,40.5217,0.099739
0.513,40.6455,0.082773
0.513,40.7692,0.071908
0.513,40.893,0.079548
0.513,41.0167,0.078113
0.513,41.1405,0.10324
0.513,41.2642,0.089841
0.513,41.388,0.078771
0.513,41.5117,0.067514
0.513,41.6355,0.050625
0.513,41.7592,0.063915
0.513,41.8829,0.071787
0.513,42.0067,0.055531
0.513,42.1304,0.041628
0.513,42.2542,0.056615
0.513,42.3779,0.069792
0.513,42.5017,0.028497
0.513,42.6254,0.071361
0.513,42.7492,0.059
0.513,42.8729,0.05546
0.513,42.9967,0.040216
0.513,43.1204,0.05097
0.513,43.2441,0.049608
0.513,43.3679,0.052642
0.513,43.4916,0.038406
0.513,43.6154,0.045594
0.513,43.7391,0.044104
0.513,43.8629,0.057006
0.513,43.9866,0.057543
0.513,44.1104,0.049087
0.513,44.2341,0.061094
0.513,44.3579,0.051944
0.513,44.4816,0.063382
0.513,44.6054,0.040474
0.513,44.7291,0.045886
0.513,44.8528,0.043943
0.513,44.9766,0.055192
0.513,45.1003,0.056649
0.513,45.2241,0.071679
0.513,45.3478,0.084888
0.513,45.4716,0.078184
0.513,45.5953,0.083293
0.513,45.7191,0.115583
0.513,45.8428,0.140784
0.513,45.9666,0.165764
0.513,46.0903,0.19684
0.513,46.214,0.264167
0.513,46.3378,0.290749
0.513,46.4615,0.363157
0.513,46.5853,0.390165
0.513,46.709,0.483956
0.513,46.8328,0.478984
0.513,46.9565,0.417027
0.513,47.0803,0.393314
0.513,47.204,0.321177
0.513,47.3278,0.279022
0.513,47.4515,0.213971
0.513,47.5753,0.16963
0.513,47.699,0.134925
0.513,47.8227,0.103608
0.513,47.9465,0.101685
0.513,48.0702,0.059939
0.513,48.194,0.050186
0.513,48.3177,0.090128
0.513,48.4415,0.045552
0.513,48.5652,0.058778
0.513,48.689,0.066543
0.513,48.8127,0.059863
0.513,48.9365,0.05096
0.513,49.0602,0.042405
0.513,49.1839,0.043895
0.513,49.3077,0.053579
0.513,49.4314,0.057067
0.513,49.5552,0.053157
0.513,49.6789,0.043734
0.513,49.8027,0.046899
0.513,49.9264,0.033187
0.513,50.0502,0.054617
0.513,50.1739,0.025321
0.513,50.2977,0.052462
0.513,50.4214,0.056297
0.513,50.5452,0.046015
0.513,50.6689,0.034636
0.513,50.7926,0.077319
0.513,50.9164,0.059949
0.513,51.0401,0.09178
0.513,51.1639,0.057315
0.513,51.2876,0.023908
0.513,51.4114,0.0705
0.513,51.5351,0.060213
0.513,51.6589,0.080209
0.513,51.7826,0.089365
0.513,51.9064,0.05328
0.513,52.0301,0.081899
0.513,52.1538,0.080004
0.513,52.2776,0.081804
0.513,52.4013,0.07059
0.513,52.5251,0.100884
0.513,52.6488,0.067006
0.513,52.7726,0.074856
0.513,52.8963,0.061523
0.513,53.0201,0.074148
0.513,53.1438,0.080802
0.513,53.2676,0.090442
0.513,53.3913,0.065709
0.513,53.5151,0.088008
0.513,53.6388,0.080566
0.513,53.7625,0.044607
0.513,53.8863,0.06787
0.513,54.01,0.097209
0.513,54.1338,0.042159
0.513,54.2575,0.046467
0.513,54.3813,0.040399
0.513,54.505,0.069523
0.513,54.6288,0.037585
0.513,54.7525,0.0733
0.513,54.8763,0.049772
0.513,55.0,0.044592
0.5217,18.0,0.057174
0.5217,18.1237,0.045303
0.5217,18.2475,0.043106
0.5217,18.3712,0.050339
0.5217,18.495,0.056823
0.5217,18.6187,0.041844
0.5217,18.7425,0.046524
0.5217,18.8662,0.047429
0.5217,18.99,0.082191
0.5217,19.1137,0.058069
0.5217,19.2375,0.050986
0.5217,19.3612,0.050537
0.5217,19.4849,0.055114
0.5217,19.6087,0.041409
0.5217,19.7324,0.051184
0.5217,19.8562,0.058282
0.5217,19.9799,0.066403
0.5217,20.1037,0.048327
0.5217,20.2274,0.066592
0.5217,20.3512,0.061341
0.5217,20.4749,0.070213
0.5217,20.5987,0.044712
0.5217,20.7224,0.065024
0.5217,20.8462,0.075356
0.5217,20.9699,0.090106
0.5217,21.0936,0.061586
0.5217,21.2174,0.075084
0.5217,21.3411,0.096279
0.5217,21.4649,0.080846
0.5217,21.5886,0.079926
0.5217,21.7124,0.070178
0.5217,21.8361,0.131904
0.5217,21.9599,0.060969
0.5217,22.0836,0.095308
0.5217,22.2074,0.091681
0.5217,22.3311,0.095234
0.5217,22.4548,0.078777
0.5217,22.5786,0.07482
0.5217,22.7023,0.077844
0.5217,22.8261,0.07105
0.5217,22.9498,0.064632
0.5217,23.0736,0.068971
0.5217,23.1973,0.076207
0.5217,23.3211,0.070974
0.5217,23.4448,0.065294
0.5217,23.5686,0.044355
0.5217,23.6923,0.084502
0.5217,23.8161,0.060175
0.5217,23.9398,0.065923
0.5217,24.0635,0.02472
0.5217,24.1873,0.044772
0.5217,24.311,0.071976
0.5217,24.4348,0.045469
0.5217,24.5585,0.036503
0.5217,24.6823,0.074299
0.5217,24.806,0.078419
0.5217,24.9298,0.123548
0.5217,25.0535,0.186029
0.5217,25.1773,0.310799
0.5217,25.301,0.475056
0.5217,25.4247,0.666218
0.5217,25.5485,0.857807
0.5217,25.6722,1.035437
0.5217,25.796,1.096835
0.5217,25.9197,1.049956
0.5217,26.0435,0.93449
0.5217,26.1672,0.740225
0.5217,26.291,0.532466
0.5217,26.4147,0.343519
0.5217,26.5385,0.230269
0.5217,26.6622,0.158255
0.5217,26.786,0.102687
0.5217,26.9097,0.094506
0.5217,27.0334,0.078879
0.5217,27.1572,0.077139
0.5217,27.2809,0.09148
0.5217,27.4047,0.078581
0.5217,27.5284,0.058181
0.5217,27.6522,0.090946
0.5217,27.7759,0.077021
0.5217,27.8997,0.077445
0.5217,28.0234,0.078141
0.5217,28.1472,0.035094
0.5217,28.2709,0.082887
0.5217,28.3946,0.082416
0.5217,28.5184,0.0765
0.5217,28.6421,0.101147
0.5217,28.7659,0.077581
0.5217,28.8896,0.078192
0.5217,29.0134,0.086328
0.5217,29.1371,0.071919
0.5217,29.2609,0.069287
0.5217,29.3846,0.058629
0.5217,29.5084,0.073185
0.5217,29.6321,0.052109
0.5217,29.7559,0.059632
0.5217,29.8796,0.069502
0.5217,30.0033,0.050113
0.5217,30.1271,0.039144
0.5217,30.2508,0.066752
0.5217,30.3746,0.050521
0.5217,30.4983,0.061799
0.5217,30.6221,0.037201
0.5217,30.7458,0.039102
0.5217,30.8696,0.051058
0.5217,30.9933,0.06128
0.5217,31.1171,0.044189
0.5217,31.2408,0.036626
0.5217,31.3645,0.055168
0.5217,31.4883,0.048285
0.5217,31.612,0.051845
0.5217,31.7358,0.043928
0.5217,31.8595,0.048327
0.5217,31.9833,0.061539
0.5217,32.107,0.059292
0.5217,32.2308,0.067346
0.5217,32.3545,0.062828
0.5217,32.4783,0.055596
0.5217,32.602,0.050591
0.5217,32.7258,0.071148
0.5217,32.8495,0.080519
0.5217,32.9732,0.101107
0.5217,33.097,0.140617
0.5217,33.2207,0.186319
0.5217,33.3445,0.194161
0.5217,33.4682,0.260093
0.5217,33.592,0.362095
0.5217,33.7157,0.409174
0.5217,33.8395,0.529077
0.5217,33.9632,0.630283
0.5217,34.087,0.677356
0.5217,34.2107,0.750474
0.5217,34.3344,0.787364
0.5217,34.4582,0.767756
0.5217,34.5819,0.735325
0.5217,34.7057,0.650854
0.5217,34.8294,0.606936
0.5217,34.9532,0.512231
0.5217,35.0769,0.417032
0.5217,35.2007,0.327668
0.5217,35.3244,0.246021
0.5217,35.4482,0.207674
0.5217,35.5719,0.171214
0.5217,35.6957,0.105498
0.5217,35.8194,0.107078
0.5217,35.9431,0.079664
0.5217,36.0669,0.048625
0.5217,36.1906,0.053904
0.5217,36.3144,0.068957
0.5217,36.4381,0.045731
0.5217,36.5619,0.071418
0.5217,36.6856,0.04462
0.5217,36.8094,0.042106
0.5217,36.9331,0.063064
0.5217,37.0569,0.048961
0.5217,37.1806,0.052827
0.5217,37.3043,0.073887
0.5217,37.4281,0.068939
0.5217,37.5518,0.056684
0.5217,37.6756,0.02711
0.5217,37.7993,0.049616
0.5217,37.9231,0.056758
0.5217,38.0468,0.058152
0.5217,38.1706,0.049947
0.5217,38.2943,0.04285
0.5217,38.4181,0.052367
0.5217,38.5418,0.074005
0.5217,38.6656,0.074763
0.5217,38.7893,0.049645
0.5217,38.913,0.069913
0.5217,39.0368,0.057568
0.5217,39.1605,0.060756
0.5217,39.2843,0.056789
0.5217,39.408,0.070935
0.5217,39.5318,0.088103
0.5217,39.6555,0.0758
0.5217,39.7793,0.082114
0.5217,39.903,0.067669
0.5217,40.0268,0.076152
0.5217,40.1505,0.088099
0.5217,40.2742,0.087197
0.5217,40.398,0.08813
0.5217,40.5217,0.083208
0.5217,40.6455,0.068246
0.5217,40.7692,0.063907
0.5217,40.893,0.085269
0.5217,41.0167,0.081371
0.5217,41.1405,0.061632
0.5217,41.2642,0.055055
0.5217,41.388,0.068486
0.5217,41.5117,0.079426
0.5217,41.6355,0.069969
0.5217,41.7592,0.060995
0.5217,41.8829,0.097153
0.5217,42.0067,0.07899
0.5217,42.1304,0.059486
0.5217,42.2542,0.059328
0.5217,42.3779,0.059291
0.5217,42.5017,0.053202
0.5217,42.6254,0.057572
0.5217,42.7492,0.047445
0.5217,42.8729,0.029256
0.5217,42.9967,0.035078
0.5217,43.1204,0.048265
0.5217,43.2441,0.058126
0.5217,43.3679,0.028255
0.5217,43.4916,0.037471
0.5217,43.6154,0.0663
0.5217,43.7391,0.028431
0.5217,43.8629,0.041055
0.5217,43.9866,0.050743
0.5217,44.1104,0.055561
0.5217,44.2341,0.057111
0.5217,44.3579,0.074126
0.5217,44.4816,0.03879
0.5217,44.6054,0.032485
0.5217,44.7291,0.06982
0.5217,44.8528,0.047949
0.5217,44.9766,0.055907
0.5217,45.1003,0.055609
0.5217,45.2241,0.073806
0.5217,45.3478,0.101805
0.5217,45.4716,0.067216
0.5217,45.5953,0.094883
0.5217,45.7191,0.120564
0.5217,45.8428,0.107401
0.5217,45.9666,0.161589
0.5217,46.0903,0.19958
0.5217,46.214,0.267696
0.5217,46.3378,0.314706
0.5217,46.4615,0.384821
0.5217,46.5853,0.42203
0.5217,46.709,0.45133
0.5217,46.8328,0.437603
0.5217,46.9565,0.43575
0.5217,47.0803,0.392562
0.5217,47.204,0.354035
0.5217,47.3278,0.276598
0.5217,47.4515,0.217053
0.5217,47.5753,0.176626
0.5217,47.699,0.122477
0.5217,47.8227,0.115837
0.5217,47.9465,0.078014
0.5217,48.0702,0.087328
0.5217,48.194,0.072935
0.5217,48.3177,0.054244
0.5217,48.4415,0.058052
0.5217,48.5652,0.044124
0.5217,48.689,0.059418
0.5217,48.8127,0.053859
0.5217,48.9365,0.045607
0.5217,49.0602,0.035827
0.5217,49.1839,0.039459
0.5217,49.3077,0.052899
0.5217,49.4314,0.051487
0.5217,49.5552,0.036807
0.5217,49.6789,0.023003
0.5217,49.8027,0.045254
0.5217,49.9264,0.033748
0.5217,50.0502,0.062975
0.5217,50.1739,0.059673
0.5217,50.2977,0.065039
0.5217,50.4214,0.039483
0.5217,50.5452,0.043648
0.5217,50.6689,0.030496
0.5217,50.7926,0.062898
0.5217,50.9164,0.062609
0.5217,51.0401,0.082897
0.5217,51.1639,0.046703
0.5217,51.2876,0.07165
0.5217,51.4114,0.067474
0.5217,51.5351,0.062038
0.5217,51.6589,0.070049
0.5217,51.7826,0.076228
0.5217,51.9064,0.071583
0.5217,52.0301,0.078159
0.5217,52.1538,0.065842
0.5217,52.2776,0.082419
0.5217,52.4013,0.08067
0.5217,52.5251,0.084692
0.5217,52.6488,0.112559
0.5217,52.7726,0.082606
0.5217,52.8963,0.06334
0.5217,53.0201,0.073406
0.5217,53.1438,0.061693
0.5217,53.2676,0.090968
0.5217,53.3913,0.093216
0.5217,53.5151,0.073213
0.5217,53.6388,0.062547
0.5217,53.7625,0.062593
0.5217,53.8863,0.066534
0.5217,54.01,0.07518
0.5217,54.1338,0.071719
0.5217,54.2575,0.037592
0.5217,54.3813,0.027484
0.5217,54.505,0.050233
0.5217,54.6288,0.035781
0.5217,54.7525,0.028549
0.5217,54.8763,0.039736
0.5217,55.0,0.036635
0.5304,18.0,0.049825
0.5304,18.1237,0.063418
0.5304,18.2475,0.061431
0.5304,18.3712,0.055243
0.5304,18.495,0.053978
0.5304,18.6187,0.032462
0.5304,18.7425,0.056473
0.5304,18.8662,0.043329
0.5304,18.99,0.02992
0.5304,19.1137,0.035378
0.5304,19.2375,0.056581
0.5304,19.3612,0.048153
0.5304,19.4849,0.03672
0.5304,19.6087,0.071465
0.5304,19.7324,0.054968
0.5304,19.8562,0.026889
0.5304,19.9799,0.034629
0.5304,20.1037,0.040664
0.5304,20.2274,0.042761
0.5304,20.3512,0.080018
0.5304,20.4749,0.068223
0.5304,20.5987,0.04627
0.5304,20.7224,0.06001
0.5304,20.8462,0.072536
0.5304,20.9699,0.046418
0.5304,21.0936,0.072566
0.5304,21.2174,0.088572
0.5304,21.3411,0.069002
0.5304,21.4649,0.069562
0.5304,21.5886,0.069292
0.5304,21.7124,0.073614
0.5304,21.8361,0.082492
0.5304,21.9599,0.063262
0.5304,22.0836,0.083077
0.5304,22.2074,0.072305
0.5304,22.3311,0.08884
0.5304,22.4548,0.086473
0.5304,22.5786,0.048932
0.5304,22.7023,0.066779
0.5304,22.8261,0.062938
0.5304,22.9498,0.089425
0.5304,23.0736,0.076879
0.5304,23.1973,0.043058
0.5304,23.3211,0.059144
0.5304,23.4448,0.072307
0.5304,23.5686,0.058862
0.5304,23.6923,0.03641
0.5304,23.8161,0.064637
0.5304,23.9398,0.075263
0.5304,24.0635,0.057742
0.5304,24.1873,0.065726
0.5304,24.311,0.076443
0.5304,24.4348,0.061185
0.5304,24.5585,0.041547
0.5304,24.6823,0.062252
0.5304,24.806,0.081675
0.5304,24.9298,0.101935
0.5304,25.0535,0.187036
0.5304,25.1773,0.300683
0.5304,25.301,0.440945
0.5304,25.4247,0.614834
0.5304,25.5485,0.83568
0.5304,25.6722,1.009474
0.5304,25.796,1.080485
0.5304,25.9197,1.089081
0.5304,26.0435,0.962581
0.5304,26.1672,0.748589
0.5304,26.291,0.543478
0.5304,26.4147,0.389762
0.5304,26.5385,0.262027
0.5304,26.6622,0.175164
0.5304,26.786,0.096988
0.5304,26.9097,0.094084
0.5304,27.0334,0.066196
0.5304,27.1572,0.07522
0.5304,27.2809,0.060096
0.5304,27.4047,0.090449
0.5304,27.5284,0.074004
0.5304,27.6522,0.091297
0.5304,27.7759,0.087058
0.5304,27.8997,0.075351
0.5304,28.0234,0.098664
0.5304,28.1472,0.083683
0.5304,28.2709,0.05391
0.5304,28.3946,0.063776
0.5304,28.5184,0.088834
0.5304,28.6421,0.052535
0.5304,28.7659,0.102016
0.5304,28.8896,0.065815
0.5304,29.0134,0.069705
0.5304,29.1371,0.102563
0.5304,29.2609,0.071038
0.5304,29.3846,0.059892
0.5304,29.5084,0.034013
0.5304,29.6321,0.050308
0.5304,29.7559,0.033532
0.5304,29.8796,0.048187
0.5304,30.0033,0.053786
0.5304,30.1271,0.051988
0.5304,30.2508,0.064083
0.5304,30.3746,0.053314
0.5304,30.4983,0.04616
0.5304,30.6221,0.050295
0.5304,30.7458,0.03173
0.5304,30.8696,0.04181
0.5304,30.9933,0.043682
0.5304,31.1171,0.046363
0.5304,31.2408,0.05723
0.5304,31.3645,0.049638
0.5304,31.4883,0.025158
0.5304,31.612,0.030722
0.5304,31.7358,0.064469
0.5304,31.8595,0.038769
0.5304,31.9833,0.053849
0.5304,32.107,0.039088
0.5304,32.2308,0.066656
0.5304,32.3545,0.060158
0.5304,32.4783,0.058812
0.5304,32.602,0.051173
0.5304,32.7258,0.063833
0.5304,32.8495,0.103285
0.5304,32.9732,0.097109
0.5304,33.097,0.140721
0.5304,33.2207,0.137611
0.5304,33.3445,0.215637
0.5304,33.4682,0.278042
0.5304,33.592,0.341582
0.5304,33.7157,0.444859
0.5304,33.8395,0.490701
0.5304,33.9632,0.622759
0.5304,34.087,0.699638
0.5304,34.2107,0.759134
0.5304,34.3344,0.76211
0.5304,34.4582,0.784601
0.5304,34.5819,0.721742
0.5304,34.7057,0.675977
0.5304,34.8294,0.594836
0.5304,34.9532,0.50485
0.5304,35.0769,0.410638
0.5304,35.2007,0.312155
0.5304,35.3244,0.256493
0.5304,35.4482,0.176283
0.5304,35.5719,0.166784
0.5304,35.6957,0.107337
0.5304,35.8194,0.109139
0.5304,35.9431,0.072021
0.5304,36.0669,0.061694
0.5304,36.1906,0.037722
0.5304,36.3144,0.084632
0.5304,36.4381,0.040403
0.5304,36.5619,0.051029
0.5304,36.6856,0.045633
0.5304,36.8094,0.033647
0.5304,36.9331,0.039561
0.5304,37.0569,0.05695
0.5304,37.1806,0.038761
0.5304,37.3043,0.029678
0.5304,37.4281,0.058896
0.5304,37.5518,0.051677
0.5304,37.6756,0.060899
0.5304,37.7993,0.025898
0.5304,37.9231,0.041612
0.5304,38.0468,0.037975
0.5304,38.1706,0.052737
0.5304,38.2943,0.06017
0.5304,38.4181,0.073873
0.5304,38.5418,0.085931
0.5304,38.6656,0.047342
0.5304,38.7893,0.049122
0.5304,38.913,0.057918
0.5304,39.0368,0.077349
0.5304,39.1605,0.07221
0.5304,39.2843,0.068168
0.5304,39.408,0.077787
0.5304,39.5318,0.076947
0.5304,39.6555,0.08171
0.5304,39.7793,0.072743
0.5304,39.903,0.093706
0.5304,40.0268,0.087413
0.5304,40.1505,0.067794
0.5304,40.2742,0.07942
0.5304,40.398,0.067281
0.5304,40.5217,0.086928
0.5304,40.6455,0.075603
0.5304,40.7692,0.045957
0.5304,40.893,0.099006
0.5304,41.0167,0.062427
0.5304,41.1405,0.080831
0.5304,41.2642,0.077218
0.5304,41.388,0.083716
0.5304,41.5117,0.060283
0.5304,41.6355,0.039705
0.5304,41.7592,0.057563
0.5304,41.8829,0.050319
0.5304,42.0067,0.040116
0.5304,42.1304,0.045426
0.5304,42.2542,0.036118
0.5304,42.3779,0.075771
0.5304,42.5017,0.040149
0.5304,42.6254,0.057459
0.5304,42.7492,0.051161
0.5304,42.8729,0.048046
0.5304,42.9967,0.070534
0.5304,43.1204,0.052236
0.5304,43.2441,0.035811
0.5304,43.3679,0.0336
0.5304,43.4916,0.026218
0.5304,43.6154,0.048472
0.5304,43.7391,0.028484
0.5304,43.8629,0.022883
0.5304,43.9866,0.057904
0.5304,44.1104,0.067852
0.5304,44.2341,0.042271
0.5304,44.3579,0.035658
0.5304,44.4816,0.05941
0.5304,44.6054,0.081409
0.5304,44.7291,0.091917
0.5304,44.8528,0.06128
0.5304,44.9766,0.060893
0.5304,45.1003,0.049156
0.5304,45.2241,0.095815
0.5304,45.3478,0.072652
0.5304,45.4716,0.104076
0.5304,45.5953,0.091622
0.5304,45.7191,0.115553
0.5304,45.8428,0.140452
0.5304,45.9666,0.160432
0.5304,46.0903,0.218528
0.5304,46.214,0.258129
0.5304,46.3378,0.305294
0.5304,46.4615,0.385441
0.5304,46.5853,0.429791
0.5304,46.709,0.424908
0.5304,46.8328,0.481004
0.5304,46.9565,0.41326
0.5304,47.0803,0.407566
0.5304,47.204,0.338918
0.5304,47.3278,0.293038
0.5304,47.4515,0.217821
0.5304,47.5753,0.184531
0.5304,47.699,0.150382
0.5304,47.8227,0.103671
0.5304,47.9465,0.088496
0.5304,48.0702,0.075057
0.5304,48.194,0.065131
0.5304,48.3177,0.05388
0.5304,48.4415,0.029592
0.5304,48.5652,0.058254
0.5304,48.689,0.05412
0.5304,48.8127,0.053746
0.5304,48.9365,0.057293
0.5304,49.0602,0.053216
0.5304,49.1839,0.054086
0.5304,49.3077,0.072488
0.5304,49.4314,0.03721
0.5304,49.5552,0.033756
0.5304,49.6789,0.051595
0.5304,49.8027,0.038308
0.5304,49.9264,0.063206
0.5304,50.0502,0.054541
0.5304,50.1739,0.068812
0.5304,50.2977,0.076158
0.5304,50.4214,0.061895
0.5304,50.5452,0.05677
0.5304,50.6689,0.061531
0.5304,50.7926,0.06383
0.5304,50.9164,0.070238
0.5304,51.0401,0.071197
0.5304,51.1639,0.095793
0.5304,51.2876,0.067732
0.5304,51.4114,0.063037
0.5304,51.5351,0.082661
0.5304,51.6589,0.101425
0.5304,51.7826,0.07903
0.5304,51.9064,0.063862
0.5304,52.0301,0.061994
0.5304,52.1538,0.084953
0.5304,52.2776,0.06119
0.5304,52.4013,0.076332
0.5304,52.5251,0.095528
0.5304,52.6488,0.09774
0.5304,52.7726,0.086179
0.5304,52.8963,0.100549
0.5304,53.0201,0.090142
0.5304,53.1438,0.078728
0.5304,53.2676,0.039663
0.5304,53.3913,0.062115
0.5304,53.5151,0.065589
0.5304,53.6388,0.04368
0.5304,53.7625,0.054924
0.5304,53.8863,0.058874
0.5304,54.01,0.065663
0.5304,54.1338,0.060897
0.5304,54.2575,0.062481
0.5304,54.3813,0.061491
0.5304,54.505,0.063134
0.5304,54.6288,0.037904
0.5304,54.7525,0.0733
0.5304,54.8763,0.021644
0.5304,55.0,0.077556
0.5391,18.0,0.058567
0.5391,18.1237,0.050927
0.5391,18.2475,0.061471
0.5391,18.3712,0.03982
0.5391,18.495,0.063187
0.5391,18.6187,0.051124
0.5391,18.7425,0.051703
0.5391,18.8662,0.029283
0.5391,18.99,0.041336
0.5391,19.1137,0.063536
0.5391,19.2375,0.063684
0.5391,19.3612,0.0405
0.5391,19.4849,0.050917
0.5391,19.6087,0.058064
0.5391,19.7324,0.048784
0.5391,19.8562,0.049673
0.5391,19.9799,0.045822
0.5391,20.1037,0.034016
0.5391,20.2274,0.064471
0.5391,20.3512,0.041856
0.5391,20.4749,0.047778
0.5391,20.5987,0.069922
0.5391,20.7224,0.08064
0.5391,20.8462,0.090744
0.5391,20.9699,0.077385
0.5391,21.0936,0.072689
0.5391,21.2174,0.066134
0.5391,21.3411,0.073578
0.5391,21.4649,0.097896
0.5391,21.5886,0.070826
0.5391,21.7124,0.081588
0.5391,21.8361,0.08454
0.5391,21.9599,0.075352
0.5391,22.0836,0.089186
0.5391,22.2074,0.07683
0.5391,22.3311,0.089516
0.5391,22.4548,0.068956
0.5391,22.5786,0.068297
0.5391,22.7023,0.076845
0.5391,22.8261,0.05538
0.5391,22.9498,0.074794
0.5391,23.0736,0.0905
0.5391,23.1973,0.074442
0.5391,23.3211,0.077933
0.5391,23.4448,0.063933
0.5391,23.5686,0.072408
0.5391,23.6923,0.026186
0.5391,23.8161,0.042797
0.5391,23.9398,0.050323
0.5391,24.0635,0.056141
0.5391,24.1873,0.021417
0.5391,24.311,0.076171
0.5391,24.4348,0.040021
0.5391,24.5585,0.049459
0.5391,24.6823,0.083063
0.5391,24.806,0.080169
0.5391,24.9298,0.104952
0.5391,25.0535,0.160614
0.5391,25.1773,0.271843
0.5391,25.301,0.419438
0.5391,25.4247,0.590285
0.5391,25.5485,0.801425
0.5391,25.6722,0.985693
0.5391,25.796,1.085883
0.5391,25.9197,1.077647
0.5391,26.0435,0.98901
0.5391,26.1672,0.794949
0.5391,26.291,0.587015
0.5391,26.4147,0.421556
0.5391,26.5385,0.270889
0.5391,26.6622,0.157987
0.5391,26.786,0.116832
0.5391,26.9097,0.088484
0.5391,27.0334,0.068313
0.5391,27.1572,0.054402
0.5391,27.2809,0.079345
0.5391,27.4047,0.066596
0.5391,27.5284,0.04966
0.5391,27.6522,0.063713
0.5391,27.7759,0.102253
0.5391,27.8997,0.10878
0.5391,28.0234,0.087412
0.5391,28.1472,0.082827
0.5391,28.2709,0.073132
0.5391,28.3946,0.073239
0.5391,28.5184,0.076848
0.5391,28.6421,0.09201
0.5391,28.7659,0.074689
0.5391,28.8896,0.083838
0.5391,29.0134,0.072195
0.5391,29.1371,0.06081
0.5391,29.2609,0.06375
0.5391,29.3846,0.070279
0.5391,29.5084,0.056425
0.5391,29.6321,0.057643
0.5391,29.7559,0.078967
0.5391,29.8796,0.051539
0.5391,30.0033,0.035131
0.5391,30.1271,0.034939
0.5391,30.2508,0.074299
0.5391,30.3746,0.062954
0.5391,30.4983,0.056583
0.5391,30.6221,0.037514
0.5391,30.7458,0.054371
0.5391,30.8696,0.06376
0.5391,30.9933,0.048965
0.5391,31.1171,0.037455
0.5391,31.2408,0.04092
0.5391,31.3645,0.068001
0.5391,31.4883,0.062207
0.5391,31.612,0.033648
0.5391,31.7358,0.045055
0.5391,31.8595,0.078268
0.5391,31.9833,0.057434
0.5391,32.107,0.051142
0.5391,32.2308,0.039179
0.5391,32.3545,0.05698
0.5391,32.4783,0.075543
0.5391,32.602,0.062752
0.5391,32.7258,0.061759
0.5391,32.8495,0.107608
0.5391,32.9732,0.103722
0.5391,33.097,0.131267
0.5391,33.2207,0.170718
0.5391,33.3445,0.214736
0.5391,33.4682,0.284871
0.5391,33.592,0.350056
0.5391,33.7157,0.464524
0.5391,33.8395,0.537616
0.5391,33.9632,0.63957
0.5391,34.087,0.691799
0.5391,34.2107,0.7627
0.5391,34.3344,0.785353
0.5391,34.4582,0.77378
0.5391,34.5819,0.718577
0.5391,34.7057,0.688259
0.5391,34.8294,0.601491
0.5391,34.9532,0.491618
0.5391,35.0769,0.424582
0.5391,35.2007,0.340474
0.5391,35.3244,0.249569
0.5391,35.4482,0.193296
0.5391,35.5719,0.123266
0.5391,35.6957,0.1234
0.5391,35.8194,0.104291
0.5391,35.9431,0.088373
0.5391,36.0669,0.072675
0.5391,36.1906,0.053521
0.5391,36.3144,0.029797
0.5391,36.4381,0.039121
0.5391,36.5619,0.022664
0.5391,36.6856,0.058516
0.5391,36.8094,0.049495
0.5391,36.9331,0.069488
0.5391,37.0569,0.04143
0.5391,37.1806,0.062681
0.5391,37.3043,0.01452
0.5391,37.4281,0.038591
0.5391,37.5518,0.051267
0.5391,37.6756,0.033906
0.5391,37.7993,0.041319
0.5391,37.9231,0.031943
0.5391,38.0468,0.014631
0.5391,38.1706,0.043366
0.5391,38.2943,0.061702
0.5391,38.4181,0.05981
0.5391,38.5418,0.054246
0.5391,38.6656,0.087864
0.5391,38.7893,0.07819
0.5391,38.913,0.072845
0.5391,39.0368,0.080189
0.5391,39.1605,0.049831
0.5391,39.2843,0.062092
0.5391,39.408,0.096266
0.5391,39.5318,0.0832
0.5391,39.6555,0.074241
0.5391,39.7793,0.084153
0.5391,39.903,0.076231
0.5391,40.0268,0.069229
0.5391,40.1505,0.052179
0.5391,40.2742,0.082948
0.5391,40.398,0.080338
0.5391,40.5217,0.067653
0.5391,40.6455,0.050851
0.5391,40.7692,0.078893
0.5391,40.893,0.054869
0.5391,41.0167,0.065906
0.5391,41.1405,0.065089
0.5391,41.2642,0.077629
0.5391,41.388,0.05946
0.5391,41.5117,0.054199
0.5391,41.6355,0.040134
0.5391,41.7592,0.054558
0.5391,41.8829,0.044901
0.5391,42.0067,0.042811
0.5391,42.1304,0.05734
0.5391,42.2542,0.050892
0.5391,42.3779,0.044308
0.5391,42.5017,0.052008
0.5391,42.6254,0.029482
0.5391,42.7492,0.040747
0.5391,42.8729,0.044064
0.5391,42.9967,0.056393
0.5391,43.1204,0.056055
0.5391,43.2441,0.044087
0.5391,43.3679,0.058582
0.5391,43.4916,0.066148
0.5391,43.6154,0.057214
0.5391,43.7391,0.026583
0.5391,43.8629,0.052064
0.5391,43.9866,0.045681
0.5391,44.1104,0.044906
0.5391,44.2341,0.046943
0.5391,44.3579,0.037914
0.5391,44.4816,0.062389
0.5391,44.6054,0.054549
0.5391,44.7291,0.047509
0.5391,44.8528,0.067148
0.5391,44.9766,0.060969
0.5391,45.1003,0.066621
0.5391,45.2241,0.079882
0.5391,45.3478,0.076345
0.5391,45.4716,0.086265
0.5391,45.5953,0.089952
0.5391,45.7191,0.08822
0.5391,45.8428,0.10472
0.5391,45.9666,0.17098
0.5391,46.0903,0.231636
0.5391,46.214,0.276041
0.5391,46.3378,0.329652
0.5391,46.4615,0.354914
0.5391,46.5853,0.441064
0.5391,46.709,0.461835
0.5391,46.8328,0.446444
0.5391,46.9565,0.442592
0.5391,47.0803,0.409366
0.5391,47.204,0.323289
0.5391,47.3278,0.288949
0.5391,47.4515,0.224617
0.5391,47.5753,0.158469
0.5391,47.699,0.113077
0.5391,47.8227,0.080252
0.5391,47.9465,0.058715
0.5391,48.0702,0.054265
0.5391,48.194,0.078903
0.5391,48.3177,0.073633
0.5391,48.4415,0.057301
0.5391,48.5652,0.033147
0.5391,48.689,0.061155
0.5391,48.8127,0.024988
0.5391,48.9365,0.049789
0.5391,49.0602,0.050605
0.5391,49.1839,0.037554
0.5391,49.3077,0.034361
0.5391,49.4314,0.049797
0.5391,49.5552,0.061953
0.5391,49.6789,0.052829
0.5391,49.8027,0.045157
0.5391,49.9264,0.067699
0.5391,50.0502,0.066111
0.5391,50.1739,0.043585
0.5391,50.2977,0.049287
0.5391,50.4214,0.057157
0.5391,50.5452,0.05449
0.5391,50.6689,0.053602
0.5391,50.7926,0.068247
0.5391,50.9164,0.068488
0.5391,51.0401,0.052037
0.5391,51.1639,0.029535
0.5391,51.2876,0.073168
0.5391,51.4114,0.087923
0.5391,51.5351,0.087369
0.5391,51.6589,0.08015
0.5391,51.7826,0.066343
0.5391,51.9064,0.06621
0.5391,52.0301,0.082743
0.5391,52.1538,0.083181
0.5391,52.2776,0.079863
0.5391,52.4013,0.089133
0.5391,52.5251,0.099782
0.5391,52.6488,0.084702
0.5391,52.7726,0.071126
0.5391,52.8963,0.085989
0.5391,53.0201,0.094125
0.5391,53.1438,0.075948
0.5391,53.2676,0.035489
0.5391,53.3913,0.067463
0.5391,53.5151,0.062258
0.5391,53.6388,0.071093
0.5391,53.7625,0.047081
0.5391,53.8863,0.060822
0.5391,54.01,0.051958
0.5391,54.1338,0.066164
0.5391,54.2575,0.041283
0.5391,54.3813,0.045539
0.5391,54.505,0.03429
0.5391,54.6288,0.02774
0.5391,54.7525,0.039576
0.5391,54.8763,0.035214
0.5391,55.0,0.051252
0.5478,18.0,0.048607
0.5478,18.1237,0.060732
0.5478,18.2475,0.063484
0.5478,18.3712,0.062355
0.5478,18.495,0.045641
0.5478,18.6187,0.066311
0.5478,18.7425,0.053855
0.5478,18.8662,0.017009
0.5478,18.99,0.047239
0.5478,19.1137,0.056853
0.5478,19.2375,0.075498
0.5478,19.3612,0.032094
0.5478,19.4849,0.047036
0.5478,19.6087,0.056735
0.5478,19.7324,0.054727
0.5478,19.8562,0.046917
0.5478,19.9799,0.066519
0.5478,20.1037,0.072046
0.5478,20.2274,0.073038
0.5478,20.3512,0.059226
0.5478,20.4749,0.084349
0.5478,20.5987,0.072665
0.5478,20.7224,0.053327
0.5478,20.8462,0.068581
0.5478,20.9699,0.078562
0.5478,21.0936,0.08268
0.5478,21.2174,0.072217
0.5478,21.3411,0.061463
0.5478,21.4649,0.072516
0.5478,21.5886,0.07309
0.5478,21.7124,0.072294
0.5478,21.8361,0.089818
0.5478,21.9599,0.064551
0.5478,22.0836,0.094209
0.5478,22.2074,0.112013
0.5478,22.3311,0.074042
0.5478,22.4548,0.080862
0.5478,22.5786,0.058951
0.5478,22.7023,0.09952
0.5478,22.8261,0.058789
0.5478,22.9498,0.055448
0.5478,23.0736,0.057878
0.5478,23.1973,0.049842
0.5478,23.3211,0.068992
0.5478,23.4448,0.079513
0.5478,23.5686,0.054687
0.5478,23.6923,0.058851
0.5478,23.8161,0.04876
0.5478,23.9398,0.054697
0.5478,24.0635,0.048093
0.5478,24.1873,0.049734
0.5478,24.311,0.023085
0.5478,24.4348,0.046711
0.5478,24.5585,0.03799
0.5478,24.6823,0.06301
0.5478,24.806,0.040823
0.5478,24.9298,0.093439
0.5478,25.0535,0.14365
0.5478,25.1773,0.253012
0.5478,25.301,0.382919
0.5478,25.4247,0.560259
0.5478,25.5485,0.775194
0.5478,25.6722,0.938988
0.5478,25.796,1.084467
0.5478,25.9197,1.106479
0.5478,26.0435,1.003634
0.5478,26.1672,0.829156
0.5478,26.291,0.660821
0.5478,26.4147,0.455348
0.5478,26.5385,0.29904
0.5478,26.6622,0.179245
0.5478,26.786,0.11586
0.5478,26.9097,0.096381
0.5478,27.0334,0.08933
0.5478,27.1572,0.081367
0.5478,27.2809,0.081615
0.5478,27.4047,0.086056
0.5478,27.5284,0.077914
0.5478,27.6522,0.074657
0.5478,27.7759,0.080673
0.5478,27.8997,0.097162
0.5478,28.0234,0.074662
0.5478,28.1472,0.084207
0.5478,28.2709,0.080215
0.5478,28.3946,0.089726
0.5478,28.5184,0.099634
0.5478,28.6421,0.072725
0.5478,28.7659,0.081728
0.5478,28.8896,0.073063
0.5478,29.0134,0.081797
0.5478,29.1371,0.063536
0.5478,29.2609,0.077133
0.5478,29.3846,0.052029
0.5478,29.5084,0.076802
0.5478,29.6321,0.051207
0.5478,29.7559,0.067996
0.5478,29.8796,0.073452
0.5478,30.0033,0.040294
0.5478,30.1271,0.051496
0.5478,30.2508,0.040565
0.5478,30.3746,0.059817
0.5478,30.4983,0.045995
0.5478,30.6221,0.042636
0.5478,30.7458,0.041984
0.5478,30.8696,0.041288
0.5478,30.9933,0.032273
0.5478,31.1171,0.073054
0.5478,31.2408,0.069892
0.5478,31.3645,0.037198
0.5478,31.4883,0.04133
0.5478,31.612,0.038581
0.5478,31.7358,0.061975
0.5478,31.8595,0.065769
0.5478,31.9833,0.064013
0.5478,32.107,0.062753
0.5478,32.2308,0.050706
0.5478,32.3545,0.037896
0.5478,32.4783,0.065569
0.5478,32.602,0.060964
0.5478,32.7258,0.073435
0.5478,32.8495,0.095483
0.5478,32.9732,0.132528
0.5478,33.097,0.150018
0.5478,33.2207,0.17731
0.5478,33.3445,0.221427
0.5478,33.4682,0.27101
0.5478,33.592,0.366056
0.5478,33.7157,0.464465
0.5478,33.8395,0.544271
0.5478,33.9632,0.645993
0.5478,34.087,0.697902
0.5478,34.2107,0.761419
0.5478,34.3344,0.791842
0.5478,34.4582,0.776795
0.5478,34.5819,0.726226
0.5478,34.7057,0.659572
0.5478,34.8294,0.590471
0.5478,34.9532,0.482
0.5478,35.0769,0.398015
0.5478,35.2007,0.299321
0.5478,35.3244,0.24127
0.5478,35.4482,0.177245
0.5478,35.5719,0.135296
0.5478,35.6957,0.099669
0.5478,35.8194,0.08017
0.5478,35.9431,0.097909
0.5478,36.0669,0.096812
0.5478,36.1906,0.038428
0.5478,36.3144,0.043623
0.5478,36.4381,0.068995
0.5478,36.5619,0.052893
0.5478,36.6856,0.034439
0.5478,36.8094,0.061773
0.5478,36.9331,0.017714
0.5478,37.0569,0.059684
0.5478,37.1806,0.050335
0.5478,37.3043,0.025786
0.5478,37.4281,0.047892
0.5478,37.5518,0.04291
0.5478,37.6756,0.026115
0.5478,37.7993,0.04635
0.5478,37.9231,0.040872
0.5478,38.0468,0.039185
0.5478,38.1706,0.052511
0.5478,38.2943,0.065968
0.5478,38.4181,0.04678
0.5478,38.5418,0.085589
0.5478,38.6656,0.047879
0.5478,38.7893,0.084517
0.5478,38.913,0.073393
0.5478,39.0368,0.08716
0.5478,39.1605,0.072079
0.5478,39.2843,0.097774
0.5478,39.408,0.08987
0.5478,39.5318,0.084499
0.5478,39.6555,0.08015
0.5478,39.7793,0.065041
0.5478,39.903,0.058995
0.5478,40.0268,0.058356
0.5478,40.1505,0.081485
0.5478,40.2742,0.089475
0.5478,40.398,0.095756
0.5478,40.5217,0.075944
0.5478,40.6455,0.071757
0.5478,40.7692,0.08243
0.5478,40.893,0.077651
0.5478,41.0167,0.095837
0.5478,41.1405,0.066473
0.5478,41.2642,0.065941
0.5478,41.388,0.064891
0.5478,41.5117,0.091777
0.5478,41.6355,0.066184
0.5478,41.7592,0.079183
0.5478,41.8829,0.04786
0.5478,42.0067,0.036568
0.5478,42.1304,0.038662
0.5478,42.2542,0.05875
0.5478,42.3779,0.043407
0.5478,42.5017,0.052789
0.5478,42.6254,0.046646
0.5478,42.7492,0.069558
0.5478,42.8729,0.055858
0.5478,42.9967,0.051069
0.5478,43.1204,0.020504
0.5478,43.2441,0.067355
0.5478,43.3679,0.064169
0.5478,43.4916,0.045029
0.5478,43.6154,0.052853
0.5478,43.7391,0.048509
0.5478,43.8629,0.043598
0.5478,43.9866,0.043856
0.5478,44.1104,0.065095
0.5478,44.2341,0.061183
0.5478,44.3579,0.078615
0.5478,44.4816,0.065129
0.5478,44.6054,0.063955
0.5478,44.7291,0.051699
0.5478,44.8528,0.048671
0.5478,44.9766,0.06161
0.5478,45.1003,0.067315
0.5478,45.2241,0.086068
0.5478,45.3478,0.080121
0.5478,45.4716,0.076018
0.5478,45.5953,0.096798
0.5478,45.7191,0.116479
0.5478,45.8428,0.106334
0.5478,45.9666,0.167762
0.5478,46.0903,0.223737
0.5478,46.214,0.254586
0.5478,46.3378,0.323047
0.5478,46.4615,0.390774
0.5478,46.5853,0.426626
0.5478,46.709,0.457086
0.5478,46.8328,0.458322
0.5478,46.9565,0.448297
0.5478,47.0803,0.39176
0.5478,47.204,0.351535
0.5478,47.3278,0.277019
0.5478,47.4515,0.207506
0.5478,47.5753,0.169225
0.5478,47.699,0.11485
0.5478,47.8227,0.088997
0.5478,47.9465,0.070273
0.5478,48.0702,0.069274
0.5478,48.194,0.06467
0.5478,48.3177,0.052989
0.5478,48.4415,0.036202
0.5478,48.5652,0.058304
0.5478,48.689,0.023818
0.5478,48.8127,0.054008
0.5478,48.9365,0.050334
0.5478,49.0602,0.018427
0.5478,49.1839,0.061133
0.5478,49.3077,0.06606
0.5478,49.4314,0.040351
0.5478,49.5552,0.020914
0.5478,49.6789,0.042539
0.5478,49.8027,0.050782
0.5478,49.9264,0.069348
0.5478,50.0502,0.05967
0.5478,50.1739,0.048692
0.5478,50.2977,0.066542
0.5478,50.4214,0.046275
0.5478,50.5452,0.03671
0.5478,50.6689,0.030326
0.5478,50.7926,0.07502
0.5478,50.9164,0.047173
0.5478,51.0401,0.077729
0.5478,51.1639,0.089856
0.5478,51.2876,0.061291
0.5478,51.4114,0.090283
0.5478,51.5351,0.093808
0.5478,51.6589,0.100174
0.5478,51.7826,0.101877
0.5478,51.9064,0.066003
0.5478,52.0301,0.085033
0.5478,52.1538,0.061507
0.5478,52.2776,0.08471
0.5478,52.4013,0.066421
0.5478,52.5251,0.086577
0.5478,52.6488,0.085511
0.5478,52.7726,0.077806
0.5478,52.8963,0.053863
0.5478,53.0201,0.055195
0.5478,53.1438,0.070573
0.5478,53.2676,0.081716
0.5478,53.3913,0.056198
0.5478,53.5151,0.048542
0.5478,53.6388,0.077517
0.5478,53.7625,0.043922
0.5478,53.8863,0.060239
0.5478,54.01,0.035136
0.5478,54.1338,0.056824
0.5478,54.2575,0.027156
0.5478,54.3813,0.055294
0.5478,54.505,0.059786
0.5478,54.6288,0.044248
0.5478,54.7525,0.047499
0.5478,54.8763,0.0624
0.5478,55.0,0.042786
0.5565,18.0,0.065933
0.5565,18.1237,0.048021
0.5565,18.2475,0.035668
0.5565,18.3712,0.053532
0.5565,18.495,0.022013
0.5565,18.6187,0.033337
0.5565,18.7425,0.065273
0.5565,18.8662,0.046801
0.5565,18.99,0.03187
0.5565,19.1137,0.071864
0.5565,19.2375,0.029171
0.5565,19.3612,0.044755
0.5565,19.4849,0.04113
0.5565,19.6087,0.067398
0.5565,19.7324,0.035055
0.5565,19.8562,0.048555
0.5565,19.9799,0.068756
0.5565,20.1037,0.052582
0.5565,20.2274,0.075937
0.5565,20.3512,0.060796
0.5565,20.4749,0.05837
0.5565,20.5987,0.081821
0.5565,20.7224,0.067151
0.5565,20.8462,0.061625
0.5565,20.9699,0.059147
0.5565,21.0936,0.069594
0.5565,21.2174,0.071331
0.5565,21.3411,0.07012
0.5565,21.4649,0.078203
0.5565,21.5886,0.099395
0.5565,21.7124,0.090118
0.5565,21.8361,0.111474
0.5565,21.9599,0.065238
0.5565,22.0836,0.083913
0.5565,22.2074,0.073786
0.5565,22.3311,0.075165
0.5565,22.4548,0.09423
0.5565,22.5786,0.091952
0.5565,22.7023,0.083097
0.5565,22.8261,0.077908
0.5565,22.9498,0.066612
0.5565,23.0736,0.071855
0.5565,23.1973,0.072328
0.5565,23.3211,0.072522
0.5565,23.4448,0.070306
0.5565,23.5686,0.06575
0.5565,23.6923,0.05302
0.5565,23.8161,0.050527
0.5565,23.9398,0.075683
0.5565,24.0635,0.062222
0.5565,24.1873,0.060668
0.5565,24.311,0.053374
0.5565,24.4348,0.038789
0.5565,24.5585,0.066428
0.5565,24.6823,0.038663
0.5565,24.806,0.084734
0.5565,24.9298,0.069178
0.5565,25.0535,0.123756
0.5565,25.1773,0.225139
0.5565,25.301,0.345834
0.5565,25.4247,0.519108
0.5565,25.5485,0.723837
0.5565,25.6722,0.899171
0.5565,25.796,1.059274
0.5565,25.9197,1.107448
0.5565,26.0435,1.057432
0.5565,26.1672,0.89506
0.5565,26.291,0.669318
0.5565,26.4147,0.463786
0.5565,26.5385,0.325136
0.5565,26.6622,0.23708
0.5565,26.786,0.110649
0.5565,26.9097,0.108618
0.5565,27.0334,0.086054
0.5565,27.1572,0.083727
0.5565,27.2809,0.064175
0.5565,27.4047,0.073497
0.5565,27.5284,0.099596
0.5565,27.6522,0.067702
0.5565,27.7759,0.080626
0.5565,27.8997,0.057122
0.5565,28.0234,0.094067
0.5565,28.1472,0.05775
0.5565,28.2709,0.065159
0.5565,28.3946,0.074309
0.5565,28.5184,0.057459
0.5565,28.6421,0.095448
0.5565,28.7659,0.064252
0.5565,28.8896,0.08173
0.5565,29.0134,0.061635
0.5565,29.1371,0.064864
0.5565,29.2609,0.065328
0.5565,29.3846,0.065155
0.5565,29.5084,0.066041
0.5565,29.6321,0.069243
0.5565,29.7559,0.069487
0.5565,29.8796,0.047427
0.5565,30.0033,0.049121
0.5565,30.1271,0.043549
0.5565,30.2508,0.057036
0.5565,30.3746,0.02927
0.5565,30.4983,0.044556
0.5565,30.6221,0.071558
0.5565,30.7458,0.054478
0.5565,30.8696,0.035786
0.5565,30.9933,0.056804
0.5565,31.1171,0.044569
0.5565,31.2408,0.053421
0.5565,31.3645,0.054066
0.5565,31.4883,0.049103
0.5565,31.612,0.045589
0.5565,31.7358,0.064482
0.5565,31.8595,0.067636
0.5565,31.9833,0.051465
0.5565,32.107,0.073259
0.5565,32.2308,0.059596
0.5565,32.3545,0.048793
0.5565,32.4783,0.09638
0.5565,32.602,0.062026
0.5565,32.7258,0.063237
0.5565,32.8495,0.104326
0.5565,32.9732,0.102062
0.5565,33.097,0.123852
0.5565,33.2207,0.160929
0.5565,33.3445,0.21601
0.5565,33.4682,0.274313
0.5565,33.592,0.353702
0.5565,33.7157,0.479601
0.5565,33.8395,0.553075
0.5565,33.9632,0.641877
0.5565,34.087,0.714922
0.5565,34.2107,0.769639
0.5565,34.3344,0.771639
0.5565,34.4582,0.766128
0.5565,34.5819,0.727332
0.5565,34.7057,0.641025
0.5565,34.8294,0.577249
0.5565,34.9532,0.49065
0.5565,35.0769,0.40007
0.5565,35.2007,0.350816
0.5565,35.3244,0.217904
0.5565,35.4482,0.175612
0.5565,35.5719,0.167204
0.5565,35.6957,0.095504
0.5565,35.8194,0.104007
0.5565,35.9431,0.072784
0.5565,36.0669,0.053502
0.5565,36.1906,0.064718
0.5565,36.3144,0.038323
0.5565,36.4381,0.049032
0.5565,36.5619,0.053841
0.5565,36.6856,0.038498
0.5565,36.8094,0.038782
0.5565,36.9331,0.024834
0.5565,37.0569,0.044547
0.5565,37.1806,0.060597
0.5565,37.3043,0.03497
0.5565,37.4281,0.049776
0.5565,37.5518,0.046032
0.5565,37.6756,0.043917
0.5565,37.7993,0.062929
0.5565,37.9231,0.059604
0.5565,38.0468,0.060903
0.5565,38.1706,0.059458
0.5565,38.2943,0.060824
0.5565,38.4181,0.057385
0.5565,38.5418,0.075843
0.5565,38.6656,0.054456
0.5565,38.7893,0.076745
0.5565,38.913,0.079353
0.5565,39.0368,0.064226
0.5565,39.1605,0.09492
0.5565,39.2843,0.061114
0.5565,39.408,0.06515
0.5565,39.5318,0.062249
0.5565,39.6555,0.072221
0.5565,39.7793,0.080542
0.5565,39.903,0.094216
0.5565,40.0268,0.095359
0.5565,40.1505,0.066963
0.5565,40.2742,0.08671
0.5565,40.398,0.061452
0.5565,40.5217,0.089402
0.5565,40.6455,0.089959
0.5565,40.7692,0.067292
0.5565,40.893,0.060686
0.5565,41.0167,0.050945
0.5565,41.1405,0.035209
0.5565,41.2642,0.076225
0.5565,41.388,0.07599
0.5565,41.5117,0.072328
0.5565,41.6355,0.050641
0.5565,41.7592,0.064498
0.5565,41.8829,0.049335
0.5565,42.0067,0.0688
0.5565,42.1304,0.048264
0.5565,42.2542,0.056379
0.5565,42.3779,0.042522
0.5565,42.5017,0.036701
0.5565,42.6254,0.046839
0.5565,42.7492,0.036832
0.5565,42.8729,0.052307
0.5565,42.9967,0.062966
0.5565,43.1204,0.020856
0.5565,43.2441,0.037387
0.5565,43.3679,0.049351
0.5565,43.4916,0.057797
0.5565,43.6154,0.04511
0.5565,43.7391,0.071554
0.5565,43.8629,0.061317
0.5565,43.9866,0.048007
0.5565,44.1104,0.043356
0.5565,44.2341,0.046938
0.5565,44.3579,0.046041
0.5565,44.4816,0.06198
0.5565,44.6054,0.055793
0.5565,44.7291,0.075313
0.5565,44.8528,0.09199
0.5565,44.9766,0.07204
0.5565,45.1003,0.058023
0.5565,45.2241,0.095711
0.5565,45.3478,0.087395
0.5565,45.4716,0.093414
0.5565,45.5953,0.103839
0.5565,45.7191,0.116297
0.5565,45.8428,0.12887
0.5565,45.9666,0.176621
0.5565,46.0903,0.213097
0.5565,46.214,0.281818
0.5565,46.3378,0.33391
0.5565,46.4615,0.381361
0.5565,46.5853,0.405259
0.5565,46.709,0.467315
0.5565,46.8328,0.474275
0.5565,46.9565,0.445101
0.5565,47.0803,0.408241
0.5565,47.204,0.330538
0.5565,47.3278,0.270841
0.5565,47.4515,0.218323
0.5565,47.5753,0.177804
0.5565,47.699,0.143103
0.5565,47.8227,0.081314
0.5565,47.9465,0.063421
0.5565,48.0702,0.070123
0.5565,48.194,0.043997
0.5565,48.3177,0.060696
0.5565,48.4415,0.053943
0.5565,48.5652,0.065296
0.5565,48.689,0.033942
0.5565,48.8127,0.042428
0.5565,48.9365,0.037702
0.5565,49.0602,0.038641
0.5565,49.1839,0.050477
0.5565,49.3077,0.074921
0.5565,49.4314,0.04614
0.5565,49.5552,0.064687
0.5565,49.6789,0.050359
0.5565,49.8027,0.045222
0.5565,49.9264,0.056211
0.5565,50.0502,0.050975
0.5565,50.1739,0.068305
0.5565,50.2977,0.082431
0.5565,50.4214,0.056047
0.5565,50.5452,0.076462
0.5565,50.6689,0.087445
0.5565,50.7926,0.073273
0.5565,50.9164,0.066259
0.5565,51.0401,0.092711
0.5565,51.1639,0.07538
0.5565,51.2876,0.093832
0.5565,51.4114,0.076708
0.5565,51.5351,0.086678
0.5565,51.6589,0.066061
0.5565,51.7826,0.058336
0.5565,51.9064,0.061029
0.5565,52.0301,0.080055
0.5565,52.1538,0.068716
0.5565,52.2776,0.058858
0.5565,52.4013,0.090408
0.5565,52.5251,0.082142
0.5565,52.6488,0.069555
0.5565,52.7726,0.062413
0.5565,52.8963,0.072013
0.5565,53.0201,0.055832
0.5565,53.1438,0.049399
0.5565,53.2676,0.082828
0.5565,53.3913,0.042555
0.5565,53.5151,0.084936
0.5565,53.6388,0.065886
0.5565,53.7625,0.071003
0.5565,53.8863,0.079214
0.5565,54.01,0.076116
0.5565,54.1338,0.039943
0.5565,54.2575,0.051664
0.5565,54.3813,0.047069
0.5565,54.505,0.021101
0.5565,54.6288,0.049582
0.5565,54.7525,0.051229
0.5565,54.8763,0.041001
0.5565,55.0,0.057093
0.5652,18.0,0.057673
0.5652,18.1237,0.051046
0.5652,18.2475,0.049994
0.5652,18.3712,0.050209
0.5652,18.495,0.036277
0.5652,18.6187,0.032404
0.5652,18.7425,0.042067
0.5652,18.8662,0.048978
0.5652,18.99,0.025311
0.5652,19.1137,0.062928
0.5652,19.2375,0.044918
0.5652,19.3612,0.051369
0.5652,19.4849,0.059519
0.5652,19.6087,0.033531
0.5652,19.7324,0.038191
0.5652,19.8562,0.055238
0.5652,19.9799,0.057722
0.5652,20.1037,0.065906
0.5652,20.2274,0.053252
0.5652,20.3512,0.065448
0.5652,20.4749,0.063165
0.5652,20.5987,0.074082
0.5652,20.7224,0.065231
0.5652,20.8462,0.066904
0.5652,20.9699,0.081583
0.5652,21.0936,0.080591
0.5652,21.2174,0.078622
0.5652,21.3411,0.06789
0.5652,21.4649,0.068446
0.5652,21.5886,0.076072
0.5652,21.7124,0.105873
0.5652,21.8361,0.076672
0.5652,21.9599,0.066645
0.5652,22.0836,0.076568
0.5652,22.2074,0.065663
0.5652,22.3311,0.055604
0.5652,22.4548,0.08611
0.5652,22.5786,0.081476
0.5652,22.7023,0.057116
0.5652,22.8261,0.054434
0.5652,22.9498,0.071811
0.5652,23.0736,0.077618
0.5652,23.1973,0.067469
0.5652,23.3211,0.061108
0.5652,23.4448,0.050791
0.5652,23.5686,0.045389
0.5652,23.6923,0.071201
0.5652,23.8161,0.047488
0.5652,23.9398,0.06961
0.5652,24.0635,0.030917
0.5652,24.1873,0.047209
0.5652,24.311,0.046881
0.5652,24.4348,0.022967
0.5652,24.5585,0.028702
0.5652,24.6823,0.045665
0.5652,24.806,0.057776
0.5652,24.9298,0.121718
0.5652,25.0535,0.116186
0.5652,25.1773,0.201435
0.5652,25.301,0.3196
0.5652,25.4247,0.481551
0.5652,25.5485,0.691006
0.5652,25.6722,0.907367
0.5652,25.796,1.042293
0.5652,25.9197,1.112932
0.5652,26.0435,1.061663
0.5652,26.1672,0.934829
0.5652,26.291,0.719298
0.5652,26.4147,0.528875
0.5652,26.5385,0.358564
0.5652,26.6622,0.225551
0.5652,26.786,0.166424
0.5652,26.9097,0.151122
0.5652,27.0334,0.102075
0.5652,27.1572,0.102031
0.5652,27.2809,0.079968
0.5652,27.4047,0.080925
0.5652,27.5284,0.060304
0.5652,27.6522,0.110255
0.5652,27.7759,0.09532
0.5652,27.8997,0.087958
0.5652,28.0234,0.083159
0.5652,28.1472,0.072757
0.5652,28.2709,0.081251
0.5652,28.3946,0.079806
0.5652,28.5184,0.07685
0.5652,28.6421,0.05764
0.5652,28.7659,0.070941
0.5652,28.8896,0.078029
0.5652,29.0134,0.065801
0.5652,29.1371,0.093707
0.5652,29.2609,0.076381
0.5652,29.3846,0.074511
0.5652,29.5084,0.035019
0.5652,29.6321,0.049572
0.5652,29.7559,0.047704
0.5652,29.8796,0.042349
0.5652,30.0033,0.035894
0.5652,30.1271,0.053207
0.5652,30.2508,0.069494
0.5652,30.3746,0.052488
0.5652,30.4983,0.069544
0.5652,30.6221,0.054448
0.5652,30.7458,0.055919
0.5652,30.8696,0.032962
0.5652,30.9933,0.028219
0.5652,31.1171,0.05554
0.5652,31.2408,0.056374
0.5652,31.3645,0.059765
0.5652,31.4883,0.056315
0.5652,31.612,0.054641
0.5652,31.7358,0.035964
0.5652,31.8595,0.058398
0.5652,31.9833,0.036898
0.5652,32.107,0.067458
0.5652,32.2308,0.070133
0.5652,32.3545,0.067112
0.5652,32.4783,0.093329
0.5652,32.602,0.083782
0.5652,32.7258,0.073009
0.5652,32.8495,0.094456
0.5652,32.9732,0.128953
0.5652,33.097,0.139474
0.5652,33.2207,0.190058
0.5652,33.3445,0.247691
0.5652,33.4682,0.297804
0.5652,33.592,0.394744
0.5652,33.7157,0.448698
0.5652,33.8395,0.591963
0.5652,33.9632,0.635667
0.5652,34.087,0.708476
0.5652,34.2107,0.769364
0.5652,34.3344,0.758998
0.5652,34.4582,0.760972
0.5652,34.5819,0.715696
0.5652,34.7057,0.655506
0.5652,34.8294,0.562828
0.5652,34.9532,0.473651
0.5652,35.0769,0.383779
0.5652,35.2007,0.315299
0.5652,35.3244,0.229278
0.5652,35.4482,0.147291
0.5652,35.5719,0.128651
0.5652,35.6957,0.088184
0.5652,35.8194,0.07706
0.5652,35.9431,0.073779
0.5652,36.0669,0.066475
0.5652,36.1906,0.054717
0.5652,36.3144,0.048134
0.5652,36.4381,0.063098
0.5652,36.5619,0.050204
0.5652,36.6856,0.041123
0.5652,36.8094,0.03409
0.5652,36.9331,0.054702
0.5652,37.0569,0.038586
0.5652,37.1806,0.030783
0.5652,37.3043,0.064166
0.5652,37.4281,0.044661
0.5652,37.5518,0.035831
0.5652,37.6756,0.057772
0.5652,37.7993,0.057539
0.5652,37.9231,0.049276
0.5652,38.0468,0.050312
0.5652,38.1706,0.076284
0.5652,38.2943,0.055529
0.5652,38.4181,0.050481
0.5652,38.5418,0.060901
0.5652,38.6656,0.036054
0.5652,38.7893,0.086939
0.5652,38.913,0.093323
0.5652,39.0368,0.089192
0.5652,39.1605,0.04772
0.5652,39.2843,0.077179
0.5652,39.408,0.084661
0.5652,39.5318,0.056162
0.5652,39.6555,0.090874
0.5652,39.7793,0.103403
0.5652,39.903,0.083405
0.5652,40.0268,0.094682
0.5652,40.1505,0.07972
0.5652,40.2742,0.088188
0.5652,40.398,0.069167
0.5652,40.5217,0.078902
0.5652,40.6455,0.085713
0.5652,40.7692,0.066792
0.5652,40.893,0.089663
0.5652,41.0167,0.083314
0.5652,41.1405,0.057395
0.5652,41.2642,0.086405
0.5652,41.388,0.06168
0.5652,41.5117,0.073651
0.5652,41.6355,0.03777
0.5652,41.7592,0.074379
0.5652,41.8829,0.057705
0.5652,42.0067,0.035677
0.5652,42.1304,0.056966
0.5652,42.2542,0.057842
0.5652,42.3779,0.03503
0.5652,42.5017,0.04396
0.5652,42.6254,0.040955
0.5652,42.7492,0.057602
0.5652,42.8729,0.048953
0.5652,42.9967,0.040393
0.5652,43.1204,0.040891
0.5652,43.2441,0.048228
0.5652,43.3679,0.057959
0.5652,43.4916,0.056835
0.5652,43.6154,0.037152
0.5652,43.7391,0.046609
0.5652,43.8629,0.048845
0.5652,43.9866,0.068279
0.5652,44.1104,0.062237
0.5652,44.2341,0.077347
0.5652,44.3579,0.070237
0.5652,44.4816,0.063466
0.5652,44.6054,0.072167
0.5652,44.7291,0.077171
0.5652,44.8528,0.042181
0.5652,44.9766,0.074889
0.5652,45.1003,0.085948
0.5652,45.2241,0.099451
0.5652,45.3478,0.073532
0.5652,45.4716,0.081179
0.5652,45.5953,0.104599
0.5652,45.7191,0.122249
0.5652,45.8428,0.108733
0.5652,45.9666,0.156753
0.5652,46.0903,0.198049
0.5652,46.214,0.242197
0.5652,46.3378,0.347143
0.5652,46.4615,0.380729
0.5652,46.5853,0.440305
0.5652,46.709,0.449586
0.5652,46.8328,0.478078
0.5652,46.9565,0.442096
0.5652,47.0803,0.400275
0.5652,47.204,0.338244
0.5652,47.3278,0.291871
0.5652,47.4515,0.237255
0.5652,47.5753,0.143172
0.5652,47.699,0.119878
0.5652,47.8227,0.087195
0.5652,47.9465,0.067689
0.5652,48.0702,0.064678
0.5652,48.194,0.048486
0.5652,48.3177,0.065439
0.5652,48.4415,0.056747
0.5652,48.5652,0.058253
0.5652,48.689,0.062902
0.5652,48.8127,0.043127
0.5652,48.9365,0.018829
0.5652,49.0602,0.024387
0.5652,49.1839,0.068462
0.5652,49.3077,0.04105
0.5652,49.4314,0.03055
0.5652,49.5552,0.02189
0.5652,49.6789,0.087228
0.5652,49.8027,0.047261
0.5652,49.9264,0.052327
0.5652,50.0502,0.040972
0.5652,50.1739,0.046768
0.5652,50.2977,0.05915
0.5652,50.4214,0.074885
0.5652,50.5452,0.059584
0.5652,50.6689,0.083701
0.5652,50.7926,0.088546
0.5652,50.9164,0.063884
0.5652,51.0401,0.053164
0.5652,51.1639,0.070733
0.5652,51.2876,0.07896
0.5652,51.4114,0.068436
0.5652,51.5351,0.075254
0.5652,51.6589,0.088152
0.5652,51.7826,0.070618
0.5652,51.9064,0.074342
0.5652,52.0301,0.08611
0.5652,52.1538,0.066066
0.5652,52.2776,0.066307
0.5652,52.4013,0.091016
0.5652,52.5251,0.082777
0.5652,52.6488,0.079141
0.5652,52.7726,0.06614
0.5652,52.8963,0.09379
0.5652,53.0201,0.082007
0.5652,53.1438,0.060408
0.5652,53.2676,0.069347
0.5652,53.3913,0.067676
0.5652,53.5151,0.045549
0.5652,53.6388,0.047672
0.5652,53.7625,0.038207
0.5652,53.8863,0.051237
0.5652,54.01,0.049956
0.5652,54.1338,0.053654
0.5652,54.2575,0.049072
0.5652,54.3813,0.039117
0.5652,54.505,0.04585
0.5652,54.6288,0.045121
0.5652,54.7525,0.061778
0.5652,54.8763,0.043134
0.5652,55.0,0.022049
0.5739,18.0,0.030831
0.5739,18.1237,0.056791
0.5739,18.2475,0.025618
0.5739,18.3712,0.028021
0.5739,18.495,0.051828
0.5739,18.6187,0.039351
0.5739,18.7425,0.040935
0.5739,18.8662,0.031494
0.5739,18.99,0.038445
0.5739,19.1137,0.045065
0.5739,19.2375,0.054042
0.5739,19.3612,0.075588
0.5739,19.4849,0.05083
0.5739,19.6087,0.046154
0.5739,19.7324,0.061227
0.5739,19.8562,0.045968
0.5739,19.9799,0.047037
0.5739,20.1037,0.048491
0.5739,20.2274,0.089941
0.5739,20.3512,0.054521
0.5739,20.4749,0.049952
0.5739,20.5987,0.063182
0.5739,20.7224,0.078064
0.5739,20.8462,0.073496
0.5739,20.9699,0.068516
0.5739,21.0936,0.086012
0.5739,21.2174,0.062935
0.5739,21.3411,0.059461
0.5739,21.4649,0.139628
0.5739,21.5886,0.07518
0.5739,21.7124,0.077086
0.5739,21.8361,0.097659
0.5739,21.9599,0.051165
0.5739,22.0836,0.05907
0.5739,22.2074,0.07235
0.5739,22.3311,0.069783
0.5739,22.4548,0.087049
0.5739,22.5786,0.065959
0.5739,22.7023,0.076225
0.5739,22.8261,0.062087
0.5739,22.9498,0.062026
0.5739,23.0736,0.072423
0.5739,23.1973,0.058499
0.5739,23.3211,0.075971
0.5739,23.4448,0.065274
0.5739,23.5686,0.053009
0.5739,23.6923,0.06083
0.5739,23.8161,0.061071
0.5739,23.9398,0.058551
0.5739,24.0635,0.043604
0.5739,24.1873,0.040804
0.5739,24.311,0.065766
0.5739,24.4348,0.050326
0.5739,24.5585,0.032826
0.5739,24.6823,0.078298
0.5739,24.806,0.070923
0.5739,24.9298,0.064796
0.5739,25.0535,0.110198
0.5739,25.1773,0.17792
0.5739,25.301,0.264322
0.5739,25.4247,0.448862
0.5739,25.5485,0.640374
0.5739,25.6722,0.867978
0.5739,25.796,0.996542
0.5739,25.9197,1.118126
0.5739,26.0435,1.065471
0.5739,26.1672,0.934492
0.5739,26.291,0.770274
0.5739,26.4147,0.569061
0.5739,26.5385,0.398098
0.5739,26.6622,0.261978
0.5739,26.786,0.158634
0.5739,26.9097,0.109204
0.5739,27.0334,0.103556
0.5739,27.1572,0.06944
0.5739,27.2809,0.108686
0.5739,27.4047,0.057492
0.5739,27.5284,0.080428
0.5739,27.6522,0.085708
0.5739,27.7759,0.07377
0.5739,27.8997,0.074922
0.5739,28.0234,0.065675
0.5739,28.1472,0.071207
0.5739,28.2709,0.085662
0.5739,28.3946,0.067135
0.5739,28.5184,0.059849
0.5739,28.6421,0.085707
0.5739,28.7659,0.053598
0.5739,28.8896,0.059136
0.5739,29.0134,0.084266
0.5739,29.1371,0.053588
0.5739,29.2609,0.071607
0.5739,29.3846,0.072389
0.5739,29.5084,0.0531
0.5739,29.6321,0.048407
0.5739,29.7559,0.049831
0.5739,29.8796,0.044681
0.5739,30.0033,0.049861
0.5739,30.1271,0.071825
0.5739,30.2508,0.059084
0.5739,30.3746,0.046058
0.5739,30.4983,0.035258
0.5739,30.6221,0.019127
0.5739,30.7458,0.061636
0.5739,30.8696,0.057975
0.5739,30.9933,0.024648
0.5739,31.1171,0.046376
0.5739,31.2408,0.047705
0.5739,31.3645,0.073228
0.5739,31.4883,0.045723
0.5739,31.612,0.03645
0.5739,31.7358,0.048929
0.5739,31.8595,0.065209
0.5739,31.9833,0.047786
0.5739,32.107,0.067278
0.5739,32.2308,0.062225
0.5739,32.3545,0.081865
0.5739,32.4783,0.082543
0.5739,32.602,0.072379
0.5739,32.7258,0.091264
0.5739,32.8495,0.112461
0.5739,32.9732,0.129107
0.5739,33.097,0.161954
0.5739,33.2207,0.189912
0.5739,33.3445,0.241442
0.5739,33.4682,0.306541
0.5739,33.592,0.397468
0.5739,33.7157,0.481599
0.5739,33.8395,0.604481
0.5739,33.9632,0.652391
0.5739,34.087,0.724884
0.5739,34.2107,0.741805
0.5739,34.3344,0.769998
0.5739,34.4582,0.733941
0.5739,34.5819,0.715595
0.5739,34.7057,0.612306
0.5739,34.8294,0.534011
0.5739,34.9532,0.438237
0.5739,35.0769,0.361432
0.5739,35.2007,0.297181
0.5739,35.3244,0.234454
0.5739,35.4482,0.140267
0.5739,35.5719,0.132695
0.5739,35.6957,0.104094
0.5739,35.8194,0.072169
0.5739,35.9431,0.043903
0.5739,36.0669,0.058588
0.5739,36.1906,0.050058
0.5739,36.3144,0.05664
0.5739,36.4381,0.019006
0.5739,36.5619,0.03966
0.5739,36.6856,0.051828
0.5739,36.8094,0.063937
0.5739,36.9331,0.043877
0.5739,37.0569,0.067168
0.5739,37.1806,0.03705
0.5739,37.3043,0.046743
0.5739,37.4281,0.052325
0.5739,37.5518,0.074181
0.5739,37.6756,0.06397
0.5739,37.7993,0.067725
0.5739,37.9231,0.069623
0.5739,38.0468,0.045676
0.5739,38.1706,0.065536
0.5739,38.2943,0.054628
0.5739,38.4181,0.069855
0.5739,38.5418,0.067221
0.5739,38.6656,0.055452
0.5739,38.7893,0.084589
0.5739,38.913,0.064948
0.5739,39.0368,0.061889
0.5739,39.1605,0.065219
0.5739,39.2843,0.08786
0.5739,39.408,0.06682
0.5739,39.5318,0.080449
0.5739,39.6555,0.061342
0.5739,39.7793,0.096491
0.5739,39.903,0.061739
0.5739,40.0268,0.074066
0.5739,40.1505,0.087898
0.5739,40.2742,0.082941
0.5739,40.398,0.085089
0.5739,40.5217,0.088597
0.5739,40.6455,0.073218
0.5739,40.7692,0.067131
0.5739,40.893,0.071302
0.5739,41.0167,0.055355
0.5739,41.1405,0.058411
0.5739,41.2642,0.093589
0.5739,41.388,0.044366
0.5739,41.5117,0.067773
0.5739,41.6355,0.029296
0.5739,41.7592,0.049415
0.5739,41.8829,0.064507
0.5739,42.0067,0.04423
0.5739,42.1304,0.044465
0.5739,42.2542,0.051691
0.5739,42.3779,0.040598
0.5739,42.5017,0.047789
0.5739,42.6254,0.054315
0.5739,42.7492,0.019448
0.5739,42.8729,0.063071
0.5739,42.9967,0.035494
0.5739,43.1204,0.06555
0.5739,43.2441,0.033087
0.5739,43.3679,0.04516
0.5739,43.4916,0.06294
0.5739,43.6154,0.08767
0.5739,43.7391,0.052808
0.5739,43.8629,0.029482
0.5739,43.9866,0.040594
0.5739,44.1104,0.080803
0.5739,44.2341,0.039752
0.5739,44.3579,0.055022
0.5739,44.4816,0.068324
0.5739,44.6054,0.086281
0.5739,44.7291,0.05762
0.5739,44.8528,0.084357
0.5739,44.9766,0.073538
0.5739,45.1003,0.084217
0.5739,45.2241,0.078181
0.5739,45.3478,0.081329
0.5739,45.4716,0.101873
0.5739,45.5953,0.115077
0.5739,45.7191,0.099817
0.5739,45.8428,0.123422
0.5739,45.9666,0.182485
0.5739,46.0903,0.220243
0.5739,46.214,0.2782
0.5739,46.3378,0.338332
0.5739,46.4615,0.384871
0.5739,46.5853,0.422085
0.5739,46.709,0.439844
0.5739,46.8328,0.478247
0.5739,46.9565,0.44511
0.5739,47.0803,0.417126
0.5739,47.204,0.34644
0.5739,47.3278,0.269223
0.5739,47.4515,0.209909
0.5739,47.5753,0.135386
0.5739,47.699,0.133915
0.5739,47.8227,0.106481
0.5739,47.9465,0.081543
0.5739,48.0702,0.064908
0.5739,48.194,0.049869
0.5739,48.3177,0.045174
0.5739,48.4415,0.04365
0.5739,48.5652,0.048774
0.5739,48.689,0.044617
0.5739,48.8127,0.018739
0.5739,48.9365,0.052468
0.5739,49.0602,0.056118
0.5739,49.1839,0.04608
0.5739,49.3077,0.041307
0.5739,49.4314,0.052922
0.5739,49.5552,0.046271
0.5739,49.6789,0.056043
0.5739,49.8027,0.059952
0.5739,49.9264,0.035202
0.5739,50.0502,0.067669
0.5739,50.1739,0.060058
0.5739,50.2977,0.062596
0.5739,50.4214,0.078763
0.5739,50.5452,0.066396
0.5739,50.6689,0.060084
0.5739,50.7926,0.079338
0.5739,50.9164,0.074951
0.5739,51.0401,0.093063
0.5739,51.1639,0.087738
0.5739,51.2876,0.069624
0.5739,51.4114,0.081193
0.5739,51.5351,0.069722
0.5739,51.6589,0.082892
0.5739,51.7826,0.086684
0.5739,51.9064,0.061073
0.5739,52.0301,0.064749
0.5739,52.1538,0.056699
0.5739,52.2776,0.077601
0.5739,52.4013,0.046388
0.5739,52.5251,0.085422
0.5739,52.6488,0.049922
0.5739,52.7726,0.041526
0.5739,52.8963,0.072352
0.5739,53.0201,0.083208
0.5739,53.1438,0.082052
0.5739,53.2676,0.077875
0.5739,53.3913,0.065173
0.5739,53.5151,0.070728
0.5739,53.6388,0.066068
0.5739,53.7625,0.042455
0.5739,53.8863,0.064971
0.5739,54.01,0.044433
0.5739,54.1338,0.050787
0.5739,54.2575,0.053601
0.5739,54.3813,0.059313
0.5739,54.505,0.028755
0.5739,54.6288,0.066035
0.5739,54.7525,0.05904
0.5739,54.8763,0.030268
0.5739,55.0,0.046725
0.5826,18.0,0.038361
0.5826,18.1237,0.038134
0.5826,18.2475,0.055313
0.5826,18.3712,0.063828
0.5826,18.495,0.051476
0.5826,18.6187,0.038049
0.5826,18.7425,0.032113
0.5826,18.8662,0.046585
0.5826,18.99,0.063203
0.5826,19.1137,0.044066
0.5826,19.2375,0.057884
0.5826,19.3612,0.051988
0.5826,19.4849,0.056734
0.5826,19.6087,0.047732
0.5826,19.7324,0.043113
0.5826,19.8562,0.047407
0.5826,19.9799,0.057777
0.5826,20.1037,0.074551
0.5826,20.2274,0.059944
0.5826,20.3512,0.051114
0.5826,20.4749,0.074722
0.5826,20.5987,0.05551
0.5826,20.7224,0.102898
0.5826,20.8462,0.052051
0.5826,20.9699,0.073559
0.5826,21.0936,0.07249
0.5826,21.2174,0.07764
0.5826,21.3411,0.096525
0.5826,21.4649,0.069187
0.5826,21.5886,0.100165
0.5826,21.7124,0.06731
0.5826,21.8361,0.076059
0.5826,21.9599,0.073159
0.5826,22.0836,0.110478
0.5826,22.2074,0.074705
0.5826,22.3311,0.045703
0.5826,22.4548,0.091717
0.5826,22.5786,0.089783
0.5826,22.7023,0.055079
0.5826,22.8261,0.071671
0.5826,22.9498,0.064014
0.5826,23.0736,0.061548
0.5826,23.1973,0.061833
0.5826,23.3211,0.052486
0.5826,23.4448,0.062536
0.5826,23.5686,0.068449
0.5826,23.6923,0.047806
0.5826,23.8161,0.054598
0.5826,23.9398,0.05144
0.5826,24.0635,0.056262
0.5826,24.1873,0.056916
0.5826,24.311,0.049373
0.5826,24.4348,0.050502
0.5826,24.5585,0.021541
0.5826,24.6823,0.017203
0.5826,24.806,0.044409
0.5826,24.9298,0.07321
0.5826,25.0535,0.111424
0.5826,25.1773,0.157739
0.5826,25.301,0.276812
0.5826,25.4247,0.421476
0.5826,25.5485,0.624275
0.5826,25.6722,0.824932
0.5826,25.796,1.00737
0.5826,25.9197,1.111434
0.5826,26.0435,1.119443
0.5826,26.1672,0.982616
0.5826,26.291,0.81783
0.5826,26.4147,0.605396
0.5826,26.5385,0.428916
0.5826,26.6622,0.263301
0.5826,26.786,0.183956
0.5826,26.9097,0.09299
0.5826,27.0334,0.103763
0.5826,27.1572,0.084899
0.5826,27.2809,0.072568
0.5826,27.4047,0.074432
0.5826,27.5284,0.099172
0.5826,27.6522,0.068808
0.5826,27.7759,0.089147
0.5826,27.8997,0.109201
0.5826,28.0234,0.087877
0.5826,28.1472,0.085826
0.5826,28.2709,0.086929
0.5826,28.3946,0.08837
0.5826,28.5184,0.076722
0.5826,28.6421,0.075033
0.5826,28.7659,0.066211
0.5826,28.8896,0.095437
0.5826,29.0134,0.062207
0.5826,29.1371,0.050931
0.5826,29.2609,0.060794
0.5826,29.3846,0.05724
0.5826,29.5084,0.061
0.5826,29.6321,0.031916
0.5826,29.7559,0.073177
0.5826,29.8796,0.0425
0.5826,30.0033,0.038713
0.5826,30.1271,0.032461
0.5826,30.2508,0.063071
0.5826,30.3746,0.05574
0.5826,30.4983,0.053541
0.5826,30.6221,0.03528
0.5826,30.7458,0.059821
0.5826,30.8696,0.056869
0.5826,30.9933,0.044982
0.5826,31.1171,0.058178
0.5826,31.2408,0.040769
0.5826,31.3645,0.040251
0.5826,31.4883,0.070496
0.5826,31.612,0.063978
0.5826,31.7358,0.063586
0.5826,31.8595,0.080315
0.5826,31.9833,0.057488
0.5826,32.107,0.04964
0.5826,32.2308,0.082744
0.5826,32.3545,0.097635
0.5826,32.4783,0.07876
0.5826,32.602,0.0742
0.5826,32.7258,0.087286
0.5826,32.8495,0.096618
0.5826,32.9732,0.107838
0.5826,33.097,0.154754
0.5826,33.2207,0.186512
0.5826,33.3445,0.240914
0.5826,33.4682,0.317742
0.5826,33.592,0.425797
0.5826,33.7157,0.49579
0.5826,33.8395,0.581573
0.5826,33.9632,0.656359
0.5826,34.087,0.724371
0.5826,34.2107,0.760833
0.5826,34.3344,0.774726
0.5826,34.4582,0.75954
0.5826,34.5819,0.693296
0.5826,34.7057,0.644945
0.5826,34.8294,0.549666
0.5826,34.9532,0.442629
0.5826,35.0769,0.352664
0.5826,35.2007,0.256367
0.5826,35.3244,0.204981
0.5826,35.4482,0.175284
0.5826,35.5719,0.120983
0.5826,35.6957,0.097122
0.5826,35.8194,0.088628
0.5826,35.9431,0.067494
0.5826,36.0669,0.05941
0.5826,36.1906,0.055366
0.5826,36.3144,0.038699
0.5826,36.4381,0.048764
0.5826,36.5619,0.02791
0.5826,36.6856,0.023838
0.5826,36.8094,0.04932
0.5826,36.9331,0.039383
0.5826,37.0569,0.053036
0.5826,37.1806,0.053666
0.5826,37.3043,0.055697
0.5826,37.4281,0.046309
0.5826,37.5518,0.036541
0.5826,37.6756,0.058266
0.5826,37.7993,0.06334
0.5826,37.9231,0.05503
0.5826,38.0468,0.074575
0.5826,38.1706,0.035398
0.5826,38.2943,0.074462
0.5826,38.4181,0.069739
0.5826,38.5418,0.081641
0.5826,38.6656,0.074486
0.5826,38.7893,0.082488
0.5826,38.913,0.06771
0.5826,39.0368,0.089402
0.5826,39.1605,0.071916
0.5826,39.2843,0.095936
0.5826,39.408,0.063656
0.5826,39.5318,0.08543
0.5826,39.6555,0.062288
0.5826,39.7793,0.066905
0.5826,39.903,0.073507
0.5826,40.0268,0.053333
0.5826,40.1505,0.064611
0.5826,40.2742,0.058161
0.5826,40.398,0.074077
0.5826,40.5217,0.066485
0.5826,40.6455,0.050417
0.5826,40.7692,0.062078
0.5826,40.893,0.061254
0.5826,41.0167,0.067583
0.5826,41.1405,0.064196
0.5826,41.2642,0.040465
0.5826,41.388,0.054301
0.5826,41.5117,0.046976
0.5826,41.6355,0.079007
0.5826,41.7592,0.04932
0.5826,41.8829,0.058454
0.5826,42.0067,0.050398
0.5826,42.1304,0.063174
0.5826,42.2542,0.053928
0.5826,42.3779,0.050784
0.5826,42.5017,0.045125
0.5826,42.6254,0.049607
0.5826,42.7492,0.061251
0.5826,42.8729,0.038753
0.5826,42.9967,0.038431
0.5826,43.1204,0.014521
0.5826,43.2441,0.059503
0.5826,43.3679,0.06595
0.5826,43.4916,0.051384
0.5826,43.6154,0.064161
0.5826,43.7391,0.048711
0.5826,43.8629,0.079785
0.5826,43.9866,0.059996
0.5826,44.1104,0.090159
0.5826,44.2341,0.072347
0.5826,44.3579,0.061549
0.5826,44.4816,0.058434
0.5826,44.6054,0.077854
0.5826,44.7291,0.077679
0.5826,44.8528,0.067076
0.5826,44.9766,0.090839
0.5826,45.1003,0.079861
0.5826,45.2241,0.076184
0.5826,45.3478,0.089021
0.5826,45.4716,0.080514
0.5826,45.5953,0.089849
0.5826,45.7191,0.103876
0.5826,45.8428,0.141417
0.5826,45.9666,0.175906
0.5826,46.0903,0.185531
0.5826,46.214,0.239077
0.5826,46.3378,0.324082
0.5826,46.4615,0.397185
0.5826,46.5853,0.436752
0.5826,46.709,0.451629
0.5826,46.8328,0.448483
0.5826,46.9565,0.437816
0.5826,47.0803,0.400358
0.5826,47.204,0.333532
0.5826,47.3278,0.274991
0.5826,47.4515,0.198112
0.5826,47.5753,0.170934
0.5826,47.699,0.128192
0.5826,47.8227,0.106544
0.5826,47.9465,0.058817
0.5826,48.0702,0.057352
0.5826,48.194,0.054608
0.5826,48.3177,0.068088
0.5826,48.4415,0.06023
0.5826,48.5652,0.080426
0.5826,48.689,0.039007
0.5826,48.8127,0.04109
0.5826,48.9365,0.046357
0.5826,49.0602,0.053731
0.5826,49.1839,0.023615
0.5826,49.3077,0.024454
0.5826,49.4314,0.053152
0.5826,49.5552,0.052843
0.5826,49.6789,0.046144
0.5826,49.8027,0.068313
0.5826,49.9264,0.053879
0.5826,50.0502,0.066021
0.5826,50.1739,0.079686
0.5826,50.2977,0.08887
0.5826,50.4214,0.055047
0.5826,50.5452,0.072682
0.5826,50.6689,0.051174
0.5826,50.7926,0.060847
0.5826,50.9164,0.083418
0.5826,51.0401,0.078212
0.5826,51.1639,0.086955
0.5826,51.2876,0.084302
0.5826,51.4114,0.059852
0.5826,51.5351,0.072332
0.5826,51.6589,0.099088
0.5826,51.7826,0.08513
0.5826,51.9064,0.074765
0.5826,52.0301,0.046848
0.5826,52.1538,0.071049
0.5826,52.2776,0.103845
0.5826,52.4013,0.071773
0.5826,52.5251,0.066168
0.5826,52.6488,0.089539
0.5826,52.7726,0.084597
0.5826,52.8963,0.065737
0.5826,53.0201,0.081778
0.5826,53.1438,0.045366
0.5826,53.2676,0.044693
0.5826,53.3913,0.059378
0.5826,53.5151,0.064435
0.5826,53.6388,0.036058
0.5826,53.7625,0.0437
0.5826,53.8863,0.062729
0.5826,54.01,0.057773
0.5826,54.1338,0.029254
0.5826,54.2575,0.061148
0.5826,54.3813,0.039041
0.5826,54.505,0.05008
0.5826,54.6288,0.033298
0.5826,54.7525,0.054458
0.5826,54.8763,0.054443
0.5826,55.0,0.043025
0.5913,18.0,0.05722
0.5913,18.1237,0.054558
0.5913,18.2475,0.037628
0.5913,18.3712,0.056775
0.5913,18.495,0.039413
0.5913,18.6187,0.037113
0.5913,18.7425,0.053159
0.5913,18.8662,0.075985
0.5913,18.99,0.031946
0.5913,19.1137,0.039056
0.5913,19.2375,0.053904
0.5913,19.3612,0.056458
0.5913,19.4849,0.037559
0.5913,19.6087,0.070699
0.5913,19.7324,0.049128
0.5913,19.8562,0.045861
0.5913,19.9799,0.042849
0.5913,20.1037,0.036196
0.5913,20.2274,0.065168
0.5913,20.3512,0.068548
0.5913,20.4749,0.055676
0.5913,20.5987,0.087366
0.5913,20.7224,0.092212
0.5913,20.8462,0.075694
0.5913,20.9699,0.112102
0.5913,21.0936,0.077906
0.5913,21.2174,0.071498
0.5913,21.3411,0.076841
0.5913,21.4649,0.096651
0.5913,21.5886,0.082566
0.5913,21.7124,0.087824
0.5913,21.8361,0.107007
0.5913,21.9599,0.055987
0.5913,22.0836,0.068609
0.5913,22.2074,0.062478
0.5913,22.3311,0.07325
0.5913,22.4548,0.047476
0.5913,22.5786,0.066002
0.5913,22.7023,0.058034
0.5913,22.8261,0.055565
0.5913,22.9498,0.06318
0.5913,23.0736,0.03654
0.5913,23.1973,0.070478
0.5913,23.3211,0.050579
0.5913,23.4448,0.045097
0.5913,23.5686,0.054627
0.5913,23.6923,0.08481
0.5913,23.8161,0.041055
0.5913,23.9398,0.051141
0.5913,24.0635,0.039767
0.5913,24.1873,0.056504
0.5913,24.311,0.067441
0.5913,24.4348,0.050573
0.5913,24.5585,0.055067
0.5913,24.6823,0.057641
0.5913,24.806,0.060499
0.5913,24.9298,0.060364
0.5913,25.0535,0.092513
0.5913,25.1773,0.153177
0.5913,25.301,0.268254
0.5913,25.4247,0.393005
0.5913,25.5485,0.585411
0.5913,25.6722,0.795187
0.5913,25.796,0.957425
0.5913,25.9197,1.11068
0.5913,26.0435,1.0931
0.5913,26.1672,1.011123
0.5913,26.291,0.839935
0.5913,26.4147,0.626666
0.5913,26.5385,0.456816
0.5913,26.6622,0.291375
0.5913,26.786,0.207084
0.5913,26.9097,0.143425
0.5913,27.0334,0.091475
0.5913,27.1572,0.083137
0.5913,27.2809,0.073725
0.5913,27.4047,0.07345
0.5913,27.5284,0.090612
0.5913,27.6522,0.101146
0.5913,27.7759,0.073047
0.5913,27.8997,0.073165
0.5913,28.0234,0.092032
0.5913,28.1472,0.067985
0.5913,28.2709,0.098366
0.5913,28.3946,0.067779
0.5913,28.5184,0.066008
0.5913,28.6421,0.041486
0.5913,28.7659,0.07067
0.5913,28.8896,0.060762
0.5913,29.0134,0.083071
0.5913,29.1371,0.061675
0.5913,29.2609,0.070647
0.5913,29.3846,0.045706
0.5913,29.5084,0.060934
0.5913,29.6321,0.042338
0.5913,29.7559,0.073329
0.5913,29.8796,0.042846
0.5913,30.0033,0.051047
0.5913,30.1271,0.042176
0.5913,30.2508,0.080309
0.5913,30.3746,0.014376
0.5913,30.4983,0.077149
0.5913,30.6221,0.04175
0.5913,30.7458,0.046485
0.5913,30.8696,0.04004
0.5913,30.9933,0.05876
0.5913,31.1171,0.031124
0.5913,31.2408,0.043557
0.5913,31.3645,0.041831
0.5913,31.4883,0.069556
0.5913,31.612,0.05422
0.5913,31.7358,0.078321
0.5913,31.8595,0.042915
0.5913,31.9833,0.059522
0.5913,32.107,0.068899
0.5913,32.2308,0.066061
0.5913,32.3545,0.051083
0.5913,32.4783,0.088124
0.5913,32.602,0.100914
0.5913,32.7258,0.082747
0.5913,32.8495,0.117839
0.5913,32.9732,0.133226
0.5913,33.097,0.169907
0.5913,33.2207,0.189403
0.5913,33.3445,0.273775
0.5913,33.4682,0.327887
0.5913,33.592,0.405239
0.5913,33.7157,0.512159
0.5913,33.8395,0.587645
0.5913,33.9632,0.676002
0.5913,34.087,0.745429
0.5913,34.2107,0.765364
0.5913,34.3344,0.773171
0.5913,34.4582,0.73148
0.5913,34.5819,0.709945
0.5913,34.7057,0.614792
0.5913,34.8294,0.537953
0.5913,34.9532,0.442888
0.5913,35.0769,0.338818
0.5913,35.2007,0.288102
0.5913,35.3244,0.196401
0.5913,35.4482,0.173191
0.5913,35.5719,0.122379
0.5913,35.6957,0.093307
0.5913,35.8194,0.073202
0.5913,35.9431,0.084685
0.5913,36.0669,0.078851
0.5913,36.1906,0.054451
0.5913,36.3144,0.034453
0.5913,36.4381,0.020397
0.5913,36.5619,0.035681
0.5913,36.6856,0.027878
0.5913,36.8094,0.04438
0.5913,36.9331,0.061845
0.5913,37.0569,0.056305
0.5913,37.1806,0.050968
0.5913,37.3043,0.06634
0.5913,37.4281,0.062805
0.5913,37.5518,0.057554
0.5913,37.6756,0.036405
0.5913,37.7993,0.059279
0.5913,37.9231,0.070451
0.5913,38.0468,0.0566
0.5913,38.1706,0.059461
0.5913,38.2943,0.098149
0.5913,38.4181,0.08092
0.5913,38.5418,0.042238
0.5913,38.6656,0.09078
0.5913,38.7893,0.071326
0.5913,38.913,0.074637
0.5913,39.0368,0.083912
0.5913,39.1605,0.088159
0.5913,39.2843,0.085459
0.5913,39.408,0.068798
0.5913,39.5318,0.064731
0.5913,39.6555,0.070735
0.5913,39.7793,0.067252
0.5913,39.903,0.105437
0.5913,40.0268,0.067966
0.5913,40.1505,0.06322
0.5913,40.2742,0.059713
0.5913,40.398,0.075122
0.5913,40.5217,0.086658
0.5913,40.6455,0.050737
0.5913,40.7692,0.073021
0.5913,40.893,0.064847
0.5913,41.0167,0.056692
0.5913,41.1405,0.045087
0.5913,41.2642,0.052137
0.5913,41.388,0.060373
0.5913,41.5117,0.02767
0.5913,41.6355,0.041264
0.5913,41.7592,0.016298
0.5913,41.8829,0.048256
0.5913,42.0067,0.050641
0.5913,42.1304,0.0273
0.5913,42.2542,0.061725
0.5913,42.3779,0.056082
0.5913,42.5017,0.033714
0.5913,42.6254,0.032711
0.5913,42.7492,0.039709
0.5913,42.8729,0.029281
0.5913,42.9967,0.036765
0.5913,43.1204,0.05234
0.5913,43.2441,0.030988
0.5913,43.3679,0.071594
0.5913,43.4916,0.043387
0.5913,43.6154,0.04587
0.5913,43.7391,0.023895
0.5913,43.8629,0.061246
0.5913,43.9866,0.058881
0.5913,44.1104,0.0742
0.5913,44.2341,0.067885
0.5913,44.3579,0.071876
0.5913,44.4816,0.072749
0.5913,44.6054,0.077763
0.5913,44.7291,0.076503
0.5913,44.8528,0.084321
0.5913,44.9766,0.091948
0.5913,45.1003,0.059853
0.5913,45.2241,0.094094
0.5913,45.3478,0.068996
0.5913,45.4716,0.094976
0.5913,45.5953,0.101171
0.5913,45.7191,0.135733
0.5913,45.8428,0.133606
0.5913,45.9666,0.179838
0.5913,46.0903,0.191156
0.5913,46.214,0.255083
0.5913,46.3378,0.31902
0.5913,46.4615,0.383183
0.5913,46.5853,0.402291
0.5913,46.709,0.464241
0.5913,46.8328,0.441089
0.5913,46.9565,0.444632
0.5913,47.0803,0.38177
0.5913,47.204,0.341813
0.5913,47.3278,0.255023
0.5913,47.4515,0.194893
0.5913,47.5753,0.167164
0.5913,47.699,0.1154
0.5913,47.8227,0.106337
0.5913,47.9465,0.084769
0.5913,48.0702,0.063822
0.5913,48.194,0.065026
0.5913,48.3177,0.060247
0.5913,48.4415,0.068374
0.5913,48.5652,0.045529
0.5913,48.689,0.030917
0.5913,48.8127,0.027732
0.5913,48.9365,0.051549
0.5913,49.0602,0.044766
0.5913,49.1839,0.058441
0.5913,49.3077,0.032645
0.5913,49.4314,0.029212
0.5913,49.5552,0.054337
0.5913,49.6789,0.062532
0.5913,49.8027,0.068715
0.5913,49.9264,0.060251
0.5913,50.0502,0.064661
0.5913,50.1739,0.06344
0.5913,50.2977,0.052693
0.5913,50.4214,0.069577
0.5913,50.5452,0.071819
0.5913,50.6689,0.068859
0.5913,50.7926,0.063364
0.5913,50.9164,0.055352
0.5913,51.0401,0.052843
0.5913,51.1639,0.091973
0.5913,51.2876,0.094074
0.5913,51.4114,0.071121
0.5913,51.5351,0.087449
0.5913,51.6589,0.059607
0.5913,51.7826,0.081712
0.5913,51.9064,0.057641
0.5913,52.0301,0.094111
0.5913,52.1538,0.069226
0.5913,52.2776,0.08443
0.5913,52.4013,0.083911
0.5913,52.5251,0.08553
0.5913,52.6488,0.075802
0.5913,52.7726,0.06567
0.5913,52.8963,0.083947
0.5913,53.0201,0.056694
0.5913,53.1438,0.046225
0.5913,53.2676,0.08418
0.5913,53.3913,0.039789
0.5913,53.5151,0.063059
0.5913,53.6388,0.058382
0.5913,53.7625,0.056999
0.5913,53.8863,0.061665
0.5913,54.01,0.038643
0.5913,54.1338,0.063096
0.5913,54.2575,0.053509
0.5913,54.3813,0.041809
0.5913,54.505,0.020131
0.5913,54.6288,0.04986
0.5913,54.7525,0.038377
0.5913,54.8763,0.048001
0.5913,55.0,0.04883
0.6,18.0,0.046023
0.6,18.1237,0.025648
0.6,18.2475,0.051702
0.6,18.3712,0.03855
0.6,18.495,0.033346
0.6,18.6187,0.053301
0.6,18.7425,0.027734
0.6,18.8662,0.029493
0.6,18.99,0.034495
0.6,19.1137,0.068906
0.6,19.2375,0.041072
0.6,19.3612,0.053525
0.6,19.4849,0.049489
0.6,19.6087,0.040297
0.6,19.7324,0.066515
0.6,19.8562,0.071106
0.6,19.9799,0.061839
0.6,20.1037,0.086672
0.6,20.2274,0.069085
0.6,20.3512,0.087687
0.6,20.4749,0.049171
0.6,20.5987,0.080554
0.6,20.7224,0.084384
0.6,20.8462,0.070055
0.6,20.9699,0.053979
0.6,21.0936,0.055278
0.6,21.2174,0.098038
0.6,21.3411,0.08959
0.6,21.4649,0.069489
0.6,21.5886,0.074861
0.6,21.7124,0.094708
0.6,21.8361,0.073371
0.6,21.9599,0.073319
0.6,22.0836,0.050579
0.6,22.2074,0.092717
0.6,22.3311,0.077437
0.6,22.4548,0.069971
0.6,22.5786,0.054765
0.6,22.7023,0.069922
0.6,22.8261,0.057656
0.6,22.9498,0.061295
0.6,23.0736,0.066174
0.6,23.1973,0.059855
0.6,23.3211,0.055472
0.6,23.4448,0.051835
0.6,23.5686,0.047389
0.6,23.6923,0.055137
0.6,23.8161,0.050386
0.6,23.9398,0.041819
0.6,24.0635,0.041032
0.6,24.1873,0.047694
0.6,24.311,0.0357
0.6,24.4348,0.039129
0.6,24.5585,0.055643
0.6,24.6823,0.0397
0.6,24.806,0.021949
0.6,24.9298,0.058446
0.6,25.0535,0.084003
0.6,25.1773,0.114525
0.6,25.301,0.21383
0.6,25.4247,0.36967
0.6,25.5485,0.529459
0.6,25.6722,0.755279
0.6,25.796,0.938553
0.6,25.9197,1.063181
0.6,26.0435,1.108255
0.6,26.1672,1.040018
0.6,26.291,0.899442
0.6,26.4147,0.709173
0.6,26.5385,0.495697
0.6,26.6622,0.355107
0.6,26.786,0.231474
0.6,26.9097,0.146296
0.6,27.0334,0.101347
0.6,27.1572,0.089694
0.6,27.2809,0.079305
0.6,27.4047,0.084579
0.6,27.5284,0.079859
0.6,27.6522,0.071509
0.6,27.7759,0.074921
0.6,27.8997,0.095322
0.6,28.0234,0.071605
0.6,28.1472,0.060458
0.6,28.2709,0.068684
0.6,28.3946,0.075543
0.6,28.5184,0.079396
0.6,28.6421,0.073652
0.6,28.7659,0.051252
0.6,28.8896,0.042717
0.6,29.0134,0.061133
0.6,29.1371,0.066236
0.6,29.2609,0.060772
0.6,29.3846,0.036558
0.6,29.5084,0.042822
0.6,29.6321,0.041891
0.6,29.7559,0.033475
0.6,29.8796,0.05197
0.6,30.0033,0.022935
0.6,30.1271,0.051083
0.6,30.2508,0.050349
0.6,30.3746,0.044962
0.6,30.4983,0.056578
0.6,30.6221,0.052984
0.6,30.7458,0.087956
0.6,30.8696,0.030768
0.6,30.9933,0.046932
0.6,31.1171,0.05612
0.6,31.2408,0.067263
0.6,31.3645,0.043942
0.6,31.4883,0.049111
0.6,31.612,0.064783
0.6,31.7358,0.064748
0.6,31.8595,0.057748
0.6,31.9833,0.068237
0.6,32.107,0.080257
0.6,32.2308,0.054155
0.6,32.3545,0.068865
0.6,32.4783,0.084953
0.6,32.602,0.079497
0.6,32.7258,0.092381
0.6,32.8495,0.082184
0.6,32.9732,0.124578
0.6,33.097,0.159668
0.6,33.2207,0.223515
0.6,33.3445,0.261068
0.6,33.4682,0.321918
0.6,33.592,0.42303
0.6,33.7157,0.527321
0.6,33.8395,0.586121
0.6,33.9632,0.672769
0.6,34.087,0.744639
0.6,34.2107,0.767649
0.6,34.3344,0.773601
0.6,34.4582,0.74958
0.6,34.5819,0.658409
0.6,34.7057,0.612065
0.6,34.8294,0.524372
0.6,34.9532,0.436883
0.6,35.0769,0.357892
0.6,35.2007,0.281114
0.6,35.3244,0.188096
0.6,35.4482,0.15254
0.6,35.5719,0.116878
0.6,35.6957,0.059767
0.6,35.8194,0.070468
0.6,35.9431,0.061068
0.6,36.0669,0.054203
0.6,36.1906,0.038108
0.6,36.3144,0.050398
0.6,36.4381,0.031634
0.6,36.5619,0.026715
0.6,36.6856,0.03373
0.6,36.8094,0.04564
0.6,36.9331,0.029759
0.6,37.0569,0.04298
0.6,37.1806,0.03768
0.6,37.3043,0.043023
0.6,37.4281,0.059615
0.6,37.5518,0.034494
0.6,37.6756,0.018616
0.6,37.7993,0.05803
0.6,37.9231,0.068138
0.6,38.0468,0.061479
0.6,38.1706,0.03067
0.6,38.2943,0.084201
0.6,38.4181,0.076303
0.6,38.5418,0.067312
0.6,38.6656,0.055633
0.6,38.7893,0.085301
0.6,38.913,0.057824
0.6,39.0368,0.073483
0.6,39.1605,0.067142
0.6,39.2843,0.081601
0.6,39.408,0.067787
0.6,39.5318,0.08135
0.6,39.6555,0.091901
0.6,39.7793,0.066951
0.6,39.903,0.088749
0.6,40.0268,0.079711
0.6,40.1505,0.055819
0.6,40.2742,0.083287
0.6,40.398,0.07092
0.6,40.5217,0.062144
0.6,40.6455,0.060075
0.6,40.7692,0.089031
0.6,40.893,0.054954
0.6,41.0167,0.072646
0.6,41.1405,0.083612
0.6,41.2642,0.062683
0.6,41.388,0.074769
0.6,41.5117,0.062693
0.6,41.6355,0.073228
0.6,41.7592,0.035794
0.6,41.8829,0.018811
0.6,42.0067,0.047781
0.6,42.1304,0.048263
0.6,42.2542,0.08358
0.6,42.3779,0.045597
0.6,42.5017,0.06189
0.6,42.6254,0.036941
0.6,42.7492,0.051442
0.6,42.8729,0.04568
0.6,42.9967,0.067962
0.6,43.1204,0.038656
0.6,43.2441,0.046013
0.6,43.3679,0.063559
0.6,43.4916,0.043516
0.6,43.6154,0.047367
0.6,43.7391,0.061864
0.6,43.8629,0.079384
0.6,43.9866,0.06652
0.6,44.1104,0.077929
0.6,44.2341,0.079019
0.6,44.3579,0.063764
0.6,44.4816,0.094662
0.6,44.6054,0.078744
0.6,44.7291,0.075618
0.6,44.8528,0.083185
0.6,44.9766,0.078314
0.6,45.1003,0.077354
0.6,45.2241,0.081233
0.6,45.3478,0.083507
0.6,45.4716,0.073179
0.6,45.5953,0.089979
0.6,45.7191,0.105547
0.6,45.8428,0.142144
0.6,45.9666,0.164112
0.6,46.0903,0.210707
0.6,46.214,0.268815
0.6,46.3378,0.311931
0.6,46.4615,0.391356
0.6,46.5853,0.420597
0.6,46.709,0.480458
0.6,46.8328,0.462559
0.6,46.9565,0.459923
0.6,47.0803,0.410713
0.6,47.204,0.352288
0.6,47.3278,0.267772
0.6,47.4515,0.217635
0.6,47.5753,0.16538
0.6,47.699,0.117233
0.6,47.8227,0.101427
0.6,47.9465,0.063113
0.6,48.0702,0.067712
0.6,48.194,0.031436
0.6,48.3177,0.03283
0.6,48.4415,0.044124
0.6,48.5652,0.070386
0.6,48.689,0.02637
0.6,48.8127,0.035014
0.6,48.9365,0.043101
0.6,49.0602,0.030826
0.6,49.1839,0.065075
0.6,49.3077,0.050365
0.6,49.4314,0.028408
0.6,49.5552,0.062147
0.6,49.6789,0.052184
0.6,49.8027,0.056123
0.6,49.9264,0.059236
0.6,50.0502,0.055669
0.6,50.1739,0.087074
0.6,50.2977,0.062876
0.6,50.4214,0.067197
0.6,50.5452,0.071625
0.6,50.6689,0.079898
0.6,50.7926,0.076241
0.6,50.9164,0.070842
0.6,51.0401,0.072193
0.6,51.1639,0.083331
0.6,51.2876,0.082489
0.6,51.4114,0.066403
0.6,51.5351,0.084753
0.6,51.6589,0.078181
0.6,51.7826,0.070099
0.6,51.9064,0.077966
0.6,52.0301,0.066818
0.6,52.1538,0.091116
0.6,52.2776,0.076583
0.6,52.4013,0.091719
0.6,52.5251,0.073358
0.6,52.6488,0.05983
0.6,52.7726,0.07309
0.6,52.8963,0.071817
0.6,53.0201,0.066841
0.6,53.1438,0.080899
0.6,53.2676,0.053724
0.6,53.3913,0.032597
0.6,53.5151,0.063116
0.6,53.6388,0.051179
0.6,53.7625,0.023578
0.6,53.8863,0.04664
0.6,54.01,0.040774
0.6,54.1338,0.014623
0.6,54.2575,0.042253
0.6,54.3813,0.015873
0.6,54.505,0.039252
0.6,54.6288,0.043203
0.6,54.7525,0.046946
0.6,54.8763,0.031927
0.6,55.0,0.025276
0.6087,18.0,0.044234
0.6087,18.1237,0.030617
0.6087,18.2475,0.018555
0.6087,18.3712,0.037299
0.6087,18.495,0.048088
0.6087,18.6187,0.050217
0.6087,18.7425,0.040988
0.6087,18.8662,0.055385
0.6087,18.99,0.058879
0.6087,19.1137,0.027381
0.6087,19.2375,0.051574
0.6087,19.3612,0.040459
0.6087,19.4849,0.043588
0.6087,19.6087,0.068431
0.6087,19.7324,0.051603
0.6087,19.8562,0.059404
0.6087,19.9799,0.067026
0.6087,20.1037,0.057538
0.6087,20.2274,0.068079
0.6087,20.3512,0.078964
0.6087,20.4749,0.08551
0.6087,20.5987,0.074674
0.6087,20.7224,0.08654
0.6087,20.8462,0.085437
0.6087,20.9699,0.06511
0.6087,21.0936,0.074077
0.6087,21.2174,0.074104
0.6087,21.3411,0.072218
0.6087,21.4649,0.088967
0.6087,21.5886,0.104449
0.6087,21.7124,0.094684
0.6087,21.8361,0.080226
0.6087,21.9599,0.074806
0.6087,22.0836,0.082023
0.6087,22.2074,0.071298
0.6087,22.3311,0.088613
0.6087,22.4548,0.059991
0.6087,22.5786,0.060159
0.6087,22.7023,0.075793
0.6087,22.8261,0.0814
0.6087,22.9498,0.038129
0.6087,23.0736,0.070366
0.6087,23.1973,0.087317
0.6087,23.3211,0.079559
0.6087,23.4448,0.06375
0.6087,23.5686,0.045973
0.6087,23.6923,0.073145
0.6087,23.8161,0.052249
0.6087,23.9398,0.037897
0.6087,24.0635,0.044832
0.6087,24.1873,0.041379
0.6087,24.311,0.042656
0.6087,24.4348,0.057001
0.6087,24.5585,0.047927
0.6087,24.6823,0.053466
0.6087,24.806,0.069937
0.6087,24.9298,0.035511
0.6087,25.0535,0.079872
0.6087,25.1773,0.129735
0.6087,25.301,0.213679
0.6087,25.4247,0.351944
0.6087,25.5485,0.533151
0.6087,25.6722,0.730395
0.6087,25.796,0.899303
0.6087,25.9197,1.073316
0.6087,26.0435,1.115673
0.6087,26.1672,1.053693
0.6087,26.291,0.902671
0.6087,26.4147,0.730588
0.6087,26.5385,0.514008
0.6087,26.6622,0.380153
0.6087,26.786,0.24948
0.6087,26.9097,0.150363
0.6087,27.0334,0.109923
0.6087,27.1572,0.090091
0.6087,27.2809,0.077237
0.6087,27.4047,0.076931
0.6087,27.5284,0.092478
0.6087,27.6522,0.07598
0.6087,27.7759,0.078327
0.6087,27.8997,0.088701
0.6087,28.0234,0.078467
0.6087,28.1472,0.07415
0.6087,28.2709,0.065779
0.6087,28.3946,0.08684
0.6087,28.5184,0.069907
0.6087,28.6421,0.071732
0.6087,28.7659,0.061893
0.6087,28.8896,0.069668
0.6087,29.0134,0.056752
0.6087,29.1371,0.043117
0.6087,29.2609,0.06455
0.6087,29.3846,0.046313
0.6087,29.5084,0.041997
0.6087,29.6321,0.061219
0.6087,29.7559,0.078487
0.6087,29.8796,0.06653
0.6087,30.0033,0.056211
0.6087,30.1271,0.03791
0.6087,30.2508,0.05684
0.6087,30.3746,0.060653
0.6087,30.4983,0.039882
0.6087,30.6221,0.047024
0.6087,30.7458,0.041008
0.6087,30.8696,0.046974
0.6087,30.9933,0.063827
0.6087,31.1171,0.057222
0.6087,31.2408,0.043698
0.6087,31.3645,0.057671
0.6087,31.4883,0.040988
0.6087,31.612,0.039984
0.6087,31.7358,0.060547
0.6087,31.8595,0.066446
0.6087,31.9833,0.067798
0.6087,32.107,0.071349
0.6087,32.2308,0.065824
0.6087,32.3545,0.073077
0.6087,32.4783,0.062525
0.6087,32.602,0.085597
0.6087,32.7258,0.094995
0.6087,32.8495,0.104706
0.6087,32.9732,0.131655
0.6087,33.097,0.172546
0.6087,33.2207,0.198379
0.6087,33.3445,0.245829
0.6087,33.4682,0.335468
0.6087,33.592,0.407303
0.6087,33.7157,0.514947
0.6087,33.8395,0.604897
0.6087,33.9632,0.703119
0.6087,34.087,0.725946
0.6087,34.2107,0.771015
0.6087,34.3344,0.782639
0.6087,34.4582,0.753385
0.6087,34.5819,0.657638
0.6087,34.7057,0.613566
0.6087,34.8294,0.51293
0.6087,34.9532,0.419175
0.6087,35.0769,0.30733
0.6087,35.2007,0.263562
0.6087,35.3244,0.165352
0.6087,35.4482,0.161616
0.6087,35.5719,0.14165
0.6087,35.6957,0.084536
0.6087,35.8194,0.059986
0.6087,35.9431,0.068688
0.6087,36.0669,0.043808
0.6087,36.1906,0.06592
0.6087,36.3144,0.039422
0.6087,36.4381,0.047597
0.6087,36.5619,0.036716
0.6087,36.6856,0.067886
0.6087,36.8094,0.041817
0.6087,36.9331,0.04511
0.6087,37.0569,0.030102
0.6087,37.1806,0.066461
0.6087,37.3043,0.044004
0.6087,37.4281,0.057581
0.6087,37.5518,0.04771
0.6087,37.6756,0.046967
0.6087,37.7993,0.040415
0.6087,37.9231,0.070923
0.6087,38.0468,0.045774
0.6087,38.1706,0.047841
0.6087,38.2943,0.052447
0.6087,38.4181,0.084894
0.6087,38.5418,0.090831
0.6087,38.6656,0.068764
0.6087,38.7893,0.072725
0.6087,38.913,0.080545
0.6087,39.0368,0.066616
0.6087,39.1605,0.071409
0.6087,39.2843,0.08094
0.6087,39.408,0.087728
0.6087,39.5318,0.09259
0.6087,39.6555,0.09713
0.6087,39.7793,0.082213
0.6087,39.903,0.073809
0.6087,40.0268,0.072383
0.6087,40.1505,0.058513
0.6087,40.2742,0.080628
0.6087,40.398,0.077696
0.6087,40.5217,0.059324
0.6087,40.6455,0.063742
0.6087,40.7692,0.044717
0.6087,40.893,0.030539
0.6087,41.0167,0.060132
0.6087,41.1405,0.049985
0.6087,41.2642,0.03689
0.6087,41.388,0.038579
0.6087,41.5117,0.048631
0.6087,41.6355,0.054215
0.6087,41.7592,0.045804
0.6087,41.8829,0.072565
0.6087,42.0067,0.031973
0.6087,42.1304,0.061707
0.6087,42.2542,0.042725
0.6087,42.3779,0.037959
0.6087,42.5017,0.032252
0.6087,42.6254,0.029866
0.6087,42.7492,0.036255
0.6087,42.8729,0.023273
0.6087,42.9967,0.070247
0.6087,43.1204,0.040104
0.6087,43.2441,0.046492
0.6087,43.3679,0.05293
0.6087,43.4916,0.067773
0.6087,43.6154,0.034786
0.6087,43.7391,0.051662
0.6087,43.8629,0.046001
0.6087,43.9866,0.069406
0.6087,44.1104,0.072697
0.6087,44.2341,0.05557
0.6087,44.3579,0.070349
0.6087,44.4816,0.063994
0.6087,44.6054,0.076659
0.6087,44.7291,0.078014
0.6087,44.8528,0.088346
0.6087,44.9766,0.100386
0.6087,45.1003,0.097905
0.6087,45.2241,0.064624
0.6087,45.3478,0.051414
0.6087,45.4716,0.089407
0.6087,45.5953,0.09695
0.6087,45.7191,0.133262
0.6087,45.8428,0.152779
0.6087,45.9666,0.168162
0.6087,46.0903,0.204166
0.6087,46.214,0.294578
0.6087,46.3378,0.321778
0.6087,46.4615,0.385932
0.6087,46.5853,0.430545
0.6087,46.709,0.45505
0.6087,46.8328,0.430549
0.6087,46.9565,0.444897
0.6087,47.0803,0.408928
0.6087,47.204,0.325772
0.6087,47.3278,0.29132
0.6087,47.4515,0.228416
0.6087,47.5753,0.175575
0.6087,47.699,0.119596
0.6087,47.8227,0.076608
0.6087,47.9465,0.073735
0.6087,48.0702,0.063006
0.6087,48.194,0.062378
0.6087,48.3177,0.059958
0.6087,48.4415,0.045673
0.6087,48.5652,0.039121
0.6087,48.689,0.039079
0.6087,48.8127,0.046062
0.6087,48.9365,0.040414
0.6087,49.0602,0.055662
0.6087,49.1839,0.070233
0.6087,49.3077,0.065925
0.6087,49.4314,0.043183
0.6087,49.5552,0.044712
0.6087,49.6789,0.045016
0.6087,49.8027,0.075881
0.6087,49.9264,0.062187
0.6087,50.0502,0.093039
0.6087,50.1739,0.039575
0.6087,50.2977,0.053844
0.6087,50.4214,0.062466
0.6087,50.5452,0.073808
0.6087,50.6689,0.069482
0.6087,50.7926,0.086865
0.6087,50.9164,0.068373
0.6087,51.0401,0.070978
0.6087,51.1639,0.0659
0.6087,51.2876,0.078945
0.6087,51.4114,0.091772
0.6087,51.5351,0.085088
0.6087,51.6589,0.068902
0.6087,51.7826,0.120681
0.6087,51.9064,0.083618
0.6087,52.0301,0.091341
0.6087,52.1538,0.091992
0.6087,52.2776,0.078806
0.6087,52.4013,0.073338
0.6087,52.5251,0.097034
0.6087,52.6488,0.09252
0.6087,52.7726,0.071388
0.6087,52.8963,0.081466
0.6087,53.0201,0.092621
0.6087,53.1438,0.104617
0.6087,53.2676,0.068791
0.6087,53.3913,0.05575
0.6087,53.5151,0.039039
0.6087,53.6388,0.09016
0.6087,53.7625,0.043898
0.6087,53.8863,0.066842
0.6087,54.01,0.066781
0.6087,54.1338,0.046713
0.6087,54.2575,0.057522
0.6087,54.3813,0.051846
0.6087,54.505,0.062326
0.6087,54.6288,0.041776
0.6087,54.7525,0.035947
0.6087,54.8763,0.032707
0.6087,55.0,0.047356
0.6174,18.0,0.053478
0.6174,18.1237,0.055493
0.6174,18.2475,0.04637
0.6174,18.3712,0.061566
0.6174,18.495,0.051381
0.6174,18.6187,0.029081
0.6174,18.7425,0.06281
0.6174,18.8662,0.038602
0.6174,18.99,0.040028
0.6174,19.1137,0.047537
0.6174,19.2375,0.063343
0.6174,19.3612,0.065004
0.6174,19.4849,0.04476
0.6174,19.6087,0.053951
0.6174,19.7324,0.065979
0.6174,19.8562,0.032334
0.6174,19.9799,0.084503
0.6174,20.1037,0.105269
0.6174,20.2274,0.094237
0.6174,20.3512,0.06313
0.6174,20.4749,0.088481
0.6174,20.5987,0.06372
0.6174,20.7224,0.081071
0.6174,20.8462,0.059643
0.6174,20.9699,0.081516
0.6174,21.0936,0.078246
0.6174,21.2174,0.074797
0.6174,21.3411,0.088722
0.6174,21.4649,0.083837
0.6174,21.5886,0.092742
0.6174,21.7124,0.074505
0.6174,21.8361,0.080323
0.6174,21.9599,0.089294
0.6174,22.0836,0.071758
0.6174,22.2074,0.085401
0.6174,22.3311,0.059737
0.6174,22.4548,0.062841
0.6174,22.5786,0.066688
0.6174,22.7023,0.040066
0.6174,22.8261,0.035477
0.6174,22.9498,0.067258
0.6174,23.0736,0.05909
0.6174,23.1973,0.044444
0.6174,23.3211,0.068385
0.6174,23.4448,0.047504
0.6174,23.5686,0.05269
0.6174,23.6923,0.037263
0.6174,23.8161,0.056976
0.6174,23.9398,0.056889
0.6174,24.0635,0.043432
0.6174,24.1873,0.033389
0.6174,24.311,0.034482
0.6174,24.4348,0.052508
0.6174,24.5585,0.059693
0.6174,24.6823,0.037016
0.6174,24.806,0.041894
0.6174,24.9298,0.05898
0.6174,25.0535,0.074989
0.6174,25.1773,0.120323
0.6174,25.301,0.177501
0.6174,25.4247,0.295715
0.6174,25.5485,0.473764
0.6174,25.6722,0.648169
0.6174,25.796,0.891178
0.6174,25.9197,1.038999
0.6174,26.0435,1.116293
0.6174,26.1672,1.090235
0.6174,26.291,0.925628
0.6174,26.4147,0.772142
0.6174,26.5385,0.570438
0.6174,26.6622,0.371082
0.6174,26.786,0.241343
0.6174,26.9097,0.175977
0.6174,27.0334,0.122002
0.6174,27.1572,0.108334
0.6174,27.2809,0.110467
0.6174,27.4047,0.08941
0.6174,27.5284,0.080864
0.6174,27.6522,0.065501
0.6174,27.7759,0.083886
0.6174,27.8997,0.092149
0.6174,28.0234,0.095896
0.6174,28.1472,0.072031
0.6174,28.2709,0.079735
0.6174,28.3946,0.075761
0.6174,28.5184,0.075033
0.6174,28.6421,0.046251
0.6174,28.7659,0.068852
0.6174,28.8896,0.049896
0.6174,29.0134,0.058525
0.6174,29.1371,0.056669
0.6174,29.2609,0.046013
0.6174,29.3846,0.040004
0.6174,29.5084,0.04082
0.6174,29.6321,0.034587
0.6174,29.7559,0.02824
0.6174,29.8796,0.038783
0.6174,30.0033,0.05989
0.6174,30.1271,0.059443
0.6174,30.2508,0.042117
0.6174,30.3746,0.038729
0.6174,30.4983,0.039258
0.6174,30.6221,0.018432
0.6174,30.7458,0.040088
0.6174,30.8696,0.068013
0.6174,30.9933,0.031477
0.6174,31.1171,0.021899
0.6174,31.2408,0.033199
0.6174,31.3645,0.061904
0.6174,31.4883,0.062997
0.6174,31.612,0.042139
0.6174,31.7358,0.06221
0.6174,31.8595,0.050299
0.6174,31.9833,0.085652
0.6174,32.107,0.071397
0.6174,32.2308,0.048247
0.6174,32.3545,0.093868
0.6174,32.4783,0.081475
0.6174,32.602,0.087809
0.6174,32.7258,0.10829
0.6174,32.8495,0.108254
0.6174,32.9732,0.150581
0.6174,33.097,0.18173
0.6174,33.2207,0.206802
0.6174,33.3445,0.266465
0.6174,33.4682,0.360597
0.6174,33.592,0.433619
0.6174,33.7157,0.537303
0.6174,33.8395,0.613393
0.6174,33.9632,0.678302
0.6174,34.087,0.73709
0.6174,34.2107,0.77813
0.6174,34.3344,0.780785
0.6174,34.4582,0.708742
0.6174,34.5819,0.667705
0.6174,34.7057,0.589963
0.6174,34.8294,0.494459
0.6174,34.9532,0.410149
0.6174,35.0769,0.334543
0.6174,35.2007,0.252912
0.6174,35.3244,0.173135
0.6174,35.4482,0.144798
0.6174,35.5719,0.104653
0.6174,35.6957,0.063089
0.6174,35.8194,0.050744
0.6174,35.9431,0.054251
0.6174,36.0669,0.055453
0.6174,36.1906,0.053197
0.6174,36.3144,0.066239
0.6174,36.4381,0.038916
0.6174,36.5619,0.051773
0.6174,36.6856,0.052754
0.6174,36.8094,0.049606
0.6174,36.9331,0.044731
0.6174,37.0569,0.072938
0.6174,37.1806,0.054755
0.6174,37.3043,0.048327
0.6174,37.4281,0.048706
0.6174,37.5518,0.062404
0.6174,37.6756,0.053869
0.6174,37.7993,0.065092
0.6174,37.9231,0.057715
0.6174,38.0468,0.058742
0.6174,38.1706,0.069975
0.6174,38.2943,0.071205
0.6174,38.4181,0.05606
0.6174,38.5418,0.038809
0.6174,38.6656,0.081087
0.6174,38.7893,0.068483
0.6174,38.913,0.061091
0.6174,39.0368,0.1104
0.6174,39.1605,0.060079
0.6174,39.2843,0.076767
0.6174,39.408,0.091952
0.6174,39.5318,0.083222
0.6174,39.6555,0.061963
0.6174,39.7793,0.092061
0.6174,39.903,0.072274
0.6174,40.0268,0.064236
0.6174,40.1505,0.070041
0.6174,40.2742,0.07538
0.6174,40.398,0.058659
0.6174,40.5217,0.066618
0.6174,40.6455,0.055664
0.6174,40.7692,0.039692
0.6174,40.893,0.053488
0.6174,41.0167,0.043342
0.6174,41.1405,0.065941
0.6174,41.2642,0.049781
0.6174,41.388,0.064659
0.6174,41.5117,0.05105
0.6174,41.6355,0.072374
0.6174,41.7592,0.038495
0.6174,41.8829,0.039718
0.6174,42.0067,0.041567
0.6174,42.1304,0.052515
0.6174,42.2542,0.058116
0.6174,42.3779,0.036269
0.6174,42.5017,0.035508
0.6174,42.6254,0.024694
0.6174,42.7492,0.053813
0.6174,42.8729,0.041836
0.6174,42.9967,0.060431
0.6174,43.1204,0.071456
0.6174,43.2441,0.052474
0.6174,43.3679,0.056689
0.6174,43.4916,0.076735
0.6174,43.6154,0.057444
0.6174,43.7391,0.058397
0.6174,43.8629,0.058201
0.6174,43.9866,0.030954
0.6174,44.1104,0.085309
0.6174,44.2341,0.092015
0.6174,44.3579,0.090035
0.6174,44.4816,0.101383
0.6174,44.6054,0.099151
0.6174,44.7291,0.08893
0.6174,44.8528,0.099269
0.6174,44.9766,0.079611
0.6174,45.1003,0.081238
0.6174,45.2241,0.084062
0.6174,45.3478,0.081546
0.6174,45.4716,0.071113
0.6174,45.5953,0.114903
0.6174,45.7191,0.123556
0.6174,45.8428,0.152515
0.6174,45.9666,0.171742
0.6174,46.0903,0.218709
0.6174,46.214,0.261824
0.6174,46.3378,0.326627
0.6174,46.4615,0.400491
0.6174,46.5853,0.459981
0.6174,46.709,0.452255
0.6174,46.8328,0.480521
0.6174,46.9565,0.430753
0.6174,47.0803,0.396601
0.6174,47.204,0.313275
0.6174,47.3278,0.271564
0.6174,47.4515,0.228905
0.6174,47.5753,0.143598
0.6174,47.699,0.122944
0.6174,47.8227,0.093369
0.6174,47.9465,0.084253
0.6174,48.0702,0.069443
0.6174,48.194,0.048697
0.6174,48.3177,0.054672
0.6174,48.4415,0.044489
0.6174,48.5652,0.052207
0.6174,48.689,0.065104
0.6174,48.8127,0.031506
0.6174,48.9365,0.044673
0.6174,49.0602,0.066441
0.6174,49.1839,0.063195
0.6174,49.3077,0.047166
0.6174,49.4314,0.064249
0.6174,49.5552,0.052115
0.6174,49.6789,0.049175
0.6174,49.8027,0.039624
0.6174,49.9264,0.056289
0.6174,50.0502,0.07038
0.6174,50.1739,0.079435
0.6174,50.2977,0.097315
0.6174,50.4214,0.059677
0.6174,50.5452,0.062781
0.6174,50.6689,0.061332
0.6174,50.7926,0.054114
0.6174,50.9164,0.074066
0.6174,51.0401,0.072902
0.6174,51.1639,0.099135
0.6174,51.2876,0.106019
0.6174,51.4114,0.067127
0.6174,51.5351,0.100469
0.6174,51.6589,0.079058
0.6174,51.7826,0.053729
0.6174,51.9064,0.082334
0.6174,52.0301,0.074392
0.6174,52.1538,0.062181
0.6174,52.2776,0.066202
0.6174,52.4013,0.063943
0.6174,52.5251,0.073184
0.6174,52.6488,0.083827
0.6174,52.7726,0.068723
0.6174,52.8963,0.064121
0.6174,53.0201,0.080313
0.6174,53.1438,0.057458
0.6174,53.2676,0.060271
0.6174,53.3913,0.065719
0.6174,53.5151,0.046554
0.6174,53.6388,0.042181
0.6174,53.7625,0.062416
0.6174,53.8863,0.054043
0.6174,54.01,0.029838
0.6174,54.1338,0.07817
0.6174,54.2575,0.038685
0.6174,54.3813,0.038031
0.6174,54.505,0.03724
0.6174,54.6288,0.051488
0.6174,54.7525,0.065103
0.6174,54.8763,0.05815
0.6174,55.0,0.038729
0.6261,18.0,0.051669
0.6261,18.1237,0.05092
0.6261,18.2475,0.031746
0.6261,18.3712,0.055694
0.6261,18.495,0.014021
0.6261,18.6187,0.076876
0.6261,18.7425,0.060145
0.6261,18.8662,0.053624
0.6261,18.99,0.044709
0.6261,19.1137,0.034766
0.6261,19.2375,0.054831
0.6261,19.3612,0.077059
0.6261,19.4849,0.063966
0.6261,19.6087,0.048261
0.6261,19.7324,0.069827
0.6261,19.8562,0.047781
0.6261,19.9799,0.093452
0.6261,20.1037,0.073321
0.6261,20.2274,0.068294
0.6261,20.3512,0.073578
0.6261,20.4749,0.080332
0.6261,20.5987,0.071382
0.6261,20.7224,0.074838
0.6261,20.8462,0.092322
0.6261,20.9699,0.091286
0.6261,21.0936,0.065023
0.6261,21.2174,0.074566
0.6261,21.3411,0.085434
0.6261,21.4649,0.087278
0.6261,21.5886,0.091283
0.6261,21.7124,0.084209
0.6261,21.8361,0.097144
0.6261,21.9599,0.094052
0.6261,22.0836,0.083502
0.6261,22.2074,0.065857
0.6261,22.3311,0.034233
0.6261,22.4548,0.041169
0.6261,22.5786,0.062248
0.6261,22.7023,0.046739
0.6261,22.8261,0.044741
0.6261,22.9498,0.058245
0.6261,23.0736,0.078179
0.6261,23.1973,0.045073
0.6261,23.3211,0.069587
0.6261,23.4448,0.021003
0.6261,23.5686,0.049011
0.6261,23.6923,0.063971
0.6261,23.8161,0.05212
0.6261,23.9398,0.072097
0.6261,24.0635,0.032311
0.6261,24.1873,0.057486
0.6261,24.311,0.034383
0.6261,24.4348,0.035938
0.6261,24.5585,0.026955
0.6261,24.6823,0.058177
0.6261,24.806,0.037445
0.6261,24.9298,0.059546
0.6261,25.0535,0.083351
0.6261,25.1773,0.118673
0.6261,25.301,0.160318
0.6261,25.4247,0.279393
0.6261,25.5485,0.427484
0.6261,25.6722,0.637592
0.6261,25.796,0.829879
0.6261,25.9197,1.024133
0.6261,26.0435,1.101431
0.6261,26.1672,1.123106
0.6261,26.291,0.994911
0.6261,26.4147,0.797735
0.6261,26.5385,0.597221
0.6261,26.6622,0.416486
0.6261,26.786,0.251075
0.6261,26.9097,0.178018
0.6261,27.0334,0.146776
0.6261,27.1572,0.09462
0.6261,27.2809,0.068558
0.6261,27.4047,0.068383
0.6261,27.5284,0.075626
0.6261,27.6522,0.054678
0.6261,27.7759,0.111099
0.6261,27.8997,0.057262
0.6261,28.0234,0.081455
0.6261,28.1472,0.054351
0.6261,28.2709,0.071575
0.6261,28.3946,0.063187
0.6261,28.5184,0.078533
0.6261,28.6421,0.058924
0.6261,28.7659,0.050151
0.6261,28.8896,0.074347
0.6261,29.0134,0.037858
0.6261,29.1371,0.065416
0.6261,29.2609,0.035495
0.6261,29.3846,0.061687
0.6261,29.5084,0.04242
0.6261,29.6321,0.058374
0.6261,29.7559,0.040938
0.6261,29.8796,0.03622
0.6261,30.0033,0.040613
0.6261,30.1271,0.061739
0.6261,30.2508,0.045583
0.6261,30.3746,0.055325
0.6261,30.4983,0.048114
0.6261,30.6221,0.071181
0.6261,30.7458,0.036474
0.6261,30.8696,0.042974
0.6261,30.9933,0.049361
0.6261,31.1171,0.054681
0.6261,31.2408,0.039332
0.6261,31.3645,0.040468
0.6261,31.4883,0.081185
0.6261,31.612,0.047606
0.6261,31.7358,0.068174
0.6261,31.8595,0.063759
0.6261,31.9833,0.065478
0.6261,32.107,0.06258
0.6261,32.2308,0.06725
0.6261,32.3545,0.076545
0.6261,32.4783,0.098964
0.6261,32.602,0.113072
0.6261,32.7258,0.09336
0.6261,32.8495,0.123775
0.6261,32.9732,0.154615
0.6261,33.097,0.173528
0.6261,33.2207,0.206947
0.6261,33.3445,0.29514
0.6261,33.4682,0.371939
0.6261,33.592,0.436531
0.6261,33.7157,0.529363
0.6261,33.8395,0.626431
0.6261,33.9632,0.691295
0.6261,34.087,0.729063
0.6261,34.2107,0.760545
0.6261,34.3344,0.772001
0.6261,34.4582,0.722891
0.6261,34.5819,0.650446
0.6261,34.7057,0.591598
0.6261,34.8294,0.49062
0.6261,34.9532,0.404492
0.6261,35.0769,0.319711
0.6261,35.2007,0.217759
0.6261,35.3244,0.192405
0.6261,35.4482,0.13624
0.6261,35.5719,0.101026
0.6261,35.6957,0.080009
0.6261,35.8194,0.078129
0.6261,35.9431,0.060898
0.6261,36.0669,0.043614
0.6261,36.1906,0.04501
0.6261,36.3144,0.032576
0.6261,36.4381,0.039379
0.6261,36.5619,0.050823
0.6261,36.6856,0.036394
0.6261,36.8094,0.046944
0.6261,36.9331,0.051188
0.6261,37.0569,0.048873
0.6261,37.1806,0.055094
0.6261,37.3043,0.026194
0.6261,37.4281,0.051221
0.6261,37.5518,0.039779
0.6261,37.6756,0.041298
0.6261,37.7993,0.054489
0.6261,37.9231,0.062298
0.6261,38.0468,0.054876
0.6261,38.1706,0.061828
0.6261,38.2943,0.073319
0.6261,38.4181,0.063787
0.6261,38.5418,0.080372
0.6261,38.6656,0.088176
0.6261,38.7893,0.086733
0.6261,38.913,0.074773
0.6261,39.0368,0.053151
0.6261,39.1605,0.085327
0.6261,39.2843,0.08561
0.6261,39.408,0.07451
0.6261,39.5318,0.094309
0.6261,39.6555,0.09895
0.6261,39.7793,0.089633
0.6261,39.903,0.077204
0.6261,40.0268,0.057767
0.6261,40.1505,0.079278
0.6261,40.2742,0.076108
0.6261,40.398,0.062798
0.6261,40.5217,0.06575
0.6261,40.6455,0.061339
0.6261,40.7692,0.081168
0.6261,40.893,0.090293
0.6261,41.0167,0.036394
0.6261,41.1405,0.03893
0.6261,41.2642,0.018314
0.6261,41.388,0.05876
0.6261,41.5117,0.04289
0.6261,41.6355,0.034445
0.6261,41.7592,0.056152
0.6261,41.8829,0.047649
0.6261,42.0067,0.039597
0.6261,42.1304,0.057505
0.6261,42.2542,0.042866
0.6261,42.3779,0.024405
0.6261,42.5017,0.047991
0.6261,42.6254,0.062805
0.6261,42.7492,0.051654
0.6261,42.8729,0.031014
0.6261,42.9967,0.043199
0.6261,43.1204,0.079024
0.6261,43.2441,0.03416
0.6261,43.3679,0.045705
0.6261,43.4916,0.055375
0.6261,43.6154,0.080991
0.6261,43.7391,0.070599
0.6261,43.8629,0.072442
0.6261,43.9866,0.069316
0.6261,44.1104,0.050311
0.6261,44.2341,0.069769
0.6261,44.3579,0.084421
0.6261,44.4816,0.087015
0.6261,44.6054,0.076641
0.6261,44.7291,0.106851
0.6261,44.8528,0.062375
0.6261,44.9766,0.090992
0.6261,45.1003,0.078648
0.6261,45.2241,0.10762
0.6261,45.3478,0.069165
0.6261,45.4716,0.065432
0.6261,45.5953,0.083023
0.6261,45.7191,0.105162
0.6261,45.8428,0.116305
0.6261,45.9666,0.171902
0.6261,46.0903,0.188102
0.6261,46.214,0.268505
0.6261,46.3378,0.35721
0.6261,46.4615,0.370817
0.6261,46.5853,0.41156
0.6261,46.709,0.436172
0.6261,46.8328,0.468024
0.6261,46.9565,0.444905
0.6261,47.0803,0.416949
0.6261,47.204,0.353936
0.6261,47.3278,0.270463
0.6261,47.4515,0.212507
0.6261,47.5753,0.146077
0.6261,47.699,0.103482
0.6261,47.8227,0.09581
0.6261,47.9465,0.074973
0.6261,48.0702,0.053741
0.6261,48.194,0.040781
0.6261,48.3177,0.035786
0.6261,48.4415,0.04362
0.6261,48.5652,0.039712
0.6261,48.689,0.028858
0.6261,48.8127,0.056821
0.6261,48.9365,0.036482
0.6261,49.0602,0.051111
0.6261,49.1839,0.047457
0.6261,49.3077,0.047747
0.6261,49.4314,0.040878
0.6261,49.5552,0.057714
0.6261,49.6789,0.06211
0.6261,49.8027,0.072683
0.6261,49.9264,0.041948
0.6261,50.0502,0.046196
0.6261,50.1739,0.072085
0.6261,50.2977,0.062182
0.6261,50.4214,0.076088
0.6261,50.5452,0.083003
0.6261,50.6689,0.066024
0.6261,50.7926,0.0684
0.6261,50.9164,0.082737
0.6261,51.0401,0.074254
0.6261,51.1639,0.079832
0.6261,51.2876,0.088301
0.6261,51.4114,0.067482
0.6261,51.5351,0.073903
0.6261,51.6589,0.089968
0.6261,51.7826,0.091192
0.6261,51.9064,0.083974
0.6261,52.0301,0.050172
0.6261,52.1538,0.095765
0.6261,52.2776,0.089747
0.6261,52.4013,0.081015
0.6261,52.5251,0.060602
0.6261,52.6488,0.072439
0.6261,52.7726,0.057342
0.6261,52.8963,0.066603
0.6261,53.0201,0.064895
0.6261,53.1438,0.060817
0.6261,53.2676,0.066645
0.6261,53.3913,0.070704
0.6261,53.5151,0.046176
0.6261,53.6388,0.051767
0.6261,53.7625,0.047154
0.6261,53.8863,0.040307
0.6261,54.01,0.036046
0.6261,54.1338,0.04484
0.6261,54.2575,0.060136
0.6261,54.3813,0.05203
0.6261,54.505,0.039928
0.6261,54.6288,0.052312
0.6261,54.7525,0.081833
0.6261,54.8763,0.029177
0.6261,55.0,0.044853
0.6348,18.0,0.026741
0.6348,18.1237,0.032195
0.6348,18.2475,0.042002
0.6348,18.3712,0.052893
0.6348,18.495,0.04661
0.6348,18.6187,0.072928
0.6348,18.7425,0.047147
0.6348,18.8662,0.054276
0.6348,18.99,0.07679
0.6348,19.1137,0.069626
0.6348,19.2375,0.072248
0.6348,19.3612,0.063958
0.6348,19.4849,0.065058
0.6348,19.6087,0.062563
0.6348,19.7324,0.071126
0.6348,19.8562,0.071948
0.6348,19.9799,0.048458
0.6348,20.1037,0.079333
0.6348,20.2274,0.067842
0.6348,20.3512,0.081225
0.6348,20.4749,0.086384
0.6348,20.5987,0.08601
0.6348,20.7224,0.091676
0.6348,20.8462,0.069345
0.6348,20.9699,0.097191
0.6348,21.0936,0.092824
0.6348,21.2174,0.080793
0.6348,21.3411,0.083404
0.6348,21.4649,0.074096
0.6348,21.5886,0.071085
0.6348,21.7124,0.064134
0.6348,21.8361,0.105144
0.6348,21.9599,0.074473
0.6348,22.0836,0.059117
0.6348,22.2074,0.077038
0.6348,22.3311,0.0445
0.6348,22.4548,0.069844
0.6348,22.5786,0.06401
0.6348,22.7023,0.069675
0.6348,22.8261,0.058112
0.6348,22.9498,0.07635
0.6348,23.0736,0.046176
0.6348,23.1973,0.078516
0.6348,23.3211,0.044002
0.6348,23.4448,0.035705
0.6348,23.5686,0.015457
0.6348,23.6923,0.042654
0.6348,23.8161,0.04519
0.6348,23.9398,0.049765
0.6348,24.0635,0.063648
0.6348,24.1873,0.04681
0.6348,24.311,0.076023
0.6348,24.4348,0.04808
0.6348,24.5585,0.053953
0.6348,24.6823,0.041038
0.6348,24.806,0.064499
0.6348,24.9298,0.05294
0.6348,25.0535,0.084323
0.6348,25.1773,0.123151
0.6348,25.301,0.176435
0.6348,25.4247,0.263204
0.6348,25.5485,0.399599
0.6348,25.6722,0.618108
0.6348,25.796,0.793087
0.6348,25.9197,0.989647
0.6348,26.0435,1.113469
0.6348,26.1672,1.120116
0.6348,26.291,1.031951
0.6348,26.4147,0.858802
0.6348,26.5385,0.621694
0.6348,26.6622,0.442014
0.6348,26.786,0.310051
0.6348,26.9097,0.208435
0.6348,27.0334,0.151484
0.6348,27.1572,0.10989
0.6348,27.2809,0.05686
0.6348,27.4047,0.070273
0.6348,27.5284,0.072459
0.6348,27.6522,0.063511
0.6348,27.7759,0.072666
0.6348,27.8997,0.082836
0.6348,28.0234,0.082197
0.6348,28.1472,0.053807
0.6348,28.2709,0.063704
0.6348,28.3946,0.055635
0.6348,28.5184,0.0506
0.6348,28.6421,0.049466
0.6348,28.7659,0.060341
0.6348,28.8896,0.051524
0.6348,29.0134,0.042462
0.6348,29.1371,0.03628
0.6348,29.2609,0.061224
0.6348,29.3846,0.05332
0.6348,29.5084,0.039062
0.6348,29.6321,0.054161
0.6348,29.7559,0.059351
0.6348,29.8796,0.052536
0.6348,30.0033,0.040356
0.6348,30.1271,0.038109
0.6348,30.2508,0.038943
0.6348,30.3746,0.043053
0.6348,30.4983,0.043045
0.6348,30.6221,0.059795
0.6348,30.7458,0.029742
0.6348,30.8696,0.057721
0.6348,30.9933,0.039766
0.6348,31.1171,0.066896
0.6348,31.2408,0.061591
0.6348,31.3645,0.04311
0.6348,31.4883,0.048506
0.6348,31.612,0.074754
0.6348,31.7358,0.067201
0.6348,31.8595,0.061827
0.6348,31.9833,0.076968
0.6348,32.107,0.0808
0.6348,32.2308,0.067712
0.6348,32.3545,0.077232
0.6348,32.4783,0.084795
0.6348,32.602,0.077825
0.6348,32.7258,0.098625
0.6348,32.8495,0.12599
0.6348,32.9732,0.138553
0.6348,33.097,0.170532
0.6348,33.2207,0.238702
0.6348,33.3445,0.260611
0.6348,33.4682,0.359421
0.6348,33.592,0.462577
0.6348,33.7157,0.534577
0.6348,33.8395,0.611395
0.6348,33.9632,0.694191
0.6348,34.087,0.727931
0.6348,34.2107,0.756895
0.6348,34.3344,0.762628
0.6348,34.4582,0.730554
0.6348,34.5819,0.655041
0.6348,34.7057,0.580601
0.6348,34.8294,0.465287
0.6348,34.9532,0.386697
0.6348,35.0769,0.320499
0.6348,35.2007,0.268115
0.6348,35.3244,0.150888
0.6348,35.4482,0.147613
0.6348,35.5719,0.104792
0.6348,35.6957,0.101606
0.6348,35.8194,0.068736
0.6348,35.9431,0.056418
0.6348,36.0669,0.036815
0.6348,36.1906,0.031947
0.6348,36.3144,0.055916
0.6348,36.4381,0.048902
0.6348,36.5619,0.056924
0.6348,36.6856,0.030782
0.6348,36.8094,0.049188
0.6348,36.9331,0.04807
0.6348,37.0569,0.037325
0.6348,37.1806,0.060182
0.6348,37.3043,0.061056
0.6348,37.4281,0.073511
0.6348,37.5518,0.04143
0.6348,37.6756,0.077235
0.6348,37.7993,0.05089
0.6348,37.9231,0.06514
0.6348,38.0468,0.068206
0.6348,38.1706,0.072586
0.6348,38.2943,0.071961
0.6348,38.4181,0.075024
0.6348,38.5418,0.054843
0.6348,38.6656,0.067929
0.6348,38.7893,0.080354
0.6348,38.913,0.084533
0.6348,39.0368,0.074244
0.6348,39.1605,0.090859
0.6348,39.2843,0.082668
0.6348,39.408,0.066115
0.6348,39.5318,0.070425
0.6348,39.6555,0.091024
0.6348,39.7793,0.08225
0.6348,39.903,0.067125
0.6348,40.0268,0.082426
0.6348,40.1505,0.074401
0.6348,40.2742,0.067369
0.6348,40.398,0.062492
0.6348,40.5217,0.085699
0.6348,40.6455,0.054637
0.6348,40.7692,0.068847
0.6348,40.893,0.047709
0.6348,41.0167,0.04876
0.6348,41.1405,0.056932
0.6348,41.2642,0.031095
0.6348,41.388,0.047029
0.6348,41.5117,0.058116
0.6348,41.6355,0.046749
0.6348,41.7592,0.036676
0.6348,41.8829,0.063899
0.6348,42.0067,0.055514
0.6348,42.1304,0.041292
0.6348,42.2542,0.060871
0.6348,42.3779,0.0619
0.6348,42.5017,0.040913
0.6348,42.6254,0.054129
0.6348,42.7492,0.070864
0.6348,42.8729,0.030134
0.6348,42.9967,0.043816
0.6348,43.1204,0.058355
0.6348,43.2441,0.070015
0.6348,43.3679,0.076748
0.6348,43.4916,0.058828
0.6348,43.6154,0.055614
0.6348,43.7391,0.048403
0.6348,43.8629,0.067306
0.6348,43.9866,0.080874
0.6348,44.1104,0.071539
0.6348,44.2341,0.065871
0.6348,44.3579,0.060401
0.6348,44.4816,0.070593
0.6348,44.6054,0.053935
0.6348,44.7291,0.07312
0.6348,44.8528,0.080982
0.6348,44.9766,0.082612
0.6348,45.1003,0.084064
0.6348,45.2241,0.087985
0.6348,45.3478,0.0663
0.6348,45.4716,0.098358
0.6348,45.5953,0.101262
0.6348,45.7191,0.100066
0.6348,45.8428,0.156149
0.6348,45.9666,0.174793
0.6348,46.0903,0.207193
0.6348,46.214,0.266917
0.6348,46.3378,0.331915
0.6348,46.4615,0.380642
0.6348,46.5853,0.421044
0.6348,46.709,0.4398
0.6348,46.8328,0.480585
0.6348,46.9565,0.456122
0.6348,47.0803,0.410012
0.6348,47.204,0.354774
0.6348,47.3278,0.288012
0.6348,47.4515,0.229772
0.6348,47.5753,0.146926
0.6348,47.699,0.110859
0.6348,47.8227,0.083717
0.6348,47.9465,0.075069
0.6348,48.0702,0.042983
0.6348,48.194,0.052163
0.6348,48.3177,0.05435
0.6348,48.4415,0.030947
0.6348,48.5652,0.048995
0.6348,48.689,0.015248
0.6348,48.8127,0.01629
0.6348,48.9365,0.025302
0.6348,49.0602,0.042859
0.6348,49.1839,0.040626
0.6348,49.3077,0.072462
0.6348,49.4314,0.037671
0.6348,49.5552,0.057352
0.6348,49.6789,0.065973
0.6348,49.8027,0.058351
0.6348,49.9264,0.06422
0.6348,50.0502,0.08459
0.6348,50.1739,0.074274
0.6348,50.2977,0.065791
0.6348,50.4214,0.063679
0.6348,50.5452,0.055168
0.6348,50.6689,0.065867
0.6348,50.7926,0.053234
0.6348,50.9164,0.064995
0.6348,51.0401,0.053599
0.6348,51.1639,0.090861
0.6348,51.2876,0.06112
0.6348,51.4114,0.099399
0.6348,51.5351,0.086357
0.6348,51.6589,0.055256
0.6348,51.7826,0.078445
0.6348,51.9064,0.062311
0.6348,52.0301,0.068023
0.6348,52.1538,0.080495
0.6348,52.2776,0.087807
0.6348,52.4013,0.068609
0.6348,52.5251,0.065103
0.6348,52.6488,0.070983
0.6348,52.7726,0.054916
0.6348,52.8963,0.075003
0.6348,53.0201,0.044868
0.6348,53.1438,0.037738
0.6348,53.2676,0.047615
0.6348,53.3913,0.046506
0.6348,53.5151,0.05448
0.6348,53.6388,0.055092
0.6348,53.7625,0.070575
0.6348,53.8863,0.055992
0.6348,54.01,0.042958
0.6348,54.1338,0.030935
0.6348,54.2575,0.027005
0.6348,54.3813,0.0569
0.6348,54.505,0.063393
0.6348,54.6288,0.017307
0.6348,54.7525,0.067129
0.6348,54.8763,0.050852
0.6348,55.0,0.033936
0.6435,18.0,0.048128
0.6435,18.1237,0.04964
0.6435,18.2475,0.025381
0.6435,18.3712,0.047934
0.6435,18.495,0.048421
0.6435,18.6187,0.037864
0.6435,18.7425,0.035887
0.6435,18.8662,0.070317
0.6435,18.99,0.073869
0.6435,19.1137,0.079695
0.6435,19.2375,0.04016
0.6435,19.3612,0.050909
0.6435,19.4849,0.068288
0.6435,19.6087,0.049889
0.6435,19.7324,0.067182
0.6435,19.8562,0.066414
0.6435,19.9799,0.063313
0.6435,20.1037,0.075814
0.6435,20.2274,0.075156
0.6435,20.3512,0.083873
0.6435,20.4749,0.057367
0.6435,20.5987,0.076512
0.6435,20.7224,0.090077
0.6435,20.8462,0.090608
0.6435,20.9699,0.059805
0.6435,21.0936,0.112413
0.6435,21.2174,0.095723
0.6435,21.3411,0.069578
0.6435,21.4649,0.084885
0.6435,21.5886,0.079786
0.6435,21.7124,0.091572
0.6435,21.8361,0.070689
0.6435,21.9599,0.079842
0.6435,22.0836,0.083226
0.6435,22.2074,0.101827
0.6435,22.3311,0.084165
0.6435,22.4548,0.062696
0.6435,22.5786,0.042051
0.6435,22.7023,0.070957
0.6435,22.8261,0.050283
0.6435,22.9498,0.059062
0.6435,23.0736,0.059736
0.6435,23.1973,0.053135
0.6435,23.3211,0.059516
0.6435,23.4448,0.053969
0.6435,23.5686,0.055818
0.6435,23.6923,0.048654
0.6435,23.8161,0.043208
0.6435,23.9398,0.020382
0.6435,24.0635,0.049373
0.6435,24.1873,0.046137
0.6435,24.311,0.080357
0.6435,24.4348,0.04614
0.6435,24.5585,0.019501
0.6435,24.6823,0.036
0.6435,24.806,0.071546
0.6435,24.9298,0.086007
0.6435,25.0535,0.059835
0.6435,25.1773,0.104526
0.6435,25.301,0.154116
0.6435,25.4247,0.251989
0.6435,25.5485,0.372725
0.6435,25.6722,0.565897
0.6435,25.796,0.741113
0.6435,25.9197,0.951121
0.6435,26.0435,1.104903
0.6435,26.1672,1.113492
0.6435,26.291,1.029718
0.6435,26.4147,0.885765
0.6435,26.5385,0.681956
0.6435,26.6622,0.483051
0.6435,26.786,0.321437
0.6435,26.9097,0.190046
0.6435,27.0334,0.144259
0.6435,27.1572,0.09152
0.6435,27.2809,0.090949
0.6435,27.4047,0.079875
0.6435,27.5284,0.078508
0.6435,27.6522,0.067739
0.6435,27.7759,0.093992
0.6435,27.8997,0.060692
0.6435,28.0234,0.069733
0.6435,28.1472,0.094956
0.6435,28.2709,0.070129
0.6435,28.3946,0.063886
0.6435,28.5184,0.063742
0.6435,28.6421,0.055169
0.6435,28.7659,0.084912
0.6435,28.8896,0.04253
0.6435,29.0134,0.059455
0.6435,29.1371,0.04709
0.6435,29.2609,0.060292
0.6435,29.3846,0.048815
0.6435,29.5084,0.057648
0.6435,29.6321,0.059656
0.6435,29.7559,0.063929
0.6435,29.8796,0.030138
0.6435,30.0033,0.037421
0.6435,30.1271,0.024781
0.6435,30.2508,0.048276
0.6435,30.3746,0.041241
0.6435,30.4983,0.046704
0.6435,30.6221,0.054966
0.6435,30.7458,0.042055
0.6435,30.8696,0.050923
0.6435,30.9933,0.046676
0.6435,31.1171,0.039849
0.6435,31.2408,0.054798
0.6435,31.3645,0.069757
0.6435,31.4883,0.065668
0.6435,31.612,0.053828
0.6435,31.7358,0.072675
0.6435,31.8595,0.038906
0.6435,31.9833,0.06738
0.6435,32.107,0.091948
0.6435,32.2308,0.06105
0.6435,32.3545,0.076744
0.6435,32.4783,0.074303
0.6435,32.602,0.089511
0.6435,32.7258,0.105175
0.6435,32.8495,0.156858
0.6435,32.9732,0.135301
0.6435,33.097,0.197062
0.6435,33.2207,0.231503
0.6435,33.3445,0.298739
0.6435,33.4682,0.386546
0.6435,33.592,0.462354
0.6435,33.7157,0.559454
0.6435,33.8395,0.607789
0.6435,33.9632,0.692628
0.6435,34.087,0.769801
0.6435,34.2107,0.755233
0.6435,34.3344,0.756974
0.6435,34.4582,0.744361
0.6435,34.5819,0.677862
0.6435,34.7057,0.570302
0.6435,34.8294,0.464251
0.6435,34.9532,0.376766
0.6435,35.0769,0.297009
0.6435,35.2007,0.220082
0.6435,35.3244,0.178086
0.6435,35.4482,0.145524
0.6435,35.5719,0.076593
0.6435,35.6957,0.071378
0.6435,35.8194,0.075571
0.6435,35.9431,0.069389
0.6435,36.0669,0.036206
0.6435,36.1906,0.043304
0.6435,36.3144,0.052387
0.6435,36.4381,0.065449
0.6435,36.5619,0.053854
0.6435,36.6856,0.057338
0.6435,36.8094,0.033517
0.6435,36.9331,0.045454
0.6435,37.0569,0.063781
0.6435,37.1806,0.074927
0.6435,37.3043,0.058329
0.6435,37.4281,0.069861
0.6435,37.5518,0.058774
0.6435,37.6756,0.053759
0.6435,37.7993,0.04604
0.6435,37.9231,0.047494
0.6435,38.0468,0.077304
0.6435,38.1706,0.097651
0.6435,38.2943,0.075299
0.6435,38.4181,0.074447
0.6435,38.5418,0.083592
0.6435,38.6656,0.087172
0.6435,38.7893,0.067691
0.6435,38.913,0.065196
0.6435,39.0368,0.079636
0.6435,39.1605,0.066975
0.6435,39.2843,0.075799
0.6435,39.408,0.059177
0.6435,39.5318,0.054673
0.6435,39.6555,0.097188
0.6435,39.7793,0.060292
0.6435,39.903,0.071805
0.6435,40.0268,0.103802
0.6435,40.1505,0.059867
0.6435,40.2742,0.088651
0.6435,40.398,0.060237
0.6435,40.5217,0.045939
0.6435,40.6455,0.076092
0.6435,40.7692,0.066318
0.6435,40.893,0.048061
0.6435,41.0167,0.058365
0.6435,41.1405,0.048157
0.6435,41.2642,0.060079
0.6435,41.388,0.04037
0.6435,41.5117,0.053045
0.6435,41.6355,0.044674
0.6435,41.7592,0.065957
0.6435,41.8829,0.034916
0.6435,42.0067,0.064034
0.6435,42.1304,0.045729
0.6435,42.2542,0.041247
0.6435,42.3779,0.055466
0.6435,42.5017,0.062843
0.6435,42.6254,0.060563
0.6435,42.7492,0.036319
0.6435,42.8729,0.035618
0.6435,42.9967,0.041779
0.6435,43.1204,0.021442
0.6435,43.2441,0.045772
0.6435,43.3679,0.07421
0.6435,43.4916,0.07212
0.6435,43.6154,0.058003
0.6435,43.7391,0.059226
0.6435,43.8629,0.073719
0.6435,43.9866,0.055534
0.6435,44.1104,0.084798
0.6435,44.2341,0.061949
0.6435,44.3579,0.048894
0.6435,44.4816,0.069324
0.6435,44.6054,0.092392
0.6435,44.7291,0.081377
0.6435,44.8528,0.068569
0.6435,44.9766,0.053824
0.6435,45.1003,0.074201
0.6435,45.2241,0.078492
0.6435,45.3478,0.101156
0.6435,45.4716,0.08078
0.6435,45.5953,0.108437
0.6435,45.7191,0.094318
0.6435,45.8428,0.133831
0.6435,45.9666,0.145169
0.6435,46.0903,0.197319
0.6435,46.214,0.281791
0.6435,46.3378,0.318481
0.6435,46.4615,0.373294
0.6435,46.5853,0.435264
0.6435,46.709,0.473495
0.6435,46.8328,0.488588
0.6435,46.9565,0.448735
0.6435,47.0803,0.421725
0.6435,47.204,0.355679
0.6435,47.3278,0.288271
0.6435,47.4515,0.227469
0.6435,47.5753,0.167556
0.6435,47.699,0.11875
0.6435,47.8227,0.068471
0.6435,47.9465,0.079621
0.6435,48.0702,0.085913
0.6435,48.194,0.042121
0.6435,48.3177,0.033924
0.6435,48.4415,0.040341
0.6435,48.5652,0.0502
0.6435,48.689,0.050926
0.6435,48.8127,0.028029
0.6435,48.9365,0.041849
0.6435,49.0602,0.052023
0.6435,49.1839,0.043455
0.6435,49.3077,0.053306
0.6435,49.4314,0.054671
0.6435,49.5552,0.04793
0.6435,49.6789,0.046981
0.6435,49.8027,0.023109
0.6435,49.9264,0.082628
0.6435,50.0502,0.068396
0.6435,50.1739,0.081819
0.6435,50.2977,0.077762
0.6435,50.4214,0.064952
0.6435,50.5452,0.054266
0.6435,50.6689,0.08572
0.6435,50.7926,0.069038
0.6435,50.9164,0.085088
0.6435,51.0401,0.076406
0.6435,51.1639,0.048464
0.6435,51.2876,0.049865
0.6435,51.4114,0.075634
0.6435,51.5351,0.106707
0.6435,51.6589,0.057095
0.6435,51.7826,0.10076
0.6435,51.9064,0.070262
0.6435,52.0301,0.060009
0.6435,52.1538,0.11072
0.6435,52.2776,0.093903
0.6435,52.4013,0.086795
0.6435,52.5251,0.055362
0.6435,52.6488,0.079788
0.6435,52.7726,0.03962
0.6435,52.8963,0.060425
0.6435,53.0201,0.066743
0.6435,53.1438,0.049909
0.6435,53.2676,0.049029
0.6435,53.3913,0.050434
0.6435,53.5151,0.04259
0.6435,53.6388,0.068548
0.6435,53.7625,0.06102
0.6435,53.8863,0.039661
0.6435,54.01,0.036221
0.6435,54.1338,0.041733
0.6435,54.2575,0.047034
0.6435,54.3813,0.038312
0.6435,54.505,0.064413
0.6435,54.6288,0.04015
0.6435,54.7525,0.066272
0.6435,54.8763,0.042646
0.6435,55.0,0.071876
0.6522,18.0,0.029548
0.6522,18.1237,0.046657
0.6522,18.2475,0.026265
0.6522,18.3712,0.046432
0.6522,18.495,0.053503
0.6522,18.6187,0.043758
0.6522,18.7425,0.039502
0.6522,18.8662,0.058776
0.6522,18.99,0.06413
0.6522,19.1137,0.077732
0.6522,19.2375,0.050019
0.6522,19.3612,0.081302
0.6522,19.4849,0.05686
0.6522,19.6087,0.058439
0.6522,19.7324,0.070574
0.6522,19.8562,0.099981
0.6522,19.9799,0.053243
0.6522,20.1037,0.099868
0.6522,20.2274,0.065921
0.6522,20.3512,0.072183
0.6522,20.4749,0.068484
0.6522,20.5987,0.076605
0.6522,20.7224,0.075789
0.6522,20.8462,0.080737
0.6522,20.9699,0.072659
0.6522,21.0936,0.084241
0.6522,21.2174,0.084163
0.6522,21.3411,0.075533
0.6522,21.4649,0.056349
0.6522,21.5886,0.054818
0.6522,21.7124,0.084323
0.6522,21.8361,0.07766
0.6522,21.9599,0.052774
0.6522,22.0836,0.063389
0.6522,22.2074,0.062421
0.6522,22.3311,0.043142
0.6522,22.4548,0.051904
0.6522,22.5786,0.090718
0.6522,22.7023,0.055766
0.6522,22.8261,0.04782
0.6522,22.9498,0.063214
0.6522,23.0736,0.069673
0.6522,23.1973,0.074107
0.6522,23.3211,0.03535
0.6522,23.4448,0.061605
0.6522,23.5686,0.041022
0.6522,23.6923,0.049964
0.6522,23.8161,0.046621
0.6522,23.9398,0.05174
0.6522,24.0635,0.047476
0.6522,24.1873,0.074483
0.6522,24.311,0.048019
0.6522,24.4348,0.045835
0.6522,24.5585,0.049178
0.6522,24.6823,0.052534
0.6522,24.806,0.057378
0.6522,24.9298,0.049524
0.6522,25.0535,0.084481
0.6522,25.1773,0.097094
0.6522,25.301,0.124797
0.6522,25.4247,0.222613
0.6522,25.5485,0.346986
0.6522,25.6722,0.53705
0.6522,25.796,0.728776
0.6522,25.9197,0.937456
0.6522,26.0435,1.077852
0.6522,26.1672,1.097312
0.6522,26.291,1.085252
0.6522,26.4147,0.926833
0.6522,26.5385,0.722763
0.6522,26.6622,0.533843
0.6522,26.786,0.352743
0.6522,26.9097,0.236781
0.6522,27.0334,0.170666
0.6522,27.1572,0.105857
0.6522,27.2809,0.085729
0.6522,27.4047,0.084961
0.6522,27.5284,0.075166
0.6522,27.6522,0.098667
0.6522,27.7759,0.063525
0.6522,27.8997,0.086048
0.6522,28.0234,0.079672
0.6522,28.1472,0.055647
0.6522,28.2709,0.082575
0.6522,28.3946,0.043831
0.6522,28.5184,0.080869
0.6522,28.6421,0.061994
0.6522,28.7659,0.066126
0.6522,28.8896,0.058318
0.6522,29.0134,0.030353
0.6522,29.1371,0.056771
0.6522,29.2609,0.053966
0.6522,29.3846,0.03828
0.6522,29.5084,0.053036
0.6522,29.6321,0.060632
0.6522,29.7559,0.027959
0.6522,29.8796,0.028457
0.6522,30.0033,0.046599
0.6522,30.1271,0.046664
0.6522,30.2508,0.050234
0.6522,30.3746,0.061077
0.6522,30.4983,0.04822
0.6522,30.6221,0.019146
0.6522,30.7458,0.020503
0.6522,30.8696,0.035985
0.6522,30.9933,0.067928
0.6522,31.1171,0.064165
0.6522,31.2408,0.043176
0.6522,31.3645,0.056603
0.6522,31.4883,0.084916
0.6522,31.612,0.067315
0.6522,31.7358,0.096175
0.6522,31.8595,0.075283
0.6522,31.9833,0.073443
0.6522,32.107,0.0651
0.6522,32.2308,0.077094
0.6522,32.3545,0.083052
0.6522,32.4783,0.059121
0.6522,32.602,0.083783
0.6522,32.7258,0.105897
0.6522,32.8495,0.13021
0.6522,32.9732,0.136276
0.6522,33.097,0.202293
0.6522,33.2207,0.214222
0.6522,33.3445,0.316315
0.6522,33.4682,0.390528
0.6522,33.592,0.479823
0.6522,33.7157,0.554223
0.6522,33.8395,0.639847
0.6522,33.9632,0.69394
0.6522,34.087,0.751727
0.6522,34.2107,0.763559
0.6522,34.3344,0.766426
0.6522,34.4582,0.710485
0.6522,34.5819,0.635339
0.6522,34.7057,0.546105
0.6522,34.8294,0.460128
0.6522,34.9532,0.391872
0.6522,35.0769,0.296152
0.6522,35.2007,0.220285
0.6522,35.3244,0.17436
0.6522,35.4482,0.116985
0.6522,35.5719,0.099468
0.6522,35.6957,0.075281
0.6522,35.8194,0.063061
0.6522,35.9431,0.056627
0.6522,36.0669,0.02594
0.6522,36.1906,0.037184
0.6522,36.3144,0.057543
0.6522,36.4381,0.059771
0.6522,36.5619,0.061543
0.6522,36.6856,0.050926
0.6522,36.8094,0.026901
0.6522,36.9331,0.064918
0.6522,37.0569,0.044114
0.6522,37.1806,0.062103
0.6522,37.3043,0.068345
0.6522,37.4281,0.068508
0.6522,37.5518,0.063513
0.6522,37.6756,0.055816
0.6522,37.7993,0.086835
0.6522,37.9231,0.088109
0.6522,38.0468,0.072144
0.6522,38.1706,0.074816
0.6522,38.2943,0.068999
0.6522,38.4181,0.076752
0.6522,38.5418,0.076405
0.6522,38.6656,0.066212
0.6522,38.7893,0.089701
0.6522,38.913,0.09085
0.6522,39.0368,0.065637
0.6522,39.1605,0.093038
0.6522,39.2843,0.073603
0.6522,39.408,0.069481
0.6522,39.5318,0.04152
0.6522,39.6555,0.080067
0.6522,39.7793,0.054864
0.6522,39.903,0.069351
0.6522,40.0268,0.079451
0.6522,40.1505,0.082901
0.6522,40.2742,0.077056
0.6522,40.398,0.070234
0.6522,40.5217,0.046516
0.6522,40.6455,0.062932
0.6522,40.7692,0.069441
0.6522,40.893,0.061995
0.6522,41.0167,0.038461
0.6522,41.1405,0.06894
0.6522,41.2642,0.051759
0.6522,41.388,0.049533
0.6522,41.5117,0.063591
0.6522,41.6355,0.050837
0.6522,41.7592,0.042029
0.6522,41.8829,0.053625
0.6522,42.0067,0.038376
0.6522,42.1304,0.064435
0.6522,42.2542,0.058905
0.6522,42.3779,0.039126
0.6522,42.5017,0.017933
0.6522,42.6254,0.058477
0.6522,42.7492,0.034697
0.6522,42.8729,0.073781
0.6522,42.9967,0.043024
0.6522,43.1204,0.071973
0.6522,43.2441,0.072803
0.6522,43.3679,0.062695
0.6522,43.4916,0.057277
0.6522,43.6154,0.085096
0.6522,43.7391,0.050293
0.6522,43.8629,0.04802
0.6522,43.9866,0.078305
0.6522,44.1104,0.06188
0.6522,44.2341,0.064371
0.6522,44.3579,0.058982
0.6522,44.4816,0.06667
0.6522,44.6054,0.084024
0.6522,44.7291,0.107561
0.6522,44.8528,0.085737
0.6522,44.9766,0.066674
0.6522,45.1003,0.074981
0.6522,45.2241,0.094074
0.6522,45.3478,0.105503
0.6522,45.4716,0.097879
0.6522,45.5953,0.096124
0.6522,45.7191,0.127081
0.6522,45.8428,0.135693
0.6522,45.9666,0.153839
0.6522,46.0903,0.208578
0.6522,46.214,0.264795
0.6522,46.3378,0.321437
0.6522,46.4615,0.382599
0.6522,46.5853,0.441227
0.6522,46.709,0.457347
0.6522,46.8328,0.468884
0.6522,46.9565,0.450674
0.6522,47.0803,0.399155
0.6522,47.204,0.322274
0.6522,47.3278,0.253622
0.6522,47.4515,0.204977
0.6522,47.5753,0.132786
0.6522,47.699,0.105308
0.6522,47.8227,0.092446
0.6522,47.9465,0.073087
0.6522,48.0702,0.053402
0.6522,48.194,0.050037
0.6522,48.3177,0.048324
0.6522,48.4415,0.068653
0.6522,48.5652,0.014197
0.6522,48.689,0.040769
0.6522,48.8127,0.044165
0.6522,48.9365,0.041105
0.6522,49.0602,0.065416
0.6522,49.1839,0.043887
0.6522,49.3077,0.058078
0.6522,49.4314,0.052495
0.6522,49.5552,0.060095
0.6522,49.6789,0.050385
0.6522,49.8027,0.075416
0.6522,49.9264,0.079725
0.6522,50.0502,0.070661
0.6522,50.1739,0.081664
0.6522,50.2977,0.081285
0.6522,50.4214,0.070332
0.6522,50.5452,0.073057
0.6522,50.6689,0.074167
0.6522,50.7926,0.069388
0.6522,50.9164,0.069493
0.6522,51.0401,0.081436
0.6522,51.1639,0.083109
0.6522,51.2876,0.071018
0.6522,51.4114,0.082432
0.6522,51.5351,0.06949
0.6522,51.6589,0.073274
0.6522,51.7826,0.074948
0.6522,51.9064,0.096033
0.6522,52.0301,0.085432
0.6522,52.1538,0.070533
0.6522,52.2776,0.050152
0.6522,52.4013,0.063497
0.6522,52.5251,0.04843
0.6522,52.6488,0.069706
0.6522,52.7726,0.056443
0.6522,52.8963,0.036468
0.6522,53.0201,0.061058
0.6522,53.1438,0.057242
0.6522,53.2676,0.06289
0.6522,53.3913,0.067646
0.6522,53.5151,0.050978
0.6522,53.6388,0.0511
0.6522,53.7625,0.027367
0.6522,53.8863,0.032356
0.6522,54.01,0.066022
0.6522,54.1338,0.048812
0.6522,54.2575,0.055393
0.6522,54.3813,0.066603
0.6522,54.505,0.046267
0.6522,54.6288,0.075408
0.6522,54.7525,0.049069
0.6522,54.8763,0.047723
0.6522,55.0,0.038182
0.6609,18.0,0.03123
0.6609,18.1237,0.039868
0.6609,18.2475,0.056339
0.6609,18.3712,0.047061
0.6609,18.495,0.049651
0.6609,18.6187,0.06289
0.6609,18.7425,0.04427
0.6609,18.8662,0.055474
0.6609,18.99,0.059528
0.6609,19.1137,0.065687
0.6609,19.2375,0.082878
0.6609,19.3612,0.059032
0.6609,19.4849,0.062106
0.6609,19.6087,0.086394
0.6609,19.7324,0.076236
0.6609,19.8562,0.074487
0.6609,19.9799,0.07815
0.6609,20.1037,0.07416
0.6609,20.2274,0.068059
0.6609,20.3512,0.062363
0.6609,20.4749,0.079881
0.6609,20.5987,0.062083
0.6609,20.7224,0.096792
0.6609,20.8462,0.053683
0.6609,20.9699,0.063392
0.6609,21.0936,0.074052
0.6609,21.2174,0.084686
0.6609,21.3411,0.08042
0.6609,21.4649,0.085206
0.6609,21.5886,0.086216
0.6609,21.7124,0.073909
0.6609,21.8361,0.088913
0.6609,21.9599,0.073034
0.6609,22.0836,0.058187
0.6609,22.2074,0.062129
0.6609,22.3311,0.061932
0.6609,22.4548,0.065161
0.6609,22.5786,0.072373
0.6609,22.7023,0.056088
0.6609,22.8261,0.052373
0.6609,22.9498,0.058804
0.6609,23.0736,0.053411
0.6609,23.1973,0.067317
0.6609,23.3211,0.035957
0.6609,23.4448,0.039442
0.6609,23.5686,0.0314
0.6609,23.6923,0.042225
0.6609,23.8161,0.081659
0.6609,23.9398,0.03854
0.6609,24.0635,0.06003
0.6609,24.1873,0.054727
0.6609,24.311,0.061742
0.6609,24.4348,0.051358
0.6609,24.5585,0.058616
0.6609,24.6823,0.069851
0.6609,24.806,0.025123
0.6609,24.9298,0.073275
0.6609,25.0535,0.079335
0.6609,25.1773,0.109865
0.6609,25.301,0.139164
0.6609,25.4247,0.190784
0.6609,25.5485,0.347698
0.6609,25.6722,0.468802
0.6609,25.796,0.688267
0.6609,25.9197,0.913244
0.6609,26.0435,1.054432
0.6609,26.1672,1.123069
0.6609,26.291,1.072254
0.6609,26.4147,0.956672
0.6609,26.5385,0.736151
0.6609,26.6622,0.558811
0.6609,26.786,0.374433
0.6609,26.9097,0.229958
0.6609,27.0334,0.157128
0.6609,27.1572,0.106423
0.6609,27.2809,0.074313
0.6609,27.4047,0.088336
0.6609,27.5284,0.091529
0.6609,27.6522,0.083697
0.6609,27.7759,0.068723
0.6609,27.8997,0.055918
0.6609,28.0234,0.086827
0.6609,28.1472,0.062364
0.6609,28.2709,0.072595
0.6609,28.3946,0.03721
0.6609,28.5184,0.078904
0.6609,28.6421,0.068909
0.6609,28.7659,0.038494
0.6609,28.8896,0.048554
0.6609,29.0134,0.053967
0.6609,29.1371,0.051746
0.6609,29.2609,0.045001
0.6609,29.3846,0.048479
0.6609,29.5084,0.049162
0.6609,29.6321,0.063571
0.6609,29.7559,0.029593
0.6609,29.8796,0.068497
0.6609,30.0033,0.026393
0.6609,30.1271,0.059404
0.6609,30.2508,0.034853
0.6609,30.3746,0.042884
0.6609,30.4983,0.034591
0.6609,30.6221,0.039901
0.6609,30.7458,0.035573
0.6609,30.8696,0.050128
0.6609,30.9933,0.057122
0.6609,31.1171,0.049378
0.6609,31.2408,0.055368
0.6609,31.3645,0.06382
0.6609,31.4883,0.069065
0.6609,31.612,0.03542
0.6609,31.7358,0.048085
0.6609,31.8595,0.114203
0.6609,31.9833,0.058765
0.6609,32.107,0.068149
0.6609,32.2308,0.047576
0.6609,32.3545,0.07791
0.6609,32.4783,0.091865
0.6609,32.602,0.097691
0.6609,32.7258,0.096782
0.6609,32.8495,0.117858
0.6609,32.9732,0.13371
0.6609,33.097,0.195459
0.6609,33.2207,0.237198
0.6609,33.3445,0.316634
0.6609,33.4682,0.419879
0.6609,33.592,0.469435
0.6609,33.7157,0.573548
0.6609,33.8395,0.638521
0.6609,33.9632,0.737718
0.6609,34.087,0.756711
0.6609,34.2107,0.763789
0.6609,34.3344,0.752258
0.6609,34.4582,0.699053
0.6609,34.5819,0.598474
0.6609,34.7057,0.528515
0.6609,34.8294,0.44444
0.6609,34.9532,0.339988
0.6609,35.0769,0.297903
0.6609,35.2007,0.229342
0.6609,35.3244,0.141942
0.6609,35.4482,0.132254
0.6609,35.5719,0.09311
0.6609,35.6957,0.091062
0.6609,35.8194,0.047683
0.6609,35.9431,0.056573
0.6609,36.0669,0.039812
0.6609,36.1906,0.05704
0.6609,36.3144,0.043848
0.6609,36.4381,0.048623
0.6609,36.5619,0.052736
0.6609,36.6856,0.040066
0.6609,36.8094,0.067944
0.6609,36.9331,0.058442
0.6609,37.0569,0.0311
0.6609,37.1806,0.06005
0.6609,37.3043,0.066221
0.6609,37.4281,0.060696
0.6609,37.5518,0.08375
0.6609,37.6756,0.07373
0.6609,37.7993,0.046675
0.6609,37.9231,0.063335
0.6609,38.0468,0.085128
0.6609,38.1706,0.077233
0.6609,38.2943,0.076719
0.6609,38.4181,0.058425
0.6609,38.5418,0.097901
0.6609,38.6656,0.078744
0.6609,38.7893,0.069354
0.6609,38.913,0.069911
0.6609,39.0368,0.075338
0.6609,39.1605,0.104825
0.6609,39.2843,0.083645
0.6609,39.408,0.088141
0.6609,39.5318,0.088271
0.6609,39.6555,0.082823
0.6609,39.7793,0.07641
0.6609,39.903,0.057741
0.6609,40.0268,0.067069
0.6609,40.1505,0.042568
0.6609,40.2742,0.065639
0.6609,40.398,0.077915
0.6609,40.5217,0.055188
0.6609,40.6455,0.065351
0.6609,40.7692,0.058981
0.6609,40.893,0.052647
0.6609,41.0167,0.057079
0.6609,41.1405,0.034066
0.6609,41.2642,0.038915
0.6609,41.388,0.050613
0.6609,41.5117,0.042362
0.6609,41.6355,0.054759
0.6609,41.7592,0.045492
0.6609,41.8829,0.061473
0.6609,42.0067,0.043123
0.6609,42.1304,0.044975
0.6609,42.2542,0.02822
0.6609,42.3779,0.045949
0.6609,42.5017,0.047505
0.6609,42.6254,0.049288
0.6609,42.7492,0.042754
0.6609,42.8729,0.045087
0.6609,42.9967,0.047341
0.6609,43.1204,0.036657
0.6609,43.2441,0.069739
0.6609,43.3679,0.049912
0.6609,43.4916,0.092391
0.6609,43.6154,0.064919
0.6609,43.7391,0.081978
0.6609,43.8629,0.087875
0.6609,43.9866,0.09434
0.6609,44.1104,0.064463
0.6609,44.2341,0.076504
0.6609,44.3579,0.086482
0.6609,44.4816,0.086673
0.6609,44.6054,0.070144
0.6609,44.7291,0.076913
0.6609,44.8528,0.064042
0.6609,44.9766,0.087762
0.6609,45.1003,0.09248
0.6609,45.2241,0.089524
0.6609,45.3478,0.070783
0.6609,45.4716,0.098398
0.6609,45.5953,0.099807
0.6609,45.7191,0.115631
0.6609,45.8428,0.122968
0.6609,45.9666,0.155864
0.6609,46.0903,0.208759
0.6609,46.214,0.27411
0.6609,46.3378,0.334089
0.6609,46.4615,0.386215
0.6609,46.5853,0.445205
0.6609,46.709,0.458436
0.6609,46.8328,0.466253
0.6609,46.9565,0.460874
0.6609,47.0803,0.396951
0.6609,47.204,0.343013
0.6609,47.3278,0.286228
0.6609,47.4515,0.206485
0.6609,47.5753,0.169458
0.6609,47.699,0.122194
0.6609,47.8227,0.093432
0.6609,47.9465,0.050054
0.6609,48.0702,0.069097
0.6609,48.194,0.056404
0.6609,48.3177,0.053689
0.6609,48.4415,0.026287
0.6609,48.5652,0.037766
0.6609,48.689,0.049484
0.6609,48.8127,0.058742
0.6609,48.9365,0.059108
0.6609,49.0602,0.075251
0.6609,49.1839,0.054417
0.6609,49.3077,0.045515
0.6609,49.4314,0.05904
0.6609,49.5552,0.061512
0.6609,49.6789,0.080343
0.6609,49.8027,0.055681
0.6609,49.9264,0.052557
0.6609,50.0502,0.067929
0.6609,50.1739,0.084386
0.6609,50.2977,0.075149
0.6609,50.4214,0.088105
0.6609,50.5452,0.101505
0.6609,50.6689,0.07866
0.6609,50.7926,0.072866
0.6609,50.9164,0.087993
0.6609,51.0401,0.075191
0.6609,51.1639,0.089559
0.6609,51.2876,0.063638
0.6609,51.4114,0.063768
0.6609,51.5351,0.094306
0.6609,51.6589,0.089349
0.6609,51.7826,0.077303
0.6609,51.9064,0.08639
0.6609,52.0301,0.05049
0.6609,52.1538,0.076022
0.6609,52.2776,0.077136
0.6609,52.4013,0.074465
0.6609,52.5251,0.071747
0.6609,52.6488,0.077303
0.6609,52.7726,0.047448
0.6609,52.8963,0.058623
0.6609,53.0201,0.032734
0.6609,53.1438,0.050265
0.6609,53.2676,0.035275
0.6609,53.3913,0.032614
0.6609,53.5151,0.033076
0.6609,53.6388,0.032066
0.6609,53.7625,0.026647
0.6609,53.8863,0.032891
0.6609,54.01,0.065743
0.6609,54.1338,0.048553
0.6609,54.2575,0.034889
0.6609,54.3813,0.04997
0.6609,54.505,0.050594
0.6609,54.6288,0.071012
0.6609,54.7525,0.06401
0.6609,54.8763,0.048376
0.6609,55.0,0.061796
0.6696,18.0,0.030544
0.6696,18.1237,0.037783
0.6696,18.2475,0.035837
0.6696,18.3712,0.057451
0.6696,18.495,0.047868
0.6696,18.6187,0.025001
0.6696,18.7425,0.048778
0.6696,18.8662,0.044535
0.6696,18.99,0.044204
0.6696,19.1137,0.03726
0.6696,19.2375,0.081486
0.6696,19.3612,0.081404
0.6696,19.4849,0.079005
0.6696,19.6087,0.067622
0.6696,19.7324,0.065131
0.6696,19.8562,0.101042
0.6696,19.9799,0.059742
0.6696,20.1037,0.106949
0.6696,20.2274,0.096045
0.6696,20.3512,0.097926
0.6696,20.4749,0.053215
0.6696,20.5987,0.067387
0.6696,20.7224,0.076148
0.6696,20.8462,0.08798
0.6696,20.9699,0.083741
0.6696,21.0936,0.09074
0.6696,21.2174,0.084011
0.6696,21.3411,0.064387
0.6696,21.4649,0.107085
0.6696,21.5886,0.058331
0.6696,21.7124,0.088126
0.6696,21.8361,0.077683
0.6696,21.9599,0.087833
0.6696,22.0836,0.076665
0.6696,22.2074,0.062839
0.6696,22.3311,0.056651
0.6696,22.4548,0.037063
0.6696,22.5786,0.06754
0.6696,22.7023,0.065603
0.6696,22.8261,0.042097
0.6696,22.9498,0.057879
0.6696,23.0736,0.068797
0.6696,23.1973,0.0361
0.6696,23.3211,0.056715
0.6696,23.4448,0.047419
0.6696,23.5686,0.041693
0.6696,23.6923,0.036549
0.6696,23.8161,0.046519
0.6696,23.9398,0.046491
0.6696,24.0635,0.055194
0.6696,24.1873,0.030516
0.6696,24.311,0.058562
0.6696,24.4348,0.049082
0.6696,24.5585,0.063399
0.6696,24.6823,0.056202
0.6696,24.806,0.043416
0.6696,24.9298,0.060505
0.6696,25.0535,0.064289
0.6696,25.1773,0.067783
0.6696,25.301,0.124407
0.6696,25.4247,0.199482
0.6696,25.5485,0.308208
0.6696,25.6722,0.462112
0.6696,25.796,0.655023
0.6696,25.9197,0.859243
0.6696,26.0435,1.01444
0.6696,26.1672,1.122498
0.6696,26.291,1.105417
0.6696,26.4147,0.983898
0.6696,26.5385,0.807844
0.6696,26.6622,0.602146
0.6696,26.786,0.402369
0.6696,26.9097,0.26028
0.6696,27.0334,0.155548
0.6696,27.1572,0.134031
0.6696,27.2809,0.093927
0.6696,27.4047,0.077197
0.6696,27.5284,0.09088
0.6696,27.6522,0.07939
0.6696,27.7759,0.063968
0.6696,27.8997,0.079313
0.6696,28.0234,0.068368
0.6696,28.1472,0.082799
0.6696,28.2709,0.07892
0.6696,28.3946,0.062038
0.6696,28.5184,0.029828
0.6696,28.6421,0.03609
0.6696,28.7659,0.065224
0.6696,28.8896,0.052089
0.6696,29.0134,0.044501
0.6696,29.1371,0.054055
0.6696,29.2609,0.03524
0.6696,29.3846,0.033814
0.6696,29.5084,0.065519
0.6696,29.6321,0.033195
0.6696,29.7559,0.07371
0.6696,29.8796,0.031916
0.6696,30.0033,0.050034
0.6696,30.1271,0.058645
0.6696,30.2508,0.04457
0.6696,30.3746,0.039392
0.6696,30.4983,0.047705
0.6696,30.6221,0.067912
0.6696,30.7458,0.054872
0.6696,30.8696,0.076567
0.6696,30.9933,0.045202
0.6696,31.1171,0.066377
0.6696,31.2408,0.032384
0.6696,31.3645,0.079567
0.6696,31.4883,0.06483
0.6696,31.612,0.067781
0.6696,31.7358,0.059442
0.6696,31.8595,0.070206
0.6696,31.9833,0.084122
0.6696,32.107,0.069095
0.6696,32.2308,0.063089
0.6696,32.3545,0.090078
0.6696,32.4783,0.07705
0.6696,32.602,0.105184
0.6696,32.7258,0.112315
0.6696,32.8495,0.108233
0.6696,32.9732,0.158043
0.6696,33.097,0.189335
0.6696,33.2207,0.255117
0.6696,33.3445,0.314933
0.6696,33.4682,0.392987
0.6696,33.592,0.49424
0.6696,33.7157,0.559146
0.6696,33.8395,0.673148
0.6696,33.9632,0.705119
0.6696,34.087,0.735012
0.6696,34.2107,0.765467
0.6696,34.3344,0.743208
0.6696,34.4582,0.685908
0.6696,34.5819,0.610211
0.6696,34.7057,0.544404
0.6696,34.8294,0.462871
0.6696,34.9532,0.351324
0.6696,35.0769,0.258723
0.6696,35.2007,0.206788
0.6696,35.3244,0.172235
0.6696,35.4482,0.105004
0.6696,35.5719,0.094781
0.6696,35.6957,0.074324
0.6696,35.8194,0.063128
0.6696,35.9431,0.047376
0.6696,36.0669,0.046398
0.6696,36.1906,0.04724
0.6696,36.3144,0.035638
0.6696,36.4381,0.058227
0.6696,36.5619,0.052062
0.6696,36.6856,0.057009
0.6696,36.8094,0.062055
0.6696,36.9331,0.033103
0.6696,37.0569,0.039777
0.6696,37.1806,0.068454
0.6696,37.3043,0.054133
0.6696,37.4281,0.066164
0.6696,37.5518,0.039527
0.6696,37.6756,0.049569
0.6696,37.7993,0.063494
0.6696,37.9231,0.060709
0.6696,38.0468,0.070531
0.6696,38.1706,0.094489
0.6696,38.2943,0.073522
0.6696,38.4181,0.081636
0.6696,38.5418,0.06212
0.6696,38.6656,0.078827
0.6696,38.7893,0.071749
0.6696,38.913,0.098451
0.6696,39.0368,0.076954
0.6696,39.1605,0.073809
0.6696,39.2843,0.063806
0.6696,39.408,0.06323
0.6696,39.5318,0.052062
0.6696,39.6555,0.096475
0.6696,39.7793,0.072059
0.6696,39.903,0.065851
0.6696,40.0268,0.087775
0.6696,40.1505,0.100174
0.6696,40.2742,0.063496
0.6696,40.398,0.072093
0.6696,40.5217,0.029228
0.6696,40.6455,0.047569
0.6696,40.7692,0.071977
0.6696,40.893,0.048935
0.6696,41.0167,0.05397
0.6696,41.1405,0.045463
0.6696,41.2642,0.038027
0.6696,41.388,0.041156
0.6696,41.5117,0.040505
0.6696,41.6355,0.047145
0.6696,41.7592,0.05658
0.6696,41.8829,0.04897
0.6696,42.0067,0.049078
0.6696,42.1304,0.025563
0.6696,42.2542,0.040056
0.6696,42.3779,0.026907
0.6696,42.5017,0.071468
0.6696,42.6254,0.052873
0.6696,42.7492,0.04989
0.6696,42.8729,0.057866
0.6696,42.9967,0.066269
0.6696,43.1204,0.052674
0.6696,43.2441,0.049096
0.6696,43.3679,0.066211
0.6696,43.4916,0.064431
0.6696,43.6154,0.075852
0.6696,43.7391,0.076023
0.6696,43.8629,0.083098
0.6696,43.9866,0.055525
0.6696,44.1104,0.050177
0.6696,44.2341,0.077143
0.6696,44.3579,0.066457
0.6696,44.4816,0.086855
0.6696,44.6054,0.079531
0.6696,44.7291,0.064128
0.6696,44.8528,0.078341
0.6696,44.9766,0.097747
0.6696,45.1003,0.087879
0.6696,45.2241,0.073336
0.6696,45.3478,0.082993
0.6696,45.4716,0.079732
0.6696,45.5953,0.120903
0.6696,45.7191,0.116082
0.6696,45.8428,0.122765
0.6696,45.9666,0.167623
0.6696,46.0903,0.234861
0.6696,46.214,0.266846
0.6696,46.3378,0.309875
0.6696,46.4615,0.384038
0.6696,46.5853,0.421663
0.6696,46.709,0.490283
0.6696,46.8328,0.456501
0.6696,46.9565,0.418311
0.6696,47.0803,0.413375
0.6696,47.204,0.35593
0.6696,47.3278,0.265837
0.6696,47.4515,0.201737
0.6696,47.5753,0.168382
0.6696,47.699,0.106216
0.6696,47.8227,0.081243
0.6696,47.9465,0.066862
0.6696,48.0702,0.043832
0.6696,48.194,0.046349
0.6696,48.3177,0.03137
0.6696,48.4415,0.042663
0.6696,48.5652,0.066023
0.6696,48.689,0.073284
0.6696,48.8127,0.070159
0.6696,48.9365,0.058774
0.6696,49.0602,0.057392
0.6696,49.1839,0.047423
0.6696,49.3077,0.055244
0.6696,49.4314,0.060656
0.6696,49.5552,0.059576
0.6696,49.6789,0.065616
0.6696,49.8027,0.059509
0.6696,49.9264,0.058857
0.6696,50.0502,0.07769
0.6696,50.1739,0.089843
0.6696,50.2977,0.087335
0.6696,50.4214,0.094994
0.6696,50.5452,0.092694
0.6696,50.6689,0.075602
0.6696,50.7926,0.088249
0.6696,50.9164,0.081981
0.6696,51.0401,0.061107
0.6696,51.1639,0.069463
0.6696,51.2876,0.081993
0.6696,51.4114,0.07826
0.6696,51.5351,0.093667
0.6696,51.6589,0.079323
0.6696,51.7826,0.077991
0.6696,51.9064,0.083052
0.6696,52.0301,0.082518
0.6696,52.1538,0.06966
0.6696,52.2776,0.081632
0.6696,52.4013,0.06253
0.6696,52.5251,0.060693
0.6696,52.6488,0.046043
0.6696,52.7726,0.053174
0.6696,52.8963,0.037478
0.6696,53.0201,0.041595
0.6696,53.1438,0.0372
0.6696,53.2676,0.069994
0.6696,53.3913,0.045436
0.6696,53.5151,0.043429
0.6696,53.6388,0.038154
0.6696,53.7625,0.038056
0.6696,53.8863,0.057008
0.6696,54.01,0.041175
0.6696,54.1338,0.036225
0.6696,54.2575,0.050759
0.6696,54.3813,0.032231
0.6696,54.505,0.037736
0.6696,54.6288,0.0362
0.6696,54.7525,0.059511
0.6696,54.8763,0.049007
0.6696,55.0,0.042964
0.6783,18.0,0.047825
0.6783,18.1237,0.063929
0.6783,18.2475,0.048079
0.6783,18.3712,0.047012
0.6783,18.495,0.053142
0.6783,18.6187,0.077038
0.6783,18.7425,0.076894
0.6783,18.8662,0.056189
0.6783,18.99,0.061585
0.6783,19.1137,0.060705
0.6783,19.2375,0.075619
0.6783,19.3612,0.072686
0.6783,19.4849,0.061953
0.6783,19.6087,0.080038
0.6783,19.7324,0.103061
0.6783,19.8562,0.055907
0.6783,19.9799,0.077309
0.6783,20.1037,0.083066
0.6783,20.2274,0.095343
0.6783,20.3512,0.090624
0.6783,20.4749,0.098861
0.6783,20.5987,0.09575
0.6783,20.7224,0.076289
0.6783,20.8462,0.084137
0.6783,20.9699,0.07651
0.6783,21.0936,0.058148
0.6783,21.2174,0.063278
0.6783,21.3411,0.087647
0.6783,21.4649,0.07477
0.6783,21.5886,0.078725
0.6783,21.7124,0.06441
0.6783,21.8361,0.066315
0.6783,21.9599,0.073766
0.6783,22.0836,0.056063
0.6783,22.2074,0.055469
0.6783,22.3311,0.055626
0.6783,22.4548,0.057791
0.6783,22.5786,0.061957
0.6783,22.7023,0.053523
0.6783,22.8261,0.048161
0.6783,22.9498,0.047263
0.6783,23.0736,0.031055
0.6783,23.1973,0.054487
0.6783,23.3211,0.06048
0.6783,23.4448,0.052087
0.6783,23.5686,0.060266
0.6783,23.6923,0.051582
0.6783,23.8161,0.050412
0.6783,23.9398,0.043742
0.6783,24.0635,0.017724
0.6783,24.1873,0.043679
0.6783,24.311,0.043231
0.6783,24.4348,0.036722
0.6783,24.5585,0.050239
0.6783,24.6823,0.043884
0.6783,24.806,0.062193
0.6783,24.9298,0.046512
0.6783,25.0535,0.059862
0.6783,25.1773,0.070472
0.6783,25.301,0.093641
0.6783,25.4247,0.182393
0.6783,25.5485,0.268694
0.6783,25.6722,0.418745
0.6783,25.796,0.616377
0.6783,25.9197,0.821902
0.6783,26.0435,0.99235
0.6783,26.1672,1.088449
0.6783,26.291,1.11766
0.6783,26.4147,1.021432
0.6783,26.5385,0.840886
0.6783,26.6622,0.639567
0.6783,26.786,0.447853
0.6783,26.9097,0.298226
0.6783,27.0334,0.203071
0.6783,27.1572,0.144011
0.6783,27.2809,0.08869
0.6783,27.4047,0.092432
0.6783,27.5284,0.072285
0.6783,27.6522,0.068356
0.6783,27.7759,0.065418
0.6783,27.8997,0.080437
0.6783,28.0234,0.053123
0.6783,28.1472,0.071204
0.6783,28.2709,0.075069
0.6783,28.3946,0.057963
0.6783,28.5184,0.068556
0.6783,28.6421,0.061494
0.6783,28.7659,0.055797
0.6783,28.8896,0.063229
0.6783,29.0134,0.047651
0.6783,29.1371,0.044922
0.6783,29.2609,0.037591
0.6783,29.3846,0.053211
0.6783,29.5084,0.046641
0.6783,29.6321,0.061316
0.6783,29.7559,0.045377
0.6783,29.8796,0.055098
0.6783,30.0033,0.044749
0.6783,30.1271,0.054541
0.6783,30.2508,0.047572
0.6783,30.3746,0.045339
0.6783,30.4983,0.039502
0.6783,30.6221,0.060472
0.6783,30.7458,0.065995
0.6783,30.8696,0.018698
0.6783,30.9933,0.077338
0.6783,31.1171,0.057899
0.6783,31.2408,0.047162
0.6783,31.3645,0.074516
0.6783,31.4883,0.053001
0.6783,31.612,0.059236
0.6783,31.7358,0.076802
0.6783,31.8595,0.07711
0.6783,31.9833,0.071518
0.6783,32.107,0.068117
0.6783,32.2308,0.067481
0.6783,32.3545,0.086336
0.6783,32.4783,0.092191
0.6783,32.602,0.100094
0.6783,32.7258,0.111856
0.6783,32.8495,0.110994
0.6783,32.9732,0.141129
0.6783,33.097,0.189742
0.6783,33.2207,0.248596
0.6783,33.3445,0.317348
0.6783,33.4682,0.399939
0.6783,33.592,0.487724
0.6783,33.7157,0.603826
0.6783,33.8395,0.650711
0.6783,33.9632,0.720923
0.6783,34.087,0.759071
0.6783,34.2107,0.762655
0.6783,34.3344,0.74078
0.6783,34.4582,0.682253
0.6783,34.5819,0.592236
0.6783,34.7057,0.530489
0.6783,34.8294,0.447512
0.6783,34.9532,0.342201
0.6783,35.0769,0.24773
0.6783,35.2007,0.193256
0.6783,35.3244,0.168127
0.6783,35.4482,0.116598
0.6783,35.5719,0.086448
0.6783,35.6957,0.077973
0.6783,35.8194,0.049698
0.6783,35.9431,0.061951
0.6783,36.0669,0.04239
0.6783,36.1906,0.054608
0.6783,36.3144,0.06721
0.6783,36.4381,0.040428
0.6783,36.5619,0.068536
0.6783,36.6856,0.056808
0.6783,36.8094,0.065297
0.6783,36.9331,0.039973
0.6783,37.0569,0.041961
0.6783,37.1806,0.053102
0.6783,37.3043,0.064255
0.6783,37.4281,0.044755
0.6783,37.5518,0.086049
0.6783,37.6756,0.071654
0.6783,37.7993,0.079336
0.6783,37.9231,0.087511
0.6783,38.0468,0.076992
0.6783,38.1706,0.073322
0.6783,38.2943,0.067095
0.6783,38.4181,0.098796
0.6783,38.5418,0.0733
0.6783,38.6656,0.045838
0.6783,38.7893,0.083758
0.6783,38.913,0.086495
0.6783,39.0368,0.089784
0.6783,39.1605,0.086286
0.6783,39.2843,0.081228
0.6783,39.408,0.105959
0.6783,39.5318,0.090908
0.6783,39.6555,0.071618
0.6783,39.7793,0.059429
0.6783,39.903,0.045393
0.6783,40.0268,0.061153
0.6783,40.1505,0.040838
0.6783,40.2742,0.051192
0.6783,40.398,0.061316
0.6783,40.5217,0.037013
0.6783,40.6455,0.066861
0.6783,40.7692,0.049963
0.6783,40.893,0.056282
0.6783,41.0167,0.064357
0.6783,41.1405,0.047494
0.6783,41.2642,0.047647
0.6783,41.388,0.044221
0.6783,41.5117,0.050497
0.6783,41.6355,0.027712
0.6783,41.7592,0.05346
0.6783,41.8829,0.041817
0.6783,42.0067,0.039692
0.6783,42.1304,0.040882
0.6783,42.2542,0.046822
0.6783,42.3779,0.039217
0.6783,42.5017,0.065115
0.6783,42.6254,0.039716
0.6783,42.7492,0.058513
0.6783,42.8729,0.053355
0.6783,42.9967,0.036935
0.6783,43.1204,0.054291
0.6783,43.2441,0.058456
0.6783,43.3679,0.065071
0.6783,43.4916,0.071821
0.6783,43.6154,0.075829
0.6783,43.7391,0.053534
0.6783,43.8629,0.068356
0.6783,43.9866,0.065559
0.6783,44.1104,0.090369
0.6783,44.2341,0.079807
0.6783,44.3579,0.070893
0.6783,44.4816,0.07374
0.6783,44.6054,0.081532
0.6783,44.7291,0.073119
0.6783,44.8528,0.088705
0.6783,44.9766,0.076073
0.6783,45.1003,0.090476
0.6783,45.2241,0.101036
0.6783,45.3478,0.095377
0.6783,45.4716,0.08266
0.6783,45.5953,0.107971
0.6783,45.7191,0.094974
0.6783,45.8428,0.119664
0.6783,45.9666,0.182009
0.6783,46.0903,0.204905
0.6783,46.214,0.264741
0.6783,46.3378,0.331075
0.6783,46.4615,0.391472
0.6783,46.5853,0.43988
0.6783,46.709,0.459049
0.6783,46.8328,0.471934
0.6783,46.9565,0.466332
0.6783,47.0803,0.393856
0.6783,47.204,0.347988
0.6783,47.3278,0.281492
0.6783,47.4515,0.207552
0.6783,47.5753,0.168748
0.6783,47.699,0.133508
0.6783,47.8227,0.101482
0.6783,47.9465,0.066353
0.6783,48.0702,0.053512
0.6783,48.194,0.034303
0.6783,48.3177,0.053507
0.6783,48.4415,0.045346
0.6783,48.5652,0.028467
0.6783,48.689,0.051768
0.6783,48.8127,0.065141
0.6783,48.9365,0.055091
0.6783,49.0602,0.05983
0.6783,49.1839,0.067861
0.6783,49.3077,0.045159
0.6783,49.4314,0.064412
0.6783,49.5552,0.062166
0.6783,49.6789,0.086472
0.6783,49.8027,0.093589
0.6783,49.9264,0.067173
0.6783,50.0502,0.074091
0.6783,50.1739,0.063578
0.6783,50.2977,0.063886
0.6783,50.4214,0.067655
0.6783,50.5452,0.083003
0.6783,50.6689,0.047164
0.6783,50.7926,0.088246
0.6783,50.9164,0.089054
0.6783,51.0401,0.090514
0.6783,51.1639,0.067706
0.6783,51.2876,0.072472
0.6783,51.4114,0.06323
0.6783,51.5351,0.087936
0.6783,51.6589,0.085048
0.6783,51.7826,0.080203
0.6783,51.9064,0.082907
0.6783,52.0301,0.085842
0.6783,52.1538,0.078416
0.6783,52.2776,0.063556
0.6783,52.4013,0.07546
0.6783,52.5251,0.055551
0.6783,52.6488,0.054082
0.6783,52.7726,0.069863
0.6783,52.8963,0.039474
0.6783,53.0201,0.043396
0.6783,53.1438,0.03625
0.6783,53.2676,0.051024
0.6783,53.3913,0.062495
0.6783,53.5151,0.060713
0.6783,53.6388,0.046321
0.6783,53.7625,0.05135
0.6783,53.8863,0.044958
0.6783,54.01,0.050355
0.6783,54.1338,0.058569
0.6783,54.2575,0.014284
0.6783,54.3813,0.045466
0.6783,54.505,0.05234
0.6783,54.6288,0.038092
0.6783,54.7525,0.054385
0.6783,54.8763,0.050841
0.6783,55.0,0.051775
0.687,18.0,0.059983
0.687,18.1237,0.049867
0.687,18.2475,0.033277
0.687,18.3712,0.05461
0.687,18.495,0.039495
0.687,18.6187,0.068946
0.687,18.7425,0.047086
0.687,18.8662,0.059563
0.687,18.99,0.076115
0.687,19.1137,0.076607
0.687,19.2375,0.042045
0.687,19.3612,0.059709
0.687,19.4849,0.061447
0.687,19.6087,0.091192
0.687,19.7324,0.072437
0.687,19.8562,0.067153
0.687,19.9799,0.080677
0.687,20.1037,0.056356
0.687,20.2274,0.050154
0.687,20.3512,0.072765
0.687,20.4749,0.072414
0.687,20.5987,0.06214
0.687,20.7224,0.097958
0.687,20.8462,0.075027
0.687,20.9699,0.072095
0.687,21.0936,0.097676
0.687,21.2174,0.077418
0.687,21.3411,0.092865
0.687,21.4649,0.08212
0.687,21.5886,0.074605
0.687,21.7124,0.067006
0.687,21.8361,0.072828
0.687,21.9599,0.057564
0.687,22.0836,0.082158
0.687,22.2074,0.044259
0.687,22.3311,0.039972
0.687,22.4548,0.072951
0.687,22.5786,0.0438
0.687,22.7023,0.067857
0.687,22.8261,0.052203
0.687,22.9498,0.060352
0.687,23.0736,0.062538
0.687,23.1973,0.034437
0.687,23.3211,0.065878
0.687,23.4448,0.037824
0.687,23.5686,0.038518
0.687,23.6923,0.047598
0.687,23.8161,0.027994
0.687,23.9398,0.051497
0.687,24.0635,0.024886
0.687,24.1873,0.043479
0.687,24.311,0.045046
0.687,24.4348,0.063062
0.687,24.5585,0.052957
0.687,24.6823,0.057513
0.687,24.806,0.042088
0.687,24.9298,0.055234
0.687,25.0535,0.071389
0.687,25.1773,0.085832
0.687,25.301,0.094256
0.687,25.4247,0.163539
0.687,25.5485,0.236517
0.687,25.6722,0.402071
0.687,25.796,0.59129
0.687,25.9197,0.776606
0.687,26.0435,0.981399
0.687,26.1672,1.107579
0.687,26.291,1.146488
0.687,26.4147,1.04311
0.687,26.5385,0.878849
0.687,26.6622,0.647584
0.687,26.786,0.461588
0.687,26.9097,0.327352
0.687,27.0334,0.197517
0.687,27.1572,0.147756
0.687,27.2809,0.08568
0.687,27.4047,0.101759
0.687,27.5284,0.067964
0.687,27.6522,0.052139
0.687,27.7759,0.060003
0.687,27.8997,0.063657
0.687,28.0234,0.024039
0.687,28.1472,0.067679
0.687,28.2709,0.067866
0.687,28.3946,0.0329
0.687,28.5184,0.048837
0.687,28.6421,0.033579
0.687,28.7659,0.033278
0.687,28.8896,0.059054
0.687,29.0134,0.036885
0.687,29.1371,0.046652
0.687,29.2609,0.047947
0.687,29.3846,0.055658
0.687,29.5084,0.040038
0.687,29.6321,0.039656
0.687,29.7559,0.045662
0.687,29.8796,0.026115
0.687,30.0033,0.031848
0.687,30.1271,0.059207
0.687,30.2508,0.093889
0.687,30.3746,0.070841
0.687,30.4983,0.083781
0.687,30.6221,0.059007
0.687,30.7458,0.063925
0.687,30.8696,0.070818
0.687,30.9933,0.075387
0.687,31.1171,0.047844
0.687,31.2408,0.070307
0.687,31.3645,0.054262
0.687,31.4883,0.076176
0.687,31.612,0.061377
0.687,31.7358,0.071248
0.687,31.8595,0.073781
0.687,31.9833,0.065723
0.687,32.107,0.086398
0.687,32.2308,0.064411
0.687,32.3545,0.069935
0.687,32.4783,0.09103
0.687,32.602,0.100044
0.687,32.7258,0.115023
0.687,32.8495,0.149846
0.687,32.9732,0.165158
0.687,33.097,0.210187
0.687,33.2207,0.239908
0.687,33.3445,0.336176
0.687,33.4682,0.413056
0.687,33.592,0.493582
0.687,33.7157,0.591967
0.687,33.8395,0.677196
0.687,33.9632,0.712896
0.687,34.087,0.758479
0.687,34.2107,0.754918
0.687,34.3344,0.731896
0.687,34.4582,0.656606
0.687,34.5819,0.591146
0.687,34.7057,0.507179
0.687,34.8294,0.415967
0.687,34.9532,0.334336
0.687,35.0769,0.267715
0.687,35.2007,0.193976
0.687,35.3244,0.151522
0.687,35.4482,0.119035
0.687,35.5719,0.100848
0.687,35.6957,0.071145
0.687,35.8194,0.035991
0.687,35.9431,0.043472
0.687,36.0669,0.050734
0.687,36.1906,0.047234
0.687,36.3144,0.056759
0.687,36.4381,0.039709
0.687,36.5619,0.077015
0.687,36.6856,0.075187
0.687,36.8094,0.069102
0.687,36.9331,0.070742
0.687,37.0569,0.067902
0.687,37.1806,0.057319
0.687,37.3043,0.060415
0.687,37.4281,0.088503
0.687,37.5518,0.057767
0.687,37.6756,0.077324
0.687,37.7993,0.097372
0.687,37.9231,0.07273
0.687,38.0468,0.082285
0.687,38.1706,0.087134
0.687,38.2943,0.073045
0.687,38.4181,0.092483
0.687,38.5418,0.08503
0.687,38.6656,0.094912
0.687,38.7893,0.086712
0.687,38.913,0.070367
0.687,39.0368,0.057662
0.687,39.1605,0.069845
0.687,39.2843,0.085467
0.687,39.408,0.060086
0.687,39.5318,0.077266
0.687,39.6555,0.098926
0.687,39.7793,0.061273
0.687,39.903,0.081351
0.687,40.0268,0.043284
0.687,40.1505,0.07124
0.687,40.2742,0.07213
0.687,40.398,0.061144
0.687,40.5217,0.052824
0.687,40.6455,0.020748
0.687,40.7692,0.056935
0.687,40.893,0.041847
0.687,41.0167,0.032971
0.687,41.1405,0.043709
0.687,41.2642,0.042839
0.687,41.388,0.075771
0.687,41.5117,0.042139
0.687,41.6355,0.035139
0.687,41.7592,0.041725
0.687,41.8829,0.068124
0.687,42.0067,0.047533
0.687,42.1304,0.052948
0.687,42.2542,0.049924
0.687,42.3779,0.042135
0.687,42.5017,0.051618
0.687,42.6254,0.045908
0.687,42.7492,0.0659
0.687,42.8729,0.053619
0.687,42.9967,0.050305
0.687,43.1204,0.058768
0.687,43.2441,0.055014
0.687,43.3679,0.092769
0.687,43.4916,0.0721
0.687,43.6154,0.082417
0.687,43.7391,0.06709
0.687,43.8629,0.061517
0.687,43.9866,0.057701
0.687,44.1104,0.071784
0.687,44.2341,0.089162
0.687,44.3579,0.081767
0.687,44.4816,0.077102
0.687,44.6054,0.077519
0.687,44.7291,0.074999
0.687,44.8528,0.092807
0.687,44.9766,0.085424
0.687,45.1003,0.08064
0.687,45.2241,0.051221
0.687,45.3478,0.071396
0.687,45.4716,0.070312
0.687,45.5953,0.098291
0.687,45.7191,0.118425
0.687,45.8428,0.120354
0.687,45.9666,0.163133
0.687,46.0903,0.20014
0.687,46.214,0.283685
0.687,46.3378,0.33145
0.687,46.4615,0.412129
0.687,46.5853,0.432337
0.687,46.709,0.496954
0.687,46.8328,0.480181
0.687,46.9565,0.461018
0.687,47.0803,0.401033
0.687,47.204,0.338811
0.687,47.3278,0.256336
0.687,47.4515,0.208135
0.687,47.5753,0.140501
0.687,47.699,0.124275
0.687,47.8227,0.093685
0.687,47.9465,0.060576
0.687,48.0702,0.077231
0.687,48.194,0.043876
0.687,48.3177,0.046751
0.687,48.4415,0.034363
0.687,48.5652,0.051334
0.687,48.689,0.068753
0.687,48.8127,0.066342
0.687,48.9365,0.039702
0.687,49.0602,0.042125
0.687,49.1839,0.035715
0.687,49.3077,0.051056
0.687,49.4314,0.067094
0.687,49.5552,0.084322
0.687,49.6789,0.068409
0.687,49.8027,0.060065
0.687,49.9264,0.085025
0.687,50.0502,0.082325
0.687,50.1739,0.073386
0.687,50.2977,0.094122
0.687,50.4214,0.074764
0.687,50.5452,0.069954
0.687,50.6689,0.094277
0.687,50.7926,0.055089
0.687,50.9164,0.083972
0.687,51.0401,0.082074
0.687,51.1639,0.050828
0.687,51.2876,0.071591
0.687,51.4114,0.103765
0.687,51.5351,0.067105
0.687,51.6589,0.057527
0.687,51.7826,0.050935
0.687,51.9064,0.063341
0.687,52.0301,0.084444
0.687,52.1538,0.077574
0.687,52.2776,0.056746
0.687,52.4013,0.075137
0.687,52.5251,0.057574
0.687,52.6488,0.048853
0.687,52.7726,0.040809
0.687,52.8963,0.041025
0.687,53.0201,0.046425
0.687,53.1438,0.043164
0.687,53.2676,0.055526
0.687,53.3913,0.047158
0.687,53.5151,0.041478
0.687,53.6388,0.070189
0.687,53.7625,0.053242
0.687,53.8863,0.050189
0.687,54.01,0.046718
0.687,54.1338,0.058326
0.687,54.2575,0.064486
0.687,54.3813,0.043643
0.687,54.505,0.04025
0.687,54.6288,0.049928
0.687,54.7525,0.068196
0.687,54.8763,0.064686
0.687,55.0,0.074946
0.6957,18.0,0.063877
0.6957,18.1237,0.021529
0.6957,18.2475,0.039244
0.6957,18.3712,0.041189
0.6957,18.495,0.024771
0.6957,18.6187,0.056816
0.6957,18.7425,0.064434
0.6957,18.8662,0.06035
0.6957,18.99,0.053877
0.6957,19.1137,0.082263
0.6957,19.2375,0.079149
0.6957,19.3612,0.053257
0.6957,19.4849,0.081039
0.6957,19.6087,0.084366
0.6957,19.7324,0.073576
0.6957,19.8562,0.080597
0.6957,19.9799,0.078683
0.6957,20.1037,0.105694
0.6957,20.2274,0.095967
0.6957,20.3512,0.08
0.6957,20.4749,0.058582
0.6957,20.5987,0.09028
0.6957,20.7224,0.090217
0.6957,20.8462,0.098621
0.6957,20.9699,0.08308
0.6957,21.0936,0.07404
0.6957,21.2174,0.087005
0.6957,21.3411,0.06956
0.6957,21.4649,0.074895
0.6957,21.5886,0.070735
0.6957,21.7124,0.078352
0.6957,21.8361,0.083835
0.6957,21.9599,0.042239
0.6957,22.0836,0.07496
0.6957,22.2074,0.068873
0.6957,22.3311,0.080881
0.6957,22.4548,0.050752
0.6957,22.5786,0.055359
0.6957,22.7023,0.051183
0.6957,22.8261,0.06018
0.6957,22.9498,0.037812
0.6957,23.0736,0.040837
0.6957,23.1973,0.045374
0.6957,23.3211,0.044067
0.6957,23.4448,0.047929
0.6957,23.5686,0.044723
0.6957,23.6923,0.017808
0.6957,23.8161,0.052271
0.6957,23.9398,0.051742
0.6957,24.0635,0.027399
0.6957,24.1873,0.038051
0.6957,24.311,0.053343
0.6957,24.4348,0.045667
0.6957,24.5585,0.061507
0.6957,24.6823,0.060233
0.6957,24.806,0.081216
0.6957,24.9298,0.064124
0.6957,25.0535,0.075885
0.6957,25.1773,0.076246
0.6957,25.301,0.108183
0.6957,25.4247,0.175145
0.6957,25.5485,0.228622
0.6957,25.6722,0.336218
0.6957,25.796,0.525631
0.6957,25.9197,0.739727
0.6957,26.0435,0.973599
0.6957,26.1672,1.097896
0.6957,26.291,1.101602
0.6957,26.4147,1.049482
0.6957,26.5385,0.933782
0.6957,26.6622,0.714334
0.6957,26.786,0.525026
0.6957,26.9097,0.336848
0.6957,27.0334,0.219379
0.6957,27.1572,0.148468
0.6957,27.2809,0.115169
0.6957,27.4047,0.082812
0.6957,27.5284,0.064747
0.6957,27.6522,0.06994
0.6957,27.7759,0.051224
0.6957,27.8997,0.066378
0.6957,28.0234,0.093612
0.6957,28.1472,0.068236
0.6957,28.2709,0.043485
0.6957,28.3946,0.040855
0.6957,28.5184,0.056054
0.6957,28.6421,0.043831
0.6957,28.7659,0.046499
0.6957,28.8896,0.042839
0.6957,29.0134,0.048944
0.6957,29.1371,0.043408
0.6957,29.2609,0.060253
0.6957,29.3846,0.043246
0.6957,29.5084,0.045326
0.6957,29.6321,0.031524
0.6957,29.7559,0.062253
0.6957,29.8796,0.057797
0.6957,30.0033,0.051145
0.6957,30.1271,0.038634
0.6957,30.2508,0.032976
0.6957,30.3746,0.052971
0.6957,30.4983,0.070809
0.6957,30.6221,0.074901
0.6957,30.7458,0.063925
0.6957,30.8696,0.073814
0.6957,30.9933,0.049191
0.6957,31.1171,0.037014
0.6957,31.2408,0.046082
0.6957,31.3645,0.070139
0.6957,31.4883,0.072237
0.6957,31.612,0.079084
0.6957,31.7358,0.101622
0.6957,31.8595,0.084488
0.6957,31.9833,0.09342
0.6957,32.107,0.083201
0.6957,32.2308,0.063774
0.6957,32.3545,0.088746
0.6957,32.4783,0.096945
0.6957,32.602,0.105265
0.6957,32.7258,0.1109
0.6957,32.8495,0.118886
0.6957,32.9732,0.160376
0.6957,33.097,0.204425
0.6957,33.2207,0.26028
0.6957,33.3445,0.336505
0.6957,33.4682,0.402696
0.6957,33.592,0.491417
0.6957,33.7157,0.57592
0.6957,33.8395,0.65999
0.6957,33.9632,0.722966
0.6957,34.087,0.764864
0.6957,34.2107,0.75837
0.6957,34.3344,0.729799
0.6957,34.4582,0.664681
0.6957,34.5819,0.575133
0.6957,34.7057,0.491531
0.6957,34.8294,0.41793
0.6957,34.9532,0.306326
0.6957,35.0769,0.262775
0.6957,35.2007,0.203061
0.6957,35.3244,0.117009
0.6957,35.4482,0.120437
0.6957,35.5719,0.061208
0.6957,35.6957,0.067251
0.6957,35.8194,0.04189
0.6957,35.9431,0.047193
0.6957,36.0669,0.051186
0.6957,36.1906,0.04872
0.6957,36.3144,0.028617
0.6957,36.4381,0.054712
0.6957,36.5619,0.036368
0.6957,36.6856,0.054428
0.6957,36.8094,0.054077
0.6957,36.9331,0.054984
0.6957,37.0569,0.061288
0.6957,37.1806,0.042594
0.6957,37.3043,0.061312
0.6957,37.4281,0.058605
0.6957,37.5518,0.03889
0.6957,37.6756,0.0661
0.6957,37.7993,0.059108
0.6957,37.9231,0.076203
0.6957,38.0468,0.09682
0.6957,38.1706,0.071242
0.6957,38.2943,0.069549
0.6957,38.4181,0.064943
0.6957,38.5418,0.064947
0.6957,38.6656,0.054207
0.6957,38.7893,0.072195
0.6957,38.913,0.062564
0.6957,39.0368,0.086398
0.6957,39.1605,0.059274
0.6957,39.2843,0.065718
0.6957,39.408,0.08392
0.6957,39.5318,0.099681
0.6957,39.6555,0.028846
0.6957,39.7793,0.081236
0.6957,39.903,0.066836
0.6957,40.0268,0.093972
0.6957,40.1505,0.066493
0.6957,40.2742,0.066734
0.6957,40.398,0.071536
0.6957,40.5217,0.067876
0.6957,40.6455,0.062706
0.6957,40.7692,0.041503
0.6957,40.893,0.039269
0.6957,41.0167,0.072857
0.6957,41.1405,0.052407
0.6957,41.2642,0.058946
0.6957,41.388,0.053266
0.6957,41.5117,0.020191
0.6957,41.6355,0.041115
0.6957,41.7592,0.023448
0.6957,41.8829,0.026197
0.6957,42.0067,0.039594
0.6957,42.1304,0.05122
0.6957,42.2542,0.057601
0.6957,42.3779,0.061669
0.6957,42.5017,0.065196
0.6957,42.6254,0.075271
0.6957,42.7492,0.055306
0.6957,42.8729,0.063147
0.6957,42.9967,0.074918
0.6957,43.1204,0.079059
0.6957,43.2441,0.04968
0.6957,43.3679,0.088816
0.6957,43.4916,0.087628
0.6957,43.6154,0.083427
0.6957,43.7391,0.076105
0.6957,43.8629,0.067881
0.6957,43.9866,0.079947
0.6957,44.1104,0.074438
0.6957,44.2341,0.083823
0.6957,44.3579,0.063395
0.6957,44.4816,0.072987
0.6957,44.6054,0.108633
0.6957,44.7291,0.098934
0.6957,44.8528,0.083588
0.6957,44.9766,0.084369
0.6957,45.1003,0.092014
0.6957,45.2241,0.070009
0.6957,45.3478,0.075706
0.6957,45.4716,0.075872
0.6957,45.5953,0.1142
0.6957,45.7191,0.088339
0.6957,45.8428,0.115069
0.6957,45.9666,0.178558
0.6957,46.0903,0.21664
0.6957,46.214,0.269222
0.6957,46.3378,0.337298
0.6957,46.4615,0.358381
0.6957,46.5853,0.429372
0.6957,46.709,0.4762
0.6957,46.8328,0.492291
0.6957,46.9565,0.439234
0.6957,47.0803,0.400232
0.6957,47.204,0.34975
0.6957,47.3278,0.282444
0.6957,47.4515,0.224929
0.6957,47.5753,0.167144
0.6957,47.699,0.125113
0.6957,47.8227,0.06426
0.6957,47.9465,0.068502
0.6957,48.0702,0.094901
0.6957,48.194,0.045709
0.6957,48.3177,0.039124
0.6957,48.4415,0.054459
0.6957,48.5652,0.040739
0.6957,48.689,0.037331
0.6957,48.8127,0.07357
0.6957,48.9365,0.055707
0.6957,49.0602,0.042499
0.6957,49.1839,0.077008
0.6957,49.3077,0.064766
0.6957,49.4314,0.045238
0.6957,49.5552,0.079262
0.6957,49.6789,0.080067
0.6957,49.8027,0.077766
0.6957,49.9264,0.075736
0.6957,50.0502,0.059555
0.6957,50.1739,0.068511
0.6957,50.2977,0.085916
0.6957,50.4214,0.094448
0.6957,50.5452,0.082889
0.6957,50.6689,0.075272
0.6957,50.7926,0.073452
0.6957,50.9164,0.079126
0.6957,51.0401,0.082238
0.6957,51.1639,0.101592
0.6957,51.2876,0.072382
0.6957,51.4114,0.057574
0.6957,51.5351,0.075584
0.6957,51.6589,0.072382
0.6957,51.7826,0.062658
0.6957,51.9064,0.082578
0.6957,52.0301,0.086056
0.6957,52.1538,0.054969
0.6957,52.2776,0.077085
0.6957,52.4013,0.088044
0.6957,52.5251,0.041142
0.6957,52.6488,0.029604
0.6957,52.7726,0.039098
0.6957,52.8963,0.072503
0.6957,53.0201,0.054287
0.6957,53.1438,0.038437
0.6957,53.2676,0.070269
0.6957,53.3913,0.058715
0.6957,53.5151,0.043811
0.6957,53.6388,0.06197
0.6957,53.7625,0.06412
0.6957,53.8863,0.060027
0.6957,54.01,0.058068
0.6957,54.1338,0.072789
0.6957,54.2575,0.068753
0.6957,54.3813,0.063263
0.6957,54.505,0.052844
0.6957,54.6288,0.04967
0.6957,54.7525,0.053292
0.6957,54.8763,0.080688
0.6957,55.0,0.040196
0.7043,18.0,0.039727
0.7043,18.1237,0.047946
0.7043,18.2475,0.067015
0.7043,18.3712,0.060921
0.7043,18.495,0.023553
0.7043,18.6187,0.051432
0.7043,18.7425,0.071419
0.7043,18.8662,0.055836
0.7043,18.99,0.06643
0.7043,19.1137,0.050707
0.7043,19.2375,0.086504
0.7043,19.3612,0.069894
0.7043,19.4849,0.069402
0.7043,19.6087,0.086732
0.7043,19.7324,0.07525
0.7043,19.8562,0.090549
0.7043,19.9799,0.077935
0.7043,20.1037,0.085757
0.7043,20.2274,0.1001
0.7043,20.3512,0.078415
0.7043,20.4749,0.082325
0.7043,20.5987,0.043209
0.7043,20.7224,0.08375
0.7043,20.8462,0.090145
0.7043,20.9699,0.073677
0.7043,21.0936,0.078302
0.7043,21.2174,0.07339
0.7043,21.3411,0.076367
0.7043,21.4649,0.074214
0.7043,21.5886,0.057722
0.7043,21.7124,0.105984
0.7043,21.8361,0.065697
0.7043,21.9599,0.053793
0.7043,22.0836,0.067465
0.7043,22.2074,0.045934
0.7043,22.3311,0.056465
0.7043,22.4548,0.044807
0.7043,22.5786,0.05712
0.7043,22.7023,0.047069
0.7043,22.8261,0.02464
0.7043,22.9498,0.040959
0.7043,23.0736,0.041272
0.7043,23.1973,0.043063
0.7043,23.3211,0.029015
0.7043,23.4448,0.049359
0.7043,23.5686,0.034387
0.7043,23.6923,0.031908
0.7043,23.8161,0.049387
0.7043,23.9398,0.040842
0.7043,24.0635,0.031601
0.7043,24.1873,0.064271
0.7043,24.311,0.05336
0.7043,24.4348,0.055002
0.7043,24.5585,0.046223
0.7043,24.6823,0.060727
0.7043,24.806,0.061051
0.7043,24.9298,0.066172
0.7043,25.0535,0.065764
0.7043,25.1773,0.071238
0.7043,25.301,0.109257
0.7043,25.4247,0.157325
0.7043,25.5485,0.218316
0.7043,25.6722,0.337589
0.7043,25.796,0.520055
0.7043,25.9197,0.70866
0.7043,26.0435,0.919215
0.7043,26.1672,1.082188
0.7043,26.291,1.128799
0.7043,26.4147,1.09879
0.7043,26.5385,0.951639
0.7043,26.6622,0.758141
0.7043,26.786,0.529135
0.7043,26.9097,0.355221
0.7043,27.0334,0.216361
0.7043,27.1572,0.146589
0.7043,27.2809,0.131776
0.7043,27.4047,0.093884
0.7043,27.5284,0.064218
0.7043,27.6522,0.07109
0.7043,27.7759,0.074852
0.7043,27.8997,0.038132
0.7043,28.0234,0.065883
0.7043,28.1472,0.0659
0.7043,28.2709,0.059611
0.7043,28.3946,0.053087
0.7043,28.5184,0.076098
0.7043,28.6421,0.030605
0.7043,28.7659,0.043033
0.7043,28.8896,0.034736
0.7043,29.0134,0.062973
0.7043,29.1371,0.058947
0.7043,29.2609,0.045368
0.7043,29.3846,0.022501
0.7043,29.5084,0.065948
0.7043,29.6321,0.045154
0.7043,29.7559,0.036208
0.7043,29.8796,0.034294
0.7043,30.0033,0.041846
0.7043,30.1271,0.054506
0.7043,30.2508,0.069847
0.7043,30.3746,0.038023
0.7043,30.4983,0.078542
0.7043,30.6221,0.063961
0.7043,30.7458,0.054221
0.7043,30.8696,0.059751
0.7043,30.9933,0.082098
0.7043,31.1171,0.079658
0.7043,31.2408,0.061898
0.7043,31.3645,0.077833
0.7043,31.4883,0.077303
0.7043,31.612,0.083977
0.7043,31.7358,0.076372
0.7043,31.8595,0.078192
0.7043,31.9833,0.048798
0.7043,32.107,0.111422
0.7043,32.2308,0.088761
0.7043,32.3545,0.084615
0.7043,32.4783,0.081098
0.7043,32.602,0.086507
0.7043,32.7258,0.137126
0.7043,32.8495,0.123029
0.7043,32.9732,0.184878
0.7043,33.097,0.213188
0.7043,33.2207,0.255221
0.7043,33.3445,0.325261
0.7043,33.4682,0.427445
0.7043,33.592,0.497229
0.7043,33.7157,0.588602
0.7043,33.8395,0.676588
0.7043,33.9632,0.722693
0.7043,34.087,0.756787
0.7043,34.2107,0.776055
0.7043,34.3344,0.719814
0.7043,34.4582,0.64527
0.7043,34.5819,0.582368
0.7043,34.7057,0.491593
0.7043,34.8294,0.396482
0.7043,34.9532,0.308496
0.7043,35.0769,0.237653
0.7043,35.2007,0.181866
0.7043,35.3244,0.118926
0.7043,35.4482,0.112821
0.7043,35.5719,0.064729
0.7043,35.6957,0.076029
0.7043,35.8194,0.043974
0.7043,35.9431,0.052981
0.7043,36.0669,0.055617
0.7043,36.1906,0.032319
0.7043,36.3144,0.083685
0.7043,36.4381,0.055592
0.7043,36.5619,0.039503
0.7043,36.6856,0.050941
0.7043,36.8094,0.054716
0.7043,36.9331,0.067169
0.7043,37.0569,0.078885
0.7043,37.1806,0.051149
0.7043,37.3043,0.08175
0.7043,37.4281,0.067402
0.7043,37.5518,0.048277
0.7043,37.6756,0.065982
0.7043,37.7993,0.077683
0.7043,37.9231,0.081927
0.7043,38.0468,0.068537
0.7043,38.1706,0.054196
0.7043,38.2943,0.075958
0.7043,38.4181,0.08958
0.7043,38.5418,0.064483
0.7043,38.6656,0.089479
0.7043,38.7893,0.086473
0.7043,38.913,0.08318
0.7043,39.0368,0.053711
0.7043,39.1605,0.076905
0.7043,39.2843,0.07996
0.7043,39.408,0.064157
0.7043,39.5318,0.060131
0.7043,39.6555,0.071373
0.7043,39.7793,0.083841
0.7043,39.903,0.069415
0.7043,40.0268,0.073246
0.7043,40.1505,0.05793
0.7043,40.2742,0.05461
0.7043,40.398,0.043509
0.7043,40.5217,0.048708
0.7043,40.6455,0.045535
0.7043,40.7692,0.064817
0.7043,40.893,0.029264
0.7043,41.0167,0.044383
0.7043,41.1405,0.064181
0.7043,41.2642,0.041613
0.7043,41.388,0.047408
0.7043,41.5117,0.026475
0.7043,41.6355,0.03875
0.7043,41.7592,0.026234
0.7043,41.8829,0.055231
0.7043,42.0067,0.047396
0.7043,42.1304,0.045923
0.7043,42.2542,0.064964
0.7043,42.3779,0.048969
0.7043,42.5017,0.053194
0.7043,42.6254,0.060181
0.7043,42.7492,0.077018
0.7043,42.8729,0.042371
0.7043,42.9967,0.056266
0.7043,43.1204,0.055493
0.7043,43.2441,0.057417
0.7043,43.3679,0.07969
0.7043,43.4916,0.067873
0.7043,43.6154,0.084127
0.7043,43.7391,0.082955
0.7043,43.8629,0.095405
0.7043,43.9866,0.084959
0.7043,44.1104,0.08737
0.7043,44.2341,0.074089
0.7043,44.3579,0.071592
0.7043,44.4816,0.061221
0.7043,44.6054,0.061905
0.7043,44.7291,0.074746
0.7043,44.8528,0.083116
0.7043,44.9766,0.0699
0.7043,45.1003,0.071054
0.7043,45.2241,0.06776
0.7043,45.3478,0.082167
0.7043,45.4716,0.087351
0.7043,45.5953,0.077426
0.7043,45.7191,0.081523
0.7043,45.8428,0.114882
0.7043,45.9666,0.16985
0.7043,46.0903,0.202775
0.7043,46.214,0.250261
0.7043,46.3378,0.324762
0.7043,46.4615,0.383937
0.7043,46.5853,0.442744
0.7043,46.709,0.480667
0.7043,46.8328,0.503024
0.7043,46.9565,0.455169
0.7043,47.0803,0.414831
0.7043,47.204,0.339624
0.7043,47.3278,0.293155
0.7043,47.4515,0.204376
0.7043,47.5753,0.183557
0.7043,47.699,0.104359
0.7043,47.8227,0.069241
0.7043,47.9465,0.058002
0.7043,48.0702,0.049439
0.7043,48.194,0.041879
0.7043,48.3177,0.057503
0.7043,48.4415,0.042735
0.7043,48.5652,0.034082
0.7043,48.689,0.056022
0.7043,48.8127,0.064476
0.7043,48.9365,0.055823
0.7043,49.0602,0.054794
0.7043,49.1839,0.079206
0.7043,49.3077,0.044001
0.7043,49.4314,0.067163
0.7043,49.5552,0.064631
0.7043,49.6789,0.079912
0.7043,49.8027,0.07299
0.7043,49.9264,0.082212
0.7043,50.0502,0.091925
0.7043,50.1739,0.104821
0.7043,50.2977,0.06892
0.7043,50.4214,0.085563
0.7043,50.5452,0.076678
0.7043,50.6689,0.083256
0.7043,50.7926,0.088736
0.7043,50.9164,0.07815
0.7043,51.0401,0.08282
0.7043,51.1639,0.067115
0.7043,51.2876,0.066317
0.7043,51.4114,0.092855
0.7043,51.5351,0.092724
0.7043,51.6589,0.084466
0.7043,51.7826,0.051014
0.7043,51.9064,0.050491
0.7043,52.0301,0.045715
0.7043,52.1538,0.061168
0.7043,52.2776,0.07014
0.7043,52.4013,0.064746
0.7043,52.5251,0.062699
0.7043,52.6488,0.038661
0.7043,52.7726,0.054596
0.7043,52.8963,0.036366
0.7043,53.0201,0.078191
0.7043,53.1438,0.061843
0.7043,53.2676,0.020335
0.7043,53.3913,0.0392
0.7043,53.5151,0.066197
0.7043,53.6388,0.060311
0.7043,53.7625,0.042542
0.7043,53.8863,0.058273
0.7043,54.01,0.050971
0.7043,54.1338,0.071006
0.7043,54.2575,0.055066
0.7043,54.3813,0.046185
0.7043,54.505,0.077992
0.7043,54.6288,0.057669
0.7043,54.7525,0.06659
0.7043,54.8763,0.043288
0.7043,55.0,0.054887
0.713,18.0,0.04027
0.713,18.1237,0.066375
0.713,18.2475,0.077698
0.713,18.3712,0.034459
0.713,18.495,0.07837
0.713,18.6187,0.063749
0.713,18.7425,0.05746
0.713,18.8662,0.079131
0.713,18.99,0.086004
0.713,19.1137,0.070248
0.713,19.2375,0.059326
0.713,19.3612,0.050632
0.713,19.4849,0.081432
0.713,19.6087,0.08129
0.713,19.7324,0.078655
0.713,19.8562,0.073649
0.713,19.9799,0.081694
0.713,20.1037,0.076643
0.713,20.2274,0.086801
0.713,20.3512,0.074664
0.713,20.4749,0.093056
0.713,20.5987,0.073253
0.713,20.7224,0.089144
0.713,20.8462,0.083552
0.713,20.9699,0.061546
0.713,21.0936,0.07937
0.713,21.2174,0.07067
0.713,21.3411,0.059317
0.713,21.4649,0.062911
0.713,21.5886,0.079535
0.713,21.7124,0.058448
0.713,21.8361,0.072075
0.713,21.9599,0.053826
0.713,22.0836,0.04899
0.713,22.2074,0.061601
0.713,22.3311,0.071143
0.713,22.4548,0.047064
0.713,22.5786,0.057046
0.713,22.7023,0.046
0.713,22.8261,0.041459
0.713,22.9498,0.035704
0.713,23.0736,0.035577
0.713,23.1973,0.048622
0.713,23.3211,0.047193
0.713,23.4448,0.049184
0.713,23.5686,0.053219
0.713,23.6923,0.047201
0.713,23.8161,0.039272
0.713,23.9398,0.053829
0.713,24.0635,0.030403
0.713,24.1873,0.049578
0.713,24.311,0.052438
0.713,24.4348,0.059971
0.713,24.5585,0.038533
0.713,24.6823,0.074967
0.713,24.806,0.068639
0.713,24.9298,0.057029
0.713,25.0535,0.080376
0.713,25.1773,0.072227
0.713,25.301,0.100193
0.713,25.4247,0.148421
0.713,25.5485,0.22895
0.713,25.6722,0.301771
0.713,25.796,0.479697
0.713,25.9197,0.667027
0.713,26.0435,0.871282
0.713,26.1672,1.058464
0.713,26.291,1.102505
0.713,26.4147,1.114456
0.713,26.5385,0.955386
0.713,26.6622,0.768111
0.713,26.786,0.590187
0.713,26.9097,0.417919
0.713,27.0334,0.266195
0.713,27.1572,0.164739
0.713,27.2809,0.140307
0.713,27.4047,0.094234
0.713,27.5284,0.085522
0.713,27.6522,0.071427
0.713,27.7759,0.062767
0.713,27.8997,0.058395
0.713,28.0234,0.055601
0.713,28.1472,0.064407
0.713,28.2709,0.049572
0.713,28.3946,0.03211
0.713,28.5184,0.048178
0.713,28.6421,0.040341
0.713,28.7659,0.044418
0.713,28.8896,0.054559
0.713,29.0134,0.056625
0.713,29.1371,0.05329
0.713,29.2609,0.05951
0.713,29.3846,0.057926
0.713,29.5084,0.055864
0.713,29.6321,0.052794
0.713,29.7559,0.043776
0.713,29.8796,0.033132
0.713,30.0033,0.062296
0.713,30.1271,0.01707
0.713,30.2508,0.034339
0.713,30.3746,0.058061
0.713,30.4983,0.020989
0.713,30.6221,0.064371
0.713,30.7458,0.029959
0.713,30.8696,0.041496
0.713,30.9933,0.046224
0.713,31.1171,0.053465
0.713,31.2408,0.059901
0.713,31.3645,0.070609
0.713,31.4883,0.08039
0.713,31.612,0.062267
0.713,31.7358,0.059892
0.713,31.8595,0.052466
0.713,31.9833,0.076393
0.713,32.107,0.065578
0.713,32.2308,0.071633
0.713,32.3545,0.101764
0.713,32.4783,0.08775
0.713,32.602,0.103207
0.713,32.7258,0.126309
0.713,32.8495,0.16157
0.713,32.9732,0.168573
0.713,33.097,0.216467
0.713,33.2207,0.268007
0.713,33.3445,0.343126
0.713,33.4682,0.434317
0.713,33.592,0.501973
0.713,33.7157,0.59442
0.713,33.8395,0.65867
0.713,33.9632,0.738907
0.713,34.087,0.769366
0.713,34.2107,0.764979
0.713,34.3344,0.730743
0.713,34.4582,0.680522
0.713,34.5819,0.589832
0.713,34.7057,0.460183
0.713,34.8294,0.392394
0.713,34.9532,0.307716
0.713,35.0769,0.232542
0.713,35.2007,0.162608
0.713,35.3244,0.131078
0.713,35.4482,0.109094
0.713,35.5719,0.059842
0.713,35.6957,0.071671
0.713,35.8194,0.070079
0.713,35.9431,0.035094
0.713,36.0669,0.060967
0.713,36.1906,0.047171
0.713,36.3144,0.057432
0.713,36.4381,0.06079
0.713,36.5619,0.047834
0.713,36.6856,0.070636
0.713,36.8094,0.050521
0.713,36.9331,0.049702
0.713,37.0569,0.044503
0.713,37.1806,0.069831
0.713,37.3043,0.080958
0.713,37.4281,0.05612
0.713,37.5518,0.077974
0.713,37.6756,0.093477
0.713,37.7993,0.058544
0.713,37.9231,0.040001
0.713,38.0468,0.077082
0.713,38.1706,0.087633
0.713,38.2943,0.070069
0.713,38.4181,0.076089
0.713,38.5418,0.063486
0.713,38.6656,0.085262
0.713,38.7893,0.075369
0.713,38.913,0.097082
0.713,39.0368,0.095672
0.713,39.1605,0.092111
0.713,39.2843,0.065417
0.713,39.408,0.065814
0.713,39.5318,0.063264
0.713,39.6555,0.065571
0.713,39.7793,0.064331
0.713,39.903,0.051955
0.713,40.0268,0.075217
0.713,40.1505,0.06243
0.713,40.2742,0.030803
0.713,40.398,0.05831
0.713,40.5217,0.076952
0.713,40.6455,0.074268
0.713,40.7692,0.020564
0.713,40.893,0.061821
0.713,41.0167,0.039345
0.713,41.1405,0.043678
0.713,41.2642,0.032703
0.713,41.388,0.029277
0.713,41.5117,0.045513
0.713,41.6355,0.038163
0.713,41.7592,0.057355
0.713,41.8829,0.058397
0.713,42.0067,0.035939
0.713,42.1304,0.049597
0.713,42.2542,0.050631
0.713,42.3779,0.035166
0.713,42.5017,0.041143
0.713,42.6254,0.067651
0.713,42.7492,0.071402
0.713,42.8729,0.072059
0.713,42.9967,0.043252
0.713,43.1204,0.049628
0.713,43.2441,0.086995
0.713,43.3679,0.075385
0.713,43.4916,0.058639
0.713,43.6154,0.059117
0.713,43.7391,0.067214
0.713,43.8629,0.064386
0.713,43.9866,0.068668
0.713,44.1104,0.068627
0.713,44.2341,0.075462
0.713,44.3579,0.093942
0.713,44.4816,0.083443
0.713,44.6054,0.090635
0.713,44.7291,0.070793
0.713,44.8528,0.082285
0.713,44.9766,0.079233
0.713,45.1003,0.087462
0.713,45.2241,0.072826
0.713,45.3478,0.065756
0.713,45.4716,0.093733
0.713,45.5953,0.087433
0.713,45.7191,0.112073
0.713,45.8428,0.149945
0.713,45.9666,0.136506
0.713,46.0903,0.218657
0.713,46.214,0.266097
0.713,46.3378,0.305681
0.713,46.4615,0.40982
0.713,46.5853,0.459945
0.713,46.709,0.45503
0.713,46.8328,0.47284
0.713,46.9565,0.455873
0.713,47.0803,0.428771
0.713,47.204,0.352354
0.713,47.3278,0.292099
0.713,47.4515,0.222021
0.713,47.5753,0.144442
0.713,47.699,0.111106
0.713,47.8227,0.080916
0.713,47.9465,0.054844
0.713,48.0702,0.058618
0.713,48.194,0.065009
0.713,48.3177,0.05339
0.713,48.4415,0.06143
0.713,48.5652,0.02441
0.713,48.689,0.034352
0.713,48.8127,0.068586
0.713,48.9365,0.058153
0.713,49.0602,0.037997
0.713,49.1839,0.095529
0.713,49.3077,0.046965
0.713,49.4314,0.047457
0.713,49.5552,0.053502
0.713,49.6789,0.037728
0.713,49.8027,0.110416
0.713,49.9264,0.078019
0.713,50.0502,0.062267
0.713,50.1739,0.086703
0.713,50.2977,0.082919
0.713,50.4214,0.085555
0.713,50.5452,0.073247
0.713,50.6689,0.062171
0.713,50.7926,0.088194
0.713,50.9164,0.095983
0.713,51.0401,0.085615
0.713,51.1639,0.065359
0.713,51.2876,0.069698
0.713,51.4114,0.059662
0.713,51.5351,0.062017
0.713,51.6589,0.065276
0.713,51.7826,0.079003
0.713,51.9064,0.074443
0.713,52.0301,0.040982
0.713,52.1538,0.050204
0.713,52.2776,0.054816
0.713,52.4013,0.038875
0.713,52.5251,0.050447
0.713,52.6488,0.061829
0.713,52.7726,0.063825
0.713,52.8963,0.041164
0.713,53.0201,0.040275
0.713,53.1438,0.072476
0.713,53.2676,0.080827
0.713,53.3913,0.053765
0.713,53.5151,0.058552
0.713,53.6388,0.051858
0.713,53.7625,0.052455
0.713,53.8863,0.050149
0.713,54.01,0.054433
0.713,54.1338,0.057306
0.713,54.2575,0.046535
0.713,54.3813,0.052173
0.713,54.505,0.038981
0.713,54.6288,0.047582
0.713,54.7525,0.058874
0.713,54.8763,0.048195
0.713,55.0,0.070537
0.7217,18.0,0.058086
0.7217,18.1237,0.046433
0.7217,18.2475,0.071569
0.7217,18.3712,0.054957
0.7217,18.495,0.030152
0.7217,18.6187,0.047523
0.7217,18.7425,0.059692
0.7217,18.8662,0.059767
0.7217,18.99,0.070117
0.7217,19.1137,0.071152
0.7217,19.2375,0.091446
0.7217,19.3612,0.064128
0.7217,19.4849,0.052727
0.7217,19.6087,0.089691
0.7217,19.7324,0.078914
0.7217,19.8562,0.090379
0.7217,19.9799,0.081021
0.7217,20.1037,0.069003
0.7217,20.2274,0.064759
0.7217,20.3512,0.085238
0.7217,20.4749,0.079193
0.7217,20.5987,0.058462
0.7217,20.7224,0.072522
0.7217,20.8462,0.099713
0.7217,20.9699,0.092725
0.7217,21.0936,0.094775
0.7217,21.2174,0.079721
0.7217,21.3411,0.041173
0.7217,21.4649,0.061383
0.7217,21.5886,0.061089
0.7217,21.7124,0.065895
0.7217,21.8361,0.052394
0.7217,21.9599,0.083273
0.7217,22.0836,0.072271
0.7217,22.2074,0.029273
0.7217,22.3311,0.050759
0.7217,22.4548,0.034859
0.7217,22.5786,0.06268
0.7217,22.7023,0.026995
0.7217,22.8261,0.034816
0.7217,22.9498,0.040634
0.7217,23.0736,0.040872
0.7217,23.1973,0.048748
0.7217,23.3211,0.043321
0.7217,23.4448,0.026329
0.7217,23.5686,0.045919
0.7217,23.6923,0.038765
0.7217,23.8161,0.049885
0.7217,23.9398,0.051096
0.7217,24.0635,0.05582
0.7217,24.1873,0.065489
0.7217,24.311,0.039234
0.7217,24.4348,0.074272
0.7217,24.5585,0.05232
0.7217,24.6823,0.068911
0.7217,24.806,0.073148
0.7217,24.9298,0.07623
0.7217,25.0535,0.072988
0.7217,25.1773,0.081733
0.7217,25.301,0.06667
0.7217,25.4247,0.125071
0.7217,25.5485,0.183985
0.7217,25.6722,0.287288
0.7217,25.796,0.444283
0.7217,25.9197,0.60805
0.7217,26.0435,0.825584
0.7217,26.1672,1.00959
0.7217,26.291,1.133059
0.7217,26.4147,1.146855
0.7217,26.5385,1.004687
0.7217,26.6622,0.843782
0.7217,26.786,0.615085
0.7217,26.9097,0.436541
0.7217,27.0334,0.280701
0.7217,27.1572,0.198694
0.7217,27.2809,0.097163
0.7217,27.4047,0.084011
0.7217,27.5284,0.085675
0.7217,27.6522,0.054398
0.7217,27.7759,0.060201
0.7217,27.8997,0.033643
0.7217,28.0234,0.038473
0.7217,28.1472,0.041149
0.7217,28.2709,0.078975
0.7217,28.3946,0.061639
0.7217,28.5184,0.039572
0.7217,28.6421,0.048918
0.7217,28.7659,0.011404
0.7217,28.8896,0.051839
0.7217,29.0134,0.042083
0.7217,29.1371,0.03625
0.7217,29.2609,0.070551
0.7217,29.3846,0.03438
0.7217,29.5084,0.033034
0.7217,29.6321,0.058978
0.7217,29.7559,0.053557
0.7217,29.8796,0.061137
0.7217,30.0033,0.049318
0.7217,30.1271,0.050003
0.7217,30.2508,0.055918
0.7217,30.3746,0.057588
0.7217,30.4983,0.042256
0.7217,30.6221,0.061454
0.7217,30.7458,0.078823
0.7217,30.8696,0.067161
0.7217,30.9933,0.061645
0.7217,31.1171,0.068487
0.7217,31.2408,0.066187
0.7217,31.3645,0.056108
0.7217,31.4883,0.060762
0.7217,31.612,0.085114
0.7217,31.7358,0.068956
0.7217,31.8595,0.077691
0.7217,31.9833,0.080732
0.7217,32.107,0.070028
0.7217,32.2308,0.068808
0.7217,32.3545,0.084039
0.7217,32.4783,0.104662
0.7217,32.602,0.070527
0.7217,32.7258,0.131577
0.7217,32.8495,0.162745
0.7217,32.9732,0.180761
0.7217,33.097,0.214873
0.7217,33.2207,0.267703
0.7217,33.3445,0.3488
0.7217,33.4682,0.453136
0.7217,33.592,0.529233
0.7217,33.7157,0.618252
0.7217,33.8395,0.689793
0.7217,33.9632,0.743252
0.7217,34.087,0.751445
0.7217,34.2107,0.759888
0.7217,34.3344,0.726798
0.7217,34.4582,0.625845
0.7217,34.5819,0.569985
0.7217,34.7057,0.476732
0.7217,34.8294,0.394209
0.7217,34.9532,0.302962
0.7217,35.0769,0.219734
0.7217,35.2007,0.176031
0.7217,35.3244,0.147459
0.7217,35.4482,0.081756
0.7217,35.5719,0.063152
0.7217,35.6957,0.070843
0.7217,35.8194,0.05382
0.7217,35.9431,0.061903
0.7217,36.0669,0.066176
0.7217,36.1906,0.047446
0.7217,36.3144,0.094529
0.7217,36.4381,0.042244
0.7217,36.5619,0.064569
0.7217,36.6856,0.06391
0.7217,36.8094,0.047247
0.7217,36.9331,0.076641
0.7217,37.0569,0.060311
0.7217,37.1806,0.072097
0.7217,37.3043,0.091069
0.7217,37.4281,0.051554
0.7217,37.5518,0.07363
0.7217,37.6756,0.071823
0.7217,37.7993,0.075493
0.7217,37.9231,0.075517
0.7217,38.0468,0.074956
0.7217,38.1706,0.068463
0.7217,38.2943,0.053519
0.7217,38.4181,0.079546
0.7217,38.5418,0.107293
0.7217,38.6656,0.087544
0.7217,38.7893,0.087241
0.7217,38.913,0.062854
0.7217,39.0368,0.083207
0.7217,39.1605,0.074592
0.7217,39.2843,0.065779
0.7217,39.408,0.064418
0.7217,39.5318,0.069688
0.7217,39.6555,0.070569
0.7217,39.7793,0.059322
0.7217,39.903,0.079282
0.7217,40.0268,0.048259
0.7217,40.1505,0.024173
0.7217,40.2742,0.067088
0.7217,40.398,0.060629
0.7217,40.5217,0.060603
0.7217,40.6455,0.057641
0.7217,40.7692,0.038893
0.7217,40.893,0.058323
0.7217,41.0167,0.051839
0.7217,41.1405,0.053645
0.7217,41.2642,0.049501
0.7217,41.388,0.050776
0.7217,41.5117,0.024497
0.7217,41.6355,0.03059
0.7217,41.7592,0.05385
0.7217,41.8829,0.041541
0.7217,42.0067,0.060244
0.7217,42.1304,0.056741
0.7217,42.2542,0.04657
0.7217,42.3779,0.057695
0.7217,42.5017,0.053893
0.7217,42.6254,0.054127
0.7217,42.7492,0.053163
0.7217,42.8729,0.057701
0.7217,42.9967,0.041748
0.7217,43.1204,0.035507
0.7217,43.2441,0.05951
0.7217,43.3679,0.069489
0.7217,43.4916,0.057615
0.7217,43.6154,0.074795
0.7217,43.7391,0.0952
0.7217,43.8629,0.097978
0.7217,43.9866,0.068839
0.7217,44.1104,0.066939
0.7217,44.2341,0.085438
0.7217,44.3579,0.083338
0.7217,44.4816,0.066006
0.7217,44.6054,0.059667
0.7217,44.7291,0.07173
0.7217,44.8528,0.103015
0.7217,44.9766,0.074715
0.7217,45.1003,0.077099
0.7217,45.2241,0.081761
0.7217,45.3478,0.048109
0.7217,45.4716,0.084204
0.7217,45.5953,0.079617
0.7217,45.7191,0.095248
0.7217,45.8428,0.117193
0.7217,45.9666,0.136398
0.7217,46.0903,0.19556
0.7217,46.214,0.24903
0.7217,46.3378,0.31104
0.7217,46.4615,0.398721
0.7217,46.5853,0.43462
0.7217,46.709,0.49601
0.7217,46.8328,0.497318
0.7217,46.9565,0.464133
0.7217,47.0803,0.42046
0.7217,47.204,0.343853
0.7217,47.3278,0.287216
0.7217,47.4515,0.240749
0.7217,47.5753,0.161034
0.7217,47.699,0.117565
0.7217,47.8227,0.098912
0.7217,47.9465,0.073763
0.7217,48.0702,0.06034
0.7217,48.194,0.038071
0.7217,48.3177,0.040126
0.7217,48.4415,0.043506
0.7217,48.5652,0.055886
0.7217,48.689,0.08142
0.7217,48.8127,0.074885
0.7217,48.9365,0.076085
0.7217,49.0602,0.059576
0.7217,49.1839,0.05783
0.7217,49.3077,0.086175
0.7217,49.4314,0.076773
0.7217,49.5552,0.101891
0.7217,49.6789,0.064299
0.7217,49.8027,0.070692
0.7217,49.9264,0.08956
0.7217,50.0502,0.081304
0.7217,50.1739,0.079315
0.7217,50.2977,0.096091
0.7217,50.4214,0.093306
0.7217,50.5452,0.082795
0.7217,50.6689,0.072401
0.7217,50.7926,0.08725
0.7217,50.9164,0.072377
0.7217,51.0401,0.06907
0.7217,51.1639,0.098931
0.7217,51.2876,0.061555
0.7217,51.4114,0.083232
0.7217,51.5351,0.05378
0.7217,51.6589,0.082615
0.7217,51.7826,0.105881
0.7217,51.9064,0.052817
0.7217,52.0301,0.074399
0.7217,52.1538,0.035791
0.7217,52.2776,0.071342
0.7217,52.4013,0.05297
0.7217,52.5251,0.047214
0.7217,52.6488,0.04821
0.7217,52.7726,0.047453
0.7217,52.8963,0.040605
0.7217,53.0201,0.04913
0.7217,53.1438,0.059457
0.7217,53.2676,0.043425
0.7217,53.3913,0.059648
0.7217,53.5151,0.045499
0.7217,53.6388,0.049832
0.7217,53.7625,0.008387
0.7217,53.8863,0.02567
0.7217,54.01,0.054105
0.7217,54.1338,0.062409
0.7217,54.2575,0.040483
0.7217,54.3813,0.060904
0.7217,54.505,0.05649
0.7217,54.6288,0.050753
0.7217,54.7525,0.064998
0.7217,54.8763,0.044379
0.7217,55.0,0.054792
0.7304,18.0,0.071901
0.7304,18.1237,0.082514
0.7304,18.2475,0.04877
0.7304,18.3712,0.04904
0.7304,18.495,0.05827
0.7304,18.6187,0.069338
0.7304,18.7425,0.069584
0.7304,18.8662,0.061186
0.7304,18.99,0.093633
0.7304,19.1137,0.074668
0.7304,19.2375,0.101917
0.7304,19.3612,0.056993
0.7304,19.4849,0.083123
0.7304,19.6087,0.087935
0.7304,19.7324,0.090406
0.7304,19.8562,0.092325
0.7304,19.9799,0.071986
0.7304,20.1037,0.074003
0.7304,20.2274,0.059546
0.7304,20.3512,0.092142
0.7304,20.4749,0.08199
0.7304,20.5987,0.072188
0.7304,20.7224,0.078027
0.7304,20.8462,0.079493
0.7304,20.9699,0.096833
0.7304,21.0936,0.075966
0.7304,21.2174,0.054052
0.7304,21.3411,0.071814
0.7304,21.4649,0.044218
0.7304,21.5886,0.060238
0.7304,21.7124,0.069102
0.7304,21.8361,0.059226
0.7304,21.9599,0.083271
0.7304,22.0836,0.05454
0.7304,22.2074,0.040532
0.7304,22.3311,0.048686
0.7304,22.4548,0.032354
0.7304,22.5786,0.057558
0.7304,22.7023,0.062697
0.7304,22.8261,0.022777
0.7304,22.9498,0.021201
0.7304,23.0736,0.037418
0.7304,23.1973,0.042404
0.7304,23.3211,0.043716
0.7304,23.4448,0.036739
0.7304,23.5686,0.046566
0.7304,23.6923,0.049329
0.7304,23.8161,0.063671
0.7304,23.9398,0.064165
0.7304,24.0635,0.048603
0.7304,24.1873,0.04417
0.7304,24.311,0.06618
0.7304,24.4348,0.058904
0.7304,24.5585,0.064472
0.7304,24.6823,0.086111
0.7304,24.806,0.083287
0.7304,24.9298,0.062783
0.7304,25.0535,0.078978
0.7304,25.1773,0.09079
0.7304,25.301,0.096893
0.7304,25.4247,0.132393
0.7304,25.5485,0.178624
0.7304,25.6722,0.286609
0.7304,25.796,0.420509
0.7304,25.9197,0.599525
0.7304,26.0435,0.805685
0.7304,26.1672,0.985878
0.7304,26.291,1.114665
0.7304,26.4147,1.110721
0.7304,26.5385,1.03272
0.7304,26.6622,0.85792
0.7304,26.786,0.646113
0.7304,26.9097,0.477553
0.7304,27.0334,0.301119
0.7304,27.1572,0.199422
0.7304,27.2809,0.123058
0.7304,27.4047,0.09243
0.7304,27.5284,0.081747
0.7304,27.6522,0.043459
0.7304,27.7759,0.07169
0.7304,27.8997,0.06876
0.7304,28.0234,0.054711
0.7304,28.1472,0.035825
0.7304,28.2709,0.086789
0.7304,28.3946,0.056204
0.7304,28.5184,0.066975
0.7304,28.6421,0.067187
0.7304,28.7659,0.04764
0.7304,28.8896,0.052901
0.7304,29.0134,0.052337
0.7304,29.1371,0.030927
0.7304,29.2609,0.026806
0.7304,29.3846,0.055094
0.7304,29.5084,0.078069
0.7304,29.6321,0.048822
0.7304,29.7559,0.056017
0.7304,29.8796,0.033495
0.7304,30.0033,0.056535
0.7304,30.1271,0.051068
0.7304,30.2508,0.079081
0.7304,30.3746,0.051417
0.7304,30.4983,0.05017
0.7304,30.6221,0.065028
0.7304,30.7458,0.0653
0.7304,30.8696,0.070397
0.7304,30.9933,0.086866
0.7304,31.1171,0.072476
0.7304,31.2408,0.059552
0.7304,31.3645,0.073645
0.7304,31.4883,0.075611
0.7304,31.612,0.06496
0.7304,31.7358,0.080891
0.7304,31.8595,0.090329
0.7304,31.9833,0.061641
0.7304,32.107,0.076783
0.7304,32.2308,0.08415
0.7304,32.3545,0.055688
0.7304,32.4783,0.093209
0.7304,32.602,0.09864
0.7304,32.7258,0.125782
0.7304,32.8495,0.131281
0.7304,32.9732,0.196567
0.7304,33.097,0.216474
0.7304,33.2207,0.270436
0.7304,33.3445,0.376113
0.7304,33.4682,0.44821
0.7304,33.592,0.554606
0.7304,33.7157,0.621675
0.7304,33.8395,0.669257
0.7304,33.9632,0.740563
0.7304,34.087,0.740798
0.7304,34.2107,0.732532
0.7304,34.3344,0.702274
0.7304,34.4582,0.632725
0.7304,34.5819,0.563499
0.7304,34.7057,0.459529
0.7304,34.8294,0.349214
0.7304,34.9532,0.27621
0.7304,35.0769,0.230028
0.7304,35.2007,0.17778
0.7304,35.3244,0.119977
0.7304,35.4482,0.105524
0.7304,35.5719,0.086807
0.7304,35.6957,0.073216
0.7304,35.8194,0.056924
0.7304,35.9431,0.062098
0.7304,36.0669,0.04847
0.7304,36.1906,0.05503
0.7304,36.3144,0.041144
0.7304,36.4381,0.066943
0.7304,36.5619,0.065578
0.7304,36.6856,0.049551
0.7304,36.8094,0.077208
0.7304,36.9331,0.061773
0.7304,37.0569,0.051564
0.7304,37.1806,0.072198
0.7304,37.3043,0.081929
0.7304,37.4281,0.097259
0.7304,37.5518,0.083806
0.7304,37.6756,0.064187
0.7304,37.7993,0.076344
0.7304,37.9231,0.069967
0.7304,38.0468,0.058562
0.7304,38.1706,0.09931
0.7304,38.2943,0.079803
0.7304,38.4181,0.072658
0.7304,38.5418,0.08554
0.7304,38.6656,0.070719
0.7304,38.7893,0.076296
0.7304,38.913,0.079844
0.7304,39.0368,0.072816
0.7304,39.1605,0.075773
0.7304,39.2843,0.057688
0.7304,39.408,0.067471
0.7304,39.5318,0.069436
0.7304,39.6555,0.071971
0.7304,39.7793,0.073918
0.7304,39.903,0.064007
0.7304,40.0268,0.061482
0.7304,40.1505,0.065428
0.7304,40.2742,0.054329
0.7304,40.398,0.037355
0.7304,40.5217,0.04601
0.7304,40.6455,0.065394
0.7304,40.7692,0.028114
0.7304,40.893,0.05288
0.7304,41.0167,0.045515
0.7304,41.1405,0.059818
0.7304,41.2642,0.03233
0.7304,41.388,0.056965
0.7304,41.5117,0.043244
0.7304,41.6355,0.038768
0.7304,41.7592,0.03308
0.7304,41.8829,0.035824
0.7304,42.0067,0.043739
0.7304,42.1304,0.060408
0.7304,42.2542,0.059569
0.7304,42.3779,0.060398
0.7304,42.5017,0.049186
0.7304,42.6254,0.068371
0.7304,42.7492,0.075715
0.7304,42.8729,0.082078
0.7304,42.9967,0.048184
0.7304,43.1204,0.078593
0.7304,43.2441,0.059943
0.7304,43.3679,0.100483
0.7304,43.4916,0.073705
0.7304,43.6154,0.084114
0.7304,43.7391,0.071939
0.7304,43.8629,0.099139
0.7304,43.9866,0.098655
0.7304,44.1104,0.087844
0.7304,44.2341,0.090133
0.7304,44.3579,0.077458
0.7304,44.4816,0.071483
0.7304,44.6054,0.094437
0.7304,44.7291,0.077186
0.7304,44.8528,0.086215
0.7304,44.9766,0.080535
0.7304,45.1003,0.075671
0.7304,45.2241,0.085886
0.7304,45.3478,0.059915
0.7304,45.4716,0.051241
0.7304,45.5953,0.089952
0.7304,45.7191,0.082423
0.7304,45.8428,0.128737
0.7304,45.9666,0.160519
0.7304,46.0903,0.216071
0.7304,46.214,0.265926
0.7304,46.3378,0.36219
0.7304,46.4615,0.404339
0.7304,46.5853,0.440043
0.7304,46.709,0.48104
0.7304,46.8328,0.475678
0.7304,46.9565,0.479137
0.7304,47.0803,0.414175
0.7304,47.204,0.349483
0.7304,47.3278,0.295786
0.7304,47.4515,0.234077
0.7304,47.5753,0.172492
0.7304,47.699,0.109758
0.7304,47.8227,0.066758
0.7304,47.9465,0.072519
0.7304,48.0702,0.06588
0.7304,48.194,0.051666
0.7304,48.3177,0.05893
0.7304,48.4415,0.055795
0.7304,48.5652,0.069892
0.7304,48.689,0.03874
0.7304,48.8127,0.063654
0.7304,48.9365,0.083105
0.7304,49.0602,0.043866
0.7304,49.1839,0.065856
0.7304,49.3077,0.073375
0.7304,49.4314,0.063976
0.7304,49.5552,0.05839
0.7304,49.6789,0.076349
0.7304,49.8027,0.073746
0.7304,49.9264,0.07141
0.7304,50.0502,0.07228
0.7304,50.1739,0.056392
0.7304,50.2977,0.074768
0.7304,50.4214,0.100048
0.7304,50.5452,0.080313
0.7304,50.6689,0.072548
0.7304,50.7926,0.087804
0.7304,50.9164,0.069629
0.7304,51.0401,0.057263
0.7304,51.1639,0.068167
0.7304,51.2876,0.079839
0.7304,51.4114,0.062723
0.7304,51.5351,0.069267
0.7304,51.6589,0.053874
0.7304,51.7826,0.05588
0.7304,51.9064,0.042324
0.7304,52.0301,0.073834
0.7304,52.1538,0.053249
0.7304,52.2776,0.024244
0.7304,52.4013,0.052427
0.7304,52.5251,0.033446
0.7304,52.6488,0.047621
0.7304,52.7726,0.044443
0.7304,52.8963,0.041105
0.7304,53.0201,0.048795
0.7304,53.1438,0.028804
0.7304,53.2676,0.031181
0.7304,53.3913,0.03121
0.7304,53.5151,0.04004
0.7304,53.6388,0.051717
0.7304,53.7625,0.033308
0.7304,53.8863,0.062521
0.7304,54.01,0.056813
0.7304,54.1338,0.054414
0.7304,54.2575,0.04359
0.7304,54.3813,0.047481
0.7304,54.505,0.051951
0.7304,54.6288,0.07899
0.7304,54.7525,0.041394
0.7304,54.8763,0.045808
0.7304,55.0,0.055067
0.7391,18.0,0.040391
0.7391,18.1237,0.071578
0.7391,18.2475,0.065161
0.7391,18.3712,0.062595
0.7391,18.495,0.051775
0.7391,18.6187,0.040712
0.7391,18.7425,0.079502
0.7391,18.8662,0.061581
0.7391,18.99,0.053741
0.7391,19.1137,0.065738
0.7391,19.2375,0.079699
0.7391,19.3612,0.09608
0.7391,19.4849,0.075927
0.7391,19.6087,0.065405
0.7391,19.7324,0.056327
0.7391,19.8562,0.096621
0.7391,19.9799,0.101542
0.7391,20.1037,0.08454
0.7391,20.2274,0.077791
0.7391,20.3512,0.067413
0.7391,20.4749,0.071129
0.7391,20.5987,0.063339
0.7391,20.7224,0.05774
0.7391,20.8462,0.079807
0.7391,20.9699,0.071111
0.7391,21.0936,0.074031
0.7391,21.2174,0.050709
0.7391,21.3411,0.079723
0.7391,21.4649,0.051827
0.7391,21.5886,0.059561
0.7391,21.7124,0.04256
0.7391,21.8361,0.05466
0.7391,21.9599,0.050275
0.7391,22.0836,0.05729
0.7391,22.2074,0.02548
0.7391,22.3311,0.035507
0.7391,22.4548,0.052125
0.7391,22.5786,0.02571
0.7391,22.7023,0.065391
0.7391,22.8261,0.040499
0.7391,22.9498,0.046213
0.7391,23.0736,0.029581
0.7391,23.1973,0.056189
0.7391,23.3211,0.040693
0.7391,23.4448,0.063994
0.7391,23.5686,0.060513
0.7391,23.6923,0.041862
0.7391,23.8161,0.036911
0.7391,23.9398,0.066467
0.7391,24.0635,0.069592
0.7391,24.1873,0.050041
0.7391,24.311,0.038918
0.7391,24.4348,0.059673
0.7391,24.5585,0.065142
0.7391,24.6823,0.076207
0.7391,24.806,0.07886
0.7391,24.9298,0.064574
0.7391,25.0535,0.056036
0.7391,25.1773,0.067608
0.7391,25.301,0.086769
0.7391,25.4247,0.11202
0.7391,25.5485,0.181989
0.7391,25.6722,0.229023
0.7391,25.796,0.372622
0.7391,25.9197,0.562831
0.7391,26.0435,0.785899
0.7391,26.1672,0.946183
0.7391,26.291,1.107692
0.7391,26.4147,1.107452
0.7391,26.5385,1.050685
0.7391,26.6622,0.884195
0.7391,26.786,0.679627
0.7391,26.9097,0.497916
0.7391,27.0334,0.328225
0.7391,27.1572,0.234153
0.7391,27.2809,0.144177
0.7391,27.4047,0.113002
0.7391,27.5284,0.066386
0.7391,27.6522,0.060264
0.7391,27.7759,0.059884
0.7391,27.8997,0.075099
0.7391,28.0234,0.063692
0.7391,28.1472,0.040672
0.7391,28.2709,0.066452
0.7391,28.3946,0.045865
0.7391,28.5184,0.058507
0.7391,28.6421,0.045299
0.7391,28.7659,0.04451
0.7391,28.8896,0.036639
0.7391,29.0134,0.057521
0.7391,29.1371,0.03641
0.7391,29.2609,0.042206
0.7391,29.3846,0.060355
0.7391,29.5084,0.058007
0.7391,29.6321,0.037349
0.7391,29.7559,0.041709
0.7391,29.8796,0.034365
0.7391,30.0033,0.041496
0.7391,30.1271,0.054773
0.7391,30.2508,0.038022
0.7391,30.3746,0.063733
0.7391,30.4983,0.06024
0.7391,30.6221,0.073795
0.7391,30.7458,0.079321
0.7391,30.8696,0.050733
0.7391,30.9933,0.068522
0.7391,31.1171,0.091515
0.7391,31.2408,0.078828
0.7391,31.3645,0.059459
0.7391,31.4883,0.091871
0.7391,31.612,0.069164
0.7391,31.7358,0.073921
0.7391,31.8595,0.076304
0.7391,31.9833,0.094525
0.7391,32.107,0.084454
0.7391,32.2308,0.062775
0.7391,32.3545,0.087475
0.7391,32.4783,0.097818
0.7391,32.602,0.101982
0.7391,32.7258,0.116725
0.7391,32.8495,0.140363
0.7391,32.9732,0.177231
0.7391,33.097,0.21707
0.7391,33.2207,0.283463
0.7391,33.3445,0.35767
0.7391,33.4682,0.45917
0.7391,33.592,0.531121
0.7391,33.7157,0.638764
0.7391,33.8395,0.684644
0.7391,33.9632,0.776645
0.7391,34.087,0.729353
0.7391,34.2107,0.758753
0.7391,34.3344,0.698033
0.7391,34.4582,0.637567
0.7391,34.5819,0.530633
0.7391,34.7057,0.46216
0.7391,34.8294,0.369379
0.7391,34.9532,0.280845
0.7391,35.0769,0.228101
0.7391,35.2007,0.13857
0.7391,35.3244,0.127407
0.7391,35.4482,0.098868
0.7391,35.5719,0.066735
0.7391,35.6957,0.094159
0.7391,35.8194,0.052048
0.7391,35.9431,0.057519
0.7391,36.0669,0.059554
0.7391,36.1906,0.032451
0.7391,36.3144,0.056052
0.7391,36.4381,0.064851
0.7391,36.5619,0.049105
0.7391,36.6856,0.073368
0.7391,36.8094,0.069143
0.7391,36.9331,0.087757
0.7391,37.0569,0.085511
0.7391,37.1806,0.045755
0.7391,37.3043,0.091647
0.7391,37.4281,0.071048
0.7391,37.5518,0.099424
0.7391,37.6756,0.051907
0.7391,37.7993,0.052293
0.7391,37.9231,0.057916
0.7391,38.0468,0.08286
0.7391,38.1706,0.09864
0.7391,38.2943,0.080126
0.7391,38.4181,0.081551
0.7391,38.5418,0.073116
0.7391,38.6656,0.046357
0.7391,38.7893,0.083498
0.7391,38.913,0.10132
0.7391,39.0368,0.082452
0.7391,39.1605,0.080704
0.7391,39.2843,0.057595
0.7391,39.408,0.081423
0.7391,39.5318,0.063239
0.7391,39.6555,0.046148
0.7391,39.7793,0.073392
0.7391,39.903,0.049426
0.7391,40.0268,0.050312
0.7391,40.1505,0.025646
0.7391,40.2742,0.074088
0.7391,40.398,0.054695
0.7391,40.5217,0.039964
0.7391,40.6455,0.057654
0.7391,40.7692,0.053986
0.7391,40.893,0.063195
0.7391,41.0167,0.01719
0.7391,41.1405,0.062746
0.7391,41.2642,0.046576
0.7391,41.388,0.047072
0.7391,41.5117,0.047449
0.7391,41.6355,0.025503
0.7391,41.7592,0.046127
0.7391,41.8829,0.064071
0.7391,42.0067,0.064916
0.7391,42.1304,0.073949
0.7391,42.2542,0.049424
0.7391,42.3779,0.078624
0.7391,42.5017,0.057704
0.7391,42.6254,0.07977
0.7391,42.7492,0.045743
0.7391,42.8729,0.074986
0.7391,42.9967,0.057491
0.7391,43.1204,0.069581
0.7391,43.2441,0.059883
0.7391,43.3679,0.064427
0.7391,43.4916,0.073862
0.7391,43.6154,0.056891
0.7391,43.7391,0.082034
0.7391,43.8629,0.105079
0.7391,43.9866,0.090028
0.7391,44.1104,0.063154
0.7391,44.2341,0.061275
0.7391,44.3579,0.076192
0.7391,44.4816,0.082404
0.7391,44.6054,0.089356
0.7391,44.7291,0.06727
0.7391,44.8528,0.071579
0.7391,44.9766,0.082583
0.7391,45.1003,0.108708
0.7391,45.2241,0.064596
0.7391,45.3478,0.076883
0.7391,45.4716,0.075422
0.7391,45.5953,0.082793
0.7391,45.7191,0.102092
0.7391,45.8428,0.121268
0.7391,45.9666,0.149224
0.7391,46.0903,0.192932
0.7391,46.214,0.257887
0.7391,46.3378,0.339246
0.7391,46.4615,0.387039
0.7391,46.5853,0.43664
0.7391,46.709,0.491371
0.7391,46.8328,0.49303
0.7391,46.9565,0.459933
0.7391,47.0803,0.409951
0.7391,47.204,0.332602
0.7391,47.3278,0.291071
0.7391,47.4515,0.217746
0.7391,47.5753,0.181105
0.7391,47.699,0.137193
0.7391,47.8227,0.084041
0.7391,47.9465,0.092192
0.7391,48.0702,0.059138
0.7391,48.194,0.058349
0.7391,48.3177,0.054381
0.7391,48.4415,0.067156
0.7391,48.5652,0.038859
0.7391,48.689,0.072679
0.7391,48.8127,0.055071
0.7391,48.9365,0.072873
0.7391,49.0602,0.060468
0.7391,49.1839,0.058124
0.7391,49.3077,0.073895
0.7391,49.4314,0.063053
0.7391,49.5552,0.081287
0.7391,49.6789,0.072063
0.7391,49.8027,0.059216
0.7391,49.9264,0.073931
0.7391,50.0502,0.071554
0.7391,50.1739,0.083029
0.7391,50.2977,0.089501
0.7391,50.4214,0.085716
0.7391,50.5452,0.066848
0.7391,50.6689,0.061077
0.7391,50.7926,0.051799
0.7391,50.9164,0.07532
0.7391,51.0401,0.084567
0.7391,51.1639,0.083124
0.7391,51.2876,0.086227
0.7391,51.4114,0.066416
0.7391,51.5351,0.06691
0.7391,51.6589,0.046794
0.7391,51.7826,0.060885
0.7391,51.9064,0.063256
0.7391,52.0301,0.060812
0.7391,52.1538,0.042761
0.7391,52.2776,0.030639
0.7391,52.4013,0.039317
0.7391,52.5251,0.045791
0.7391,52.6488,0.047541
0.7391,52.7726,0.049155
0.7391,52.8963,0.038912
0.7391,53.0201,0.042617
0.7391,53.1438,0.045744
0.7391,53.2676,0.047984
0.7391,53.3913,0.044391
0.7391,53.5151,0.051753
0.7391,53.6388,0.039004
0.7391,53.7625,0.043331
0.7391,53.8863,0.032968
0.7391,54.01,0.059278
0.7391,54.1338,0.047153
0.7391,54.2575,0.049591
0.7391,54.3813,0.037593
0.7391,54.505,0.072351
0.7391,54.6288,0.079667
0.7391,54.7525,0.06863
0.7391,54.8763,0.075086
0.7391,55.0,0.075959
0.7478,18.0,0.054217
0.7478,18.1237,0.046349
0.7478,18.2475,0.056709
0.7478,18.3712,0.067797
0.7478,18.495,0.053289
0.7478,18.6187,0.071019
0.7478,18.7425,0.087015
0.7478,18.8662,0.048113
0.7478,18.99,0.080606
0.7478,19.1137,0.063403
0.7478,19.2375,0.08456
0.7478,19.3612,0.088272
0.7478,19.4849,0.080021
0.7478,19.6087,0.080331
0.7478,19.7324,0.086682
0.7478,19.8562,0.074159
0.7478,19.9799,0.086887
0.7478,20.1037,0.084797
0.7478,20.2274,0.077371
0.7478,20.3512,0.088168
0.7478,20.4749,0.066678
0.7478,20.5987,0.074175
0.7478,20.7224,0.089116
0.7478,20.8462,0.111378
0.7478,20.9699,0.073995
0.7478,21.0936,0.052121
0.7478,21.2174,0.074048
0.7478,21.3411,0.051302
0.7478,21.4649,0.056394
0.7478,21.5886,0.047221
0.7478,21.7124,0.061901
0.7478,21.8361,0.040986
0.7478,21.9599,0.042901
0.7478,22.0836,0.055056
0.7478,22.2074,0.069275
0.7478,22.3311,0.039474
0.7478,22.4548,0.052592
0.7478,22.5786,0.066582
0.7478,22.7023,0.050835
0.7478,22.8261,0.061922
0.7478,22.9498,0.038202
0.7478,23.0736,0.056633
0.7478,23.1973,0.059516
0.7478,23.3211,0.03676
0.7478,23.4448,0.048617
0.7478,23.5686,0.031175
0.7478,23.6923,0.030238
0.7478,23.8161,0.04686
0.7478,23.9398,0.0411
0.7478,24.0635,0.06311
0.7478,24.1873,0.046286
0.7478,24.311,0.071279
0.7478,24.4348,0.047041
0.7478,24.5585,0.073374
0.7478,24.6823,0.072736
0.7478,24.806,0.056433
0.7478,24.9298,0.086222
0.7478,25.0535,0.071914
0.7478,25.1773,0.064648
0.7478,25.301,0.110056
0.7478,25.4247,0.11784
0.7478,25.5485,0.149947
0.7478,25.6722,0.235111
0.7478,25.796,0.343888
0.7478,25.9197,0.512635
0.7478,26.0435,0.721049
0.7478,26.1672,0.901953
0.7478,26.291,1.089741
0.7478,26.4147,1.124434
0.7478,26.5385,1.065591
0.7478,26.6622,0.93384
0.7478,26.786,0.717163
0.7478,26.9097,0.528073
0.7478,27.0334,0.340223
0.7478,27.1572,0.220246
0.7478,27.2809,0.133076
0.7478,27.4047,0.129698
0.7478,27.5284,0.075299
0.7478,27.6522,0.066796
0.7478,27.7759,0.0639
0.7478,27.8997,0.062362
0.7478,28.0234,0.054059
0.7478,28.1472,0.073848
0.7478,28.2709,0.037512
0.7478,28.3946,0.061109
0.7478,28.5184,0.04892
0.7478,28.6421,0.029514
0.7478,28.7659,0.033802
0.7478,28.8896,0.032511
0.7478,29.0134,0.037002
0.7478,29.1371,0.050293
0.7478,29.2609,0.025082
0.7478,29.3846,0.019076
0.7478,29.5084,0.043607
0.7478,29.6321,0.059449
0.7478,29.7559,0.033115
0.7478,29.8796,0.067174
0.7478,30.0033,0.063058
0.7478,30.1271,0.054913
0.7478,30.2508,0.053893
0.7478,30.3746,0.052064
0.7478,30.4983,0.080469
0.7478,30.6221,0.057999
0.7478,30.7458,0.089218
0.7478,30.8696,0.075738
0.7478,30.9933,0.094446
0.7478,31.1171,0.075653
0.7478,31.2408,0.094536
0.7478,31.3645,0.069762
0.7478,31.4883,0.074918
0.7478,31.612,0.096982
0.7478,31.7358,0.065612
0.7478,31.8595,0.073116
0.7478,31.9833,0.096222
0.7478,32.107,0.076013
0.7478,32.2308,0.100501
0.7478,32.3545,0.103934
0.7478,32.4783,0.099997
0.7478,32.602,0.121183
0.7478,32.7258,0.117078
0.7478,32.8495,0.177468
0.7478,32.9732,0.190873
0.7478,33.097,0.23438
0.7478,33.2207,0.323046
0.7478,33.3445,0.399003
0.7478,33.4682,0.471041
0.7478,33.592,0.519876
0.7478,33.7157,0.635737
0.7478,33.8395,0.696499
0.7478,33.9632,0.749647
0.7478,34.087,0.752016
0.7478,34.2107,0.710637
0.7478,34.3344,0.715243
0.7478,34.4582,0.641129
0.7478,34.5819,0.525118
0.7478,34.7057,0.447023
0.7478,34.8294,0.362132
0.7478,34.9532,0.265039
0.7478,35.0769,0.192221
0.7478,35.2007,0.174265
0.7478,35.3244,0.136227
0.7478,35.4482,0.082275
0.7478,35.5719,0.080447
0.7478,35.6957,0.050656
0.7478,35.8194,0.057442
0.7478,35.9431,0.080276
0.7478,36.0669,0.067107
0.7478,36.1906,0.057662
0.7478,36.3144,0.042964
0.7478,36.4381,0.074729
0.7478,36.5619,0.060379
0.7478,36.6856,0.072627
0.7478,36.8094,0.064167
0.7478,36.9331,0.056988
0.7478,37.0569,0.057375
0.7478,37.1806,0.065296
0.7478,37.3043,0.073444
0.7478,37.4281,0.081289
0.7478,37.5518,0.074188
0.7478,37.6756,0.06984
0.7478,37.7993,0.089445
0.7478,37.9231,0.084081
0.7478,38.0468,0.070671
0.7478,38.1706,0.063312
0.7478,38.2943,0.098165
0.7478,38.4181,0.086835
0.7478,38.5418,0.086289
0.7478,38.6656,0.068787
0.7478,38.7893,0.035512
0.7478,38.913,0.085064
0.7478,39.0368,0.062277
0.7478,39.1605,0.061089
0.7478,39.2843,0.059388
0.7478,39.408,0.071271
0.7478,39.5318,0.060316
0.7478,39.6555,0.068637
0.7478,39.7793,0.070239
0.7478,39.903,0.09143
0.7478,40.0268,0.021164
0.7478,40.1505,0.049139
0.7478,40.2742,0.044569
0.7478,40.398,0.051923
0.7478,40.5217,0.044716
0.7478,40.6455,0.045782
0.7478,40.7692,0.033698
0.7478,40.893,0.045285
0.7478,41.0167,0.036335
0.7478,41.1405,0.044712
0.7478,41.2642,0.040025
0.7478,41.388,0.03402
0.7478,41.5117,0.049309
0.7478,41.6355,0.042014
0.7478,41.7592,0.046139
0.7478,41.8829,0.0769
0.7478,42.0067,0.060947
0.7478,42.1304,0.034976
0.7478,42.2542,0.052612
0.7478,42.3779,0.065883
0.7478,42.5017,0.075598
0.7478,42.6254,0.062842
0.7478,42.7492,0.040721
0.7478,42.8729,0.072234
0.7478,42.9967,0.065595
0.7478,43.1204,0.058524
0.7478,43.2441,0.071587
0.7478,43.3679,0.094287
0.7478,43.4916,0.056986
0.7478,43.6154,0.089907
0.7478,43.7391,0.080168
0.7478,43.8629,0.08658
0.7478,43.9866,0.063802
0.7478,44.1104,0.065651
0.7478,44.2341,0.093231
0.7478,44.3579,0.080464
0.7478,44.4816,0.067625
0.7478,44.6054,0.092293
0.7478,44.7291,0.115689
0.7478,44.8528,0.069765
0.7478,44.9766,0.083972
0.7478,45.1003,0.068465
0.7478,45.2241,0.08762
0.7478,45.3478,0.078847
0.7478,45.4716,0.066442
0.7478,45.5953,0.072259
0.7478,45.7191,0.099123
0.7478,45.8428,0.14797
0.7478,45.9666,0.158927
0.7478,46.0903,0.240132
0.7478,46.214,0.273872
0.7478,46.3378,0.335527
0.7478,46.4615,0.397046
0.7478,46.5853,0.457702
0.7478,46.709,0.489476
0.7478,46.8328,0.488054
0.7478,46.9565,0.473647
0.7478,47.0803,0.434242
0.7478,47.204,0.349897
0.7478,47.3278,0.300075
0.7478,47.4515,0.214313
0.7478,47.5753,0.19225
0.7478,47.699,0.094346
0.7478,47.8227,0.097475
0.7478,47.9465,0.087344
0.7478,48.0702,0.05753
0.7478,48.194,0.052157
0.7478,48.3177,0.076423
0.7478,48.4415,0.039512
0.7478,48.5652,0.061103
0.7478,48.689,0.070439
0.7478,48.8127,0.079596
0.7478,48.9365,0.063757
0.7478,49.0602,0.065997
0.7478,49.1839,0.075441
0.7478,49.3077,0.084071
0.7478,49.4314,0.074992
0.7478,49.5552,0.071395
0.7478,49.6789,0.087449
0.7478,49.8027,0.069282
0.7478,49.9264,0.069085
0.7478,50.0502,0.049007
0.7478,50.1739,0.076512
0.7478,50.2977,0.098467
0.7478,50.4214,0.081129
0.7478,50.5452,0.088563
0.7478,50.6689,0.081238
0.7478,50.7926,0.069108
0.7478,50.9164,0.100086
0.7478,51.0401,0.063235
0.7478,51.1639,0.061789
0.7478,51.2876,0.080792
0.7478,51.4114,0.052821
0.7478,51.5351,0.07295
0.7478,51.6589,0.06066
0.7478,51.7826,0.098212
0.7478,51.9064,0.061471
0.7478,52.0301,0.031626
0.7478,52.1538,0.058469
0.7478,52.2776,0.005128
0.7478,52.4013,0.065499
0.7478,52.5251,0.04993
0.7478,52.6488,0.051514
0.7478,52.7726,0.070783
0.7478,52.8963,0.045088
0.7478,53.0201,0.049456
0.7478,53.1438,0.069522
0.7478,53.2676,0.066358
0.7478,53.3913,0.039895
0.7478,53.5151,0.03261
0.7478,53.6388,0.056248
0.7478,53.7625,0.05892
0.7478,53.8863,0.060225
0.7478,54.01,0.065747
0.7478,54.1338,0.075797
0.7478,54.2575,0.052484
0.7478,54.3813,0.051032
0.7478,54.505,0.05573
0.7478,54.6288,0.087874
0.7478,54.7525,0.0592
0.7478,54.8763,0.091698
0.7478,55.0,0.055289
0.7565,18.0,0.060898
0.7565,18.1237,0.055801
0.7565,18.2475,0.068213
0.7565,18.3712,0.073132
0.7565,18.495,0.04821
0.7565,18.6187,0.057779
0.7565,18.7425,0.060949
0.7565,18.8662,0.050404
0.7565,18.99,0.084149
0.7565,19.1137,0.06408
0.7565,19.2375,0.071769
0.7565,19.3612,0.055741
0.7565,19.4849,0.089973
0.7565,19.6087,0.077984
0.7565,19.7324,0.079761
0.7565,19.8562,0.097745
0.7565,19.9799,0.084637
0.7565,20.1037,0.06347
0.7565,20.2274,0.090354
0.7565,20.3512,0.07441
0.7565,20.4749,0.077403
0.7565,20.5987,0.08687
0.7565,20.7224,0.07124
0.7565,20.8462,0.071985
0.7565,20.9699,0.059609
0.7565,21.0936,0.073472
0.7565,21.2174,0.046203
0.7565,21.3411,0.080281
0.7565,21.4649,0.063981
0.7565,21.5886,0.056758
0.7565,21.7124,0.053335
0.7565,21.8361,0.057726
0.7565,21.9599,0.032688
0.7565,22.0836,0.08206
0.7565,22.2074,0.060762
0.7565,22.3311,0.048716
0.7565,22.4548,0.040111
0.7565,22.5786,0.049782
0.7565,22.7023,0.049623
0.7565,22.8261,0.058436
0.7565,22.9498,0.05791
0.7565,23.0736,0.046903
0.7565,23.1973,0.043196
0.7565,23.3211,0.051257
0.7565,23.4448,0.052842
0.7565,23.5686,0.054139
0.7565,23.6923,0.0495
0.7565,23.8161,0.046012
0.7565,23.9398,0.041612
0.7565,24.0635,0.063145
0.7565,24.1873,0.062904
0.7565,24.311,0.06277
0.7565,24.4348,0.06531
0.7565,24.5585,0.055606
0.7565,24.6823,0.064469
0.7565,24.806,0.069471
0.7565,24.9298,0.080943
0.7565,25.0535,0.085123
0.7565,25.1773,0.088391
0.7565,25.301,0.068592
0.7565,25.4247,0.119385
0.7565,25.5485,0.161657
0.7565,25.6722,0.229439
0.7565,25.796,0.321345
0.7565,25.9197,0.486708
0.7565,26.0435,0.682787
0.7565,26.1672,0.881861
0.7565,26.291,1.06883
0.7565,26.4147,1.105812
0.7565,26.5385,1.094615
0.7565,26.6622,0.942072
0.7565,26.786,0.766067
0.7565,26.9097,0.557851
0.7565,27.0334,0.38696
0.7565,27.1572,0.233001
0.7565,27.2809,0.180179
0.7565,27.4047,0.121576
0.7565,27.5284,0.068672
0.7565,27.6522,0.068854
0.7565,27.7759,0.058954
0.7565,27.8997,0.039833
0.7565,28.0234,0.035651
0.7565,28.1472,0.071451
0.7565,28.2709,0.056986
0.7565,28.3946,0.053743
0.7565,28.5184,0.033383
0.7565,28.6421,0.05333
0.7565,28.7659,0.046977
0.7565,28.8896,0.024088
0.7565,29.0134,0.037238
0.7565,29.1371,0.03458
0.7565,29.2609,0.071356
0.7565,29.3846,0.045265
0.7565,29.5084,0.041598
0.7565,29.6321,0.043003
0.7565,29.7559,0.033264
0.7565,29.8796,0.054064
0.7565,30.0033,0.062656
0.7565,30.1271,0.062196
0.7565,30.2508,0.054571
0.7565,30.3746,0.060064
0.7565,30.4983,0.070113
0.7565,30.6221,0.066269
0.7565,30.7458,0.075923
0.7565,30.8696,0.083985
0.7565,30.9933,0.074285
0.7565,31.1171,0.071258
0.7565,31.2408,0.078343
0.7565,31.3645,0.11067
0.7565,31.4883,0.078989
0.7565,31.612,0.099137
0.7565,31.7358,0.099373
0.7565,31.8595,0.075303
0.7565,31.9833,0.082479
0.7565,32.107,0.059526
0.7565,32.2308,0.081271
0.7565,32.3545,0.100328
0.7565,32.4783,0.0693
0.7565,32.602,0.104937
0.7565,32.7258,0.102962
0.7565,32.8495,0.145271
0.7565,32.9732,0.172599
0.7565,33.097,0.263591
0.7565,33.2207,0.315933
0.7565,33.3445,0.375523
0.7565,33.4682,0.475348
0.7565,33.592,0.557565
0.7565,33.7157,0.651045
0.7565,33.8395,0.682782
0.7565,33.9632,0.748948
0.7565,34.087,0.741306
0.7565,34.2107,0.726558
0.7565,34.3344,0.680658
0.7565,34.4582,0.606556
0.7565,34.5819,0.549584
0.7565,34.7057,0.427933
0.7565,34.8294,0.324176
0.7565,34.9532,0.271033
0.7565,35.0769,0.18924
0.7565,35.2007,0.177737
0.7565,35.3244,0.10567
0.7565,35.4482,0.10733
0.7565,35.5719,0.073436
0.7565,35.6957,0.063557
0.7565,35.8194,0.060666
0.7565,35.9431,0.06238
0.7565,36.0669,0.074879
0.7565,36.1906,0.058973
0.7565,36.3144,0.066692
0.7565,36.4381,0.076226
0.7565,36.5619,0.05185
0.7565,36.6856,0.046507
0.7565,36.8094,0.077954
0.7565,36.9331,0.08168
0.7565,37.0569,0.058616
0.7565,37.1806,0.082147
0.7565,37.3043,0.06792
0.7565,37.4281,0.066437
0.7565,37.5518,0.058532
0.7565,37.6756,0.109744
0.7565,37.7993,0.069277
0.7565,37.9231,0.091164
0.7565,38.0468,0.055145
0.7565,38.1706,0.067519
0.7565,38.2943,0.100724
0.7565,38.4181,0.071551
0.7565,38.5418,0.078562
0.7565,38.6656,0.082086
0.7565,38.7893,0.087963
0.7565,38.913,0.075829
0.7565,39.0368,0.070619
0.7565,39.1605,0.047936
0.7565,39.2843,0.063784
0.7565,39.408,0.063883
0.7565,39.5318,0.087791
0.7565,39.6555,0.074995
0.7565,39.7793,0.057218
0.7565,39.903,0.062114
0.7565,40.0268,0.060818
0.7565,40.1505,0.066692
0.7565,40.2742,0.072522
0.7565,40.398,0.044341
0.7565,40.5217,0.041825
0.7565,40.6455,0.017009
0.7565,40.7692,0.028796
0.7565,40.893,0.051934
0.7565,41.0167,0.033309
0.7565,41.1405,0.045035
0.7565,41.2642,0.036248
0.7565,41.388,0.023263
0.7565,41.5117,0.038006
0.7565,41.6355,0.04326
0.7565,41.7592,0.034707
0.7565,41.8829,0.063014
0.7565,42.0067,0.074931
0.7565,42.1304,0.071024
0.7565,42.2542,0.066901
0.7565,42.3779,0.065731
0.7565,42.5017,0.056732
0.7565,42.6254,0.081099
0.7565,42.7492,0.069308
0.7565,42.8729,0.086893
0.7565,42.9967,0.082316
0.7565,43.1204,0.089712
0.7565,43.2441,0.06745
0.7565,43.3679,0.087259
0.7565,43.4916,0.087836
0.7565,43.6154,0.080065
0.7565,43.7391,0.077568
0.7565,43.8629,0.074022
0.7565,43.9866,0.101308
0.7565,44.1104,0.070437
0.7565,44.2341,0.06831
0.7565,44.3579,0.090234
0.7565,44.4816,0.082123
0.7565,44.6054,0.065926
0.7565,44.7291,0.066441
0.7565,44.8528,0.069324
0.7565,44.9766,0.092015
0.7565,45.1003,0.075244
0.7565,45.2241,0.075045
0.7565,45.3478,0.068476
0.7565,45.4716,0.070988
0.7565,45.5953,0.094294
0.7565,45.7191,0.07288
0.7565,45.8428,0.106138
0.7565,45.9666,0.169545
0.7565,46.0903,0.210181
0.7565,46.214,0.276013
0.7565,46.3378,0.320601
0.7565,46.4615,0.385748
0.7565,46.5853,0.464058
0.7565,46.709,0.493708
0.7565,46.8328,0.463044
0.7565,46.9565,0.470541
0.7565,47.0803,0.434371
0.7565,47.204,0.34114
0.7565,47.3278,0.286767
0.7565,47.4515,0.201889
0.7565,47.5753,0.164297
0.7565,47.699,0.161289
0.7565,47.8227,0.118592
0.7565,47.9465,0.087014
0.7565,48.0702,0.061488
0.7565,48.194,0.068961
0.7565,48.3177,0.062695
0.7565,48.4415,0.06083
0.7565,48.5652,0.041385
0.7565,48.689,0.055102
0.7565,48.8127,0.075351
0.7565,48.9365,0.07614
0.7565,49.0602,0.064462
0.7565,49.1839,0.073576
0.7565,49.3077,0.064683
0.7565,49.4314,0.067086
0.7565,49.5552,0.060049
0.7565,49.6789,0.069685
0.7565,49.8027,0.087805
0.7565,49.9264,0.073058
0.7565,50.0502,0.086341
0.7565,50.1739,0.085198
0.7565,50.2977,0.095128
0.7565,50.4214,0.094411
0.7565,50.5452,0.055513
0.7565,50.6689,0.065899
0.7565,50.7926,0.074299
0.7565,50.9164,0.071309
0.7565,51.0401,0.057874
0.7565,51.1639,0.057141
0.7565,51.2876,0.06606
0.7565,51.4114,0.043728
0.7565,51.5351,0.07016
0.7565,51.6589,0.061005
0.7565,51.7826,0.054633
0.7565,51.9064,0.066721
0.7565,52.0301,0.055496
0.7565,52.1538,0.064788
0.7565,52.2776,0.062642
0.7565,52.4013,0.088058
0.7565,52.5251,0.07033
0.7565,52.6488,0.043645
0.7565,52.7726,0.023274
0.7565,52.8963,0.055096
0.7565,53.0201,0.047463
0.7565,53.1438,0.039867
0.7565,53.2676,0.032331
0.7565,53.3913,0.046092
0.7565,53.5151,0.0414
0.7565,53.6388,0.060108
0.7565,53.7625,0.053714
0.7565,53.8863,0.028069
0.7565,54.01,0.046409
0.7565,54.1338,0.069466
0.7565,54.2575,0.042466
0.7565,54.3813,0.048443
0.7565,54.505,0.050857
0.7565,54.6288,0.069434
0.7565,54.7525,0.080893
0.7565,54.8763,0.077226
0.7565,55.0,0.071347
0.7652,18.0,0.067815
0.7652,18.1237,0.057621
0.7652,18.2475,0.072975
0.7652,18.3712,0.057076
0.7652,18.495,0.0579
0.7652,18.6187,0.078948
0.7652,18.7425,0.065281
0.7652,18.8662,0.07539
0.7652,18.99,0.084847
0.7652,19.1137,0.055802
0.7652,19.2375,0.068109
0.7652,19.3612,0.064923
0.7652,19.4849,0.040249
0.7652,19.6087,0.065469
0.7652,19.7324,0.06732
0.7652,19.8562,0.058354
0.7652,19.9799,0.099049
0.7652,20.1037,0.072373
0.7652,20.2274,0.100437
0.7652,20.3512,0.055455
0.7652,20.4749,0.0716
0.7652,20.5987,0.072746
0.7652,20.7224,0.07718
0.7652,20.8462,0.078999
0.7652,20.9699,0.086315
0.7652,21.0936,0.087079
0.7652,21.2174,0.077322
0.7652,21.3411,0.051304
0.7652,21.4649,0.046941
0.7652,21.5886,0.0572
0.7652,21.7124,0.047088
0.7652,21.8361,0.065385
0.7652,21.9599,0.027266
0.7652,22.0836,0.039799
0.7652,22.2074,0.052967
0.7652,22.3311,0.048719
0.7652,22.4548,0.040913
0.7652,22.5786,0.040089
0.7652,22.7023,0.051996
0.7652,22.8261,0.050115
0.7652,22.9498,0.061126
0.7652,23.0736,0.060866
0.7652,23.1973,0.048846
0.7652,23.3211,0.051221
0.7652,23.4448,0.048135
0.7652,23.5686,0.039444
0.7652,23.6923,0.078024
0.7652,23.8161,0.050031
0.7652,23.9398,0.067952
0.7652,24.0635,0.056166
0.7652,24.1873,0.064189
0.7652,24.311,0.053977
0.7652,24.4348,0.058803
0.7652,24.5585,0.033632
0.7652,24.6823,0.054086
0.7652,24.806,0.062418
0.7652,24.9298,0.099378
0.7652,25.0535,0.054241
0.7652,25.1773,0.085333
0.7652,25.301,0.111698
0.7652,25.4247,0.080664
0.7652,25.5485,0.14818
0.7652,25.6722,0.191146
0.7652,25.796,0.297887
0.7652,25.9197,0.454755
0.7652,26.0435,0.643507
0.7652,26.1672,0.836745
0.7652,26.291,1.000835
0.7652,26.4147,1.119991
0.7652,26.5385,1.116862
0.7652,26.6622,1.009636
0.7652,26.786,0.789905
0.7652,26.9097,0.611725
0.7652,27.0334,0.415286
0.7652,27.1572,0.25562
0.7652,27.2809,0.193974
0.7652,27.4047,0.104668
0.7652,27.5284,0.073477
0.7652,27.6522,0.07152
0.7652,27.7759,0.064355
0.7652,27.8997,0.051016
0.7652,28.0234,0.046638
0.7652,28.1472,0.060923
0.7652,28.2709,0.050405
0.7652,28.3946,0.052714
0.7652,28.5184,0.037166
0.7652,28.6421,0.034556
0.7652,28.7659,0.046293
0.7652,28.8896,0.039254
0.7652,29.0134,0.027751
0.7652,29.1371,0.049955
0.7652,29.2609,0.065701
0.7652,29.3846,0.052797
0.7652,29.5084,0.051317
0.7652,29.6321,0.020704
0.7652,29.7559,0.043798
0.7652,29.8796,0.039098
0.7652,30.0033,0.074572
0.7652,30.1271,0.071103
0.7652,30.2508,0.085088
0.7652,30.3746,0.057611
0.7652,30.4983,0.053105
0.7652,30.6221,0.075371
0.7652,30.7458,0.06759
0.7652,30.8696,0.075545
0.7652,30.9933,0.066133
0.7652,31.1171,0.081312
0.7652,31.2408,0.077459
0.7652,31.3645,0.083932
0.7652,31.4883,0.051087
0.7652,31.612,0.085736
0.7652,31.7358,0.067098
0.7652,31.8595,0.08089
0.7652,31.9833,0.069812
0.7652,32.107,0.06418
0.7652,32.2308,0.075427
0.7652,32.3545,0.094582
0.7652,32.4783,0.112266
0.7652,32.602,0.137422
0.7652,32.7258,0.084772
0.7652,32.8495,0.157431
0.7652,32.9732,0.205257
0.7652,33.097,0.260198
0.7652,33.2207,0.315361
0.7652,33.3445,0.370694
0.7652,33.4682,0.495508
0.7652,33.592,0.55561
0.7652,33.7157,0.640031
0.7652,33.8395,0.688027
0.7652,33.9632,0.745835
0.7652,34.087,0.765628
0.7652,34.2107,0.695895
0.7652,34.3344,0.69146
0.7652,34.4582,0.625185
0.7652,34.5819,0.516459
0.7652,34.7057,0.41224
0.7652,34.8294,0.337577
0.7652,34.9532,0.26727
0.7652,35.0769,0.210986
0.7652,35.2007,0.159019
0.7652,35.3244,0.122454
0.7652,35.4482,0.085715
0.7652,35.5719,0.060919
0.7652,35.6957,0.060223
0.7652,35.8194,0.051145
0.7652,35.9431,0.064809
0.7652,36.0669,0.072716
0.7652,36.1906,0.048239
0.7652,36.3144,0.080945
0.7652,36.4381,0.065888
0.7652,36.5619,0.057355
0.7652,36.6856,0.059214
0.7652,36.8094,0.094163
0.7652,36.9331,0.075397
0.7652,37.0569,0.063987
0.7652,37.1806,0.090335
0.7652,37.3043,0.068144
0.7652,37.4281,0.064447
0.7652,37.5518,0.064443
0.7652,37.6756,0.07309
0.7652,37.7993,0.089786
0.7652,37.9231,0.089861
0.7652,38.0468,0.074294
0.7652,38.1706,0.083006
0.7652,38.2943,0.080593
0.7652,38.4181,0.0954
0.7652,38.5418,0.09021
0.7652,38.6656,0.084473
0.7652,38.7893,0.071549
0.7652,38.913,0.049091
0.7652,39.0368,0.069101
0.7652,39.1605,0.054524
0.7652,39.2843,0.056476
0.7652,39.408,0.07108
0.7652,39.5318,0.043302
0.7652,39.6555,0.049912
0.7652,39.7793,0.084665
0.7652,39.903,0.069378
0.7652,40.0268,0.054363
0.7652,40.1505,0.039693
0.7652,40.2742,0.028785
0.7652,40.398,0.072832
0.7652,40.5217,0.043288
0.7652,40.6455,0.038285
0.7652,40.7692,0.038517
0.7652,40.893,0.034862
0.7652,41.0167,0.060599
0.7652,41.1405,0.036405
0.7652,41.2642,0.050424
0.7652,41.388,0.060477
0.7652,41.5117,0.029868
0.7652,41.6355,0.044155
0.7652,41.7592,0.053003
0.7652,41.8829,0.087059
0.7652,42.0067,0.059869
0.7652,42.1304,0.060508
0.7652,42.2542,0.043491
0.7652,42.3779,0.065944
0.7652,42.5017,0.060489
0.7652,42.6254,0.055709
0.7652,42.7492,0.059167
0.7652,42.8729,0.068269
0.7652,42.9967,0.049807
0.7652,43.1204,0.084426
0.7652,43.2441,0.099046
0.7652,43.3679,0.093443
0.7652,43.4916,0.052406
0.7652,43.6154,0.060501
0.7652,43.7391,0.096109
0.7652,43.8629,0.097572
0.7652,43.9866,0.075003
0.7652,44.1104,0.08469
0.7652,44.2341,0.048233
0.7652,44.3579,0.061923
0.7652,44.4816,0.098655
0.7652,44.6054,0.066282
0.7652,44.7291,0.068817
0.7652,44.8528,0.089426
0.7652,44.9766,0.042715
0.7652,45.1003,0.055828
0.7652,45.2241,0.085712
0.7652,45.3478,0.058606
0.7652,45.4716,0.08765
0.7652,45.5953,0.09455
0.7652,45.7191,0.112854
0.7652,45.8428,0.102558
0.7652,45.9666,0.161653
0.7652,46.0903,0.212002
0.7652,46.214,0.263925
0.7652,46.3378,0.331235
0.7652,46.4615,0.381623
0.7652,46.5853,0.462593
0.7652,46.709,0.477202
0.7652,46.8328,0.471527
0.7652,46.9565,0.470963
0.7652,47.0803,0.439665
0.7652,47.204,0.368165
0.7652,47.3278,0.298425
0.7652,47.4515,0.213294
0.7652,47.5753,0.182101
0.7652,47.699,0.095499
0.7652,47.8227,0.098593
0.7652,47.9465,0.085092
0.7652,48.0702,0.069172
0.7652,48.194,0.052209
0.7652,48.3177,0.063293
0.7652,48.4415,0.073572
0.7652,48.5652,0.064539
0.7652,48.689,0.055575
0.7652,48.8127,0.081421
0.7652,48.9365,0.067807
0.7652,49.0602,0.057153
0.7652,49.1839,0.102039
0.7652,49.3077,0.068485
0.7652,49.4314,0.06724
0.7652,49.5552,0.07879
0.7652,49.6789,0.087918
0.7652,49.8027,0.050766
0.7652,49.9264,0.05594
0.7652,50.0502,0.092613
0.7652,50.1739,0.070233
0.7652,50.2977,0.078626
0.7652,50.4214,0.057036
0.7652,50.5452,0.094055
0.7652,50.6689,0.079684
0.7652,50.7926,0.076602
0.7652,50.9164,0.068473
0.7652,51.0401,0.064894
0.7652,51.1639,0.069956
0.7652,51.2876,0.074774
0.7652,51.4114,0.068505
0.7652,51.5351,0.060007
0.7652,51.6589,0.082344
0.7652,51.7826,0.067626
0.7652,51.9064,0.054012
0.7652,52.0301,0.072767
0.7652,52.1538,0.054493
0.7652,52.2776,0.051955
0.7652,52.4013,0.070423
0.7652,52.5251,0.047915
0.7652,52.6488,0.04679
0.7652,52.7726,0.047962
0.7652,52.8963,0.051246
0.7652,53.0201,0.028948
0.7652,53.1438,0.04732
0.7652,53.2676,0.040375
0.7652,53.3913,0.037077
0.7652,53.5151,0.033202
0.7652,53.6388,0.05748
0.7652,53.7625,0.058104
0.7652,53.8863,0.024729
0.7652,54.01,0.046029
0.7652,54.1338,0.052404
0.7652,54.2575,0.045781
0.7652,54.3813,0.070313
0.7652,54.505,0.082132
0.7652,54.6288,0.064813
0.7652,54.7525,0.044184
0.7652,54.8763,0.077363
0.7652,55.0,0.066013
0.7739,18.0,0.041754
0.7739,18.1237,0.071404
0.7739,18.2475,0.045521
0.7739,18.3712,0.07735
0.7739,18.495,0.033614
0.7739,18.6187,0.05219
0.7739,18.7425,0.083194
0.7739,18.8662,0.061409
0.7739,18.99,0.073436
0.7739,19.1137,0.0659
0.7739,19.2375,0.091743
0.7739,19.3612,0.064842
0.7739,19.4849,0.062829
0.7739,19.6087,0.09569
0.7739,19.7324,0.080903
0.7739,19.8562,0.073054
0.7739,19.9799,0.116094
0.7739,20.1037,0.094434
0.7739,20.2274,0.093881
0.7739,20.3512,0.064092
0.7739,20.4749,0.069964
0.7739,20.5987,0.080635
0.7739,20.7224,0.061971
0.7739,20.8462,0.060767
0.7739,20.9699,0.07502
0.7739,21.0936,0.063759
0.7739,21.2174,0.068943
0.7739,21.3411,0.031723
0.7739,21.4649,0.071316
0.7739,21.5886,0.068399
0.7739,21.7124,0.082312
0.7739,21.8361,0.031896
0.7739,21.9599,0.046689
0.7739,22.0836,0.050923
0.7739,22.2074,0.044518
0.7739,22.3311,0.05381
0.7739,22.4548,0.027388
0.7739,22.5786,0.068632
0.7739,22.7023,0.045223
0.7739,22.8261,0.018498
0.7739,22.9498,0.049237
0.7739,23.0736,0.036991
0.7739,23.1973,0.042463
0.7739,23.3211,0.036855
0.7739,23.4448,0.031764
0.7739,23.5686,0.053506
0.7739,23.6923,0.062782
0.7739,23.8161,0.045422
0.7739,23.9398,0.053328
0.7739,24.0635,0.057538
0.7739,24.1873,0.06515
0.7739,24.311,0.064689
0.7739,24.4348,0.067387
0.7739,24.5585,0.073797
0.7739,24.6823,0.085753
0.7739,24.806,0.059782
0.7739,24.9298,0.084776
0.7739,25.0535,0.066947
0.7739,25.1773,0.082324
0.7739,25.301,0.078847
0.7739,25.4247,0.087392
0.7739,25.5485,0.137705
0.7739,25.6722,0.186011
0.7739,25.796,0.268575
0.7739,25.9197,0.4195
0.7739,26.0435,0.608778
0.7739,26.1672,0.797314
0.7739,26.291,0.980114
0.7739,26.4147,1.10836
0.7739,26.5385,1.10328
0.7739,26.6622,1.012323
0.7739,26.786,0.865303
0.7739,26.9097,0.657284
0.7739,27.0334,0.456789
0.7739,27.1572,0.294244
0.7739,27.2809,0.168167
0.7739,27.4047,0.129711
0.7739,27.5284,0.085493
0.7739,27.6522,0.056601
0.7739,27.7759,0.060031
0.7739,27.8997,0.063997
0.7739,28.0234,0.052722
0.7739,28.1472,0.058196
0.7739,28.2709,0.057132
0.7739,28.3946,0.040671
0.7739,28.5184,0.056885
0.7739,28.6421,0.040661
0.7739,28.7659,0.045928
0.7739,28.8896,0.033509
0.7739,29.0134,0.033459
0.7739,29.1371,0.037256
0.7739,29.2609,0.051808
0.7739,29.3846,0.044997
0.7739,29.5084,0.048006
0.7739,29.6321,0.07304
0.7739,29.7559,0.052973
0.7739,29.8796,0.057546
0.7739,30.0033,0.031378
0.7739,30.1271,0.03262
0.7739,30.2508,0.023427
0.7739,30.3746,0.072688
0.7739,30.4983,0.066918
0.7739,30.6221,0.057541
0.7739,30.7458,0.081059
0.7739,30.8696,0.076663
0.7739,30.9933,0.067796
0.7739,31.1171,0.070416
0.7739,31.2408,0.0947
0.7739,31.3645,0.069377
0.7739,31.4883,0.069802
0.7739,31.612,0.058836
0.7739,31.7358,0.100531
0.7739,31.8595,0.100836
0.7739,31.9833,0.090293
0.7739,32.107,0.089368
0.7739,32.2308,0.094414
0.7739,32.3545,0.096784
0.7739,32.4783,0.085752
0.7739,32.602,0.077833
0.7739,32.7258,0.133417
0.7739,32.8495,0.157523
0.7739,32.9732,0.172627
0.7739,33.097,0.235285
0.7739,33.2207,0.332333
0.7739,33.3445,0.383088
0.7739,33.4682,0.467962
0.7739,33.592,0.565951
0.7739,33.7157,0.62234
0.7739,33.8395,0.712227
0.7739,33.9632,0.748507
0.7739,34.087,0.75463
0.7739,34.2107,0.732583
0.7739,34.3344,0.671295
0.7739,34.4582,0.592389
0.7739,34.5819,0.491676
0.7739,34.7057,0.431712
0.7739,34.8294,0.331883
0.7739,34.9532,0.25107
0.7739,35.0769,0.174875
0.7739,35.2007,0.125519
0.7739,35.3244,0.114871
0.7739,35.4482,0.104925
0.7739,35.5719,0.072968
0.7739,35.6957,0.0779
0.7739,35.8194,0.076661
0.7739,35.9431,0.062307
0.7739,36.0669,0.074642
0.7739,36.1906,0.072727
0.7739,36.3144,0.083536
0.7739,36.4381,0.079215
0.7739,36.5619,0.069046
0.7739,36.6856,0.060009
0.7739,36.8094,0.085185
0.7739,36.9331,0.081178
0.7739,37.0569,0.061648
0.7739,37.1806,0.062381
0.7739,37.3043,0.081485
0.7739,37.4281,0.073709
0.7739,37.5518,0.05765
0.7739,37.6756,0.071086
0.7739,37.7993,0.054925
0.7739,37.9231,0.070699
0.7739,38.0468,0.0797
0.7739,38.1706,0.081492
0.7739,38.2943,0.08272
0.7739,38.4181,0.082991
0.7739,38.5418,0.058321
0.7739,38.6656,0.089592
0.7739,38.7893,0.086957
0.7739,38.913,0.043094
0.7739,39.0368,0.063945
0.7739,39.1605,0.054054
0.7739,39.2843,0.063684
0.7739,39.408,0.072024
0.7739,39.5318,0.067544
0.7739,39.6555,0.074763
0.7739,39.7793,0.046734
0.7739,39.903,0.052979
0.7739,40.0268,0.034886
0.7739,40.1505,0.046815
0.7739,40.2742,0.042512
0.7739,40.398,0.041227
0.7739,40.5217,0.04989
0.7739,40.6455,0.043363
0.7739,40.7692,0.034531
0.7739,40.893,0.062178
0.7739,41.0167,0.042947
0.7739,41.1405,0.054057
0.7739,41.2642,0.03964
0.7739,41.388,0.045438
0.7739,41.5117,0.049031
0.7739,41.6355,0.040007
0.7739,41.7592,0.050156
0.7739,41.8829,0.053785
0.7739,42.0067,0.052781
0.7739,42.1304,0.065357
0.7739,42.2542,0.072551
0.7739,42.3779,0.057457
0.7739,42.5017,0.069786
0.7739,42.6254,0.068859
0.7739,42.7492,0.063826
0.7739,42.8729,0.05602
0.7739,42.9967,0.078613
0.7739,43.1204,0.069609
0.7739,43.2441,0.081327
0.7739,43.3679,0.086891
0.7739,43.4916,0.095137
0.7739,43.6154,0.072723
0.7739,43.7391,0.108695
0.7739,43.8629,0.098662
0.7739,43.9866,0.08388
0.7739,44.1104,0.083322
0.7739,44.2341,0.080703
0.7739,44.3579,0.084184
0.7739,44.4816,0.098692
0.7739,44.6054,0.060856
0.7739,44.7291,0.094624
0.7739,44.8528,0.073694
0.7739,44.9766,0.048784
0.7739,45.1003,0.043863
0.7739,45.2241,0.066001
0.7739,45.3478,0.053508
0.7739,45.4716,0.072832
0.7739,45.5953,0.087025
0.7739,45.7191,0.113392
0.7739,45.8428,0.09952
0.7739,45.9666,0.171396
0.7739,46.0903,0.189245
0.7739,46.214,0.270821
0.7739,46.3378,0.335124
0.7739,46.4615,0.391272
0.7739,46.5853,0.42936
0.7739,46.709,0.513005
0.7739,46.8328,0.48563
0.7739,46.9565,0.457076
0.7739,47.0803,0.432426
0.7739,47.204,0.345226
0.7739,47.3278,0.293804
0.7739,47.4515,0.219769
0.7739,47.5753,0.189968
0.7739,47.699,0.127323
0.7739,47.8227,0.086023
0.7739,47.9465,0.08299
0.7739,48.0702,0.072935
0.7739,48.194,0.050965
0.7739,48.3177,0.066325
0.7739,48.4415,0.065916
0.7739,48.5652,0.067947
0.7739,48.689,0.097626
0.7739,48.8127,0.069221
0.7739,48.9365,0.083809
0.7739,49.0602,0.101419
0.7739,49.1839,0.079624
0.7739,49.3077,0.078088
0.7739,49.4314,0.049486
0.7739,49.5552,0.07312
0.7739,49.6789,0.081113
0.7739,49.8027,0.099692
0.7739,49.9264,0.07654
0.7739,50.0502,0.09268
0.7739,50.1739,0.06079
0.7739,50.2977,0.079409
0.7739,50.4214,0.06049
0.7739,50.5452,0.090919
0.7739,50.6689,0.067266
0.7739,50.7926,0.075667
0.7739,50.9164,0.061731
0.7739,51.0401,0.079214
0.7739,51.1639,0.046408
0.7739,51.2876,0.101861
0.7739,51.4114,0.066846
0.7739,51.5351,0.070974
0.7739,51.6589,0.059885
0.7739,51.7826,0.066315
0.7739,51.9064,0.065232
0.7739,52.0301,0.043314
0.7739,52.1538,0.031162
0.7739,52.2776,0.050601
0.7739,52.4013,0.0417
0.7739,52.5251,0.04906
0.7739,52.6488,0.022718
0.7739,52.7726,0.044197
0.7739,52.8963,0.031321
0.7739,53.0201,0.045511
0.7739,53.1438,0.034796
0.7739,53.2676,0.0427
0.7739,53.3913,0.052999
0.7739,53.5151,0.031383
0.7739,53.6388,0.05318
0.7739,53.7625,0.048889
0.7739,53.8863,0.042028
0.7739,54.01,0.034316
0.7739,54.1338,0.071204
0.7739,54.2575,0.062953
0.7739,54.3813,0.047907
0.7739,54.505,0.074311
0.7739,54.6288,0.069914
0.7739,54.7525,0.063816
0.7739,54.8763,0.089094
0.7739,55.0,0.063423
0.7826,18.0,0.056321
0.7826,18.1237,0.070099
0.7826,18.2475,0.05313
0.7826,18.3712,0.058659
0.7826,18.495,0.044265
0.7826,18.6187,0.071915
0.7826,18.7425,0.081119
0.7826,18.8662,0.066293
0.7826,18.99,0.082118
0.7826,19.1137,0.091264
0.7826,19.2375,0.0673
0.7826,19.3612,0.069947
0.7826,19.4849,0.078026
0.7826,19.6087,0.097431
0.7826,19.7324,0.070446
0.7826,19.8562,0.066554
0.7826,19.9799,0.082325
0.7826,20.1037,0.069643
0.7826,20.2274,0.092315
0.7826,20.3512,0.065805
0.7826,20.4749,0.09319
0.7826,20.5987,0.0551
0.7826,20.7224,0.069439
0.7826,20.8462,0.067648
0.7826,20.9699,0.073125
0.7826,21.0936,0.073939
0.7826,21.2174,0.058436
0.7826,21.3411,0.07144
0.7826,21.4649,0.052028
0.7826,21.5886,0.06302
0.7826,21.7124,0.034845
0.7826,21.8361,0.025378
0.7826,21.9599,0.032915
0.7826,22.0836,0.037976
0.7826,22.2074,0.020772
0.7826,22.3311,0.023035
0.7826,22.4548,0.042206
0.7826,22.5786,0.024268
0.7826,22.7023,0.056895
0.7826,22.8261,0.046647
0.7826,22.9498,0.050259
0.7826,23.0736,0.031141
0.7826,23.1973,0.045802
0.7826,23.3211,0.031274
0.7826,23.4448,0.046899
0.7826,23.5686,0.068204
0.7826,23.6923,0.054703
0.7826,23.8161,0.054232
0.7826,23.9398,0.05406
0.7826,24.0635,0.060127
0.7826,24.1873,0.059708
0.7826,24.311,0.072572
0.7826,24.4348,0.071276
0.7826,24.5585,0.055042
0.7826,24.6823,0.062484
0.7826,24.806,0.081449
0.7826,24.9298,0.077028
0.7826,25.0535,0.094386
0.7826,25.1773,0.061137
0.7826,25.301,0.086562
0.7826,25.4247,0.08868
0.7826,25.5485,0.123715
0.7826,25.6722,0.161912
0.7826,25.796,0.257072
0.7826,25.9197,0.396457
0.7826,26.0435,0.554883
0.7826,26.1672,0.774306
0.7826,26.291,0.952806
0.7826,26.4147,1.080436
0.7826,26.5385,1.121969
0.7826,26.6622,1.026021
0.7826,26.786,0.880162
0.7826,26.9097,0.69247
0.7826,27.0334,0.478763
0.7826,27.1572,0.32671
0.7826,27.2809,0.187778
0.7826,27.4047,0.119437
0.7826,27.5284,0.07502
0.7826,27.6522,0.081726
0.7826,27.7759,0.052591
0.7826,27.8997,0.033272
0.7826,28.0234,0.060137
0.7826,28.1472,0.063678
0.7826,28.2709,0.036401
0.7826,28.3946,0.066099
0.7826,28.5184,0.038596
0.7826,28.6421,0.034528
0.7826,28.7659,0.030762
0.7826,28.8896,0.056197
0.7826,29.0134,0.039945
0.7826,29.1371,0.049411
0.7826,29.2609,0.055544
0.7826,29.3846,0.046431
0.7826,29.5084,0.041649
0.7826,29.6321,0.06545
0.7826,29.7559,0.045821
0.7826,29.8796,0.072938
0.7826,30.0033,0.049667
0.7826,30.1271,0.05035
0.7826,30.2508,0.045803
0.7826,30.3746,0.068302
0.7826,30.4983,0.060366
0.7826,30.6221,0.068599
0.7826,30.7458,0.056964
0.7826,30.8696,0.051256
0.7826,30.9933,0.064715
0.7826,31.1171,0.059619
0.7826,31.2408,0.052146
0.7826,31.3645,0.075289
0.7826,31.4883,0.090272
0.7826,31.612,0.085345
0.7826,31.7358,0.091521
0.7826,31.8595,0.086243
0.7826,31.9833,0.076303
0.7826,32.107,0.098493
0.7826,32.2308,0.074251
0.7826,32.3545,0.105988
0.7826,32.4783,0.105152
0.7826,32.602,0.099417
0.7826,32.7258,0.145095
0.7826,32.8495,0.157559
0.7826,32.9732,0.19407
0.7826,33.097,0.250601
0.7826,33.2207,0.304484
0.7826,33.3445,0.410828
0.7826,33.4682,0.477066
0.7826,33.592,0.573612
0.7826,33.7157,0.669545
0.7826,33.8395,0.716878
0.7826,33.9632,0.729371
0.7826,34.087,0.757766
0.7826,34.2107,0.70303
0.7826,34.3344,0.660098
0.7826,34.4582,0.571989
0.7826,34.5819,0.508481
0.7826,34.7057,0.414991
0.7826,34.8294,0.333697
0.7826,34.9532,0.255121
0.7826,35.0769,0.188514
0.7826,35.2007,0.135595
0.7826,35.3244,0.116486
0.7826,35.4482,0.096022
0.7826,35.5719,0.061955
0.7826,35.6957,0.080472
0.7826,35.8194,0.059771
0.7826,35.9431,0.057022
0.7826,36.0669,0.023615
0.7826,36.1906,0.063259
0.7826,36.3144,0.057207
0.7826,36.4381,0.072213
0.7826,36.5619,0.067066
0.7826,36.6856,0.069539
0.7826,36.8094,0.055139
0.7826,36.9331,0.081342
0.7826,37.0569,0.072017
0.7826,37.1806,0.084976
0.7826,37.3043,0.093436
0.7826,37.4281,0.07243
0.7826,37.5518,0.066024
0.7826,37.6756,0.07411
0.7826,37.7993,0.071295
0.7826,37.9231,0.07958
0.7826,38.0468,0.076151
0.7826,38.1706,0.071132
0.7826,38.2943,0.080465
0.7826,38.4181,0.0602
0.7826,38.5418,0.07126
0.7826,38.6656,0.086073
0.7826,38.7893,0.053122
0.7826,38.913,0.088245
0.7826,39.0368,0.088272
0.7826,39.1605,0.061802
0.7826,39.2843,0.077728
0.7826,39.408,0.064544
0.7826,39.5318,0.0491
0.7826,39.6555,0.0368
0.7826,39.7793,0.03256
0.7826,39.903,0.054265
0.7826,40.0268,0.043354
0.7826,40.1505,0.032706
0.7826,40.2742,0.028431
0.7826,40.398,0.042389
0.7826,40.5217,0.050253
0.7826,40.6455,0.042355
0.7826,40.7692,0.041385
0.7826,40.893,0.037699
0.7826,41.0167,0.039228
0.7826,41.1405,0.036047
0.7826,41.2642,0.067878
0.7826,41.388,0.046594
0.7826,41.5117,0.040268
0.7826,41.6355,0.061082
0.7826,41.7592,0.052901
0.7826,41.8829,0.041814
0.7826,42.0067,0.041091
0.7826,42.1304,0.046433
0.7826,42.2542,0.051897
0.7826,42.3779,0.082515
0.7826,42.5017,0.048616
0.7826,42.6254,0.063039
0.7826,42.7492,0.074858
0.7826,42.8729,0.072652
0.7826,42.9967,0.056476
0.7826,43.1204,0.075575
0.7826,43.2441,0.064276
0.7826,43.3679,0.073676
0.7826,43.4916,0.082634
0.7826,43.6154,0.088411
0.7826,43.7391,0.079789
0.7826,43.8629,0.106205
0.7826,43.9866,0.083123
0.7826,44.1104,0.060243
0.7826,44.2341,0.072736
0.7826,44.3579,0.109026
0.7826,44.4816,0.079241
0.7826,44.6054,0.089944
0.7826,44.7291,0.070443
0.7826,44.8528,0.076457
0.7826,44.9766,0.081621
0.7826,45.1003,0.061902
0.7826,45.2241,0.063138
0.7826,45.3478,0.06197
0.7826,45.4716,0.073304
0.7826,45.5953,0.072083
0.7826,45.7191,0.079445
0.7826,45.8428,0.113669
0.7826,45.9666,0.141691
0.7826,46.0903,0.192173
0.7826,46.214,0.235416
0.7826,46.3378,0.319581
0.7826,46.4615,0.360839
0.7826,46.5853,0.447151
0.7826,46.709,0.496778
0.7826,46.8328,0.499493
0.7826,46.9565,0.465797
0.7826,47.0803,0.437117
0.7826,47.204,0.370766
0.7826,47.3278,0.298865
0.7826,47.4515,0.231775
0.7826,47.5753,0.172011
0.7826,47.699,0.136701
0.7826,47.8227,0.095892
0.7826,47.9465,0.080427
0.7826,48.0702,0.078994
0.7826,48.194,0.066633
0.7826,48.3177,0.044698
0.7826,48.4415,0.065555
0.7826,48.5652,0.052293
0.7826,48.689,0.066656
0.7826,48.8127,0.087461
0.7826,48.9365,0.048289
0.7826,49.0602,0.070952
0.7826,49.1839,0.093061
0.7826,49.3077,0.073918
0.7826,49.4314,0.076494
0.7826,49.5552,0.070124
0.7826,49.6789,0.064195
0.7826,49.8027,0.078125
0.7826,49.9264,0.081738
0.7826,50.0502,0.080981
0.7826,50.1739,0.077757
0.7826,50.2977,0.068642
0.7826,50.4214,0.064973
0.7826,50.5452,0.08102
0.7826,50.6689,0.091455
0.7826,50.7926,0.074683
0.7826,50.9164,0.066773
0.7826,51.0401,0.050188
0.7826,51.1639,0.068741
0.7826,51.2876,0.041483
0.7826,51.4114,0.048165
0.7826,51.5351,0.054797
0.7826,51.6589,0.044286
0.7826,51.7826,0.055463
0.7826,51.9064,0.044647
0.7826,52.0301,0.038714
0.7826,52.1538,0.056242
0.7826,52.2776,0.045337
0.7826,52.4013,0.044341
0.7826,52.5251,0.043087
0.7826,52.6488,0.04924
0.7826,52.7726,0.072937
0.7826,52.8963,0.037471
0.7826,53.0201,0.027278
0.7826,53.1438,0.067269
0.7826,53.2676,0.054973
0.7826,53.3913,0.030941
0.7826,53.5151,0.048868
0.7826,53.6388,0.054711
0.7826,53.7625,0.041528
0.7826,53.8863,0.043413
0.7826,54.01,0.043922
0.7826,54.1338,0.053855
0.7826,54.2575,0.071356
0.7826,54.3813,0.059228
0.7826,54.505,0.06939
0.7826,54.6288,0.048482
0.7826,54.7525,0.075741
0.7826,54.8763,0.061507
0.7826,55.0,0.080039
0.7913,18.0,0.053511
0.7913,18.1237,0.049283
0.7913,18.2475,0.068795
0.7913,18.3712,0.053086
0.7913,18.495,0.059656
0.7913,18.6187,0.068534
0.7913,18.7425,0.055912
0.7913,18.8662,0.078876
0.7913,18.99,0.085726
0.7913,19.1137,0.074826
0.7913,19.2375,0.070082
0.7913,19.3612,0.075693
0.7913,19.4849,0.072678
0.7913,19.6087,0.082412
0.7913,19.7324,0.077386
0.7913,19.8562,0.0945
0.7913,19.9799,0.078974
0.7913,20.1037,0.091426
0.7913,20.2274,0.094874
0.7913,20.3512,0.073514
0.7913,20.4749,0.07727
0.7913,20.5987,0.078451
0.7913,20.7224,0.06024
0.7913,20.8462,0.090127
0.7913,20.9699,0.059511
0.7913,21.0936,0.058882
0.7913,21.2174,0.066081
0.7913,21.3411,0.046585
0.7913,21.4649,0.038343
0.7913,21.5886,0.055782
0.7913,21.7124,0.045838
0.7913,21.8361,0.052272
0.7913,21.9599,0.04446
0.7913,22.0836,0.055044
0.7913,22.2074,0.025647
0.7913,22.3311,0.031285
0.7913,22.4548,0.05119
0.7913,22.5786,0.033693
0.7913,22.7023,0.037275
0.7913,22.8261,0.059761
0.7913,22.9498,0.031403
0.7913,23.0736,0.037121
0.7913,23.1973,0.059464
0.7913,23.3211,0.064239
0.7913,23.4448,0.033117
0.7913,23.5686,0.035557
0.7913,23.6923,0.058943
0.7913,23.8161,0.050929
0.7913,23.9398,0.060983
0.7913,24.0635,0.039561
0.7913,24.1873,0.080094
0.7913,24.311,0.064366
0.7913,24.4348,0.078161
0.7913,24.5585,0.076099
0.7913,24.6823,0.102573
0.7913,24.806,0.073031
0.7913,24.9298,0.070805
0.7913,25.0535,0.071625
0.7913,25.1773,0.086153
0.7913,25.301,0.07603
0.7913,25.4247,0.094983
0.7913,25.5485,0.099473
0.7913,25.6722,0.139738
0.7913,25.796,0.225315
0.7913,25.9197,0.356915
0.7913,26.0435,0.523067
0.7913,26.1672,0.742134
0.7913,26.291,0.916161
0.7913,26.4147,1.088881
0.7913,26.5385,1.127991
0.7913,26.6622,1.065919
0.7913,26.786,0.916796
0.7913,26.9097,0.738959
0.7913,27.0334,0.519732
0.7913,27.1572,0.333852
0.7913,27.2809,0.18344
0.7913,27.4047,0.141526
0.7913,27.5284,0.085214
0.7913,27.6522,0.050224
0.7913,27.7759,0.051737
0.7913,27.8997,0.078822
0.7913,28.0234,0.045426
0.7913,28.1472,0.039017
0.7913,28.2709,0.030804
0.7913,28.3946,0.02133
0.7913,28.5184,0.045074
0.7913,28.6421,0.07039
0.7913,28.7659,0.051896
0.7913,28.8896,0.034748
0.7913,29.0134,0.037869
0.7913,29.1371,0.042524
0.7913,29.2609,0.06937
0.7913,29.3846,0.057126
0.7913,29.5084,0.046419
0.7913,29.6321,0.050591
0.7913,29.7559,0.052394
0.7913,29.8796,0.057237
0.7913,30.0033,0.060359
0.7913,30.1271,0.063494
0.7913,30.2508,0.055611
0.7913,30.3746,0.076079
0.7913,30.4983,0.050639
0.7913,30.6221,0.062149
0.7913,30.7458,0.103264
0.7913,30.8696,0.081547
0.7913,30.9933,0.075087
0.7913,31.1171,0.101957
0.7913,31.2408,0.087099
0.7913,31.3645,0.094104
0.7913,31.4883,0.086947
0.7913,31.612,0.078969
0.7913,31.7358,0.096342
0.7913,31.8595,0.0803
0.7913,31.9833,0.078085
0.7913,32.107,0.058248
0.7913,32.2308,0.08742
0.7913,32.3545,0.070857
0.7913,32.4783,0.098649
0.7913,32.602,0.113908
0.7913,32.7258,0.114275
0.7913,32.8495,0.162396
0.7913,32.9732,0.185851
0.7913,33.097,0.257354
0.7913,33.2207,0.336883
0.7913,33.3445,0.417215
0.7913,33.4682,0.494621
0.7913,33.592,0.56304
0.7913,33.7157,0.64313
0.7913,33.8395,0.738482
0.7913,33.9632,0.735935
0.7913,34.087,0.742672
0.7913,34.2107,0.722567
0.7913,34.3344,0.630947
0.7913,34.4582,0.58043
0.7913,34.5819,0.499538
0.7913,34.7057,0.401847
0.7913,34.8294,0.327446
0.7913,34.9532,0.236347
0.7913,35.0769,0.181263
0.7913,35.2007,0.145909
0.7913,35.3244,0.092053
0.7913,35.4482,0.063366
0.7913,35.5719,0.069836
0.7913,35.6957,0.068387
0.7913,35.8194,0.058269
0.7913,35.9431,0.070928
0.7913,36.0669,0.062313
0.7913,36.1906,0.045228
0.7913,36.3144,0.074999
0.7913,36.4381,0.089464
0.7913,36.5619,0.062022
0.7913,36.6856,0.098552
0.7913,36.8094,0.059652
0.7913,36.9331,0.075569
0.7913,37.0569,0.094693
0.7913,37.1806,0.093418
0.7913,37.3043,0.090824
0.7913,37.4281,0.073038
0.7913,37.5518,0.073755
0.7913,37.6756,0.088863
0.7913,37.7993,0.060626
0.7913,37.9231,0.064031
0.7913,38.0468,0.07552
0.7913,38.1706,0.057766
0.7913,38.2943,0.075766
0.7913,38.4181,0.078716
0.7913,38.5418,0.070557
0.7913,38.6656,0.091636
0.7913,38.7893,0.055693
0.7913,38.913,0.057574
0.7913,39.0368,0.059847
0.7913,39.1605,0.061711
0.7913,39.2843,0.066303
0.7913,39.408,0.061261
0.7913,39.5318,0.053267
0.7913,39.6555,0.068158
0.7913,39.7793,0.044297
0.7913,39.903,0.053918
0.7913,40.0268,0.06292
0.7913,40.1505,0.025263
0.7913,40.2742,0.054594
0.7913,40.398,0.038525
0.7913,40.5217,0.0227
0.7913,40.6455,0.052639
0.7913,40.7692,0.067865
0.7913,40.893,0.052962
0.7913,41.0167,0.055078
0.7913,41.1405,0.055367
0.7913,41.2642,0.03516
0.7913,41.388,0.060839
0.7913,41.5117,0.064538
0.7913,41.6355,0.052789
0.7913,41.7592,0.038648
0.7913,41.8829,0.056172
0.7913,42.0067,0.056274
0.7913,42.1304,0.071924
0.7913,42.2542,0.050621
0.7913,42.3779,0.052902
0.7913,42.5017,0.072822
0.7913,42.6254,0.046251
0.7913,42.7492,0.084895
0.7913,42.8729,0.059552
0.7913,42.9967,0.070462
0.7913,43.1204,0.072268
0.7913,43.2441,0.088031
0.7913,43.3679,0.072446
0.7913,43.4916,0.096619
0.7913,43.6154,0.083259
0.7913,43.7391,0.057276
0.7913,43.8629,0.098296
0.7913,43.9866,0.078516
0.7913,44.1104,0.057546
0.7913,44.2341,0.084624
0.7913,44.3579,0.085034
0.7913,44.4816,0.075717
0.7913,44.6054,0.094294
0.7913,44.7291,0.069403
0.7913,44.8528,0.086378
0.7913,44.9766,0.070935
0.7913,45.1003,0.066084
0.7913,45.2241,0.057278
0.7913,45.3478,0.056096
0.7913,45.4716,0.060762
0.7913,45.5953,0.043219
0.7913,45.7191,0.104253
0.7913,45.8428,0.095212
0.7913,45.9666,0.14035
0.7913,46.0903,0.210455
0.7913,46.214,0.235246
0.7913,46.3378,0.337713
0.7913,46.4615,0.415431
0.7913,46.5853,0.457275
0.7913,46.709,0.488827
0.7913,46.8328,0.502002
0.7913,46.9565,0.490299
0.7913,47.0803,0.428803
0.7913,47.204,0.363664
0.7913,47.3278,0.322443
0.7913,47.4515,0.220537
0.7913,47.5753,0.167638
0.7913,47.699,0.115869
0.7913,47.8227,0.117091
0.7913,47.9465,0.080833
0.7913,48.0702,0.058038
0.7913,48.194,0.053092
0.7913,48.3177,0.05864
0.7913,48.4415,0.050425
0.7913,48.5652,0.064422
0.7913,48.689,0.049793
0.7913,48.8127,0.055076
0.7913,48.9365,0.085741
0.7913,49.0602,0.083657
0.7913,49.1839,0.093648
0.7913,49.3077,0.078021
0.7913,49.4314,0.073089
0.7913,49.5552,0.068951
0.7913,49.6789,0.085473
0.7913,49.8027,0.077433
0.7913,49.9264,0.076288
0.7913,50.0502,0.076303
0.7913,50.1739,0.074647
0.7913,50.2977,0.068487
0.7913,50.4214,0.092501
0.7913,50.5452,0.082628
0.7913,50.6689,0.086308
0.7913,50.7926,0.038263
0.7913,50.9164,0.054103
0.7913,51.0401,0.062875
0.7913,51.1639,0.079542
0.7913,51.2876,0.036941
0.7913,51.4114,0.040158
0.7913,51.5351,0.057948
0.7913,51.6589,0.072482
0.7913,51.7826,0.03798
0.7913,51.9064,0.072556
0.7913,52.0301,0.033962
0.7913,52.1538,0.054174
0.7913,52.2776,0.053321
0.7913,52.4013,0.030936
0.7913,52.5251,0.057324
0.7913,52.6488,0.05113
0.7913,52.7726,0.056438
0.7913,52.8963,0.022303
0.7913,53.0201,0.046843
0.7913,53.1438,0.042977
0.7913,53.2676,0.064262
0.7913,53.3913,0.065666
0.7913,53.5151,0.0407
0.7913,53.6388,0.063204
0.7913,53.7625,0.045618
0.7913,53.8863,0.037103
0.7913,54.01,0.056513
0.7913,54.1338,0.043154
0.7913,54.2575,0.059861
0.7913,54.3813,0.056887
0.7913,54.505,0.080641
0.7913,54.6288,0.061884
0.7913,54.7525,0.05978
0.7913,54.8763,0.076043
0.7913,55.0,0.074672
0.8,18.0,0.083128
0.8,18.1237,0.025661
0.8,18.2475,0.06636
0.8,18.3712,0.05609
0.8,18.495,0.075447
0.8,18.6187,0.063925
0.8,18.7425,0.073886
0.8,18.8662,0.082531
0.8,18.99,0.062397
0.8,19.1137,0.080251
0.8,19.2375,0.08015
0.8,19.3612,0.089306
0.8,19.4849,0.069689
0.8,19.6087,0.084942
0.8,19.7324,0.072701
0.8,19.8562,0.070378
0.8,19.9799,0.099847
0.8,20.1037,0.096792
0.8,20.2274,0.072192
0.8,20.3512,0.073585
0.8,20.4749,0.060372
0.8,20.5987,0.062071
0.8,20.7224,0.071766
0.8,20.8462,0.053792
0.8,20.9699,0.054645
0.8,21.0936,0.05466
0.8,21.2174,0.04893
0.8,21.3411,0.053334
0.8,21.4649,0.044941
0.8,21.5886,0.058091
0.8,21.7124,0.042881
0.8,21.8361,0.041568
0.8,21.9599,0.058472
0.8,22.0836,0.050817
0.8,22.2074,0.040037
0.8,22.3311,0.030384
0.8,22.4548,0.00273
0.8,22.5786,0.048424
0.8,22.7023,0.02831
0.8,22.8261,0.037243
0.8,22.9498,0.032
0.8,23.0736,0.038986
0.8,23.1973,0.050108
0.8,23.3211,0.042222
0.8,23.4448,0.066466
0.8,23.5686,0.055904
0.8,23.6923,0.038526
0.8,23.8161,0.069851
0.8,23.9398,0.065007
0.8,24.0635,0.05268
0.8,24.1873,0.074175
0.8,24.311,0.067909
0.8,24.4348,0.086464
0.8,24.5585,0.074602
0.8,24.6823,0.094251
0.8,24.806,0.08907
0.8,24.9298,0.10391
0.8,25.0535,0.075569
0.8,25.1773,0.096769
0.8,25.301,0.094869
0.8,25.4247,0.11222
0.8,25.5485,0.100585
0.8,25.6722,0.164677
0.8,25.796,0.211428
0.8,25.9197,0.331847
0.8,26.0435,0.518683
0.8,26.1672,0.702987
0.8,26.291,0.883904
0.8,26.4147,1.075469
0.8,26.5385,1.127229
0.8,26.6622,1.082114
0.8,26.786,0.934719
0.8,26.9097,0.774564
0.8,27.0334,0.552302
0.8,27.1572,0.350532
0.8,27.2809,0.243665
0.8,27.4047,0.151242
0.8,27.5284,0.088525
0.8,27.6522,0.102823
0.8,27.7759,0.046331
0.8,27.8997,0.036914
0.8,28.0234,0.051759
0.8,28.1472,0.029641
0.8,28.2709,0.057871
0.8,28.3946,0.069311
0.8,28.5184,0.038537
0.8,28.6421,0.043187
0.8,28.7659,0.048507
0.8,28.8896,0.052173
0.8,29.0134,0.026337
0.8,29.1371,0.045571
0.8,29.2609,0.070265
0.8,29.3846,0.05307
0.8,29.5084,0.061802
0.8,29.6321,0.032487
0.8,29.7559,0.058065
0.8,29.8796,0.062903
0.8,30.0033,0.036435
0.8,30.1271,0.079606
0.8,30.2508,0.05473
0.8,30.3746,0.056627
0.8,30.4983,0.068472
0.8,30.6221,0.079483
0.8,30.7458,0.079875
0.8,30.8696,0.065161
0.8,30.9933,0.074715
0.8,31.1171,0.081476
0.8,31.2408,0.077567
0.8,31.3645,0.074514
0.8,31.4883,0.082538
0.8,31.612,0.0852
0.8,31.7358,0.073033
0.8,31.8595,0.079349
0.8,31.9833,0.080118
0.8,32.107,0.084878
0.8,32.2308,0.088293
0.8,32.3545,0.080382
0.8,32.4783,0.088508
0.8,32.602,0.125613
0.8,32.7258,0.118204
0.8,32.8495,0.169359
0.8,32.9732,0.192359
0.8,33.097,0.25063
0.8,33.2207,0.334664
0.8,33.3445,0.432455
0.8,33.4682,0.492963
0.8,33.592,0.590502
0.8,33.7157,0.66957
0.8,33.8395,0.71732
0.8,33.9632,0.740015
0.8,34.087,0.746168
0.8,34.2107,0.719475
0.8,34.3344,0.637861
0.8,34.4582,0.569614
0.8,34.5819,0.494585
0.8,34.7057,0.393547
0.8,34.8294,0.303625
0.8,34.9532,0.240673
0.8,35.0769,0.181916
0.8,35.2007,0.126737
0.8,35.3244,0.118263
0.8,35.4482,0.091907
0.8,35.5719,0.084836
0.8,35.6957,0.035601
0.8,35.8194,0.068952
0.8,35.9431,0.058394
0.8,36.0669,0.060034
0.8,36.1906,0.071197
0.8,36.3144,0.079181
0.8,36.4381,0.058637
0.8,36.5619,0.088043
0.8,36.6856,0.070663
0.8,36.8094,0.068241
0.8,36.9331,0.05852
0.8,37.0569,0.065825
0.8,37.1806,0.081202
0.8,37.3043,0.069855
0.8,37.4281,0.082771
0.8,37.5518,0.089027
0.8,37.6756,0.066182
0.8,37.7993,0.072296
0.8,37.9231,0.110978
0.8,38.0468,0.075892
0.8,38.1706,0.070432
0.8,38.2943,0.088295
0.8,38.4181,0.060518
0.8,38.5418,0.088096
0.8,38.6656,0.046541
0.8,38.7893,0.080071
0.8,38.913,0.062634
0.8,39.0368,0.053286
0.8,39.1605,0.05218
0.8,39.2843,0.031779
0.8,39.408,0.044687
0.8,39.5318,0.05736
0.8,39.6555,0.04577
0.8,39.7793,0.049498
0.8,39.903,0.063458
0.8,40.0268,0.054927
0.8,40.1505,0.065479
0.8,40.2742,0.040147
0.8,40.398,0.067071
0.8,40.5217,0.054987
0.8,40.6455,0.056028
0.8,40.7692,0.026116
0.8,40.893,0.038554
0.8,41.0167,0.040583
0.8,41.1405,0.054635
0.8,41.2642,0.047144
0.8,41.388,0.062868
0.8,41.5117,0.075823
0.8,41.6355,0.050449
0.8,41.7592,0.071407
0.8,41.8829,0.052734
0.8,42.0067,0.075959
0.8,42.1304,0.063835
0.8,42.2542,0.053198
0.8,42.3779,0.067085
0.8,42.5017,0.075371
0.8,42.6254,0.083988
0.8,42.7492,0.081627
0.8,42.8729,0.0825
0.8,42.9967,0.069072
0.8,43.1204,0.08938
0.8,43.2441,0.089246
0.8,43.3679,0.064977
0.8,43.4916,0.089194
0.8,43.6154,0.058494
0.8,43.7391,0.111032
0.8,43.8629,0.077831
0.8,43.9866,0.099939
0.8,44.1104,0.073828
0.8,44.2341,0.06403
0.8,44.3579,0.068443
0.8,44.4816,0.049456
0.8,44.6054,0.064145
0.8,44.7291,0.057807
0.8,44.8528,0.069492
0.8,44.9766,0.074433
0.8,45.1003,0.060537
0.8,45.2241,0.065107
0.8,45.3478,0.057523
0.8,45.4716,0.06376
0.8,45.5953,0.093246
0.8,45.7191,0.089584
0.8,45.8428,0.11963
0.8,45.9666,0.137083
0.8,46.0903,0.198084
0.8,46.214,0.271145
0.8,46.3378,0.35087
0.8,46.4615,0.402354
0.8,46.5853,0.465914
0.8,46.709,0.509229
0.8,46.8328,0.507949
0.8,46.9565,0.476628
0.8,47.0803,0.445956
0.8,47.204,0.380828
0.8,47.3278,0.314703
0.8,47.4515,0.234855
0.8,47.5753,0.193461
0.8,47.699,0.119162
0.8,47.8227,0.09897
0.8,47.9465,0.079865
0.8,48.0702,0.067199
0.8,48.194,0.075591
0.8,48.3177,0.046921
0.8,48.4415,0.074649
0.8,48.5652,0.070423
0.8,48.689,0.076881
0.8,48.8127,0.076209
0.8,48.9365,0.066499
0.8,49.0602,0.073357
0.8,49.1839,0.079215
0.8,49.3077,0.076785
0.8,49.4314,0.067939
0.8,49.5552,0.079879
0.8,49.6789,0.086655
0.8,49.8027,0.06388
0.8,49.9264,0.071234
0.8,50.0502,0.076297
0.8,50.1739,0.075629
0.8,50.2977,0.07143
0.8,50.4214,0.082056
0.8,50.5452,0.082309
0.8,50.6689,0.044098
0.8,50.7926,0.080425
0.8,50.9164,0.063426
0.8,51.0401,0.06478
0.8,51.1639,0.090448
0.8,51.2876,0.058418
0.8,51.4114,0.058293
0.8,51.5351,0.099512
0.8,51.6589,0.080858
0.8,51.7826,0.051622
0.8,51.9064,0.052025
0.8,52.0301,0.018916
0.8,52.1538,0.062503
0.8,52.2776,0.04813
0.8,52.4013,0.033889
0.8,52.5251,0.050563
0.8,52.6488,0.05075
0.8,52.7726,0.071931
0.8,52.8963,0.044483
0.8,53.0201,0.041998
0.8,53.1438,0.054738
0.8,53.2676,0.043043
0.8,53.3913,0.029491
0.8,53.5151,0.050007
0.8,53.6388,0.053926
0.8,53.7625,0.043861
0.8,53.8863,0.051998
0.8,54.01,0.086294
0.8,54.1338,0.063943
0.8,54.2575,0.073935
0.8,54.3813,0.077956
0.8,54.505,0.066636
0.8,54.6288,0.050511
0.8,54.7525,0.081752
0.8,54.8763,0.076697
0.8,55.0,0.087864
0.8087,18.0,0.045584
0.8087,18.1237,0.068202
0.8087,18.2475,0.076066
0.8087,18.3712,0.064669
0.8087,18.495,0.055745
0.8087,18.6187,0.069849
0.8087,18.7425,0.078506
0.8087,18.8662,0.102334
0.8087,18.99,0.075566
0.8087,19.1137,0.091645
0.8087,19.2375,0.109592
0.8087,19.3612,0.089803
0.8087,19.4849,0.077294
0.8087,19.6087,0.063588
0.8087,19.7324,0.088124
0.8087,19.8562,0.088343
0.8087,19.9799,0.071387
0.8087,20.1037,0.096242
0.8087,20.2274,0.063893
0.8087,20.3512,0.069331
0.8087,20.4749,0.099125
0.8087,20.5987,0.079934
0.8087,20.7224,0.073612
0.8087,20.8462,0.071665
0.8087,20.9699,0.049019
0.8087,21.0936,0.046332
0.8087,21.2174,0.066452
0.8087,21.3411,0.083786
0.8087,21.4649,0.046447
0.8087,21.5886,0.045374
0.8087,21.7124,0.072179
0.8087,21.8361,0.021328
0.8087,21.9599,0.048732
0.8087,22.0836,0.042727
0.8087,22.2074,0.052855
0.8087,22.3311,0.058888
0.8087,22.4548,0.0255
0.8087,22.5786,0.057448
0.8087,22.7023,0.0
0.8087,22.8261,0.061198
0.8087,22.9498,0.051981
0.8087,23.0736,0.057008
0.8087,23.1973,0.036563
0.8087,23.3211,0.047997
0.8087,23.4448,0.050639
0.8087,23.5686,0.055892
0.8087,23.6923,0.054195
0.8087,23.8161,0.039426
0.8087,23.9398,0.058968
0.8087,24.0635,0.052479
0.8087,24.1873,0.088214
0.8087,24.311,0.076318
0.8087,24.4348,0.076053
0.8087,24.5585,0.071213
0.8087,24.6823,0.051148
0.8087,24.806,0.076419
0.8087,24.9298,0.089673
0.8087,25.0535,0.103598
0.8087,25.1773,0.074422
0.8087,25.301,0.082144
0.8087,25.4247,0.081444
0.8087,25.5485,0.114942
0.8087,25.6722,0.120733
0.8087,25.796,0.190986
0.8087,25.9197,0.289924
0.8087,26.0435,0.469896
0.8087,26.1672,0.658249
0.8087,26.291,0.818266
0.8087,26.4147,1.034378
0.8087,26.5385,1.130831
0.8087,26.6622,1.097193
0.8087,26.786,0.983448
0.8087,26.9097,0.783722
0.8087,27.0334,0.605753
0.8087,27.1572,0.390081
0.8087,27.2809,0.248489
0.8087,27.4047,0.150547
0.8087,27.5284,0.093769
0.8087,27.6522,0.083986
0.8087,27.7759,0.08151
0.8087,27.8997,0.0267
0.8087,28.0234,0.038023
0.8087,28.1472,0.040159
0.8087,28.2709,0.063468
0.8087,28.3946,0.044917
0.8087,28.5184,0.051272
0.8087,28.6421,0.051249
0.8087,28.7659,0.045184
0.8087,28.8896,0.061455
0.8087,29.0134,0.055817
0.8087,29.1371,0.032057
0.8087,29.2609,0.066448
0.8087,29.3846,0.052777
0.8087,29.5084,0.053032
0.8087,29.6321,0.047752
0.8087,29.7559,0.066454
0.8087,29.8796,0.064585
0.8087,30.0033,0.070174
0.8087,30.1271,0.05283
0.8087,30.2508,0.048224
0.8087,30.3746,0.071195
0.8087,30.4983,0.084719
0.8087,30.6221,0.077009
0.8087,30.7458,0.064011
0.8087,30.8696,0.078294
0.8087,30.9933,0.09424
0.8087,31.1171,0.07415
0.8087,31.2408,0.090322
0.8087,31.3645,0.0717
0.8087,31.4883,0.084682
0.8087,31.612,0.099754
0.8087,31.7358,0.075736
0.8087,31.8595,0.081813
0.8087,31.9833,0.083239
0.8087,32.107,0.084828
0.8087,32.2308,0.098798
0.8087,32.3545,0.090699
0.8087,32.4783,0.108047
0.8087,32.602,0.106913
0.8087,32.7258,0.141677
0.8087,32.8495,0.159457
0.8087,32.9732,0.21218
0.8087,33.097,0.255694
0.8087,33.2207,0.33609
0.8087,33.3445,0.41916
0.8087,33.4682,0.507876
0.8087,33.592,0.570946
0.8087,33.7157,0.672753
0.8087,33.8395,0.719491
0.8087,33.9632,0.74933
0.8087,34.087,0.72424
0.8087,34.2107,0.693405
0.8087,34.3344,0.651183
0.8087,34.4582,0.553059
0.8087,34.5819,0.483078
0.8087,34.7057,0.408383
0.8087,34.8294,0.315656
0.8087,34.9532,0.229891
0.8087,35.0769,0.17407
0.8087,35.2007,0.159402
0.8087,35.3244,0.094877
0.8087,35.4482,0.080752
0.8087,35.5719,0.10294
0.8087,35.6957,0.059292
0.8087,35.8194,0.062084
0.8087,35.9431,0.069034
0.8087,36.0669,0.052192
0.8087,36.1906,0.059453
0.8087,36.3144,0.0773
0.8087,36.4381,0.065057
0.8087,36.5619,0.033144
0.8087,36.6856,0.052446
0.8087,36.8094,0.067946
0.8087,36.9331,0.080815
0.8087,37.0569,0.104175
0.8087,37.1806,0.087598
0.8087,37.3043,0.078378
0.8087,37.4281,0.067065
0.8087,37.5518,0.082444
0.8087,37.6756,0.088247
0.8087,37.7993,0.070603
0.8087,37.9231,0.069826
0.8087,38.0468,0.070971
0.8087,38.1706,0.08856
0.8087,38.2943,0.082117
0.8087,38.4181,0.076299
0.8087,38.5418,0.065549
0.8087,38.6656,0.06231
0.8087,38.7893,0.052962
0.8087,38.913,0.082502
0.8087,39.0368,0.070631
0.8087,39.1605,0.06181
0.8087,39.2843,0.07126
0.8087,39.408,0.038415
0.8087,39.5318,0.039076
0.8087,39.6555,0.015167
0.8087,39.7793,0.023991
0.8087,39.903,0.039877
0.8087,40.0268,0.044029
0.8087,40.1505,0.030663
0.8087,40.2742,0.044425
0.8087,40.398,0.060701
0.8087,40.5217,0.040157
0.8087,40.6455,0.041456
0.8087,40.7692,0.054189
0.8087,40.893,0.043026
0.8087,41.0167,0.043832
0.8087,41.1405,0.033894
0.8087,41.2642,0.039438
0.8087,41.388,0.040208
0.8087,41.5117,0.056866
0.8087,41.6355,0.044026
0.8087,41.7592,0.06233
0.8087,41.8829,0.065022
0.8087,42.0067,0.061521
0.8087,42.1304,0.084928
0.8087,42.2542,0.073506
0.8087,42.3779,0.091965
0.8087,42.5017,0.067976
0.8087,42.6254,0.046129
0.8087,42.7492,0.091294
0.8087,42.8729,0.079499
0.8087,42.9967,0.07723
0.8087,43.1204,0.074734
0.8087,43.2441,0.076183
0.8087,43.3679,0.07723
0.8087,43.4916,0.077416
0.8087,43.6154,0.076292
0.8087,43.7391,0.075234
0.8087,43.8629,0.077177
0.8087,43.9866,0.086192
0.8087,44.1104,0.076908
0.8087,44.2341,0.07889
0.8087,44.3579,0.107605
0.8087,44.4816,0.074356
0.8087,44.6054,0.078588
0.8087,44.7291,0.061624
0.8087,44.8528,0.076577
0.8087,44.9766,0.044991
0.8087,45.1003,0.076939
0.8087,45.2241,0.063367
0.8087,45.3478,0.05905
0.8087,45.4716,0.069927
0.8087,45.5953,0.081861
0.8087,45.7191,0.094428
0.8087,45.8428,0.121052
0.8087,45.9666,0.159671
0.8087,46.0903,0.23911
0.8087,46.214,0.279774
0.8087,46.3378,0.324991
0.8087,46.4615,0.406992
0.8087,46.5853,0.449136
0.8087,46.709,0.491494
0.8087,46.8328,0.498106
0.8087,46.9565,0.493445
0.8087,47.0803,0.442506
0.8087,47.204,0.378139
0.8087,47.3278,0.313962
0.8087,47.4515,0.265598
0.8087,47.5753,0.155729
0.8087,47.699,0.128965
0.8087,47.8227,0.100646
0.8087,47.9465,0.070009
0.8087,48.0702,0.052454
0.8087,48.194,0.049952
0.8087,48.3177,0.089821
0.8087,48.4415,0.085292
0.8087,48.5652,0.070327
0.8087,48.689,0.065241
0.8087,48.8127,0.085258
0.8087,48.9365,0.099254
0.8087,49.0602,0.077641
0.8087,49.1839,0.072451
0.8087,49.3077,0.096003
0.8087,49.4314,0.06078
0.8087,49.5552,0.086964
0.8087,49.6789,0.107785
0.8087,49.8027,0.089241
0.8087,49.9264,0.09384
0.8087,50.0502,0.047697
0.8087,50.1739,0.075921
0.8087,50.2977,0.073352
0.8087,50.4214,0.075639
0.8087,50.5452,0.070132
0.8087,50.6689,0.073988
0.8087,50.7926,0.069187
0.8087,50.9164,0.06786
0.8087,51.0401,0.090418
0.8087,51.1639,0.053371
0.8087,51.2876,0.032395
0.8087,51.4114,0.05438
0.8087,51.5351,0.06062
0.8087,51.6589,0.057328
0.8087,51.7826,0.050976
0.8087,51.9064,0.049998
0.8087,52.0301,0.047323
0.8087,52.1538,0.041086
0.8087,52.2776,0.038263
0.8087,52.4013,0.040507
0.8087,52.5251,0.016083
0.8087,52.6488,0.060546
0.8087,52.7726,0.050376
0.8087,52.8963,0.064323
0.8087,53.0201,0.043972
0.8087,53.1438,0.038974
0.8087,53.2676,0.038047
0.8087,53.3913,0.043652
0.8087,53.5151,0.068581
0.8087,53.6388,0.041203
0.8087,53.7625,0.048914
0.8087,53.8863,0.055051
0.8087,54.01,0.043013
0.8087,54.1338,0.059146
0.8087,54.2575,0.057225
0.8087,54.3813,0.057034
0.8087,54.505,0.083825
0.8087,54.6288,0.061654
0.8087,54.7525,0.050989
0.8087,54.8763,0.069675
0.8087,55.0,0.074273
0.8174,18.0,0.056921
0.8174,18.1237,0.063139
0.8174,18.2475,0.080421
0.8174,18.3712,0.063243
0.8174,18.495,0.07635
0.8174,18.6187,0.0487
0.8174,18.7425,0.08833
0.8174,18.8662,0.093875
0.8174,18.99,0.074135
0.8174,19.1137,0.067927
0.8174,19.2375,0.088957
0.8174,19.3612,0.062928
0.8174,19.4849,0.082345
0.8174,19.6087,0.096969
0.8174,19.7324,0.071377
0.8174,19.8562,0.064907
0.8174,19.9799,0.087141
0.8174,20.1037,0.081397
0.8174,20.2274,0.084806
0.8174,20.3512,0.068333
0.8174,20.4749,0.068132
0.8174,20.5987,0.065617
0.8174,20.7224,0.084689
0.8174,20.8462,0.071057
0.8174,20.9699,0.058885
0.8174,21.0936,0.071669
0.8174,21.2174,0.065881
0.8174,21.3411,0.042867
0.8174,21.4649,0.045625
0.8174,21.5886,0.067768
0.8174,21.7124,0.049889
0.8174,21.8361,0.049103
0.8174,21.9599,0.031684
0.8174,22.0836,0.051772
0.8174,22.2074,0.026438
0.8174,22.3311,0.050691
0.8174,22.4548,0.048699
0.8174,22.5786,0.052437
0.8174,22.7023,0.035703
0.8174,22.8261,0.050952
0.8174,22.9498,0.033284
0.8174,23.0736,0.048273
0.8174,23.1973,0.06716
0.8174,23.3211,0.047769
0.8174,23.4448,0.061067
0.8174,23.5686,0.055916
0.8174,23.6923,0.057752
0.8174,23.8161,0.0647
0.8174,23.9398,0.055504
0.8174,24.0635,0.061811
0.8174,24.1873,0.062991
0.8174,24.311,0.046783
0.8174,24.4348,0.064117
0.8174,24.5585,0.080181
0.8174,24.6823,0.090451
0.8174,24.806,0.075724
0.8174,24.9298,0.106042
0.8174,25.0535,0.062511
0.8174,25.1773,0.079793
0.8174,25.301,0.079336
0.8174,25.4247,0.074286
0.8174,25.5485,0.126503
0.8174,25.6722,0.123419
0.8174,25.796,0.178899
0.8174,25.9197,0.27848
0.8174,26.0435,0.41207
0.8174,26.1672,0.618216
0.8174,26.291,0.838561
0.8174,26.4147,1.00085
0.8174,26.5385,1.144517
0.8174,26.6622,1.084669
0.8174,26.786,0.999215
0.8174,26.9097,0.850843
0.8174,27.0334,0.617913
0.8174,27.1572,0.425166
0.8174,27.2809,0.268223
0.8174,27.4047,0.171109
0.8174,27.5284,0.108848
0.8174,27.6522,0.066662
0.8174,27.7759,0.050775
0.8174,27.8997,0.057158
0.8174,28.0234,0.046789
0.8174,28.1472,0.028309
0.8174,28.2709,0.049069
0.8174,28.3946,0.061311
0.8174,28.5184,0.051499
0.8174,28.6421,0.064575
0.8174,28.7659,0.034458
0.8174,28.8896,0.052976
0.8174,29.0134,0.043396
0.8174,29.1371,0.072095
0.8174,29.2609,0.066309
0.8174,29.3846,0.041014
0.8174,29.5084,0.065257
0.8174,29.6321,0.067527
0.8174,29.7559,0.085237
0.8174,29.8796,0.060451
0.8174,30.0033,0.089049
0.8174,30.1271,0.075306
0.8174,30.2508,0.09156
0.8174,30.3746,0.070193
0.8174,30.4983,0.085644
0.8174,30.6221,0.077044
0.8174,30.7458,0.072338
0.8174,30.8696,0.065974
0.8174,30.9933,0.094301
0.8174,31.1171,0.073942
0.8174,31.2408,0.075567
0.8174,31.3645,0.086586
0.8174,31.4883,0.103503
0.8174,31.612,0.086809
0.8174,31.7358,0.079705
0.8174,31.8595,0.066969
0.8174,31.9833,0.10491
0.8174,32.107,0.085395
0.8174,32.2308,0.087607
0.8174,32.3545,0.058841
0.8174,32.4783,0.090693
0.8174,32.602,0.08624
0.8174,32.7258,0.126122
0.8174,32.8495,0.158825
0.8174,32.9732,0.213868
0.8174,33.097,0.250145
0.8174,33.2207,0.359636
0.8174,33.3445,0.41156
0.8174,33.4682,0.508696
0.8174,33.592,0.568542
0.8174,33.7157,0.668699
0.8174,33.8395,0.713219
0.8174,33.9632,0.749109
0.8174,34.087,0.723034
0.8174,34.2107,0.697815
0.8174,34.3344,0.628258
0.8174,34.4582,0.561434
0.8174,34.5819,0.481969
0.8174,34.7057,0.369649
0.8174,34.8294,0.293691
0.8174,34.9532,0.218697
0.8174,35.0769,0.171024
0.8174,35.2007,0.153512
0.8174,35.3244,0.094536
0.8174,35.4482,0.075701
0.8174,35.5719,0.061502
0.8174,35.6957,0.095349
0.8174,35.8194,0.068091
0.8174,35.9431,0.058013
0.8174,36.0669,0.084192
0.8174,36.1906,0.068744
0.8174,36.3144,0.082948
0.8174,36.4381,0.067446
0.8174,36.5619,0.097646
0.8174,36.6856,0.080183
0.8174,36.8094,0.063022
0.8174,36.9331,0.0853
0.8174,37.0569,0.077293
0.8174,37.1806,0.056409
0.8174,37.3043,0.070384
0.8174,37.4281,0.075834
0.8174,37.5518,0.074639
0.8174,37.6756,0.072967
0.8174,37.7993,0.062073
0.8174,37.9231,0.086121
0.8174,38.0468,0.090965
0.8174,38.1706,0.052821
0.8174,38.2943,0.046143
0.8174,38.4181,0.064922
0.8174,38.5418,0.064337
0.8174,38.6656,0.073009
0.8174,38.7893,0.06163
0.8174,38.913,0.069604
0.8174,39.0368,0.062508
0.8174,39.1605,0.043468
0.8174,39.2843,0.064212
0.8174,39.408,0.062179
0.8174,39.5318,0.041688
0.8174,39.6555,0.050442
0.8174,39.7793,0.045542
0.8174,39.903,0.035882
0.8174,40.0268,0.068753
0.8174,40.1505,0.064462
0.8174,40.2742,0.070592
0.8174,40.398,0.051045
0.8174,40.5217,0.049017
0.8174,40.6455,0.052848
0.8174,40.7692,0.052951
0.8174,40.893,0.029332
0.8174,41.0167,0.072022
0.8174,41.1405,0.03798
0.8174,41.2642,0.049731
0.8174,41.388,0.037849
0.8174,41.5117,0.045357
0.8174,41.6355,0.046472
0.8174,41.7592,0.059056
0.8174,41.8829,0.050526
0.8174,42.0067,0.075704
0.8174,42.1304,0.070922
0.8174,42.2542,0.052598
0.8174,42.3779,0.089906
0.8174,42.5017,0.049963
0.8174,42.6254,0.094611
0.8174,42.7492,0.065937
0.8174,42.8729,0.068557
0.8174,42.9967,0.063223
0.8174,43.1204,0.066864
0.8174,43.2441,0.096856
0.8174,43.3679,0.094384
0.8174,43.4916,0.074751
0.8174,43.6154,0.096344
0.8174,43.7391,0.084828
0.8174,43.8629,0.089461
0.8174,43.9866,0.10497
0.8174,44.1104,0.068114
0.8174,44.2341,0.068003
0.8174,44.3579,0.096363
0.8174,44.4816,0.059676
0.8174,44.6054,0.086716
0.8174,44.7291,0.07612
0.8174,44.8528,0.108851
0.8174,44.9766,0.056049
0.8174,45.1003,0.043375
0.8174,45.2241,0.052117
0.8174,45.3478,0.064609
0.8174,45.4716,0.058116
0.8174,45.5953,0.075116
0.8174,45.7191,0.072813
0.8174,45.8428,0.085946
0.8174,45.9666,0.161755
0.8174,46.0903,0.185819
0.8174,46.214,0.26562
0.8174,46.3378,0.336482
0.8174,46.4615,0.414812
0.8174,46.5853,0.480016
0.8174,46.709,0.524221
0.8174,46.8328,0.505351
0.8174,46.9565,0.49178
0.8174,47.0803,0.4464
0.8174,47.204,0.354773
0.8174,47.3278,0.307821
0.8174,47.4515,0.212527
0.8174,47.5753,0.175186
0.8174,47.699,0.141253
0.8174,47.8227,0.106411
0.8174,47.9465,0.084285
0.8174,48.0702,0.078719
0.8174,48.194,0.083274
0.8174,48.3177,0.078003
0.8174,48.4415,0.059668
0.8174,48.5652,0.07704
0.8174,48.689,0.065636
0.8174,48.8127,0.066917
0.8174,48.9365,0.04753
0.8174,49.0602,0.098982
0.8174,49.1839,0.06313
0.8174,49.3077,0.096421
0.8174,49.4314,0.083043
0.8174,49.5552,0.072047
0.8174,49.6789,0.119106
0.8174,49.8027,0.093945
0.8174,49.9264,0.069156
0.8174,50.0502,0.089688
0.8174,50.1739,0.082601
0.8174,50.2977,0.086475
0.8174,50.4214,0.088401
0.8174,50.5452,0.07518
0.8174,50.6689,0.085586
0.8174,50.7926,0.060741
0.8174,50.9164,0.07657
0.8174,51.0401,0.061704
0.8174,51.1639,0.066646
0.8174,51.2876,0.022716
0.8174,51.4114,0.043694
0.8174,51.5351,0.046855
0.8174,51.6589,0.066266
0.8174,51.7826,0.060725
0.8174,51.9064,0.061821
0.8174,52.0301,0.062138
0.8174,52.1538,0.042958
0.8174,52.2776,0.058857
0.8174,52.4013,0.056069
0.8174,52.5251,0.039862
0.8174,52.6488,0.048961
0.8174,52.7726,0.045919
0.8174,52.8963,0.034737
0.8174,53.0201,0.056091
0.8174,53.1438,0.065776
0.8174,53.2676,0.025262
0.8174,53.3913,0.023536
0.8174,53.5151,0.036968
0.8174,53.6388,0.060168
0.8174,53.7625,0.0536
0.8174,53.8863,0.063612
0.8174,54.01,0.080058
0.8174,54.1338,0.072255
0.8174,54.2575,0.059423
0.8174,54.3813,0.082227
0.8174,54.505,0.087366
0.8174,54.6288,0.065866
0.8174,54.7525,0.074507
0.8174,54.8763,0.074353
0.8174,55.0,0.089035
0.8261,18.0,0.055407
0.8261,18.1237,0.076296
0.8261,18.2475,0.061693
0.8261,18.3712,0.054846
0.8261,18.495,0.080501
0.8261,18.6187,0.080623
0.8261,18.7425,0.071562
0.8261,18.8662,0.068738
0.8261,18.99,0.060076
0.8261,19.1137,0.066857
0.8261,19.2375,0.084213
0.8261,19.3612,0.076046
0.8261,19.4849,0.086133
0.8261,19.6087,0.085565
0.8261,19.7324,0.071431
0.8261,19.8562,0.071209
0.8261,19.9799,0.073208
0.8261,20.1037,0.097845
0.8261,20.2274,0.086522
0.8261,20.3512,0.070012
0.8261,20.4749,0.074216
0.8261,20.5987,0.069656
0.8261,20.7224,0.045778
0.8261,20.8462,0.072588
0.8261,20.9699,0.058047
0.8261,21.0936,0.052159
0.8261,21.2174,0.045963
0.8261,21.3411,0.064282
0.8261,21.4649,0.039875
0.8261,21.5886,0.063047
0.8261,21.7124,0.027417
0.8261,21.8361,0.046823
0.8261,21.9599,0.042093
0.8261,22.0836,0.042196
0.8261,22.2074,0.031262
0.8261,22.3311,0.02544
0.8261,22.4548,0.036366
0.8261,22.5786,0.035025
0.8261,22.7023,0.047807
0.8261,22.8261,0.050158
0.8261,22.9498,0.049179
0.8261,23.0736,0.040048
0.8261,23.1973,0.06074
0.8261,23.3211,0.046521
0.8261,23.4448,0.040793
0.8261,23.5686,0.05309
0.8261,23.6923,0.064034
0.8261,23.8161,0.066955
0.8261,23.9398,0.059944
0.8261,24.0635,0.064376
0.8261,24.1873,0.055653
0.8261,24.311,0.067203
0.8261,24.4348,0.052118
0.8261,24.5585,0.071634
0.8261,24.6823,0.076817
0.8261,24.806,0.06778
0.8261,24.9298,0.070767
0.8261,25.0535,0.078522
0.8261,25.1773,0.072714
0.8261,25.301,0.113781
0.8261,25.4247,0.085306
0.8261,25.5485,0.11376
0.8261,25.6722,0.117558
0.8261,25.796,0.164126
0.8261,25.9197,0.281711
0.8261,26.0435,0.394074
0.8261,26.1672,0.5596
0.8261,26.291,0.781832
0.8261,26.4147,0.941648
0.8261,26.5385,1.071034
0.8261,26.6622,1.08118
0.8261,26.786,1.038613
0.8261,26.9097,0.876915
0.8261,27.0334,0.657615
0.8261,27.1572,0.451236
0.8261,27.2809,0.307061
0.8261,27.4047,0.175549
0.8261,27.5284,0.129763
0.8261,27.6522,0.08448
0.8261,27.7759,0.046414
0.8261,27.8997,0.050943
0.8261,28.0234,0.057204
0.8261,28.1472,0.053367
0.8261,28.2709,0.031791
0.8261,28.3946,0.062044
0.8261,28.5184,0.048396
0.8261,28.6421,0.042724
0.8261,28.7659,0.020264
0.8261,28.8896,0.045506
0.8261,29.0134,0.043919
0.8261,29.1371,0.042882
0.8261,29.2609,0.04041
0.8261,29.3846,0.063086
0.8261,29.5084,0.072402
0.8261,29.6321,0.051977
0.8261,29.7559,0.067678
0.8261,29.8796,0.050352
0.8261,30.0033,0.064549
0.8261,30.1271,0.077969
0.8261,30.2508,0.078704
0.8261,30.3746,0.060064
0.8261,30.4983,0.082734
0.8261,30.6221,0.077375
0.8261,30.7458,0.05781
0.8261,30.8696,0.070454
0.8261,30.9933,0.088997
0.8261,31.1171,0.061377
0.8261,31.2408,0.078444
0.8261,31.3645,0.066643
0.8261,31.4883,0.086385
0.8261,31.612,0.100246
0.8261,31.7358,0.079332
0.8261,31.8595,0.07802
0.8261,31.9833,0.082343
0.8261,32.107,0.077063
0.8261,32.2308,0.071714
0.8261,32.3545,0.086984
0.8261,32.4783,0.118545
0.8261,32.602,0.087029
0.8261,32.7258,0.138873
0.8261,32.8495,0.183449
0.8261,32.9732,0.195359
0.8261,33.097,0.25498
0.8261,33.2207,0.369796
0.8261,33.3445,0.429136
0.8261,33.4682,0.529824
0.8261,33.592,0.600818
0.8261,33.7157,0.664807
0.8261,33.8395,0.74217
0.8261,33.9632,0.742031
0.8261,34.087,0.748279
0.8261,34.2107,0.674532
0.8261,34.3344,0.65117
0.8261,34.4582,0.533618
0.8261,34.5819,0.466452
0.8261,34.7057,0.363332
0.8261,34.8294,0.312149
0.8261,34.9532,0.204181
0.8261,35.0769,0.186917
0.8261,35.2007,0.129105
0.8261,35.3244,0.088712
0.8261,35.4482,0.099779
0.8261,35.5719,0.084914
0.8261,35.6957,0.056445
0.8261,35.8194,0.061951
0.8261,35.9431,0.055386
0.8261,36.0669,0.053242
0.8261,36.1906,0.055918
0.8261,36.3144,0.063446
0.8261,36.4381,0.059454
0.8261,36.5619,0.081062
0.8261,36.6856,0.07912
0.8261,36.8094,0.099971
0.8261,36.9331,0.075575
0.8261,37.0569,0.063494
0.8261,37.1806,0.082167
0.8261,37.3043,0.106141
0.8261,37.4281,0.10057
0.8261,37.5518,0.071056
0.8261,37.6756,0.074738
0.8261,37.7993,0.064734
0.8261,37.9231,0.056409
0.8261,38.0468,0.07181
0.8261,38.1706,0.07473
0.8261,38.2943,0.08561
0.8261,38.4181,0.07179
0.8261,38.5418,0.078464
0.8261,38.6656,0.062175
0.8261,38.7893,0.071965
0.8261,38.913,0.066306
0.8261,39.0368,0.062583
0.8261,39.1605,0.052756
0.8261,39.2843,0.035357
0.8261,39.408,0.055125
0.8261,39.5318,0.059773
0.8261,39.6555,0.049738
0.8261,39.7793,0.02368
0.8261,39.903,0.046838
0.8261,40.0268,0.047495
0.8261,40.1505,0.035029
0.8261,40.2742,0.038716
0.8261,40.398,0.054734
0.8261,40.5217,0.070264
0.8261,40.6455,0.047933
0.8261,40.7692,0.061018
0.8261,40.893,0.035357
0.8261,41.0167,0.053881
0.8261,41.1405,0.025637
0.8261,41.2642,0.026945
0.8261,41.388,0.065128
0.8261,41.5117,0.055847
0.8261,41.6355,0.051489
0.8261,41.7592,0.071377
0.8261,41.8829,0.057109
0.8261,42.0067,0.079595
0.8261,42.1304,0.062367
0.8261,42.2542,0.089121
0.8261,42.3779,0.029984
0.8261,42.5017,0.029726
0.8261,42.6254,0.080278
0.8261,42.7492,0.106712
0.8261,42.8729,0.06189
0.8261,42.9967,0.11355
0.8261,43.1204,0.090339
0.8261,43.2441,0.082952
0.8261,43.3679,0.088955
0.8261,43.4916,0.069415
0.8261,43.6154,0.078132
0.8261,43.7391,0.080366
0.8261,43.8629,0.060838
0.8261,43.9866,0.078632
0.8261,44.1104,0.066602
0.8261,44.2341,0.06591
0.8261,44.3579,0.074937
0.8261,44.4816,0.078415
0.8261,44.6054,0.059464
0.8261,44.7291,0.07527
0.8261,44.8528,0.067694
0.8261,44.9766,0.065058
0.8261,45.1003,0.034561
0.8261,45.2241,0.064845
0.8261,45.3478,0.064334
0.8261,45.4716,0.052375
0.8261,45.5953,0.082397
0.8261,45.7191,0.091037
0.8261,45.8428,0.130481
0.8261,45.9666,0.154738
0.8261,46.0903,0.215486
0.8261,46.214,0.271967
0.8261,46.3378,0.356451
0.8261,46.4615,0.402738
0.8261,46.5853,0.459354
0.8261,46.709,0.516436
0.8261,46.8328,0.525391
0.8261,46.9565,0.483691
0.8261,47.0803,0.441491
0.8261,47.204,0.372177
0.8261,47.3278,0.315612
0.8261,47.4515,0.23922
0.8261,47.5753,0.187536
0.8261,47.699,0.152855
0.8261,47.8227,0.10807
0.8261,47.9465,0.089838
0.8261,48.0702,0.081521
0.8261,48.194,0.08252
0.8261,48.3177,0.058743
0.8261,48.4415,0.066231
0.8261,48.5652,0.080253
0.8261,48.689,0.06328
0.8261,48.8127,0.0781
0.8261,48.9365,0.075674
0.8261,49.0602,0.078379
0.8261,49.1839,0.094337
0.8261,49.3077,0.0551
0.8261,49.4314,0.079054
0.8261,49.5552,0.068487
0.8261,49.6789,0.104703
0.8261,49.8027,0.076709
0.8261,49.9264,0.060296
0.8261,50.0502,0.089009
0.8261,50.1739,0.093024
0.8261,50.2977,0.060661
0.8261,50.4214,0.063556
0.8261,50.5452,0.074861
0.8261,50.6689,0.092678
0.8261,50.7926,0.059662
0.8261,50.9164,0.061508
0.8261,51.0401,0.080483
0.8261,51.1639,0.062239
0.8261,51.2876,0.057614
0.8261,51.4114,0.083742
0.8261,51.5351,0.044898
0.8261,51.6589,0.069572
0.8261,51.7826,0.039398
0.8261,51.9064,0.053949
0.8261,52.0301,0.060495
0.8261,52.1538,0.051952
0.8261,52.2776,0.061626
0.8261,52.4013,0.024044
0.8261,52.5251,0.047428
0.8261,52.6488,0.038505
0.8261,52.7726,0.052305
0.8261,52.8963,0.044583
0.8261,53.0201,0.037198
0.8261,53.1438,0.062489
0.8261,53.2676,0.056047
0.8261,53.3913,0.069199
0.8261,53.5151,0.044632
0.8261,53.6388,0.064994
0.8261,53.7625,0.042738
0.8261,53.8863,0.082488
0.8261,54.01,0.058322
0.8261,54.1338,0.062108
0.8261,54.2575,0.077775
0.8261,54.3813,0.093579
0.8261,54.505,0.075286
0.8261,54.6288,0.067983
0.8261,54.7525,0.065633
0.8261,54.8763,0.102041
0.8261,55.0,0.073563
0.8348,18.0,0.096201
0.8348,18.1237,0.05931
0.8348,18.2475,0.066127
0.8348,18.3712,0.090678
0.8348,18.495,0.077165
0.8348,18.6187,0.079427
0.8348,18.7425,0.057948
0.8348,18.8662,0.096115
0.8348,18.99,0.091126
0.8348,19.1137,0.073755
0.8348,19.2375,0.070329
0.8348,19.3612,0.073683
0.8348,19.4849,0.062078
0.8348,19.6087,0.0653
0.8348,19.7324,0.086129
0.8348,19.8562,0.060796
0.8348,19.9799,0.068256
0.8348,20.1037,0.065541
0.8348,20.2274,0.078748
0.8348,20.3512,0.055292
0.8348,20.4749,0.04438
0.8348,20.5987,0.06017
0.8348,20.7224,0.05402
0.8348,20.8462,0.058691
0.8348,20.9699,0.079649
0.8348,21.0936,0.058313
0.8348,21.2174,0.05709
0.8348,21.3411,0.052931
0.8348,21.4649,0.040869
0.8348,21.5886,0.043703
0.8348,21.7124,0.049639
0.8348,21.8361,0.063695
0.8348,21.9599,0.051046
0.8348,22.0836,0.043447
0.8348,22.2074,0.040608
0.8348,22.3311,0.049727
0.8348,22.4548,0.037379
0.8348,22.5786,0.057352
0.8348,22.7023,0.052893
0.8348,22.8261,0.09239
0.8348,22.9498,0.04654
0.8348,23.0736,0.05345
0.8348,23.1973,0.069383
0.8348,23.3211,0.035287
0.8348,23.4448,0.062184
0.8348,23.5686,0.06282
0.8348,23.6923,0.058074
0.8348,23.8161,0.076333
0.8348,23.9398,0.076308
0.8348,24.0635,0.067939
0.8348,24.1873,0.090799
0.8348,24.311,0.065472
0.8348,24.4348,0.082825
0.8348,24.5585,0.087213
0.8348,24.6823,0.090129
0.8348,24.806,0.086503
0.8348,24.9298,0.074055
0.8348,25.0535,0.082627
0.8348,25.1773,0.076046
0.8348,25.301,0.078438
0.8348,25.4247,0.085933
0.8348,25.5485,0.08998
0.8348,25.6722,0.136449
0.8348,25.796,0.159614
0.8348,25.9197,0.228727
0.8348,26.0435,0.365231
0.8348,26.1672,0.530678
0.8348,26.291,0.740128
0.8348,26.4147,0.930987
0.8348,26.5385,1.049315
0.8348,26.6622,1.100587
0.8348,26.786,1.025764
0.8348,26.9097,0.882728
0.8348,27.0334,0.716876
0.8348,27.1572,0.48258
0.8348,27.2809,0.298394
0.8348,27.4047,0.183807
0.8348,27.5284,0.132042
0.8348,27.6522,0.066135
0.8348,27.7759,0.060791
0.8348,27.8997,0.071895
0.8348,28.0234,0.042459
0.8348,28.1472,0.057849
0.8348,28.2709,0.041067
0.8348,28.3946,0.04484
0.8348,28.5184,0.050586
0.8348,28.6421,0.048314
0.8348,28.7659,0.034901
0.8348,28.8896,0.063913
0.8348,29.0134,0.036798
0.8348,29.1371,0.043423
0.8348,29.2609,0.054655
0.8348,29.3846,0.07067
0.8348,29.5084,0.056557
0.8348,29.6321,0.067436
0.8348,29.7559,0.06621
0.8348,29.8796,0.062495
0.8348,30.0033,0.06034
0.8348,30.1271,0.056343
0.8348,30.2508,0.073116
0.8348,30.3746,0.085422
0.8348,30.4983,0.056962
0.8348,30.6221,0.074821
0.8348,30.7458,0.109365
0.8348,30.8696,0.097916
0.8348,30.9933,0.082234
0.8348,31.1171,0.080609
0.8348,31.2408,0.092414
0.8348,31.3645,0.085278
0.8348,31.4883,0.054191
0.8348,31.612,0.07399
0.8348,31.7358,0.080246
0.8348,31.8595,0.091735
0.8348,31.9833,0.073699
0.8348,32.107,0.064056
0.8348,32.2308,0.082042
0.8348,32.3545,0.089433
0.8348,32.4783,0.069356
0.8348,32.602,0.113769
0.8348,32.7258,0.115681
0.8348,32.8495,0.157356
0.8348,32.9732,0.2056
0.8348,33.097,0.273269
0.8348,33.2207,0.336972
0.8348,33.3445,0.455573
0.8348,33.4682,0.513572
0.8348,33.592,0.627432
0.8348,33.7157,0.66805
0.8348,33.8395,0.712587
0.8348,33.9632,0.729437
0.8348,34.087,0.724762
0.8348,34.2107,0.688757
0.8348,34.3344,0.620619
0.8348,34.4582,0.55178
0.8348,34.5819,0.467236
0.8348,34.7057,0.367442
0.8348,34.8294,0.264083
0.8348,34.9532,0.211918
0.8348,35.0769,0.180667
0.8348,35.2007,0.157778
0.8348,35.3244,0.091455
0.8348,35.4482,0.097338
0.8348,35.5719,0.086895
0.8348,35.6957,0.036683
0.8348,35.8194,0.07403
0.8348,35.9431,0.073271
0.8348,36.0669,0.072938
0.8348,36.1906,0.062814
0.8348,36.3144,0.067409
0.8348,36.4381,0.068921
0.8348,36.5619,0.061037
0.8348,36.6856,0.084139
0.8348,36.8094,0.088311
0.8348,36.9331,0.073895
0.8348,37.0569,0.067516
0.8348,37.1806,0.093195
0.8348,37.3043,0.097924
0.8348,37.4281,0.085335
0.8348,37.5518,0.09938
0.8348,37.6756,0.090903
0.8348,37.7993,0.082973
0.8348,37.9231,0.080497
0.8348,38.0468,0.079139
0.8348,38.1706,0.066966
0.8348,38.2943,0.037067
0.8348,38.4181,0.070902
0.8348,38.5418,0.060614
0.8348,38.6656,0.069202
0.8348,38.7893,0.065601
0.8348,38.913,0.080788
0.8348,39.0368,0.049203
0.8348,39.1605,0.033854
0.8348,39.2843,0.062163
0.8348,39.408,0.07407
0.8348,39.5318,0.047041
0.8348,39.6555,0.041241
0.8348,39.7793,0.066394
0.8348,39.903,0.037623
0.8348,40.0268,0.054472
0.8348,40.1505,0.045226
0.8348,40.2742,0.051528
0.8348,40.398,0.051857
0.8348,40.5217,0.026459
0.8348,40.6455,0.060782
0.8348,40.7692,0.037722
0.8348,40.893,0.063183
0.8348,41.0167,0.060983
0.8348,41.1405,0.052992
0.8348,41.2642,0.058484
0.8348,41.388,0.05851
0.8348,41.5117,0.063003
0.8348,41.6355,0.064343
0.8348,41.7592,0.05919
0.8348,41.8829,0.078496
0.8348,42.0067,0.090601
0.8348,42.1304,0.08829
0.8348,42.2542,0.067333
0.8348,42.3779,0.067885
0.8348,42.5017,0.068245
0.8348,42.6254,0.052523
0.8348,42.7492,0.094492
0.8348,42.8729,0.09427
0.8348,42.9967,0.069324
0.8348,43.1204,0.083428
0.8348,43.2441,0.075214
0.8348,43.3679,0.074124
0.8348,43.4916,0.098371
0.8348,43.6154,0.078766
0.8348,43.7391,0.073807
0.8348,43.8629,0.07843
0.8348,43.9866,0.07071
0.8348,44.1104,0.080851
0.8348,44.2341,0.09109
0.8348,44.3579,0.050485
0.8348,44.4816,0.045104
0.8348,44.6054,0.068988
0.8348,44.7291,0.081483
0.8348,44.8528,0.076581
0.8348,44.9766,0.071941
0.8348,45.1003,0.070234
0.8348,45.2241,0.053817
0.8348,45.3478,0.064677
0.8348,45.4716,0.065577
0.8348,45.5953,0.078832
0.8348,45.7191,0.11595
0.8348,45.8428,0.09548
0.8348,45.9666,0.160869
0.8348,46.0903,0.199525
0.8348,46.214,0.285263
0.8348,46.3378,0.320467
0.8348,46.4615,0.402363
0.8348,46.5853,0.45624
0.8348,46.709,0.511784
0.8348,46.8328,0.511114
0.8348,46.9565,0.491512
0.8348,47.0803,0.445175
0.8348,47.204,0.372856
0.8348,47.3278,0.316641
0.8348,47.4515,0.233938
0.8348,47.5753,0.183275
0.8348,47.699,0.117352
0.8348,47.8227,0.136262
0.8348,47.9465,0.084517
0.8348,48.0702,0.093206
0.8348,48.194,0.075259
0.8348,48.3177,0.047527
0.8348,48.4415,0.055248
0.8348,48.5652,0.049552
0.8348,48.689,0.076152
0.8348,48.8127,0.038009
0.8348,48.9365,0.07205
0.8348,49.0602,0.074319
0.8348,49.1839,0.080547
0.8348,49.3077,0.080848
0.8348,49.4314,0.065186
0.8348,49.5552,0.099032
0.8348,49.6789,0.076612
0.8348,49.8027,0.082272
0.8348,49.9264,0.075428
0.8348,50.0502,0.092106
0.8348,50.1739,0.059171
0.8348,50.2977,0.081067
0.8348,50.4214,0.068304
0.8348,50.5452,0.049777
0.8348,50.6689,0.094354
0.8348,50.7926,0.065788
0.8348,50.9164,0.072973
0.8348,51.0401,0.042512
0.8348,51.1639,0.052481
0.8348,51.2876,0.034722
0.8348,51.4114,0.061541
0.8348,51.5351,0.064025
0.8348,51.6589,0.063223
0.8348,51.7826,0.058025
0.8348,51.9064,0.032761
0.8348,52.0301,0.062913
0.8348,52.1538,0.053059
0.8348,52.2776,0.053568
0.8348,52.4013,0.041083
0.8348,52.5251,0.025297
0.8348,52.6488,0.048039
0.8348,52.7726,0.029582
0.8348,52.8963,0.040816
0.8348,53.0201,0.022603
0.8348,53.1438,0.072249
0.8348,53.2676,0.070551
0.8348,53.3913,0.054691
0.8348,53.5151,0.057888
0.8348,53.6388,0.05159
0.8348,53.7625,0.066
0.8348,53.8863,0.052953
0.8348,54.01,0.05306
0.8348,54.1338,0.079563
0.8348,54.2575,0.050866
0.8348,54.3813,0.071148
0.8348,54.505,0.061322
0.8348,54.6288,0.071983
0.8348,54.7525,0.079224
0.8348,54.8763,0.084134
0.8348,55.0,0.054853
0.8435,18.0,0.049856
0.8435,18.1237,0.078697
0.8435,18.2475,0.079345
0.8435,18.3712,0.066941
0.8435,18.495,0.065578
0.8435,18.6187,0.095607
0.8435,18.7425,0.056133
0.8435,18.8662,0.087296
0.8435,18.99,0.101263
0.8435,19.1137,0.073052
0.8435,19.2375,0.076736
0.8435,19.3612,0.085196
0.8435,19.4849,0.070946
0.8435,19.6087,0.088229
0.8435,19.7324,0.057278
0.8435,19.8562,0.065149
0.8435,19.9799,0.058049
0.8435,20.1037,0.07523
0.8435,20.2274,0.044791
0.8435,20.3512,0.076377
0.8435,20.4749,0.064401
0.8435,20.5987,0.056273
0.8435,20.7224,0.068463
0.8435,20.8462,0.06957
0.8435,20.9699,0.068938
0.8435,21.0936,0.047132
0.8435,21.2174,0.067346
0.8435,21.3411,0.085632
0.8435,21.4649,0.056788
0.8435,21.5886,0.037809
0.8435,21.7124,0.054956
0.8435,21.8361,0.052085
0.8435,21.9599,0.036879
0.8435,22.0836,0.031801
0.8435,22.2074,0.050258
0.8435,22.3311,0.028327
0.8435,22.4548,0.039746
0.8435,22.5786,0.071661
0.8435,22.7023,0.037894
0.8435,22.8261,0.051965
0.8435,22.9498,0.07002
0.8435,23.0736,0.04311
0.8435,23.1973,0.055038
0.8435,23.3211,0.073412
0.8435,23.4448,0.037515
0.8435,23.5686,0.041284
0.8435,23.6923,0.067293
0.8435,23.8161,0.06285
0.8435,23.9398,0.062204
0.8435,24.0635,0.057707
0.8435,24.1873,0.083719
0.8435,24.311,0.070939
0.8435,24.4348,0.067375
0.8435,24.5585,0.11893
0.8435,24.6823,0.08439
0.8435,24.806,0.071781
0.8435,24.9298,0.069837
0.8435,25.0535,0.047906
0.8435,25.1773,0.066514
0.8435,25.301,0.085677
0.8435,25.4247,0.068886
0.8435,25.5485,0.073058
0.8435,25.6722,0.111486
0.8435,25.796,0.129326
0.8435,25.9197,0.217501
0.8435,26.0435,0.353328
0.8435,26.1672,0.499135
0.8435,26.291,0.69035
0.8435,26.4147,0.883294
0.8435,26.5385,1.047902
0.8435,26.6622,1.123688
0.8435,26.786,1.076876
0.8435,26.9097,0.91329
0.8435,27.0334,0.738263
0.8435,27.1572,0.539727
0.8435,27.2809,0.347714
0.8435,27.4047,0.203719
0.8435,27.5284,0.136079
0.8435,27.6522,0.08458
0.8435,27.7759,0.059171
0.8435,27.8997,0.044896
0.8435,28.0234,0.049691
0.8435,28.1472,0.044784
0.8435,28.2709,0.062249
0.8435,28.3946,0.057747
0.8435,28.5184,0.063981
0.8435,28.6421,0.066666
0.8435,28.7659,0.035692
0.8435,28.8896,0.066023
0.8435,29.0134,0.049754
0.8435,29.1371,0.056376
0.8435,29.2609,0.028085
0.8435,29.3846,0.054924
0.8435,29.5084,0.060441
0.8435,29.6321,0.064347
0.8435,29.7559,0.041024
0.8435,29.8796,0.088587
0.8435,30.0033,0.082954
0.8435,30.1271,0.057246
0.8435,30.2508,0.06309
0.8435,30.3746,0.073301
0.8435,30.4983,0.080921
0.8435,30.6221,0.077629
0.8435,30.7458,0.075091
0.8435,30.8696,0.09524
0.8435,30.9933,0.098954
0.8435,31.1171,0.083892
0.8435,31.2408,0.094561
0.8435,31.3645,0.068902
0.8435,31.4883,0.097301
0.8435,31.612,0.100748
0.8435,31.7358,0.097514
0.8435,31.8595,0.078178
0.8435,31.9833,0.079592
0.8435,32.107,0.055285
0.8435,32.2308,0.085675
0.8435,32.3545,0.083775
0.8435,32.4783,0.105078
0.8435,32.602,0.105302
0.8435,32.7258,0.15653
0.8435,32.8495,0.173462
0.8435,32.9732,0.22628
0.8435,33.097,0.288746
0.8435,33.2207,0.376803
0.8435,33.3445,0.452203
0.8435,33.4682,0.522629
0.8435,33.592,0.606681
0.8435,33.7157,0.698943
0.8435,33.8395,0.737874
0.8435,33.9632,0.730691
0.8435,34.087,0.711135
0.8435,34.2107,0.706066
0.8435,34.3344,0.622432
0.8435,34.4582,0.498682
0.8435,34.5819,0.451771
0.8435,34.7057,0.351589
0.8435,34.8294,0.277931
0.8435,34.9532,0.235052
0.8435,35.0769,0.158395
0.8435,35.2007,0.14126
0.8435,35.3244,0.086919
0.8435,35.4482,0.089628
0.8435,35.5719,0.063174
0.8435,35.6957,0.075559
0.8435,35.8194,0.081565
0.8435,35.9431,0.042349
0.8435,36.0669,0.085671
0.8435,36.1906,0.055053
0.8435,36.3144,0.092494
0.8435,36.4381,0.09012
0.8435,36.5619,0.07553
0.8435,36.6856,0.085685
0.8435,36.8094,0.076823
0.8435,36.9331,0.088834
0.8435,37.0569,0.059675
0.8435,37.1806,0.09201
0.8435,37.3043,0.067686
0.8435,37.4281,0.075688
0.8435,37.5518,0.073543
0.8435,37.6756,0.071721
0.8435,37.7993,0.054283
0.8435,37.9231,0.056374
0.8435,38.0468,0.087734
0.8435,38.1706,0.072723
0.8435,38.2943,0.051112
0.8435,38.4181,0.064288
0.8435,38.5418,0.076225
0.8435,38.6656,0.06962
0.8435,38.7893,0.038795
0.8435,38.913,0.064892
0.8435,39.0368,0.048571
0.8435,39.1605,0.055669
0.8435,39.2843,0.042219
0.8435,39.408,0.043343
0.8435,39.5318,0.068828
0.8435,39.6555,0.041968
0.8435,39.7793,0.058541
0.8435,39.903,0.033812
0.8435,40.0268,0.042349
0.8435,40.1505,0.051375
0.8435,40.2742,0.05562
0.8435,40.398,0.062636
0.8435,40.5217,0.072453
0.8435,40.6455,0.048953
0.8435,40.7692,0.041561
0.8435,40.893,0.047994
0.8435,41.0167,0.028802
0.8435,41.1405,0.068765
0.8435,41.2642,0.067249
0.8435,41.388,0.060402
0.8435,41.5117,0.072087
0.8435,41.6355,0.022251
0.8435,41.7592,0.077901
0.8435,41.8829,0.062545
0.8435,42.0067,0.057239
0.8435,42.1304,0.055123
0.8435,42.2542,0.054112
0.8435,42.3779,0.078541
0.8435,42.5017,0.085949
0.8435,42.6254,0.094852
0.8435,42.7492,0.069867
0.8435,42.8729,0.078115
0.8435,42.9967,0.080006
0.8435,43.1204,0.079595
0.8435,43.2441,0.08117
0.8435,43.3679,0.108117
0.8435,43.4916,0.097207
0.8435,43.6154,0.087432
0.8435,43.7391,0.077856
0.8435,43.8629,0.064771
0.8435,43.9866,0.082762
0.8435,44.1104,0.086992
0.8435,44.2341,0.104254
0.8435,44.3579,0.061562
0.8435,44.4816,0.055672
0.8435,44.6054,0.043372
0.8435,44.7291,0.063977
0.8435,44.8528,0.05036
0.8435,44.9766,0.056485
0.8435,45.1003,0.073911
0.8435,45.2241,0.059597
0.8435,45.3478,0.065062
0.8435,45.4716,0.082455
0.8435,45.5953,0.082064
0.8435,45.7191,0.083412
0.8435,45.8428,0.105992
0.8435,45.9666,0.136779
0.8435,46.0903,0.194703
0.8435,46.214,0.279712
0.8435,46.3378,0.336122
0.8435,46.4615,0.40978
0.8435,46.5853,0.464953
0.8435,46.709,0.513724
0.8435,46.8328,0.521452
0.8435,46.9565,0.500855
0.8435,47.0803,0.446994
0.8435,47.204,0.388808
0.8435,47.3278,0.305036
0.8435,47.4515,0.247932
0.8435,47.5753,0.167368
0.8435,47.699,0.133221
0.8435,47.8227,0.084677
0.8435,47.9465,0.088256
0.8435,48.0702,0.073
0.8435,48.194,0.081791
0.8435,48.3177,0.06651
0.8435,48.4415,0.063665
0.8435,48.5652,0.081745
0.8435,48.689,0.060666
0.8435,48.8127,0.068935
0.8435,48.9365,0.099721
0.8435,49.0602,0.076364
0.8435,49.1839,0.091849
0.8435,49.3077,0.082111
0.8435,49.4314,0.07132
0.8435,49.5552,0.094989
0.8435,49.6789,0.065979
0.8435,49.8027,0.093922
0.8435,49.9264,0.091045
0.8435,50.0502,0.068742
0.8435,50.1739,0.075122
0.8435,50.2977,0.065111
0.8435,50.4214,0.077952
0.8435,50.5452,0.073185
0.8435,50.6689,0.070964
0.8435,50.7926,0.06852
0.8435,50.9164,0.090423
0.8435,51.0401,0.041644
0.8435,51.1639,0.041409
0.8435,51.2876,0.041388
0.8435,51.4114,0.047375
0.8435,51.5351,0.072964
0.8435,51.6589,0.076659
0.8435,51.7826,0.07652
0.8435,51.9064,0.035961
0.8435,52.0301,0.048835
0.8435,52.1538,0.048316
0.8435,52.2776,0.035792
0.8435,52.4013,0.042501
0.8435,52.5251,0.051563
0.8435,52.6488,0.048652
0.8435,52.7726,0.050443
0.8435,52.8963,0.041349
0.8435,53.0201,0.065859
0.8435,53.1438,0.038752
0.8435,53.2676,0.069247
0.8435,53.3913,0.055755
0.8435,53.5151,0.081476
0.8435,53.6388,0.055227
0.8435,53.7625,0.064089
0.8435,53.8863,0.072299
0.8435,54.01,0.062627
0.8435,54.1338,0.063932
0.8435,54.2575,0.053557
0.8435,54.3813,0.071197
0.8435,54.505,0.076847
0.8435,54.6288,0.053051
0.8435,54.7525,0.060502
0.8435,54.8763,0.069434
0.8435,55.0,0.070361
0.8522,18.0,0.065866
0.8522,18.1237,0.091904
0.8522,18.2475,0.076614
0.8522,18.3712,0.077369
0.8522,18.495,0.100163
0.8522,18.6187,0.064806
0.8522,18.7425,0.085961
0.8522,18.8662,0.084434
0.8522,18.99,0.089374
0.8522,19.1137,0.069046
0.8522,19.2375,0.06757
0.8522,19.3612,0.09733
0.8522,19.4849,0.08643
0.8522,19.6087,0.070805
0.8522,19.7324,0.091617
0.8522,19.8562,0.077697
0.8522,19.9799,0.065743
0.8522,20.1037,0.053708
0.8522,20.2274,0.058798
0.8522,20.3512,0.069744
0.8522,20.4749,0.04439
0.8522,20.5987,0.078046
0.8522,20.7224,0.058606
0.8522,20.8462,0.042484
0.8522,20.9699,0.056404
0.8522,21.0936,0.051255
0.8522,21.2174,0.057417
0.8522,21.3411,0.04844
0.8522,21.4649,0.049566
0.8522,21.5886,0.043071
0.8522,21.7124,0.073849
0.8522,21.8361,0.065849
0.8522,21.9599,0.033521
0.8522,22.0836,0.042477
0.8522,22.2074,0.049063
0.8522,22.3311,0.050085
0.8522,22.4548,0.031438
0.8522,22.5786,0.025706
0.8522,22.7023,0.078702
0.8522,22.8261,0.055133
0.8522,22.9498,0.051763
0.8522,23.0736,0.055894
0.8522,23.1973,0.07082
0.8522,23.3211,0.04771
0.8522,23.4448,0.057623
0.8522,23.5686,0.053165
0.8522,23.6923,0.077461
0.8522,23.8161,0.05258
0.8522,23.9398,0.049962
0.8522,24.0635,0.071469
0.8522,24.1873,0.061432
0.8522,24.311,0.077916
0.8522,24.4348,0.10967
0.8522,24.5585,0.049819
0.8522,24.6823,0.06221
0.8522,24.806,0.077468
0.8522,24.9298,0.093382
0.8522,25.0535,0.089247
0.8522,25.1773,0.07579
0.8522,25.301,0.057496
0.8522,25.4247,0.073133
0.8522,25.5485,0.071273
0.8522,25.6722,0.113642
0.8522,25.796,0.122476
0.8522,25.9197,0.224049
0.8522,26.0435,0.311816
0.8522,26.1672,0.462952
0.8522,26.291,0.656835
0.8522,26.4147,0.846672
0.8522,26.5385,1.020502
0.8522,26.6622,1.107184
0.8522,26.786,1.095507
0.8522,26.9097,0.961493
0.8522,27.0334,0.791497
0.8522,27.1572,0.570628
0.8522,27.2809,0.353879
0.8522,27.4047,0.251358
0.8522,27.5284,0.138284
0.8522,27.6522,0.090726
0.8522,27.7759,0.054824
0.8522,27.8997,0.030306
0.8522,28.0234,0.032069
0.8522,28.1472,0.051268
0.8522,28.2709,0.045265
0.8522,28.3946,0.041844
0.8522,28.5184,0.048282
0.8522,28.6421,0.040375
0.8522,28.7659,0.061979
0.8522,28.8896,0.030433
0.8522,29.0134,0.051951
0.8522,29.1371,0.049609
0.8522,29.2609,0.056634
0.8522,29.3846,0.070038
0.8522,29.5084,0.072723
0.8522,29.6321,0.068864
0.8522,29.7559,0.067431
0.8522,29.8796,0.059647
0.8522,30.0033,0.062543
0.8522,30.1271,0.058704
0.8522,30.2508,0.066484
0.8522,30.3746,0.073475
0.8522,30.4983,0.078673
0.8522,30.6221,0.06007
0.8522,30.7458,0.078123
0.8522,30.8696,0.084546
0.8522,30.9933,0.083008
0.8522,31.1171,0.068074
0.8522,31.2408,0.068151
0.8522,31.3645,0.069685
0.8522,31.4883,0.043278
0.8522,31.612,0.037046
0.8522,31.7358,0.062638
0.8522,31.8595,0.054705
0.8522,31.9833,0.084018
0.8522,32.107,0.070451
0.8522,32.2308,0.064575
0.8522,32.3545,0.057998
0.8522,32.4783,0.090395
0.8522,32.602,0.105946
0.8522,32.7258,0.155723
0.8522,32.8495,0.1951
0.8522,32.9732,0.217782
0.8522,33.097,0.305966
0.8522,33.2207,0.368782
0.8522,33.3445,0.441106
0.8522,33.4682,0.536332
0.8522,33.592,0.639308
0.8522,33.7157,0.70896
0.8522,33.8395,0.729866
0.8522,33.9632,0.756362
0.8522,34.087,0.741595
0.8522,34.2107,0.686339
0.8522,34.3344,0.609558
0.8522,34.4582,0.515173
0.8522,34.5819,0.454464
0.8522,34.7057,0.337165
0.8522,34.8294,0.28075
0.8522,34.9532,0.229007
0.8522,35.0769,0.167536
0.8522,35.2007,0.110191
0.8522,35.3244,0.095279
0.8522,35.4482,0.092862
0.8522,35.5719,0.08407
0.8522,35.6957,0.073751
0.8522,35.8194,0.050411
0.8522,35.9431,0.081244
0.8522,36.0669,0.078081
0.8522,36.1906,0.058928
0.8522,36.3144,0.079871
0.8522,36.4381,0.104208
0.8522,36.5619,0.057732
0.8522,36.6856,0.096557
0.8522,36.8094,0.078194
0.8522,36.9331,0.070273
0.8522,37.0569,0.078519
0.8522,37.1806,0.074293
0.8522,37.3043,0.070234
0.8522,37.4281,0.077512
0.8522,37.5518,0.048413
0.8522,37.6756,0.071882
0.8522,37.7993,0.085251
0.8522,37.9231,0.075537
0.8522,38.0468,0.085025
0.8522,38.1706,0.0727
0.8522,38.2943,0.059566
0.8522,38.4181,0.062778
0.8522,38.5418,0.073763
0.8522,38.6656,0.058788
0.8522,38.7893,0.061983
0.8522,38.913,0.046947
0.8522,39.0368,0.057954
0.8522,39.1605,0.048973
0.8522,39.2843,0.058484
0.8522,39.408,0.047636
0.8522,39.5318,0.040046
0.8522,39.6555,0.033669
0.8522,39.7793,0.034709
0.8522,39.903,0.043976
0.8522,40.0268,0.022486
0.8522,40.1505,0.035867
0.8522,40.2742,0.062632
0.8522,40.398,0.033974
0.8522,40.5217,0.035815
0.8522,40.6455,0.054201
0.8522,40.7692,0.035203
0.8522,40.893,0.046026
0.8522,41.0167,0.046268
0.8522,41.1405,0.046998
0.8522,41.2642,0.038663
0.8522,41.388,0.055734
0.8522,41.5117,0.048409
0.8522,41.6355,0.043128
0.8522,41.7592,0.057752
0.8522,41.8829,0.057179
0.8522,42.0067,0.069245
0.8522,42.1304,0.058793
0.8522,42.2542,0.069443
0.8522,42.3779,0.058654
0.8522,42.5017,0.063528
0.8522,42.6254,0.074459
0.8522,42.7492,0.065052
0.8522,42.8729,0.089721
0.8522,42.9967,0.064468
0.8522,43.1204,0.070329
0.8522,43.2441,0.082097
0.8522,43.3679,0.059693
0.8522,43.4916,0.07168
0.8522,43.6154,0.088166
0.8522,43.7391,0.083455
0.8522,43.8629,0.059169
0.8522,43.9866,0.076515
0.8522,44.1104,0.06604
0.8522,44.2341,0.079707
0.8522,44.3579,0.061121
0.8522,44.4816,0.065837
0.8522,44.6054,0.080984
0.8522,44.7291,0.088343
0.8522,44.8528,0.054438
0.8522,44.9766,0.081025
0.8522,45.1003,0.072696
0.8522,45.2241,0.050375
0.8522,45.3478,0.063015
0.8522,45.4716,0.055701
0.8522,45.5953,0.057588
0.8522,45.7191,0.094471
0.8522,45.8428,0.096487
0.8522,45.9666,0.131629
0.8522,46.0903,0.216886
0.8522,46.214,0.256161
0.8522,46.3378,0.333724
0.8522,46.4615,0.42506
0.8522,46.5853,0.472614
0.8522,46.709,0.528618
0.8522,46.8328,0.497153
0.8522,46.9565,0.525096
0.8522,47.0803,0.4572
0.8522,47.204,0.385214
0.8522,47.3278,0.316716
0.8522,47.4515,0.23551
0.8522,47.5753,0.192488
0.8522,47.699,0.147529
0.8522,47.8227,0.091435
0.8522,47.9465,0.083546
0.8522,48.0702,0.083562
0.8522,48.194,0.086564
0.8522,48.3177,0.075218
0.8522,48.4415,0.097049
0.8522,48.5652,0.085445
0.8522,48.689,0.0716
0.8522,48.8127,0.071008
0.8522,48.9365,0.080239
0.8522,49.0602,0.104099
0.8522,49.1839,0.063559
0.8522,49.3077,0.082621
0.8522,49.4314,0.102335
0.8522,49.5552,0.091074
0.8522,49.6789,0.064871
0.8522,49.8027,0.071014
0.8522,49.9264,0.079676
0.8522,50.0502,0.09166
0.8522,50.1739,0.092235
0.8522,50.2977,0.076471
0.8522,50.4214,0.094896
0.8522,50.5452,0.058885
0.8522,50.6689,0.064982
0.8522,50.7926,0.082655
0.8522,50.9164,0.063815
0.8522,51.0401,0.059108
0.8522,51.1639,0.042229
0.8522,51.2876,0.039801
0.8522,51.4114,0.079814
0.8522,51.5351,0.039332
0.8522,51.6589,0.036329
0.8522,51.7826,0.047321
0.8522,51.9064,0.034359
0.8522,52.0301,0.029721
0.8522,52.1538,0.068073
0.8522,52.2776,0.038523
0.8522,52.4013,0.050601
0.8522,52.5251,0.056801
0.8522,52.6488,0.045934
0.8522,52.7726,0.037061
0.8522,52.8963,0.048445
0.8522,53.0201,0.074115
0.8522,53.1438,0.05487
0.8522,53.2676,0.047051
0.8522,53.3913,0.051436
0.8522,53.5151,0.100186
0.8522,53.6388,0.043565
0.8522,53.7625,0.064433
0.8522,53.8863,0.069593
0.8522,54.01,0.042766
0.8522,54.1338,0.051685
0.8522,54.2575,0.070227
0.8522,54.3813,0.059431
0.8522,54.505,0.068063
0.8522,54.6288,0.07521
0.8522,54.7525,0.070874
0.8522,54.8763,0.057815
0.8522,55.0,0.104939
0.8609,18.0,0.06906
0.8609,18.1237,0.072859
0.8609,18.2475,0.066249
0.8609,18.3712,0.071072
0.8609,18.495,0.082013
0.8609,18.6187,0.06534
0.8609,18.7425,0.08652
0.8609,18.8662,0.089632
0.8609,18.99,0.080489
0.8609,19.1137,0.067912
0.8609,19.2375,0.068619
0.8609,19.3612,0.067023
0.8609,19.4849,0.076934
0.8609,19.6087,0.072454
0.8609,19.7324,0.076173
0.8609,19.8562,0.067515
0.8609,19.9799,0.072403
0.8609,20.1037,0.049608
0.8609,20.2274,0.051522
0.8609,20.3512,0.074706
0.8609,20.4749,0.059388
0.8609,20.5987,0.048714
0.8609,20.7224,0.047885
0.8609,20.8462,0.062121
0.8609,20.9699,0.023681
0.8609,21.0936,0.063689
0.8609,21.2174,0.059161
0.8609,21.3411,0.029799
0.8609,21.4649,0.031477
0.8609,21.5886,0.031957
0.8609,21.7124,0.051851
0.8609,21.8361,0.031611
0.8609,21.9599,0.027509
0.8609,22.0836,0.050157
0.8609,22.2074,0.07049
0.8609,22.3311,0.061632
0.8609,22.4548,0.036205
0.8609,22.5786,0.051358
0.8609,22.7023,0.059851
0.8609,22.8261,0.041878
0.8609,22.9498,0.059334
0.8609,23.0736,0.054188
0.8609,23.1973,0.066384
0.8609,23.3211,0.062463
0.8609,23.4448,0.087853
0.8609,23.5686,0.064986
0.8609,23.6923,0.068481
0.8609,23.8161,0.07847
0.8609,23.9398,0.049851
0.8609,24.0635,0.05765
0.8609,24.1873,0.059649
0.8609,24.311,0.079143
0.8609,24.4348,0.067681
0.8609,24.5585,0.071153
0.8609,24.6823,0.061336
0.8609,24.806,0.063534
0.8609,24.9298,0.074181
0.8609,25.0535,0.075597
0.8609,25.1773,0.069756
0.8609,25.301,0.067404
0.8609,25.4247,0.080905
0.8609,25.5485,0.109416
0.8609,25.6722,0.09629
0.8609,25.796,0.124134
0.8609,25.9197,0.181993
0.8609,26.0435,0.261976
0.8609,26.1672,0.425859
0.8609,26.291,0.613055
0.8609,26.4147,0.780375
0.8609,26.5385,0.998112
0.8609,26.6622,1.103597
0.8609,26.786,1.0912
0.8609,26.9097,0.968077
0.8609,27.0334,0.803123
0.8609,27.1572,0.588045
0.8609,27.2809,0.400991
0.8609,27.4047,0.272349
0.8609,27.5284,0.16159
0.8609,27.6522,0.089031
0.8609,27.7759,0.076163
0.8609,27.8997,0.057158
0.8609,28.0234,0.041873
0.8609,28.1472,0.067695
0.8609,28.2709,0.05123
0.8609,28.3946,0.036257
0.8609,28.5184,0.02891
0.8609,28.6421,0.06835
0.8609,28.7659,0.053602
0.8609,28.8896,0.058851
0.8609,29.0134,0.033899
0.8609,29.1371,0.062851
0.8609,29.2609,0.070535
0.8609,29.3846,0.074586
0.8609,29.5084,0.067923
0.8609,29.6321,0.040478
0.8609,29.7559,0.054064
0.8609,29.8796,0.087005
0.8609,30.0033,0.084116
0.8609,30.1271,0.096977
0.8609,30.2508,0.08831
0.8609,30.3746,0.091504
0.8609,30.4983,0.079431
0.8609,30.6221,0.070693
0.8609,30.7458,0.078771
0.8609,30.8696,0.071539
0.8609,30.9933,0.074538
0.8609,31.1171,0.090969
0.8609,31.2408,0.079264
0.8609,31.3645,0.113205
0.8609,31.4883,0.085887
0.8609,31.612,0.069853
0.8609,31.7358,0.072429
0.8609,31.8595,0.077772
0.8609,31.9833,0.075336
0.8609,32.107,0.074064
0.8609,32.2308,0.083751
0.8609,32.3545,0.063471
0.8609,32.4783,0.095881
0.8609,32.602,0.106501
0.8609,32.7258,0.128383
0.8609,32.8495,0.177284
0.8609,32.9732,0.228831
0.8609,33.097,0.309211
0.8609,33.2207,0.387382
0.8609,33.3445,0.477118
0.8609,33.4682,0.546323
0.8609,33.592,0.616034
0.8609,33.7157,0.683968
0.8609,33.8395,0.742939
0.8609,33.9632,0.725223
0.8609,34.087,0.725186
0.8609,34.2107,0.661144
0.8609,34.3344,0.591425
0.8609,34.4582,0.530653
0.8609,34.5819,0.448962
0.8609,34.7057,0.36466
0.8609,34.8294,0.264057
0.8609,34.9532,0.200884
0.8609,35.0769,0.130922
0.8609,35.2007,0.130243
0.8609,35.3244,0.113036
0.8609,35.4482,0.099921
0.8609,35.5719,0.063607
0.8609,35.6957,0.080782
0.8609,35.8194,0.067
0.8609,35.9431,0.098443
0.8609,36.0669,0.092
0.8609,36.1906,0.087155
0.8609,36.3144,0.080366
0.8609,36.4381,0.092641
0.8609,36.5619,0.089349
0.8609,36.6856,0.072878
0.8609,36.8094,0.077741
0.8609,36.9331,0.109861
0.8609,37.0569,0.084006
0.8609,37.1806,0.083269
0.8609,37.3043,0.065426
0.8609,37.4281,0.100202
0.8609,37.5518,0.078035
0.8609,37.6756,0.058292
0.8609,37.7993,0.082335
0.8609,37.9231,0.057266
0.8609,38.0468,0.059648
0.8609,38.1706,0.041184
0.8609,38.2943,0.075236
0.8609,38.4181,0.077686
0.8609,38.5418,0.068581
0.8609,38.6656,0.065919
0.8609,38.7893,0.052093
0.8609,38.913,0.046187
0.8609,39.0368,0.056814
0.8609,39.1605,0.044808
0.8609,39.2843,0.052981
0.8609,39.408,0.047157
0.8609,39.5318,0.025802
0.8609,39.6555,0.033171
0.8609,39.7793,0.04125
0.8609,39.903,0.059695
0.8609,40.0268,0.033463
0.8609,40.1505,0.036711
0.8609,40.2742,0.039962
0.8609,40.398,0.038091
0.8609,40.5217,0.051795
0.8609,40.6455,0.055029
0.8609,40.7692,0.033976
0.8609,40.893,0.052117
0.8609,41.0167,0.05163
0.8609,41.1405,0.031306
0.8609,41.2642,0.069639
0.8609,41.388,0.02102
0.8609,41.5117,0.086987
0.8609,41.6355,0.060834
0.8609,41.7592,0.069124
0.8609,41.8829,0.072178
0.8609,42.0067,0.054665
0.8609,42.1304,0.079925
0.8609,42.2542,0.087325
0.8609,42.3779,0.093946
0.8609,42.5017,0.095819
0.8609,42.6254,0.056655
0.8609,42.7492,0.057422
0.8609,42.8729,0.071727
0.8609,42.9967,0.065854
0.8609,43.1204,0.07349
0.8609,43.2441,0.083749
0.8609,43.3679,0.053211
0.8609,43.4916,0.085783
0.8609,43.6154,0.097768
0.8609,43.7391,0.069133
0.8609,43.8629,0.089612
0.8609,43.9866,0.049098
0.8609,44.1104,0.066935
0.8609,44.2341,0.078581
0.8609,44.3579,0.04882
0.8609,44.4816,0.061139
0.8609,44.6054,0.066694
0.8609,44.7291,0.080201
0.8609,44.8528,0.063004
0.8609,44.9766,0.047597
0.8609,45.1003,0.058984
0.8609,45.2241,0.071223
0.8609,45.3478,0.061443
0.8609,45.4716,0.082059
0.8609,45.5953,0.074163
0.8609,45.7191,0.085784
0.8609,45.8428,0.119623
0.8609,45.9666,0.164876
0.8609,46.0903,0.186784
0.8609,46.214,0.281518
0.8609,46.3378,0.350989
0.8609,46.4615,0.402289
0.8609,46.5853,0.488194
0.8609,46.709,0.512707
0.8609,46.8328,0.510223
0.8609,46.9565,0.503021
0.8609,47.0803,0.427152
0.8609,47.204,0.354347
0.8609,47.3278,0.338305
0.8609,47.4515,0.231676
0.8609,47.5753,0.183385
0.8609,47.699,0.140675
0.8609,47.8227,0.101254
0.8609,47.9465,0.083894
0.8609,48.0702,0.085812
0.8609,48.194,0.098217
0.8609,48.3177,0.085455
0.8609,48.4415,0.079708
0.8609,48.5652,0.07713
0.8609,48.689,0.076557
0.8609,48.8127,0.092497
0.8609,48.9365,0.084482
0.8609,49.0602,0.082547
0.8609,49.1839,0.101518
0.8609,49.3077,0.078735
0.8609,49.4314,0.077052
0.8609,49.5552,0.082044
0.8609,49.6789,0.082622
0.8609,49.8027,0.072118
0.8609,49.9264,0.062687
0.8609,50.0502,0.073521
0.8609,50.1739,0.08681
0.8609,50.2977,0.037613
0.8609,50.4214,0.072922
0.8609,50.5452,0.074127
0.8609,50.6689,0.069687
0.8609,50.7926,0.038382
0.8609,50.9164,0.07619
0.8609,51.0401,0.050589
0.8609,51.1639,0.032982
0.8609,51.2876,0.048465
0.8609,51.4114,0.041499
0.8609,51.5351,0.05106
0.8609,51.6589,0.038501
0.8609,51.7826,0.06679
0.8609,51.9064,0.04878
0.8609,52.0301,0.036491
0.8609,52.1538,0.041002
0.8609,52.2776,0.03843
0.8609,52.4013,0.054733
0.8609,52.5251,0.042839
0.8609,52.6488,0.044125
0.8609,52.7726,0.064276
0.8609,52.8963,0.056451
0.8609,53.0201,0.040658
0.8609,53.1438,0.055466
0.8609,53.2676,0.060299
0.8609,53.3913,0.053127
0.8609,53.5151,0.077193
0.8609,53.6388,0.063211
0.8609,53.7625,0.083944
0.8609,53.8863,0.08627
0.8609,54.01,0.079686
0.8609,54.1338,0.06219
0.8609,54.2575,0.069879
0.8609,54.3813,0.067332
0.8609,54.505,0.088839
0.8609,54.6288,0.08284
0.8609,54.7525,0.075518
0.8609,54.8763,0.087569
0.8609,55.0,0.087275
0.8696,18.0,0.058234
0.8696,18.1237,0.067336
0.8696,18.2475,0.056978
0.8696,18.3712,0.071271
0.8696,18.495,0.079613
0.8696,18.6187,0.10101
0.8696,18.7425,0.082811
0.8696,18.8662,0.056868
0.8696,18.99,0.079228
0.8696,19.1137,0.098183
0.8696,19.2375,0.07762
0.8696,19.3612,0.060817
0.8696,19.4849,0.094096
0.8696,19.6087,0.081166
0.8696,19.7324,0.072966
0.8696,19.8562,0.073651
0.8696,19.9799,0.053542
0.8696,20.1037,0.078657
0.8696,20.2274,0.050245
0.8696,20.3512,0.080022
0.8696,20.4749,0.04919
0.8696,20.5987,0.045634
0.8696,20.7224,0.03785
0.8696,20.8462,0.073702
0.8696,20.9699,0.05724
0.8696,21.0936,0.033605
0.8696,21.2174,0.063984
0.8696,21.3411,0.043726
0.8696,21.4649,0.042372
0.8696,21.5886,0.044275
0.8696,21.7124,0.058074
0.8696,21.8361,0.031883
0.8696,21.9599,0.038354
0.8696,22.0836,0.04741
0.8696,22.2074,0.043195
0.8696,22.3311,0.032042
0.8696,22.4548,0.073059
0.8696,22.5786,0.053605
0.8696,22.7023,0.04873
0.8696,22.8261,0.064023
0.8696,22.9498,0.041757
0.8696,23.0736,0.050758
0.8696,23.1973,0.071348
0.8696,23.3211,0.064983
0.8696,23.4448,0.059493
0.8696,23.5686,0.064592
0.8696,23.6923,0.048308
0.8696,23.8161,0.060269
0.8696,23.9398,0.088309
0.8696,24.0635,0.061589
0.8696,24.1873,0.086067
0.8696,24.311,0.082058
0.8696,24.4348,0.090605
0.8696,24.5585,0.093404
0.8696,24.6823,0.068417
0.8696,24.806,0.066793
0.8696,24.9298,0.065325
0.8696,25.0535,0.088687
0.8696,25.1773,0.06389
0.8696,25.301,0.094217
0.8696,25.4247,0.092454
0.8696,25.5485,0.053122
0.8696,25.6722,0.074306
0.8696,25.796,0.135988
0.8696,25.9197,0.168808
0.8696,26.0435,0.25596
0.8696,26.1672,0.376388
0.8696,26.291,0.560698
0.8696,26.4147,0.786947
0.8696,26.5385,0.969402
0.8696,26.6622,1.072561
0.8696,26.786,1.095163
0.8696,26.9097,0.991885
0.8696,27.0334,0.827443
0.8696,27.1572,0.638942
0.8696,27.2809,0.447845
0.8696,27.4047,0.282846
0.8696,27.5284,0.191645
0.8696,27.6522,0.123971
0.8696,27.7759,0.076501
0.8696,27.8997,0.018528
0.8696,28.0234,0.073376
0.8696,28.1472,0.045057
0.8696,28.2709,0.035222
0.8696,28.3946,0.033602
0.8696,28.5184,0.051272
0.8696,28.6421,0.038265
0.8696,28.7659,0.042363
0.8696,28.8896,0.06591
0.8696,29.0134,0.071006
0.8696,29.1371,0.061951
0.8696,29.2609,0.072266
0.8696,29.3846,0.071679
0.8696,29.5084,0.04605
0.8696,29.6321,0.074906
0.8696,29.7559,0.067962
0.8696,29.8796,0.060373
0.8696,30.0033,0.06729
0.8696,30.1271,0.090292
0.8696,30.2508,0.095027
0.8696,30.3746,0.057113
0.8696,30.4983,0.08165
0.8696,30.6221,0.099264
0.8696,30.7458,0.078382
0.8696,30.8696,0.089665
0.8696,30.9933,0.083398
0.8696,31.1171,0.081729
0.8696,31.2408,0.086004
0.8696,31.3645,0.064381
0.8696,31.4883,0.056664
0.8696,31.612,0.058619
0.8696,31.7358,0.056467
0.8696,31.8595,0.060567
0.8696,31.9833,0.072276
0.8696,32.107,0.069203
0.8696,32.2308,0.085959
0.8696,32.3545,0.06227
0.8696,32.4783,0.078251
0.8696,32.602,0.110477
0.8696,32.7258,0.132285
0.8696,32.8495,0.189897
0.8696,32.9732,0.229413
0.8696,33.097,0.284515
0.8696,33.2207,0.392711
0.8696,33.3445,0.479541
0.8696,33.4682,0.544088
0.8696,33.592,0.629353
0.8696,33.7157,0.675504
0.8696,33.8395,0.73598
0.8696,33.9632,0.743823
0.8696,34.087,0.716616
0.8696,34.2107,0.671712
0.8696,34.3344,0.609591
0.8696,34.4582,0.508074
0.8696,34.5819,0.430808
0.8696,34.7057,0.318819
0.8696,34.8294,0.26996
0.8696,34.9532,0.206384
0.8696,35.0769,0.137996
0.8696,35.2007,0.125031
0.8696,35.3244,0.089581
0.8696,35.4482,0.069326
0.8696,35.5719,0.090552
0.8696,35.6957,0.10167
0.8696,35.8194,0.086059
0.8696,35.9431,0.107283
0.8696,36.0669,0.04339
0.8696,36.1906,0.042695
0.8696,36.3144,0.078358
0.8696,36.4381,0.102715
0.8696,36.5619,0.071336
0.8696,36.6856,0.093703
0.8696,36.8094,0.090784
0.8696,36.9331,0.069222
0.8696,37.0569,0.074218
0.8696,37.1806,0.07596
0.8696,37.3043,0.076798
0.8696,37.4281,0.074009
0.8696,37.5518,0.042625
0.8696,37.6756,0.085703
0.8696,37.7993,0.069332
0.8696,37.9231,0.069253
0.8696,38.0468,0.0979
0.8696,38.1706,0.058155
0.8696,38.2943,0.070747
0.8696,38.4181,0.04972
0.8696,38.5418,0.067264
0.8696,38.6656,0.065691
0.8696,38.7893,0.047304
0.8696,38.913,0.057434
0.8696,39.0368,0.039818
0.8696,39.1605,0.027947
0.8696,39.2843,0.054828
0.8696,39.408,0.046852
0.8696,39.5318,0.050447
0.8696,39.6555,0.050261
0.8696,39.7793,0.0
0.8696,39.903,0.046886
0.8696,40.0268,0.065314
0.8696,40.1505,0.041709
0.8696,40.2742,0.034609
0.8696,40.398,0.033263
0.8696,40.5217,0.059919
0.8696,40.6455,0.052101
0.8696,40.7692,0.061241
0.8696,40.893,0.010702
0.8696,41.0167,0.059622
0.8696,41.1405,0.056576
0.8696,41.2642,0.049656
0.8696,41.388,0.06428
0.8696,41.5117,0.048431
0.8696,41.6355,0.06542
0.8696,41.7592,0.081434
0.8696,41.8829,0.06824
0.8696,42.0067,0.074669
0.8696,42.1304,0.063199
0.8696,42.2542,0.0688
0.8696,42.3779,0.073894
0.8696,42.5017,0.061936
0.8696,42.6254,0.074329
0.8696,42.7492,0.082889
0.8696,42.8729,0.082414
0.8696,42.9967,0.081821
0.8696,43.1204,0.083339
0.8696,43.2441,0.076246
0.8696,43.3679,0.081778
0.8696,43.4916,0.059335
0.8696,43.6154,0.08975
0.8696,43.7391,0.066374
0.8696,43.8629,0.069963
0.8696,43.9866,0.050052
0.8696,44.1104,0.070166
0.8696,44.2341,0.075704
0.8696,44.3579,0.073216
0.8696,44.4816,0.067687
0.8696,44.6054,0.058207
0.8696,44.7291,0.074805
0.8696,44.8528,0.084372
0.8696,44.9766,0.055945
0.8696,45.1003,0.040026
0.8696,45.2241,0.059564
0.8696,45.3478,0.040201
0.8696,45.4716,0.059676
0.8696,45.5953,0.054108
0.8696,45.7191,0.096696
0.8696,45.8428,0.123178
0.8696,45.9666,0.133954
0.8696,46.0903,0.1868
0.8696,46.214,0.279732
0.8696,46.3378,0.343073
0.8696,46.4615,0.408046
0.8696,46.5853,0.481485
0.8696,46.709,0.531182
0.8696,46.8328,0.513219
0.8696,46.9565,0.500572
0.8696,47.0803,0.465441
0.8696,47.204,0.389259
0.8696,47.3278,0.322487
0.8696,47.4515,0.23982
0.8696,47.5753,0.211509
0.8696,47.699,0.150651
0.8696,47.8227,0.125422
0.8696,47.9465,0.08696
0.8696,48.0702,0.110649
0.8696,48.194,0.069195
0.8696,48.3177,0.069244
0.8696,48.4415,0.069627
0.8696,48.5652,0.056461
0.8696,48.689,0.0867
0.8696,48.8127,0.092837
0.8696,48.9365,0.079274
0.8696,49.0602,0.082879
0.8696,49.1839,0.083258
0.8696,49.3077,0.07438
0.8696,49.4314,0.077632
0.8696,49.5552,0.083289
0.8696,49.6789,0.086532
0.8696,49.8027,0.047375
0.8696,49.9264,0.060811
0.8696,50.0502,0.101065
0.8696,50.1739,0.059382
0.8696,50.2977,0.073092
0.8696,50.4214,0.068998
0.8696,50.5452,0.063125
0.8696,50.6689,0.051077
0.8696,50.7926,0.074041
0.8696,50.9164,0.074534
0.8696,51.0401,0.051246
0.8696,51.1639,0.021226
0.8696,51.2876,0.041318
0.8696,51.4114,0.065975
0.8696,51.5351,0.048194
0.8696,51.6589,0.050067
0.8696,51.7826,0.048983
0.8696,51.9064,0.029102
0.8696,52.0301,0.03873
0.8696,52.1538,0.044121
0.8696,52.2776,0.03091
0.8696,52.4013,0.054236
0.8696,52.5251,0.041487
0.8696,52.6488,0.03447
0.8696,52.7726,0.040738
0.8696,52.8963,0.028811
0.8696,53.0201,0.035732
0.8696,53.1438,0.042976
0.8696,53.2676,0.075294
0.8696,53.3913,0.071015
0.8696,53.5151,0.059297
0.8696,53.6388,0.046189
0.8696,53.7625,0.067183
0.8696,53.8863,0.066608
0.8696,54.01,0.077214
0.8696,54.1338,0.058686
0.8696,54.2575,0.072139
0.8696,54.3813,0.067259
0.8696,54.505,0.081228
0.8696,54.6288,0.078686
0.8696,54.7525,0.112335
0.8696,54.8763,0.105024
0.8696,55.0,0.084868
0.8783,18.0,0.087853
0.8783,18.1237,0.063318
0.8783,18.2475,0.100418
0.8783,18.3712,0.100173
0.8783,18.495,0.083226
0.8783,18.6187,0.056548
0.8783,18.7425,0.057318
0.8783,18.8662,0.078205
0.8783,18.99,0.089876
0.8783,19.1137,0.065533
0.8783,19.2375,0.106295
0.8783,19.3612,0.074166
0.8783,19.4849,0.0788
0.8783,19.6087,0.084761
0.8783,19.7324,0.071548
0.8783,19.8562,0.066058
0.8783,19.9799,0.061447
0.8783,20.1037,0.047057
0.8783,20.2274,0.04366
0.8783,20.3512,0.07789
0.8783,20.4749,0.079146
0.8783,20.5987,0.029125
0.8783,20.7224,0.043063
0.8783,20.8462,0.046602
0.8783,20.9699,0.059437
0.8783,21.0936,0.062685
0.8783,21.2174,0.047067
0.8783,21.3411,0.039433
0.8783,21.4649,0.028377
0.8783,21.5886,0.048447
0.8783,21.7124,0.053691
0.8783,21.8361,0.038333
0.8783,21.9599,0.041042
0.8783,22.0836,0.040732
0.8783,22.2074,0.045379
0.8783,22.3311,0.034193
0.8783,22.4548,0.039567
0.8783,22.5786,0.046542
0.8783,22.7023,0.059432
0.8783,22.8261,0.069727
0.8783,22.9498,0.05273
0.8783,23.0736,0.079743
0.8783,23.1973,0.064587
0.8783,23.3211,0.06672
0.8783,23.4448,0.064622
0.8783,23.5686,0.054875
0.8783,23.6923,0.074862
0.8783,23.8161,0.08755
0.8783,23.9398,0.091295
0.8783,24.0635,0.06617
0.8783,24.1873,0.092348
0.8783,24.311,0.070541
0.8783,24.4348,0.081624
0.8783,24.5585,0.083648
0.8783,24.6823,0.084016
0.8783,24.806,0.081196
0.8783,24.9298,0.068061
0.8783,25.0535,0.05122
0.8783,25.1773,0.059296
0.8783,25.301,0.096106
0.8783,25.4247,0.063865
0.8783,25.5485,0.092192
0.8783,25.6722,0.097203
0.8783,25.796,0.098414
0.8783,25.9197,0.161765
0.8783,26.0435,0.25113
0.8783,26.1672,0.361306
0.8783,26.291,0.555755
0.8783,26.4147,0.734163
0.8783,26.5385,0.916731
0.8783,26.6622,1.063002
0.8783,26.786,1.107292
0.8783,26.9097,1.055949
0.8783,27.0334,0.879942
0.8783,27.1572,0.661344
0.8783,27.2809,0.474911
0.8783,27.4047,0.338904
0.8783,27.5284,0.193486
0.8783,27.6522,0.130337
0.8783,27.7759,0.069067
0.8783,27.8997,0.069146
0.8783,28.0234,0.043283
0.8783,28.1472,0.0258
0.8783,28.2709,0.019182
0.8783,28.3946,0.051525
0.8783,28.5184,0.00704
0.8783,28.6421,0.064312
0.8783,28.7659,0.043565
0.8783,28.8896,0.066648
0.8783,29.0134,0.056834
0.8783,29.1371,0.070932
0.8783,29.2609,0.071138
0.8783,29.3846,0.072475
0.8783,29.5084,0.085924
0.8783,29.6321,0.055978
0.8783,29.7559,0.06406
0.8783,29.8796,0.064698
0.8783,30.0033,0.089565
0.8783,30.1271,0.080147
0.8783,30.2508,0.079819
0.8783,30.3746,0.066865
0.8783,30.4983,0.091959
0.8783,30.6221,0.069759
0.8783,30.7458,0.07748
0.8783,30.8696,0.094753
0.8783,30.9933,0.079685
0.8783,31.1171,0.059473
0.8783,31.2408,0.102087
0.8783,31.3645,0.082241
0.8783,31.4883,0.056188
0.8783,31.612,0.080134
0.8783,31.7358,0.078332
0.8783,31.8595,0.054686
0.8783,31.9833,0.069135
0.8783,32.107,0.089472
0.8783,32.2308,0.081108
0.8783,32.3545,0.093259
0.8783,32.4783,0.081391
0.8783,32.602,0.096695
0.8783,32.7258,0.120916
0.8783,32.8495,0.179935
0.8783,32.9732,0.226514
0.8783,33.097,0.306586
0.8783,33.2207,0.373788
0.8783,33.3445,0.485357
0.8783,33.4682,0.568318
0.8783,33.592,0.66353
0.8783,33.7157,0.677521
0.8783,33.8395,0.723235
0.8783,33.9632,0.745097
0.8783,34.087,0.748605
0.8783,34.2107,0.669423
0.8783,34.3344,0.588593
0.8783,34.4582,0.527793
0.8783,34.5819,0.402591
0.8783,34.7057,0.32907
0.8783,34.8294,0.262247
0.8783,34.9532,0.16585
0.8783,35.0769,0.164786
0.8783,35.2007,0.116835
0.8783,35.3244,0.0991
0.8783,35.4482,0.110129
0.8783,35.5719,0.054042
0.8783,35.6957,0.080754
0.8783,35.8194,0.065336
0.8783,35.9431,0.073898
0.8783,36.0669,0.082372
0.8783,36.1906,0.063957
0.8783,36.3144,0.080003
0.8783,36.4381,0.070311
0.8783,36.5619,0.081722
0.8783,36.6856,0.057563
0.8783,36.8094,0.077621
0.8783,36.9331,0.061098
0.8783,37.0569,0.08552
0.8783,37.1806,0.067721
0.8783,37.3043,0.099685
0.8783,37.4281,0.086805
0.8783,37.5518,0.059988
0.8783,37.6756,0.079662
0.8783,37.7993,0.075952
0.8783,37.9231,0.06535
0.8783,38.0468,0.056028
0.8783,38.1706,0.058787
0.8783,38.2943,0.069344
0.8783,38.4181,0.039209
0.8783,38.5418,0.055008
0.8783,38.6656,0.073322
0.8783,38.7893,0.0609
0.8783,38.913,0.07558
0.8783,39.0368,0.039141
0.8783,39.1605,0.057076
0.8783,39.2843,0.059515
0.8783,39.408,0.029255
0.8783,39.5318,0.047433
0.8783,39.6555,0.038385
0.8783,39.7793,0.027774
0.8783,39.903,0.034782
0.8783,40.0268,0.054437
0.8783,40.1505,0.064712
0.8783,40.2742,0.006469
0.8783,40.398,0.046373
0.8783,40.5217,0.036106
0.8783,40.6455,0.050787
0.8783,40.7692,0.073989
0.8783,40.893,0.047211
0.8783,41.0167,0.056445
0.8783,41.1405,0.055065
0.8783,41.2642,0.049934
0.8783,41.388,0.063665
0.8783,41.5117,0.042929
0.8783,41.6355,0.09271
0.8783,41.7592,0.069068
0.8783,41.8829,0.057558
0.8783,42.0067,0.081293
0.8783,42.1304,0.045815
0.8783,42.2542,0.084206
0.8783,42.3779,0.090994
0.8783,42.5017,0.071038
0.8783,42.6254,0.061716
0.8783,42.7492,0.078567
0.8783,42.8729,0.064086
0.8783,42.9967,0.08629
0.8783,43.1204,0.095905
0.8783,43.2441,0.051912
0.8783,43.3679,0.077181
0.8783,43.4916,0.063731
0.8783,43.6154,0.067572
0.8783,43.7391,0.074077
0.8783,43.8629,0.071292
0.8783,43.9866,0.057205
0.8783,44.1104,0.073122
0.8783,44.2341,0.078916
0.8783,44.3579,0.068247
0.8783,44.4816,0.039861
0.8783,44.6054,0.061688
0.8783,44.7291,0.056137
0.8783,44.8528,0.044837
0.8783,44.9766,0.026442
0.8783,45.1003,0.043153
0.8783,45.2241,0.053484
0.8783,45.3478,0.042367
0.8783,45.4716,0.077565
0.8783,45.5953,0.045758
0.8783,45.7191,0.089942
0.8783,45.8428,0.113184
0.8783,45.9666,0.173581
0.8783,46.0903,0.193811
0.8783,46.214,0.272215
0.8783,46.3378,0.346604
0.8783,46.4615,0.420494
0.8783,46.5853,0.470674
0.8783,46.709,0.512495
0.8783,46.8328,0.544776
0.8783,46.9565,0.526877
0.8783,47.0803,0.460029
0.8783,47.204,0.384862
0.8783,47.3278,0.328173
0.8783,47.4515,0.257707
0.8783,47.5753,0.169412
0.8783,47.699,0.169587
0.8783,47.8227,0.133404
0.8783,47.9465,0.093991
0.8783,48.0702,0.083258
0.8783,48.194,0.080763
0.8783,48.3177,0.05443
0.8783,48.4415,0.092541
0.8783,48.5652,0.096117
0.8783,48.689,0.086097
0.8783,48.8127,0.082786
0.8783,48.9365,0.090784
0.8783,49.0602,0.077361
0.8783,49.1839,0.07472
0.8783,49.3077,0.09089
0.8783,49.4314,0.077956
0.8783,49.5552,0.071802
0.8783,49.6789,0.079136
0.8783,49.8027,0.070108
0.8783,49.9264,0.087686
0.8783,50.0502,0.089474
0.8783,50.1739,0.057054
0.8783,50.2977,0.075987
0.8783,50.4214,0.062486
0.8783,50.5452,0.05249
0.8783,50.6689,0.050425
0.8783,50.7926,0.036897
0.8783,50.9164,0.060654
0.8783,51.0401,0.058026
0.8783,51.1639,0.067238
0.8783,51.2876,0.03018
0.8783,51.4114,0.040165
0.8783,51.5351,0.057355
0.8783,51.6589,0.02773
0.8783,51.7826,0.042018
0.8783,51.9064,0.026981
0.8783,52.0301,0.048627
0.8783,52.1538,0.038894
0.8783,52.2776,0.033907
0.8783,52.4013,0.051112
0.8783,52.5251,0.056117
0.8783,52.6488,0.066423
0.8783,52.7726,0.056629
0.8783,52.8963,0.0479
0.8783,53.0201,0.064044
0.8783,53.1438,0.07271
0.8783,53.2676,0.049626
0.8783,53.3913,0.077668
0.8783,53.5151,0.0675
0.8783,53.6388,0.059809
0.8783,53.7625,0.066323
0.8783,53.8863,0.053519
0.8783,54.01,0.068538
0.8783,54.1338,0.086289
0.8783,54.2575,0.080731
0.8783,54.3813,0.064791
0.8783,54.505,0.100598
0.8783,54.6288,0.093555
0.8783,54.7525,0.07
0.8783,54.8763,0.080993
0.8783,55.0,0.088128
0.887,18.0,0.068643
0.887,18.1237,0.089609
0.887,18.2475,0.086545
0.887,18.3712,0.073744
0.887,18.495,0.09392
0.887,18.6187,0.090228
0.887,18.7425,0.060593
0.887,18.8662,0.080386
0.887,18.99,0.086244
0.887,19.1137,0.07655
0.887,19.2375,0.069383
0.887,19.3612,0.035096
0.887,19.4849,0.099915
0.887,19.6087,0.057978
0.887,19.7324,0.057909
0.887,19.8562,0.093864
0.887,19.9799,0.081399
0.887,20.1037,0.079394
0.887,20.2274,0.070262
0.887,20.3512,0.040411
0.887,20.4749,0.066106
0.887,20.5987,0.066558
0.887,20.7224,0.051787
0.887,20.8462,0.05356
0.887,20.9699,0.056557
0.887,21.0936,0.071472
0.887,21.2174,0.044004
0.887,21.3411,0.043928
0.887,21.4649,0.05444
0.887,21.5886,0.051857
0.887,21.7124,0.056792
0.887,21.8361,0.039899
0.887,21.9599,0.026155
0.887,22.0836,0.033569
0.887,22.2074,0.061998
0.887,22.3311,0.040142
0.887,22.4548,0.01255
0.887,22.5786,0.054318
0.887,22.7023,0.06496
0.887,22.8261,0.039618
0.887,22.9498,0.071137
0.887,23.0736,0.054928
0.887,23.1973,0.044629
0.887,23.3211,0.084403
0.887,23.4448,0.072777
0.887,23.5686,0.075761
0.887,23.6923,0.06789
0.887,23.8161,0.068791
0.887,23.9398,0.092118
0.887,24.0635,0.09707
0.887,24.1873,0.097373
0.887,24.311,0.089562
0.887,24.4348,0.092107
0.887,24.5585,0.065704
0.887,24.6823,0.084078
0.887,24.806,0.078672
0.887,24.9298,0.074431
0.887,25.0535,0.045716
0.887,25.1773,0.080225
0.887,25.301,0.083528
0.887,25.4247,0.072035
0.887,25.5485,0.06898
0.887,25.6722,0.071678
0.887,25.796,0.116179
0.887,25.9197,0.14345
0.887,26.0435,0.209658
0.887,26.1672,0.291566
0.887,26.291,0.502011
0.887,26.4147,0.69605
0.887,26.5385,0.891945
0.887,26.6622,1.022376
0.887,26.786,1.086924
0.887,26.9097,1.063867
0.887,27.0334,0.909724
0.887,27.1572,0.703124
0.887,27.2809,0.509083
0.887,27.4047,0.326867
0.887,27.5284,0.207307
0.887,27.6522,0.127251
0.887,27.7759,0.064564
0.887,27.8997,0.039209
0.887,28.0234,0.038014
0.887,28.1472,0.071081
0.887,28.2709,0.052012
0.887,28.3946,0.029052
0.887,28.5184,0.057379
0.887,28.6421,0.070899
0.887,28.7659,0.073435
0.887,28.8896,0.046004
0.887,29.0134,0.050755
0.887,29.1371,0.065442
0.887,29.2609,0.05426
0.887,29.3846,0.05502
0.887,29.5084,0.050356
0.887,29.6321,0.062413
0.887,29.7559,0.08775
0.887,29.8796,0.08564
0.887,30.0033,0.074579
0.887,30.1271,0.097166
0.887,30.2508,0.07055
0.887,30.3746,0.066015
0.887,30.4983,0.058911
0.887,30.6221,0.082074
0.887,30.7458,0.086809
0.887,30.8696,0.078377
0.887,30.9933,0.070822
0.887,31.1171,0.064006
0.887,31.2408,0.08916
0.887,31.3645,0.089603
0.887,31.4883,0.093633
0.887,31.612,0.07837
0.887,31.7358,0.082823
0.887,31.8595,0.089897
0.887,31.9833,0.089076
0.887,32.107,0.077035
0.887,32.2308,0.059661
0.887,32.3545,0.059918
0.887,32.4783,0.128904
0.887,32.602,0.128899
0.887,32.7258,0.155746
0.887,32.8495,0.176667
0.887,32.9732,0.262816
0.887,33.097,0.318227
0.887,33.2207,0.40031
0.887,33.3445,0.519538
0.887,33.4682,0.592489
0.887,33.592,0.670294
0.887,33.7157,0.702608
0.887,33.8395,0.743167
0.887,33.9632,0.73974
0.887,34.087,0.711896
0.887,34.2107,0.665713
0.887,34.3344,0.60652
0.887,34.4582,0.499038
0.887,34.5819,0.417901
0.887,34.7057,0.334659
0.887,34.8294,0.252376
0.887,34.9532,0.191512
0.887,35.0769,0.162382
0.887,35.2007,0.100553
0.887,35.3244,0.096925
0.887,35.4482,0.101827
0.887,35.5719,0.088694
0.887,35.6957,0.070625
0.887,35.8194,0.063852
0.887,35.9431,0.104174
0.887,36.0669,0.092326
0.887,36.1906,0.075157
0.887,36.3144,0.073521
0.887,36.4381,0.096698
0.887,36.5619,0.109031
0.887,36.6856,0.082342
0.887,36.8094,0.086919
0.887,36.9331,0.097859
0.887,37.0569,0.081472
0.887,37.1806,0.046014
0.887,37.3043,0.078219
0.887,37.4281,0.068487
0.887,37.5518,0.067278
0.887,37.6756,0.065246
0.887,37.7993,0.090032
0.887,37.9231,0.038429
0.887,38.0468,0.051099
0.887,38.1706,0.051201
0.887,38.2943,0.059479
0.887,38.4181,0.056345
0.887,38.5418,0.038611
0.887,38.6656,0.059189
0.887,38.7893,0.064619
0.887,38.913,0.070237
0.887,39.0368,0.057676
0.887,39.1605,0.047127
0.887,39.2843,0.029176
0.887,39.408,0.044219
0.887,39.5318,0.031428
0.887,39.6555,0.050598
0.887,39.7793,0.046442
0.887,39.903,0.043897
0.887,40.0268,0.037095
0.887,40.1505,0.040997
0.887,40.2742,0.070739
0.887,40.398,0.061113
0.887,40.5217,0.04596
0.887,40.6455,0.026106
0.887,40.7692,0.06159
0.887,40.893,0.055916
0.887,41.0167,0.045826
0.887,41.1405,0.053956
0.887,41.2642,0.080792
0.887,41.388,0.057023
0.887,41.5117,0.058442
0.887,41.6355,0.061566
0.887,41.7592,0.06369
0.887,41.8829,0.073993
0.887,42.0067,0.067018
0.887,42.1304,0.066037
0.887,42.2542,0.061702
0.887,42.3779,0.068938
0.887,42.5017,0.042995
0.887,42.6254,0.076463
0.887,42.7492,0.091185
0.887,42.8729,0.080763
0.887,42.9967,0.067
0.887,43.1204,0.092249
0.887,43.2441,0.09325
0.887,43.3679,0.098917
0.887,43.4916,0.050463
0.887,43.6154,0.083754
0.887,43.7391,0.056197
0.887,43.8629,0.065709
0.887,43.9866,0.057769
0.887,44.1104,0.067326
0.887,44.2341,0.066583
0.887,44.3579,0.061154
0.887,44.4816,0.054945
0.887,44.6054,0.050719
0.887,44.7291,0.067962
0.887,44.8528,0.035415
0.887,44.9766,0.040441
0.887,45.1003,0.032981
0.887,45.2241,0.048012
0.887,45.3478,0.03648
0.887,45.4716,0.041982
0.887,45.5953,0.058884
0.887,45.7191,0.089041
0.887,45.8428,0.110118
0.887,45.9666,0.136995
0.887,46.0903,0.16639
0.887,46.214,0.285659
0.887,46.3378,0.374359
0.887,46.4615,0.429811
0.887,46.5853,0.492716
0.887,46.709,0.525236
0.887,46.8328,0.52624
0.887,46.9565,0.510983
0.887,47.0803,0.474506
0.887,47.204,0.41335
0.887,47.3278,0.317847
0.887,47.4515,0.274676
0.887,47.5753,0.200981
0.887,47.699,0.142634
0.887,47.8227,0.108362
0.887,47.9465,0.094144
0.887,48.0702,0.091338
0.887,48.194,0.085526
0.887,48.3177,0.085712
0.887,48.4415,0.083394
0.887,48.5652,0.091668
0.887,48.689,0.080105
0.887,48.8127,0.081501
0.887,48.9365,0.056718
0.887,49.0602,0.086465
0.887,49.1839,0.0626
0.887,49.3077,0.084868
0.887,49.4314,0.071567
0.887,49.5552,0.066684
0.887,49.6789,0.069618
0.887,49.8027,0.08024
0.887,49.9264,0.084928
0.887,50.0502,0.061756
0.887,50.1739,0.059055
0.887,50.2977,0.039601
0.887,50.4214,0.060779
0.887,50.5452,0.074106
0.887,50.6689,0.045191
0.887,50.7926,0.020934
0.887,50.9164,0.074345
0.887,51.0401,0.055137
0.887,51.1639,0.049797
0.887,51.2876,0.045069
0.887,51.4114,0.045235
0.887,51.5351,0.0463
0.887,51.6589,0.083824
0.887,51.7826,0.046162
0.887,51.9064,0.058772
0.887,52.0301,0.062039
0.887,52.1538,0.04555
0.887,52.2776,0.050429
0.887,52.4013,0.045086
0.887,52.5251,0.060466
0.887,52.6488,0.049897
0.887,52.7726,0.011554
0.887,52.8963,0.059054
0.887,53.0201,0.061102
0.887,53.1438,0.061421
0.887,53.2676,0.070717
0.887,53.3913,0.046595
0.887,53.5151,0.089389
0.887,53.6388,0.076396
0.887,53.7625,0.042374
0.887,53.8863,0.064392
0.887,54.01,0.084534
0.887,54.1338,0.078524
0.887,54.2575,0.079954
0.887,54.3813,0.092722
0.887,54.505,0.094088
0.887,54.6288,0.069315
0.887,54.7525,0.088553
0.887,54.8763,0.087283
0.887,55.0,0.075899
0.8957,18.0,0.053889
0.8957,18.1237,0.08995
0.8957,18.2475,0.057571
0.8957,18.3712,0.090427
0.8957,18.495,0.090618
0.8957,18.6187,0.06876
0.8957,18.7425,0.095234
0.8957,18.8662,0.084264
0.8957,18.99,0.09313
0.8957,19.1137,0.078038
0.8957,19.2375,0.055166
0.8957,19.3612,0.088806
0.8957,19.4849,0.082598
0.8957,19.6087,0.096674
0.8957,19.7324,0.065551
0.8957,19.8562,0.056323
0.8957,19.9799,0.066984
0.8957,20.1037,0.056299
0.8957,20.2274,0.057256
0.8957,20.3512,0.052004
0.8957,20.4749,0.032601
0.8957,20.5987,0.064989
0.8957,20.7224,0.047362
0.8957,20.8462,0.039955
0.8957,20.9699,0.041585
0.8957,21.0936,0.033061
0.8957,21.2174,0.034349
0.8957,21.3411,0.048268
0.8957,21.4649,0.045659
0.8957,21.5886,0.039699
0.8957,21.7124,0.019812
0.8957,21.8361,0.064376
0.8957,21.9599,0.055646
0.8957,22.0836,0.047687
0.8957,22.2074,0.056556
0.8957,22.3311,0.046532
0.8957,22.4548,0.062533
0.8957,22.5786,0.025366
0.8957,22.7023,0.032087
0.8957,22.8261,0.058848
0.8957,22.9498,0.060827
0.8957,23.0736,0.066456
0.8957,23.1973,0.045359
0.8957,23.3211,0.077779
0.8957,23.4448,0.072727
0.8957,23.5686,0.040367
0.8957,23.6923,0.070388
0.8957,23.8161,0.078652
0.8957,23.9398,0.066142
0.8957,24.0635,0.091868
0.8957,24.1873,0.080778
0.8957,24.311,0.065024
0.8957,24.4348,0.065019
0.8957,24.5585,0.075005
0.8957,24.6823,0.084323
0.8957,24.806,0.066733
0.8957,24.9298,0.058488
0.8957,25.0535,0.098587
0.8957,25.1773,0.065103
0.8957,25.301,0.067771
0.8957,25.4247,0.092847
0.8957,25.5485,0.08912
0.8957,25.6722,0.086331
0.8957,25.796,0.123028
0.8957,25.9197,0.125945
0.8957,26.0435,0.181593
0.8957,26.1672,0.310023
0.8957,26.291,0.450187
0.8957,26.4147,0.645178
0.8957,26.5385,0.855434
0.8957,26.6622,1.003203
0.8957,26.786,1.111476
0.8957,26.9097,1.075499
0.8957,27.0334,0.944049
0.8957,27.1572,0.748315
0.8957,27.2809,0.521535
0.8957,27.4047,0.373189
0.8957,27.5284,0.231538
0.8957,27.6522,0.133203
0.8957,27.7759,0.096282
0.8957,27.8997,0.056227
0.8957,28.0234,0.038328
0.8957,28.1472,0.046919
0.8957,28.2709,0.069222
0.8957,28.3946,0.05714
0.8957,28.5184,0.078696
0.8957,28.6421,0.057425
0.8957,28.7659,0.053752
0.8957,28.8896,0.036446
0.8957,29.0134,0.078459
0.8957,29.1371,0.069056
0.8957,29.2609,0.07175
0.8957,29.3846,0.057271
0.8957,29.5084,0.073937
0.8957,29.6321,0.091717
0.8957,29.7559,0.071765
0.8957,29.8796,0.055742
0.8957,30.0033,0.090155
0.8957,30.1271,0.058718
0.8957,30.2508,0.08792
0.8957,30.3746,0.067057
0.8957,30.4983,0.076694
0.8957,30.6221,0.072278
0.8957,30.7458,0.069782
0.8957,30.8696,0.069949
0.8957,30.9933,0.078932
0.8957,31.1171,0.045127
0.8957,31.2408,0.085126
0.8957,31.3645,0.081311
0.8957,31.4883,0.082819
0.8957,31.612,0.053458
0.8957,31.7358,0.053465
0.8957,31.8595,0.072292
0.8957,31.9833,0.07441
0.8957,32.107,0.07717
0.8957,32.2308,0.081774
0.8957,32.3545,0.08856
0.8957,32.4783,0.078064
0.8957,32.602,0.107756
0.8957,32.7258,0.168452
0.8957,32.8495,0.171363
0.8957,32.9732,0.256591
0.8957,33.097,0.310772
0.8957,33.2207,0.396316
0.8957,33.3445,0.485059
0.8957,33.4682,0.586256
0.8957,33.592,0.652315
0.8957,33.7157,0.714426
0.8957,33.8395,0.778251
0.8957,33.9632,0.727502
0.8957,34.087,0.718877
0.8957,34.2107,0.650421
0.8957,34.3344,0.571034
0.8957,34.4582,0.475553
0.8957,34.5819,0.376345
0.8957,34.7057,0.320718
0.8957,34.8294,0.239485
0.8957,34.9532,0.188547
0.8957,35.0769,0.137169
0.8957,35.2007,0.111938
0.8957,35.3244,0.109117
0.8957,35.4482,0.074839
0.8957,35.5719,0.078236
0.8957,35.6957,0.091133
0.8957,35.8194,0.097648
0.8957,35.9431,0.089165
0.8957,36.0669,0.066395
0.8957,36.1906,0.09618
0.8957,36.3144,0.055384
0.8957,36.4381,0.073556
0.8957,36.5619,0.079499
0.8957,36.6856,0.069721
0.8957,36.8094,0.060324
0.8957,36.9331,0.059486
0.8957,37.0569,0.061277
0.8957,37.1806,0.086704
0.8957,37.3043,0.064469
0.8957,37.4281,0.063143
0.8957,37.5518,0.075755
0.8957,37.6756,0.076845
0.8957,37.7993,0.065944
0.8957,37.9231,0.080416
0.8957,38.0468,0.056063
0.8957,38.1706,0.074611
0.8957,38.2943,0.045029
0.8957,38.4181,0.073707
0.8957,38.5418,0.068949
0.8957,38.6656,0.084113
0.8957,38.7893,0.043395
0.8957,38.913,0.049193
0.8957,39.0368,0.061267
0.8957,39.1605,0.057193
0.8957,39.2843,0.026109
0.8957,39.408,0.064686
0.8957,39.5318,0.048882
0.8957,39.6555,0.027762
0.8957,39.7793,0.034645
0.8957,39.903,0.051532
0.8957,40.0268,0.062683
0.8957,40.1505,0.036313
0.8957,40.2742,0.03797
0.8957,40.398,0.048753
0.8957,40.5217,0.028041
0.8957,40.6455,0.03245
0.8957,40.7692,0.062168
0.8957,40.893,0.049409
0.8957,41.0167,0.042554
0.8957,41.1405,0.067902
0.8957,41.2642,0.038765
0.8957,41.388,0.063043
0.8957,41.5117,0.069788
0.8957,41.6355,0.063822
0.8957,41.7592,0.072547
0.8957,41.8829,0.079939
0.8957,42.0067,0.061104
0.8957,42.1304,0.077854
0.8957,42.2542,0.068579
0.8957,42.3779,0.083939
0.8957,42.5017,0.095431
0.8957,42.6254,0.083266
0.8957,42.7492,0.076075
0.8957,42.8729,0.085726
0.8957,42.9967,0.083096
0.8957,43.1204,0.098785
0.8957,43.2441,0.115802
0.8957,43.3679,0.064167
0.8957,43.4916,0.061197
0.8957,43.6154,0.050297
0.8957,43.7391,0.078093
0.8957,43.8629,0.055008
0.8957,43.9866,0.071594
0.8957,44.1104,0.0527
0.8957,44.2341,0.086959
0.8957,44.3579,0.061513
0.8957,44.4816,0.055991
0.8957,44.6054,0.039774
0.8957,44.7291,0.063224
0.8957,44.8528,0.067057
0.8957,44.9766,0.053855
0.8957,45.1003,0.06101
0.8957,45.2241,0.049856
0.8957,45.3478,0.035663
0.8957,45.4716,0.052337
0.8957,45.5953,0.062277
0.8957,45.7191,0.090251
0.8957,45.8428,0.150567
0.8957,45.9666,0.148598
0.8957,46.0903,0.21605
0.8957,46.214,0.266188
0.8957,46.3378,0.359692
0.8957,46.4615,0.432749
0.8957,46.5853,0.477454
0.8957,46.709,0.51125
0.8957,46.8328,0.551772
0.8957,46.9565,0.513565
0.8957,47.0803,0.464443
0.8957,47.204,0.408028
0.8957,47.3278,0.320071
0.8957,47.4515,0.259545
0.8957,47.5753,0.201777
0.8957,47.699,0.160374
0.8957,47.8227,0.130153
0.8957,47.9465,0.07852
0.8957,48.0702,0.101329
0.8957,48.194,0.07882
0.8957,48.3177,0.060502
0.8957,48.4415,0.077655
0.8957,48.5652,0.070468
0.8957,48.689,0.101033
0.8957,48.8127,0.074727
0.8957,48.9365,0.09399
0.8957,49.0602,0.074286
0.8957,49.1839,0.076505
0.8957,49.3077,0.07439
0.8957,49.4314,0.075577
0.8957,49.5552,0.0485
0.8957,49.6789,0.085436
0.8957,49.8027,0.097101
0.8957,49.9264,0.080523
0.8957,50.0502,0.068189
0.8957,50.1739,0.082493
0.8957,50.2977,0.055205
0.8957,50.4214,0.057028
0.8957,50.5452,0.054562
0.8957,50.6689,0.058147
0.8957,50.7926,0.081512
0.8957,50.9164,0.048365
0.8957,51.0401,0.051001
0.8957,51.1639,0.058994
0.8957,51.2876,0.057942
0.8957,51.4114,0.037952
0.8957,51.5351,0.050878
0.8957,51.6589,0.067982
0.8957,51.7826,0.031923
0.8957,51.9064,0.035772
0.8957,52.0301,0.048642
0.8957,52.1538,0.056955
0.8957,52.2776,0.056601
0.8957,52.4013,0.065186
0.8957,52.5251,0.031476
0.8957,52.6488,0.04158
0.8957,52.7726,0.049928
0.8957,52.8963,0.040181
0.8957,53.0201,0.060921
0.8957,53.1438,0.049592
0.8957,53.2676,0.04825
0.8957,53.3913,0.054235
0.8957,53.5151,0.080544
0.8957,53.6388,0.061345
0.8957,53.7625,0.072106
0.8957,53.8863,0.058895
0.8957,54.01,0.05985
0.8957,54.1338,0.083116
0.8957,54.2575,0.070703
0.8957,54.3813,0.085945
0.8957,54.505,0.075531
0.8957,54.6288,0.083056
0.8957,54.7525,0.091148
0.8957,54.8763,0.063729
0.8957,55.0,0.078345
0.9043,18.0,0.065181
0.9043,18.1237,0.063105
0.9043,18.2475,0.070414
0.9043,18.3712,0.08138
0.9043,18.495,0.060297
0.9043,18.6187,0.068825
0.9043,18.7425,0.101527
0.9043,18.8662,0.075508
0.9043,18.99,0.075609
0.9043,19.1137,0.070824
0.9043,19.2375,0.075241
0.9043,19.3612,0.058901
0.9043,19.4849,0.068563
0.9043,19.6087,0.069007
0.9043,19.7324,0.043583
0.9043,19.8562,0.05947
0.9043,19.9799,0.088264
0.9043,20.1037,0.05698
0.9043,20.2274,0.087568
0.9043,20.3512,0.050825
0.9043,20.4749,0.042164
0.9043,20.5987,0.034133
0.9043,20.7224,0.040345
0.9043,20.8462,0.057813
0.9043,20.9699,0.062208
0.9043,21.0936,0.034925
0.9043,21.2174,0.028838
0.9043,21.3411,0.035051
0.9043,21.4649,0.026805
0.9043,21.5886,0.042192
0.9043,21.7124,0.055815
0.9043,21.8361,0.051996
0.9043,21.9599,0.063431
0.9043,22.0836,0.051745
0.9043,22.2074,0.044926
0.9043,22.3311,0.054286
0.9043,22.4548,0.039535
0.9043,22.5786,0.074271
0.9043,22.7023,0.045981
0.9043,22.8261,0.061432
0.9043,22.9498,0.06188
0.9043,23.0736,0.060422
0.9043,23.1973,0.061748
0.9043,23.3211,0.065681
0.9043,23.4448,0.063406
0.9043,23.5686,0.064348
0.9043,23.6923,0.084373
0.9043,23.8161,0.037085
0.9043,23.9398,0.082535
0.9043,24.0635,0.05734
0.9043,24.1873,0.056449
0.9043,24.311,0.090089
0.9043,24.4348,0.079903
0.9043,24.5585,0.082793
0.9043,24.6823,0.090428
0.9043,24.806,0.059482
0.9043,24.9298,0.081193
0.9043,25.0535,0.096801
0.9043,25.1773,0.066326
0.9043,25.301,0.052695
0.9043,25.4247,0.068194
0.9043,25.5485,0.061454
0.9043,25.6722,0.069557
0.9043,25.796,0.067077
0.9043,25.9197,0.098875
0.9043,26.0435,0.1712
0.9043,26.1672,0.299799
0.9043,26.291,0.43279
0.9043,26.4147,0.618351
0.9043,26.5385,0.829861
0.9043,26.6622,0.970687
0.9043,26.786,1.06631
0.9043,26.9097,1.079225
0.9043,27.0334,0.960305
0.9043,27.1572,0.8021
0.9043,27.2809,0.583724
0.9043,27.4047,0.41477
0.9043,27.5284,0.258047
0.9043,27.6522,0.137984
0.9043,27.7759,0.112753
0.9043,27.8997,0.05353
0.9043,28.0234,0.049942
0.9043,28.1472,0.049505
0.9043,28.2709,0.045427
0.9043,28.3946,0.060294
0.9043,28.5184,0.049006
0.9043,28.6421,0.053071
0.9043,28.7659,0.064583
0.9043,28.8896,0.069932
0.9043,29.0134,0.057842
0.9043,29.1371,0.056072
0.9043,29.2609,0.072333
0.9043,29.3846,0.064384
0.9043,29.5084,0.069398
0.9043,29.6321,0.076301
0.9043,29.7559,0.051004
0.9043,29.8796,0.079952
0.9043,30.0033,0.066395
0.9043,30.1271,0.084188
0.9043,30.2508,0.067617
0.9043,30.3746,0.066983
0.9043,30.4983,0.076802
0.9043,30.6221,0.061537
0.9043,30.7458,0.063185
0.9043,30.8696,0.087882
0.9043,30.9933,0.102925
0.9043,31.1171,0.078064
0.9043,31.2408,0.080863
0.9043,31.3645,0.073416
0.9043,31.4883,0.063368
0.9043,31.612,0.052405
0.9043,31.7358,0.075938
0.9043,31.8595,0.062082
0.9043,31.9833,0.079429
0.9043,32.107,0.075079
0.9043,32.2308,0.073703
0.9043,32.3545,0.052384
0.9043,32.4783,0.05889
0.9043,32.602,0.119887
0.9043,32.7258,0.149793
0.9043,32.8495,0.212097
0.9043,32.9732,0.251012
0.9043,33.097,0.32685
0.9043,33.2207,0.425844
0.9043,33.3445,0.489671
0.9043,33.4682,0.583197
0.9043,33.592,0.638979
0.9043,33.7157,0.739204
0.9043,33.8395,0.760999
0.9043,33.9632,0.732387
0.9043,34.087,0.689801
0.9043,34.2107,0.652058
0.9043,34.3344,0.572703
0.9043,34.4582,0.477346
0.9043,34.5819,0.405074
0.9043,34.7057,0.30804
0.9043,34.8294,0.246939
0.9043,34.9532,0.18715
0.9043,35.0769,0.163515
0.9043,35.2007,0.113604
0.9043,35.3244,0.103016
0.9043,35.4482,0.089446
0.9043,35.5719,0.078069
0.9043,35.6957,0.09115
0.9043,35.8194,0.079562
0.9043,35.9431,0.088614
0.9043,36.0669,0.060583
0.9043,36.1906,0.090119
0.9043,36.3144,0.092724
0.9043,36.4381,0.087581
0.9043,36.5619,0.08844
0.9043,36.6856,0.115282
0.9043,36.8094,0.077441
0.9043,36.9331,0.089064
0.9043,37.0569,0.079442
0.9043,37.1806,0.082183
0.9043,37.3043,0.080592
0.9043,37.4281,0.07934
0.9043,37.5518,0.060014
0.9043,37.6756,0.069981
0.9043,37.7993,0.062728
0.9043,37.9231,0.071632
0.9043,38.0468,0.060264
0.9043,38.1706,0.071986
0.9043,38.2943,0.070727
0.9043,38.4181,0.068608
0.9043,38.5418,0.054133
0.9043,38.6656,0.045001
0.9043,38.7893,0.035664
0.9043,38.913,0.040234
0.9043,39.0368,0.049594
0.9043,39.1605,0.069962
0.9043,39.2843,0.052249
0.9043,39.408,0.040127
0.9043,39.5318,0.043007
0.9043,39.6555,0.060121
0.9043,39.7793,0.050124
0.9043,39.903,0.050323
0.9043,40.0268,0.07397
0.9043,40.1505,0.043765
0.9043,40.2742,0.054697
0.9043,40.398,0.052875
0.9043,40.5217,0.03918
0.9043,40.6455,0.045217
0.9043,40.7692,0.056591
0.9043,40.893,0.049944
0.9043,41.0167,0.058798
0.9043,41.1405,0.052257
0.9043,41.2642,0.055265
0.9043,41.388,0.065065
0.9043,41.5117,0.075802
0.9043,41.6355,0.056091
0.9043,41.7592,0.083942
0.9043,41.8829,0.065684
0.9043,42.0067,0.075087
0.9043,42.1304,0.0774
0.9043,42.2542,0.088059
0.9043,42.3779,0.08845
0.9043,42.5017,0.057991
0.9043,42.6254,0.0748
0.9043,42.7492,0.085481
0.9043,42.8729,0.070277
0.9043,42.9967,0.065431
0.9043,43.1204,0.070348
0.9043,43.2441,0.07876
0.9043,43.3679,0.065627
0.9043,43.4916,0.060818
0.9043,43.6154,0.073875
0.9043,43.7391,0.092968
0.9043,43.8629,0.073953
0.9043,43.9866,0.070901
0.9043,44.1104,0.074201
0.9043,44.2341,0.05898
0.9043,44.3579,0.036155
0.9043,44.4816,0.051035
0.9043,44.6054,0.060864
0.9043,44.7291,0.051493
0.9043,44.8528,0.036401
0.9043,44.9766,0.062903
0.9043,45.1003,0.061297
0.9043,45.2241,0.07126
0.9043,45.3478,0.052941
0.9043,45.4716,0.063047
0.9043,45.5953,0.080606
0.9043,45.7191,0.086609
0.9043,45.8428,0.100377
0.9043,45.9666,0.134532
0.9043,46.0903,0.228049
0.9043,46.214,0.276408
0.9043,46.3378,0.344436
0.9043,46.4615,0.445543
0.9043,46.5853,0.49034
0.9043,46.709,0.556393
0.9043,46.8328,0.546405
0.9043,46.9565,0.490227
0.9043,47.0803,0.491776
0.9043,47.204,0.398295
0.9043,47.3278,0.34479
0.9043,47.4515,0.26723
0.9043,47.5753,0.201302
0.9043,47.699,0.173659
0.9043,47.8227,0.142632
0.9043,47.9465,0.109461
0.9043,48.0702,0.122768
0.9043,48.194,0.085776
0.9043,48.3177,0.048568
0.9043,48.4415,0.076723
0.9043,48.5652,0.080242
0.9043,48.689,0.081518
0.9043,48.8127,0.097264
0.9043,48.9365,0.078565
0.9043,49.0602,0.085886
0.9043,49.1839,0.080941
0.9043,49.3077,0.079448
0.9043,49.4314,0.070962
0.9043,49.5552,0.071573
0.9043,49.6789,0.085708
0.9043,49.8027,0.080125
0.9043,49.9264,0.065912
0.9043,50.0502,0.045487
0.9043,50.1739,0.048723
0.9043,50.2977,0.037995
0.9043,50.4214,0.088921
0.9043,50.5452,0.068021
0.9043,50.6689,0.065124
0.9043,50.7926,0.067359
0.9043,50.9164,0.049726
0.9043,51.0401,0.058236
0.9043,51.1639,0.058321
0.9043,51.2876,0.042713
0.9043,51.4114,0.05669
0.9043,51.5351,0.045685
0.9043,51.6589,0.047992
0.9043,51.7826,0.081689
0.9043,51.9064,0.032712
0.9043,52.0301,0.036899
0.9043,52.1538,0.052149
0.9043,52.2776,0.060404
0.9043,52.4013,0.050024
0.9043,52.5251,0.048108
0.9043,52.6488,0.055937
0.9043,52.7726,0.061085
0.9043,52.8963,0.061044
0.9043,53.0201,0.044535
0.9043,53.1438,0.039458
0.9043,53.2676,0.089111
0.9043,53.3913,0.044385
0.9043,53.5151,0.064037
0.9043,53.6388,0.045249
0.9043,53.7625,0.074548
0.9043,53.8863,0.075157
0.9043,54.01,0.091304
0.9043,54.1338,0.077506
0.9043,54.2575,0.070589
0.9043,54.3813,0.077642
0.9043,54.505,0.090978
0.9043,54.6288,0.083815
0.9043,54.7525,0.086704
0.9043,54.8763,0.076158
0.9043,55.0,0.054539
0.913,18.0,0.044322
0.913,18.1237,0.099403
0.913,18.2475,0.079702
0.913,18.3712,0.09866
0.913,18.495,0.063566
0.913,18.6187,0.074041
0.913,18.7425,0.088978
0.913,18.8662,0.080485
0.913,18.99,0.068413
0.913,19.1137,0.083226
0.913,19.2375,0.085213
0.913,19.3612,0.065956
0.913,19.4849,0.064223
0.913,19.6087,0.072478
0.913,19.7324,0.06658
0.913,19.8562,0.056035
0.913,19.9799,0.047286
0.913,20.1037,0.06119
0.913,20.2274,0.046
0.913,20.3512,0.055153
0.913,20.4749,0.052339
0.913,20.5987,0.028228
0.913,20.7224,0.064735
0.913,20.8462,0.036653
0.913,20.9699,0.039641
0.913,21.0936,0.042547
0.913,21.2174,0.032396
0.913,21.3411,0.034695
0.913,21.4649,0.044143
0.913,21.5886,0.04049
0.913,21.7124,0.012309
0.913,21.8361,0.019889
0.913,21.9599,0.038063
0.913,22.0836,0.065291
0.913,22.2074,0.062284
0.913,22.3311,0.061154
0.913,22.4548,0.022036
0.913,22.5786,0.072864
0.913,22.7023,0.071764
0.913,22.8261,0.06591
0.913,22.9498,0.055284
0.913,23.0736,0.071814
0.913,23.1973,0.058815
0.913,23.3211,0.060499
0.913,23.4448,0.060655
0.913,23.5686,0.049649
0.913,23.6923,0.057513
0.913,23.8161,0.065522
0.913,23.9398,0.060306
0.913,24.0635,0.083357
0.913,24.1873,0.07534
0.913,24.311,0.067469
0.913,24.4348,0.076602
0.913,24.5585,0.117404
0.913,24.6823,0.100622
0.913,24.806,0.070339
0.913,24.9298,0.073071
0.913,25.0535,0.09507
0.913,25.1773,0.073775
0.913,25.301,0.056823
0.913,25.4247,0.060977
0.913,25.5485,0.070344
0.913,25.6722,0.064058
0.913,25.796,0.09257
0.913,25.9197,0.105931
0.913,26.0435,0.181843
0.913,26.1672,0.244563
0.913,26.291,0.392025
0.913,26.4147,0.583172
0.913,26.5385,0.782441
0.913,26.6622,0.957286
0.913,26.786,1.083999
0.913,26.9097,1.111757
0.913,27.0334,0.986078
0.913,27.1572,0.822052
0.913,27.2809,0.623505
0.913,27.4047,0.400111
0.913,27.5284,0.260424
0.913,27.6522,0.160727
0.913,27.7759,0.112235
0.913,27.8997,0.073856
0.913,28.0234,0.054522
0.913,28.1472,0.079682
0.913,28.2709,0.040824
0.913,28.3946,0.061265
0.913,28.5184,0.057897
0.913,28.6421,0.05017
0.913,28.7659,0.0474
0.913,28.8896,0.086694
0.913,29.0134,0.076136
0.913,29.1371,0.067115
0.913,29.2609,0.071049
0.913,29.3846,0.067736
0.913,29.5084,0.060221
0.913,29.6321,0.059402
0.913,29.7559,0.055093
0.913,29.8796,0.056887
0.913,30.0033,0.081124
0.913,30.1271,0.077707
0.913,30.2508,0.089379
0.913,30.3746,0.080092
0.913,30.4983,0.070758
0.913,30.6221,0.094516
0.913,30.7458,0.079463
0.913,30.8696,0.063962
0.913,30.9933,0.080971
0.913,31.1171,0.073452
0.913,31.2408,0.073408
0.913,31.3645,0.05712
0.913,31.4883,0.093207
0.913,31.612,0.090875
0.913,31.7358,0.058137
0.913,31.8595,0.060159
0.913,31.9833,0.082976
0.913,32.107,0.057369
0.913,32.2308,0.081425
0.913,32.3545,0.10123
0.913,32.4783,0.102745
0.913,32.602,0.118496
0.913,32.7258,0.153804
0.913,32.8495,0.217701
0.913,32.9732,0.280411
0.913,33.097,0.335059
0.913,33.2207,0.421065
0.913,33.3445,0.509525
0.913,33.4682,0.601189
0.913,33.592,0.692698
0.913,33.7157,0.708983
0.913,33.8395,0.755173
0.913,33.9632,0.753078
0.913,34.087,0.707176
0.913,34.2107,0.638807
0.913,34.3344,0.567124
0.913,34.4582,0.467082
0.913,34.5819,0.359176
0.913,34.7057,0.298203
0.913,34.8294,0.229168
0.913,34.9532,0.186858
0.913,35.0769,0.149056
0.913,35.2007,0.112159
0.913,35.3244,0.106918
0.913,35.4482,0.072008
0.913,35.5719,0.068637
0.913,35.6957,0.079219
0.913,35.8194,0.078597
0.913,35.9431,0.096172
0.913,36.0669,0.069633
0.913,36.1906,0.080162
0.913,36.3144,0.079539
0.913,36.4381,0.084563
0.913,36.5619,0.082382
0.913,36.6856,0.083269
0.913,36.8094,0.09277
0.913,36.9331,0.072859
0.913,37.0569,0.068051
0.913,37.1806,0.064883
0.913,37.3043,0.065517
0.913,37.4281,0.082357
0.913,37.5518,0.060161
0.913,37.6756,0.0561
0.913,37.7993,0.091902
0.913,37.9231,0.062877
0.913,38.0468,0.063933
0.913,38.1706,0.034915
0.913,38.2943,0.069239
0.913,38.4181,0.073069
0.913,38.5418,0.039035
0.913,38.6656,0.043991
0.913,38.7893,0.074454
0.913,38.913,0.051174
0.913,39.0368,0.035747
0.913,39.1605,0.04731
0.913,39.2843,0.050273
0.913,39.408,0.038827
0.913,39.5318,0.058617
0.913,39.6555,0.055104
0.913,39.7793,0.041422
0.913,39.903,0.057923
0.913,40.0268,0.060114
0.913,40.1505,0.050758
0.913,40.2742,0.069714
0.913,40.398,0.057255
0.913,40.5217,0.056299
0.913,40.6455,0.032987
0.913,40.7692,0.068097
0.913,40.893,0.072819
0.913,41.0167,0.055405
0.913,41.1405,0.065776
0.913,41.2642,0.074263
0.913,41.388,0.066647
0.913,41.5117,0.09079
0.913,41.6355,0.059978
0.913,41.7592,0.067733
0.913,41.8829,0.083397
0.913,42.0067,0.060903
0.913,42.1304,0.073348
0.913,42.2542,0.069753
0.913,42.3779,0.084905
0.913,42.5017,0.070533
0.913,42.6254,0.072452
0.913,42.7492,0.076907
0.913,42.8729,0.077725
0.913,42.9967,0.06195
0.913,43.1204,0.064492
0.913,43.2441,0.081041
0.913,43.3679,0.075185
0.913,43.4916,0.074971
0.913,43.6154,0.083519
0.913,43.7391,0.06836
0.913,43.8629,0.06384
0.913,43.9866,0.046573
0.913,44.1104,0.062494
0.913,44.2341,0.060505
0.913,44.3579,0.040895
0.913,44.4816,0.059288
0.913,44.6054,0.062214
0.913,44.7291,0.078621
0.913,44.8528,0.060918
0.913,44.9766,0.033661
0.913,45.1003,0.037653
0.913,45.2241,0.06656
0.913,45.3478,0.042705
0.913,45.4716,0.06879
0.913,45.5953,0.073134
0.913,45.7191,0.080982
0.913,45.8428,0.114784
0.913,45.9666,0.139026
0.913,46.0903,0.213806
0.913,46.214,0.293463
0.913,46.3378,0.356538
0.913,46.4615,0.440271
0.913,46.5853,0.501483
0.913,46.709,0.531923
0.913,46.8328,0.55291
0.913,46.9565,0.562094
0.913,47.0803,0.500328
0.913,47.204,0.411316
0.913,47.3278,0.346733
0.913,47.4515,0.282036
0.913,47.5753,0.214691
0.913,47.699,0.133944
0.913,47.8227,0.121509
0.913,47.9465,0.123727
0.913,48.0702,0.090275
0.913,48.194,0.083661
0.913,48.3177,0.0619
0.913,48.4415,0.076304
0.913,48.5652,0.080461
0.913,48.689,0.093602
0.913,48.8127,0.037176
0.913,48.9365,0.050165
0.913,49.0602,0.056164
0.913,49.1839,0.073583
0.913,49.3077,0.062842
0.913,49.4314,0.074965
0.913,49.5552,0.074836
0.913,49.6789,0.077046
0.913,49.8027,0.094316
0.913,49.9264,0.093463
0.913,50.0502,0.06751
0.913,50.1739,0.078042
0.913,50.2977,0.074658
0.913,50.4214,0.06381
0.913,50.5452,0.042344
0.913,50.6689,0.045698
0.913,50.7926,0.079265
0.913,50.9164,0.038288
0.913,51.0401,0.027408
0.913,51.1639,0.0512
0.913,51.2876,0.04287
0.913,51.4114,0.044206
0.913,51.5351,0.026262
0.913,51.6589,0.061293
0.913,51.7826,0.050152
0.913,51.9064,0.052598
0.913,52.0301,0.036973
0.913,52.1538,0.037001
0.913,52.2776,0.026741
0.913,52.4013,0.057087
0.913,52.5251,0.053944
0.913,52.6488,0.048797
0.913,52.7726,0.063095
0.913,52.8963,0.051671
0.913,53.0201,0.056668
0.913,53.1438,0.059624
0.913,53.2676,0.065387
0.913,53.3913,0.055416
0.913,53.5151,0.088648
0.913,53.6388,0.055508
0.913,53.7625,0.057752
0.913,53.8863,0.073475
0.913,54.01,0.071717
0.913,54.1338,0.068483
0.913,54.2575,0.071731
0.913,54.3813,0.07029
0.913,54.505,0.070041
0.913,54.6288,0.082566
0.913,54.7525,0.080403
0.913,54.8763,0.071545
0.913,55.0,0.068127
0.9217,18.0,0.064415
0.9217,18.1237,0.078286
0.9217,18.2475,0.083415
0.9217,18.3712,0.060702
0.9217,18.495,0.06151
0.9217,18.6187,0.083328
0.9217,18.7425,0.091504
0.9217,18.8662,0.106416
0.9217,18.99,0.084142
0.9217,19.1137,0.064136
0.9217,19.2375,0.082369
0.9217,19.3612,0.071555
0.9217,19.4849,0.059584
0.9217,19.6087,0.039137
0.9217,19.7324,0.073704
0.9217,19.8562,0.038576
0.9217,19.9799,0.05469
0.9217,20.1037,0.054082
0.9217,20.2274,0.057892
0.9217,20.3512,0.05443
0.9217,20.4749,0.080554
0.9217,20.5987,0.078736
0.9217,20.7224,0.041952
0.9217,20.8462,0.058868
0.9217,20.9699,0.057785
0.9217,21.0936,0.015777
0.9217,21.2174,0.044339
0.9217,21.3411,0.049462
0.9217,21.4649,0.066594
0.9217,21.5886,0.052568
0.9217,21.7124,0.041526
0.9217,21.8361,0.059116
0.9217,21.9599,0.050675
0.9217,22.0836,0.059109
0.9217,22.2074,0.071606
0.9217,22.3311,0.048468
0.9217,22.4548,0.021663
0.9217,22.5786,0.04291
0.9217,22.7023,0.064685
0.9217,22.8261,0.057642
0.9217,22.9498,0.046978
0.9217,23.0736,0.0816
0.9217,23.1973,0.072645
0.9217,23.3211,0.063382
0.9217,23.4448,0.090475
0.9217,23.5686,0.094938
0.9217,23.6923,0.100764
0.9217,23.8161,0.063688
0.9217,23.9398,0.063299
0.9217,24.0635,0.06636
0.9217,24.1873,0.079901
0.9217,24.311,0.097108
0.9217,24.4348,0.068788
0.9217,24.5585,0.078506
0.9217,24.6823,0.093185
0.9217,24.806,0.078962
0.9217,24.9298,0.088134
0.9217,25.0535,0.08743
0.9217,25.1773,0.068587
0.9217,25.301,0.050102
0.9217,25.4247,0.072021
0.9217,25.5485,0.075247
0.9217,25.6722,0.05745
0.9217,25.796,0.076083
0.9217,25.9197,0.086187
0.9217,26.0435,0.16231
0.9217,26.1672,0.232407
0.9217,26.291,0.358804
0.9217,26.4147,0.520798
0.9217,26.5385,0.749832
0.9217,26.6622,0.946316
0.9217,26.786,1.071707
0.9217,26.9097,1.082279
0.9217,27.0334,1.02114
0.9217,27.1572,0.858571
0.9217,27.2809,0.654544
0.9217,27.4047,0.461555
0.9217,27.5284,0.279065
0.9217,27.6522,0.164615
0.9217,27.7759,0.118653
0.9217,27.8997,0.070833
0.9217,28.0234,0.061188
0.9217,28.1472,0.057565
0.9217,28.2709,0.04358
0.9217,28.3946,0.069505
0.9217,28.5184,0.033371
0.9217,28.6421,0.059561
0.9217,28.7659,0.051844
0.9217,28.8896,0.082308
0.9217,29.0134,0.060298
0.9217,29.1371,0.048011
0.9217,29.2609,0.070638
0.9217,29.3846,0.068946
0.9217,29.5084,0.071218
0.9217,29.6321,0.068986
0.9217,29.7559,0.081939
0.9217,29.8796,0.081397
0.9217,30.0033,0.075762
0.9217,30.1271,0.085306
0.9217,30.2508,0.072168
0.9217,30.3746,0.075362
0.9217,30.4983,0.074222
0.9217,30.6221,0.102075
0.9217,30.7458,0.095203
0.9217,30.8696,0.081206
0.9217,30.9933,0.076447
0.9217,31.1171,0.088796
0.9217,31.2408,0.068509
0.9217,31.3645,0.095556
0.9217,31.4883,0.063095
0.9217,31.612,0.080534
0.9217,31.7358,0.067262
0.9217,31.8595,0.079083
0.9217,31.9833,0.061803
0.9217,32.107,0.053869
0.9217,32.2308,0.085725
0.9217,32.3545,0.091636
0.9217,32.4783,0.107719
0.9217,32.602,0.121297
0.9217,32.7258,0.18313
0.9217,32.8495,0.192549
0.9217,32.9732,0.281582
0.9217,33.097,0.357987
0.9217,33.2207,0.412818
0.9217,33.3445,0.506449
0.9217,33.4682,0.606742
0.9217,33.592,0.687779
0.9217,33.7157,0.725147
0.9217,33.8395,0.755787
0.9217,33.9632,0.733447
0.9217,34.087,0.715605
0.9217,34.2107,0.638397
0.9217,34.3344,0.555408
0.9217,34.4582,0.466577
0.9217,34.5819,0.385992
0.9217,34.7057,0.302475
0.9217,34.8294,0.236163
0.9217,34.9532,0.189437
0.9217,35.0769,0.142974
0.9217,35.2007,0.125213
0.9217,35.3244,0.070911
0.9217,35.4482,0.076528
0.9217,35.5719,0.100546
0.9217,35.6957,0.089476
0.9217,35.8194,0.088957
0.9217,35.9431,0.065707
0.9217,36.0669,0.085828
0.9217,36.1906,0.091113
0.9217,36.3144,0.061999
0.9217,36.4381,0.081876
0.9217,36.5619,0.09465
0.9217,36.6856,0.076447
0.9217,36.8094,0.06268
0.9217,36.9331,0.05871
0.9217,37.0569,0.096494
0.9217,37.1806,0.089832
0.9217,37.3043,0.066237
0.9217,37.4281,0.078754
0.9217,37.5518,0.080931
0.9217,37.6756,0.093607
0.9217,37.7993,0.061946
0.9217,37.9231,0.072326
0.9217,38.0468,0.07262
0.9217,38.1706,0.048387
0.9217,38.2943,0.053655
0.9217,38.4181,0.058986
0.9217,38.5418,0.0492
0.9217,38.6656,0.044935
0.9217,38.7893,0.036736
0.9217,38.913,0.047045
0.9217,39.0368,0.052457
0.9217,39.1605,0.032592
0.9217,39.2843,0.062454
0.9217,39.408,0.049462
0.9217,39.5318,0.062468
0.9217,39.6555,0.051046
0.9217,39.7793,0.028182
0.9217,39.903,0.050893
0.9217,40.0268,0.031121
0.9217,40.1505,0.062375
0.9217,40.2742,0.077605
0.9217,40.398,0.048301
0.9217,40.5217,0.045361
0.9217,40.6455,0.053909
0.9217,40.7692,0.048767
0.9217,40.893,0.061443
0.9217,41.0167,0.061244
0.9217,41.1405,0.075802
0.9217,41.2642,0.038654
0.9217,41.388,0.087986
0.9217,41.5117,0.063891
0.9217,41.6355,0.056275
0.9217,41.7592,0.099396
0.9217,41.8829,0.067567
0.9217,42.0067,0.08352
0.9217,42.1304,0.051514
0.9217,42.2542,0.090495
0.9217,42.3779,0.102779
0.9217,42.5017,0.101611
0.9217,42.6254,0.073404
0.9217,42.7492,0.101424
0.9217,42.8729,0.083844
0.9217,42.9967,0.089994
0.9217,43.1204,0.084722
0.9217,43.2441,0.073922
0.9217,43.3679,0.043699
0.9217,43.4916,0.057166
0.9217,43.6154,0.066886
0.9217,43.7391,0.069029
0.9217,43.8629,0.066936
0.9217,43.9866,0.05075
0.9217,44.1104,0.057874
0.9217,44.2341,0.058519
0.9217,44.3579,0.05465
0.9217,44.4816,0.077236
0.9217,44.6054,0.056199
0.9217,44.7291,0.061843
0.9217,44.8528,0.059106
0.9217,44.9766,0.045831
0.9217,45.1003,0.046561
0.9217,45.2241,0.025709
0.9217,45.3478,0.051127
0.9217,45.4716,0.051128
0.9217,45.5953,0.074925
0.9217,45.7191,0.093982
0.9217,45.8428,0.106086
0.9217,45.9666,0.152788
0.9217,46.0903,0.217094
0.9217,46.214,0.279621
0.9217,46.3378,0.377755
0.9217,46.4615,0.449237
0.9217,46.5853,0.495961
0.9217,46.709,0.527958
0.9217,46.8328,0.567297
0.9217,46.9565,0.541255
0.9217,47.0803,0.491629
0.9217,47.204,0.402843
0.9217,47.3278,0.310739
0.9217,47.4515,0.267348
0.9217,47.5753,0.230901
0.9217,47.699,0.161588
0.9217,47.8227,0.124774
0.9217,47.9465,0.099767
0.9217,48.0702,0.066802
0.9217,48.194,0.075763
0.9217,48.3177,0.050444
0.9217,48.4415,0.057251
0.9217,48.5652,0.079682
0.9217,48.689,0.063159
0.9217,48.8127,0.072682
0.9217,48.9365,0.075398
0.9217,49.0602,0.074804
0.9217,49.1839,0.062972
0.9217,49.3077,0.091809
0.9217,49.4314,0.071318
0.9217,49.5552,0.067028
0.9217,49.6789,0.053389
0.9217,49.8027,0.070572
0.9217,49.9264,0.062032
0.9217,50.0502,0.05788
0.9217,50.1739,0.058356
0.9217,50.2977,0.05264
0.9217,50.4214,0.048405
0.9217,50.5452,0.054686
0.9217,50.6689,0.06992
0.9217,50.7926,0.048632
0.9217,50.9164,0.064165
0.9217,51.0401,0.059531
0.9217,51.1639,0.025671
0.9217,51.2876,0.037912
0.9217,51.4114,0.052354
0.9217,51.5351,0.063281
0.9217,51.6589,0.060724
0.9217,51.7826,0.028975
0.9217,51.9064,0.041496
0.9217,52.0301,0.041528
0.9217,52.1538,0.062323
0.9217,52.2776,0.073224
0.9217,52.4013,0.057524
0.9217,52.5251,0.056228
0.9217,52.6488,0.057994
0.9217,52.7726,0.058966
0.9217,52.8963,0.05041
0.9217,53.0201,0.053058
0.9217,53.1438,0.052173
0.9217,53.2676,0.085031
0.9217,53.3913,0.062542
0.9217,53.5151,0.075323
0.9217,53.6388,0.068155
0.9217,53.7625,0.069512
0.9217,53.8863,0.090902
0.9217,54.01,0.098016
0.9217,54.1338,0.059351
0.9217,54.2575,0.102993
0.9217,54.3813,0.074035
0.9217,54.505,0.093917
0.9217,54.6288,0.064971
0.9217,54.7525,0.089353
0.9217,54.8763,0.074332
0.9217,55.0,0.057119
0.9304,18.0,0.090786
0.9304,18.1237,0.055931
0.9304,18.2475,0.070493
0.9304,18.3712,0.105863
0.9304,18.495,0.100384
0.9304,18.6187,0.075383
0.9304,18.7425,0.067009
0.9304,18.8662,0.071405
0.9304,18.99,0.082801
0.9304,19.1137,0.083855
0.9304,19.2375,0.06261
0.9304,19.3612,0.09679
0.9304,19.4849,0.077651
0.9304,19.6087,0.070579
0.9304,19.7324,0.069794
0.9304,19.8562,0.070363
0.9304,19.9799,0.059831
0.9304,20.1037,0.028699
0.9304,20.2274,0.032048
0.9304,20.3512,0.055661
0.9304,20.4749,0.054378
0.9304,20.5987,0.05831
0.9304,20.7224,0.055303
0.9304,20.8462,0.068832
0.9304,20.9699,0.026547
0.9304,21.0936,0.049404
0.9304,21.2174,0.064326
0.9304,21.3411,0.060943
0.9304,21.4649,0.050009
0.9304,21.5886,0.053377
0.9304,21.7124,0.053878
0.9304,21.8361,0.061104
0.9304,21.9599,0.052324
0.9304,22.0836,0.027464
0.9304,22.2074,0.059229
0.9304,22.3311,0.039182
0.9304,22.4548,0.056856
0.9304,22.5786,0.047649
0.9304,22.7023,0.073667
0.9304,22.8261,0.044415
0.9304,22.9498,0.041574
0.9304,23.0736,0.051705
0.9304,23.1973,0.065663
0.9304,23.3211,0.07689
0.9304,23.4448,0.076677
0.9304,23.5686,0.093481
0.9304,23.6923,0.080988
0.9304,23.8161,0.088146
0.9304,23.9398,0.094623
0.9304,24.0635,0.068917
0.9304,24.1873,0.065867
0.9304,24.311,0.060457
0.9304,24.4348,0.068175
0.9304,24.5585,0.074863
0.9304,24.6823,0.053207
0.9304,24.806,0.07949
0.9304,24.9298,0.094312
0.9304,25.0535,0.062762
0.9304,25.1773,0.07208
0.9304,25.301,0.094863
0.9304,25.4247,0.065301
0.9304,25.5485,0.064289
0.9304,25.6722,0.061475
0.9304,25.796,0.038974
0.9304,25.9197,0.095537
0.9304,26.0435,0.138493
0.9304,26.1672,0.21302
0.9304,26.291,0.341761
0.9304,26.4147,0.511054
0.9304,26.5385,0.712617
0.9304,26.6622,0.907002
0.9304,26.786,1.034221
0.9304,26.9097,1.085309
0.9304,27.0334,1.047058
0.9304,27.1572,0.898126
0.9304,27.2809,0.686916
0.9304,27.4047,0.50421
0.9304,27.5284,0.340233
0.9304,27.6522,0.218316
0.9304,27.7759,0.106311
0.9304,27.8997,0.074746
0.9304,28.0234,0.073192
0.9304,28.1472,0.095292
0.9304,28.2709,0.037858
0.9304,28.3946,0.04967
0.9304,28.5184,0.06774
0.9304,28.6421,0.058449
0.9304,28.7659,0.055697
0.9304,28.8896,0.065183
0.9304,29.0134,0.056755
0.9304,29.1371,0.060438
0.9304,29.2609,0.093377
0.9304,29.3846,0.061306
0.9304,29.5084,0.060612
0.9304,29.6321,0.083513
0.9304,29.7559,0.0566
0.9304,29.8796,0.085579
0.9304,30.0033,0.082485
0.9304,30.1271,0.055511
0.9304,30.2508,0.064448
0.9304,30.3746,0.0931
0.9304,30.4983,0.068189
0.9304,30.6221,0.091988
0.9304,30.7458,0.081096
0.9304,30.8696,0.082331
0.9304,30.9933,0.049312
0.9304,31.1171,0.072856
0.9304,31.2408,0.04843
0.9304,31.3645,0.075339
0.9304,31.4883,0.070554
0.9304,31.612,0.090459
0.9304,31.7358,0.078947
0.9304,31.8595,0.093759
0.9304,31.9833,0.070545
0.9304,32.107,0.059557
0.9304,32.2308,0.059515
0.9304,32.3545,0.096831
0.9304,32.4783,0.087393
0.9304,32.602,0.116733
0.9304,32.7258,0.154805
0.9304,32.8495,0.172811
0.9304,32.9732,0.259347
0.9304,33.097,0.338559
0.9304,33.2207,0.411478
0.9304,33.3445,0.519428
0.9304,33.4682,0.610041
0.9304,33.592,0.67591
0.9304,33.7157,0.710869
0.9304,33.8395,0.767029
0.9304,33.9632,0.728109
0.9304,34.087,0.67834
0.9304,34.2107,0.626844
0.9304,34.3344,0.542025
0.9304,34.4582,0.473522
0.9304,34.5819,0.341822
0.9304,34.7057,0.284774
0.9304,34.8294,0.242908
0.9304,34.9532,0.160447
0.9304,35.0769,0.145549
0.9304,35.2007,0.114157
0.9304,35.3244,0.079623
0.9304,35.4482,0.098586
0.9304,35.5719,0.079171
0.9304,35.6957,0.075514
0.9304,35.8194,0.077199
0.9304,35.9431,0.05785
0.9304,36.0669,0.077718
0.9304,36.1906,0.059206
0.9304,36.3144,0.08771
0.9304,36.4381,0.078291
0.9304,36.5619,0.07764
0.9304,36.6856,0.087907
0.9304,36.8094,0.063692
0.9304,36.9331,0.054976
0.9304,37.0569,0.092139
0.9304,37.1806,0.068502
0.9304,37.3043,0.074839
0.9304,37.4281,0.088292
0.9304,37.5518,0.04521
0.9304,37.6756,0.044071
0.9304,37.7993,0.07256
0.9304,37.9231,0.06549
0.9304,38.0468,0.055581
0.9304,38.1706,0.043943
0.9304,38.2943,0.037936
0.9304,38.4181,0.044861
0.9304,38.5418,0.064856
0.9304,38.6656,0.054809
0.9304,38.7893,0.053044
0.9304,38.913,0.070392
0.9304,39.0368,0.044698
0.9304,39.1605,0.026118
0.9304,39.2843,0.03348
0.9304,39.408,0.041838
0.9304,39.5318,0.054193
0.9304,39.6555,0.043555
0.9304,39.7793,0.036926
0.9304,39.903,0.044762
0.9304,40.0268,0.044338
0.9304,40.1505,0.017927
0.9304,40.2742,0.039892
0.9304,40.398,0.052112
0.9304,40.5217,0.05996
0.9304,40.6455,0.063227
0.9304,40.7692,0.046756
0.9304,40.893,0.05101
0.9304,41.0167,0.072952
0.9304,41.1405,0.050407
0.9304,41.2642,0.065465
0.9304,41.388,0.074303
0.9304,41.5117,0.056584
0.9304,41.6355,0.087486
0.9304,41.7592,0.095713
0.9304,41.8829,0.063609
0.9304,42.0067,0.098266
0.9304,42.1304,0.086305
0.9304,42.2542,0.063939
0.9304,42.3779,0.090698
0.9304,42.5017,0.083805
0.9304,42.6254,0.106853
0.9304,42.7492,0.077809
0.9304,42.8729,0.067428
0.9304,42.9967,0.078167
0.9304,43.1204,0.081175
0.9304,43.2441,0.072154
0.9304,43.3679,0.070129
0.9304,43.4916,0.05787
0.9304,43.6154,0.065759
0.9304,43.7391,0.042907
0.9304,43.8629,0.063955
0.9304,43.9866,0.068229
0.9304,44.1104,0.0729
0.9304,44.2341,0.054262
0.9304,44.3579,0.059303
0.9304,44.4816,0.052363
0.9304,44.6054,0.052819
0.9304,44.7291,0.039546
0.9304,44.8528,0.048722
0.9304,44.9766,0.059565
0.9304,45.1003,0.027052
0.9304,45.2241,0.049699
0.9304,45.3478,0.062752
0.9304,45.4716,0.067477
0.9304,45.5953,0.06066
0.9304,45.7191,0.0926
0.9304,45.8428,0.112592
0.9304,45.9666,0.147764
0.9304,46.0903,0.219188
0.9304,46.214,0.294
0.9304,46.3378,0.36951
0.9304,46.4615,0.433361
0.9304,46.5853,0.517519
0.9304,46.709,0.536147
0.9304,46.8328,0.540253
0.9304,46.9565,0.517961
0.9304,47.0803,0.472214
0.9304,47.204,0.411469
0.9304,47.3278,0.346095
0.9304,47.4515,0.262538
0.9304,47.5753,0.22346
0.9304,47.699,0.163345
0.9304,47.8227,0.110342
0.9304,47.9465,0.098357
0.9304,48.0702,0.107364
0.9304,48.194,0.091663
0.9304,48.3177,0.068271
0.9304,48.4415,0.074176
0.9304,48.5652,0.093132
0.9304,48.689,0.071417
0.9304,48.8127,0.081337
0.9304,48.9365,0.082121
0.9304,49.0602,0.082956
0.9304,49.1839,0.084913
0.9304,49.3077,0.065997
0.9304,49.4314,0.064014
0.9304,49.5552,0.092858
0.9304,49.6789,0.071325
0.9304,49.8027,0.066306
0.9304,49.9264,0.04944
0.9304,50.0502,0.044189
0.9304,50.1739,0.065917
0.9304,50.2977,0.070283
0.9304,50.4214,0.034645
0.9304,50.5452,0.061536
0.9304,50.6689,0.038646
0.9304,50.7926,0.035036
0.9304,50.9164,0.054184
0.9304,51.0401,0.036648
0.9304,51.1639,0.055102
0.9304,51.2876,0.053647
0.9304,51.4114,0.018933
0.9304,51.5351,0.067289
0.9304,51.6589,0.041613
0.9304,51.7826,0.066425
0.9304,51.9064,0.051546
0.9304,52.0301,0.049633
0.9304,52.1538,0.056022
0.9304,52.2776,0.046848
0.9304,52.4013,0.056749
0.9304,52.5251,0.037482
0.9304,52.6488,0.044083
0.9304,52.7726,0.035624
0.9304,52.8963,0.033783
0.9304,53.0201,0.099612
0.9304,53.1438,0.065381
0.9304,53.2676,0.052674
0.9304,53.3913,0.060522
0.9304,53.5151,0.068948
0.9304,53.6388,0.057686
0.9304,53.7625,0.069482
0.9304,53.8863,0.041508
0.9304,54.01,0.074094
0.9304,54.1338,0.083583
0.9304,54.2575,0.085253
0.9304,54.3813,0.085502
0.9304,54.505,0.073071
0.9304,54.6288,0.094804
0.9304,54.7525,0.093185
0.9304,54.8763,0.083498
0.9304,55.0,0.091387
0.9391,18.0,0.098749
0.9391,18.1237,0.076414
0.9391,18.2475,0.08214
0.9391,18.3712,0.097482
0.9391,18.495,0.084204
0.9391,18.6187,0.066631
0.9391,18.7425,0.077171
0.9391,18.8662,0.071851
0.9391,18.99,0.064112
0.9391,19.1137,0.065243
0.9391,19.2375,0.060933
0.9391,19.3612,0.073076
0.9391,19.4849,0.062314
0.9391,19.6087,0.060723
0.9391,19.7324,0.041323
0.9391,19.8562,0.064702
0.9391,19.9799,0.032066
0.9391,20.1037,0.055138
0.9391,20.2274,0.048366
0.9391,20.3512,0.039044
0.9391,20.4749,0.05781
0.9391,20.5987,0.04557
0.9391,20.7224,0.049145
0.9391,20.8462,0.068677
0.9391,20.9699,0.034459
0.9391,21.0936,0.011684
0.9391,21.2174,0.046285
0.9391,21.3411,0.048444
0.9391,21.4649,0.047357
0.9391,21.5886,0.046641
0.9391,21.7124,0.022615
0.9391,21.8361,0.07619
0.9391,21.9599,0.058558
0.9391,22.0836,0.060164
0.9391,22.2074,0.063577
0.9391,22.3311,0.055027
0.9391,22.4548,0.057539
0.9391,22.5786,0.068695
0.9391,22.7023,0.047127
0.9391,22.8261,0.02931
0.9391,22.9498,0.05255
0.9391,23.0736,0.06775
0.9391,23.1973,0.058004
0.9391,23.3211,0.098632
0.9391,23.4448,0.044027
0.9391,23.5686,0.078211
0.9391,23.6923,0.086131
0.9391,23.8161,0.082649
0.9391,23.9398,0.103996
0.9391,24.0635,0.085684
0.9391,24.1873,0.098603
0.9391,24.311,0.080267
0.9391,24.4348,0.092443
0.9391,24.5585,0.041295
0.9391,24.6823,0.087432
0.9391,24.806,0.081628
0.9391,24.9298,0.086585
0.9391,25.0535,0.051983
0.9391,25.1773,0.06492
0.9391,25.301,0.051205
0.9391,25.4247,0.05482
0.9391,25.5485,0.063691
0.9391,25.6722,0.071108
0.9391,25.796,0.066737
0.9391,25.9197,0.095399
0.9391,26.0435,0.109044
0.9391,26.1672,0.205339
0.9391,26.291,0.31893
0.9391,26.4147,0.465466
0.9391,26.5385,0.671731
0.9391,26.6622,0.861096
0.9391,26.786,1.041699
0.9391,26.9097,1.100364
0.9391,27.0334,1.066069
0.9391,27.1572,0.932074
0.9391,27.2809,0.741648
0.9391,27.4047,0.527044
0.9391,27.5284,0.346395
0.9391,27.6522,0.24351
0.9391,27.7759,0.154311
0.9391,27.8997,0.094285
0.9391,28.0234,0.062297
0.9391,28.1472,0.074988
0.9391,28.2709,0.048731
0.9391,28.3946,0.040561
0.9391,28.5184,0.045151
0.9391,28.6421,0.072636
0.9391,28.7659,0.06443
0.9391,28.8896,0.071231
0.9391,29.0134,0.066069
0.9391,29.1371,0.072854
0.9391,29.2609,0.0665
0.9391,29.3846,0.060323
0.9391,29.5084,0.071932
0.9391,29.6321,0.078973
0.9391,29.7559,0.078226
0.9391,29.8796,0.069479
0.9391,30.0033,0.075569
0.9391,30.1271,0.056145
0.9391,30.2508,0.081006
0.9391,30.3746,0.089544
0.9391,30.4983,0.064684
0.9391,30.6221,0.086677
0.9391,30.7458,0.07494
0.9391,30.8696,0.075706
0.9391,30.9933,0.075208
0.9391,31.1171,0.073775
0.9391,31.2408,0.061823
0.9391,31.3645,0.067312
0.9391,31.4883,0.061114
0.9391,31.612,0.06541
0.9391,31.7358,0.088648
0.9391,31.8595,0.057498
0.9391,31.9833,0.057196
0.9391,32.107,0.055308
0.9391,32.2308,0.052234
0.9391,32.3545,0.081766
0.9391,32.4783,0.069185
0.9391,32.602,0.101784
0.9391,32.7258,0.156248
0.9391,32.8495,0.233016
0.9391,32.9732,0.277844
0.9391,33.097,0.357894
0.9391,33.2207,0.44119
0.9391,33.3445,0.514393
0.9391,33.4682,0.630291
0.9391,33.592,0.678671
0.9391,33.7157,0.731209
0.9391,33.8395,0.709036
0.9391,33.9632,0.759622
0.9391,34.087,0.668455
0.9391,34.2107,0.614286
0.9391,34.3344,0.558525
0.9391,34.4582,0.422015
0.9391,34.5819,0.359719
0.9391,34.7057,0.30552
0.9391,34.8294,0.214571
0.9391,34.9532,0.175576
0.9391,35.0769,0.129134
0.9391,35.2007,0.104992
0.9391,35.3244,0.114928
0.9391,35.4482,0.115936
0.9391,35.5719,0.089221
0.9391,35.6957,0.11027
0.9391,35.8194,0.068871
0.9391,35.9431,0.07992
0.9391,36.0669,0.075996
0.9391,36.1906,0.076491
0.9391,36.3144,0.07985
0.9391,36.4381,0.087203
0.9391,36.5619,0.090435
0.9391,36.6856,0.079261
0.9391,36.8094,0.085739
0.9391,36.9331,0.089713
0.9391,37.0569,0.077843
0.9391,37.1806,0.081251
0.9391,37.3043,0.0689
0.9391,37.4281,0.075926
0.9391,37.5518,0.071109
0.9391,37.6756,0.043772
0.9391,37.7993,0.074395
0.9391,37.9231,0.065075
0.9391,38.0468,0.05732
0.9391,38.1706,0.033818
0.9391,38.2943,0.059592
0.9391,38.4181,0.065058
0.9391,38.5418,0.025809
0.9391,38.6656,0.057102
0.9391,38.7893,0.046178
0.9391,38.913,0.065115
0.9391,39.0368,0.039871
0.9391,39.1605,0.040406
0.9391,39.2843,0.059402
0.9391,39.408,0.048626
0.9391,39.5318,0.038992
0.9391,39.6555,0.043633
0.9391,39.7793,0.049421
0.9391,39.903,0.032872
0.9391,40.0268,0.037112
0.9391,40.1505,0.035981
0.9391,40.2742,0.029138
0.9391,40.398,0.036091
0.9391,40.5217,0.059823
0.9391,40.6455,0.045971
0.9391,40.7692,0.054165
0.9391,40.893,0.070119
0.9391,41.0167,0.070563
0.9391,41.1405,0.050064
0.9391,41.2642,0.085418
0.9391,41.388,0.06498
0.9391,41.5117,0.077155
0.9391,41.6355,0.084851
0.9391,41.7592,0.067765
0.9391,41.8829,0.082925
0.9391,42.0067,0.094319
0.9391,42.1304,0.091377
0.9391,42.2542,0.079666
0.9391,42.3779,0.082522
0.9391,42.5017,0.079092
0.9391,42.6254,0.09185
0.9391,42.7492,0.093065
0.9391,42.8729,0.089223
0.9391,42.9967,0.098368
0.9391,43.1204,0.06653
0.9391,43.2441,0.072393
0.9391,43.3679,0.068712
0.9391,43.4916,0.080411
0.9391,43.6154,0.105894
0.9391,43.7391,0.033644
0.9391,43.8629,0.065526
0.9391,43.9866,0.048681
0.9391,44.1104,0.077269
0.9391,44.2341,0.048314
0.9391,44.3579,0.069098
0.9391,44.4816,0.073802
0.9391,44.6054,0.046567
0.9391,44.7291,0.06505
0.9391,44.8528,0.055386
0.9391,44.9766,0.031256
0.9391,45.1003,0.038433
0.9391,45.2241,0.061666
0.9391,45.3478,0.056522
0.9391,45.4716,0.039953
0.9391,45.5953,0.094376
0.9391,45.7191,0.098728
0.9391,45.8428,0.116004
0.9391,45.9666,0.151561
0.9391,46.0903,0.231798
0.9391,46.214,0.291029
0.9391,46.3378,0.367654
0.9391,46.4615,0.463846
0.9391,46.5853,0.517948
0.9391,46.709,0.550221
0.9391,46.8328,0.566483
0.9391,46.9565,0.537719
0.9391,47.0803,0.488723
0.9391,47.204,0.403359
0.9391,47.3278,0.338897
0.9391,47.4515,0.286746
0.9391,47.5753,0.189176
0.9391,47.699,0.136997
0.9391,47.8227,0.113181
0.9391,47.9465,0.107722
0.9391,48.0702,0.091392
0.9391,48.194,0.071554
0.9391,48.3177,0.079373
0.9391,48.4415,0.063708
0.9391,48.5652,0.122882
0.9391,48.689,0.093412
0.9391,48.8127,0.075394
0.9391,48.9365,0.079011
0.9391,49.0602,0.08486
0.9391,49.1839,0.064549
0.9391,49.3077,0.0373
0.9391,49.4314,0.074521
0.9391,49.5552,0.057816
0.9391,49.6789,0.051046
0.9391,49.8027,0.067949
0.9391,49.9264,0.057964
0.9391,50.0502,0.052159
0.9391,50.1739,0.079756
0.9391,50.2977,0.070463
0.9391,50.4214,0.036328
0.9391,50.5452,0.078165
0.9391,50.6689,0.047784
0.9391,50.7926,0.055571
0.9391,50.9164,0.04985
0.9391,51.0401,0.02873
0.9391,51.1639,0.055059
0.9391,51.2876,0.045172
0.9391,51.4114,0.04814
0.9391,51.5351,0.057583
0.9391,51.6589,0.039859
0.9391,51.7826,0.023975
0.9391,51.9064,0.038648
0.9391,52.0301,0.045477
0.9391,52.1538,0.066749
0.9391,52.2776,0.069507
0.9391,52.4013,0.072551
0.9391,52.5251,0.032899
0.9391,52.6488,0.045744
0.9391,52.7726,0.072222
0.9391,52.8963,0.05481
0.9391,53.0201,0.086966
0.9391,53.1438,0.054469
0.9391,53.2676,0.053127
0.9391,53.3913,0.066101
0.9391,53.5151,0.078513
0.9391,53.6388,0.044865
0.9391,53.7625,0.070804
0.9391,53.8863,0.097882
0.9391,54.01,0.095703
0.9391,54.1338,0.072485
0.9391,54.2575,0.075942
0.9391,54.3813,0.090286
0.9391,54.505,0.081385
0.9391,54.6288,0.084788
0.9391,54.7525,0.078061
0.9391,54.8763,0.064066
0.9391,55.0,0.078427
0.9478,18.0,0.069862
0.9478,18.1237,0.076529
0.9478,18.2475,0.09507
0.9478,18.3712,0.071453
0.9478,18.495,0.091631
0.9478,18.6187,0.066747
0.9478,18.7425,0.089199
0.9478,18.8662,0.072745
0.9478,18.99,0.077677
0.9478,19.1137,0.074355
0.9478,19.2375,0.068832
0.9478,19.3612,0.047151
0.9478,19.4849,0.061502
0.9478,19.6087,0.103323
0.9478,19.7324,0.060599
0.9478,19.8562,0.07337
0.9478,19.9799,0.0463
0.9478,20.1037,0.053439
0.9478,20.2274,0.049708
0.9478,20.3512,0.022373
0.9478,20.4749,0.04712
0.9478,20.5987,0.024214
0.9478,20.7224,0.047504
0.9478,20.8462,0.026934
0.9478,20.9699,0.034831
0.9478,21.0936,0.03774
0.9478,21.2174,0.059076
0.9478,21.3411,0.04709
0.9478,21.4649,0.063982
0.9478,21.5886,0.064856
0.9478,21.7124,0.02977
0.9478,21.8361,0.054274
0.9478,21.9599,0.041518
0.9478,22.0836,0.053754
0.9478,22.2074,0.026003
0.9478,22.3311,0.04229
0.9478,22.4548,0.056496
0.9478,22.5786,0.077046
0.9478,22.7023,0.027566
0.9478,22.8261,0.066479
0.9478,22.9498,0.058998
0.9478,23.0736,0.069288
0.9478,23.1973,0.063453
0.9478,23.3211,0.073536
0.9478,23.4448,0.081245
0.9478,23.5686,0.068392
0.9478,23.6923,0.058276
0.9478,23.8161,0.096922
0.9478,23.9398,0.081146
0.9478,24.0635,0.073176
0.9478,24.1873,0.057625
0.9478,24.311,0.069798
0.9478,24.4348,0.083056
0.9478,24.5585,0.089065
0.9478,24.6823,0.072636
0.9478,24.806,0.092658
0.9478,24.9298,0.086362
0.9478,25.0535,0.082122
0.9478,25.1773,0.083245
0.9478,25.301,0.063378
0.9478,25.4247,0.056622
0.9478,25.5485,0.052131
0.9478,25.6722,0.023156
0.9478,25.796,0.079434
0.9478,25.9197,0.094873
0.9478,26.0435,0.125266
0.9478,26.1672,0.17265
0.9478,26.291,0.276108
0.9478,26.4147,0.424476
0.9478,26.5385,0.630256
0.9478,26.6622,0.805488
0.9478,26.786,0.979976
0.9478,26.9097,1.081137
0.9478,27.0334,1.108082
0.9478,27.1572,0.967629
0.9478,27.2809,0.773304
0.9478,27.4047,0.559061
0.9478,27.5284,0.38528
0.9478,27.6522,0.239931
0.9478,27.7759,0.166054
0.9478,27.8997,0.090662
0.9478,28.0234,0.074379
0.9478,28.1472,0.05747
0.9478,28.2709,0.051459
0.9478,28.3946,0.058997
0.9478,28.5184,0.062623
0.9478,28.6421,0.061964
0.9478,28.7659,0.06004
0.9478,28.8896,0.082498
0.9478,29.0134,0.052001
0.9478,29.1371,0.074386
0.9478,29.2609,0.050493
0.9478,29.3846,0.086573
0.9478,29.5084,0.082379
0.9478,29.6321,0.07969
0.9478,29.7559,0.057517
0.9478,29.8796,0.085365
0.9478,30.0033,0.07283
0.9478,30.1271,0.075631
0.9478,30.2508,0.098573
0.9478,30.3746,0.100057
0.9478,30.4983,0.069313
0.9478,30.6221,0.056699
0.9478,30.7458,0.050209
0.9478,30.8696,0.075342
0.9478,30.9933,0.0584
0.9478,31.1171,0.087541
0.9478,31.2408,0.07451
0.9478,31.3645,0.0787
0.9478,31.4883,0.061318
0.9478,31.612,0.114123
0.9478,31.7358,0.045878
0.9478,31.8595,0.062996
0.9478,31.9833,0.051041
0.9478,32.107,0.061053
0.9478,32.2308,0.07027
0.9478,32.3545,0.078645
0.9478,32.4783,0.076681
0.9478,32.602,0.123157
0.9478,32.7258,0.151962
0.9478,32.8495,0.209292
0.9478,32.9732,0.277427
0.9478,33.097,0.382801
0.9478,33.2207,0.468797
0.9478,33.3445,0.542053
0.9478,33.4682,0.633877
0.9478,33.592,0.684802
0.9478,33.7157,0.718152
0.9478,33.8395,0.763568
0.9478,33.9632,0.706018
0.9478,34.087,0.691799
0.9478,34.2107,0.613521
0.9478,34.3344,0.538616
0.9478,34.4582,0.458091
0.9478,34.5819,0.344821
0.9478,34.7057,0.265212
0.9478,34.8294,0.187465
0.9478,34.9532,0.18296
0.9478,35.0769,0.166858
0.9478,35.2007,0.104895
0.9478,35.3244,0.086475
0.9478,35.4482,0.089822
0.9478,35.5719,0.090477
0.9478,35.6957,0.093272
0.9478,35.8194,0.073934
0.9478,35.9431,0.091211
0.9478,36.0669,0.083185
0.9478,36.1906,0.072703
0.9478,36.3144,0.06881
0.9478,36.4381,0.086902
0.9478,36.5619,0.077506
0.9478,36.6856,0.060323
0.9478,36.8094,0.052701
0.9478,36.9331,0.059825
0.9478,37.0569,0.078231
0.9478,37.1806,0.057576
0.9478,37.3043,0.068786
0.9478,37.4281,0.068797
0.9478,37.5518,0.060631
0.9478,37.6756,0.056277
0.9478,37.7993,0.049078
0.9478,37.9231,0.058675
0.9478,38.0468,0.061875
0.9478,38.1706,0.071034
0.9478,38.2943,0.068281
0.9478,38.4181,0.067819
0.9478,38.5418,0.044704
0.9478,38.6656,0.019634
0.9478,38.7893,0.069467
0.9478,38.913,0.052854
0.9478,39.0368,0.046145
0.9478,39.1605,0.03339
0.9478,39.2843,0.06003
0.9478,39.408,0.039838
0.9478,39.5318,0.028455
0.9478,39.6555,0.028791
0.9478,39.7793,0.051699
0.9478,39.903,0.028965
0.9478,40.0268,0.049325
0.9478,40.1505,0.046666
0.9478,40.2742,0.067748
0.9478,40.398,0.059995
0.9478,40.5217,0.05623
0.9478,40.6455,0.09805
0.9478,40.7692,0.019729
0.9478,40.893,0.070814
0.9478,41.0167,0.075143
0.9478,41.1405,0.051842
0.9478,41.2642,0.066805
0.9478,41.388,0.075291
0.9478,41.5117,0.081757
0.9478,41.6355,0.099561
0.9478,41.7592,0.079711
0.9478,41.8829,0.06453
0.9478,42.0067,0.073997
0.9478,42.1304,0.067704
0.9478,42.2542,0.078999
0.9478,42.3779,0.090944
0.9478,42.5017,0.074198
0.9478,42.6254,0.091988
0.9478,42.7492,0.079644
0.9478,42.8729,0.066091
0.9478,42.9967,0.045225
0.9478,43.1204,0.057011
0.9478,43.2441,0.057747
0.9478,43.3679,0.078824
0.9478,43.4916,0.060079
0.9478,43.6154,0.064145
0.9478,43.7391,0.075335
0.9478,43.8629,0.05329
0.9478,43.9866,0.064584
0.9478,44.1104,0.066512
0.9478,44.2341,0.057625
0.9478,44.3579,0.047767
0.9478,44.4816,0.064252
0.9478,44.6054,0.058084
0.9478,44.7291,0.064017
0.9478,44.8528,0.043254
0.9478,44.9766,0.035899
0.9478,45.1003,0.039917
0.9478,45.2241,0.037
0.9478,45.3478,0.037422
0.9478,45.4716,0.059172
0.9478,45.5953,0.075618
0.9478,45.7191,0.075371
0.9478,45.8428,0.124569
0.9478,45.9666,0.170193
0.9478,46.0903,0.226717
0.9478,46.214,0.284831
0.9478,46.3378,0.37049
0.9478,46.4615,0.443634
0.9478,46.5853,0.521107
0.9478,46.709,0.56957
0.9478,46.8328,0.569918
0.9478,46.9565,0.525502
0.9478,47.0803,0.493845
0.9478,47.204,0.43563
0.9478,47.3278,0.364923
0.9478,47.4515,0.26721
0.9478,47.5753,0.232398
0.9478,47.699,0.163143
0.9478,47.8227,0.147075
0.9478,47.9465,0.120305
0.9478,48.0702,0.128079
0.9478,48.194,0.076384
0.9478,48.3177,0.085582
0.9478,48.4415,0.102647
0.9478,48.5652,0.063171
0.9478,48.689,0.085351
0.9478,48.8127,0.085758
0.9478,48.9365,0.069772
0.9478,49.0602,0.089837
0.9478,49.1839,0.07303
0.9478,49.3077,0.067369
0.9478,49.4314,0.071045
0.9478,49.5552,0.064022
0.9478,49.6789,0.059497
0.9478,49.8027,0.062783
0.9478,49.9264,0.090402
0.9478,50.0502,0.047138
0.9478,50.1739,0.05453
0.9478,50.2977,0.035452
0.9478,50.4214,0.056239
0.9478,50.5452,0.074862
0.9478,50.6689,0.067633
0.9478,50.7926,0.03652
0.9478,50.9164,0.04792
0.9478,51.0401,0.030032
0.9478,51.1639,0.036169
0.9478,51.2876,0.064212
0.9478,51.4114,0.056925
0.9478,51.5351,0.057116
0.9478,51.6589,0.041976
0.9478,51.7826,0.036861
0.9478,51.9064,0.072495
0.9478,52.0301,0.042125
0.9478,52.1538,0.055036
0.9478,52.2776,0.060651
0.9478,52.4013,0.062436
0.9478,52.5251,0.060981
0.9478,52.6488,0.057852
0.9478,52.7726,0.063561
0.9478,52.8963,0.04648
0.9478,53.0201,0.082432
0.9478,53.1438,0.077238
0.9478,53.2676,0.074107
0.9478,53.3913,0.080336
0.9478,53.5151,0.078108
0.9478,53.6388,0.099377
0.9478,53.7625,0.098782
0.9478,53.8863,0.071623
0.9478,54.01,0.098891
0.9478,54.1338,0.056151
0.9478,54.2575,0.073284
0.9478,54.3813,0.092032
0.9478,54.505,0.079623
0.9478,54.6288,0.067054
0.9478,54.7525,0.068989
0.9478,54.8763,0.082301
0.9478,55.0,0.06651
0.9565,18.0,0.075543
0.9565,18.1237,0.093935
0.9565,18.2475,0.095831
0.9565,18.3712,0.083677
0.9565,18.495,0.066593
0.9565,18.6187,0.075452
0.9565,18.7425,0.065429
0.9565,18.8662,0.056801
0.9565,18.99,0.073204
0.9565,19.1137,0.076763
0.9565,19.2375,0.060373
0.9565,19.3612,0.086153
0.9565,19.4849,0.071779
0.9565,19.6087,0.013634
0.9565,19.7324,0.058173
0.9565,19.8562,0.051812
0.9565,19.9799,0.05957
0.9565,20.1037,0.046718
0.9565,20.2274,0.060467
0.9565,20.3512,0.036255
0.9565,20.4749,0.046891
0.9565,20.5987,0.039992
0.9565,20.7224,0.05707
0.9565,20.8462,0.044405
0.9565,20.9699,0.047014
0.9565,21.0936,0.038744
0.9565,21.2174,0.053767
0.9565,21.3411,0.043596
0.9565,21.4649,0.023765
0.9565,21.5886,0.032477
0.9565,21.7124,0.05264
0.9565,21.8361,0.051162
0.9565,21.9599,0.047547
0.9565,22.0836,0.061093
0.9565,22.2074,0.073722
0.9565,22.3311,0.05411
0.9565,22.4548,0.059065
0.9565,22.5786,0.063316
0.9565,22.7023,0.072423
0.9565,22.8261,0.069067
0.9565,22.9498,0.085931
0.9565,23.0736,0.064042
0.9565,23.1973,0.073269
0.9565,23.3211,0.055369
0.9565,23.4448,0.089745
0.9565,23.5686,0.075305
0.9565,23.6923,0.064793
0.9565,23.8161,0.074795
0.9565,23.9398,0.071392
0.9565,24.0635,0.072207
0.9565,24.1873,0.089447
0.9565,24.311,0.085771
0.9565,24.4348,0.072271
0.9565,24.5585,0.08296
0.9565,24.6823,0.071199
0.9565,24.806,0.061362
0.9565,24.9298,0.082949
0.9565,25.0535,0.076298
0.9565,25.1773,0.043643
0.9565,25.301,0.061262
0.9565,25.4247,0.078418
0.9565,25.5485,0.065249
0.9565,25.6722,0.05682
0.9565,25.796,0.058238
0.9565,25.9197,0.077299
0.9565,26.0435,0.077381
0.9565,26.1672,0.152908
0.9565,26.291,0.244995
0.9565,26.4147,0.425264
0.9565,26.5385,0.586845
0.9565,26.6622,0.770864
0.9565,26.786,0.950659
0.9565,26.9097,1.075356
0.9565,27.0334,1.08792
0.9565,27.1572,1.002395
0.9565,27.2809,0.816828
0.9565,27.4047,0.620668
0.9565,27.5284,0.427653
0.9565,27.6522,0.27242
0.9565,27.7759,0.171136
0.9565,27.8997,0.086355
0.9565,28.0234,0.092154
0.9565,28.1472,0.06652
0.9565,28.2709,0.054561
0.9565,28.3946,0.044871
0.9565,28.5184,0.08155
0.9565,28.6421,0.072443
0.9565,28.7659,0.092719
0.9565,28.8896,0.062647
0.9565,29.0134,0.06117
0.9565,29.1371,0.057061
0.9565,29.2609,0.050522
0.9565,29.3846,0.090856
0.9565,29.5084,0.092436
0.9565,29.6321,0.081739
0.9565,29.7559,0.084144
0.9565,29.8796,0.074778
0.9565,30.0033,0.110462
0.9565,30.1271,0.076565
0.9565,30.2508,0.064725
0.9565,30.3746,0.088868
0.9565,30.4983,0.098954
0.9565,30.6221,0.076064
0.9565,30.7458,0.075518
0.9565,30.8696,0.06405
0.9565,30.9933,0.083735
0.9565,31.1171,0.077583
0.9565,31.2408,0.071021
0.9565,31.3645,0.077389
0.9565,31.4883,0.086003
0.9565,31.612,0.034435
0.9565,31.7358,0.060921
0.9565,31.8595,0.066206
0.9565,31.9833,0.074275
0.9565,32.107,0.06803
0.9565,32.2308,0.065842
0.9565,32.3545,0.066826
0.9565,32.4783,0.093599
0.9565,32.602,0.115435
0.9565,32.7258,0.168898
0.9565,32.8495,0.256622
0.9565,32.9732,0.301723
0.9565,33.097,0.388539
0.9565,33.2207,0.461512
0.9565,33.3445,0.553077
0.9565,33.4682,0.635763
0.9565,33.592,0.693213
0.9565,33.7157,0.772722
0.9565,33.8395,0.745975
0.9565,33.9632,0.722342
0.9565,34.087,0.67963
0.9565,34.2107,0.595568
0.9565,34.3344,0.526636
0.9565,34.4582,0.429395
0.9565,34.5819,0.334401
0.9565,34.7057,0.282472
0.9565,34.8294,0.237054
0.9565,34.9532,0.176415
0.9565,35.0769,0.114783
0.9565,35.2007,0.09259
0.9565,35.3244,0.089447
0.9565,35.4482,0.085546
0.9565,35.5719,0.100286
0.9565,35.6957,0.076095
0.9565,35.8194,0.072763
0.9565,35.9431,0.059458
0.9565,36.0669,0.091158
0.9565,36.1906,0.101756
0.9565,36.3144,0.08801
0.9565,36.4381,0.085702
0.9565,36.5619,0.089149
0.9565,36.6856,0.081301
0.9565,36.8094,0.07532
0.9565,36.9331,0.079571
0.9565,37.0569,0.081761
0.9565,37.1806,0.065812
0.9565,37.3043,0.054175
0.9565,37.4281,0.083861
0.9565,37.5518,0.080434
0.9565,37.6756,0.054086
0.9565,37.7993,0.082096
0.9565,37.9231,0.060585
0.9565,38.0468,0.037103
0.9565,38.1706,0.060384
0.9565,38.2943,0.050508
0.9565,38.4181,0.048322
0.9565,38.5418,0.058933
0.9565,38.6656,0.032053
0.9565,38.7893,0.052777
0.9565,38.913,0.021069
0.9565,39.0368,0.035469
0.9565,39.1605,0.036372
0.9565,39.2843,0.05449
0.9565,39.408,0.052406
0.9565,39.5318,0.03675
0.9565,39.6555,0.046284
0.9565,39.7793,0.064153
0.9565,39.903,0.063673
0.9565,40.0268,0.050651
0.9565,40.1505,0.066477
0.9565,40.2742,0.074791
0.9565,40.398,0.065385
0.9565,40.5217,0.060994
0.9565,40.6455,0.074309
0.9565,40.7692,0.046599
0.9565,40.893,0.041641
0.9565,41.0167,0.047601
0.9565,41.1405,0.08089
0.9565,41.2642,0.067442
0.9565,41.388,0.071937
0.9565,41.5117,0.051632
0.9565,41.6355,0.075162
0.9565,41.7592,0.083177
0.9565,41.8829,0.076568
0.9565,42.0067,0.079066
0.9565,42.1304,0.069034
0.9565,42.2542,0.073107
0.9565,42.3779,0.072581
0.9565,42.5017,0.101577
0.9565,42.6254,0.065586
0.9565,42.7492,0.077885
0.9565,42.8729,0.058604
0.9565,42.9967,0.058275
0.9565,43.1204,0.07079
0.9565,43.2441,0.099695
0.9565,43.3679,0.035485
0.9565,43.4916,0.066031
0.9565,43.6154,0.019844
0.9565,43.7391,0.060621
0.9565,43.8629,0.060013
0.9565,43.9866,0.050579
0.9565,44.1104,0.069248
0.9565,44.2341,0.063608
0.9565,44.3579,0.043531
0.9565,44.4816,0.055735
0.9565,44.6054,0.074599
0.9565,44.7291,0.053115
0.9565,44.8528,0.041273
0.9565,44.9766,0.04383
0.9565,45.1003,0.033098
0.9565,45.2241,0.048636
0.9565,45.3478,0.039067
0.9565,45.4716,0.070373
0.9565,45.5953,0.07782
0.9565,45.7191,0.083281
0.9565,45.8428,0.13143
0.9565,45.9666,0.181965
0.9565,46.0903,0.232315
0.9565,46.214,0.302235
0.9565,46.3378,0.361265
0.9565,46.4615,0.444731
0.9565,46.5853,0.527225
0.9565,46.709,0.56422
0.9565,46.8328,0.565202
0.9565,46.9565,0.563454
0.9565,47.0803,0.490413
0.9565,47.204,0.422853
0.9565,47.3278,0.316624
0.9565,47.4515,0.29282
0.9565,47.5753,0.22986
0.9565,47.699,0.15421
0.9565,47.8227,0.129735
0.9565,47.9465,0.092804
0.9565,48.0702,0.096558
0.9565,48.194,0.074181
0.9565,48.3177,0.082212
0.9565,48.4415,0.091015
0.9565,48.5652,0.068347
0.9565,48.689,0.07036
0.9565,48.8127,0.084215
0.9565,48.9365,0.084543
0.9565,49.0602,0.088082
0.9565,49.1839,0.062616
0.9565,49.3077,0.089521
0.9565,49.4314,0.093698
0.9565,49.5552,0.06494
0.9565,49.6789,0.081279
0.9565,49.8027,0.070708
0.9565,49.9264,0.074881
0.9565,50.0502,0.061574
0.9565,50.1739,0.045663
0.9565,50.2977,0.050885
0.9565,50.4214,0.058829
0.9565,50.5452,0.047768
0.9565,50.6689,0.048042
0.9565,50.7926,0.042825
0.9565,50.9164,0.059834
0.9565,51.0401,0.045448
0.9565,51.1639,0.050633
0.9565,51.2876,0.056332
0.9565,51.4114,0.032612
0.9565,51.5351,0.047819
0.9565,51.6589,0.034739
0.9565,51.7826,0.043244
0.9565,51.9064,0.028228
0.9565,52.0301,0.052229
0.9565,52.1538,0.046847
0.9565,52.2776,0.050713
0.9565,52.4013,0.049072
0.9565,52.5251,0.034989
0.9565,52.6488,0.063711
0.9565,52.7726,0.060269
0.9565,52.8963,0.043679
0.9565,53.0201,0.078175
0.9565,53.1438,0.056909
0.9565,53.2676,0.10244
0.9565,53.3913,0.064022
0.9565,53.5151,0.068023
0.9565,53.6388,0.050204
0.9565,53.7625,0.054553
0.9565,53.8863,0.071969
0.9565,54.01,0.068437
0.9565,54.1338,0.08232
0.9565,54.2575,0.094877
0.9565,54.3813,0.089223
0.9565,54.505,0.074643
0.9565,54.6288,0.081649
0.9565,54.7525,0.086817
0.9565,54.8763,0.070524
0.9565,55.0,0.074682
0.9652,18.0,0.063122
0.9652,18.1237,0.093058
0.9652,18.2475,0.092994
0.9652,18.3712,0.08104
0.9652,18.495,0.0898
0.9652,18.6187,0.068712
0.9652,18.7425,0.065797
0.9652,18.8662,0.072243
0.9652,18.99,0.060975
0.9652,19.1137,0.068149
0.9652,19.2375,0.061625
0.9652,19.3612,0.092216
0.9652,19.4849,0.056433
0.9652,19.6087,0.067017
0.9652,19.7324,0.049721
0.9652,19.8562,0.04486
0.9652,19.9799,0.049637
0.9652,20.1037,0.066876
0.9652,20.2274,0.037157
0.9652,20.3512,0.052399
0.9652,20.4749,0.062563
0.9652,20.5987,0.029502
0.9652,20.7224,0.046329
0.9652,20.8462,0.0758
0.9652,20.9699,0.048456
0.9652,21.0936,0.030913
0.9652,21.2174,0.07358
0.9652,21.3411,0.052908
0.9652,21.4649,0.081197
0.9652,21.5886,0.070603
0.9652,21.7124,0.063533
0.9652,21.8361,0.05488
0.9652,21.9599,0.058534
0.9652,22.0836,0.057805
0.9652,22.2074,0.075918
0.9652,22.3311,0.076448
0.9652,22.4548,0.068319
0.9652,22.5786,0.053706
0.9652,22.7023,0.066709
0.9652,22.8261,0.077819
0.9652,22.9498,0.067489
0.9652,23.0736,0.061093
0.9652,23.1973,0.072894
0.9652,23.3211,0.087691
0.9652,23.4448,0.067812
0.9652,23.5686,0.053255
0.9652,23.6923,0.088177
0.9652,23.8161,0.063565
0.9652,23.9398,0.094415
0.9652,24.0635,0.081342
0.9652,24.1873,0.064824
0.9652,24.311,0.078509
0.9652,24.4348,0.077349
0.9652,24.5585,0.083388
0.9652,24.6823,0.073051
0.9652,24.806,0.077673
0.9652,24.9298,0.061741
0.9652,25.0535,0.072516
0.9652,25.1773,0.070791
0.9652,25.301,0.054931
0.9652,25.4247,0.03613
0.9652,25.5485,0.050589
0.9652,25.6722,0.036951
0.9652,25.796,0.051994
0.9652,25.9197,0.04669
0.9652,26.0435,0.095746
0.9652,26.1672,0.160047
0.9652,26.291,0.234748
0.9652,26.4147,0.342908
0.9652,26.5385,0.547773
0.9652,26.6622,0.762327
0.9652,26.786,0.9389
0.9652,26.9097,1.047332
0.9652,27.0334,1.085643
0.9652,27.1572,1.027273
0.9652,27.2809,0.824062
0.9652,27.4047,0.6644
0.9652,27.5284,0.46069
0.9652,27.6522,0.313136
0.9652,27.7759,0.179033
0.9652,27.8997,0.118742
0.9652,28.0234,0.082752
0.9652,28.1472,0.073282
0.9652,28.2709,0.060656
0.9652,28.3946,0.075703
0.9652,28.5184,0.044197
0.9652,28.6421,0.06648
0.9652,28.7659,0.079192
0.9652,28.8896,0.080859
0.9652,29.0134,0.04464
0.9652,29.1371,0.065741
0.9652,29.2609,0.066366
0.9652,29.3846,0.077011
0.9652,29.5084,0.079784
0.9652,29.6321,0.077691
0.9652,29.7559,0.06351
0.9652,29.8796,0.060916
0.9652,30.0033,0.065367
0.9652,30.1271,0.073928
0.9652,30.2508,0.067716
0.9652,30.3746,0.096028
0.9652,30.4983,0.060967
0.9652,30.6221,0.078779
0.9652,30.7458,0.1007
0.9652,30.8696,0.054495
0.9652,30.9933,0.078117
0.9652,31.1171,0.084093
0.9652,31.2408,0.044672
0.9652,31.3645,0.058537
0.9652,31.4883,0.067892
0.9652,31.612,0.081896
0.9652,31.7358,0.035947
0.9652,31.8595,0.064621
0.9652,31.9833,0.057376
0.9652,32.107,0.061898
0.9652,32.2308,0.067656
0.9652,32.3545,0.080094
0.9652,32.4783,0.103155
0.9652,32.602,0.137107
0.9652,32.7258,0.150796
0.9652,32.8495,0.24955
0.9652,32.9732,0.311758
0.9652,33.097,0.387905
0.9652,33.2207,0.488804
0.9652,33.3445,0.565918
0.9652,33.4682,0.631533
0.9652,33.592,0.712118
0.9652,33.7157,0.74938
0.9652,33.8395,0.761422
0.9652,33.9632,0.70934
0.9652,34.087,0.68489
0.9652,34.2107,0.615936
0.9652,34.3344,0.514223
0.9652,34.4582,0.42682
0.9652,34.5819,0.355691
0.9652,34.7057,0.269796
0.9652,34.8294,0.195545
0.9652,34.9532,0.164242
0.9652,35.0769,0.146299
0.9652,35.2007,0.11499
0.9652,35.3244,0.093012
0.9652,35.4482,0.080706
0.9652,35.5719,0.097325
0.9652,35.6957,0.069239
0.9652,35.8194,0.067087
0.9652,35.9431,0.080274
0.9652,36.0669,0.09467
0.9652,36.1906,0.070829
0.9652,36.3144,0.076227
0.9652,36.4381,0.095306
0.9652,36.5619,0.079706
0.9652,36.6856,0.081621
0.9652,36.8094,0.072356
0.9652,36.9331,0.066708
0.9652,37.0569,0.068675
0.9652,37.1806,0.062158
0.9652,37.3043,0.056968
0.9652,37.4281,0.072535
0.9652,37.5518,0.062687
0.9652,37.6756,0.057949
0.9652,37.7993,0.053551
0.9652,37.9231,0.077461
0.9652,38.0468,0.047867
0.9652,38.1706,0.039324
0.9652,38.2943,0.053211
0.9652,38.4181,0.051198
0.9652,38.5418,0.060678
0.9652,38.6656,0.039082
0.9652,38.7893,0.050624
0.9652,38.913,0.044345
0.9652,39.0368,0.049135
0.9652,39.1605,0.041294
0.9652,39.2843,0.023171
0.9652,39.408,0.045074
0.9652,39.5318,0.071169
0.9652,39.6555,0.054545
0.9652,39.7793,0.039927
0.9652,39.903,0.05655
0.9652,40.0268,0.057244
0.9652,40.1505,0.052028
0.9652,40.2742,0.052159
0.9652,40.398,0.061533
0.9652,40.5217,0.06492
0.9652,40.6455,0.060975
0.9652,40.7692,0.099549
0.9652,40.893,0.081316
0.9652,41.0167,0.072188
0.9652,41.1405,0.068921
0.9652,41.2642,0.076692
0.9652,41.388,0.077466
0.9652,41.5117,0.064698
0.9652,41.6355,0.080193
0.9652,41.7592,0.087605
0.9652,41.8829,0.080536
0.9652,42.0067,0.082377
0.9652,42.1304,0.054123
0.9652,42.2542,0.090123
0.9652,42.3779,0.061669
0.9652,42.5017,0.088291
0.9652,42.6254,0.073922
0.9652,42.7492,0.071933
0.9652,42.8729,0.085441
0.9652,42.9967,0.096901
0.9652,43.1204,0.068753
0.9652,43.2441,0.064737
0.9652,43.3679,0.061234
0.9652,43.4916,0.073038
0.9652,43.6154,0.054001
0.9652,43.7391,0.066319
0.9652,43.8629,0.069827
0.9652,43.9866,0.064767
0.9652,44.1104,0.046429
0.9652,44.2341,0.045617
0.9652,44.3579,0.076219
0.9652,44.4816,0.064794
0.9652,44.6054,0.053966
0.9652,44.7291,0.03091
0.9652,44.8528,0.03141
0.9652,44.9766,0.035842
0.9652,45.1003,0.032616
0.9652,45.2241,0.062118
0.9652,45.3478,0.057732
0.9652,45.4716,0.069365
0.9652,45.5953,0.067093
0.9652,45.7191,0.084883
0.9652,45.8428,0.110164
0.9652,45.9666,0.168071
0.9652,46.0903,0.21664
0.9652,46.214,0.30548
0.9652,46.3378,0.384798
0.9652,46.4615,0.467154
0.9652,46.5853,0.525712
0.9652,46.709,0.557171
0.9652,46.8328,0.565919
0.9652,46.9565,0.541875
0.9652,47.0803,0.504044
0.9652,47.204,0.425824
0.9652,47.3278,0.359745
0.9652,47.4515,0.300259
0.9652,47.5753,0.1954
0.9652,47.699,0.183225
0.9652,47.8227,0.116042
0.9652,47.9465,0.117712
0.9652,48.0702,0.094504
0.9652,48.194,0.108898
0.9652,48.3177,0.079917
0.9652,48.4415,0.095908
0.9652,48.5652,0.084727
0.9652,48.689,0.073305
0.9652,48.8127,0.077508
0.9652,48.9365,0.074921
0.9652,49.0602,0.058387
0.9652,49.1839,0.08104
0.9652,49.3077,0.083731
0.9652,49.4314,0.057807
0.9652,49.5552,0.0658
0.9652,49.6789,0.062595
0.9652,49.8027,0.05742
0.9652,49.9264,0.084385
0.9652,50.0502,0.046206
0.9652,50.1739,0.059657
0.9652,50.2977,0.057467
0.9652,50.4214,0.068632
0.9652,50.5452,0.042336
0.9652,50.6689,0.056942
0.9652,50.7926,0.031752
0.9652,50.9164,0.043278
0.9652,51.0401,0.034154
0.9652,51.1639,0.050259
0.9652,51.2876,0.055411
0.9652,51.4114,0.028546
0.9652,51.5351,0.050394
0.9652,51.6589,0.056161
0.9652,51.7826,0.030283
0.9652,51.9064,0.059283
0.9652,52.0301,0.057807
0.9652,52.1538,0.075689
0.9652,52.2776,0.074659
0.9652,52.4013,0.050472
0.9652,52.5251,0.048978
0.9652,52.6488,0.072107
0.9652,52.7726,0.073745
0.9652,52.8963,0.078332
0.9652,53.0201,0.080505
0.9652,53.1438,0.085747
0.9652,53.2676,0.069304
0.9652,53.3913,0.069521
0.9652,53.5151,0.086497
0.9652,53.6388,0.058373
0.9652,53.7625,0.070862
0.9652,53.8863,0.079097
0.9652,54.01,0.088662
0.9652,54.1338,0.054863
0.9652,54.2575,0.077272
0.9652,54.3813,0.080772
0.9652,54.505,0.08061
0.9652,54.6288,0.073135
0.9652,54.7525,0.072842
0.9652,54.8763,0.092827
0.9652,55.0,0.084016
0.9739,18.0,0.054998
0.9739,18.1237,0.083027
0.9739,18.2475,0.076571
0.9739,18.3712,0.074082
0.9739,18.495,0.074053
0.9739,18.6187,0.059958
0.9739,18.7425,0.075262
0.9739,18.8662,0.061162
0.9739,18.99,0.088198
0.9739,19.1137,0.090934
0.9739,19.2375,0.070018
0.9739,19.3612,0.048764
0.9739,19.4849,0.070257
0.9739,19.6087,0.051954
0.9739,19.7324,0.056675
0.9739,19.8562,0.065845
0.9739,19.9799,0.084145
0.9739,20.1037,0.040756
0.9739,20.2274,0.057762
0.9739,20.3512,0.046406
0.9739,20.4749,0.051253
0.9739,20.5987,0.053464
0.9739,20.7224,0.0464
0.9739,20.8462,0.049354
0.9739,20.9699,0.0321
0.9739,21.0936,0.06513
0.9739,21.2174,0.057394
0.9739,21.3411,0.041643
0.9739,21.4649,0.037639
0.9739,21.5886,0.038258
0.9739,21.7124,0.017632
0.9739,21.8361,0.031702
0.9739,21.9599,0.055222
0.9739,22.0836,0.034521
0.9739,22.2074,0.083156
0.9739,22.3311,0.070476
0.9739,22.4548,0.061139
0.9739,22.5786,0.071719
0.9739,22.7023,0.090944
0.9739,22.8261,0.056268
0.9739,22.9498,0.095976
0.9739,23.0736,0.070833
0.9739,23.1973,0.073003
0.9739,23.3211,0.088752
0.9739,23.4448,0.082305
0.9739,23.5686,0.088032
0.9739,23.6923,0.090122
0.9739,23.8161,0.079901
0.9739,23.9398,0.0877
0.9739,24.0635,0.070595
0.9739,24.1873,0.071351
0.9739,24.311,0.077282
0.9739,24.4348,0.07833
0.9739,24.5585,0.083236
0.9739,24.6823,0.053134
0.9739,24.806,0.078467
0.9739,24.9298,0.081543
0.9739,25.0535,0.072118
0.9739,25.1773,0.068265
0.9739,25.301,0.067009
0.9739,25.4247,0.084397
0.9739,25.5485,0.063988
0.9739,25.6722,0.079687
0.9739,25.796,0.039404
0.9739,25.9197,0.088943
0.9739,26.0435,0.094782
0.9739,26.1672,0.126789
0.9739,26.291,0.209295
0.9739,26.4147,0.337328
0.9739,26.5385,0.508221
0.9739,26.6622,0.713693
0.9739,26.786,0.868436
0.9739,26.9097,1.053005
0.9739,27.0334,1.08852
0.9739,27.1572,1.042849
0.9739,27.2809,0.854076
0.9739,27.4047,0.694095
0.9739,27.5284,0.461398
0.9739,27.6522,0.332032
0.9739,27.7759,0.18436
0.9739,27.8997,0.143309
0.9739,28.0234,0.113637
0.9739,28.1472,0.050027
0.9739,28.2709,0.058465
0.9739,28.3946,0.06731
0.9739,28.5184,0.059172
0.9739,28.6421,0.077374
0.9739,28.7659,0.066054
0.9739,28.8896,0.086931
0.9739,29.0134,0.078624
0.9739,29.1371,0.079767
0.9739,29.2609,0.075675
0.9739,29.3846,0.075783
0.9739,29.5084,0.072607
0.9739,29.6321,0.075676
0.9739,29.7559,0.073819
0.9739,29.8796,0.098128
0.9739,30.0033,0.083828
0.9739,30.1271,0.088356
0.9739,30.2508,0.066153
0.9739,30.3746,0.081628
0.9739,30.4983,0.065045
0.9739,30.6221,0.08964
0.9739,30.7458,0.065739
0.9739,30.8696,0.068209
0.9739,30.9933,0.069428
0.9739,31.1171,0.059855
0.9739,31.2408,0.058422
0.9739,31.3645,0.057476
0.9739,31.4883,0.056672
0.9739,31.612,0.070846
0.9739,31.7358,0.075049
0.9739,31.8595,0.059658
0.9739,31.9833,0.065808
0.9739,32.107,0.062497
0.9739,32.2308,0.074613
0.9739,32.3545,0.08411
0.9739,32.4783,0.102539
0.9739,32.602,0.127201
0.9739,32.7258,0.156511
0.9739,32.8495,0.232887
0.9739,32.9732,0.307543
0.9739,33.097,0.382296
0.9739,33.2207,0.493935
0.9739,33.3445,0.560126
0.9739,33.4682,0.624971
0.9739,33.592,0.704118
0.9739,33.7157,0.745448
0.9739,33.8395,0.742896
0.9739,33.9632,0.733773
0.9739,34.087,0.67878
0.9739,34.2107,0.580846
0.9739,34.3344,0.514065
0.9739,34.4582,0.39854
0.9739,34.5819,0.360874
0.9739,34.7057,0.24738
0.9739,34.8294,0.204704
0.9739,34.9532,0.164533
0.9739,35.0769,0.137281
0.9739,35.2007,0.096297
0.9739,35.3244,0.119261
0.9739,35.4482,0.097919
0.9739,35.5719,0.102419
0.9739,35.6957,0.087705
0.9739,35.8194,0.073109
0.9739,35.9431,0.077082
0.9739,36.0669,0.08915
0.9739,36.1906,0.072575
0.9739,36.3144,0.07763
0.9739,36.4381,0.078946
0.9739,36.5619,0.081622
0.9739,36.6856,0.058977
0.9739,36.8094,0.067212
0.9739,36.9331,0.065643
0.9739,37.0569,0.084033
0.9739,37.1806,0.046628
0.9739,37.3043,0.099265
0.9739,37.4281,0.058397
0.9739,37.5518,0.039896
0.9739,37.6756,0.062671
0.9739,37.7993,0.04431
0.9739,37.9231,0.04509
0.9739,38.0468,0.063071
0.9739,38.1706,0.050013
0.9739,38.2943,0.044293
0.9739,38.4181,0.043096
0.9739,38.5418,0.057321
0.9739,38.6656,0.036848
0.9739,38.7893,0.047985
0.9739,38.913,0.045936
0.9739,39.0368,0.053765
0.9739,39.1605,0.049388
0.9739,39.2843,0.04721
0.9739,39.408,0.043309
0.9739,39.5318,0.034565
0.9739,39.6555,0.056129
0.9739,39.7793,0.050147
0.9739,39.903,0.056511
0.9739,40.0268,0.035777
0.9739,40.1505,0.029777
0.9739,40.2742,0.026053
0.9739,40.398,0.069943
0.9739,40.5217,0.100172
0.9739,40.6455,0.05994
0.9739,40.7692,0.064939
0.9739,40.893,0.089119
0.9739,41.0167,0.069839
0.9739,41.1405,0.072025
0.9739,41.2642,0.068572
0.9739,41.388,0.08991
0.9739,41.5117,0.082194
0.9739,41.6355,0.092795
0.9739,41.7592,0.112826
0.9739,41.8829,0.103238
0.9739,42.0067,0.084268
0.9739,42.1304,0.056122
0.9739,42.2542,0.082226
0.9739,42.3779,0.073664
0.9739,42.5017,0.08817
0.9739,42.6254,0.070759
0.9739,42.7492,0.088914
0.9739,42.8729,0.067188
0.9739,42.9967,0.072047
0.9739,43.1204,0.092817
0.9739,43.2441,0.0477
0.9739,43.3679,0.063323
0.9739,43.4916,0.063313
0.9739,43.6154,0.087184
0.9739,43.7391,0.061385
0.9739,43.8629,0.045867
0.9739,43.9866,0.05968
0.9739,44.1104,0.040818
0.9739,44.2341,0.058476
0.9739,44.3579,0.02491
0.9739,44.4816,0.058603
0.9739,44.6054,0.023153
0.9739,44.7291,0.055426
0.9739,44.8528,0.042833
0.9739,44.9766,0.065972
0.9739,45.1003,0.040815
0.9739,45.2241,0.052453
0.9739,45.3478,0.051565
0.9739,45.4716,0.038838
0.9739,45.5953,0.072596
0.9739,45.7191,0.091516
0.9739,45.8428,0.136362
0.9739,45.9666,0.180594
0.9739,46.0903,0.219004
0.9739,46.214,0.300534
0.9739,46.3378,0.373679
0.9739,46.4615,0.458806
0.9739,46.5853,0.507538
0.9739,46.709,0.590256
0.9739,46.8328,0.588374
0.9739,46.9565,0.555261
0.9739,47.0803,0.498061
0.9739,47.204,0.44912
0.9739,47.3278,0.360721
0.9739,47.4515,0.276533
0.9739,47.5753,0.209028
0.9739,47.699,0.169385
0.9739,47.8227,0.13633
0.9739,47.9465,0.12877
0.9739,48.0702,0.110588
0.9739,48.194,0.086103
0.9739,48.3177,0.085961
0.9739,48.4415,0.07373
0.9739,48.5652,0.088708
0.9739,48.689,0.062128
0.9739,48.8127,0.052132
0.9739,48.9365,0.079203
0.9739,49.0602,0.087509
0.9739,49.1839,0.074839
0.9739,49.3077,0.046111
0.9739,49.4314,0.040569
0.9739,49.5552,0.060956
0.9739,49.6789,0.03986
0.9739,49.8027,0.055812
0.9739,49.9264,0.041561
0.9739,50.0502,0.061069
0.9739,50.1739,0.071263
0.9739,50.2977,0.070509
0.9739,50.4214,0.04907
0.9739,50.5452,0.039239
0.9739,50.6689,0.05499
0.9739,50.7926,0.034921
0.9739,50.9164,0.033666
0.9739,51.0401,0.054097
0.9739,51.1639,0.058983
0.9739,51.2876,0.045248
0.9739,51.4114,0.035944
0.9739,51.5351,0.050317
0.9739,51.6589,0.03425
0.9739,51.7826,0.050926
0.9739,51.9064,0.053306
0.9739,52.0301,0.058751
0.9739,52.1538,0.061277
0.9739,52.2776,0.043627
0.9739,52.4013,0.072736
0.9739,52.5251,0.085263
0.9739,52.6488,0.070272
0.9739,52.7726,0.05501
0.9739,52.8963,0.068152
0.9739,53.0201,0.07286
0.9739,53.1438,0.08162
0.9739,53.2676,0.086815
0.9739,53.3913,0.080125
0.9739,53.5151,0.057606
0.9739,53.6388,0.072708
0.9739,53.7625,0.06945
0.9739,53.8863,0.074507
0.9739,54.01,0.083567
0.9739,54.1338,0.072003
0.9739,54.2575,0.079564
0.9739,54.3813,0.064661
0.9739,54.505,0.057671
0.9739,54.6288,0.063302
0.9739,54.7525,0.076414
0.9739,54.8763,0.072016
0.9739,55.0,0.08132
0.9826,18.0,0.077003
0.9826,18.1237,0.085908
0.9826,18.2475,0.067614
0.9826,18.3712,0.071851
0.9826,18.495,0.074984
0.9826,18.6187,0.096305
0.9826,18.7425,0.084039
0.9826,18.8662,0.063833
0.9826,18.99,0.072047
0.9826,19.1137,0.07364
0.9826,19.2375,0.033756
0.9826,19.3612,0.066438
0.9826,19.4849,0.035358
0.9826,19.6087,0.03563
0.9826,19.7324,0.064587
0.9826,19.8562,0.034936
0.9826,19.9799,0.086333
0.9826,20.1037,0.051112
0.9826,20.2274,0.02335
0.9826,20.3512,0.036577
0.9826,20.4749,0.054063
0.9826,20.5987,0.057559
0.9826,20.7224,0.036806
0.9826,20.8462,0.052209
0.9826,20.9699,0.062079
0.9826,21.0936,0.050293
0.9826,21.2174,0.052155
0.9826,21.3411,0.062007
0.9826,21.4649,0.041177
0.9826,21.5886,0.045335
0.9826,21.7124,0.060849
0.9826,21.8361,0.058813
0.9826,21.9599,0.065334
0.9826,22.0836,0.036515
0.9826,22.2074,0.097411
0.9826,22.3311,0.09243
0.9826,22.4548,0.041222
0.9826,22.5786,0.069621
0.9826,22.7023,0.076416
0.9826,22.8261,0.065797
0.9826,22.9498,0.079788
0.9826,23.0736,0.056561
0.9826,23.1973,0.084133
0.9826,23.3211,0.085907
0.9826,23.4448,0.068281
0.9826,23.5686,0.076874
0.9826,23.6923,0.09193
0.9826,23.8161,0.093324
0.9826,23.9398,0.102095
0.9826,24.0635,0.095101
0.9826,24.1873,0.081938
0.9826,24.311,0.071634
0.9826,24.4348,0.053256
0.9826,24.5585,0.078552
0.9826,24.6823,0.063871
0.9826,24.806,0.089356
0.9826,24.9298,0.056197
0.9826,25.0535,0.069989
0.9826,25.1773,0.074109
0.9826,25.301,0.086701
0.9826,25.4247,0.053163
0.9826,25.5485,0.05757
0.9826,25.6722,0.065768
0.9826,25.796,0.041551
0.9826,25.9197,0.048639
0.9826,26.0435,0.083639
0.9826,26.1672,0.145001
0.9826,26.291,0.170182
0.9826,26.4147,0.311968
0.9826,26.5385,0.47275
0.9826,26.6622,0.677775
0.9826,26.786,0.863143
0.9826,26.9097,1.01757
0.9826,27.0334,1.111052
0.9826,27.1572,1.084667
0.9826,27.2809,0.914738
0.9826,27.4047,0.73019
0.9826,27.5284,0.520858
0.9826,27.6522,0.357967
0.9826,27.7759,0.259638
0.9826,27.8997,0.168845
0.9826,28.0234,0.075049
0.9826,28.1472,0.058932
0.9826,28.2709,0.067615
0.9826,28.3946,0.067991
0.9826,28.5184,0.05648
0.9826,28.6421,0.063064
0.9826,28.7659,0.072137
0.9826,28.8896,0.091234
0.9826,29.0134,0.089055
0.9826,29.1371,0.078084
0.9826,29.2609,0.084833
0.9826,29.3846,0.077844
0.9826,29.5084,0.05578
0.9826,29.6321,0.083302
0.9826,29.7559,0.086179
0.9826,29.8796,0.073447
0.9826,30.0033,0.064104
0.9826,30.1271,0.052922
0.9826,30.2508,0.089029
0.9826,30.3746,0.089035
0.9826,30.4983,0.06846
0.9826,30.6221,0.080167
0.9826,30.7458,0.090146
0.9826,30.8696,0.055182
0.9826,30.9933,0.074381
0.9826,31.1171,0.055582
0.9826,31.2408,0.049347
0.9826,31.3645,0.067907
0.9826,31.4883,0.047392
0.9826,31.612,0.066844
0.9826,31.7358,0.037932
0.9826,31.8595,0.072337
0.9826,31.9833,0.036424
0.9826,32.107,0.05344
0.9826,32.2308,0.072132
0.9826,32.3545,0.080124
0.9826,32.4783,0.102907
0.9826,32.602,0.137322
0.9826,32.7258,0.192517
0.9826,32.8495,0.23426
0.9826,32.9732,0.316588
0.9826,33.097,0.413071
0.9826,33.2207,0.495354
0.9826,33.3445,0.570581
0.9826,33.4682,0.66467
0.9826,33.592,0.713872
0.9826,33.7157,0.728127
0.9826,33.8395,0.745456
0.9826,33.9632,0.725504
0.9826,34.087,0.682496
0.9826,34.2107,0.582404
0.9826,34.3344,0.491143
0.9826,34.4582,0.411776
0.9826,34.5819,0.352873
0.9826,34.7057,0.244081
0.9826,34.8294,0.186067
0.9826,34.9532,0.150538
0.9826,35.0769,0.139512
0.9826,35.2007,0.10364
0.9826,35.3244,0.077348
0.9826,35.4482,0.103523
0.9826,35.5719,0.088167
0.9826,35.6957,0.084704
0.9826,35.8194,0.066261
0.9826,35.9431,0.099594
0.9826,36.0669,0.101879
0.9826,36.1906,0.085489
0.9826,36.3144,0.082469
0.9826,36.4381,0.071144
0.9826,36.5619,0.059547
0.9826,36.6856,0.070276
0.9826,36.8094,0.087319
0.9826,36.9331,0.075188
0.9826,37.0569,0.082256
0.9826,37.1806,0.052275
0.9826,37.3043,0.087195
0.9826,37.4281,0.064887
0.9826,37.5518,0.070744
0.9826,37.6756,0.082164
0.9826,37.7993,0.07128
0.9826,37.9231,0.066125
0.9826,38.0468,0.075964
0.9826,38.1706,0.046194
0.9826,38.2943,0.053283
0.9826,38.4181,0.038151
0.9826,38.5418,0.03772
0.9826,38.6656,0.047744
0.9826,38.7893,0.0553
0.9826,38.913,0.057739
0.9826,39.0368,0.070424
0.9826,39.1605,0.053415
0.9826,39.2843,0.037589
0.9826,39.408,0.056021
0.9826,39.5318,0.048166
0.9826,39.6555,0.067142
0.9826,39.7793,0.067237
0.9826,39.903,0.0462
0.9826,40.0268,0.045426
0.9826,40.1505,0.080081
0.9826,40.2742,0.062777
0.9826,40.398,0.054036
0.9826,40.5217,0.083694
0.9826,40.6455,0.06395
0.9826,40.7692,0.072297
0.9826,40.893,0.080013
0.9826,41.0167,0.09825
0.9826,41.1405,0.059512
0.9826,41.2642,0.079015
0.9826,41.388,0.071145
0.9826,41.5117,0.091559
0.9826,41.6355,0.098164
0.9826,41.7592,0.068158
0.9826,41.8829,0.063169
0.9826,42.0067,0.094203
0.9826,42.1304,0.066147
0.9826,42.2542,0.070726
0.9826,42.3779,0.080514
0.9826,42.5017,0.079608
0.9826,42.6254,0.07504
0.9826,42.7492,0.071194
0.9826,42.8729,0.050339
0.9826,42.9967,0.054185
0.9826,43.1204,0.07308
0.9826,43.2441,0.089588
0.9826,43.3679,0.070386
0.9826,43.4916,0.06489
0.9826,43.6154,0.063146
0.9826,43.7391,0.046852
0.9826,43.8629,0.051476
0.9826,43.9866,0.03548
0.9826,44.1104,0.055069
0.9826,44.2341,0.049837
0.9826,44.3579,0.068223
0.9826,44.4816,0.037909
0.9826,44.6054,0.041233
0.9826,44.7291,0.033957
0.9826,44.8528,0.04841
0.9826,44.9766,0.056712
0.9826,45.1003,0.046579
0.9826,45.2241,0.066446
0.9826,45.3478,0.064759
0.9826,45.4716,0.068493
0.9826,45.5953,0.068701
0.9826,45.7191,0.075389
0.9826,45.8428,0.136782
0.9826,45.9666,0.170005
0.9826,46.0903,0.24263
0.9826,46.214,0.305094
0.9826,46.3378,0.379136
0.9826,46.4615,0.469154
0.9826,46.5853,0.51763
0.9826,46.709,0.575784
0.9826,46.8328,0.568663
0.9826,46.9565,0.564461
0.9826,47.0803,0.494393
0.9826,47.204,0.412013
0.9826,47.3278,0.367391
0.9826,47.4515,0.286357
0.9826,47.5753,0.238273
0.9826,47.699,0.167482
0.9826,47.8227,0.140735
0.9826,47.9465,0.127649
0.9826,48.0702,0.121025
0.9826,48.194,0.097144
0.9826,48.3177,0.100162
0.9826,48.4415,0.085486
0.9826,48.5652,0.089783
0.9826,48.689,0.068985
0.9826,48.8127,0.074498
0.9826,48.9365,0.071932
0.9826,49.0602,0.050416
0.9826,49.1839,0.069471
0.9826,49.3077,0.074793
0.9826,49.4314,0.051365
0.9826,49.5552,0.072832
0.9826,49.6789,0.056024
0.9826,49.8027,0.054166
0.9826,49.9264,0.058344
0.9826,50.0502,0.043148
0.9826,50.1739,0.03697
0.9826,50.2977,0.03276
0.9826,50.4214,0.041483
0.9826,50.5452,0.04413
0.9826,50.6689,0.051969
0.9826,50.7926,0.02195
0.9826,50.9164,0.045546
0.9826,51.0401,0.060589
0.9826,51.1639,0.054049
0.9826,51.2876,0.033828
0.9826,51.4114,0.045374
0.9826,51.5351,0.030678
0.9826,51.6589,0.051226
0.9826,51.7826,0.049528
0.9826,51.9064,0.049245
0.9826,52.0301,0.05336
0.9826,52.1538,0.055946
0.9826,52.2776,0.060745
0.9826,52.4013,0.0551
0.9826,52.5251,0.062637
0.9826,52.6488,0.051752
0.9826,52.7726,0.081193
0.9826,52.8963,0.056039
0.9826,53.0201,0.080982
0.9826,53.1438,0.071097
0.9826,53.2676,0.07936
0.9826,53.3913,0.07497
0.9826,53.5151,0.091356
0.9826,53.6388,0.07259
0.9826,53.7625,0.095683
0.9826,53.8863,0.080383
0.9826,54.01,0.085828
0.9826,54.1338,0.06871
0.9826,54.2575,0.052681
0.9826,54.3813,0.078456
0.9826,54.505,0.103869
0.9826,54.6288,0.080488
0.9826,54.7525,0.079217
0.9826,54.8763,0.072042
0.9826,55.0,0.070972
0.9913,18.0,0.101944
0.9913,18.1237,0.10073
0.9913,18.2475,0.057883
0.9913,18.3712,0.06522
0.9913,18.495,0.074219
0.9913,18.6187,0.084256
0.9913,18.7425,0.087413
0.9913,18.8662,0.077844
0.9913,18.99,0.039383
0.9913,19.1137,0.06137
0.9913,19.2375,0.061521
0.9913,19.3612,0.066719
0.9913,19.4849,0.04612
0.9913,19.6087,0.064212
0.9913,19.7324,0.063534
0.9913,19.8562,0.062999
0.9913,19.9799,0.043157
0.9913,20.1037,0.032475
0.9913,20.2274,0.047739
0.9913,20.3512,0.038845
0.9913,20.4749,0.051411
0.9913,20.5987,0.031877
0.9913,20.7224,0.038242
0.9913,20.8462,0.050986
0.9913,20.9699,0.029765
0.9913,21.0936,0.049942
0.9913,21.2174,0.048721
0.9913,21.3411,0.040605
0.9913,21.4649,0.037444
0.9913,21.5886,0.057401
0.9913,21.7124,0.051995
0.9913,21.8361,0.042122
0.9913,21.9599,0.058892
0.9913,22.0836,0.06086
0.9913,22.2074,0.078945
0.9913,22.3311,0.076514
0.9913,22.4548,0.089992
0.9913,22.5786,0.086321
0.9913,22.7023,0.099999
0.9913,22.8261,0.099684
0.9913,22.9498,0.088387
0.9913,23.0736,0.073044
0.9913,23.1973,0.079376
0.9913,23.3211,0.098222
0.9913,23.4448,0.079323
0.9913,23.5686,0.061962
0.9913,23.6923,0.090928
0.9913,23.8161,0.062143
0.9913,23.9398,0.080428
0.9913,24.0635,0.089153
0.9913,24.1873,0.072214
0.9913,24.311,0.059
0.9913,24.4348,0.084603
0.9913,24.5585,0.075534
0.9913,24.6823,0.049283
0.9913,24.806,0.071692
0.9913,24.9298,0.064115
0.9913,25.0535,0.075257
0.9913,25.1773,0.059946
0.9913,25.301,0.056205
0.9913,25.4247,0.065134
0.9913,25.5485,0.061953
0.9913,25.6722,0.065785
0.9913,25.796,0.047118
0.9913,25.9197,0.029445
0.9913,26.0435,0.104401
0.9913,26.1672,0.097974
0.9913,26.291,0.197589
0.9913,26.4147,0.272586
0.9913,26.5385,0.421801
0.9913,26.6622,0.610648
0.9913,26.786,0.822246
0.9913,26.9097,0.999109
0.9913,27.0334,1.056028
0.9913,27.1572,1.078048
0.9913,27.2809,0.975998
0.9913,27.4047,0.779314
0.9913,27.5284,0.580783
0.9913,27.6522,0.387411
0.9913,27.7759,0.248689
0.9913,27.8997,0.150202
0.9913,28.0234,0.11591
0.9913,28.1472,0.055408
0.9913,28.2709,0.077079
0.9913,28.3946,0.074237
0.9913,28.5184,0.058862
0.9913,28.6421,0.068711
0.9913,28.7659,0.091084
0.9913,28.8896,0.08199
0.9913,29.0134,0.060941
0.9913,29.1371,0.082744
0.9913,29.2609,0.073252
0.9913,29.3846,0.092173
0.9913,29.5084,0.096805
0.9913,29.6321,0.070744
0.9913,29.7559,0.074954
0.9913,29.8796,0.092507
0.9913,30.0033,0.070746
0.9913,30.1271,0.044635
0.9913,30.2508,0.068659
0.9913,30.3746,0.06064
0.9913,30.4983,0.07063
0.9913,30.6221,0.078232
0.9913,30.7458,0.050258
0.9913,30.8696,0.085832
0.9913,30.9933,0.076856
0.9913,31.1171,0.056032
0.9913,31.2408,0.076528
0.9913,31.3645,0.070505
0.9913,31.4883,0.047946
0.9913,31.612,0.052763
0.9913,31.7358,0.077748
0.9913,31.8595,0.06198
0.9913,31.9833,0.064942
0.9913,32.107,0.046996
0.9913,32.2308,0.09785
0.9913,32.3545,0.087676
0.9913,32.4783,0.106073
0.9913,32.602,0.145838
0.9913,32.7258,0.192234
0.9913,32.8495,0.265022
0.9913,32.9732,0.323698
0.9913,33.097,0.414493
0.9913,33.2207,0.522499
0.9913,33.3445,0.585675
0.9913,33.4682,0.654799
0.9913,33.592,0.722983
0.9913,33.7157,0.758766
0.9913,33.8395,0.759801
0.9913,33.9632,0.726114
0.9913,34.087,0.643366
0.9913,34.2107,0.582735
0.9913,34.3344,0.490838
0.9913,34.4582,0.40128
0.9913,34.5819,0.323121
0.9913,34.7057,0.253767
0.9913,34.8294,0.194698
0.9913,34.9532,0.158429
0.9913,35.0769,0.12246
0.9913,35.2007,0.093401
0.9913,35.3244,0.096832
0.9913,35.4482,0.084931
0.9913,35.5719,0.07556
0.9913,35.6957,0.077709
0.9913,35.8194,0.090798
0.9913,35.9431,0.070758
0.9913,36.0669,0.0813
0.9913,36.1906,0.069652
0.9913,36.3144,0.084456
0.9913,36.4381,0.084298
0.9913,36.5619,0.070681
0.9913,36.6856,0.060667
0.9913,36.8094,0.079244
0.9913,36.9331,0.051782
0.9913,37.0569,0.050117
0.9913,37.1806,0.073091
0.9913,37.3043,0.086629
0.9913,37.4281,0.088105
0.9913,37.5518,0.046548
0.9913,37.6756,0.049217
0.9913,37.7993,0.059568
0.9913,37.9231,0.065231
0.9913,38.0468,0.061147
0.9913,38.1706,0.047711
0.9913,38.2943,0.036557
0.9913,38.4181,0.049662
0.9913,38.5418,0.053062
0.9913,38.6656,0.019958
0.9913,38.7893,0.067656
0.9913,38.913,0.059616
0.9913,39.0368,0.040004
0.9913,39.1605,0.048805
0.9913,39.2843,0.040784
0.9913,39.408,0.063599
0.9913,39.5318,0.0502
0.9913,39.6555,0.042268
0.9913,39.7793,0.038783
0.9913,39.903,0.056109
0.9913,40.0268,0.053972
0.9913,40.1505,0.0535
0.9913,40.2742,0.017796
0.9913,40.398,0.04722
0.9913,40.5217,0.09005
0.9913,40.6455,0.056471
0.9913,40.7692,0.06271
0.9913,40.893,0.072074
0.9913,41.0167,0.061093
0.9913,41.1405,0.097345
0.9913,41.2642,0.08445
0.9913,41.388,0.082738
0.9913,41.5117,0.071165
0.9913,41.6355,0.101832
0.9913,41.7592,0.08111
0.9913,41.8829,0.079195
0.9913,42.0067,0.047348
0.9913,42.1304,0.074605
0.9913,42.2542,0.083603
0.9913,42.3779,0.065816
0.9913,42.5017,0.070866
0.9913,42.6254,0.064526
0.9913,42.7492,0.068099
0.9913,42.8729,0.050445
0.9913,42.9967,0.062707
0.9913,43.1204,0.086359
0.9913,43.2441,0.065557
0.9913,43.3679,0.055552
0.9913,43.4916,0.047206
0.9913,43.6154,0.048431
0.9913,43.7391,0.056934
0.9913,43.8629,0.035242
0.9913,43.9866,0.037196
0.9913,44.1104,0.05464
0.9913,44.2341,0.046777
0.9913,44.3579,0.039384
0.9913,44.4816,0.033993
0.9913,44.6054,0.024297
0.9913,44.7291,0.029652
0.9913,44.8528,0.059446
0.9913,44.9766,0.019229
0.9913,45.1003,0.064363
0.9913,45.2241,0.041447
0.9913,45.3478,0.078666
0.9913,45.4716,0.055586
0.9913,45.5953,0.084653
0.9913,45.7191,0.12041
0.9913,45.8428,0.091008
0.9913,45.9666,0.169239
0.9913,46.0903,0.239579
0.9913,46.214,0.28456
0.9913,46.3378,0.391834
0.9913,46.4615,0.454036
0.9913,46.5853,0.532069
0.9913,46.709,0.577232
0.9913,46.8328,0.588747
0.9913,46.9565,0.542255
0.9913,47.0803,0.498067
0.9913,47.204,0.436358
0.9913,47.3278,0.339719
0.9913,47.4515,0.267326
0.9913,47.5753,0.238053
0.9913,47.699,0.161155
0.9913,47.8227,0.144056
0.9913,47.9465,0.120503
0.9913,48.0702,0.092741
0.9913,48.194,0.100194
0.9913,48.3177,0.099086
0.9913,48.4415,0.079336
0.9913,48.5652,0.081046
0.9913,48.689,0.059966
0.9913,48.8127,0.072896
0.9913,48.9365,0.064956
0.9913,49.0602,0.060721
0.9913,49.1839,0.074452
0.9913,49.3077,0.076254
0.9913,49.4314,0.074662
0.9913,49.5552,0.032182
0.9913,49.6789,0.048787
0.9913,49.8027,0.080851
0.9913,49.9264,0.060863
0.9913,50.0502,0.046605
0.9913,50.1739,0.052716
0.9913,50.2977,0.054211
0.9913,50.4214,0.054327
0.9913,50.5452,0.021423
0.9913,50.6689,0.053048
0.9913,50.7926,0.061504
0.9913,50.9164,0.021057
0.9913,51.0401,0.044049
0.9913,51.1639,0.045648
0.9913,51.2876,0.030745
0.9913,51.4114,0.069835
0.9913,51.5351,0.053357
0.9913,51.6589,0.028785
0.9913,51.7826,0.037798
0.9913,51.9064,0.047962
0.9913,52.0301,0.048788
0.9913,52.1538,0.0414
0.9913,52.2776,0.068605
0.9913,52.4013,0.042172
0.9913,52.5251,0.060269
0.9913,52.6488,0.05731
0.9913,52.7726,0.059042
0.9913,52.8963,0.072487
0.9913,53.0201,0.06011
0.9913,53.1438,0.088437
0.9913,53.2676,0.085659
0.9913,53.3913,0.100129
0.9913,53.5151,0.077155
0.9913,53.6388,0.077244
0.9913,53.7625,0.092603
0.9913,53.8863,0.088738
0.9913,54.01,0.099827
0.9913,54.1338,0.080033
0.9913,54.2575,0.055278
0.9913,54.3813,0.086545
0.9913,54.505,0.089808
0.9913,54.6288,0.079616
0.9913,54.7525,0.074451
0.9913,54.8763,0.065954
0.9913,55.0,0.059408
1.0,18.0,0.084218
1.0,18.1237,0.061501
1.0,18.2475,0.073721
1.0,18.3712,0.06163
1.0,18.495,0.089591
1.0,18.6187,0.074107
1.0,18.7425,0.071212
1.0,18.8662,0.094371
1.0,18.99,0.063714
1.0,19.1137,0.067628
1.0,19.2375,0.059625
1.0,19.3612,0.050316
1.0,19.4849,0.048246
1.0,19.6087,0.052791
1.0,19.7324,0.075045
1.0,19.8562,0.057822
1.0,19.9799,0.043545
1.0,20.1037,0.055639
1.0,20.2274,0.054056
1.0,20.3512,0.019849
1.0,20.4749,0.030215
1.0,20.5987,0.045127
1.0,20.7224,0.032028
1.0,20.8462,0.050405
1.0,20.9699,0.060375
1.0,21.0936,0.053585
1.0,21.2174,0.059156
1.0,21.3411,0.042864
1.0,21.4649,0.042717
1.0,21.5886,0.070846
1.0,21.7124,0.048659
1.0,21.8361,0.073046
1.0,21.9599,0.03366
1.0,22.0836,0.061293
1.0,22.2074,0.044109
1.0,22.3311,0.054002
1.0,22.4548,0.082809
1.0,22.5786,0.065129
1.0,22.7023,0.059127
1.0,22.8261,0.077863
1.0,22.9498,0.086914
1.0,23.0736,0.077591
1.0,23.1973,0.079626
1.0,23.3211,0.078057
1.0,23.4448,0.082196
1.0,23.5686,0.075246
1.0,23.6923,0.05229
1.0,23.8161,0.084407
1.0,23.9398,0.084389
1.0,24.0635,0.084702
1.0,24.1873,0.076929
1.0,24.311,0.064075
1.0,24.4348,0.104623
1.0,24.5585,0.071505
1.0,24.6823,0.042566
1.0,24.806,0.046373
1.0,24.9298,0.084574
1.0,25.0535,0.061425
1.0,25.1773,0.07181
1.0,25.301,0.054257
1.0,25.4247,0.061422
1.0,25.5485,0.096454
1.0,25.6722,0.051965
1.0,25.796,0.042811
1.0,25.9197,0.042431
1.0,26.0435,0.082965
1.0,26.1672,0.086089
1.0,26.291,0.166458
1.0,26.4147,0.260918
1.0,26.5385,0.411734
1.0,26.6622,0.586952
1.0,26.786,0.794219
1.0,26.9097,0.968404
1.0,27.0334,1.074563
1.0,27.1572,1.074762
1.0,27.2809,0.991665
1.0,27.4047,0.77825
1.0,27.5284,0.601143
1.0,27.6522,0.422157
1.0,27.7759,0.27074
1.0,27.8997,0.175599
1.0,28.0234,0.106541
1.0,28.1472,0.077457
1.0,28.2709,0.058957
1.0,28.3946,0.076767
1.0,28.5184,0.071412
1.0,28.6421,0.071972
1.0,28.7659,0.074885
1.0,28.8896,0.065111
1.0,29.0134,0.083356
1.0,29.1371,0.054319
1.0,29.2609,0.0649
1.0,29.3846,0.076496
1.0,29.5084,0.069571
1.0,29.6321,0.068461
1.0,29.7559,0.093013
1.0,29.8796,0.098877
1.0,30.0033,0.079615
1.0,30.1271,0.075469
1.0,30.2508,0.076147
1.0,30.3746,0.062147
1.0,30.4983,0.096083
1.0,30.6221,0.062533
1.0,30.7458,0.058821
1.0,30.8696,0.085913
1.0,30.9933,0.060166
1.0,31.1171,0.066788
1.0,31.2408,0.07306
1.0,31.3645,0.054076
1.0,31.4883,0.085454
1.0,31.612,0.050877
1.0,31.7358,0.041065
1.0,31.8595,0.055076
1.0,31.9833,0.07069
1.0,32.107,0.04866
1.0,32.2308,0.048407
1.0,32.3545,0.099501
1.0,32.4783,0.106888
1.0,32.602,0.166463
1.0,32.7258,0.201291
1.0,32.8495,0.243748
1.0,32.9732,0.339569
1.0,33.097,0.440578
1.0,33.2207,0.507047
1.0,33.3445,0.585392
1.0,33.4682,0.67703
1.0,33.592,0.708056
1.0,33.7157,0.757791
1.0,33.8395,0.746262
1.0,33.9632,0.737946
1.0,34.087,0.641018
1.0,34.2107,0.584977
1.0,34.3344,0.487038
1.0,34.4582,0.42148
1.0,34.5819,0.283249
1.0,34.7057,0.268604
1.0,34.8294,0.190335
1.0,34.9532,0.140372
1.0,35.0769,0.126631
1.0,35.2007,0.134526
1.0,35.3244,0.093652
1.0,35.4482,0.098101
1.0,35.5719,0.084412
1.0,35.6957,0.087025
1.0,35.8194,0.080019
1.0,35.9431,0.096226
1.0,36.0669,0.077818
1.0,36.1906,0.068196
1.0,36.3144,0.073592
1.0,36.4381,0.079859
1.0,36.5619,0.069137
1.0,36.6856,0.066167
1.0,36.8094,0.078122
1.0,36.9331,0.063626
1.0,37.0569,0.071963
1.0,37.1806,0.06897
1.0,37.3043,0.047913
1.0,37.4281,0.054981
1.0,37.5518,0.058524
1.0,37.6756,0.058817
1.0,37.7993,0.041592
1.0,37.9231,0.05062
1.0,38.0468,0.042622
1.0,38.1706,0.042784
1.0,38.2943,0.046235
1.0,38.4181,0.061261
1.0,38.5418,0.016315
1.0,38.6656,0.03557
1.0,38.7893,0.068591
1.0,38.913,0.059763
1.0,39.0368,0.041401
1.0,39.1605,0.059461
1.0,39.2843,0.038315
1.0,39.408,0.055866
1.0,39.5318,0.04588
1.0,39.6555,0.0415
1.0,39.7793,0.035231
1.0,39.903,0.06245
1.0,40.0268,0.057936
1.0,40.1505,0.048812
1.0,40.2742,0.054699
1.0,40.398,0.06453
1.0,40.5217,0.048902
1.0,40.6455,0.087845
1.0,40.7692,0.080754
1.0,40.893,0.066088
1.0,41.0167,0.078214
1.0,41.1405,0.068542
1.0,41.2642,0.088596
1.0,41.388,0.062632
1.0,41.5117,0.07032
1.0,41.6355,0.05424
1.0,41.7592,0.083598
1.0,41.8829,0.087689
1.0,42.0067,0.090577
1.0,42.1304,0.073935
1.0,42.2542,0.097634
1.0,42.3779,0.0653
1.0,42.5017,0.069213
1.0,42.6254,0.06632
1.0,42.7492,0.053995
1.0,42.8729,0.040661
1.0,42.9967,0.051608
1.0,43.1204,0.06565
1.0,43.2441,0.067447
1.0,43.3679,0.069745
1.0,43.4916,0.055468
1.0,43.6154,0.08828
1.0,43.7391,0.05292
1.0,43.8629,0.058526
1.0,43.9866,0.042866
1.0,44.1104,0.061901
1.0,44.2341,0.046734
1.0,44.3579,0.037828
1.0,44.4816,0.049415
1.0,44.6054,0.065531
1.0,44.7291,0.040803
1.0,44.8528,0.037677
1.0,44.9766,0.056104
1.0,45.1003,0.047029
1.0,45.2241,0.056442
1.0,45.3478,0.029295
1.0,45.4716,0.072018
1.0,45.5953,0.090454
1.0,45.7191,0.118922
1.0,45.8428,0.117772
1.0,45.9666,0.179298
1.0,46.0903,0.218064
1.0,46.214,0.305734
1.0,46.3378,0.408608
1.0,46.4615,0.500022
1.0,46.5853,0.561553
1.0,46.709,0.582705
1.0,46.8328,0.621865
1.0,46.9565,0.565252
1.0,47.0803,0.53873
1.0,47.204,0.429062
1.0,47.3278,0.374331
1.0,47.4515,0.277384
1.0,47.5753,0.237098
1.0,47.699,0.161499
1.0,47.8227,0.132244
1.0,47.9465,0.125977
1.0,48.0702,0.107872
1.0,48.194,0.081543
1.0,48.3177,0.076868
1.0,48.4415,0.044994
1.0,48.5652,0.074719
1.0,48.689,0.072988
1.0,48.8127,0.068301
1.0,48.9365,0.087715
1.0,49.0602,0.084283
1.0,49.1839,0.038707
1.0,49.3077,0.082684
1.0,49.4314,0.030518
1.0,49.5552,0.05464
1.0,49.6789,0.057496
1.0,49.8027,0.062816
1.0,49.9264,0.048047
1.0,50.0502,0.035613
1.0,50.1739,0.031443
1.0,50.2977,0.059855
1.0,50.4214,0.038916
1.0,50.5452,0.055122
1.0,50.6689,0.03503
1.0,50.7926,0.045774
1.0,50.9164,0.029857
1.0,51.0401,0.041855
1.0,51.1639,0.017825
1.0,51.2876,0.057511
1.0,51.4114,0.034769
1.0,51.5351,0.073466
1.0,51.6589,0.03603
1.0,51.7826,0.063718
1.0,51.9064,0.060656
1.0,52.0301,0.057771
1.0,52.1538,0.053692
1.0,52.2776,0.054946
1.0,52.4013,0.047439
1.0,52.5251,0.07966
1.0,52.6488,0.068582
1.0,52.7726,0.048265
1.0,52.8963,0.085792
1.0,53.0201,0.067026
1.0,53.1438,0.042107
1.0,53.2676,0.079373
1.0,53.3913,0.089643
1.0,53.5151,0.087263
1.0,53.6388,0.068881
1.0,53.7625,0.109841
1.0,53.8863,0.113578
1.0,54.01,0.097477
1.0,54.1338,0.090179
1.0,54.2575,0.066628
1.0,54.3813,0.049479
1.0,54.505,0.085269
1.0,54.6288,0.072226
1.0,54.7525,0.075719
1.0,54.8763,0.070113
1.0,55.0,0.086155
