sample,time_h,half_cycle,current_mA_cm2,fraction_of_half_cycle,voltage_mV
A,0.0,1,1.0,0.0,28.22
A,0.020408,1,1.0,0.020408,29.52144
A,0.040816,1,1.0,0.040816,30.52985
A,0.061224,1,1.0,0.061224,31.31123
A,0.081633,1,1.0,0.081633,31.91673
A,0.102041,1,1.0,0.102041,32.38601
A,0.122449,1,1.0,0.122449,32.7498
A,0.142857,1,1.0,0.142857,33.03196
A,0.163265,1,1.0,0.163265,33.25098
A,0.183673,1,1.0,0.183673,33.42123
A,0.204082,1,1.0,0.204082,33.55387
A,0.22449,1,1.0,0.22449,33.65757
A,0.244898,1,1.0,0.244898,33.7391
A,0.265306,1,1.0,0.265306,33.80374
A,0.285714,1,1.0,0.285714,33.85562
A,0.306122,1,1.0,0.306122,33.89797
A,0.326531,1,1.0,0.326531,33.93336
A,0.346939,1,1.0,0.346939,33.96381
A,0.367347,1,1.0,0.367347,33.99095
A,0.387755,1,1.0,0.387755,34.0161
A,0.408163,1,1.0,0.408163,34.04033
A,0.428571,1,1.0,0.428571,34.06451
A,0.44898,1,1.0,0.44898,34.08942
A,0.469388,1,1.0,0.469388,34.11568
A,0.489796,1,1.0,0.489796,34.14387
A,0.510204,1,1.0,0.510204,34.17449
A,0.530612,1,1.0,0.530612,34.208
A,0.55102,1,1.0,0.55102,34.24485
A,0.571429,1,1.0,0.571429,34.28544
A,0.591837,1,1.0,0.591837,34.33018
A,0.612245,1,1.0,0.612245,34.37944
A,0.632653,1,1.0,0.632653,34.43362
A,0.653061,1,1.0,0.653061,34.4931
A,0.673469,1,1.0,0.673469,34.55828
A,0.693878,1,1.0,0.693878,34.62953
A,0.714286,1,1.0,0.714286,34.70727
A,0.734694,1,1.0,0.734694,34.7919
A,0.755102,1,1.0,0.755102,34.88382
A,0.77551,1,1.0,0.77551,34.98347
A,0.795918,1,1.0,0.795918,35.09127
A,0.816327,1,1.0,0.816327,35.20767
A,0.836735,1,1.0,0.836735,35.33311
A,0.857143,1,1.0,0.857143,35.46806
A,0.877551,1,1.0,0.877551,35.61299
A,0.897959,1,1.0,0.897959,35.76838
A,0.918367,1,1.0,0.918367,35.93473
A,0.938776,1,1.0,0.938776,36.11255
A,0.959184,1,1.0,0.959184,36.30234
A,0.979592,1,1.0,0.979592,36.50464
A,1.0,1,1.0,1.0,36.71998
A,1.0,2,-1.0,0.0,-28.44255
A,1.020408,2,-1.0,0.020408,-29.75425
A,1.040816,2,-1.0,0.040816,-30.77062
A,1.061224,2,-1.0,0.061224,-31.55816
A,1.081633,2,-1.0,0.081633,-32.16843
A,1.102041,2,-1.0,0.102041,-32.64141
A,1.122449,2,-1.0,0.122449,-33.00807
A,1.142857,2,-1.0,0.142857,-33.29246
A,1.163265,2,-1.0,0.163265,-33.5132
A,1.183673,2,-1.0,0.183673,-33.6848
A,1.204082,2,-1.0,0.204082,-33.81848
A,1.22449,2,-1.0,0.22449,-33.923
A,1.244898,2,-1.0,0.244898,-34.00518
A,1.265306,2,-1.0,0.265306,-34.07033
A,1.285714,2,-1.0,0.285714,-34.12261
A,1.306122,2,-1.0,0.306122,-34.16529
A,1.326531,2,-1.0,0.326531,-34.20096
A,1.346939,2,-1.0,0.346939,-34.23166
A,1.367347,2,-1.0,0.367347,-34.25901
A,1.387755,2,-1.0,0.387755,-34.28436
A,1.408163,2,-1.0,0.408163,-34.30877
A,1.428571,2,-1.0,0.428571,-34.33315
A,1.44898,2,-1.0,0.44898,-34.35825
A,1.469388,2,-1.0,0.469388,-34.38472
A,1.489796,2,-1.0,0.489796,-34.41313
A,1.510204,2,-1.0,0.510204,-34.44399
A,1.530612,2,-1.0,0.530612,-34.47778
A,1.55102,2,-1.0,0.55102,-34.51491
A,1.571429,2,-1.0,0.571429,-34.55583
A,1.591837,2,-1.0,0.591837,-34.60091
A,1.612245,2,-1.0,0.612245,-34.65056
A,1.632653,2,-1.0,0.632653,-34.70517
A,1.653061,2,-1.0,0.653061,-34.76512
A,1.673469,2,-1.0,0.673469,-34.83081
A,1.693878,2,-1.0,0.693878,-34.90263
A,1.714286,2,-1.0,0.714286,-34.98098
A,1.734694,2,-1.0,0.734694,-35.06627
A,1.755102,2,-1.0,0.755102,-35.15892
A,1.77551,2,-1.0,0.77551,-35.25936
A,1.795918,2,-1.0,0.795918,-35.36801
A,1.816327,2,-1.0,0.816327,-35.48532
A,1.836735,2,-1.0,0.836735,-35.61175
A,1.857143,2,-1.0,0.857143,-35.74777
A,1.877551,2,-1.0,0.877551,-35.89384
A,1.897959,2,-1.0,0.897959,-36.05046
A,1.918367,2,-1.0,0.918367,-36.21812
A,1.938776,2,-1.0,0.938776,-36.39734
A,1.959184,2,-1.0,0.959184,-36.58863
A,1.979592,2,-1.0,0.979592,-36.79252
A,2.0,2,-1.0,1.0,-37.00956
A,2.0,3,1.0,0.0,28.53249
A,2.020408,3,1.0,0.020408,29.84834
A,2.040816,3,1.0,0.040816,30.86792
A,2.061224,3,1.0,0.061224,31.65795
A,2.081633,3,1.0,0.081633,32.27016
A,2.102041,3,1.0,0.102041,32.74463
A,2.122449,3,1.0,0.122449,33.11245
A,2.142857,3,1.0,0.142857,33.39773
A,2.163265,3,1.0,0.163265,33.61918
A,2.183673,3,1.0,0.183673,33.79132
A,2.204082,3,1.0,0.204082,33.92542
A,2.22449,3,1.0,0.22449,34.03028
A,2.244898,3,1.0,0.244898,34.11271
A,2.265306,3,1.0,0.265306,34.17807
A,2.285714,3,1.0,0.285714,34.23051
A,2.306122,3,1.0,0.306122,34.27333
A,2.326531,3,1.0,0.326531,34.30911
A,2.346939,3,1.0,0.346939,34.33991
A,2.367347,3,1.0,0.367347,34.36735
A,2.387755,3,1.0,0.387755,34.39278
A,2.408163,3,1.0,0.408163,34.41727
A,2.428571,3,1.0,0.428571,34.44172
A,2.44898,3,1.0,0.44898,34.4669
A,2.469388,3,1.0,0.469388,34.49345
A,2.489796,3,1.0,0.489796,34.52195
A,2.510204,3,1.0,0.510204,34.55291
A,2.530612,3,1.0,0.530612,34.5868
A,2.55102,3,1.0,0.55102,34.62406
A,2.571429,3,1.0,0.571429,34.6651
A,2.591837,3,1.0,0.591837,34.71033
A,2.612245,3,1.0,0.612245,34.76014
A,2.632653,3,1.0,0.632653,34.81492
A,2.653061,3,1.0,0.653061,34.87506
A,2.673469,3,1.0,0.673469,34.94095
A,2.693878,3,1.0,0.693878,35.013
A,2.714286,3,1.0,0.714286,35.0916
A,2.734694,3,1.0,0.734694,35.17716
A,2.755102,3,1.0,0.755102,35.27011
A,2.77551,3,1.0,0.77551,35.37086
A,2.795918,3,1.0,0.795918,35.47985
A,2.816327,3,1.0,0.816327,35.59754
A,2.836735,3,1.0,0.836735,35.72437
A,2.857143,3,1.0,0.857143,35.86081
A,2.877551,3,1.0,0.877551,36.00735
A,2.897959,3,1.0,0.897959,36.16446
A,2.918367,3,1.0,0.918367,36.33265
A,2.938776,3,1.0,0.938776,36.51244
A,2.959184,3,1.0,0.959184,36.70433
A,2.979592,3,1.0,0.979592,36.90887
A,3.0,3,1.0,1.0,37.12659
A,3.0,4,-1.0,0.0,-28.22863
A,3.020408,4,-1.0,0.020408,-29.53046
A,3.040816,4,-1.0,0.040816,-30.53918
A,3.061224,4,-1.0,0.061224,-31.3208
A,3.081633,4,-1.0,0.081633,-31.92649
A,3.102041,4,-1.0,0.102041,-32.39591
A,3.122449,4,-1.0,0.122449,-32.75981
A,3.142857,4,-1.0,0.142857,-33.04205
A,3.163265,4,-1.0,0.163265,-33.26114
A,3.183673,4,-1.0,0.183673,-33.43144
A,3.204082,4,-1.0,0.204082,-33.56412
A,3.22449,4,-1.0,0.22449,-33.66786
A,3.244898,4,-1.0,0.244898,-33.74942
A,3.265306,4,-1.0,0.265306,-33.81408
A,3.285714,4,-1.0,0.285714,-33.86597
A,3.306122,4,-1.0,0.306122,-33.90833
A,3.326531,4,-1.0,0.326531,-33.94373
A,3.346939,4,-1.0,0.346939,-33.97419
A,3.367347,4,-1.0,0.367347,-34.00134
A,3.387755,4,-1.0,0.387755,-34.0265
A,3.408163,4,-1.0,0.408163,-34.05073
A,3.428571,4,-1.0,0.428571,-34.07492
A,3.44898,4,-1.0,0.44898,-34.09983
A,3.469388,4,-1.0,0.469388,-34.12611
A,3.489796,4,-1.0,0.489796,-34.1543
A,3.510204,4,-1.0,0.510204,-34.18493
A,3.530612,4,-1.0,0.530612,-34.21846
A,3.55102,4,-1.0,0.55102,-34.25532
A,3.571429,4,-1.0,0.571429,-34.29592
A,3.591837,4,-1.0,0.591837,-34.34067
A,3.612245,4,-1.0,0.612245,-34.38995
A,3.632653,4,-1.0,0.632653,-34.44414
A,3.653061,4,-1.0,0.653061,-34.50364
A,3.673469,4,-1.0,0.673469,-34.56884
A,3.693878,4,-1.0,0.693878,-34.64012
A,3.714286,4,-1.0,0.714286,-34.71788
A,3.734694,4,-1.0,0.734694,-34.80253
A,3.755102,4,-1.0,0.755102,-34.89449
A,3.77551,4,-1.0,0.77551,-34.99416
A,3.795918,4,-1.0,0.795918,-35.102
A,3.816327,4,-1.0,0.816327,-35.21843
A,3.836735,4,-1.0,0.836735,-35.34391
A,3.857143,4,-1.0,0.857143,-35.4789
A,3.877551,4,-1.0,0.877551,-35.62387
A,3.897959,4,-1.0,0.897959,-35.77932
A,3.918367,4,-1.0,0.918367,-35.94572
A,3.938776,4,-1.0,0.938776,-36.12358
A,3.959184,4,-1.0,0.959184,-36.31343
A,3.979592,4,-1.0,0.979592,-36.51579
A,4.0,4,-1.0,1.0,-36.7312
A,4.0,5,1.0,0.0,28.02154
A,4.020408,5,1.0,0.020408,29.31383
A,4.040816,5,1.0,0.040816,30.31515
A,4.061224,5,1.0,0.061224,31.09103
A,4.081633,5,1.0,0.081633,31.69227
A,4.102041,5,1.0,0.102041,32.15825
A,4.122449,5,1.0,0.122449,32.51948
A,4.142857,5,1.0,0.142857,32.79966
A,4.163265,5,1.0,0.163265,33.01714
A,4.183673,5,1.0,0.183673,33.18619
A,4.204082,5,1.0,0.204082,33.31789
A,4.22449,5,1.0,0.22449,33.42087
A,4.244898,5,1.0,0.244898,33.50183
A,4.265306,5,1.0,0.265306,33.56601
A,4.285714,5,1.0,0.285714,33.61752
A,4.306122,5,1.0,0.306122,33.65958
A,4.326531,5,1.0,0.326531,33.69472
A,4.346939,5,1.0,0.346939,33.72496
A,4.367347,5,1.0,0.367347,33.75191
A,4.387755,5,1.0,0.387755,33.77688
A,4.408163,5,1.0,0.408163,33.80093
A,4.428571,5,1.0,0.428571,33.82495
A,4.44898,5,1.0,0.44898,33.84968
A,4.469388,5,1.0,0.469388,33.87575
A,4.489796,5,1.0,0.489796,33.90374
A,4.510204,5,1.0,0.510204,33.93415
A,4.530612,5,1.0,0.530612,33.96743
A,4.55102,5,1.0,0.55102,34.00402
A,4.571429,5,1.0,0.571429,34.04433
A,4.591837,5,1.0,0.591837,34.08874
A,4.612245,5,1.0,0.612245,34.13766
A,4.632653,5,1.0,0.632653,34.19146
A,4.653061,5,1.0,0.653061,34.25052
A,4.673469,5,1.0,0.673469,34.31524
A,4.693878,5,1.0,0.693878,34.386
A,4.714286,5,1.0,0.714286,34.46319
A,4.734694,5,1.0,0.734694,34.54722
A,4.755102,5,1.0,0.755102,34.6385
A,4.77551,5,1.0,0.77551,34.73745
A,4.795918,5,1.0,0.795918,34.84449
A,4.816327,5,1.0,0.816327,34.96007
A,4.836735,5,1.0,0.836735,35.08463
A,4.857143,5,1.0,0.857143,35.21863
A,4.877551,5,1.0,0.877551,35.36254
A,4.897959,5,1.0,0.897959,35.51684
A,4.918367,5,1.0,0.918367,35.68202
A,4.938776,5,1.0,0.938776,35.85858
A,4.959184,5,1.0,0.959184,36.04704
A,4.979592,5,1.0,0.979592,36.24791
A,5.0,5,1.0,1.0,36.46174
A,5.0,6,-1.0,0.0,-28.41898
A,5.020408,6,-1.0,0.020408,-29.72959
A,5.040816,6,-1.0,0.040816,-30.74512
A,5.061224,6,-1.0,0.061224,-31.532
A,5.081633,6,-1.0,0.081633,-32.14178
A,5.102041,6,-1.0,0.102041,-32.61436
A,5.122449,6,-1.0,0.122449,-32.98072
A,5.142857,6,-1.0,0.142857,-33.26486
A,5.163265,6,-1.0,0.163265,-33.48543
A,5.183673,6,-1.0,0.183673,-33.65688
A,5.204082,6,-1.0,0.204082,-33.79045
A,5.22449,6,-1.0,0.22449,-33.89489
A,5.244898,6,-1.0,0.244898,-33.977
A,5.265306,6,-1.0,0.265306,-34.04209
A,5.285714,6,-1.0,0.285714,-34.09433
A,5.306122,6,-1.0,0.306122,-34.13698
A,5.326531,6,-1.0,0.326531,-34.17262
A,5.346939,6,-1.0,0.346939,-34.20329
A,5.367347,6,-1.0,0.367347,-34.23062
A,5.387755,6,-1.0,0.387755,-34.25595
A,5.408163,6,-1.0,0.408163,-34.28034
A,5.428571,6,-1.0,0.428571,-34.3047
A,5.44898,6,-1.0,0.44898,-34.32978
A,5.469388,6,-1.0,0.469388,-34.35623
A,5.489796,6,-1.0,0.489796,-34.38461
A,5.510204,6,-1.0,0.510204,-34.41545
A,5.530612,6,-1.0,0.530612,-34.4492
A,5.55102,6,-1.0,0.55102,-34.48631
A,5.571429,6,-1.0,0.571429,-34.52719
A,5.591837,6,-1.0,0.591837,-34.57224
A,5.612245,6,-1.0,0.612245,-34.62185
A,5.632653,6,-1.0,0.632653,-34.67641
A,5.653061,6,-1.0,0.653061,-34.73631
A,5.673469,6,-1.0,0.673469,-34.80194
A,5.693878,6,-1.0,0.693878,-34.8737
A,5.714286,6,-1.0,0.714286,-34.95199
A,5.734694,6,-1.0,0.734694,-35.03721
A,5.755102,6,-1.0,0.755102,-35.12979
A,5.77551,6,-1.0,0.77551,-35.23014
A,5.795918,6,-1.0,0.795918,-35.3387
A,5.816327,6,-1.0,0.816327,-35.45592
A,5.836735,6,-1.0,0.836735,-35.58224
A,5.857143,6,-1.0,0.857143,-35.71814
A,5.877551,6,-1.0,0.877551,-35.86409
A,5.897959,6,-1.0,0.897959,-36.02058
A,5.918367,6,-1.0,0.918367,-36.18811
A,5.938776,6,-1.0,0.938776,-36.36717
A,5.959184,6,-1.0,0.959184,-36.5583
A,5.979592,6,-1.0,0.979592,-36.76203
A,6.0,6,-1.0,1.0,-36.97889
A,6.0,7,1.0,0.0,28.51755
A,6.020408,7,1.0,0.020408,29.83271
A,6.040816,7,1.0,0.040816,30.85175
A,6.061224,7,1.0,0.061224,31.64137
A,6.081633,7,1.0,0.081633,32.25326
A,6.102041,7,1.0,0.102041,32.72748
A,6.122449,7,1.0,0.122449,33.09511
A,6.142857,7,1.0,0.142857,33.38024
A,6.163265,7,1.0,0.163265,33.60157
A,6.183673,7,1.0,0.183673,33.77362
A,6.204082,7,1.0,0.204082,33.90765
A,6.22449,7,1.0,0.22449,34.01245
A,6.244898,7,1.0,0.244898,34.09485
A,6.265306,7,1.0,0.265306,34.16017
A,6.285714,7,1.0,0.285714,34.21259
A,6.306122,7,1.0,0.306122,34.25538
A,6.326531,7,1.0,0.326531,34.29115
A,6.346939,7,1.0,0.346939,34.32192
A,6.367347,7,1.0,0.367347,34.34935
A,6.387755,7,1.0,0.387755,34.37476
A,6.408163,7,1.0,0.408163,34.39924
A,6.428571,7,1.0,0.428571,34.42368
A,6.44898,7,1.0,0.44898,34.44885
A,6.469388,7,1.0,0.469388,34.47539
A,6.489796,7,1.0,0.489796,34.50387
A,6.510204,7,1.0,0.510204,34.53482
A,6.530612,7,1.0,0.530612,34.56869
A,6.55102,7,1.0,0.55102,34.60593
A,6.571429,7,1.0,0.571429,34.64694
A,6.591837,7,1.0,0.591837,34.69215
A,6.612245,7,1.0,0.612245,34.74193
A,6.632653,7,1.0,0.632653,34.79668
A,6.653061,7,1.0,0.653061,34.85679
A,6.673469,7,1.0,0.673469,34.92265
A,6.693878,7,1.0,0.693878,34.99466
A,6.714286,7,1.0,0.714286,35.07322
A,6.734694,7,1.0,0.734694,35.15874
A,6.755102,7,1.0,0.755102,35.25163
A,6.77551,7,1.0,0.77551,35.35233
A,6.795918,7,1.0,0.795918,35.46127
A,6.816327,7,1.0,0.816327,35.57889
A,6.836735,7,1.0,0.836735,35.70566
A,6.857143,7,1.0,0.857143,35.84203
A,6.877551,7,1.0,0.877551,35.98849
A,6.897959,7,1.0,0.897959,36.14552
A,6.918367,7,1.0,0.918367,36.31363
A,6.938776,7,1.0,0.938776,36.49331
A,6.959184,7,1.0,0.959184,36.68511
A,6.979592,7,1.0,0.979592,36.88954
A,7.0,7,1.0,1.0,37.10715
A,7.0,8,-1.0,0.0,-28.22521
A,7.020408,8,-1.0,0.020408,-29.52689
A,7.040816,8,-1.0,0.040816,-30.53549
A,7.061224,8,-1.0,0.061224,-31.31701
A,7.081633,8,-1.0,0.081633,-31.92263
A,7.102041,8,-1.0,0.102041,-32.39199
A,7.122449,8,-1.0,0.122449,-32.75585
A,7.142857,8,-1.0,0.142857,-33.03806
A,7.163265,8,-1.0,0.163265,-33.25712
A,7.183673,8,-1.0,0.183673,-33.4274
A,7.204082,8,-1.0,0.204082,-33.56006
A,7.22449,8,-1.0,0.22449,-33.66379
A,7.244898,8,-1.0,0.244898,-33.74534
A,7.265306,8,-1.0,0.265306,-33.80999
A,7.285714,8,-1.0,0.285714,-33.86187
A,7.306122,8,-1.0,0.306122,-33.90423
A,7.326531,8,-1.0,0.326531,-33.93962
A,7.346939,8,-1.0,0.346939,-33.97008
A,7.367347,8,-1.0,0.367347,-33.99723
A,7.387755,8,-1.0,0.387755,-34.02238
A,7.408163,8,-1.0,0.408163,-34.04661
A,7.428571,8,-1.0,0.428571,-34.0708
A,7.44898,8,-1.0,0.44898,-34.09571
A,7.469388,8,-1.0,0.469388,-34.12198
A,7.489796,8,-1.0,0.489796,-34.15017
A,7.510204,8,-1.0,0.510204,-34.1808
A,7.530612,8,-1.0,0.530612,-34.21432
A,7.55102,8,-1.0,0.55102,-34.25118
A,7.571429,8,-1.0,0.571429,-34.29177
A,7.591837,8,-1.0,0.591837,-34.33652
A,7.612245,8,-1.0,0.612245,-34.38579
A,7.632653,8,-1.0,0.632653,-34.43998
A,7.653061,8,-1.0,0.653061,-34.49947
A,7.673469,8,-1.0,0.673469,-34.56466
A,7.693878,8,-1.0,0.693878,-34.63593
A,7.714286,8,-1.0,0.714286,-34.71368
A,7.734694,8,-1.0,0.734694,-34.79832
A,7.755102,8,-1.0,0.755102,-34.89027
A,7.77551,8,-1.0,0.77551,-34.98993
A,7.795918,8,-1.0,0.795918,-35.09775
A,7.816327,8,-1.0,0.816327,-35.21417
A,7.836735,8,-1.0,0.836735,-35.33963
A,7.857143,8,-1.0,0.857143,-35.47461
A,7.877551,8,-1.0,0.877551,-35.61957
A,7.897959,8,-1.0,0.897959,-35.77499
A,7.918367,8,-1.0,0.918367,-35.94137
A,7.938776,8,-1.0,0.938776,-36.11922
A,7.959184,8,-1.0,0.959184,-36.30904
A,7.979592,8,-1.0,0.979592,-36.51138
A,8.0,8,-1.0,1.0,-36.72676
A,8.0,9,1.0,0.0,28.26913
A,8.020408,9,1.0,0.020408,29.57283
A,8.040816,9,1.0,0.040816,30.583
A,8.061224,9,1.0,0.061224,31.36574
A,8.081633,9,1.0,0.081633,31.97229
A,8.102041,9,1.0,0.102041,32.44239
A,8.122449,9,1.0,0.122449,32.80681
A,8.142857,9,1.0,0.142857,33.08946
A,8.163265,9,1.0,0.163265,33.30886
A,8.183673,9,1.0,0.183673,33.47941
A,8.204082,9,1.0,0.204082,33.61228
A,8.22449,9,1.0,0.22449,33.71616
A,8.244898,9,1.0,0.244898,33.79784
A,8.265306,9,1.0,0.265306,33.86259
A,8.285714,9,1.0,0.285714,33.91455
A,8.306122,9,1.0,0.306122,33.95698
A,8.326531,9,1.0,0.326531,33.99243
A,8.346939,9,1.0,0.346939,34.02293
A,8.367347,9,1.0,0.367347,34.05013
A,8.387755,9,1.0,0.387755,34.07532
A,8.408163,9,1.0,0.408163,34.09958
A,8.428571,9,1.0,0.428571,34.12381
A,8.44898,9,1.0,0.44898,34.14876
A,8.469388,9,1.0,0.469388,34.17507
A,8.489796,9,1.0,0.489796,34.2033
A,8.510204,9,1.0,0.510204,34.23398
A,8.530612,9,1.0,0.530612,34.26755
A,8.55102,9,1.0,0.55102,34.30447
A,8.571429,9,1.0,0.571429,34.34513
A,8.591837,9,1.0,0.591837,34.38994
A,8.612245,9,1.0,0.612245,34.43929
A,8.632653,9,1.0,0.632653,34.49356
A,8.653061,9,1.0,0.653061,34.55315
A,8.673469,9,1.0,0.673469,34.61844
A,8.693878,9,1.0,0.693878,34.68982
A,8.714286,9,1.0,0.714286,34.76769
A,8.734694,9,1.0,0.734694,34.85246
A,8.755102,9,1.0,0.755102,34.94455
A,8.77551,9,1.0,0.77551,35.04437
A,8.795918,9,1.0,0.795918,35.15236
A,8.816327,9,1.0,0.816327,35.26896
A,8.836735,9,1.0,0.836735,35.39462
A,8.857143,9,1.0,0.857143,35.5298
A,8.877551,9,1.0,0.877551,35.67499
A,8.897959,9,1.0,0.897959,35.83065
A,8.918367,9,1.0,0.918367,35.99729
A,8.938776,9,1.0,0.938776,36.17541
A,8.959184,9,1.0,0.959184,36.36553
A,8.979592,9,1.0,0.979592,36.56818
A,9.0,9,1.0,1.0,36.7839
A,9.0,10,-1.0,0.0,-28.307
A,9.020408,10,-1.0,0.020408,-29.61245
A,9.040816,10,-1.0,0.040816,-30.62397
A,9.061224,10,-1.0,0.061224,-31.40776
A,9.081633,10,-1.0,0.081633,-32.01513
A,9.102041,10,-1.0,0.102041,-32.48585
A,9.122449,10,-1.0,0.122449,-32.85077
A,9.142857,10,-1.0,0.142857,-33.13379
A,9.163265,10,-1.0,0.163265,-33.35349
A,9.183673,10,-1.0,0.183673,-33.52426
A,9.204082,10,-1.0,0.204082,-33.65731
A,9.22449,10,-1.0,0.22449,-33.76133
A,9.244898,10,-1.0,0.244898,-33.84312
A,9.265306,10,-1.0,0.265306,-33.90796
A,9.285714,10,-1.0,0.285714,-33.95999
A,9.306122,10,-1.0,0.306122,-34.00247
A,9.326531,10,-1.0,0.326531,-34.03797
A,9.346939,10,-1.0,0.346939,-34.06852
A,9.367347,10,-1.0,0.367347,-34.09574
A,9.387755,10,-1.0,0.387755,-34.12097
A,9.408163,10,-1.0,0.408163,-34.14527
A,9.428571,10,-1.0,0.428571,-34.16953
A,9.44898,10,-1.0,0.44898,-34.19451
A,9.469388,10,-1.0,0.469388,-34.22085
A,9.489796,10,-1.0,0.489796,-34.24913
A,9.510204,10,-1.0,0.510204,-34.27984
A,9.530612,10,-1.0,0.530612,-34.31346
A,9.55102,10,-1.0,0.55102,-34.35043
A,9.571429,10,-1.0,0.571429,-34.39114
A,9.591837,10,-1.0,0.591837,-34.43601
A,9.612245,10,-1.0,0.612245,-34.48543
A,9.632653,10,-1.0,0.632653,-34.53977
A,9.653061,10,-1.0,0.653061,-34.59944
A,9.673469,10,-1.0,0.673469,-34.66481
A,9.693878,10,-1.0,0.693878,-34.73629
A,9.714286,10,-1.0,0.714286,-34.81427
A,9.734694,10,-1.0,0.734694,-34.89916
A,9.755102,10,-1.0,0.755102,-34.99137
A,9.77551,10,-1.0,0.77551,-35.09132
A,9.795918,10,-1.0,0.795918,-35.19945
A,9.816327,10,-1.0,0.816327,-35.31621
A,9.836735,10,-1.0,0.836735,-35.44204
A,9.857143,10,-1.0,0.857143,-35.5774
A,9.877551,10,-1.0,0.877551,-35.72278
A,9.897959,10,-1.0,0.897959,-35.87865
A,9.918367,10,-1.0,0.918367,-36.04552
A,9.938776,10,-1.0,0.938776,-36.22388
A,9.959184,10,-1.0,0.959184,-36.41425
A,9.979592,10,-1.0,0.979592,-36.61718
A,10.0,10,-1.0,1.0,-36.83318
A,10.0,11,1.0,0.0,28.68315
A,10.020408,11,1.0,0.020408,30.00595
A,10.040816,11,1.0,0.040816,31.03092
A,10.061224,11,1.0,0.061224,31.82512
A,10.081633,11,1.0,0.081633,32.44056
A,10.102041,11,1.0,0.102041,32.91754
A,10.122449,11,1.0,0.122449,33.2873
A,10.142857,11,1.0,0.142857,33.57409
A,10.163265,11,1.0,0.163265,33.7967
A,10.183673,11,1.0,0.183673,33.96975
A,10.204082,11,1.0,0.204082,34.10456
A,10.22449,11,1.0,0.22449,34.20997
A,10.244898,11,1.0,0.244898,34.29284
A,10.265306,11,1.0,0.265306,34.35854
A,10.285714,11,1.0,0.285714,34.41126
A,10.306122,11,1.0,0.306122,34.45431
A,10.326531,11,1.0,0.326531,34.49028
A,10.346939,11,1.0,0.346939,34.52123
A,10.367347,11,1.0,0.367347,34.54882
A,10.387755,11,1.0,0.387755,34.57438
A,10.408163,11,1.0,0.408163,34.599
A,10.428571,11,1.0,0.428571,34.62359
A,10.44898,11,1.0,0.44898,34.6489
A,10.469388,11,1.0,0.469388,34.67559
A,10.489796,11,1.0,0.489796,34.70424
A,10.510204,11,1.0,0.510204,34.73537
A,10.530612,11,1.0,0.530612,34.76944
A,10.55102,11,1.0,0.55102,34.80689
A,10.571429,11,1.0,0.571429,34.84815
A,10.591837,11,1.0,0.591837,34.89361
A,10.612245,11,1.0,0.612245,34.94368
A,10.632653,11,1.0,0.632653,34.99875
A,10.653061,11,1.0,0.653061,35.05921
A,10.673469,11,1.0,0.673469,35.12546
A,10.693878,11,1.0,0.693878,35.19788
A,10.714286,11,1.0,0.714286,35.2769
A,10.734694,11,1.0,0.734694,35.36291
A,10.755102,11,1.0,0.755102,35.45635
A,10.77551,11,1.0,0.77551,35.55763
A,10.795918,11,1.0,0.795918,35.6672
A,10.816327,11,1.0,0.816327,35.78551
A,10.836735,11,1.0,0.836735,35.91301
A,10.857143,11,1.0,0.857143,36.05017
A,10.877551,11,1.0,0.877551,36.19748
A,10.897959,11,1.0,0.897959,36.35542
A,10.918367,11,1.0,0.918367,36.5245
A,10.938776,11,1.0,0.938776,36.70524
A,10.959184,11,1.0,0.959184,36.89814
A,10.979592,11,1.0,0.979592,37.10376
A,11.0,11,1.0,1.0,37.32264
A,11.0,12,-1.0,0.0,-28.5844
A,11.020408,12,-1.0,0.020408,-29.90265
A,11.040816,12,-1.0,0.040816,-30.92408
A,11.061224,12,-1.0,0.061224,-31.71555
A,11.081633,12,-1.0,0.081633,-32.32887
A,11.102041,12,-1.0,0.102041,-32.8042
A,11.122449,12,-1.0,0.122449,-33.1727
A,11.142857,12,-1.0,0.142857,-33.4585
A,11.163265,12,-1.0,0.163265,-33.68035
A,11.183673,12,-1.0,0.183673,-33.85279
A,11.204082,12,-1.0,0.204082,-33.98714
A,11.22449,12,-1.0,0.22449,-34.09219
A,11.244898,12,-1.0,0.244898,-34.17477
A,11.265306,12,-1.0,0.265306,-34.24025
A,11.285714,12,-1.0,0.285714,-34.29279
A,11.306122,12,-1.0,0.306122,-34.33569
A,11.326531,12,-1.0,0.326531,-34.37153
A,11.346939,12,-1.0,0.346939,-34.40238
A,11.367347,12,-1.0,0.367347,-34.42988
A,11.387755,12,-1.0,0.387755,-34.45535
A,11.408163,12,-1.0,0.408163,-34.47988
A,11.428571,12,-1.0,0.428571,-34.50438
A,11.44898,12,-1.0,0.44898,-34.52961
A,11.469388,12,-1.0,0.469388,-34.55621
A,11.489796,12,-1.0,0.489796,-34.58476
A,11.510204,12,-1.0,0.510204,-34.61578
A,11.530612,12,-1.0,0.530612,-34.64973
A,11.55102,12,-1.0,0.55102,-34.68705
A,11.571429,12,-1.0,0.571429,-34.72817
A,11.591837,12,-1.0,0.591837,-34.77348
A,11.612245,12,-1.0,0.612245,-34.82338
A,11.632653,12,-1.0,0.632653,-34.87826
A,11.653061,12,-1.0,0.653061,-34.93851
A,11.673469,12,-1.0,0.673469,-35.00452
A,11.693878,12,-1.0,0.693878,-35.0767
A,11.714286,12,-1.0,0.714286,-35.15544
A,11.734694,12,-1.0,0.734694,-35.24116
A,11.755102,12,-1.0,0.755102,-35.33427
A,11.77551,12,-1.0,0.77551,-35.43521
A,11.795918,12,-1.0,0.795918,-35.5444
A,11.816327,12,-1.0,0.816327,-35.6623
A,11.836735,12,-1.0,0.836735,-35.78936
A,11.857143,12,-1.0,0.857143,-35.92605
A,11.877551,12,-1.0,0.877551,-36.07286
A,11.897959,12,-1.0,0.897959,-36.23026
A,11.918367,12,-1.0,0.918367,-36.39875
A,11.938776,12,-1.0,0.938776,-36.57886
A,11.959184,12,-1.0,0.959184,-36.77111
A,11.979592,12,-1.0,0.979592,-36.97602
A,12.0,12,-1.0,1.0,-37.19414
A,12.0,13,1.0,0.0,28.59102
A,12.020408,13,1.0,0.020408,29.90958
A,12.040816,13,1.0,0.040816,30.93125
A,12.061224,13,1.0,0.061224,31.7229
A,12.081633,13,1.0,0.081633,32.33636
A,12.102041,13,1.0,0.102041,32.81181
A,12.122449,13,1.0,0.122449,33.18038
A,12.142857,13,1.0,0.142857,33.46625
A,12.163265,13,1.0,0.163265,33.68815
A,12.183673,13,1.0,0.183673,33.86064
A,12.204082,13,1.0,0.204082,33.99502
A,12.22449,13,1.0,0.22449,34.10009
A,12.244898,13,1.0,0.244898,34.18269
A,12.265306,13,1.0,0.265306,34.24818
A,12.285714,13,1.0,0.285714,34.30074
A,12.306122,13,1.0,0.306122,34.34365
A,12.326531,13,1.0,0.326531,34.3795
A,12.346939,13,1.0,0.346939,34.41035
A,12.367347,13,1.0,0.367347,34.43785
A,12.387755,13,1.0,0.387755,34.46333
A,12.408163,13,1.0,0.408163,34.48787
A,12.428571,13,1.0,0.428571,34.51238
A,12.44898,13,1.0,0.44898,34.53761
A,12.469388,13,1.0,0.469388,34.56422
A,12.489796,13,1.0,0.489796,34.59277
A,12.510204,13,1.0,0.510204,34.6238
A,12.530612,13,1.0,0.530612,34.65776
A,12.55102,13,1.0,0.55102,34.69509
A,12.571429,13,1.0,0.571429,34.73621
A,12.591837,13,1.0,0.591837,34.78153
A,12.612245,13,1.0,0.612245,34.83144
A,12.632653,13,1.0,0.632653,34.88634
A,12.653061,13,1.0,0.653061,34.9466
A,12.673469,13,1.0,0.673469,35.01263
A,12.693878,13,1.0,0.693878,35.08483
A,12.714286,13,1.0,0.714286,35.16359
A,12.734694,13,1.0,0.734694,35.24933
A,12.755102,13,1.0,0.755102,35.34246
A,12.77551,13,1.0,0.77551,35.44342
A,12.795918,13,1.0,0.795918,35.55264
A,12.816327,13,1.0,0.816327,35.67056
A,12.836735,13,1.0,0.836735,35.79766
A,12.857143,13,1.0,0.857143,35.93438
A,12.877551,13,1.0,0.877551,36.08121
A,12.897959,13,1.0,0.897959,36.23865
A,12.918367,13,1.0,0.918367,36.40719
A,12.938776,13,1.0,0.938776,36.58734
A,12.959184,13,1.0,0.959184,36.77963
A,12.979592,13,1.0,0.979592,36.98458
A,13.0,13,1.0,1.0,37.20276
A,13.0,14,-1.0,0.0,-28.53507
A,13.020408,14,-1.0,0.020408,-29.85104
A,13.040816,14,-1.0,0.040816,-30.87071
A,13.061224,14,-1.0,0.061224,-31.66081
A,13.081633,14,-1.0,0.081633,-32.27308
A,13.102041,14,-1.0,0.102041,-32.74759
A,13.122449,14,-1.0,0.122449,-33.11545
A,13.142857,14,-1.0,0.142857,-33.40075
A,13.163265,14,-1.0,0.163265,-33.62222
A,13.183673,14,-1.0,0.183673,-33.79437
A,13.204082,14,-1.0,0.204082,-33.92849
A,13.22449,14,-1.0,0.22449,-34.03335
A,13.244898,14,-1.0,0.244898,-34.11579
A,13.265306,14,-1.0,0.265306,-34.18116
A,13.285714,14,-1.0,0.285714,-34.23361
A,13.306122,14,-1.0,0.306122,-34.27643
A,13.326531,14,-1.0,0.326531,-34.31222
A,13.346939,14,-1.0,0.346939,-34.34301
A,13.367347,14,-1.0,0.367347,-34.37046
A,13.387755,14,-1.0,0.387755,-34.39589
A,13.408163,14,-1.0,0.408163,-34.42038
A,13.428571,14,-1.0,0.428571,-34.44484
A,13.44898,14,-1.0,0.44898,-34.47002
A,13.469388,14,-1.0,0.469388,-34.49657
A,13.489796,14,-1.0,0.489796,-34.52507
A,13.510204,14,-1.0,0.510204,-34.55604
A,13.530612,14,-1.0,0.530612,-34.58993
A,13.55102,14,-1.0,0.55102,-34.62719
A,13.571429,14,-1.0,0.571429,-34.66823
A,13.591837,14,-1.0,0.591837,-34.71346
A,13.612245,14,-1.0,0.612245,-34.76328
A,13.632653,14,-1.0,0.632653,-34.81806
A,13.653061,14,-1.0,0.653061,-34.87821
A,13.673469,14,-1.0,0.673469,-34.94411
A,13.693878,14,-1.0,0.693878,-35.01617
A,13.714286,14,-1.0,0.714286,-35.09477
A,13.734694,14,-1.0,0.734694,-35.18034
A,13.755102,14,-1.0,0.755102,-35.27329
A,13.77551,14,-1.0,0.77551,-35.37405
A,13.795918,14,-1.0,0.795918,-35.48306
A,13.816327,14,-1.0,0.816327,-35.60075
A,13.836735,14,-1.0,0.836735,-35.7276
A,13.857143,14,-1.0,0.857143,-35.86405
A,13.877551,14,-1.0,0.877551,-36.0106
A,13.897959,14,-1.0,0.897959,-36.16773
A,13.918367,14,-1.0,0.918367,-36.33594
A,13.938776,14,-1.0,0.938776,-36.51574
A,13.959184,14,-1.0,0.959184,-36.70765
A,13.979592,14,-1.0,0.979592,-36.9122
A,14.0,14,-1.0,1.0,-37.12995
A,14.0,15,1.0,0.0,28.36147
A,14.020408,15,1.0,0.020408,29.66943
A,14.040816,15,1.0,0.040816,30.6829
A,14.061224,15,1.0,0.061224,31.4682
A,14.081633,15,1.0,0.081633,32.07673
A,14.102041,15,1.0,0.102041,32.54836
A,14.122449,15,1.0,0.122449,32.91398
A,14.142857,15,1.0,0.142857,33.19755
A,14.163265,15,1.0,0.163265,33.41767
A,14.183673,15,1.0,0.183673,33.58877
A,14.204082,15,1.0,0.204082,33.72207
A,14.22449,15,1.0,0.22449,33.8263
A,14.244898,15,1.0,0.244898,33.90824
A,14.265306,15,1.0,0.265306,33.9732
A,14.285714,15,1.0,0.285714,34.02534
A,14.306122,15,1.0,0.306122,34.0679
A,14.326531,15,1.0,0.326531,34.10346
A,14.346939,15,1.0,0.346939,34.13407
A,14.367347,15,1.0,0.367347,34.16135
A,14.387755,15,1.0,0.387755,34.18663
A,14.408163,15,1.0,0.408163,34.21097
A,14.428571,15,1.0,0.428571,34.23528
A,14.44898,15,1.0,0.44898,34.26031
A,14.469388,15,1.0,0.469388,34.2867
A,14.489796,15,1.0,0.489796,34.31503
A,14.510204,15,1.0,0.510204,34.3458
A,14.530612,15,1.0,0.530612,34.37949
A,14.55102,15,1.0,0.55102,34.41652
A,14.571429,15,1.0,0.571429,34.45732
A,14.591837,15,1.0,0.591837,34.50227
A,14.612245,15,1.0,0.612245,34.55178
A,14.632653,15,1.0,0.632653,34.60623
A,14.653061,15,1.0,0.653061,34.66602
A,14.673469,15,1.0,0.673469,34.73152
A,14.693878,15,1.0,0.693878,34.80313
A,14.714286,15,1.0,0.714286,34.88126
A,14.734694,15,1.0,0.734694,34.96631
A,14.755102,15,1.0,0.755102,35.0587
A,14.77551,15,1.0,0.77551,35.15884
A,14.795918,15,1.0,0.795918,35.26719
A,14.816327,15,1.0,0.816327,35.38416
A,14.836735,15,1.0,0.836735,35.51024
A,14.857143,15,1.0,0.857143,35.64586
A,14.877551,15,1.0,0.877551,35.79152
A,14.897959,15,1.0,0.897959,35.94769
A,14.918367,15,1.0,0.918367,36.11488
A,14.938776,15,1.0,0.938776,36.29358
A,14.959184,15,1.0,0.959184,36.48432
A,14.979592,15,1.0,0.979592,36.68764
A,15.0,15,1.0,1.0,36.90406
A,15.0,16,-1.0,0.0,-28.37867
A,15.020408,16,-1.0,0.020408,-29.68742
A,15.040816,16,-1.0,0.040816,-30.7015
A,15.061224,16,-1.0,0.061224,-31.48728
A,15.081633,16,-1.0,0.081633,-32.09618
A,15.102041,16,-1.0,0.102041,-32.5681
A,15.122449,16,-1.0,0.122449,-32.93394
A,15.142857,16,-1.0,0.142857,-33.21768
A,15.163265,16,-1.0,0.163265,-33.43793
A,15.183673,16,-1.0,0.183673,-33.60914
A,15.204082,16,-1.0,0.204082,-33.74252
A,15.22449,16,-1.0,0.22449,-33.84681
A,15.244898,16,-1.0,0.244898,-33.9288
A,15.265306,16,-1.0,0.265306,-33.9938
A,15.285714,16,-1.0,0.285714,-34.04597
A,15.306122,16,-1.0,0.306122,-34.08856
A,15.326531,16,-1.0,0.326531,-34.12415
A,15.346939,16,-1.0,0.346939,-34.15477
A,15.367347,16,-1.0,0.367347,-34.18207
A,15.387755,16,-1.0,0.387755,-34.20736
A,15.408163,16,-1.0,0.408163,-34.23172
A,15.428571,16,-1.0,0.428571,-34.25604
A,15.44898,16,-1.0,0.44898,-34.28108
A,15.469388,16,-1.0,0.469388,-34.30749
A,15.489796,16,-1.0,0.489796,-34.33584
A,15.510204,16,-1.0,0.510204,-34.36663
A,15.530612,16,-1.0,0.530612,-34.40034
A,15.55102,16,-1.0,0.55102,-34.43739
A,15.571429,16,-1.0,0.571429,-34.47821
A,15.591837,16,-1.0,0.591837,-34.5232
A,15.612245,16,-1.0,0.612245,-34.57274
A,15.632653,16,-1.0,0.632653,-34.62722
A,15.653061,16,-1.0,0.653061,-34.68704
A,15.673469,16,-1.0,0.673469,-34.75258
A,15.693878,16,-1.0,0.693878,-34.82424
A,15.714286,16,-1.0,0.714286,-34.90241
A,15.734694,16,-1.0,0.734694,-34.98751
A,15.755102,16,-1.0,0.755102,-35.07996
A,15.77551,16,-1.0,0.77551,-35.18016
A,15.795918,16,-1.0,0.795918,-35.28857
A,15.816327,16,-1.0,0.816327,-35.40562
A,15.836735,16,-1.0,0.836735,-35.53177
A,15.857143,16,-1.0,0.857143,-35.66748
A,15.877551,16,-1.0,0.877551,-35.81322
A,15.897959,16,-1.0,0.897959,-35.96949
A,15.918367,16,-1.0,0.918367,-36.13678
A,15.938776,16,-1.0,0.938776,-36.31559
A,15.959184,16,-1.0,0.959184,-36.50645
A,15.979592,16,-1.0,0.979592,-36.70988
A,16.0,16,-1.0,1.0,-36.92644
A,16.0,17,1.0,0.0,28.19639
A,16.020408,17,1.0,0.020408,29.49674
A,16.040816,17,1.0,0.040816,30.50431
A,16.061224,17,1.0,0.061224,31.28503
A,16.081633,17,1.0,0.081633,31.89003
A,16.102041,17,1.0,0.102041,32.35891
A,16.122449,17,1.0,0.122449,32.7224
A,16.142857,17,1.0,0.142857,33.00432
A,16.163265,17,1.0,0.163265,33.22316
A,16.183673,17,1.0,0.183673,33.39327
A,16.204082,17,1.0,0.204082,33.52579
A,16.22449,17,1.0,0.22449,33.62941
A,16.244898,17,1.0,0.244898,33.71088
A,16.265306,17,1.0,0.265306,33.77546
A,16.285714,17,1.0,0.285714,33.82729
A,16.306122,17,1.0,0.306122,33.86961
A,16.326531,17,1.0,0.326531,33.90496
A,16.346939,17,1.0,0.346939,33.93539
A,16.367347,17,1.0,0.367347,33.96252
A,16.387755,17,1.0,0.387755,33.98764
A,16.408163,17,1.0,0.408163,34.01184
A,16.428571,17,1.0,0.428571,34.03601
A,16.44898,17,1.0,0.44898,34.06089
A,16.469388,17,1.0,0.469388,34.08713
A,16.489796,17,1.0,0.489796,34.1153
A,16.510204,17,1.0,0.510204,34.14589
A,16.530612,17,1.0,0.530612,34.17938
A,16.55102,17,1.0,0.55102,34.2162
A,16.571429,17,1.0,0.571429,34.25676
A,16.591837,17,1.0,0.591837,34.30145
A,16.612245,17,1.0,0.612245,34.35067
A,16.632653,17,1.0,0.632653,34.40481
A,16.653061,17,1.0,0.653061,34.46424
A,16.673469,17,1.0,0.673469,34.52936
A,16.693878,17,1.0,0.693878,34.60056
A,16.714286,17,1.0,0.714286,34.67823
A,16.734694,17,1.0,0.734694,34.76279
A,16.755102,17,1.0,0.755102,34.85464
A,16.77551,17,1.0,0.77551,34.9542
A,16.795918,17,1.0,0.795918,35.06191
A,16.816327,17,1.0,0.816327,35.17821
A,16.836735,17,1.0,0.836735,35.30355
A,16.857143,17,1.0,0.857143,35.43838
A,16.877551,17,1.0,0.877551,35.58319
A,16.897959,17,1.0,0.897959,35.73846
A,16.918367,17,1.0,0.918367,35.90467
A,16.938776,17,1.0,0.938776,36.08233
A,16.959184,17,1.0,0.959184,36.27197
A,16.979592,17,1.0,0.979592,36.47409
A,17.0,17,1.0,1.0,36.68926
A,17.0,18,-1.0,0.0,-28.04631
A,17.020408,18,-1.0,0.020408,-29.33974
A,17.040816,18,-1.0,0.040816,-30.34195
A,17.061224,18,-1.0,0.061224,-31.11852
A,17.081633,18,-1.0,0.081633,-31.72029
A,17.102041,18,-1.0,0.102041,-32.18668
A,17.122449,18,-1.0,0.122449,-32.54823
A,17.142857,18,-1.0,0.142857,-32.82865
A,17.163265,18,-1.0,0.163265,-33.04633
A,17.183673,18,-1.0,0.183673,-33.21553
A,17.204082,18,-1.0,0.204082,-33.34735
A,17.22449,18,-1.0,0.22449,-33.45041
A,17.244898,18,-1.0,0.244898,-33.53145
A,17.265306,18,-1.0,0.265306,-33.59569
A,17.285714,18,-1.0,0.285714,-33.64724
A,17.306122,18,-1.0,0.306122,-33.68933
A,17.326531,18,-1.0,0.326531,-33.7245
A,17.346939,18,-1.0,0.346939,-33.75477
A,17.367347,18,-1.0,0.367347,-33.78175
A,17.387755,18,-1.0,0.387755,-33.80674
A,17.408163,18,-1.0,0.408163,-33.83081
A,17.428571,18,-1.0,0.428571,-33.85485
A,17.44898,18,-1.0,0.44898,-33.8796
A,17.469388,18,-1.0,0.469388,-33.9057
A,17.489796,18,-1.0,0.489796,-33.93372
A,17.510204,18,-1.0,0.510204,-33.96415
A,17.530612,18,-1.0,0.530612,-33.99746
A,17.55102,18,-1.0,0.55102,-34.03408
A,17.571429,18,-1.0,0.571429,-34.07442
A,17.591837,18,-1.0,0.591837,-34.11888
A,17.612245,18,-1.0,0.612245,-34.16784
A,17.632653,18,-1.0,0.632653,-34.22169
A,17.653061,18,-1.0,0.653061,-34.2808
A,17.673469,18,-1.0,0.673469,-34.34558
A,17.693878,18,-1.0,0.693878,-34.41639
A,17.714286,18,-1.0,0.714286,-34.49365
A,17.734694,18,-1.0,0.734694,-34.57776
A,17.755102,18,-1.0,0.755102,-34.66912
A,17.77551,18,-1.0,0.77551,-34.76815
A,17.795918,18,-1.0,0.795918,-34.87529
A,17.816327,18,-1.0,0.816327,-34.99097
A,17.836735,18,-1.0,0.836735,-35.11564
A,17.857143,18,-1.0,0.857143,-35.24976
A,17.877551,18,-1.0,0.877551,-35.3938
A,17.897959,18,-1.0,0.897959,-35.54823
A,17.918367,18,-1.0,0.918367,-35.71356
A,17.938776,18,-1.0,0.938776,-35.89028
A,17.959184,18,-1.0,0.959184,-36.0789
A,17.979592,18,-1.0,0.979592,-36.27996
A,18.0,18,-1.0,1.0,-36.49397
A,18.0,19,1.0,0.0,28.00754
A,18.020408,19,1.0,0.020408,29.29919
A,18.040816,19,1.0,0.040816,30.30001
A,18.061224,19,1.0,0.061224,31.0755
A,18.081633,19,1.0,0.081633,31.67645
A,18.102041,19,1.0,0.102041,32.14219
A,18.122449,19,1.0,0.122449,32.50324
A,18.142857,19,1.0,0.142857,32.78327
A,18.163265,19,1.0,0.163265,33.00065
A,18.183673,19,1.0,0.183673,33.16962
A,18.204082,19,1.0,0.204082,33.30125
A,18.22449,19,1.0,0.22449,33.40418
A,18.244898,19,1.0,0.244898,33.4851
A,18.265306,19,1.0,0.265306,33.54925
A,18.285714,19,1.0,0.285714,33.60073
A,18.306122,19,1.0,0.306122,33.64277
A,18.326531,19,1.0,0.326531,33.67789
A,18.346939,19,1.0,0.346939,33.70811
A,18.367347,19,1.0,0.367347,33.73505
A,18.387755,19,1.0,0.387755,33.76001
A,18.408163,19,1.0,0.408163,33.78405
A,18.428571,19,1.0,0.428571,33.80806
A,18.44898,19,1.0,0.44898,33.83277
A,18.469388,19,1.0,0.469388,33.85884
A,18.489796,19,1.0,0.489796,33.88681
A,18.510204,19,1.0,0.510204,33.9172
A,18.530612,19,1.0,0.530612,33.95047
A,18.55102,19,1.0,0.55102,33.98704
A,18.571429,19,1.0,0.571429,34.02732
A,18.591837,19,1.0,0.591837,34.07172
A,18.612245,19,1.0,0.612245,34.12061
A,18.632653,19,1.0,0.632653,34.17438
A,18.653061,19,1.0,0.653061,34.23342
A,18.673469,19,1.0,0.673469,34.2981
A,18.693878,19,1.0,0.693878,34.36882
A,18.714286,19,1.0,0.714286,34.44598
A,18.734694,19,1.0,0.734694,34.52996
A,18.755102,19,1.0,0.755102,34.6212
A,18.77551,19,1.0,0.77551,34.7201
A,18.795918,19,1.0,0.795918,34.82708
A,18.816327,19,1.0,0.816327,34.9426
A,18.836735,19,1.0,0.836735,35.0671
A,18.857143,19,1.0,0.857143,35.20104
A,18.877551,19,1.0,0.877551,35.34487
A,18.897959,19,1.0,0.897959,35.4991
A,18.918367,19,1.0,0.918367,35.6642
A,18.938776,19,1.0,0.938776,35.84067
A,18.959184,19,1.0,0.959184,36.02903
A,18.979592,19,1.0,0.979592,36.22981
A,19.0,19,1.0,1.0,36.44353
A,19.0,20,-1.0,0.0,-28.21914
A,19.020408,20,-1.0,0.020408,-29.52055
A,19.040816,20,-1.0,0.040816,-30.52893
A,19.061224,20,-1.0,0.061224,-31.31028
A,19.081633,20,-1.0,0.081633,-31.91576
A,19.102041,20,-1.0,0.102041,-32.38503
A,19.122449,20,-1.0,0.122449,-32.74881
A,19.142857,20,-1.0,0.142857,-33.03096
A,19.163265,20,-1.0,0.163265,-33.24997
A,19.183673,20,-1.0,0.183673,-33.42022
A,19.204082,20,-1.0,0.204082,-33.55285
A,19.22449,20,-1.0,0.22449,-33.65655
A,19.244898,20,-1.0,0.244898,-33.73808
A,19.265306,20,-1.0,0.265306,-33.80272
A,19.285714,20,-1.0,0.285714,-33.85459
A,19.306122,20,-1.0,0.306122,-33.89694
A,19.326531,20,-1.0,0.326531,-33.93233
A,19.346939,20,-1.0,0.346939,-33.96278
A,19.367347,20,-1.0,0.367347,-33.98992
A,19.387755,20,-1.0,0.387755,-34.01507
A,19.408163,20,-1.0,0.408163,-34.03929
A,19.428571,20,-1.0,0.428571,-34.06348
A,19.44898,20,-1.0,0.44898,-34.08838
A,19.469388,20,-1.0,0.469388,-34.11464
A,19.489796,20,-1.0,0.489796,-34.14283
A,19.510204,20,-1.0,0.510204,-34.17345
A,19.530612,20,-1.0,0.530612,-34.20697
A,19.55102,20,-1.0,0.55102,-34.24381
A,19.571429,20,-1.0,0.571429,-34.2844
A,19.591837,20,-1.0,0.591837,-34.32913
A,19.612245,20,-1.0,0.612245,-34.3784
A,19.632653,20,-1.0,0.632653,-34.43257
A,19.653061,20,-1.0,0.653061,-34.49206
A,19.673469,20,-1.0,0.673469,-34.55723
A,19.693878,20,-1.0,0.693878,-34.62848
A,19.714286,20,-1.0,0.714286,-34.70622
A,19.734694,20,-1.0,0.734694,-34.79084
A,19.755102,20,-1.0,0.755102,-34.88277
A,19.77551,20,-1.0,0.77551,-34.98241
A,19.795918,20,-1.0,0.795918,-35.09021
A,19.816327,20,-1.0,0.816327,-35.2066
A,19.836735,20,-1.0,0.836735,-35.33204
A,19.857143,20,-1.0,0.857143,-35.46698
A,19.877551,20,-1.0,0.877551,-35.61191
A,19.897959,20,-1.0,0.897959,-35.7673
A,19.918367,20,-1.0,0.918367,-35.93364
A,19.938776,20,-1.0,0.938776,-36.11145
A,19.959184,20,-1.0,0.959184,-36.30124
A,19.979592,20,-1.0,0.979592,-36.50353
A,20.0,20,-1.0,1.0,-36.71887
A,20.0,21,1.0,0.0,28.00739
A,20.020408,21,1.0,0.020408,29.29902
A,20.040816,21,1.0,0.040816,30.29984
A,20.061224,21,1.0,0.061224,31.07533
A,20.081633,21,1.0,0.081633,31.67627
A,20.102041,21,1.0,0.102041,32.14201
A,20.122449,21,1.0,0.122449,32.50306
A,20.142857,21,1.0,0.142857,32.78309
A,20.163265,21,1.0,0.163265,33.00046
A,20.183673,21,1.0,0.183673,33.16943
A,20.204082,21,1.0,0.204082,33.30107
A,20.22449,21,1.0,0.22449,33.40399
A,20.244898,21,1.0,0.244898,33.48491
A,20.265306,21,1.0,0.265306,33.54906
A,20.285714,21,1.0,0.285714,33.60055
A,20.306122,21,1.0,0.306122,33.64258
A,20.326531,21,1.0,0.326531,33.6777
A,20.346939,21,1.0,0.346939,33.70792
A,20.367347,21,1.0,0.367347,33.73486
A,20.387755,21,1.0,0.387755,33.75982
A,20.408163,21,1.0,0.408163,33.78386
A,20.428571,21,1.0,0.428571,33.80787
A,20.44898,21,1.0,0.44898,33.83258
A,20.469388,21,1.0,0.469388,33.85865
A,20.489796,21,1.0,0.489796,33.88662
A,20.510204,21,1.0,0.510204,33.91701
A,20.530612,21,1.0,0.530612,33.95028
A,20.55102,21,1.0,0.55102,33.98685
A,20.571429,21,1.0,0.571429,34.02713
A,20.591837,21,1.0,0.591837,34.07153
A,20.612245,21,1.0,0.612245,34.12042
A,20.632653,21,1.0,0.632653,34.17419
A,20.653061,21,1.0,0.653061,34.23323
A,20.673469,21,1.0,0.673469,34.29791
A,20.693878,21,1.0,0.693878,34.36863
A,20.714286,21,1.0,0.714286,34.44578
A,20.734694,21,1.0,0.734694,34.52977
A,20.755102,21,1.0,0.755102,34.62101
A,20.77551,21,1.0,0.77551,34.7199
A,20.795918,21,1.0,0.795918,34.82689
A,20.816327,21,1.0,0.816327,34.94241
A,20.836735,21,1.0,0.836735,35.06691
A,20.857143,21,1.0,0.857143,35.20084
A,20.877551,21,1.0,0.877551,35.34468
A,20.897959,21,1.0,0.897959,35.4989
A,20.918367,21,1.0,0.918367,35.664
A,20.938776,21,1.0,0.938776,35.84047
A,20.959184,21,1.0,0.959184,36.02883
A,20.979592,21,1.0,0.979592,36.22961
A,21.0,21,1.0,1.0,36.44333
A,21.0,22,-1.0,0.0,-27.99341
A,21.020408,22,-1.0,0.020408,-29.2844
A,21.040816,22,-1.0,0.040816,-30.28472
A,21.061224,22,-1.0,0.061224,-31.05982
A,21.081633,22,-1.0,0.081633,-31.66046
A,21.102041,22,-1.0,0.102041,-32.12597
A,21.122449,22,-1.0,0.122449,-32.48684
A,21.142857,22,-1.0,0.142857,-32.76673
A,21.163265,22,-1.0,0.163265,-32.98399
A,21.183673,22,-1.0,0.183673,-33.15288
A,21.204082,22,-1.0,0.204082,-33.28445
A,21.22449,22,-1.0,0.22449,-33.38732
A,21.244898,22,-1.0,0.244898,-33.4682
A,21.265306,22,-1.0,0.265306,-33.53232
A,21.285714,22,-1.0,0.285714,-33.58378
A,21.306122,22,-1.0,0.306122,-33.62579
A,21.326531,22,-1.0,0.326531,-33.66089
A,21.346939,22,-1.0,0.346939,-33.6911
A,21.367347,22,-1.0,0.367347,-33.71803
A,21.387755,22,-1.0,0.387755,-33.74297
A,21.408163,22,-1.0,0.408163,-33.767
A,21.428571,22,-1.0,0.428571,-33.791
A,21.44898,22,-1.0,0.44898,-33.8157
A,21.469388,22,-1.0,0.469388,-33.84175
A,21.489796,22,-1.0,0.489796,-33.86971
A,21.510204,22,-1.0,0.510204,-33.90009
A,21.530612,22,-1.0,0.530612,-33.93333
A,21.55102,22,-1.0,0.55102,-33.96989
A,21.571429,22,-1.0,0.571429,-34.01015
A,21.591837,22,-1.0,0.591837,-34.05452
A,21.612245,22,-1.0,0.612245,-34.10339
A,21.632653,22,-1.0,0.632653,-34.15714
A,21.653061,22,-1.0,0.653061,-34.21614
A,21.673469,22,-1.0,0.673469,-34.28079
A,21.693878,22,-1.0,0.693878,-34.35148
A,21.714286,22,-1.0,0.714286,-34.42859
A,21.734694,22,-1.0,0.734694,-34.51254
A,21.755102,22,-1.0,0.755102,-34.60373
A,21.77551,22,-1.0,0.77551,-34.70258
A,21.795918,22,-1.0,0.795918,-34.80951
A,21.816327,22,-1.0,0.816327,-34.92497
A,21.836735,22,-1.0,0.836735,-35.04941
A,21.857143,22,-1.0,0.857143,-35.18327
A,21.877551,22,-1.0,0.877551,-35.32704
A,21.897959,22,-1.0,0.897959,-35.48118
A,21.918367,22,-1.0,0.918367,-35.6462
A,21.938776,22,-1.0,0.938776,-35.82259
A,21.959184,22,-1.0,0.959184,-36.01085
A,21.979592,22,-1.0,0.979592,-36.21153
A,22.0,22,-1.0,1.0,-36.42514
A,22.0,23,1.0,0.0,28.28488
A,22.020408,23,1.0,0.020408,29.58931
A,22.040816,23,1.0,0.040816,30.60004
A,22.061224,23,1.0,0.061224,31.38322
A,22.081633,23,1.0,0.081633,31.99011
A,22.102041,23,1.0,0.102041,32.46046
A,22.122449,23,1.0,0.122449,32.82509
A,22.142857,23,1.0,0.142857,33.1079
A,22.163265,23,1.0,0.163265,33.32743
A,22.183673,23,1.0,0.183673,33.49807
A,22.204082,23,1.0,0.204082,33.63101
A,22.22449,23,1.0,0.22449,33.73495
A,22.244898,23,1.0,0.244898,33.81667
A,22.265306,23,1.0,0.265306,33.88146
A,22.285714,23,1.0,0.285714,33.93345
A,22.306122,23,1.0,0.306122,33.9759
A,22.326531,23,1.0,0.326531,34.01137
A,22.346939,23,1.0,0.346939,34.04189
A,22.367347,23,1.0,0.367347,34.0691
A,22.387755,23,1.0,0.387755,34.09431
A,22.408163,23,1.0,0.408163,34.11859
A,22.428571,23,1.0,0.428571,34.14283
A,22.44898,23,1.0,0.44898,34.16779
A,22.469388,23,1.0,0.469388,34.19411
A,22.489796,23,1.0,0.489796,34.22236
A,22.510204,23,1.0,0.510204,34.25305
A,22.530612,23,1.0,0.530612,34.28665
A,22.55102,23,1.0,0.55102,34.32358
A,22.571429,23,1.0,0.571429,34.36427
A,22.591837,23,1.0,0.591837,34.4091
A,22.612245,23,1.0,0.612245,34.45848
A,22.632653,23,1.0,0.632653,34.51278
A,22.653061,23,1.0,0.653061,34.5724
A,22.673469,23,1.0,0.673469,34.63773
A,22.693878,23,1.0,0.693878,34.70915
A,22.714286,23,1.0,0.714286,34.78707
A,22.734694,23,1.0,0.734694,34.87189
A,22.755102,23,1.0,0.755102,34.96402
A,22.77551,23,1.0,0.77551,35.0639
A,22.795918,23,1.0,0.795918,35.17195
A,22.816327,23,1.0,0.816327,35.28861
A,22.836735,23,1.0,0.836735,35.41434
A,22.857143,23,1.0,0.857143,35.5496
A,22.877551,23,1.0,0.877551,35.69487
A,22.897959,23,1.0,0.897959,35.85062
A,22.918367,23,1.0,0.918367,36.01735
A,22.938776,23,1.0,0.938776,36.19557
A,22.959184,23,1.0,0.959184,36.3858
A,22.979592,23,1.0,0.979592,36.58856
A,23.0,23,1.0,1.0,36.8044
A,23.0,24,-1.0,0.0,-28.53037
A,23.020408,24,-1.0,0.020408,-29.84613
A,23.040816,24,-1.0,0.040816,-30.86563
A,23.061224,24,-1.0,0.061224,-31.6556
A,23.081633,24,-1.0,0.081633,-32.26777
A,23.102041,24,-1.0,0.102041,-32.7422
A,23.122449,24,-1.0,0.122449,-33.11
A,23.142857,24,-1.0,0.142857,-33.39526
A,23.163265,24,-1.0,0.163265,-33.61669
A,23.183673,24,-1.0,0.183673,-33.78881
A,23.204082,24,-1.0,0.204082,-33.92291
A,23.22449,24,-1.0,0.22449,-34.02775
A,23.244898,24,-1.0,0.244898,-34.11018
A,23.265306,24,-1.0,0.265306,-34.17553
A,23.285714,24,-1.0,0.285714,-34.22798
A,23.306122,24,-1.0,0.306122,-34.27079
A,23.326531,24,-1.0,0.326531,-34.30657
A,23.346939,24,-1.0,0.346939,-34.33736
A,23.367347,24,-1.0,0.367347,-34.3648
A,23.387755,24,-1.0,0.387755,-34.39023
A,23.408163,24,-1.0,0.408163,-34.41471
A,23.428571,24,-1.0,0.428571,-34.43917
A,23.44898,24,-1.0,0.44898,-34.46434
A,23.469388,24,-1.0,0.469388,-34.4909
A,23.489796,24,-1.0,0.489796,-34.51939
A,23.510204,24,-1.0,0.510204,-34.55035
A,23.530612,24,-1.0,0.530612,-34.58424
A,23.55102,24,-1.0,0.55102,-34.62149
A,23.571429,24,-1.0,0.571429,-34.66253
A,23.591837,24,-1.0,0.591837,-34.70775
A,23.612245,24,-1.0,0.612245,-34.75756
A,23.632653,24,-1.0,0.632653,-34.81233
A,23.653061,24,-1.0,0.653061,-34.87247
A,23.673469,24,-1.0,0.673469,-34.93836
A,23.693878,24,-1.0,0.693878,-35.0104
A,23.714286,24,-1.0,0.714286,-35.089
A,23.734694,24,-1.0,0.734694,-35.17455
A,23.755102,24,-1.0,0.755102,-35.26749
A,23.77551,24,-1.0,0.77551,-35.36823
A,23.795918,24,-1.0,0.795918,-35.47722
A,23.816327,24,-1.0,0.816327,-35.5949
A,23.836735,24,-1.0,0.836735,-35.72172
A,23.857143,24,-1.0,0.857143,-35.85815
A,23.877551,24,-1.0,0.877551,-36.00468
A,23.897959,24,-1.0,0.897959,-36.16178
A,23.918367,24,-1.0,0.918367,-36.32996
A,23.938776,24,-1.0,0.938776,-36.50973
A,23.959184,24,-1.0,0.959184,-36.70161
A,23.979592,24,-1.0,0.979592,-36.90613
A,24.0,24,-1.0,1.0,-37.12384
A,24.0,25,1.0,0.0,28.61638
A,24.020408,25,1.0,0.020408,29.9361
A,24.040816,25,1.0,0.040816,30.95868
A,24.061224,25,1.0,0.061224,31.75103
A,24.081633,25,1.0,0.081633,32.36504
A,24.102041,25,1.0,0.102041,32.84091
A,24.122449,25,1.0,0.122449,33.20981
A,24.142857,25,1.0,0.142857,33.49593
A,24.163265,25,1.0,0.163265,33.71803
A,24.183673,25,1.0,0.183673,33.89067
A,24.204082,25,1.0,0.204082,34.02517
A,24.22449,25,1.0,0.22449,34.13033
A,24.244898,25,1.0,0.244898,34.21301
A,24.265306,25,1.0,0.265306,34.27856
A,24.285714,25,1.0,0.285714,34.33116
A,24.306122,25,1.0,0.306122,34.3741
A,24.326531,25,1.0,0.326531,34.40999
A,24.346939,25,1.0,0.346939,34.44087
A,24.367347,25,1.0,0.367347,34.4684
A,24.387755,25,1.0,0.387755,34.4939
A,24.408163,25,1.0,0.408163,34.51846
A,24.428571,25,1.0,0.428571,34.54299
A,24.44898,25,1.0,0.44898,34.56824
A,24.469388,25,1.0,0.469388,34.59487
A,24.489796,25,1.0,0.489796,34.62346
A,24.510204,25,1.0,0.510204,34.65451
A,24.530612,25,1.0,0.530612,34.68849
A,24.55102,25,1.0,0.55102,34.72586
A,24.571429,25,1.0,0.571429,34.76702
A,24.591837,25,1.0,0.591837,34.81238
A,24.612245,25,1.0,0.612245,34.86234
A,24.632653,25,1.0,0.632653,34.91728
A,24.653061,25,1.0,0.653061,34.9776
A,24.673469,25,1.0,0.673469,35.04369
A,24.693878,25,1.0,0.693878,35.11594
A,24.714286,25,1.0,0.714286,35.19478
A,24.734694,25,1.0,0.734694,35.28059
A,24.755102,25,1.0,0.755102,35.37381
A,24.77551,25,1.0,0.77551,35.47485
A,24.795918,25,1.0,0.795918,35.58417
A,24.816327,25,1.0,0.816327,35.7022
A,24.836735,25,1.0,0.836735,35.8294
A,24.857143,25,1.0,0.857143,35.96625
A,24.877551,25,1.0,0.877551,36.11322
A,24.897959,25,1.0,0.897959,36.27079
A,24.918367,25,1.0,0.918367,36.43948
A,24.938776,25,1.0,0.938776,36.61979
A,24.959184,25,1.0,0.959184,36.81225
A,24.979592,25,1.0,0.979592,37.01739
A,25.0,25,1.0,1.0,37.23575
A,25.0,26,-1.0,0.0,-28.62555
A,25.020408,26,-1.0,0.020408,-29.94569
A,25.040816,26,-1.0,0.040816,-30.9686
A,25.061224,26,-1.0,0.061224,-31.76121
A,25.081633,26,-1.0,0.081633,-32.37541
A,25.102041,26,-1.0,0.102041,-32.85143
A,25.122449,26,-1.0,0.122449,-33.22045
A,25.142857,26,-1.0,0.142857,-33.50666
A,25.163265,26,-1.0,0.163265,-33.72883
A,25.183673,26,-1.0,0.183673,-33.90153
A,25.204082,26,-1.0,0.204082,-34.03607
A,25.22449,26,-1.0,0.22449,-34.14127
A,25.244898,26,-1.0,0.244898,-34.22397
A,25.265306,26,-1.0,0.265306,-34.28954
A,25.285714,26,-1.0,0.285714,-34.34216
A,25.306122,26,-1.0,0.306122,-34.38512
A,25.326531,26,-1.0,0.326531,-34.42101
A,25.346939,26,-1.0,0.346939,-34.45191
A,25.367347,26,-1.0,0.367347,-34.47944
A,25.387755,26,-1.0,0.387755,-34.50495
A,25.408163,26,-1.0,0.408163,-34.52952
A,25.428571,26,-1.0,0.428571,-34.55406
A,25.44898,26,-1.0,0.44898,-34.57932
A,25.469388,26,-1.0,0.469388,-34.60596
A,25.489796,26,-1.0,0.489796,-34.63455
A,25.510204,26,-1.0,0.510204,-34.66561
A,25.530612,26,-1.0,0.530612,-34.69961
A,25.55102,26,-1.0,0.55102,-34.73699
A,25.571429,26,-1.0,0.571429,-34.77816
A,25.591837,26,-1.0,0.591837,-34.82354
A,25.612245,26,-1.0,0.612245,-34.87351
A,25.632653,26,-1.0,0.632653,-34.92847
A,25.653061,26,-1.0,0.653061,-34.9888
A,25.673469,26,-1.0,0.673469,-35.05492
A,25.693878,26,-1.0,0.693878,-35.1272
A,25.714286,26,-1.0,0.714286,-35.20605
A,25.734694,26,-1.0,0.734694,-35.29189
A,25.755102,26,-1.0,0.755102,-35.38514
A,25.77551,26,-1.0,0.77551,-35.48622
A,25.795918,26,-1.0,0.795918,-35.59557
A,25.816327,26,-1.0,0.816327,-35.71364
A,25.836735,26,-1.0,0.836735,-35.84088
A,25.857143,26,-1.0,0.857143,-35.97777
A,25.877551,26,-1.0,0.877551,-36.12479
A,25.897959,26,-1.0,0.897959,-36.28241
A,25.918367,26,-1.0,0.918367,-36.45115
A,25.938776,26,-1.0,0.938776,-36.63152
A,25.959184,26,-1.0,0.959184,-36.82404
A,25.979592,26,-1.0,0.979592,-37.02925
A,26.0,26,-1.0,1.0,-37.24768
A,26.0,27,1.0,0.0,28.58581
A,26.020408,27,1.0,0.020408,29.90412
A,26.040816,27,1.0,0.040816,30.9256
A,26.061224,27,1.0,0.061224,31.71711
A,26.081633,27,1.0,0.081633,32.33046
A,26.102041,27,1.0,0.102041,32.80582
A,26.122449,27,1.0,0.122449,33.17433
A,26.142857,27,1.0,0.142857,33.46014
A,26.163265,27,1.0,0.163265,33.682
A,26.183673,27,1.0,0.183673,33.85446
A,26.204082,27,1.0,0.204082,33.98881
A,26.22449,27,1.0,0.22449,34.09386
A,26.244898,27,1.0,0.244898,34.17645
A,26.265306,27,1.0,0.265306,34.24193
A,26.285714,27,1.0,0.285714,34.29448
A,26.306122,27,1.0,0.306122,34.33738
A,26.326531,27,1.0,0.326531,34.37322
A,26.346939,27,1.0,0.346939,34.40407
A,26.367347,27,1.0,0.367347,34.43157
A,26.387755,27,1.0,0.387755,34.45704
A,26.408163,27,1.0,0.408163,34.48158
A,26.428571,27,1.0,0.428571,34.50608
A,26.44898,27,1.0,0.44898,34.53131
A,26.469388,27,1.0,0.469388,34.55791
A,26.489796,27,1.0,0.489796,34.58646
A,26.510204,27,1.0,0.510204,34.61748
A,26.530612,27,1.0,0.530612,34.65143
A,26.55102,27,1.0,0.55102,34.68876
A,26.571429,27,1.0,0.571429,34.72987
A,26.591837,27,1.0,0.591837,34.77519
A,26.612245,27,1.0,0.612245,34.82509
A,26.632653,27,1.0,0.632653,34.87997
A,26.653061,27,1.0,0.653061,34.94022
A,26.673469,27,1.0,0.673469,35.00624
A,26.693878,27,1.0,0.693878,35.07843
A,26.714286,27,1.0,0.714286,35.15717
A,26.734694,27,1.0,0.734694,35.24289
A,26.755102,27,1.0,0.755102,35.33601
A,26.77551,27,1.0,0.77551,35.43695
A,26.795918,27,1.0,0.795918,35.54615
A,26.816327,27,1.0,0.816327,35.66405
A,26.836735,27,1.0,0.836735,35.79112
A,26.857143,27,1.0,0.857143,35.92782
A,26.877551,27,1.0,0.877551,36.07463
A,26.897959,27,1.0,0.897959,36.23204
A,26.918367,27,1.0,0.918367,36.40054
A,26.938776,27,1.0,0.938776,36.58066
A,26.959184,27,1.0,0.959184,36.77291
A,26.979592,27,1.0,0.979592,36.97783
A,27.0,27,1.0,1.0,37.19597
A,27.0,28,-1.0,0.0,-28.31002
A,27.020408,28,-1.0,0.020408,-29.61561
A,27.040816,28,-1.0,0.040816,-30.62724
A,27.061224,28,-1.0,0.061224,-31.41111
A,27.081633,28,-1.0,0.081633,-32.01854
A,27.102041,28,-1.0,0.102041,-32.48932
A,27.122449,28,-1.0,0.122449,-32.85427
A,27.142857,28,-1.0,0.142857,-33.13733
A,27.163265,28,-1.0,0.163265,-33.35705
A,27.183673,28,-1.0,0.183673,-33.52784
A,27.204082,28,-1.0,0.204082,-33.6609
A,27.22449,28,-1.0,0.22449,-33.76494
A,27.244898,28,-1.0,0.244898,-33.84673
A,27.265306,28,-1.0,0.265306,-33.91158
A,27.285714,28,-1.0,0.285714,-33.96361
A,27.306122,28,-1.0,0.306122,-34.0061
A,27.326531,28,-1.0,0.326531,-34.0416
A,27.346939,28,-1.0,0.346939,-34.07215
A,27.367347,28,-1.0,0.367347,-34.09938
A,27.387755,28,-1.0,0.387755,-34.12461
A,27.408163,28,-1.0,0.408163,-34.14891
A,27.428571,28,-1.0,0.428571,-34.17318
A,27.44898,28,-1.0,0.44898,-34.19816
A,27.469388,28,-1.0,0.469388,-34.2245
A,27.489796,28,-1.0,0.489796,-34.25278
A,27.510204,28,-1.0,0.510204,-34.2835
A,27.530612,28,-1.0,0.530612,-34.31713
A,27.55102,28,-1.0,0.55102,-34.35409
A,27.571429,28,-1.0,0.571429,-34.39481
A,27.591837,28,-1.0,0.591837,-34.43969
A,27.612245,28,-1.0,0.612245,-34.48911
A,27.632653,28,-1.0,0.632653,-34.54346
A,27.653061,28,-1.0,0.653061,-34.60313
A,27.673469,28,-1.0,0.673469,-34.66851
A,27.693878,28,-1.0,0.693878,-34.74
A,27.714286,28,-1.0,0.714286,-34.81799
A,27.734694,28,-1.0,0.734694,-34.90288
A,27.755102,28,-1.0,0.755102,-34.9951
A,27.77551,28,-1.0,0.77551,-35.09507
A,27.795918,28,-1.0,0.795918,-35.20321
A,27.816327,28,-1.0,0.816327,-35.31998
A,27.836735,28,-1.0,0.836735,-35.44582
A,27.857143,28,-1.0,0.857143,-35.5812
A,27.877551,28,-1.0,0.877551,-35.72659
A,27.897959,28,-1.0,0.897959,-35.88248
A,27.918367,28,-1.0,0.918367,-36.04936
A,27.938776,28,-1.0,0.938776,-36.22774
A,27.959184,28,-1.0,0.959184,-36.41814
A,27.979592,28,-1.0,0.979592,-36.62108
A,28.0,28,-1.0,1.0,-36.83711
A,28.0,29,1.0,0.0,28.48175
A,28.020408,29,1.0,0.020408,29.79527
A,28.040816,29,1.0,0.040816,30.81303
A,28.061224,29,1.0,0.061224,31.60166
A,28.081633,29,1.0,0.081633,32.21278
A,28.102041,29,1.0,0.102041,32.6864
A,28.122449,29,1.0,0.122449,33.05357
A,28.142857,29,1.0,0.142857,33.33835
A,28.163265,29,1.0,0.163265,33.5594
A,28.183673,29,1.0,0.183673,33.73123
A,28.204082,29,1.0,0.204082,33.86509
A,28.22449,29,1.0,0.22449,33.96976
A,28.244898,29,1.0,0.244898,34.05205
A,28.265306,29,1.0,0.265306,34.11729
A,28.285714,29,1.0,0.285714,34.16964
A,28.306122,29,1.0,0.306122,34.21239
A,28.326531,29,1.0,0.326531,34.2481
A,28.346939,29,1.0,0.346939,34.27884
A,28.367347,29,1.0,0.367347,34.30624
A,28.387755,29,1.0,0.387755,34.33162
A,28.408163,29,1.0,0.408163,34.35607
A,28.428571,29,1.0,0.428571,34.38048
A,28.44898,29,1.0,0.44898,34.40561
A,28.469388,29,1.0,0.469388,34.43212
A,28.489796,29,1.0,0.489796,34.46057
A,28.510204,29,1.0,0.510204,34.49147
A,28.530612,29,1.0,0.530612,34.5253
A,28.55102,29,1.0,0.55102,34.56249
A,28.571429,29,1.0,0.571429,34.60346
A,28.591837,29,1.0,0.591837,34.6486
A,28.612245,29,1.0,0.612245,34.69832
A,28.632653,29,1.0,0.632653,34.75301
A,28.653061,29,1.0,0.653061,34.81304
A,28.673469,29,1.0,0.673469,34.87882
A,28.693878,29,1.0,0.693878,34.95074
A,28.714286,29,1.0,0.714286,35.0292
A,28.734694,29,1.0,0.734694,35.11461
A,28.755102,29,1.0,0.755102,35.20739
A,28.77551,29,1.0,0.77551,35.30796
A,28.795918,29,1.0,0.795918,35.41676
A,28.816327,29,1.0,0.816327,35.53424
A,28.836735,29,1.0,0.836735,35.66084
A,28.857143,29,1.0,0.857143,35.79704
A,28.877551,29,1.0,0.877551,35.94332
A,28.897959,29,1.0,0.897959,36.10015
A,28.918367,29,1.0,0.918367,36.26805
A,28.938776,29,1.0,0.938776,36.44751
A,28.959184,29,1.0,0.959184,36.63906
A,28.979592,29,1.0,0.979592,36.84323
A,29.0,29,1.0,1.0,37.06057
A,29.0,30,-1.0,0.0,-28.49715
A,29.020408,30,-1.0,0.020408,-29.81137
A,29.040816,30,-1.0,0.040816,-30.82968
A,29.061224,30,-1.0,0.061224,-31.61874
A,29.081633,30,-1.0,0.081633,-32.23018
A,29.102041,30,-1.0,0.102041,-32.70407
A,29.122449,30,-1.0,0.122449,-33.07144
A,29.142857,30,-1.0,0.142857,-33.35636
A,29.163265,30,-1.0,0.163265,-33.57754
A,29.183673,30,-1.0,0.183673,-33.74946
A,29.204082,30,-1.0,0.204082,-33.8834
A,29.22449,30,-1.0,0.22449,-33.98812
A,29.244898,30,-1.0,0.244898,-34.07045
A,29.265306,30,-1.0,0.265306,-34.13573
A,29.285714,30,-1.0,0.285714,-34.18811
A,29.306122,30,-1.0,0.306122,-34.23088
A,29.326531,30,-1.0,0.326531,-34.26661
A,29.346939,30,-1.0,0.346939,-34.29737
A,29.367347,30,-1.0,0.367347,-34.32478
A,29.387755,30,-1.0,0.387755,-34.35017
A,29.408163,30,-1.0,0.408163,-34.37463
A,29.428571,30,-1.0,0.428571,-34.39906
A,29.44898,30,-1.0,0.44898,-34.42421
A,29.469388,30,-1.0,0.469388,-34.45073
A,29.489796,30,-1.0,0.489796,-34.47919
A,29.510204,30,-1.0,0.510204,-34.51011
A,29.530612,30,-1.0,0.530612,-34.54396
A,29.55102,30,-1.0,0.55102,-34.58117
A,29.571429,30,-1.0,0.571429,-34.62216
A,29.591837,30,-1.0,0.591837,-34.66733
A,29.612245,30,-1.0,0.612245,-34.71708
A,29.632653,30,-1.0,0.632653,-34.77179
A,29.653061,30,-1.0,0.653061,-34.83186
A,29.673469,30,-1.0,0.673469,-34.89767
A,29.693878,30,-1.0,0.693878,-34.96963
A,29.714286,30,-1.0,0.714286,-35.04813
A,29.734694,30,-1.0,0.734694,-35.13359
A,29.755102,30,-1.0,0.755102,-35.22642
A,29.77551,30,-1.0,0.77551,-35.32704
A,29.795918,30,-1.0,0.795918,-35.4359
A,29.816327,30,-1.0,0.816327,-35.55344
A,29.836735,30,-1.0,0.836735,-35.68011
A,29.857143,30,-1.0,0.857143,-35.81639
A,29.877551,30,-1.0,0.877551,-35.96274
A,29.897959,30,-1.0,0.897959,-36.11966
A,29.918367,30,-1.0,0.918367,-36.28765
A,29.938776,30,-1.0,0.938776,-36.46721
A,29.959184,30,-1.0,0.959184,-36.65886
A,29.979592,30,-1.0,0.979592,-36.86315
A,30.0,30,-1.0,1.0,-37.0806
A,30.0,31,1.0,0.0,28.20676
A,30.020408,31,1.0,0.020408,29.50759
A,30.040816,31,1.0,0.040816,30.51553
A,30.061224,31,1.0,0.061224,31.29654
A,30.081633,31,1.0,0.081633,31.90176
A,30.102041,31,1.0,0.102041,32.37081
A,30.122449,31,1.0,0.122449,32.73444
A,30.142857,31,1.0,0.142857,33.01646
A,30.163265,31,1.0,0.163265,33.23538
A,30.183673,31,1.0,0.183673,33.40555
A,30.204082,31,1.0,0.204082,33.53812
A,30.22449,31,1.0,0.22449,33.64178
A,30.244898,31,1.0,0.244898,33.72328
A,30.265306,31,1.0,0.265306,33.78788
A,30.285714,31,1.0,0.285714,33.83973
A,30.306122,31,1.0,0.306122,33.88206
A,30.326531,31,1.0,0.326531,33.91744
A,30.346939,31,1.0,0.346939,33.94788
A,30.367347,31,1.0,0.367347,33.97501
A,30.387755,31,1.0,0.387755,34.00014
A,30.408163,31,1.0,0.408163,34.02435
A,30.428571,31,1.0,0.428571,34.04853
A,30.44898,31,1.0,0.44898,34.07342
A,30.469388,31,1.0,0.469388,34.09967
A,30.489796,31,1.0,0.489796,34.12785
A,30.510204,31,1.0,0.510204,34.15845
A,30.530612,31,1.0,0.530612,34.19195
A,30.55102,31,1.0,0.55102,34.22879
A,30.571429,31,1.0,0.571429,34.26936
A,30.591837,31,1.0,0.591837,34.31407
A,30.612245,31,1.0,0.612245,34.36331
A,30.632653,31,1.0,0.632653,34.41746
A,30.653061,31,1.0,0.653061,34.47692
A,30.673469,31,1.0,0.673469,34.54206
A,30.693878,31,1.0,0.693878,34.61329
A,30.714286,31,1.0,0.714286,34.69099
A,30.734694,31,1.0,0.734694,34.77557
A,30.755102,31,1.0,0.755102,34.86746
A,30.77551,31,1.0,0.77551,34.96706
A,30.795918,31,1.0,0.795918,35.07481
A,30.816327,31,1.0,0.816327,35.19115
A,30.836735,31,1.0,0.836735,35.31653
A,30.857143,31,1.0,0.857143,35.45142
A,30.877551,31,1.0,0.877551,35.59628
A,30.897959,31,1.0,0.897959,35.7516
A,30.918367,31,1.0,0.918367,35.91787
A,30.938776,31,1.0,0.938776,36.0956
A,30.959184,31,1.0,0.959184,36.28531
A,30.979592,31,1.0,0.979592,36.48751
A,31.0,31,1.0,1.0,36.70275
A,31.0,32,-1.0,0.0,-28.27178
A,31.020408,32,-1.0,0.020408,-29.5756
A,31.040816,32,-1.0,0.040816,-30.58587
A,31.061224,32,-1.0,0.061224,-31.36868
A,31.081633,32,-1.0,0.081633,-31.97529
A,31.102041,32,-1.0,0.102041,-32.44543
A,31.122449,32,-1.0,0.122449,-32.80989
A,31.142857,32,-1.0,0.142857,-33.09256
A,31.163265,32,-1.0,0.163265,-33.31199
A,31.183673,32,-1.0,0.183673,-33.48255
A,31.204082,32,-1.0,0.204082,-33.61543
A,31.22449,32,-1.0,0.22449,-33.71932
A,31.244898,32,-1.0,0.244898,-33.80101
A,31.265306,32,-1.0,0.265306,-33.86576
A,31.285714,32,-1.0,0.285714,-33.91773
A,31.306122,32,-1.0,0.306122,-33.96016
A,31.326531,32,-1.0,0.326531,-33.99561
A,31.346939,32,-1.0,0.346939,-34.02612
A,31.367347,32,-1.0,0.367347,-34.05332
A,31.387755,32,-1.0,0.387755,-34.07851
A,31.408163,32,-1.0,0.408163,-34.10278
A,31.428571,32,-1.0,0.428571,-34.12701
A,31.44898,32,-1.0,0.44898,-34.15196
A,31.469388,32,-1.0,0.469388,-34.17827
A,31.489796,32,-1.0,0.489796,-34.20651
A,31.510204,32,-1.0,0.510204,-34.23719
A,31.530612,32,-1.0,0.530612,-34.27077
A,31.55102,32,-1.0,0.55102,-34.30768
A,31.571429,32,-1.0,0.571429,-34.34835
A,31.591837,32,-1.0,0.591837,-34.39316
A,31.612245,32,-1.0,0.612245,-34.44251
A,31.632653,32,-1.0,0.632653,-34.49679
A,31.653061,32,-1.0,0.653061,-34.55639
A,31.673469,32,-1.0,0.673469,-34.62168
A,31.693878,32,-1.0,0.693878,-34.69307
A,31.714286,32,-1.0,0.714286,-34.77095
A,31.734694,32,-1.0,0.734694,-34.85573
A,31.755102,32,-1.0,0.755102,-34.94783
A,31.77551,32,-1.0,0.77551,-35.04766
A,31.795918,32,-1.0,0.795918,-35.15565
A,31.816327,32,-1.0,0.816327,-35.27226
A,31.836735,32,-1.0,0.836735,-35.39794
A,31.857143,32,-1.0,0.857143,-35.53313
A,31.877551,32,-1.0,0.877551,-35.67833
A,31.897959,32,-1.0,0.897959,-35.83401
A,31.918367,32,-1.0,0.918367,-36.00066
A,31.938776,32,-1.0,0.938776,-36.1788
A,31.959184,32,-1.0,0.959184,-36.36894
A,31.979592,32,-1.0,0.979592,-36.57161
A,32.0,32,-1.0,1.0,-36.78735
A,32.0,33,1.0,0.0,28.20562
A,32.020408,33,1.0,0.020408,29.5064
A,32.040816,33,1.0,0.040816,30.5143
A,32.061224,33,1.0,0.061224,31.29528
A,32.081633,33,1.0,0.081633,31.90047
A,32.102041,33,1.0,0.102041,32.36951
A,32.122449,33,1.0,0.122449,32.73311
A,32.142857,33,1.0,0.142857,33.01513
A,32.163265,33,1.0,0.163265,33.23404
A,32.183673,33,1.0,0.183673,33.4042
A,32.204082,33,1.0,0.204082,33.53677
A,32.22449,33,1.0,0.22449,33.64042
A,32.244898,33,1.0,0.244898,33.72191
A,32.265306,33,1.0,0.265306,33.78652
A,32.285714,33,1.0,0.285714,33.83837
A,32.306122,33,1.0,0.306122,33.8807
A,32.326531,33,1.0,0.326531,33.91607
A,32.346939,33,1.0,0.346939,33.9465
A,32.367347,33,1.0,0.367347,33.97364
A,32.387755,33,1.0,0.387755,33.99877
A,32.408163,33,1.0,0.408163,34.02298
A,32.428571,33,1.0,0.428571,34.04716
A,32.44898,33,1.0,0.44898,34.07205
A,32.469388,33,1.0,0.469388,34.09829
A,32.489796,33,1.0,0.489796,34.12647
A,32.510204,33,1.0,0.510204,34.15707
A,32.530612,33,1.0,0.530612,34.19057
A,32.55102,33,1.0,0.55102,34.2274
A,32.571429,33,1.0,0.571429,34.26797
A,32.591837,33,1.0,0.591837,34.31268
A,32.612245,33,1.0,0.612245,34.36192
A,32.632653,33,1.0,0.632653,34.41607
A,32.653061,33,1.0,0.653061,34.47553
A,32.673469,33,1.0,0.673469,34.54067
A,32.693878,33,1.0,0.693878,34.61189
A,32.714286,33,1.0,0.714286,34.68959
A,32.734694,33,1.0,0.734694,34.77417
A,32.755102,33,1.0,0.755102,34.86605
A,32.77551,33,1.0,0.77551,34.96565
A,32.795918,33,1.0,0.795918,35.07339
A,32.816327,33,1.0,0.816327,35.18973
A,32.836735,33,1.0,0.836735,35.31511
A,32.857143,33,1.0,0.857143,35.44999
A,32.877551,33,1.0,0.877551,35.59484
A,32.897959,33,1.0,0.897959,35.75016
A,32.918367,33,1.0,0.918367,35.91642
A,32.938776,33,1.0,0.938776,36.09415
A,32.959184,33,1.0,0.959184,36.28384
A,32.979592,33,1.0,0.979592,36.48604
A,33.0,33,1.0,1.0,36.70127
A,33.0,34,-1.0,0.0,-28.21422
A,33.020408,34,-1.0,0.020408,-29.51539
A,33.040816,34,-1.0,0.040816,-30.5236
A,33.061224,34,-1.0,0.061224,-31.30482
A,33.081633,34,-1.0,0.081633,-31.9102
A,33.102041,34,-1.0,0.102041,-32.37937
A,33.122449,34,-1.0,0.122449,-32.74309
A,33.142857,34,-1.0,0.142857,-33.02519
A,33.163265,34,-1.0,0.163265,-33.24417
A,33.183673,34,-1.0,0.183673,-33.41438
A,33.204082,34,-1.0,0.204082,-33.54699
A,33.22449,34,-1.0,0.22449,-33.65068
A,33.244898,34,-1.0,0.244898,-33.73219
A,33.265306,34,-1.0,0.265306,-33.79682
A,33.285714,34,-1.0,0.285714,-33.84868
A,33.306122,34,-1.0,0.306122,-33.89103
A,33.326531,34,-1.0,0.326531,-33.92641
A,33.346939,34,-1.0,0.346939,-33.95685
A,33.367347,34,-1.0,0.367347,-33.98399
A,33.387755,34,-1.0,0.387755,-34.00914
A,33.408163,34,-1.0,0.408163,-34.03335
A,33.428571,34,-1.0,0.428571,-34.05754
A,33.44898,34,-1.0,0.44898,-34.08243
A,33.469388,34,-1.0,0.469388,-34.10869
A,33.489796,34,-1.0,0.489796,-34.13687
A,33.510204,34,-1.0,0.510204,-34.16749
A,33.530612,34,-1.0,0.530612,-34.201
A,33.55102,34,-1.0,0.55102,-34.23784
A,33.571429,34,-1.0,0.571429,-34.27842
A,33.591837,34,-1.0,0.591837,-34.32314
A,33.612245,34,-1.0,0.612245,-34.3724
A,33.632653,34,-1.0,0.632653,-34.42657
A,33.653061,34,-1.0,0.653061,-34.48604
A,33.673469,34,-1.0,0.673469,-34.5512
A,33.693878,34,-1.0,0.693878,-34.62244
A,33.714286,34,-1.0,0.714286,-34.70016
A,33.734694,34,-1.0,0.734694,-34.78477
A,33.755102,34,-1.0,0.755102,-34.87668
A,33.77551,34,-1.0,0.77551,-34.97631
A,33.795918,34,-1.0,0.795918,-35.08409
A,33.816327,34,-1.0,0.816327,-35.20046
A,33.836735,34,-1.0,0.836735,-35.32587
A,33.857143,34,-1.0,0.857143,-35.4608
A,33.877551,34,-1.0,0.877551,-35.6057
A,33.897959,34,-1.0,0.897959,-35.76106
A,33.918367,34,-1.0,0.918367,-35.92737
A,33.938776,34,-1.0,0.938776,-36.10515
A,33.959184,34,-1.0,0.959184,-36.2949
A,33.979592,34,-1.0,0.979592,-36.49716
A,34.0,34,-1.0,1.0,-36.71246
A,34.0,35,1.0,0.0,28.54851
A,34.020408,35,1.0,0.020408,29.8651
A,34.040816,35,1.0,0.040816,30.88526
A,34.061224,35,1.0,0.061224,31.67573
A,34.081633,35,1.0,0.081633,32.28828
A,34.102041,35,1.0,0.102041,32.76302
A,34.122449,35,1.0,0.122449,33.13105
A,34.142857,35,1.0,0.142857,33.41649
A,34.163265,35,1.0,0.163265,33.63806
A,34.183673,35,1.0,0.183673,33.81029
A,34.204082,35,1.0,0.204082,33.94447
A,34.22449,35,1.0,0.22449,34.04939
A,34.244898,35,1.0,0.244898,34.13187
A,34.265306,35,1.0,0.265306,34.19726
A,34.285714,35,1.0,0.285714,34.24974
A,34.306122,35,1.0,0.306122,34.29258
A,34.326531,35,1.0,0.326531,34.32838
A,34.346939,35,1.0,0.346939,34.35919
A,34.367347,35,1.0,0.367347,34.38665
A,34.387755,35,1.0,0.387755,34.41209
A,34.408163,35,1.0,0.408163,34.4366
A,34.428571,35,1.0,0.428571,34.46106
A,34.44898,35,1.0,0.44898,34.48626
A,34.469388,35,1.0,0.469388,34.51282
A,34.489796,35,1.0,0.489796,34.54134
A,34.510204,35,1.0,0.510204,34.57232
A,34.530612,35,1.0,0.530612,34.60623
A,34.55102,35,1.0,0.55102,34.6435
A,34.571429,35,1.0,0.571429,34.68457
A,34.591837,35,1.0,0.591837,34.72982
A,34.612245,35,1.0,0.612245,34.77966
A,34.632653,35,1.0,0.632653,34.83447
A,34.653061,35,1.0,0.653061,34.89464
A,34.673469,35,1.0,0.673469,34.96058
A,34.693878,35,1.0,0.693878,35.03266
A,34.714286,35,1.0,0.714286,35.11131
A,34.734694,35,1.0,0.734694,35.19692
A,34.755102,35,1.0,0.755102,35.28991
A,34.77551,35,1.0,0.77551,35.39072
A,34.795918,35,1.0,0.795918,35.49978
A,34.816327,35,1.0,0.816327,35.61753
A,34.836735,35,1.0,0.836735,35.74443
A,34.857143,35,1.0,0.857143,35.88095
A,34.877551,35,1.0,0.877551,36.02757
A,34.897959,35,1.0,0.897959,36.18477
A,34.918367,35,1.0,0.918367,36.35306
A,34.938776,35,1.0,0.938776,36.53294
A,34.959184,35,1.0,0.959184,36.72494
A,34.979592,35,1.0,0.979592,36.92959
A,35.0,35,1.0,1.0,37.14744
A,35.0,36,-1.0,0.0,-28.46849
A,35.020408,36,-1.0,0.020408,-29.78139
A,35.040816,36,-1.0,0.040816,-30.79868
A,35.061224,36,-1.0,0.061224,-31.58694
A,35.081633,36,-1.0,0.081633,-32.19777
A,35.102041,36,-1.0,0.102041,-32.67118
A,35.122449,36,-1.0,0.122449,-33.03817
A,35.142857,36,-1.0,0.142857,-33.32282
A,35.163265,36,-1.0,0.163265,-33.54377
A,35.183673,36,-1.0,0.183673,-33.71551
A,35.204082,36,-1.0,0.204082,-33.84932
A,35.22449,36,-1.0,0.22449,-33.95394
A,35.244898,36,-1.0,0.244898,-34.03619
A,35.265306,36,-1.0,0.265306,-34.1014
A,35.285714,36,-1.0,0.285714,-34.15373
A,35.306122,36,-1.0,0.306122,-34.19645
A,35.326531,36,-1.0,0.326531,-34.23215
A,35.346939,36,-1.0,0.346939,-34.26287
A,35.367347,36,-1.0,0.367347,-34.29026
A,35.387755,36,-1.0,0.387755,-34.31563
A,35.408163,36,-1.0,0.408163,-34.34006
A,35.428571,36,-1.0,0.428571,-34.36446
A,35.44898,36,-1.0,0.44898,-34.38958
A,35.469388,36,-1.0,0.469388,-34.41608
A,35.489796,36,-1.0,0.489796,-34.44451
A,35.510204,36,-1.0,0.510204,-34.4754
A,35.530612,36,-1.0,0.530612,-34.50922
A,35.55102,36,-1.0,0.55102,-34.54639
A,35.571429,36,-1.0,0.571429,-34.58734
A,35.591837,36,-1.0,0.591837,-34.63246
A,35.612245,36,-1.0,0.612245,-34.68216
A,35.632653,36,-1.0,0.632653,-34.73682
A,35.653061,36,-1.0,0.653061,-34.79682
A,35.673469,36,-1.0,0.673469,-34.86257
A,35.693878,36,-1.0,0.693878,-34.93446
A,35.714286,36,-1.0,0.714286,-35.01288
A,35.734694,36,-1.0,0.734694,-35.09825
A,35.755102,36,-1.0,0.755102,-35.19099
A,35.77551,36,-1.0,0.77551,-35.29151
A,35.795918,36,-1.0,0.795918,-35.40026
A,35.816327,36,-1.0,0.816327,-35.51768
A,35.836735,36,-1.0,0.836735,-35.64423
A,35.857143,36,-1.0,0.857143,-35.78037
A,35.877551,36,-1.0,0.877551,-35.92657
A,35.897959,36,-1.0,0.897959,-36.08334
A,35.918367,36,-1.0,0.918367,-36.25115
A,35.938776,36,-1.0,0.938776,-36.43053
A,35.959184,36,-1.0,0.959184,-36.62199
A,35.979592,36,-1.0,0.979592,-36.82607
A,36.0,36,-1.0,1.0,-37.04331
A,36.0,37,1.0,0.0,28.63843
A,36.020408,37,1.0,0.020408,29.95917
A,36.040816,37,1.0,0.040816,30.98253
A,36.061224,37,1.0,0.061224,31.7755
A,36.081633,37,1.0,0.081633,32.38998
A,36.102041,37,1.0,0.102041,32.86621
A,36.122449,37,1.0,0.122449,33.2354
A,36.142857,37,1.0,0.142857,33.52174
A,36.163265,37,1.0,0.163265,33.74401
A,36.183673,37,1.0,0.183673,33.91678
A,36.204082,37,1.0,0.204082,34.05139
A,36.22449,37,1.0,0.22449,34.15663
A,36.244898,37,1.0,0.244898,34.23937
A,36.265306,37,1.0,0.265306,34.30497
A,36.285714,37,1.0,0.285714,34.35761
A,36.306122,37,1.0,0.306122,34.40059
A,36.326531,37,1.0,0.326531,34.4365
A,36.346939,37,1.0,0.346939,34.46741
A,36.367347,37,1.0,0.367347,34.49496
A,36.387755,37,1.0,0.387755,34.52048
A,36.408163,37,1.0,0.408163,34.54506
A,36.428571,37,1.0,0.428571,34.5696
A,36.44898,37,1.0,0.44898,34.59488
A,36.469388,37,1.0,0.469388,34.62153
A,36.489796,37,1.0,0.489796,34.65013
A,36.510204,37,1.0,0.510204,34.68121
A,36.530612,37,1.0,0.530612,34.71522
A,36.55102,37,1.0,0.55102,34.75262
A,36.571429,37,1.0,0.571429,34.79381
A,36.591837,37,1.0,0.591837,34.83921
A,36.612245,37,1.0,0.612245,34.8892
A,36.632653,37,1.0,0.632653,34.94418
A,36.653061,37,1.0,0.653061,35.00455
A,36.673469,37,1.0,0.673469,35.07069
A,36.693878,37,1.0,0.693878,35.143
A,36.714286,37,1.0,0.714286,35.22189
A,36.734694,37,1.0,0.734694,35.30777
A,36.755102,37,1.0,0.755102,35.40106
A,36.77551,37,1.0,0.77551,35.50219
A,36.795918,37,1.0,0.795918,35.61159
A,36.816327,37,1.0,0.816327,35.72971
A,36.836735,37,1.0,0.836735,35.85701
A,36.857143,37,1.0,0.857143,35.99396
A,36.877551,37,1.0,0.877551,36.14104
A,36.897959,37,1.0,0.897959,36.29874
A,36.918367,37,1.0,0.918367,36.46756
A,36.938776,37,1.0,0.938776,36.64801
A,36.959184,37,1.0,0.959184,36.84061
A,36.979592,37,1.0,0.979592,37.04591
A,37.0,37,1.0,1.0,37.26444
A,37.0,38,-1.0,0.0,-28.77922
A,37.020408,38,-1.0,0.020408,-30.10645
A,37.040816,38,-1.0,0.040816,-31.13485
A,37.061224,38,-1.0,0.061224,-31.93171
A,37.081633,38,-1.0,0.081633,-32.54921
A,37.102041,38,-1.0,0.102041,-33.02778
A,37.122449,38,-1.0,0.122449,-33.39879
A,37.142857,38,-1.0,0.142857,-33.68654
A,37.163265,38,-1.0,0.163265,-33.9099
A,37.183673,38,-1.0,0.183673,-34.08352
A,37.204082,38,-1.0,0.204082,-34.21879
A,37.22449,38,-1.0,0.22449,-34.32455
A,37.244898,38,-1.0,0.244898,-34.40769
A,37.265306,38,-1.0,0.265306,-34.47361
A,37.285714,38,-1.0,0.285714,-34.52652
A,37.306122,38,-1.0,0.306122,-34.56971
A,37.326531,38,-1.0,0.326531,-34.6058
A,37.346939,38,-1.0,0.346939,-34.63685
A,37.367347,38,-1.0,0.367347,-34.66454
A,37.387755,38,-1.0,0.387755,-34.69018
A,37.408163,38,-1.0,0.408163,-34.71488
A,37.428571,38,-1.0,0.428571,-34.73955
A,37.44898,38,-1.0,0.44898,-34.76495
A,37.469388,38,-1.0,0.469388,-34.79173
A,37.489796,38,-1.0,0.489796,-34.82048
A,37.510204,38,-1.0,0.510204,-34.8517
A,37.530612,38,-1.0,0.530612,-34.88589
A,37.55102,38,-1.0,0.55102,-34.92346
A,37.571429,38,-1.0,0.571429,-34.96486
A,37.591837,38,-1.0,0.591837,-35.01048
A,37.612245,38,-1.0,0.612245,-35.06072
A,37.632653,38,-1.0,0.632653,-35.11597
A,37.653061,38,-1.0,0.653061,-35.17663
A,37.673469,38,-1.0,0.673469,-35.2431
A,37.693878,38,-1.0,0.693878,-35.31577
A,37.714286,38,-1.0,0.714286,-35.39505
A,37.734694,38,-1.0,0.734694,-35.48135
A,37.755102,38,-1.0,0.755102,-35.5751
A,37.77551,38,-1.0,0.77551,-35.67672
A,37.795918,38,-1.0,0.795918,-35.78666
A,37.816327,38,-1.0,0.816327,-35.90536
A,37.836735,38,-1.0,0.836735,-36.03329
A,37.857143,38,-1.0,0.857143,-36.17091
A,37.877551,38,-1.0,0.877551,-36.31871
A,37.897959,38,-1.0,0.897959,-36.47719
A,37.918367,38,-1.0,0.918367,-36.64683
A,37.938776,38,-1.0,0.938776,-36.82817
A,37.959184,38,-1.0,0.959184,-37.02172
A,37.979592,38,-1.0,0.979592,-37.22803
A,38.0,38,-1.0,1.0,-37.44764
A,38.0,39,1.0,0.0,28.64734
A,38.020408,39,1.0,0.020408,29.96849
A,38.040816,39,1.0,0.040816,30.99217
A,38.061224,39,1.0,0.061224,31.78538
A,38.081633,39,1.0,0.081633,32.40005
A,38.102041,39,1.0,0.102041,32.87643
A,38.122449,39,1.0,0.122449,33.24574
A,38.142857,39,1.0,0.142857,33.53217
A,38.163265,39,1.0,0.163265,33.7545
A,38.183673,39,1.0,0.183673,33.92733
A,38.204082,39,1.0,0.204082,34.06198
A,38.22449,39,1.0,0.22449,34.16725
A,38.244898,39,1.0,0.244898,34.25002
A,38.265306,39,1.0,0.265306,34.31564
A,38.285714,39,1.0,0.285714,34.3683
A,38.306122,39,1.0,0.306122,34.41129
A,38.326531,39,1.0,0.326531,34.44721
A,38.346939,39,1.0,0.346939,34.47813
A,38.367347,39,1.0,0.367347,34.50568
A,38.387755,39,1.0,0.387755,34.53121
A,38.408163,39,1.0,0.408163,34.5558
A,38.428571,39,1.0,0.428571,34.58036
A,38.44898,39,1.0,0.44898,34.60564
A,38.469388,39,1.0,0.469388,34.6323
A,38.489796,39,1.0,0.489796,34.66091
A,38.510204,39,1.0,0.510204,34.692
A,38.530612,39,1.0,0.530612,34.72602
A,38.55102,39,1.0,0.55102,34.76343
A,38.571429,39,1.0,0.571429,34.80463
A,38.591837,39,1.0,0.591837,34.85004
A,38.612245,39,1.0,0.612245,34.90005
A,38.632653,39,1.0,0.632653,34.95505
A,38.653061,39,1.0,0.653061,35.01544
A,38.673469,39,1.0,0.673469,35.0816
A,38.693878,39,1.0,0.693878,35.15393
A,38.714286,39,1.0,0.714286,35.23285
A,38.734694,39,1.0,0.734694,35.31876
A,38.755102,39,1.0,0.755102,35.41207
A,38.77551,39,1.0,0.77551,35.51323
A,38.795918,39,1.0,0.795918,35.62266
A,38.816327,39,1.0,0.816327,35.74082
A,38.836735,39,1.0,0.836735,35.86816
A,38.857143,39,1.0,0.857143,36.00516
A,38.877551,39,1.0,0.877551,36.15228
A,38.897959,39,1.0,0.897959,36.31003
A,38.918367,39,1.0,0.918367,36.4789
A,38.938776,39,1.0,0.938776,36.6594
A,38.959184,39,1.0,0.959184,36.85207
A,38.979592,39,1.0,0.979592,37.05743
A,39.0,39,1.0,1.0,37.27603
A,39.0,40,-1.0,0.0,-28.65044
A,39.020408,40,-1.0,0.020408,-29.97173
A,39.040816,40,-1.0,0.040816,-30.99553
A,39.061224,40,-1.0,0.061224,-31.78882
A,39.081633,40,-1.0,0.081633,-32.40356
A,39.102041,40,-1.0,0.102041,-32.87999
A,39.122449,40,-1.0,0.122449,-33.24934
A,39.142857,40,-1.0,0.142857,-33.5358
A,39.163265,40,-1.0,0.163265,-33.75816
A,39.183673,40,-1.0,0.183673,-33.93101
A,39.204082,40,-1.0,0.204082,-34.06567
A,39.22449,40,-1.0,0.22449,-34.17095
A,39.244898,40,-1.0,0.244898,-34.25373
A,39.265306,40,-1.0,0.265306,-34.31935
A,39.285714,40,-1.0,0.285714,-34.37202
A,39.306122,40,-1.0,0.306122,-34.41502
A,39.326531,40,-1.0,0.326531,-34.45094
A,39.346939,40,-1.0,0.346939,-34.48186
A,39.367347,40,-1.0,0.367347,-34.50942
A,39.387755,40,-1.0,0.387755,-34.53495
A,39.408163,40,-1.0,0.408163,-34.55954
A,39.428571,40,-1.0,0.428571,-34.5841
A,39.44898,40,-1.0,0.44898,-34.60938
A,39.469388,40,-1.0,0.469388,-34.63605
A,39.489796,40,-1.0,0.489796,-34.66466
A,39.510204,40,-1.0,0.510204,-34.69575
A,39.530612,40,-1.0,0.530612,-34.72978
A,39.55102,40,-1.0,0.55102,-34.76719
A,39.571429,40,-1.0,0.571429,-34.8084
A,39.591837,40,-1.0,0.591837,-34.85382
A,39.612245,40,-1.0,0.612245,-34.90383
A,39.632653,40,-1.0,0.632653,-34.95884
A,39.653061,40,-1.0,0.653061,-35.01923
A,39.673469,40,-1.0,0.673469,-35.0854
A,39.693878,40,-1.0,0.693878,-35.15774
A,39.714286,40,-1.0,0.714286,-35.23666
A,39.734694,40,-1.0,0.734694,-35.32258
A,39.755102,40,-1.0,0.755102,-35.41591
A,39.77551,40,-1.0,0.77551,-35.51708
A,39.795918,40,-1.0,0.795918,-35.62652
A,39.816327,40,-1.0,0.816327,-35.74469
A,39.836735,40,-1.0,0.836735,-35.87205
A,39.857143,40,-1.0,0.857143,-36.00906
A,39.877551,40,-1.0,0.877551,-36.1562
A,39.897959,40,-1.0,0.897959,-36.31396
A,39.918367,40,-1.0,0.918367,-36.48285
A,39.938776,40,-1.0,0.938776,-36.66337
A,39.959184,40,-1.0,0.959184,-36.85606
A,39.979592,40,-1.0,0.979592,-37.06144
A,40.0,40,-1.0,1.0,-37.28007
A,40.0,41,1.0,0.0,28.30633
A,40.020408,41,1.0,0.020408,29.61175
A,40.040816,41,1.0,0.040816,30.62324
A,40.061224,41,1.0,0.061224,31.40701
A,40.081633,41,1.0,0.081633,32.01437
A,40.102041,41,1.0,0.102041,32.48508
A,40.122449,41,1.0,0.122449,32.84998
A,40.142857,41,1.0,0.142857,33.133
A,40.163265,41,1.0,0.163265,33.3527
A,40.183673,41,1.0,0.183673,33.52347
A,40.204082,41,1.0,0.204082,33.65651
A,40.22449,41,1.0,0.22449,33.76053
A,40.244898,41,1.0,0.244898,33.84231
A,40.265306,41,1.0,0.265306,33.90715
A,40.285714,41,1.0,0.285714,33.95918
A,40.306122,41,1.0,0.306122,34.00166
A,40.326531,41,1.0,0.326531,34.03716
A,40.346939,41,1.0,0.346939,34.06771
A,40.367347,41,1.0,0.367347,34.09493
A,40.387755,41,1.0,0.387755,34.12016
A,40.408163,41,1.0,0.408163,34.14446
A,40.428571,41,1.0,0.428571,34.16872
A,40.44898,41,1.0,0.44898,34.1937
A,40.469388,41,1.0,0.469388,34.22004
A,40.489796,41,1.0,0.489796,34.24831
A,40.510204,41,1.0,0.510204,34.27903
A,40.530612,41,1.0,0.530612,34.31265
A,40.55102,41,1.0,0.55102,34.34961
A,40.571429,41,1.0,0.571429,34.39032
A,40.591837,41,1.0,0.591837,34.43519
A,40.612245,41,1.0,0.612245,34.48461
A,40.632653,41,1.0,0.632653,34.53895
A,40.653061,41,1.0,0.653061,34.59862
A,40.673469,41,1.0,0.673469,34.66399
A,40.693878,41,1.0,0.693878,34.73547
A,40.714286,41,1.0,0.714286,34.81344
A,40.734694,41,1.0,0.734694,34.89833
A,40.755102,41,1.0,0.755102,34.99053
A,40.77551,41,1.0,0.77551,35.09049
A,40.795918,41,1.0,0.795918,35.19862
A,40.816327,41,1.0,0.816327,35.31537
A,40.836735,41,1.0,0.836735,35.44119
A,40.857143,41,1.0,0.857143,35.57656
A,40.877551,41,1.0,0.877551,35.72193
A,40.897959,41,1.0,0.897959,35.8778
A,40.918367,41,1.0,0.918367,36.04466
A,40.938776,41,1.0,0.938776,36.22302
A,40.959184,41,1.0,0.959184,36.41339
A,40.979592,41,1.0,0.979592,36.61631
A,41.0,41,1.0,1.0,36.83231
A,41.0,42,-1.0,0.0,-28.58445
A,41.020408,42,-1.0,0.020408,-29.9027
A,41.040816,42,-1.0,0.040816,-30.92413
A,41.061224,42,-1.0,0.061224,-31.7156
A,41.081633,42,-1.0,0.081633,-32.32893
A,41.102041,42,-1.0,0.102041,-32.80426
A,41.122449,42,-1.0,0.122449,-33.17275
A,41.142857,42,-1.0,0.142857,-33.45855
A,41.163265,42,-1.0,0.163265,-33.6804
A,41.183673,42,-1.0,0.183673,-33.85285
A,41.204082,42,-1.0,0.204082,-33.9872
A,41.22449,42,-1.0,0.22449,-34.09225
A,41.244898,42,-1.0,0.244898,-34.17483
A,41.265306,42,-1.0,0.265306,-34.24031
A,41.285714,42,-1.0,0.285714,-34.29285
A,41.306122,42,-1.0,0.306122,-34.33575
A,41.326531,42,-1.0,0.326531,-34.37159
A,41.346939,42,-1.0,0.346939,-34.40244
A,41.367347,42,-1.0,0.367347,-34.42994
A,41.387755,42,-1.0,0.387755,-34.45541
A,41.408163,42,-1.0,0.408163,-34.47994
A,41.428571,42,-1.0,0.428571,-34.50444
A,41.44898,42,-1.0,0.44898,-34.52967
A,41.469388,42,-1.0,0.469388,-34.55627
A,41.489796,42,-1.0,0.489796,-34.58482
A,41.510204,42,-1.0,0.510204,-34.61584
A,41.530612,42,-1.0,0.530612,-34.64979
A,41.55102,42,-1.0,0.55102,-34.68711
A,41.571429,42,-1.0,0.571429,-34.72823
A,41.591837,42,-1.0,0.591837,-34.77354
A,41.612245,42,-1.0,0.612245,-34.82344
A,41.632653,42,-1.0,0.632653,-34.87832
A,41.653061,42,-1.0,0.653061,-34.93857
A,41.673469,42,-1.0,0.673469,-35.00458
A,41.693878,42,-1.0,0.693878,-35.07676
A,41.714286,42,-1.0,0.714286,-35.1555
A,41.734694,42,-1.0,0.734694,-35.24122
A,41.755102,42,-1.0,0.755102,-35.33433
A,41.77551,42,-1.0,0.77551,-35.43527
A,41.795918,42,-1.0,0.795918,-35.54446
A,41.816327,42,-1.0,0.816327,-35.66236
A,41.836735,42,-1.0,0.836735,-35.78942
A,41.857143,42,-1.0,0.857143,-35.92612
A,41.877551,42,-1.0,0.877551,-36.07292
A,41.897959,42,-1.0,0.897959,-36.23032
A,41.918367,42,-1.0,0.918367,-36.39882
A,41.938776,42,-1.0,0.938776,-36.57893
A,41.959184,42,-1.0,0.959184,-36.77117
A,41.979592,42,-1.0,0.979592,-36.97608
A,42.0,42,-1.0,1.0,-37.1942
A,42.0,43,1.0,0.0,28.49987
A,42.020408,43,1.0,0.020408,29.81422
A,42.040816,43,1.0,0.040816,30.83263
A,42.061224,43,1.0,0.061224,31.62176
A,42.081633,43,1.0,0.081633,32.23327
A,42.102041,43,1.0,0.102041,32.7072
A,42.122449,43,1.0,0.122449,33.0746
A,42.142857,43,1.0,0.142857,33.35956
A,42.163265,43,1.0,0.163265,33.58075
A,42.183673,43,1.0,0.183673,33.75269
A,42.204082,43,1.0,0.204082,33.88664
A,42.22449,43,1.0,0.22449,33.99137
A,42.244898,43,1.0,0.244898,34.07372
A,42.265306,43,1.0,0.265306,34.139
A,42.285714,43,1.0,0.285714,34.19138
A,42.306122,43,1.0,0.306122,34.23416
A,42.326531,43,1.0,0.326531,34.26989
A,42.346939,43,1.0,0.346939,34.30065
A,42.367347,43,1.0,0.367347,34.32806
A,42.387755,43,1.0,0.387755,34.35346
A,42.408163,43,1.0,0.408163,34.37792
A,42.428571,43,1.0,0.428571,34.40235
A,42.44898,43,1.0,0.44898,34.4275
A,42.469388,43,1.0,0.469388,34.45402
A,42.489796,43,1.0,0.489796,34.48249
A,42.510204,43,1.0,0.510204,34.51342
A,42.530612,43,1.0,0.530612,34.54727
A,42.55102,43,1.0,0.55102,34.58448
A,42.571429,43,1.0,0.571429,34.62547
A,42.591837,43,1.0,0.591837,34.67065
A,42.612245,43,1.0,0.612245,34.7204
A,42.632653,43,1.0,0.632653,34.77512
A,42.653061,43,1.0,0.653061,34.83519
A,42.673469,43,1.0,0.673469,34.90101
A,42.693878,43,1.0,0.693878,34.97298
A,42.714286,43,1.0,0.714286,35.05149
A,42.734694,43,1.0,0.734694,35.13695
A,42.755102,43,1.0,0.755102,35.22979
A,42.77551,43,1.0,0.77551,35.33042
A,42.795918,43,1.0,0.795918,35.43929
A,42.816327,43,1.0,0.816327,35.55684
A,42.836735,43,1.0,0.836735,35.68353
A,42.857143,43,1.0,0.857143,35.81982
A,42.877551,43,1.0,0.877551,35.96619
A,42.897959,43,1.0,0.897959,36.12312
A,42.918367,43,1.0,0.918367,36.29112
A,42.938776,43,1.0,0.938776,36.4707
A,42.959184,43,1.0,0.959184,36.66237
A,42.979592,43,1.0,0.979592,36.86668
A,43.0,43,1.0,1.0,37.08415
A,43.0,44,-1.0,0.0,-27.99607
A,43.020408,44,-1.0,0.020408,-29.28718
A,43.040816,44,-1.0,0.040816,-30.28759
A,43.061224,44,-1.0,0.061224,-31.06277
A,43.081633,44,-1.0,0.081633,-31.66347
A,43.102041,44,-1.0,0.102041,-32.12902
A,43.122449,44,-1.0,0.122449,-32.48992
A,43.142857,44,-1.0,0.142857,-32.76984
A,43.163265,44,-1.0,0.163265,-32.98713
A,43.183673,44,-1.0,0.183673,-33.15602
A,43.204082,44,-1.0,0.204082,-33.28761
A,43.22449,44,-1.0,0.22449,-33.39049
A,43.244898,44,-1.0,0.244898,-33.47138
A,43.265306,44,-1.0,0.265306,-33.5355
A,43.285714,44,-1.0,0.285714,-33.58697
A,43.306122,44,-1.0,0.306122,-33.62898
A,43.326531,44,-1.0,0.326531,-33.66409
A,43.346939,44,-1.0,0.346939,-33.6943
A,43.367347,44,-1.0,0.367347,-33.72123
A,43.387755,44,-1.0,0.387755,-33.74618
A,43.408163,44,-1.0,0.408163,-33.77021
A,43.428571,44,-1.0,0.428571,-33.7942
A,43.44898,44,-1.0,0.44898,-33.81891
A,43.469388,44,-1.0,0.469388,-33.84496
A,43.489796,44,-1.0,0.489796,-33.87293
A,43.510204,44,-1.0,0.510204,-33.9033
A,43.530612,44,-1.0,0.530612,-33.93656
A,43.55102,44,-1.0,0.55102,-33.97311
A,43.571429,44,-1.0,0.571429,-34.01338
A,43.591837,44,-1.0,0.591837,-34.05776
A,43.612245,44,-1.0,0.612245,-34.10663
A,43.632653,44,-1.0,0.632653,-34.16038
A,43.653061,44,-1.0,0.653061,-34.21939
A,43.673469,44,-1.0,0.673469,-34.28405
A,43.693878,44,-1.0,0.693878,-34.35474
A,43.714286,44,-1.0,0.714286,-34.43186
A,43.734694,44,-1.0,0.734694,-34.51582
A,43.755102,44,-1.0,0.755102,-34.60701
A,43.77551,44,-1.0,0.77551,-34.70587
A,43.795918,44,-1.0,0.795918,-34.81282
A,43.816327,44,-1.0,0.816327,-34.92829
A,43.836735,44,-1.0,0.836735,-35.05273
A,43.857143,44,-1.0,0.857143,-35.18661
A,43.877551,44,-1.0,0.877551,-35.33039
A,43.897959,44,-1.0,0.897959,-35.48455
A,43.918367,44,-1.0,0.918367,-35.64958
A,43.938776,44,-1.0,0.938776,-35.82599
A,43.959184,44,-1.0,0.959184,-36.01427
A,43.979592,44,-1.0,0.979592,-36.21496
A,44.0,44,-1.0,1.0,-36.4286
A,44.0,45,1.0,0.0,27.93903
A,44.020408,45,1.0,0.020408,29.22752
A,44.040816,45,1.0,0.040816,30.22589
A,44.061224,45,1.0,0.061224,30.99949
A,44.081633,45,1.0,0.081633,31.59896
A,44.102041,45,1.0,0.102041,32.06356
A,44.122449,45,1.0,0.122449,32.42374
A,44.142857,45,1.0,0.142857,32.70308
A,44.163265,45,1.0,0.163265,32.91992
A,44.183673,45,1.0,0.183673,33.08848
A,44.204082,45,1.0,0.204082,33.2198
A,44.22449,45,1.0,0.22449,33.32247
A,44.244898,45,1.0,0.244898,33.40319
A,44.265306,45,1.0,0.265306,33.46718
A,44.285714,45,1.0,0.285714,33.51854
A,44.306122,45,1.0,0.306122,33.56047
A,44.326531,45,1.0,0.326531,33.59551
A,44.346939,45,1.0,0.346939,33.62566
A,44.367347,45,1.0,0.367347,33.65253
A,44.387755,45,1.0,0.387755,33.67743
A,44.408163,45,1.0,0.408163,33.70141
A,44.428571,45,1.0,0.428571,33.72536
A,44.44898,45,1.0,0.44898,33.75001
A,44.469388,45,1.0,0.469388,33.77601
A,44.489796,45,1.0,0.489796,33.80392
A,44.510204,45,1.0,0.510204,33.83424
A,44.530612,45,1.0,0.530612,33.86742
A,44.55102,45,1.0,0.55102,33.9039
A,44.571429,45,1.0,0.571429,33.94409
A,44.591837,45,1.0,0.591837,33.98838
A,44.612245,45,1.0,0.612245,34.03715
A,44.632653,45,1.0,0.632653,34.09079
A,44.653061,45,1.0,0.653061,34.14968
A,44.673469,45,1.0,0.673469,34.2142
A,44.693878,45,1.0,0.693878,34.28475
A,44.714286,45,1.0,0.714286,34.36172
A,44.734694,45,1.0,0.734694,34.4455
A,44.755102,45,1.0,0.755102,34.53651
A,44.77551,45,1.0,0.77551,34.63517
A,44.795918,45,1.0,0.795918,34.74189
A,44.816327,45,1.0,0.816327,34.85713
A,44.836735,45,1.0,0.836735,34.98132
A,44.857143,45,1.0,0.857143,35.11493
A,44.877551,45,1.0,0.877551,35.25842
A,44.897959,45,1.0,0.897959,35.41226
A,44.918367,45,1.0,0.918367,35.57696
A,44.938776,45,1.0,0.938776,35.753
A,44.959184,45,1.0,0.959184,35.9409
A,44.979592,45,1.0,0.979592,36.14119
A,45.0,45,1.0,1.0,36.35438
A,45.0,46,-1.0,0.0,-28.48868
A,45.020408,46,-1.0,0.020408,-29.80251
A,45.040816,46,-1.0,0.040816,-30.82052
A,45.061224,46,-1.0,0.061224,-31.60934
A,45.081633,46,-1.0,0.081633,-32.22061
A,45.102041,46,-1.0,0.102041,-32.69435
A,45.122449,46,-1.0,0.122449,-33.06161
A,45.142857,46,-1.0,0.142857,-33.34645
A,45.163265,46,-1.0,0.163265,-33.56756
A,45.183673,46,-1.0,0.183673,-33.73943
A,45.204082,46,-1.0,0.204082,-33.87333
A,45.22449,46,-1.0,0.22449,-33.97802
A,45.244898,46,-1.0,0.244898,-34.06033
A,45.265306,46,-1.0,0.265306,-34.12559
A,45.285714,46,-1.0,0.285714,-34.17795
A,45.306122,46,-1.0,0.306122,-34.22071
A,45.326531,46,-1.0,0.326531,-34.25643
A,45.346939,46,-1.0,0.346939,-34.28718
A,45.367347,46,-1.0,0.367347,-34.31458
A,45.387755,46,-1.0,0.387755,-34.33997
A,45.408163,46,-1.0,0.408163,-34.36442
A,45.428571,46,-1.0,0.428571,-34.38884
A,45.44898,46,-1.0,0.44898,-34.41398
A,45.469388,46,-1.0,0.469388,-34.44049
A,45.489796,46,-1.0,0.489796,-34.46895
A,45.510204,46,-1.0,0.510204,-34.49986
A,45.530612,46,-1.0,0.530612,-34.5337
A,45.55102,46,-1.0,0.55102,-34.57089
A,45.571429,46,-1.0,0.571429,-34.61187
A,45.591837,46,-1.0,0.591837,-34.65703
A,45.612245,46,-1.0,0.612245,-34.70676
A,45.632653,46,-1.0,0.632653,-34.76146
A,45.653061,46,-1.0,0.653061,-34.82151
A,45.673469,46,-1.0,0.673469,-34.8873
A,45.693878,46,-1.0,0.693878,-34.95924
A,45.714286,46,-1.0,0.714286,-35.03772
A,45.734694,46,-1.0,0.734694,-35.12315
A,45.755102,46,-1.0,0.755102,-35.21595
A,45.77551,46,-1.0,0.77551,-35.31655
A,45.795918,46,-1.0,0.795918,-35.42537
A,45.816327,46,-1.0,0.816327,-35.54288
A,45.836735,46,-1.0,0.836735,-35.66951
A,45.857143,46,-1.0,0.857143,-35.80575
A,45.877551,46,-1.0,0.877551,-35.95206
A,45.897959,46,-1.0,0.897959,-36.10893
A,45.918367,46,-1.0,0.918367,-36.27687
A,45.938776,46,-1.0,0.938776,-36.45637
A,45.959184,46,-1.0,0.959184,-36.64797
A,45.979592,46,-1.0,0.979592,-36.85219
A,46.0,46,-1.0,1.0,-37.06959
A,46.0,47,1.0,0.0,28.45601
A,46.020408,47,1.0,0.020408,29.76833
A,46.040816,47,1.0,0.040816,30.78518
A,46.061224,47,1.0,0.061224,31.57309
A,46.081633,47,1.0,0.081633,32.18366
A,46.102041,47,1.0,0.102041,32.65685
A,46.122449,47,1.0,0.122449,33.02369
A,46.142857,47,1.0,0.142857,33.30821
A,46.163265,47,1.0,0.163265,33.52906
A,46.183673,47,1.0,0.183673,33.70073
A,46.204082,47,1.0,0.204082,33.83448
A,46.22449,47,1.0,0.22449,33.93905
A,46.244898,47,1.0,0.244898,34.02127
A,46.265306,47,1.0,0.265306,34.08645
A,46.285714,47,1.0,0.285714,34.13875
A,46.306122,47,1.0,0.306122,34.18146
A,46.326531,47,1.0,0.326531,34.21714
A,46.346939,47,1.0,0.346939,34.24785
A,46.367347,47,1.0,0.367347,34.27522
A,46.387755,47,1.0,0.387755,34.30058
A,46.408163,47,1.0,0.408163,34.32501
A,46.428571,47,1.0,0.428571,34.3494
A,46.44898,47,1.0,0.44898,34.37451
A,46.469388,47,1.0,0.469388,34.40099
A,46.489796,47,1.0,0.489796,34.42941
A,46.510204,47,1.0,0.510204,34.46029
A,46.530612,47,1.0,0.530612,34.49409
A,46.55102,47,1.0,0.55102,34.53125
A,46.571429,47,1.0,0.571429,34.57218
A,46.591837,47,1.0,0.591837,34.61728
A,46.612245,47,1.0,0.612245,34.66696
A,46.632653,47,1.0,0.632653,34.72159
A,46.653061,47,1.0,0.653061,34.78157
A,46.673469,47,1.0,0.673469,34.84729
A,46.693878,47,1.0,0.693878,34.91914
A,46.714286,47,1.0,0.714286,34.99753
A,46.734694,47,1.0,0.734694,35.08287
A,46.755102,47,1.0,0.755102,35.17556
A,46.77551,47,1.0,0.77551,35.27604
A,46.795918,47,1.0,0.795918,35.38474
A,46.816327,47,1.0,0.816327,35.50211
A,46.836735,47,1.0,0.836735,35.6286
A,46.857143,47,1.0,0.857143,35.76468
A,46.877551,47,1.0,0.877551,35.91082
A,46.897959,47,1.0,0.897959,36.06752
A,46.918367,47,1.0,0.918367,36.23526
A,46.938776,47,1.0,0.938776,36.41456
A,46.959184,47,1.0,0.959184,36.60594
A,46.979592,47,1.0,0.979592,36.80993
A,47.0,47,1.0,1.0,37.02707
A,47.0,48,-1.0,0.0,-28.55546
A,47.020408,48,-1.0,0.020408,-29.87237
A,47.040816,48,-1.0,0.040816,-30.89276
A,47.061224,48,-1.0,0.061224,-31.68343
A,47.081633,48,-1.0,0.081633,-32.29613
A,47.102041,48,-1.0,0.102041,-32.77099
A,47.122449,48,-1.0,0.122449,-33.1391
A,47.142857,48,-1.0,0.142857,-33.42461
A,47.163265,48,-1.0,0.163265,-33.64624
A,47.183673,48,-1.0,0.183673,-33.81851
A,47.204082,48,-1.0,0.204082,-33.95273
A,47.22449,48,-1.0,0.22449,-34.05766
A,47.244898,48,-1.0,0.244898,-34.14017
A,47.265306,48,-1.0,0.265306,-34.20557
A,47.285714,48,-1.0,0.285714,-34.25806
A,47.306122,48,-1.0,0.306122,-34.30092
A,47.326531,48,-1.0,0.326531,-34.33673
A,47.346939,48,-1.0,0.346939,-34.36754
A,47.367347,48,-1.0,0.367347,-34.39501
A,47.387755,48,-1.0,0.387755,-34.42046
A,47.408163,48,-1.0,0.408163,-34.44497
A,47.428571,48,-1.0,0.428571,-34.46944
A,47.44898,48,-1.0,0.44898,-34.49464
A,47.469388,48,-1.0,0.469388,-34.52122
A,47.489796,48,-1.0,0.489796,-34.54974
A,47.510204,48,-1.0,0.510204,-34.58072
A,47.530612,48,-1.0,0.530612,-34.61464
A,47.55102,48,-1.0,0.55102,-34.65193
A,47.571429,48,-1.0,0.571429,-34.693
A,47.591837,48,-1.0,0.591837,-34.73826
A,47.612245,48,-1.0,0.612245,-34.78811
A,47.632653,48,-1.0,0.632653,-34.84294
A,47.653061,48,-1.0,0.653061,-34.90313
A,47.673469,48,-1.0,0.673469,-34.96908
A,47.693878,48,-1.0,0.693878,-35.04118
A,47.714286,48,-1.0,0.714286,-35.11984
A,47.734694,48,-1.0,0.734694,-35.20547
A,47.755102,48,-1.0,0.755102,-35.29849
A,47.77551,48,-1.0,0.77551,-35.39932
A,47.795918,48,-1.0,0.795918,-35.50841
A,47.816327,48,-1.0,0.816327,-35.62619
A,47.836735,48,-1.0,0.836735,-35.75312
A,47.857143,48,-1.0,0.857143,-35.88967
A,47.877551,48,-1.0,0.877551,-36.03633
A,47.897959,48,-1.0,0.897959,-36.19357
A,47.918367,48,-1.0,0.918367,-36.3619
A,47.938776,48,-1.0,0.938776,-36.54182
A,47.959184,48,-1.0,0.959184,-36.73387
A,47.979592,48,-1.0,0.979592,-36.93857
A,48.0,48,-1.0,1.0,-37.15647
A,48.0,49,1.0,0.0,28.76573
A,48.020408,49,1.0,0.020408,30.09234
A,48.040816,49,1.0,0.040816,31.12025
A,48.061224,49,1.0,0.061224,31.91674
A,48.081633,49,1.0,0.081633,32.53395
A,48.102041,49,1.0,0.102041,33.0123
A,48.122449,49,1.0,0.122449,33.38313
A,48.142857,49,1.0,0.142857,33.67075
A,48.163265,49,1.0,0.163265,33.894
A,48.183673,49,1.0,0.183673,34.06755
A,48.204082,49,1.0,0.204082,34.20275
A,48.22449,49,1.0,0.22449,34.30846
A,48.244898,49,1.0,0.244898,34.39157
A,48.265306,49,1.0,0.265306,34.45746
A,48.285714,49,1.0,0.285714,34.51033
A,48.306122,49,1.0,0.306122,34.5535
A,48.326531,49,1.0,0.326531,34.58958
A,48.346939,49,1.0,0.346939,34.62062
A,48.367347,49,1.0,0.367347,34.64829
A,48.387755,49,1.0,0.387755,34.67392
A,48.408163,49,1.0,0.408163,34.69861
A,48.428571,49,1.0,0.428571,34.72327
A,48.44898,49,1.0,0.44898,34.74865
A,48.469388,49,1.0,0.469388,34.77542
A,48.489796,49,1.0,0.489796,34.80416
A,48.510204,49,1.0,0.510204,34.83537
A,48.530612,49,1.0,0.530612,34.86954
A,48.55102,49,1.0,0.55102,34.9071
A,48.571429,49,1.0,0.571429,34.94847
A,48.591837,49,1.0,0.591837,34.99407
A,48.612245,49,1.0,0.612245,35.04429
A,48.632653,49,1.0,0.632653,35.09951
A,48.653061,49,1.0,0.653061,35.16015
A,48.673469,49,1.0,0.673469,35.22658
A,48.693878,49,1.0,0.693878,35.29922
A,48.714286,49,1.0,0.714286,35.37846
A,48.734694,49,1.0,0.734694,35.46472
A,48.755102,49,1.0,0.755102,35.55842
A,48.77551,49,1.0,0.77551,35.66
A,48.795918,49,1.0,0.795918,35.76989
A,48.816327,49,1.0,0.816327,35.88853
A,48.836735,49,1.0,0.836735,36.0164
A,48.857143,49,1.0,0.857143,36.15396
A,48.877551,49,1.0,0.877551,36.30169
A,48.897959,49,1.0,0.897959,36.46009
A,48.918367,49,1.0,0.918367,36.62966
A,48.938776,49,1.0,0.938776,36.81091
A,48.959184,49,1.0,0.959184,37.00437
A,48.979592,49,1.0,0.979592,37.21058
A,49.0,49,1.0,1.0,37.43009
A,49.0,50,-1.0,0.0,-28.80872
A,49.020408,50,-1.0,0.020408,-30.13731
A,49.040816,50,-1.0,0.040816,-31.16676
A,49.061224,50,-1.0,0.061224,-31.96444
A,49.081633,50,-1.0,0.081633,-32.58258
A,49.102041,50,-1.0,0.102041,-33.06164
A,49.122449,50,-1.0,0.122449,-33.43302
A,49.142857,50,-1.0,0.142857,-33.72107
A,49.163265,50,-1.0,0.163265,-33.94466
A,49.183673,50,-1.0,0.183673,-34.11846
A,49.204082,50,-1.0,0.204082,-34.25386
A,49.22449,50,-1.0,0.22449,-34.35973
A,49.244898,50,-1.0,0.244898,-34.44297
A,49.265306,50,-1.0,0.265306,-34.50895
A,49.285714,50,-1.0,0.285714,-34.56191
A,49.306122,50,-1.0,0.306122,-34.60514
A,49.326531,50,-1.0,0.326531,-34.64127
A,49.346939,50,-1.0,0.346939,-34.67236
A,49.367347,50,-1.0,0.367347,-34.70007
A,49.387755,50,-1.0,0.387755,-34.72574
A,49.408163,50,-1.0,0.408163,-34.75047
A,49.428571,50,-1.0,0.428571,-34.77516
A,49.44898,50,-1.0,0.44898,-34.80058
A,49.469388,50,-1.0,0.469388,-34.82739
A,49.489796,50,-1.0,0.489796,-34.85617
A,49.510204,50,-1.0,0.510204,-34.88743
A,49.530612,50,-1.0,0.530612,-34.92165
A,49.55102,50,-1.0,0.55102,-34.95926
A,49.571429,50,-1.0,0.571429,-35.0007
A,49.591837,50,-1.0,0.591837,-35.04637
A,49.612245,50,-1.0,0.612245,-35.09666
A,49.632653,50,-1.0,0.632653,-35.15197
A,49.653061,50,-1.0,0.653061,-35.21269
A,49.673469,50,-1.0,0.673469,-35.27923
A,49.693878,50,-1.0,0.693878,-35.35197
A,49.714286,50,-1.0,0.714286,-35.43133
A,49.734694,50,-1.0,0.734694,-35.51772
A,49.755102,50,-1.0,0.755102,-35.61157
A,49.77551,50,-1.0,0.77551,-35.71329
A,49.795918,50,-1.0,0.795918,-35.82334
A,49.816327,50,-1.0,0.816327,-35.94217
A,49.836735,50,-1.0,0.836735,-36.07022
A,49.857143,50,-1.0,0.857143,-36.20799
A,49.877551,50,-1.0,0.877551,-36.35594
A,49.897959,50,-1.0,0.897959,-36.51458
A,49.918367,50,-1.0,0.918367,-36.6844
A,49.938776,50,-1.0,0.938776,-36.86592
A,49.959184,50,-1.0,0.959184,-37.05967
A,49.979592,50,-1.0,0.979592,-37.26619
A,50.0,50,-1.0,1.0,-37.48603
A,50.0,51,1.0,0.0,28.41459
A,50.020408,51,1.0,0.020408,29.725
A,50.040816,51,1.0,0.040816,30.74036
A,50.061224,51,1.0,0.061224,31.52713
A,50.081633,51,1.0,0.081633,32.13681
A,50.102041,51,1.0,0.102041,32.60932
A,50.122449,51,1.0,0.122449,32.97562
A,50.142857,51,1.0,0.142857,33.25972
A,50.163265,51,1.0,0.163265,33.48026
A,50.183673,51,1.0,0.183673,33.65168
A,50.204082,51,1.0,0.204082,33.78523
A,50.22449,51,1.0,0.22449,33.88965
A,50.244898,51,1.0,0.244898,33.97175
A,50.265306,51,1.0,0.265306,34.03683
A,50.285714,51,1.0,0.285714,34.08906
A,50.306122,51,1.0,0.306122,34.13171
A,50.326531,51,1.0,0.326531,34.16734
A,50.346939,51,1.0,0.346939,34.198
A,50.367347,51,1.0,0.367347,34.22533
A,50.387755,51,1.0,0.387755,34.25065
A,50.408163,51,1.0,0.408163,34.27504
A,50.428571,51,1.0,0.428571,34.2994
A,50.44898,51,1.0,0.44898,34.32447
A,50.469388,51,1.0,0.469388,34.35092
A,50.489796,51,1.0,0.489796,34.3793
A,50.510204,51,1.0,0.510204,34.41013
A,50.530612,51,1.0,0.530612,34.44388
A,50.55102,51,1.0,0.55102,34.48098
A,50.571429,51,1.0,0.571429,34.52185
A,50.591837,51,1.0,0.591837,34.56689
A,50.612245,51,1.0,0.612245,34.6165
A,50.632653,51,1.0,0.632653,34.67105
A,50.653061,51,1.0,0.653061,34.73094
A,50.673469,51,1.0,0.673469,34.79657
A,50.693878,51,1.0,0.693878,34.86832
A,50.714286,51,1.0,0.714286,34.94659
A,50.734694,51,1.0,0.734694,35.0318
A,50.755102,51,1.0,0.755102,35.12436
A,50.77551,51,1.0,0.77551,35.22469
A,50.795918,51,1.0,0.795918,35.33324
A,50.816327,51,1.0,0.816327,35.45044
A,50.836735,51,1.0,0.836735,35.57674
A,50.857143,51,1.0,0.857143,35.71262
A,50.877551,51,1.0,0.877551,35.85855
A,50.897959,51,1.0,0.897959,36.01502
A,50.918367,51,1.0,0.918367,36.18252
A,50.938776,51,1.0,0.938776,36.36155
A,50.959184,51,1.0,0.959184,36.55266
A,50.979592,51,1.0,0.979592,36.75635
A,51.0,51,1.0,1.0,36.97317
A,51.0,52,-1.0,0.0,-28.42773
A,51.020408,52,-1.0,0.020408,-29.73876
A,51.040816,52,-1.0,0.040816,-30.75459
A,51.061224,52,-1.0,0.061224,-31.54172
A,51.081633,52,-1.0,0.081633,-32.15168
A,51.102041,52,-1.0,0.102041,-32.62441
A,51.122449,52,-1.0,0.122449,-32.99088
A,51.142857,52,-1.0,0.142857,-33.27512
A,51.163265,52,-1.0,0.163265,-33.49575
A,51.183673,52,-1.0,0.183673,-33.66725
A,51.204082,52,-1.0,0.204082,-33.80087
A,51.22449,52,-1.0,0.22449,-33.90533
A,51.244898,52,-1.0,0.244898,-33.98747
A,51.265306,52,-1.0,0.265306,-34.05258
A,51.285714,52,-1.0,0.285714,-34.10484
A,51.306122,52,-1.0,0.306122,-34.1475
A,51.326531,52,-1.0,0.326531,-34.18315
A,51.346939,52,-1.0,0.346939,-34.21383
A,51.367347,52,-1.0,0.367347,-34.24117
A,51.387755,52,-1.0,0.387755,-34.2665
A,51.408163,52,-1.0,0.408163,-34.29091
A,51.428571,52,-1.0,0.428571,-34.31527
A,51.44898,52,-1.0,0.44898,-34.34036
A,51.469388,52,-1.0,0.469388,-34.36681
A,51.489796,52,-1.0,0.489796,-34.39521
A,51.510204,52,-1.0,0.510204,-34.42605
A,51.530612,52,-1.0,0.530612,-34.45982
A,51.55102,52,-1.0,0.55102,-34.49694
A,51.571429,52,-1.0,0.571429,-34.53783
A,51.591837,52,-1.0,0.591837,-34.58289
A,51.612245,52,-1.0,0.612245,-34.63251
A,51.632653,52,-1.0,0.632653,-34.68709
A,51.653061,52,-1.0,0.653061,-34.74701
A,51.673469,52,-1.0,0.673469,-34.81267
A,51.693878,52,-1.0,0.693878,-34.88445
A,51.714286,52,-1.0,0.714286,-34.96276
A,51.734694,52,-1.0,0.734694,-35.04801
A,51.755102,52,-1.0,0.755102,-35.14061
A,51.77551,52,-1.0,0.77551,-35.24099
A,51.795918,52,-1.0,0.795918,-35.34959
A,51.816327,52,-1.0,0.816327,-35.46684
A,51.836735,52,-1.0,0.836735,-35.59321
A,51.857143,52,-1.0,0.857143,-35.72915
A,51.877551,52,-1.0,0.877551,-35.87515
A,51.897959,52,-1.0,0.897959,-36.03168
A,51.918367,52,-1.0,0.918367,-36.19926
A,51.938776,52,-1.0,0.938776,-36.37838
A,51.959184,52,-1.0,0.959184,-36.56957
A,51.979592,52,-1.0,0.979592,-36.77336
A,52.0,52,-1.0,1.0,-36.99028
A,52.0,53,1.0,0.0,28.49426
A,52.020408,53,1.0,0.020408,29.80835
A,52.040816,53,1.0,0.040816,30.82656
A,52.061224,53,1.0,0.061224,31.61554
A,52.081633,53,1.0,0.081633,32.22692
A,52.102041,53,1.0,0.102041,32.70076
A,52.122449,53,1.0,0.122449,33.06809
A,52.142857,53,1.0,0.142857,33.35299
A,52.163265,53,1.0,0.163265,33.57414
A,52.183673,53,1.0,0.183673,33.74604
A,52.204082,53,1.0,0.204082,33.87997
A,52.22449,53,1.0,0.22449,33.98468
A,52.244898,53,1.0,0.244898,34.06701
A,52.265306,53,1.0,0.265306,34.13227
A,52.285714,53,1.0,0.285714,34.18465
A,52.306122,53,1.0,0.306122,34.22742
A,52.326531,53,1.0,0.326531,34.26315
A,52.346939,53,1.0,0.346939,34.2939
A,52.367347,53,1.0,0.367347,34.32131
A,52.387755,53,1.0,0.387755,34.3467
A,52.408163,53,1.0,0.408163,34.37116
A,52.428571,53,1.0,0.428571,34.39558
A,52.44898,53,1.0,0.44898,34.42072
A,52.469388,53,1.0,0.469388,34.44724
A,52.489796,53,1.0,0.489796,34.4757
A,52.510204,53,1.0,0.510204,34.50662
A,52.530612,53,1.0,0.530612,34.54046
A,52.55102,53,1.0,0.55102,34.57767
A,52.571429,53,1.0,0.571429,34.61866
A,52.591837,53,1.0,0.591837,34.66382
A,52.612245,53,1.0,0.612245,34.71356
A,52.632653,53,1.0,0.632653,34.76827
A,52.653061,53,1.0,0.653061,34.82833
A,52.673469,53,1.0,0.673469,34.89414
A,52.693878,53,1.0,0.693878,34.96609
A,52.714286,53,1.0,0.714286,35.04458
A,52.734694,53,1.0,0.734694,35.13003
A,52.755102,53,1.0,0.755102,35.22285
A,52.77551,53,1.0,0.77551,35.32347
A,52.795918,53,1.0,0.795918,35.43232
A,52.816327,53,1.0,0.816327,35.54984
A,52.836735,53,1.0,0.836735,35.6765
A,52.857143,53,1.0,0.857143,35.81277
A,52.877551,53,1.0,0.877551,35.9591
A,52.897959,53,1.0,0.897959,36.11601
A,52.918367,53,1.0,0.918367,36.28398
A,52.938776,53,1.0,0.938776,36.46352
A,52.959184,53,1.0,0.959184,36.65515
A,52.979592,53,1.0,0.979592,36.85942
A,53.0,53,1.0,1.0,37.07685
A,53.0,54,-1.0,0.0,-28.60391
A,53.020408,54,-1.0,0.020408,-29.92306
A,53.040816,54,-1.0,0.040816,-30.94519
A,53.061224,54,-1.0,0.061224,-31.7372
A,53.081633,54,-1.0,0.081633,-32.35094
A,53.102041,54,-1.0,0.102041,-32.8266
A,53.122449,54,-1.0,0.122449,-33.19534
A,53.142857,54,-1.0,0.142857,-33.48134
A,53.163265,54,-1.0,0.163265,-33.70334
A,53.183673,54,-1.0,0.183673,-33.8759
A,53.204082,54,-1.0,0.204082,-34.01034
A,53.22449,54,-1.0,0.22449,-34.11546
A,53.244898,54,-1.0,0.244898,-34.1981
A,53.265306,54,-1.0,0.265306,-34.26362
A,53.285714,54,-1.0,0.285714,-34.3162
A,53.306122,54,-1.0,0.306122,-34.35913
A,53.326531,54,-1.0,0.326531,-34.395
A,53.346939,54,-1.0,0.346939,-34.42586
A,53.367347,54,-1.0,0.367347,-34.45338
A,53.387755,54,-1.0,0.387755,-34.47887
A,53.408163,54,-1.0,0.408163,-34.50342
A,53.428571,54,-1.0,0.428571,-34.52794
A,53.44898,54,-1.0,0.44898,-34.55318
A,53.469388,54,-1.0,0.469388,-34.5798
A,53.489796,54,-1.0,0.489796,-34.60837
A,53.510204,54,-1.0,0.510204,-34.63941
A,53.530612,54,-1.0,0.530612,-34.67338
A,53.55102,54,-1.0,0.55102,-34.71073
A,53.571429,54,-1.0,0.571429,-34.75187
A,53.591837,54,-1.0,0.591837,-34.79721
A,53.612245,54,-1.0,0.612245,-34.84715
A,53.632653,54,-1.0,0.632653,-34.90206
A,53.653061,54,-1.0,0.653061,-34.96236
A,53.673469,54,-1.0,0.673469,-35.02842
A,53.693878,54,-1.0,0.693878,-35.10064
A,53.714286,54,-1.0,0.714286,-35.17944
A,53.734694,54,-1.0,0.734694,-35.26522
A,53.755102,54,-1.0,0.755102,-35.35839
A,53.77551,54,-1.0,0.77551,-35.4594
A,53.795918,54,-1.0,0.795918,-35.56866
A,53.816327,54,-1.0,0.816327,-35.68664
A,53.836735,54,-1.0,0.836735,-35.81379
A,53.857143,54,-1.0,0.857143,-35.95058
A,53.877551,54,-1.0,0.877551,-36.09748
A,53.897959,54,-1.0,0.897959,-36.25499
A,53.918367,54,-1.0,0.918367,-36.4236
A,53.938776,54,-1.0,0.938776,-36.60383
A,53.959184,54,-1.0,0.959184,-36.79621
A,53.979592,54,-1.0,0.979592,-37.00126
A,54.0,54,-1.0,1.0,-37.21953
A,54.0,55,1.0,0.0,28.58546
A,54.020408,55,1.0,0.020408,29.90376
A,54.040816,55,1.0,0.040816,30.92523
A,54.061224,55,1.0,0.061224,31.71673
A,54.081633,55,1.0,0.081633,32.33007
A,54.102041,55,1.0,0.102041,32.80542
A,54.122449,55,1.0,0.122449,33.17393
A,54.142857,55,1.0,0.142857,33.45974
A,54.163265,55,1.0,0.163265,33.6816
A,54.183673,55,1.0,0.183673,33.85405
A,54.204082,55,1.0,0.204082,33.9884
A,54.22449,55,1.0,0.22449,34.09345
A,54.244898,55,1.0,0.244898,34.17604
A,54.265306,55,1.0,0.265306,34.24152
A,54.285714,55,1.0,0.285714,34.29406
A,54.306122,55,1.0,0.306122,34.33696
A,54.326531,55,1.0,0.326531,34.37281
A,54.346939,55,1.0,0.346939,34.40366
A,54.367347,55,1.0,0.367347,34.43115
A,54.387755,55,1.0,0.387755,34.45663
A,54.408163,55,1.0,0.408163,34.48116
A,54.428571,55,1.0,0.428571,34.50566
A,54.44898,55,1.0,0.44898,34.53089
A,54.469388,55,1.0,0.469388,34.55749
A,54.489796,55,1.0,0.489796,34.58604
A,54.510204,55,1.0,0.510204,34.61706
A,54.530612,55,1.0,0.530612,34.65101
A,54.55102,55,1.0,0.55102,34.68834
A,54.571429,55,1.0,0.571429,34.72946
A,54.591837,55,1.0,0.591837,34.77477
A,54.612245,55,1.0,0.612245,34.82467
A,54.632653,55,1.0,0.632653,34.87955
A,54.653061,55,1.0,0.653061,34.9398
A,54.673469,55,1.0,0.673469,35.00582
A,54.693878,55,1.0,0.693878,35.078
A,54.714286,55,1.0,0.714286,35.15675
A,54.734694,55,1.0,0.734694,35.24247
A,54.755102,55,1.0,0.755102,35.33558
A,54.77551,55,1.0,0.77551,35.43652
A,54.795918,55,1.0,0.795918,35.54572
A,54.816327,55,1.0,0.816327,35.66362
A,54.836735,55,1.0,0.836735,35.79069
A,54.857143,55,1.0,0.857143,35.92739
A,54.877551,55,1.0,0.877551,36.07419
A,54.897959,55,1.0,0.897959,36.2316
A,54.918367,55,1.0,0.918367,36.40011
A,54.938776,55,1.0,0.938776,36.58022
A,54.959184,55,1.0,0.959184,36.77247
A,54.979592,55,1.0,0.979592,36.97739
A,55.0,55,1.0,1.0,37.19552
A,55.0,56,-1.0,0.0,-28.59992
A,55.020408,56,-1.0,0.020408,-29.91888
A,55.040816,56,-1.0,0.040816,-30.94087
A,55.061224,56,-1.0,0.061224,-31.73277
A,55.081633,56,-1.0,0.081633,-32.34642
A,55.102041,56,-1.0,0.102041,-32.82201
A,55.122449,56,-1.0,0.122449,-33.19071
A,55.142857,56,-1.0,0.142857,-33.47666
A,55.163265,56,-1.0,0.163265,-33.69863
A,55.183673,56,-1.0,0.183673,-33.87117
A,55.204082,56,-1.0,0.204082,-34.0056
A,55.22449,56,-1.0,0.22449,-34.1107
A,55.244898,56,-1.0,0.244898,-34.19333
A,55.265306,56,-1.0,0.265306,-34.25884
A,55.285714,56,-1.0,0.285714,-34.31141
A,55.306122,56,-1.0,0.306122,-34.35433
A,55.326531,56,-1.0,0.326531,-34.39019
A,55.346939,56,-1.0,0.346939,-34.42106
A,55.367347,56,-1.0,0.367347,-34.44857
A,55.387755,56,-1.0,0.387755,-34.47406
A,55.408163,56,-1.0,0.408163,-34.4986
A,55.428571,56,-1.0,0.428571,-34.52312
A,55.44898,56,-1.0,0.44898,-34.54836
A,55.469388,56,-1.0,0.469388,-34.57497
A,55.489796,56,-1.0,0.489796,-34.60354
A,55.510204,56,-1.0,0.510204,-34.63457
A,55.530612,56,-1.0,0.530612,-34.66854
A,55.55102,56,-1.0,0.55102,-34.70588
A,55.571429,56,-1.0,0.571429,-34.74702
A,55.591837,56,-1.0,0.591837,-34.79236
A,55.612245,56,-1.0,0.612245,-34.84228
A,55.632653,56,-1.0,0.632653,-34.89719
A,55.653061,56,-1.0,0.653061,-34.95748
A,55.673469,56,-1.0,0.673469,-35.02353
A,55.693878,56,-1.0,0.693878,-35.09574
A,55.714286,56,-1.0,0.714286,-35.17453
A,55.734694,56,-1.0,0.734694,-35.2603
A,55.755102,56,-1.0,0.755102,-35.35346
A,55.77551,56,-1.0,0.77551,-35.45445
A,55.795918,56,-1.0,0.795918,-35.5637
A,55.816327,56,-1.0,0.816327,-35.68166
A,55.836735,56,-1.0,0.836735,-35.80879
A,55.857143,56,-1.0,0.857143,-35.94556
A,55.877551,56,-1.0,0.877551,-36.09244
A,55.897959,56,-1.0,0.897959,-36.24993
A,55.918367,56,-1.0,0.918367,-36.41852
A,55.938776,56,-1.0,0.938776,-36.59872
A,55.959184,56,-1.0,0.959184,-36.79107
A,55.979592,56,-1.0,0.979592,-36.99609
A,56.0,56,-1.0,1.0,-37.21433
A,56.0,57,1.0,0.0,28.60739
A,56.020408,57,1.0,0.020408,29.9267
A,56.040816,57,1.0,0.040816,30.94895
A,56.061224,57,1.0,0.061224,31.74106
A,56.081633,57,1.0,0.081633,32.35487
A,56.102041,57,1.0,0.102041,32.83059
A,56.122449,57,1.0,0.122449,33.19938
A,56.142857,57,1.0,0.142857,33.48541
A,56.163265,57,1.0,0.163265,33.70744
A,56.183673,57,1.0,0.183673,33.88002
A,56.204082,57,1.0,0.204082,34.01448
A,56.22449,57,1.0,0.22449,34.11961
A,56.244898,57,1.0,0.244898,34.20226
A,56.265306,57,1.0,0.265306,34.26779
A,56.285714,57,1.0,0.285714,34.32037
A,56.306122,57,1.0,0.306122,34.36331
A,56.326531,57,1.0,0.326531,34.39918
A,56.346939,57,1.0,0.346939,34.43005
A,56.367347,57,1.0,0.367347,34.45757
A,56.387755,57,1.0,0.387755,34.48306
A,56.408163,57,1.0,0.408163,34.50762
A,56.428571,57,1.0,0.428571,34.53214
A,56.44898,57,1.0,0.44898,34.55738
A,56.469388,57,1.0,0.469388,34.584
A,56.489796,57,1.0,0.489796,34.61258
A,56.510204,57,1.0,0.510204,34.64362
A,56.530612,57,1.0,0.530612,34.6776
A,56.55102,57,1.0,0.55102,34.71495
A,56.571429,57,1.0,0.571429,34.7561
A,56.591837,57,1.0,0.591837,34.80145
A,56.612245,57,1.0,0.612245,34.85139
A,56.632653,57,1.0,0.632653,34.90631
A,56.653061,57,1.0,0.653061,34.96661
A,56.673469,57,1.0,0.673469,35.03268
A,56.693878,57,1.0,0.693878,35.10491
A,56.714286,57,1.0,0.714286,35.18372
A,56.734694,57,1.0,0.734694,35.26951
A,56.755102,57,1.0,0.755102,35.3627
A,56.77551,57,1.0,0.77551,35.46371
A,56.795918,57,1.0,0.795918,35.57299
A,56.816327,57,1.0,0.816327,35.69099
A,56.836735,57,1.0,0.836735,35.81815
A,56.857143,57,1.0,0.857143,35.95495
A,56.877551,57,1.0,0.877551,36.10187
A,56.897959,57,1.0,0.897959,36.2594
A,56.918367,57,1.0,0.918367,36.42803
A,56.938776,57,1.0,0.938776,36.60829
A,56.959184,57,1.0,0.959184,36.80068
A,56.979592,57,1.0,0.979592,37.00576
A,57.0,57,1.0,1.0,37.22406
A,57.0,58,-1.0,0.0,-28.81583
A,57.020408,58,-1.0,0.020408,-30.14474
A,57.040816,58,-1.0,0.040816,-31.17445
A,57.061224,58,-1.0,0.061224,-31.97232
A,57.081633,58,-1.0,0.081633,-32.59061
A,57.102041,58,-1.0,0.102041,-33.06979
A,57.122449,58,-1.0,0.122449,-33.44127
A,57.142857,58,-1.0,0.142857,-33.72938
A,57.163265,58,-1.0,0.163265,-33.95303
A,57.183673,58,-1.0,0.183673,-34.12687
A,57.204082,58,-1.0,0.204082,-34.26231
A,57.22449,58,-1.0,0.22449,-34.3682
A,57.244898,58,-1.0,0.244898,-34.45146
A,57.265306,58,-1.0,0.265306,-34.51746
A,57.285714,58,-1.0,0.285714,-34.57043
A,57.306122,58,-1.0,0.306122,-34.61368
A,57.326531,58,-1.0,0.326531,-34.64981
A,57.346939,58,-1.0,0.346939,-34.68091
A,57.367347,58,-1.0,0.367347,-34.70863
A,57.387755,58,-1.0,0.387755,-34.7343
A,57.408163,58,-1.0,0.408163,-34.75904
A,57.428571,58,-1.0,0.428571,-34.78374
A,57.44898,58,-1.0,0.44898,-34.80916
A,57.469388,58,-1.0,0.469388,-34.83598
A,57.489796,58,-1.0,0.489796,-34.86476
A,57.510204,58,-1.0,0.510204,-34.89603
A,57.530612,58,-1.0,0.530612,-34.93026
A,57.55102,58,-1.0,0.55102,-34.96788
A,57.571429,58,-1.0,0.571429,-35.00933
A,57.591837,58,-1.0,0.591837,-35.05501
A,57.612245,58,-1.0,0.612245,-35.10531
A,57.632653,58,-1.0,0.632653,-35.16064
A,57.653061,58,-1.0,0.653061,-35.22137
A,57.673469,58,-1.0,0.673469,-35.28792
A,57.693878,58,-1.0,0.693878,-35.36069
A,57.714286,58,-1.0,0.714286,-35.44007
A,57.734694,58,-1.0,0.734694,-35.52648
A,57.755102,58,-1.0,0.755102,-35.62035
A,57.77551,58,-1.0,0.77551,-35.7221
A,57.795918,58,-1.0,0.795918,-35.83217
A,57.816327,58,-1.0,0.816327,-35.95103
A,57.836735,58,-1.0,0.836735,-36.07912
A,57.857143,58,-1.0,0.857143,-36.21692
A,57.877551,58,-1.0,0.877551,-36.36491
A,57.897959,58,-1.0,0.897959,-36.52358
A,57.918367,58,-1.0,0.918367,-36.69344
A,57.938776,58,-1.0,0.938776,-36.87501
A,57.959184,58,-1.0,0.959184,-37.06881
A,57.979592,58,-1.0,0.979592,-37.27538
A,58.0,58,-1.0,1.0,-37.49527
A,58.0,59,1.0,0.0,28.66119
A,58.020408,59,1.0,0.020408,29.98298
A,58.040816,59,1.0,0.040816,31.00715
A,58.061224,59,1.0,0.061224,31.80075
A,58.081633,59,1.0,0.081633,32.41572
A,58.102041,59,1.0,0.102041,32.89233
A,58.122449,59,1.0,0.122449,33.26181
A,58.142857,59,1.0,0.142857,33.54838
A,58.163265,59,1.0,0.163265,33.77082
A,58.183673,59,1.0,0.183673,33.94373
A,58.204082,59,1.0,0.204082,34.07845
A,58.22449,59,1.0,0.22449,34.18377
A,58.244898,59,1.0,0.244898,34.26658
A,58.265306,59,1.0,0.265306,34.33223
A,58.285714,59,1.0,0.285714,34.38491
A,58.306122,59,1.0,0.306122,34.42793
A,58.326531,59,1.0,0.326531,34.46387
A,58.346939,59,1.0,0.346939,34.4948
A,58.367347,59,1.0,0.367347,34.52237
A,58.387755,59,1.0,0.387755,34.54791
A,58.408163,59,1.0,0.408163,34.57251
A,58.428571,59,1.0,0.428571,34.59707
A,58.44898,59,1.0,0.44898,34.62237
A,58.469388,59,1.0,0.469388,34.64904
A,58.489796,59,1.0,0.489796,34.67767
A,58.510204,59,1.0,0.510204,34.70877
A,58.530612,59,1.0,0.530612,34.74281
A,58.55102,59,1.0,0.55102,34.78023
A,58.571429,59,1.0,0.571429,34.82146
A,58.591837,59,1.0,0.591837,34.86689
A,58.612245,59,1.0,0.612245,34.91692
A,58.632653,59,1.0,0.632653,34.97195
A,58.653061,59,1.0,0.653061,35.03236
A,58.673469,59,1.0,0.673469,35.09856
A,58.693878,59,1.0,0.693878,35.17093
A,58.714286,59,1.0,0.714286,35.24988
A,58.734694,59,1.0,0.734694,35.33583
A,58.755102,59,1.0,0.755102,35.42919
A,58.77551,59,1.0,0.77551,35.5304
A,58.795918,59,1.0,0.795918,35.63989
A,58.816327,59,1.0,0.816327,35.7581
A,58.836735,59,1.0,0.836735,35.88551
A,58.857143,59,1.0,0.857143,36.02256
A,58.877551,59,1.0,0.877551,36.16976
A,58.897959,59,1.0,0.897959,36.32758
A,58.918367,59,1.0,0.918367,36.49653
A,58.938776,59,1.0,0.938776,36.67713
A,58.959184,59,1.0,0.959184,36.86989
A,58.979592,59,1.0,0.979592,37.07535
A,59.0,59,1.0,1.0,37.29406
A,59.0,60,-1.0,0.0,-28.91379
A,59.020408,60,-1.0,0.020408,-30.24722
A,59.040816,60,-1.0,0.040816,-31.28042
A,59.061224,60,-1.0,0.061224,-32.08101
A,59.081633,60,-1.0,0.081633,-32.7014
A,59.102041,60,-1.0,0.102041,-33.18221
A,59.122449,60,-1.0,0.122449,-33.55495
A,59.142857,60,-1.0,0.142857,-33.84405
A,59.163265,60,-1.0,0.163265,-34.06845
A,59.183673,60,-1.0,0.183673,-34.24289
A,59.204082,60,-1.0,0.204082,-34.37878
A,59.22449,60,-1.0,0.22449,-34.48504
A,59.244898,60,-1.0,0.244898,-34.56858
A,59.265306,60,-1.0,0.265306,-34.6348
A,59.285714,60,-1.0,0.285714,-34.68795
A,59.306122,60,-1.0,0.306122,-34.73135
A,59.326531,60,-1.0,0.326531,-34.7676
A,59.346939,60,-1.0,0.346939,-34.79881
A,59.367347,60,-1.0,0.367347,-34.82662
A,59.387755,60,-1.0,0.387755,-34.85238
A,59.408163,60,-1.0,0.408163,-34.8772
A,59.428571,60,-1.0,0.428571,-34.90198
A,59.44898,60,-1.0,0.44898,-34.9275
A,59.469388,60,-1.0,0.469388,-34.95441
A,59.489796,60,-1.0,0.489796,-34.98329
A,59.510204,60,-1.0,0.510204,-35.01466
A,59.530612,60,-1.0,0.530612,-35.049
A,59.55102,60,-1.0,0.55102,-35.08676
A,59.571429,60,-1.0,0.571429,-35.12835
A,59.591837,60,-1.0,0.591837,-35.17418
A,59.612245,60,-1.0,0.612245,-35.22465
A,59.632653,60,-1.0,0.632653,-35.28016
A,59.653061,60,-1.0,0.653061,-35.34111
A,59.673469,60,-1.0,0.673469,-35.40789
A,59.693878,60,-1.0,0.693878,-35.4809
A,59.714286,60,-1.0,0.714286,-35.56055
A,59.734694,60,-1.0,0.734694,-35.64725
A,59.755102,60,-1.0,0.755102,-35.74144
A,59.77551,60,-1.0,0.77551,-35.84354
A,59.795918,60,-1.0,0.795918,-35.95399
A,59.816327,60,-1.0,0.816327,-36.07324
A,59.836735,60,-1.0,0.836735,-36.20177
A,59.857143,60,-1.0,0.857143,-36.34004
A,59.877551,60,-1.0,0.877551,-36.48853
A,59.897959,60,-1.0,0.897959,-36.64774
A,59.918367,60,-1.0,0.918367,-36.81818
A,59.938776,60,-1.0,0.938776,-37.00037
A,59.959184,60,-1.0,0.959184,-37.19483
A,59.979592,60,-1.0,0.979592,-37.4021
A,60.0,60,-1.0,1.0,-37.62273
A,60.0,61,1.0,0.0,28.75951
A,60.020408,61,1.0,0.020408,30.08583
A,60.040816,61,1.0,0.040816,31.11352
A,60.061224,61,1.0,0.061224,31.90984
A,60.081633,61,1.0,0.081633,32.52691
A,60.102041,61,1.0,0.102041,33.00516
A,60.122449,61,1.0,0.122449,33.37591
A,60.142857,61,1.0,0.142857,33.66346
A,60.163265,61,1.0,0.163265,33.88667
A,60.183673,61,1.0,0.183673,34.06017
A,60.204082,61,1.0,0.204082,34.19534
A,60.22449,61,1.0,0.22449,34.30103
A,60.244898,61,1.0,0.244898,34.38412
A,60.265306,61,1.0,0.265306,34.45
A,60.285714,61,1.0,0.285714,34.50286
A,60.306122,61,1.0,0.306122,34.54603
A,60.326531,61,1.0,0.326531,34.58209
A,60.346939,61,1.0,0.346939,34.61313
A,60.367347,61,1.0,0.367347,34.64079
A,60.387755,61,1.0,0.387755,34.66642
A,60.408163,61,1.0,0.408163,34.6911
A,60.428571,61,1.0,0.428571,34.71575
A,60.44898,61,1.0,0.44898,34.74113
A,60.469388,61,1.0,0.469388,34.7679
A,60.489796,61,1.0,0.489796,34.79662
A,60.510204,61,1.0,0.510204,34.82783
A,60.530612,61,1.0,0.530612,34.86199
A,60.55102,61,1.0,0.55102,34.89954
A,60.571429,61,1.0,0.571429,34.94091
A,60.591837,61,1.0,0.591837,34.98649
A,60.612245,61,1.0,0.612245,35.0367
A,60.632653,61,1.0,0.632653,35.09192
A,60.653061,61,1.0,0.653061,35.15254
A,60.673469,61,1.0,0.673469,35.21896
A,60.693878,61,1.0,0.693878,35.29158
A,60.714286,61,1.0,0.714286,35.3708
A,60.734694,61,1.0,0.734694,35.45704
A,60.755102,61,1.0,0.755102,35.55073
A,60.77551,61,1.0,0.77551,35.65228
A,60.795918,61,1.0,0.795918,35.76214
A,60.816327,61,1.0,0.816327,35.88076
A,60.836735,61,1.0,0.836735,36.0086
A,60.857143,61,1.0,0.857143,36.14613
A,60.877551,61,1.0,0.877551,36.29383
A,60.897959,61,1.0,0.897959,36.4522
A,60.918367,61,1.0,0.918367,36.62173
A,60.938776,61,1.0,0.938776,36.80294
A,60.959184,61,1.0,0.959184,36.99636
A,60.979592,61,1.0,0.979592,37.20253
A,61.0,61,1.0,1.0,37.42199
A,61.0,62,-1.0,0.0,-28.96051
A,61.020408,62,-1.0,0.020408,-30.2961
A,61.040816,62,-1.0,0.040816,-31.33098
A,61.061224,62,-1.0,0.061224,-32.13286
A,61.081633,62,-1.0,0.081633,-32.75425
A,61.102041,62,-1.0,0.102041,-33.23584
A,61.122449,62,-1.0,0.122449,-33.60918
A,61.142857,62,-1.0,0.142857,-33.89874
A,61.163265,62,-1.0,0.163265,-34.12351
A,61.183673,62,-1.0,0.183673,-34.29823
A,61.204082,62,-1.0,0.204082,-34.43434
A,61.22449,62,-1.0,0.22449,-34.54077
A,61.244898,62,-1.0,0.244898,-34.62444
A,61.265306,62,-1.0,0.265306,-34.69078
A,61.285714,62,-1.0,0.285714,-34.74401
A,61.306122,62,-1.0,0.306122,-34.78747
A,61.326531,62,-1.0,0.326531,-34.82379
A,61.346939,62,-1.0,0.346939,-34.85504
A,61.367347,62,-1.0,0.367347,-34.8829
A,61.387755,62,-1.0,0.387755,-34.90871
A,61.408163,62,-1.0,0.408163,-34.93357
A,61.428571,62,-1.0,0.428571,-34.95839
A,61.44898,62,-1.0,0.44898,-34.98394
A,61.469388,62,-1.0,0.469388,-35.0109
A,61.489796,62,-1.0,0.489796,-35.03982
A,61.510204,62,-1.0,0.510204,-35.07125
A,61.530612,62,-1.0,0.530612,-35.10565
A,61.55102,62,-1.0,0.55102,-35.14346
A,61.571429,62,-1.0,0.571429,-35.18512
A,61.591837,62,-1.0,0.591837,-35.23102
A,61.612245,62,-1.0,0.612245,-35.28158
A,61.632653,62,-1.0,0.632653,-35.33718
A,61.653061,62,-1.0,0.653061,-35.39822
A,61.673469,62,-1.0,0.673469,-35.46511
A,61.693878,62,-1.0,0.693878,-35.53824
A,61.714286,62,-1.0,0.714286,-35.61801
A,61.734694,62,-1.0,0.734694,-35.70486
A,61.755102,62,-1.0,0.755102,-35.7992
A,61.77551,62,-1.0,0.77551,-35.90146
A,61.795918,62,-1.0,0.795918,-36.01209
A,61.816327,62,-1.0,0.816327,-36.13154
A,61.836735,62,-1.0,0.836735,-36.26028
A,61.857143,62,-1.0,0.857143,-36.39877
A,61.877551,62,-1.0,0.877551,-36.5475
A,61.897959,62,-1.0,0.897959,-36.70697
A,61.918367,62,-1.0,0.918367,-36.87769
A,61.938776,62,-1.0,0.938776,-37.06016
A,61.959184,62,-1.0,0.959184,-37.25494
A,61.979592,62,-1.0,0.979592,-37.46254
A,62.0,62,-1.0,1.0,-37.68354
A,62.0,63,1.0,0.0,28.47707
A,62.020408,63,1.0,0.020408,29.79037
A,62.040816,63,1.0,0.040816,30.80797
A,62.061224,63,1.0,0.061224,31.59646
A,62.081633,63,1.0,0.081633,32.20748
A,62.102041,63,1.0,0.102041,32.68103
A,62.122449,63,1.0,0.122449,33.04814
A,62.142857,63,1.0,0.142857,33.33287
A,62.163265,63,1.0,0.163265,33.55388
A,62.183673,63,1.0,0.183673,33.72568
A,62.204082,63,1.0,0.204082,33.85953
A,62.22449,63,1.0,0.22449,33.96418
A,62.244898,63,1.0,0.244898,34.04645
A,62.265306,63,1.0,0.265306,34.11168
A,62.285714,63,1.0,0.285714,34.16403
A,62.306122,63,1.0,0.306122,34.20677
A,62.326531,63,1.0,0.326531,34.24248
A,62.346939,63,1.0,0.346939,34.27321
A,62.367347,63,1.0,0.367347,34.3006
A,62.387755,63,1.0,0.387755,34.32598
A,62.408163,63,1.0,0.408163,34.35042
A,62.428571,63,1.0,0.428571,34.37483
A,62.44898,63,1.0,0.44898,34.39996
A,62.469388,63,1.0,0.469388,34.42646
A,62.489796,63,1.0,0.489796,34.4549
A,62.510204,63,1.0,0.510204,34.4858
A,62.530612,63,1.0,0.530612,34.51963
A,62.55102,63,1.0,0.55102,34.55681
A,62.571429,63,1.0,0.571429,34.59777
A,62.591837,63,1.0,0.591837,34.64291
A,62.612245,63,1.0,0.612245,34.69262
A,62.632653,63,1.0,0.632653,34.7473
A,62.653061,63,1.0,0.653061,34.80732
A,62.673469,63,1.0,0.673469,34.87309
A,62.693878,63,1.0,0.693878,34.94499
A,62.714286,63,1.0,0.714286,35.02344
A,62.734694,63,1.0,0.734694,35.10884
A,62.755102,63,1.0,0.755102,35.2016
A,62.77551,63,1.0,0.77551,35.30216
A,62.795918,63,1.0,0.795918,35.41094
A,62.816327,63,1.0,0.816327,35.5284
A,62.836735,63,1.0,0.836735,35.65498
A,62.857143,63,1.0,0.857143,35.79116
A,62.877551,63,1.0,0.877551,35.93741
A,62.897959,63,1.0,0.897959,36.09422
A,62.918367,63,1.0,0.918367,36.26209
A,62.938776,63,1.0,0.938776,36.44152
A,62.959184,63,1.0,0.959184,36.63304
A,62.979592,63,1.0,0.979592,36.83718
A,63.0,63,1.0,1.0,37.05448
A,63.0,64,-1.0,0.0,-28.52737
A,63.020408,64,-1.0,0.020408,-29.84299
A,63.040816,64,-1.0,0.040816,-30.86238
A,63.061224,64,-1.0,0.061224,-31.65227
A,63.081633,64,-1.0,0.081633,-32.26437
A,63.102041,64,-1.0,0.102041,-32.73876
A,63.122449,64,-1.0,0.122449,-33.10651
A,63.142857,64,-1.0,0.142857,-33.39174
A,63.163265,64,-1.0,0.163265,-33.61315
A,63.183673,64,-1.0,0.183673,-33.78525
A,63.204082,64,-1.0,0.204082,-33.91934
A,63.22449,64,-1.0,0.22449,-34.02417
A,63.244898,64,-1.0,0.244898,-34.10659
A,63.265306,64,-1.0,0.265306,-34.17193
A,63.285714,64,-1.0,0.285714,-34.22437
A,63.306122,64,-1.0,0.306122,-34.26719
A,63.326531,64,-1.0,0.326531,-34.30296
A,63.346939,64,-1.0,0.346939,-34.33374
A,63.367347,64,-1.0,0.367347,-34.36118
A,63.387755,64,-1.0,0.387755,-34.38661
A,63.408163,64,-1.0,0.408163,-34.41109
A,63.428571,64,-1.0,0.428571,-34.43554
A,63.44898,64,-1.0,0.44898,-34.46072
A,63.469388,64,-1.0,0.469388,-34.48727
A,63.489796,64,-1.0,0.489796,-34.51576
A,63.510204,64,-1.0,0.510204,-34.54671
A,63.530612,64,-1.0,0.530612,-34.5806
A,63.55102,64,-1.0,0.55102,-34.61785
A,63.571429,64,-1.0,0.571429,-34.65888
A,63.591837,64,-1.0,0.591837,-34.7041
A,63.612245,64,-1.0,0.612245,-34.7539
A,63.632653,64,-1.0,0.632653,-34.80867
A,63.653061,64,-1.0,0.653061,-34.8688
A,63.673469,64,-1.0,0.673469,-34.93468
A,63.693878,64,-1.0,0.693878,-35.00672
A,63.714286,64,-1.0,0.714286,-35.0853
A,63.734694,64,-1.0,0.734694,-35.17085
A,63.755102,64,-1.0,0.755102,-35.26378
A,63.77551,64,-1.0,0.77551,-35.36451
A,63.795918,64,-1.0,0.795918,-35.47349
A,63.816327,64,-1.0,0.816327,-35.59115
A,63.836735,64,-1.0,0.836735,-35.71796
A,63.857143,64,-1.0,0.857143,-35.85438
A,63.877551,64,-1.0,0.877551,-36.00089
A,63.897959,64,-1.0,0.897959,-36.15797
A,63.918367,64,-1.0,0.918367,-36.32613
A,63.938776,64,-1.0,0.938776,-36.50588
A,63.959184,64,-1.0,0.959184,-36.69774
A,63.979592,64,-1.0,0.979592,-36.90224
A,64.0,64,-1.0,1.0,-37.11993
A,64.0,65,1.0,0.0,28.55628
A,64.020408,65,1.0,0.020408,29.87323
A,64.040816,65,1.0,0.040816,30.89366
A,64.061224,65,1.0,0.061224,31.68435
A,64.081633,65,1.0,0.081633,32.29706
A,64.102041,65,1.0,0.102041,32.77193
A,64.122449,65,1.0,0.122449,33.14006
A,64.142857,65,1.0,0.142857,33.42558
A,64.163265,65,1.0,0.163265,33.64721
A,64.183673,65,1.0,0.183673,33.81949
A,64.204082,65,1.0,0.204082,33.95371
A,64.22449,65,1.0,0.22449,34.05865
A,64.244898,65,1.0,0.244898,34.14115
A,64.265306,65,1.0,0.265306,34.20656
A,64.285714,65,1.0,0.285714,34.25905
A,64.306122,65,1.0,0.306122,34.30191
A,64.326531,65,1.0,0.326531,34.33772
A,64.346939,65,1.0,0.346939,34.36853
A,64.367347,65,1.0,0.367347,34.396
A,64.387755,65,1.0,0.387755,34.42145
A,64.408163,65,1.0,0.408163,34.44596
A,64.428571,65,1.0,0.428571,34.47044
A,64.44898,65,1.0,0.44898,34.49564
A,64.469388,65,1.0,0.469388,34.52221
A,64.489796,65,1.0,0.489796,34.55074
A,64.510204,65,1.0,0.510204,34.58172
A,64.530612,65,1.0,0.530612,34.61564
A,64.55102,65,1.0,0.55102,34.65293
A,64.571429,65,1.0,0.571429,34.694
A,64.591837,65,1.0,0.591837,34.73927
A,64.612245,65,1.0,0.612245,34.78912
A,64.632653,65,1.0,0.632653,34.84394
A,64.653061,65,1.0,0.653061,34.90413
A,64.673469,65,1.0,0.673469,34.97008
A,64.693878,65,1.0,0.693878,35.04219
A,64.714286,65,1.0,0.714286,35.12086
A,64.734694,65,1.0,0.734694,35.20649
A,64.755102,65,1.0,0.755102,35.29951
A,64.77551,65,1.0,0.77551,35.40035
A,64.795918,65,1.0,0.795918,35.50943
A,64.816327,65,1.0,0.816327,35.62722
A,64.836735,65,1.0,0.836735,35.75415
A,64.857143,65,1.0,0.857143,35.89071
A,64.877551,65,1.0,0.877551,36.03737
A,64.897959,65,1.0,0.897959,36.19461
A,64.918367,65,1.0,0.918367,36.36294
A,64.938776,65,1.0,0.938776,36.54288
A,64.959184,65,1.0,0.959184,36.73493
A,64.979592,65,1.0,0.979592,36.93964
A,65.0,65,1.0,1.0,37.15755
A,65.0,66,-1.0,0.0,-28.8781
A,65.020408,66,-1.0,0.020408,-30.20989
A,65.040816,66,-1.0,0.040816,-31.24182
A,65.061224,66,-1.0,0.061224,-32.04142
A,65.081633,66,-1.0,0.081633,-32.66104
A,65.102041,66,-1.0,0.102041,-33.14126
A,65.122449,66,-1.0,0.122449,-33.51354
A,65.142857,66,-1.0,0.142857,-33.80227
A,65.163265,66,-1.0,0.163265,-34.0264
A,65.183673,66,-1.0,0.183673,-34.20062
A,65.204082,66,-1.0,0.204082,-34.33635
A,65.22449,66,-1.0,0.22449,-34.44247
A,65.244898,66,-1.0,0.244898,-34.52591
A,65.265306,66,-1.0,0.265306,-34.59206
A,65.285714,66,-1.0,0.285714,-34.64514
A,65.306122,66,-1.0,0.306122,-34.68848
A,65.326531,66,-1.0,0.326531,-34.72469
A,65.346939,66,-1.0,0.346939,-34.75586
A,65.367347,66,-1.0,0.367347,-34.78363
A,65.387755,66,-1.0,0.387755,-34.80937
A,65.408163,66,-1.0,0.408163,-34.83415
A,65.428571,66,-1.0,0.428571,-34.85891
A,65.44898,66,-1.0,0.44898,-34.88439
A,65.469388,66,-1.0,0.469388,-34.91126
A,65.489796,66,-1.0,0.489796,-34.94011
A,65.510204,66,-1.0,0.510204,-34.97144
A,65.530612,66,-1.0,0.530612,-35.00574
A,65.55102,66,-1.0,0.55102,-35.04345
A,65.571429,66,-1.0,0.571429,-35.08499
A,65.591837,66,-1.0,0.591837,-35.13076
A,65.612245,66,-1.0,0.612245,-35.18118
A,65.632653,66,-1.0,0.632653,-35.23662
A,65.653061,66,-1.0,0.653061,-35.29749
A,65.673469,66,-1.0,0.673469,-35.36418
A,65.693878,66,-1.0,0.693878,-35.4371
A,65.714286,66,-1.0,0.714286,-35.51666
A,65.734694,66,-1.0,0.734694,-35.60325
A,65.755102,66,-1.0,0.755102,-35.69732
A,65.77551,66,-1.0,0.77551,-35.7993
A,65.795918,66,-1.0,0.795918,-35.90961
A,65.816327,66,-1.0,0.816327,-36.02872
A,65.836735,66,-1.0,0.836735,-36.15709
A,65.857143,66,-1.0,0.857143,-36.29518
A,65.877551,66,-1.0,0.877551,-36.44349
A,65.897959,66,-1.0,0.897959,-36.60251
A,65.918367,66,-1.0,0.918367,-36.77274
A,65.938776,66,-1.0,0.938776,-36.9547
A,65.959184,66,-1.0,0.959184,-37.14892
A,65.979592,66,-1.0,0.979592,-37.35593
A,66.0,66,-1.0,1.0,-37.5763
A,66.0,67,1.0,0.0,28.92295
A,66.020408,67,1.0,0.020408,30.25681
A,66.040816,67,1.0,0.040816,31.29034
A,66.061224,67,1.0,0.061224,32.09118
A,66.081633,67,1.0,0.081633,32.71177
A,66.102041,67,1.0,0.102041,33.19273
A,66.122449,67,1.0,0.122449,33.56559
A,66.142857,67,1.0,0.142857,33.85477
A,66.163265,67,1.0,0.163265,34.07925
A,66.183673,67,1.0,0.183673,34.25374
A,66.204082,67,1.0,0.204082,34.38968
A,66.22449,67,1.0,0.22449,34.49597
A,66.244898,67,1.0,0.244898,34.57953
A,66.265306,67,1.0,0.265306,34.64578
A,66.285714,67,1.0,0.285714,34.69895
A,66.306122,67,1.0,0.306122,34.74235
A,66.326531,67,1.0,0.326531,34.77862
A,66.346939,67,1.0,0.346939,34.80984
A,66.367347,67,1.0,0.367347,34.83766
A,66.387755,67,1.0,0.387755,34.86343
A,66.408163,67,1.0,0.408163,34.88826
A,66.428571,67,1.0,0.428571,34.91305
A,66.44898,67,1.0,0.44898,34.93857
A,66.469388,67,1.0,0.469388,34.96549
A,66.489796,67,1.0,0.489796,34.99438
A,66.510204,67,1.0,0.510204,35.02576
A,66.530612,67,1.0,0.530612,35.06011
A,66.55102,67,1.0,0.55102,35.09788
A,66.571429,67,1.0,0.571429,35.13948
A,66.591837,67,1.0,0.591837,35.18533
A,66.612245,67,1.0,0.612245,35.23582
A,66.632653,67,1.0,0.632653,35.29135
A,66.653061,67,1.0,0.653061,35.35231
A,66.673469,67,1.0,0.673469,35.41911
A,66.693878,67,1.0,0.693878,35.49214
A,66.714286,67,1.0,0.714286,35.57182
A,66.734694,67,1.0,0.734694,35.65855
A,66.755102,67,1.0,0.755102,35.75277
A,66.77551,67,1.0,0.77551,35.8549
A,66.795918,67,1.0,0.795918,35.96538
A,66.816327,67,1.0,0.816327,36.08468
A,66.836735,67,1.0,0.836735,36.21325
A,66.857143,67,1.0,0.857143,36.35156
A,66.877551,67,1.0,0.877551,36.5001
A,66.897959,67,1.0,0.897959,36.65936
A,66.918367,67,1.0,0.918367,36.82986
A,66.938776,67,1.0,0.938776,37.0121
A,66.959184,67,1.0,0.959184,37.20662
A,66.979592,67,1.0,0.979592,37.41395
A,67.0,67,1.0,1.0,37.63466
A,67.0,68,-1.0,0.0,-28.81076
A,67.020408,68,-1.0,0.020408,-30.13945
A,67.040816,68,-1.0,0.040816,-31.16897
A,67.061224,68,-1.0,0.061224,-31.9667
A,67.081633,68,-1.0,0.081633,-32.58488
A,67.102041,68,-1.0,0.102041,-33.06398
A,67.122449,68,-1.0,0.122449,-33.43539
A,67.142857,68,-1.0,0.142857,-33.72345
A,67.163265,68,-1.0,0.163265,-33.94706
A,67.183673,68,-1.0,0.183673,-34.12087
A,67.204082,68,-1.0,0.204082,-34.25629
A,67.22449,68,-1.0,0.22449,-34.36216
A,67.244898,68,-1.0,0.244898,-34.4454
A,67.265306,68,-1.0,0.265306,-34.5114
A,67.285714,68,-1.0,0.285714,-34.56436
A,67.306122,68,-1.0,0.306122,-34.60759
A,67.326531,68,-1.0,0.326531,-34.64372
A,67.346939,68,-1.0,0.346939,-34.67481
A,67.367347,68,-1.0,0.367347,-34.70253
A,67.387755,68,-1.0,0.387755,-34.7282
A,67.408163,68,-1.0,0.408163,-34.75293
A,67.428571,68,-1.0,0.428571,-34.77762
A,67.44898,68,-1.0,0.44898,-34.80305
A,67.469388,68,-1.0,0.469388,-34.82986
A,67.489796,68,-1.0,0.489796,-34.85864
A,67.510204,68,-1.0,0.510204,-34.8899
A,67.530612,68,-1.0,0.530612,-34.92412
A,67.55102,68,-1.0,0.55102,-34.96174
A,67.571429,68,-1.0,0.571429,-35.00318
A,67.591837,68,-1.0,0.591837,-35.04885
A,67.612245,68,-1.0,0.612245,-35.09914
A,67.632653,68,-1.0,0.632653,-35.15446
A,67.653061,68,-1.0,0.653061,-35.21518
A,67.673469,68,-1.0,0.673469,-35.28172
A,67.693878,68,-1.0,0.693878,-35.35447
A,67.714286,68,-1.0,0.714286,-35.43384
A,67.734694,68,-1.0,0.734694,-35.52024
A,67.755102,68,-1.0,0.755102,-35.61409
A,67.77551,68,-1.0,0.77551,-35.71582
A,67.795918,68,-1.0,0.795918,-35.82588
A,67.816327,68,-1.0,0.816327,-35.94471
A,67.836735,68,-1.0,0.836735,-36.07278
A,67.857143,68,-1.0,0.857143,-36.21055
A,67.877551,68,-1.0,0.877551,-36.35852
A,67.897959,68,-1.0,0.897959,-36.51716
A,67.918367,68,-1.0,0.918367,-36.687
A,67.938776,68,-1.0,0.938776,-36.86853
A,67.959184,68,-1.0,0.959184,-37.0623
A,67.979592,68,-1.0,0.979592,-37.26883
A,68.0,68,-1.0,1.0,-37.48868
A,68.0,69,1.0,0.0,29.02634
A,68.020408,69,1.0,0.020408,30.36496
A,68.040816,69,1.0,0.040816,31.40219
A,68.061224,69,1.0,0.061224,32.2059
A,68.081633,69,1.0,0.081633,32.8287
A,68.102041,69,1.0,0.102041,33.31138
A,68.122449,69,1.0,0.122449,33.68557
A,68.142857,69,1.0,0.142857,33.97579
A,68.163265,69,1.0,0.163265,34.20107
A,68.183673,69,1.0,0.183673,34.37618
A,68.204082,69,1.0,0.204082,34.51261
A,68.22449,69,1.0,0.22449,34.61928
A,68.244898,69,1.0,0.244898,34.70314
A,68.265306,69,1.0,0.265306,34.76963
A,68.285714,69,1.0,0.285714,34.82298
A,68.306122,69,1.0,0.306122,34.86655
A,68.326531,69,1.0,0.326531,34.90294
A,68.346939,69,1.0,0.346939,34.93427
A,68.367347,69,1.0,0.367347,34.96219
A,68.387755,69,1.0,0.387755,34.98805
A,68.408163,69,1.0,0.408163,35.01297
A,68.428571,69,1.0,0.428571,35.03785
A,68.44898,69,1.0,0.44898,35.06346
A,68.469388,69,1.0,0.469388,35.09047
A,68.489796,69,1.0,0.489796,35.11947
A,68.510204,69,1.0,0.510204,35.15096
A,68.530612,69,1.0,0.530612,35.18544
A,68.55102,69,1.0,0.55102,35.22334
A,68.571429,69,1.0,0.571429,35.26509
A,68.591837,69,1.0,0.591837,35.3111
A,68.612245,69,1.0,0.612245,35.36177
A,68.632653,69,1.0,0.632653,35.4175
A,68.653061,69,1.0,0.653061,35.47868
A,68.673469,69,1.0,0.673469,35.54572
A,68.693878,69,1.0,0.693878,35.61901
A,68.714286,69,1.0,0.714286,35.69897
A,68.734694,69,1.0,0.734694,35.78602
A,68.755102,69,1.0,0.755102,35.88057
A,68.77551,69,1.0,0.77551,35.98306
A,68.795918,69,1.0,0.795918,36.09395
A,68.816327,69,1.0,0.816327,36.21367
A,68.836735,69,1.0,0.836735,36.34269
A,68.857143,69,1.0,0.857143,36.4815
A,68.877551,69,1.0,0.877551,36.63057
A,68.897959,69,1.0,0.897959,36.7904
A,68.918367,69,1.0,0.918367,36.96151
A,68.938776,69,1.0,0.938776,37.1444
A,68.959184,69,1.0,0.959184,37.33962
A,68.979592,69,1.0,0.979592,37.54769
A,69.0,69,1.0,1.0,37.76919
A,69.0,70,-1.0,0.0,-28.81719
A,69.020408,70,-1.0,0.020408,-30.14617
A,69.040816,70,-1.0,0.040816,-31.17592
A,69.061224,70,-1.0,0.061224,-31.97383
A,69.081633,70,-1.0,0.081633,-32.59215
A,69.102041,70,-1.0,0.102041,-33.07135
A,69.122449,70,-1.0,0.122449,-33.44285
A,69.142857,70,-1.0,0.142857,-33.73097
A,69.163265,70,-1.0,0.163265,-33.95463
A,69.183673,70,-1.0,0.183673,-34.12848
A,69.204082,70,-1.0,0.204082,-34.26393
A,69.22449,70,-1.0,0.22449,-34.36983
A,69.244898,70,-1.0,0.244898,-34.45309
A,69.265306,70,-1.0,0.265306,-34.51909
A,69.285714,70,-1.0,0.285714,-34.57206
A,69.306122,70,-1.0,0.306122,-34.61531
A,69.326531,70,-1.0,0.326531,-34.65145
A,69.346939,70,-1.0,0.346939,-34.68255
A,69.367347,70,-1.0,0.367347,-34.71027
A,69.387755,70,-1.0,0.387755,-34.73594
A,69.408163,70,-1.0,0.408163,-34.76068
A,69.428571,70,-1.0,0.428571,-34.78538
A,69.44898,70,-1.0,0.44898,-34.81081
A,69.469388,70,-1.0,0.469388,-34.83763
A,69.489796,70,-1.0,0.489796,-34.86641
A,69.510204,70,-1.0,0.510204,-34.89768
A,69.530612,70,-1.0,0.530612,-34.93191
A,69.55102,70,-1.0,0.55102,-34.96954
A,69.571429,70,-1.0,0.571429,-35.01099
A,69.591837,70,-1.0,0.591837,-35.05666
A,69.612245,70,-1.0,0.612245,-35.10697
A,69.632653,70,-1.0,0.632653,-35.1623
A,69.653061,70,-1.0,0.653061,-35.22304
A,69.673469,70,-1.0,0.673469,-35.28959
A,69.693878,70,-1.0,0.693878,-35.36236
A,69.714286,70,-1.0,0.714286,-35.44174
A,69.734694,70,-1.0,0.734694,-35.52816
A,69.755102,70,-1.0,0.755102,-35.62203
A,69.77551,70,-1.0,0.77551,-35.72378
A,69.795918,70,-1.0,0.795918,-35.83387
A,69.816327,70,-1.0,0.816327,-35.95273
A,69.836735,70,-1.0,0.836735,-36.08082
A,69.857143,70,-1.0,0.857143,-36.21863
A,69.877551,70,-1.0,0.877551,-36.36663
A,69.897959,70,-1.0,0.897959,-36.52531
A,69.918367,70,-1.0,0.918367,-36.69518
A,69.938776,70,-1.0,0.938776,-36.87675
A,69.959184,70,-1.0,0.959184,-37.07056
A,69.979592,70,-1.0,0.979592,-37.27714
A,70.0,70,-1.0,1.0,-37.49704
A,70.0,71,1.0,0.0,28.66107
A,70.020408,71,1.0,0.020408,29.98285
A,70.040816,71,1.0,0.040816,31.00702
A,70.061224,71,1.0,0.061224,31.80061
A,70.081633,71,1.0,0.081633,32.41558
A,70.102041,71,1.0,0.102041,32.89219
A,70.122449,71,1.0,0.122449,33.26167
A,70.142857,71,1.0,0.142857,33.54823
A,70.163265,71,1.0,0.163265,33.77068
A,70.183673,71,1.0,0.183673,33.94359
A,70.204082,71,1.0,0.204082,34.0783
A,70.22449,71,1.0,0.22449,34.18362
A,70.244898,71,1.0,0.244898,34.26643
A,70.265306,71,1.0,0.265306,34.33208
A,70.285714,71,1.0,0.285714,34.38477
A,70.306122,71,1.0,0.306122,34.42778
A,70.326531,71,1.0,0.326531,34.46372
A,70.346939,71,1.0,0.346939,34.49465
A,70.367347,71,1.0,0.367347,34.52222
A,70.387755,71,1.0,0.387755,34.54776
A,70.408163,71,1.0,0.408163,34.57236
A,70.428571,71,1.0,0.428571,34.59693
A,70.44898,71,1.0,0.44898,34.62222
A,70.469388,71,1.0,0.469388,34.64889
A,70.489796,71,1.0,0.489796,34.67752
A,70.510204,71,1.0,0.510204,34.70862
A,70.530612,71,1.0,0.530612,34.74266
A,70.55102,71,1.0,0.55102,34.78008
A,70.571429,71,1.0,0.571429,34.82131
A,70.591837,71,1.0,0.591837,34.86674
A,70.612245,71,1.0,0.612245,34.91677
A,70.632653,71,1.0,0.632653,34.9718
A,70.653061,71,1.0,0.653061,35.03221
A,70.673469,71,1.0,0.673469,35.09841
A,70.693878,71,1.0,0.693878,35.17078
A,70.714286,71,1.0,0.714286,35.24973
A,70.734694,71,1.0,0.734694,35.33568
A,70.755102,71,1.0,0.755102,35.42904
A,70.77551,71,1.0,0.77551,35.53025
A,70.795918,71,1.0,0.795918,35.63973
A,70.816327,71,1.0,0.816327,35.75795
A,70.836735,71,1.0,0.836735,35.88535
A,70.857143,71,1.0,0.857143,36.02241
A,70.877551,71,1.0,0.877551,36.1696
A,70.897959,71,1.0,0.897959,36.32743
A,70.918367,71,1.0,0.918367,36.49638
A,70.938776,71,1.0,0.938776,36.67697
A,70.959184,71,1.0,0.959184,36.86973
A,70.979592,71,1.0,0.979592,37.07519
A,71.0,71,1.0,1.0,37.2939
A,71.0,72,-1.0,0.0,-28.77627
A,71.020408,72,-1.0,0.020408,-30.10336
A,71.040816,72,-1.0,0.040816,-31.13165
A,71.061224,72,-1.0,0.061224,-31.92844
A,71.081633,72,-1.0,0.081633,-32.54587
A,71.102041,72,-1.0,0.102041,-33.0244
A,71.122449,72,-1.0,0.122449,-33.39536
A,71.142857,72,-1.0,0.142857,-33.68308
A,71.163265,72,-1.0,0.163265,-33.90642
A,71.183673,72,-1.0,0.183673,-34.08003
A,71.204082,72,-1.0,0.204082,-34.21528
A,71.22449,72,-1.0,0.22449,-34.32103
A,71.244898,72,-1.0,0.244898,-34.40417
A,71.265306,72,-1.0,0.265306,-34.47008
A,71.285714,72,-1.0,0.285714,-34.52298
A,71.306122,72,-1.0,0.306122,-34.56616
A,71.326531,72,-1.0,0.326531,-34.60225
A,71.346939,72,-1.0,0.346939,-34.6333
A,71.367347,72,-1.0,0.367347,-34.66098
A,71.387755,72,-1.0,0.387755,-34.68662
A,71.408163,72,-1.0,0.408163,-34.71133
A,71.428571,72,-1.0,0.428571,-34.73599
A,71.44898,72,-1.0,0.44898,-34.76138
A,71.469388,72,-1.0,0.469388,-34.78816
A,71.489796,72,-1.0,0.489796,-34.81691
A,71.510204,72,-1.0,0.510204,-34.84813
A,71.530612,72,-1.0,0.530612,-34.88231
A,71.55102,72,-1.0,0.55102,-34.91988
A,71.571429,72,-1.0,0.571429,-34.96128
A,71.591837,72,-1.0,0.591837,-35.00689
A,71.612245,72,-1.0,0.612245,-35.05712
A,71.632653,72,-1.0,0.632653,-35.11237
A,71.653061,72,-1.0,0.653061,-35.17303
A,71.673469,72,-1.0,0.673469,-35.23949
A,71.693878,72,-1.0,0.693878,-35.31215
A,71.714286,72,-1.0,0.714286,-35.39142
A,71.734694,72,-1.0,0.734694,-35.47771
A,71.755102,72,-1.0,0.755102,-35.57145
A,71.77551,72,-1.0,0.77551,-35.67306
A,71.795918,72,-1.0,0.795918,-35.78299
A,71.816327,72,-1.0,0.816327,-35.90168
A,71.836735,72,-1.0,0.836735,-36.02959
A,71.857143,72,-1.0,0.857143,-36.1672
A,71.877551,72,-1.0,0.877551,-36.31499
A,71.897959,72,-1.0,0.897959,-36.47345
A,71.918367,72,-1.0,0.918367,-36.64308
A,71.938776,72,-1.0,0.938776,-36.82439
A,71.959184,72,-1.0,0.959184,-37.01793
A,71.979592,72,-1.0,0.979592,-37.22421
A,72.0,72,-1.0,1.0,-37.4438
A,72.0,73,1.0,0.0,29.09062
A,72.020408,73,1.0,0.020408,30.43221
A,72.040816,73,1.0,0.040816,31.47173
A,72.061224,73,1.0,0.061224,32.27722
A,72.081633,73,1.0,0.081633,32.9014
A,72.102041,73,1.0,0.102041,33.38516
A,72.122449,73,1.0,0.122449,33.76017
A,72.142857,73,1.0,0.142857,34.05103
A,72.163265,73,1.0,0.163265,34.27681
A,72.183673,73,1.0,0.183673,34.45232
A,72.204082,73,1.0,0.204082,34.58904
A,72.22449,73,1.0,0.22449,34.69595
A,72.244898,73,1.0,0.244898,34.78
A,72.265306,73,1.0,0.265306,34.84663
A,72.285714,73,1.0,0.285714,34.9001
A,72.306122,73,1.0,0.306122,34.94376
A,72.326531,73,1.0,0.326531,34.98024
A,72.346939,73,1.0,0.346939,35.01164
A,72.367347,73,1.0,0.367347,35.03962
A,72.387755,73,1.0,0.387755,35.06554
A,72.408163,73,1.0,0.408163,35.09051
A,72.428571,73,1.0,0.428571,35.11544
A,72.44898,73,1.0,0.44898,35.14112
A,72.469388,73,1.0,0.469388,35.16819
A,72.489796,73,1.0,0.489796,35.19725
A,72.510204,73,1.0,0.510204,35.22881
A,72.530612,73,1.0,0.530612,35.26336
A,72.55102,73,1.0,0.55102,35.30135
A,72.571429,73,1.0,0.571429,35.34319
A,72.591837,73,1.0,0.591837,35.3893
A,72.612245,73,1.0,0.612245,35.44009
A,72.632653,73,1.0,0.632653,35.49594
A,72.653061,73,1.0,0.653061,35.55726
A,72.673469,73,1.0,0.673469,35.62444
A,72.693878,73,1.0,0.693878,35.6979
A,72.714286,73,1.0,0.714286,35.77803
A,72.734694,73,1.0,0.734694,35.86527
A,72.755102,73,1.0,0.755102,35.96003
A,72.77551,73,1.0,0.77551,36.06275
A,72.795918,73,1.0,0.795918,36.17388
A,72.816327,73,1.0,0.816327,36.29387
A,72.836735,73,1.0,0.836735,36.42318
A,72.857143,73,1.0,0.857143,36.56229
A,72.877551,73,1.0,0.877551,36.71169
A,72.897959,73,1.0,0.897959,36.87188
A,72.918367,73,1.0,0.918367,37.04336
A,72.938776,73,1.0,0.938776,37.22666
A,72.959184,73,1.0,0.959184,37.42231
A,72.979592,73,1.0,0.979592,37.63085
A,73.0,73,1.0,1.0,37.85283
A,73.0,74,-1.0,0.0,-29.15863
A,73.020408,74,-1.0,0.020408,-30.50336
A,73.040816,74,-1.0,0.040816,-31.54531
A,73.061224,74,-1.0,0.061224,-32.35268
A,73.081633,74,-1.0,0.081633,-32.97832
A,73.102041,74,-1.0,0.102041,-33.4632
A,73.122449,74,-1.0,0.122449,-33.8391
A,73.142857,74,-1.0,0.142857,-34.13064
A,73.163265,74,-1.0,0.163265,-34.35694
A,73.183673,74,-1.0,0.183673,-34.53286
A,73.204082,74,-1.0,0.204082,-34.6699
A,73.22449,74,-1.0,0.22449,-34.77706
A,73.244898,74,-1.0,0.244898,-34.8613
A,73.265306,74,-1.0,0.265306,-34.92809
A,73.285714,74,-1.0,0.285714,-34.98169
A,73.306122,74,-1.0,0.306122,-35.02545
A,73.326531,74,-1.0,0.326531,-35.06202
A,73.346939,74,-1.0,0.346939,-35.09348
A,73.367347,74,-1.0,0.367347,-35.12153
A,73.387755,74,-1.0,0.387755,-35.14751
A,73.408163,74,-1.0,0.408163,-35.17254
A,73.428571,74,-1.0,0.428571,-35.19754
A,73.44898,74,-1.0,0.44898,-35.22327
A,73.469388,74,-1.0,0.469388,-35.2504
A,73.489796,74,-1.0,0.489796,-35.27953
A,73.510204,74,-1.0,0.510204,-35.31117
A,73.530612,74,-1.0,0.530612,-35.3458
A,73.55102,74,-1.0,0.55102,-35.38387
A,73.571429,74,-1.0,0.571429,-35.42581
A,73.591837,74,-1.0,0.591837,-35.47203
A,73.612245,74,-1.0,0.612245,-35.52294
A,73.632653,74,-1.0,0.632653,-35.57892
A,73.653061,74,-1.0,0.653061,-35.64038
A,73.673469,74,-1.0,0.673469,-35.70772
A,73.693878,74,-1.0,0.693878,-35.78135
A,73.714286,74,-1.0,0.714286,-35.86167
A,73.734694,74,-1.0,0.734694,-35.94911
A,73.755102,74,-1.0,0.755102,-36.0441
A,73.77551,74,-1.0,0.77551,-36.14706
A,73.795918,74,-1.0,0.795918,-36.25845
A,73.816327,74,-1.0,0.816327,-36.37871
A,73.836735,74,-1.0,0.836735,-36.50833
A,73.857143,74,-1.0,0.857143,-36.64777
A,73.877551,74,-1.0,0.877551,-36.79752
A,73.897959,74,-1.0,0.897959,-36.95808
A,73.918367,74,-1.0,0.918367,-37.12996
A,73.938776,74,-1.0,0.938776,-37.31369
A,73.959184,74,-1.0,0.959184,-37.50979
A,73.979592,74,-1.0,0.979592,-37.71882
A,74.0,74,-1.0,1.0,-37.94132
A,74.0,75,1.0,0.0,29.11839
A,74.020408,75,1.0,0.020408,30.46127
A,74.040816,75,1.0,0.040816,31.50178
A,74.061224,75,1.0,0.061224,32.30803
A,74.081633,75,1.0,0.081633,32.93281
A,74.102041,75,1.0,0.102041,33.41703
A,74.122449,75,1.0,0.122449,33.7924
A,74.142857,75,1.0,0.142857,34.08354
A,74.163265,75,1.0,0.163265,34.30954
A,74.183673,75,1.0,0.183673,34.48521
A,74.204082,75,1.0,0.204082,34.62207
A,74.22449,75,1.0,0.22449,34.72907
A,74.244898,75,1.0,0.244898,34.8132
A,74.265306,75,1.0,0.265306,34.8799
A,74.285714,75,1.0,0.285714,34.93342
A,74.306122,75,1.0,0.306122,34.97712
A,74.326531,75,1.0,0.326531,35.01364
A,74.346939,75,1.0,0.346939,35.04506
A,74.367347,75,1.0,0.367347,35.07307
A,74.387755,75,1.0,0.387755,35.09902
A,74.408163,75,1.0,0.408163,35.12401
A,74.428571,75,1.0,0.428571,35.14897
A,74.44898,75,1.0,0.44898,35.17466
A,74.469388,75,1.0,0.469388,35.20176
A,74.489796,75,1.0,0.489796,35.23085
A,74.510204,75,1.0,0.510204,35.26244
A,74.530612,75,1.0,0.530612,35.29703
A,74.55102,75,1.0,0.55102,35.33505
A,74.571429,75,1.0,0.571429,35.37693
A,74.591837,75,1.0,0.591837,35.42309
A,74.612245,75,1.0,0.612245,35.47392
A,74.632653,75,1.0,0.632653,35.52982
A,74.653061,75,1.0,0.653061,35.5912
A,74.673469,75,1.0,0.673469,35.65845
A,74.693878,75,1.0,0.693878,35.73198
A,74.714286,75,1.0,0.714286,35.81219
A,74.734694,75,1.0,0.734694,35.89951
A,74.755102,75,1.0,0.755102,35.99436
A,74.77551,75,1.0,0.77551,36.09718
A,74.795918,75,1.0,0.795918,36.20841
A,74.816327,75,1.0,0.816327,36.32852
A,74.836735,75,1.0,0.836735,36.45795
A,74.857143,75,1.0,0.857143,36.5972
A,74.877551,75,1.0,0.877551,36.74674
A,74.897959,75,1.0,0.897959,36.90708
A,74.918367,75,1.0,0.918367,37.07873
A,74.938776,75,1.0,0.938776,37.2622
A,74.959184,75,1.0,0.959184,37.45804
A,74.979592,75,1.0,0.979592,37.66677
A,75.0,75,1.0,1.0,37.88897
A,75.0,76,-1.0,0.0,-28.43215
A,75.020408,76,-1.0,0.020408,-29.74338
A,75.040816,76,-1.0,0.040816,-30.75937
A,75.061224,76,-1.0,0.061224,-31.54662
A,75.081633,76,-1.0,0.081633,-32.15667
A,75.102041,76,-1.0,0.102041,-32.62948
A,75.122449,76,-1.0,0.122449,-32.99601
A,75.142857,76,-1.0,0.142857,-33.28028
A,75.163265,76,-1.0,0.163265,-33.50095
A,75.183673,76,-1.0,0.183673,-33.67248
A,75.204082,76,-1.0,0.204082,-33.80612
A,75.22449,76,-1.0,0.22449,-33.9106
A,75.244898,76,-1.0,0.244898,-33.99275
A,75.265306,76,-1.0,0.265306,-34.05787
A,75.285714,76,-1.0,0.285714,-34.11014
A,75.306122,76,-1.0,0.306122,-34.15281
A,75.326531,76,-1.0,0.326531,-34.18846
A,75.346939,76,-1.0,0.346939,-34.21914
A,75.367347,76,-1.0,0.367347,-34.24649
A,75.387755,76,-1.0,0.387755,-34.27183
A,75.408163,76,-1.0,0.408163,-34.29623
A,75.428571,76,-1.0,0.428571,-34.3206
A,75.44898,76,-1.0,0.44898,-34.34569
A,75.469388,76,-1.0,0.469388,-34.37215
A,75.489796,76,-1.0,0.489796,-34.40055
A,75.510204,76,-1.0,0.510204,-34.4314
A,75.530612,76,-1.0,0.530612,-34.46517
A,75.55102,76,-1.0,0.55102,-34.5023
A,75.571429,76,-1.0,0.571429,-34.54319
A,75.591837,76,-1.0,0.591837,-34.58826
A,75.612245,76,-1.0,0.612245,-34.63789
A,75.632653,76,-1.0,0.632653,-34.69248
A,75.653061,76,-1.0,0.653061,-34.75241
A,75.673469,76,-1.0,0.673469,-34.81808
A,75.693878,76,-1.0,0.693878,-34.88987
A,75.714286,76,-1.0,0.714286,-34.96819
A,75.734694,76,-1.0,0.734694,-35.05346
A,75.755102,76,-1.0,0.755102,-35.14607
A,75.77551,76,-1.0,0.77551,-35.24647
A,75.795918,76,-1.0,0.795918,-35.35508
A,75.816327,76,-1.0,0.816327,-35.47235
A,75.836735,76,-1.0,0.836735,-35.59874
A,75.857143,76,-1.0,0.857143,-35.7347
A,75.877551,76,-1.0,0.877551,-35.88072
A,75.897959,76,-1.0,0.897959,-36.03728
A,75.918367,76,-1.0,0.918367,-36.20488
A,75.938776,76,-1.0,0.938776,-36.38403
A,75.959184,76,-1.0,0.959184,-36.57525
A,75.979592,76,-1.0,0.979592,-36.77907
A,76.0,76,-1.0,1.0,-36.99603
A,76.0,77,1.0,0.0,28.15501
A,76.020408,77,1.0,0.020408,29.45346
A,76.040816,77,1.0,0.040816,30.45955
A,76.061224,77,1.0,0.061224,31.23913
A,76.081633,77,1.0,0.081633,31.84323
A,76.102041,77,1.0,0.102041,32.31143
A,76.122449,77,1.0,0.122449,32.67438
A,76.142857,77,1.0,0.142857,32.95589
A,76.163265,77,1.0,0.163265,33.17441
A,76.183673,77,1.0,0.183673,33.34427
A,76.204082,77,1.0,0.204082,33.4766
A,76.22449,77,1.0,0.22449,33.58006
A,76.244898,77,1.0,0.244898,33.66141
A,76.265306,77,1.0,0.265306,33.7259
A,76.285714,77,1.0,0.285714,33.77765
A,76.306122,77,1.0,0.306122,33.81991
A,76.326531,77,1.0,0.326531,33.85521
A,76.346939,77,1.0,0.346939,33.8856
A,76.367347,77,1.0,0.367347,33.91268
A,76.387755,77,1.0,0.387755,33.93777
A,76.408163,77,1.0,0.408163,33.96194
A,76.428571,77,1.0,0.428571,33.98607
A,76.44898,77,1.0,0.44898,34.01091
A,76.469388,77,1.0,0.469388,34.03711
A,76.489796,77,1.0,0.489796,34.06524
A,76.510204,77,1.0,0.510204,34.09579
A,76.530612,77,1.0,0.530612,34.12923
A,76.55102,77,1.0,0.55102,34.16599
A,76.571429,77,1.0,0.571429,34.20649
A,76.591837,77,1.0,0.591837,34.25112
A,76.612245,77,1.0,0.612245,34.30027
A,76.632653,77,1.0,0.632653,34.35432
A,76.653061,77,1.0,0.653061,34.41367
A,76.673469,77,1.0,0.673469,34.47869
A,76.693878,77,1.0,0.693878,34.54979
A,76.714286,77,1.0,0.714286,34.62735
A,76.734694,77,1.0,0.734694,34.71178
A,76.755102,77,1.0,0.755102,34.80349
A,76.77551,77,1.0,0.77551,34.90291
A,76.795918,77,1.0,0.795918,35.01046
A,76.816327,77,1.0,0.816327,35.12659
A,76.836735,77,1.0,0.836735,35.25174
A,76.857143,77,1.0,0.857143,35.38638
A,76.877551,77,1.0,0.877551,35.53098
A,76.897959,77,1.0,0.897959,35.68601
A,76.918367,77,1.0,0.918367,35.85198
A,76.938776,77,1.0,0.938776,36.02939
A,76.959184,77,1.0,0.959184,36.21874
A,76.979592,77,1.0,0.979592,36.42057
A,77.0,77,1.0,1.0,36.63542
A,77.0,78,-1.0,0.0,-28.13894
A,77.020408,78,-1.0,0.020408,-29.43664
A,77.040816,78,-1.0,0.040816,-30.44215
A,77.061224,78,-1.0,0.061224,-31.22129
A,77.081633,78,-1.0,0.081633,-31.82505
A,77.102041,78,-1.0,0.102041,-32.29298
A,77.122449,78,-1.0,0.122449,-32.65573
A,77.142857,78,-1.0,0.142857,-32.93707
A,77.163265,78,-1.0,0.163265,-33.15547
A,77.183673,78,-1.0,0.183673,-33.32523
A,77.204082,78,-1.0,0.204082,-33.45748
A,77.22449,78,-1.0,0.22449,-33.56089
A,77.244898,78,-1.0,0.244898,-33.64219
A,77.265306,78,-1.0,0.265306,-33.70664
A,77.285714,78,-1.0,0.285714,-33.75837
A,77.306122,78,-1.0,0.306122,-33.8006
A,77.326531,78,-1.0,0.326531,-33.83588
A,77.346939,78,-1.0,0.346939,-33.86625
A,77.367347,78,-1.0,0.367347,-33.89332
A,77.387755,78,-1.0,0.387755,-33.91839
A,77.408163,78,-1.0,0.408163,-33.94254
A,77.428571,78,-1.0,0.428571,-33.96666
A,77.44898,78,-1.0,0.44898,-33.99149
A,77.469388,78,-1.0,0.469388,-34.01768
A,77.489796,78,-1.0,0.489796,-34.04579
A,77.510204,78,-1.0,0.510204,-34.07632
A,77.530612,78,-1.0,0.530612,-34.10974
A,77.55102,78,-1.0,0.55102,-34.14648
A,77.571429,78,-1.0,0.571429,-34.18696
A,77.591837,78,-1.0,0.591837,-34.23156
A,77.612245,78,-1.0,0.612245,-34.28068
A,77.632653,78,-1.0,0.632653,-34.33471
A,77.653061,78,-1.0,0.653061,-34.39402
A,77.673469,78,-1.0,0.673469,-34.45901
A,77.693878,78,-1.0,0.693878,-34.53006
A,77.714286,78,-1.0,0.714286,-34.60758
A,77.734694,78,-1.0,0.734694,-34.69196
A,77.755102,78,-1.0,0.755102,-34.78362
A,77.77551,78,-1.0,0.77551,-34.88298
A,77.795918,78,-1.0,0.795918,-34.99047
A,77.816327,78,-1.0,0.816327,-35.10653
A,77.836735,78,-1.0,0.836735,-35.23162
A,77.857143,78,-1.0,0.857143,-35.36618
A,77.877551,78,-1.0,0.877551,-35.51069
A,77.897959,78,-1.0,0.897959,-35.66564
A,77.918367,78,-1.0,0.918367,-35.83151
A,77.938776,78,-1.0,0.938776,-36.00881
A,77.959184,78,-1.0,0.959184,-36.19806
A,77.979592,78,-1.0,0.979592,-36.39978
A,78.0,78,-1.0,1.0,-36.6145
A,78.0,79,1.0,0.0,28.21886
A,78.020408,79,1.0,0.020408,29.52025
A,78.040816,79,1.0,0.040816,30.52862
A,78.061224,79,1.0,0.061224,31.30996
A,78.081633,79,1.0,0.081633,31.91544
A,78.102041,79,1.0,0.102041,32.3847
A,78.122449,79,1.0,0.122449,32.74848
A,78.142857,79,1.0,0.142857,33.03062
A,78.163265,79,1.0,0.163265,33.24963
A,78.183673,79,1.0,0.183673,33.41988
A,78.204082,79,1.0,0.204082,33.55251
A,78.22449,79,1.0,0.22449,33.65621
A,78.244898,79,1.0,0.244898,33.73774
A,78.265306,79,1.0,0.265306,33.80238
A,78.285714,79,1.0,0.285714,33.85425
A,78.306122,79,1.0,0.306122,33.8966
A,78.326531,79,1.0,0.326531,33.93198
A,78.346939,79,1.0,0.346939,33.96244
A,78.367347,79,1.0,0.367347,33.98958
A,78.387755,79,1.0,0.387755,34.01473
A,78.408163,79,1.0,0.408163,34.03895
A,78.428571,79,1.0,0.428571,34.06313
A,78.44898,79,1.0,0.44898,34.08804
A,78.469388,79,1.0,0.469388,34.1143
A,78.489796,79,1.0,0.489796,34.14248
A,78.510204,79,1.0,0.510204,34.1731
A,78.530612,79,1.0,0.530612,34.20662
A,78.55102,79,1.0,0.55102,34.24347
A,78.571429,79,1.0,0.571429,34.28406
A,78.591837,79,1.0,0.591837,34.32879
A,78.612245,79,1.0,0.612245,34.37805
A,78.632653,79,1.0,0.632653,34.43222
A,78.653061,79,1.0,0.653061,34.49171
A,78.673469,79,1.0,0.673469,34.55688
A,78.693878,79,1.0,0.693878,34.62813
A,78.714286,79,1.0,0.714286,34.70587
A,78.734694,79,1.0,0.734694,34.79049
A,78.755102,79,1.0,0.755102,34.88241
A,78.77551,79,1.0,0.77551,34.98205
A,78.795918,79,1.0,0.795918,35.08985
A,78.816327,79,1.0,0.816327,35.20624
A,78.836735,79,1.0,0.836735,35.33168
A,78.857143,79,1.0,0.857143,35.46662
A,78.877551,79,1.0,0.877551,35.61155
A,78.897959,79,1.0,0.897959,35.76694
A,78.918367,79,1.0,0.918367,35.93328
A,78.938776,79,1.0,0.938776,36.11109
A,78.959184,79,1.0,0.959184,36.30087
A,78.979592,79,1.0,0.979592,36.50316
A,79.0,79,1.0,1.0,36.71849
A,79.0,80,-1.0,0.0,-28.40168
A,79.020408,80,-1.0,0.020408,-29.7115
A,79.040816,80,-1.0,0.040816,-30.7264
A,79.061224,80,-1.0,0.061224,-31.51281
A,79.081633,80,-1.0,0.081633,-32.12221
A,79.102041,80,-1.0,0.102041,-32.59451
A,79.122449,80,-1.0,0.122449,-32.96064
A,79.142857,80,-1.0,0.142857,-33.24461
A,79.163265,80,-1.0,0.163265,-33.46505
A,79.183673,80,-1.0,0.183673,-33.63639
A,79.204082,80,-1.0,0.204082,-33.76988
A,79.22449,80,-1.0,0.22449,-33.87425
A,79.244898,80,-1.0,0.244898,-33.95631
A,79.265306,80,-1.0,0.265306,-34.02137
A,79.285714,80,-1.0,0.285714,-34.07358
A,79.306122,80,-1.0,0.306122,-34.1162
A,79.326531,80,-1.0,0.326531,-34.15182
A,79.346939,80,-1.0,0.346939,-34.18247
A,79.367347,80,-1.0,0.367347,-34.20978
A,79.387755,80,-1.0,0.387755,-34.23509
A,79.408163,80,-1.0,0.408163,-34.25947
A,79.428571,80,-1.0,0.428571,-34.28382
A,79.44898,80,-1.0,0.44898,-34.30888
A,79.469388,80,-1.0,0.469388,-34.33531
A,79.489796,80,-1.0,0.489796,-34.36368
A,79.510204,80,-1.0,0.510204,-34.3945
A,79.530612,80,-1.0,0.530612,-34.42823
A,79.55102,80,-1.0,0.55102,-34.46532
A,79.571429,80,-1.0,0.571429,-34.50617
A,79.591837,80,-1.0,0.591837,-34.55119
A,79.612245,80,-1.0,0.612245,-34.60077
A,79.632653,80,-1.0,0.632653,-34.6553
A,79.653061,80,-1.0,0.653061,-34.71516
A,79.673469,80,-1.0,0.673469,-34.78076
A,79.693878,80,-1.0,0.693878,-34.85247
A,79.714286,80,-1.0,0.714286,-34.93071
A,79.734694,80,-1.0,0.734694,-35.01588
A,79.755102,80,-1.0,0.755102,-35.1084
A,79.77551,80,-1.0,0.77551,-35.20869
A,79.795918,80,-1.0,0.795918,-35.31719
A,79.816327,80,-1.0,0.816327,-35.43433
A,79.836735,80,-1.0,0.836735,-35.56058
A,79.857143,80,-1.0,0.857143,-35.6964
A,79.877551,80,-1.0,0.877551,-35.84226
A,79.897959,80,-1.0,0.897959,-35.99866
A,79.918367,80,-1.0,0.918367,-36.16608
A,79.938776,80,-1.0,0.938776,-36.34504
A,79.959184,80,-1.0,0.959184,-36.53605
A,79.979592,80,-1.0,0.979592,-36.73965
A,80.0,80,-1.0,1.0,-36.95638
A,80.0,81,1.0,0.0,28.95997
A,80.020408,81,1.0,0.020408,30.29554
A,80.040816,81,1.0,0.040816,31.33039
A,80.061224,81,1.0,0.061224,32.13226
A,80.081633,81,1.0,0.081633,32.75364
A,80.102041,81,1.0,0.102041,33.23522
A,80.122449,81,1.0,0.122449,33.60855
A,80.142857,81,1.0,0.142857,33.89811
A,80.163265,81,1.0,0.163265,34.12287
A,80.183673,81,1.0,0.183673,34.29759
A,80.204082,81,1.0,0.204082,34.4337
A,80.22449,81,1.0,0.22449,34.54013
A,80.244898,81,1.0,0.244898,34.6238
A,80.265306,81,1.0,0.265306,34.69013
A,80.285714,81,1.0,0.285714,34.74337
A,80.306122,81,1.0,0.306122,34.78683
A,80.326531,81,1.0,0.326531,34.82314
A,80.346939,81,1.0,0.346939,34.8544
A,80.367347,81,1.0,0.367347,34.88225
A,80.387755,81,1.0,0.387755,34.90806
A,80.408163,81,1.0,0.408163,34.93292
A,80.428571,81,1.0,0.428571,34.95774
A,80.44898,81,1.0,0.44898,34.98329
A,80.469388,81,1.0,0.469388,35.01025
A,80.489796,81,1.0,0.489796,35.03917
A,80.510204,81,1.0,0.510204,35.0706
A,80.530612,81,1.0,0.530612,35.10499
A,80.55102,81,1.0,0.55102,35.14281
A,80.571429,81,1.0,0.571429,35.18446
A,80.591837,81,1.0,0.591837,35.23037
A,80.612245,81,1.0,0.612245,35.28092
A,80.632653,81,1.0,0.632653,35.33652
A,80.653061,81,1.0,0.653061,35.39757
A,80.673469,81,1.0,0.673469,35.46445
A,80.693878,81,1.0,0.693878,35.53758
A,80.714286,81,1.0,0.714286,35.61735
A,80.734694,81,1.0,0.734694,35.7042
A,80.755102,81,1.0,0.755102,35.79853
A,80.77551,81,1.0,0.77551,35.90079
A,80.795918,81,1.0,0.795918,36.01142
A,80.816327,81,1.0,0.816327,36.13087
A,80.836735,81,1.0,0.836735,36.2596
A,80.857143,81,1.0,0.857143,36.39809
A,80.877551,81,1.0,0.877551,36.54682
A,80.897959,81,1.0,0.897959,36.70629
A,80.918367,81,1.0,0.918367,36.877
A,80.938776,81,1.0,0.938776,37.05948
A,80.959184,81,1.0,0.959184,37.25424
A,80.979592,81,1.0,0.979592,37.46185
A,81.0,81,1.0,1.0,37.68284
A,81.0,82,-1.0,0.0,-29.08964
A,81.020408,82,-1.0,0.020408,-30.43118
A,81.040816,82,-1.0,0.040816,-31.47067
A,81.061224,82,-1.0,0.061224,-32.27613
A,81.081633,82,-1.0,0.081633,-32.90029
A,81.102041,82,-1.0,0.102041,-33.38403
A,81.122449,82,-1.0,0.122449,-33.75903
A,81.142857,82,-1.0,0.142857,-34.04988
A,81.163265,82,-1.0,0.163265,-34.27565
A,81.183673,82,-1.0,0.183673,-34.45115
A,81.204082,82,-1.0,0.204082,-34.58788
A,81.22449,82,-1.0,0.22449,-34.69478
A,81.244898,82,-1.0,0.244898,-34.77882
A,81.265306,82,-1.0,0.265306,-34.84545
A,81.285714,82,-1.0,0.285714,-34.89892
A,81.306122,82,-1.0,0.306122,-34.94258
A,81.326531,82,-1.0,0.326531,-34.97906
A,81.346939,82,-1.0,0.346939,-35.01045
A,81.367347,82,-1.0,0.367347,-35.03843
A,81.387755,82,-1.0,0.387755,-35.06436
A,81.408163,82,-1.0,0.408163,-35.08932
A,81.428571,82,-1.0,0.428571,-35.11426
A,81.44898,82,-1.0,0.44898,-35.13993
A,81.469388,82,-1.0,0.469388,-35.167
A,81.489796,82,-1.0,0.489796,-35.19606
A,81.510204,82,-1.0,0.510204,-35.22762
A,81.530612,82,-1.0,0.530612,-35.26217
A,81.55102,82,-1.0,0.55102,-35.30015
A,81.571429,82,-1.0,0.571429,-35.342
A,81.591837,82,-1.0,0.591837,-35.38811
A,81.612245,82,-1.0,0.612245,-35.43889
A,81.632653,82,-1.0,0.632653,-35.49474
A,81.653061,82,-1.0,0.653061,-35.55605
A,81.673469,82,-1.0,0.673469,-35.62324
A,81.693878,82,-1.0,0.693878,-35.69669
A,81.714286,82,-1.0,0.714286,-35.77682
A,81.734694,82,-1.0,0.734694,-35.86406
A,81.755102,82,-1.0,0.755102,-35.95882
A,81.77551,82,-1.0,0.77551,-36.06153
A,81.795918,82,-1.0,0.795918,-36.17266
A,81.816327,82,-1.0,0.816327,-36.29264
A,81.836735,82,-1.0,0.836735,-36.42195
A,81.857143,82,-1.0,0.857143,-36.56106
A,81.877551,82,-1.0,0.877551,-36.71045
A,81.897959,82,-1.0,0.897959,-36.87063
A,81.918367,82,-1.0,0.918367,-37.04211
A,81.938776,82,-1.0,0.938776,-37.2254
A,81.959184,82,-1.0,0.959184,-37.42105
A,81.979592,82,-1.0,0.979592,-37.62958
A,82.0,82,-1.0,1.0,-37.85156
A,82.0,83,1.0,0.0,29.16403
A,82.020408,83,1.0,0.020408,30.509
A,82.040816,83,1.0,0.040816,31.55115
A,82.061224,83,1.0,0.061224,32.35867
A,82.081633,83,1.0,0.081633,32.98442
A,82.102041,83,1.0,0.102041,33.4694
A,82.122449,83,1.0,0.122449,33.84536
A,82.142857,83,1.0,0.142857,34.13696
A,82.163265,83,1.0,0.163265,34.36331
A,82.183673,83,1.0,0.183673,34.53925
A,82.204082,83,1.0,0.204082,34.67632
A,82.22449,83,1.0,0.22449,34.7835
A,82.244898,83,1.0,0.244898,34.86776
A,82.265306,83,1.0,0.265306,34.93456
A,82.285714,83,1.0,0.285714,34.98817
A,82.306122,83,1.0,0.306122,35.03194
A,82.326531,83,1.0,0.326531,35.06851
A,82.346939,83,1.0,0.346939,35.09998
A,82.367347,83,1.0,0.367347,35.12803
A,82.387755,83,1.0,0.387755,35.15402
A,82.408163,83,1.0,0.408163,35.17906
A,82.428571,83,1.0,0.428571,35.20405
A,82.44898,83,1.0,0.44898,35.22979
A,82.469388,83,1.0,0.469388,35.25693
A,82.489796,83,1.0,0.489796,35.28606
A,82.510204,83,1.0,0.510204,35.31771
A,82.530612,83,1.0,0.530612,35.35234
A,82.55102,83,1.0,0.55102,35.39043
A,82.571429,83,1.0,0.571429,35.43237
A,82.591837,83,1.0,0.591837,35.4786
A,82.612245,83,1.0,0.612245,35.52951
A,82.632653,83,1.0,0.632653,35.58551
A,82.653061,83,1.0,0.653061,35.64698
A,82.673469,83,1.0,0.673469,35.71433
A,82.693878,83,1.0,0.693878,35.78797
A,82.714286,83,1.0,0.714286,35.86831
A,82.734694,83,1.0,0.734694,35.95577
A,82.755102,83,1.0,0.755102,36.05077
A,82.77551,83,1.0,0.77551,36.15375
A,82.795918,83,1.0,0.795918,36.26516
A,82.816327,83,1.0,0.816327,36.38545
A,82.836735,83,1.0,0.836735,36.51509
A,82.857143,83,1.0,0.857143,36.65455
A,82.877551,83,1.0,0.877551,36.80433
A,82.897959,83,1.0,0.897959,36.96492
A,82.918367,83,1.0,0.918367,37.13684
A,82.938776,83,1.0,0.938776,37.3206
A,82.959184,83,1.0,0.959184,37.51674
A,82.979592,83,1.0,0.979592,37.7258
A,83.0,83,1.0,1.0,37.94835
A,83.0,84,-1.0,0.0,-29.22562
A,83.020408,84,-1.0,0.020408,-30.57344
A,83.040816,84,-1.0,0.040816,-31.61779
A,83.061224,84,-1.0,0.061224,-32.42701
A,83.081633,84,-1.0,0.081633,-33.05409
A,83.102041,84,-1.0,0.102041,-33.54009
A,83.122449,84,-1.0,0.122449,-33.91685
A,83.142857,84,-1.0,0.142857,-34.20906
A,83.163265,84,-1.0,0.163265,-34.43588
A,83.183673,84,-1.0,0.183673,-34.6122
A,83.204082,84,-1.0,0.204082,-34.74956
A,83.22449,84,-1.0,0.22449,-34.85696
A,83.244898,84,-1.0,0.244898,-34.9414
A,83.265306,84,-1.0,0.265306,-35.00835
A,83.285714,84,-1.0,0.285714,-35.06207
A,83.306122,84,-1.0,0.306122,-35.10593
A,83.326531,84,-1.0,0.326531,-35.14258
A,83.346939,84,-1.0,0.346939,-35.17412
A,83.367347,84,-1.0,0.367347,-35.20223
A,83.387755,84,-1.0,0.387755,-35.22827
A,83.408163,84,-1.0,0.408163,-35.25336
A,83.428571,84,-1.0,0.428571,-35.27841
A,83.44898,84,-1.0,0.44898,-35.3042
A,83.469388,84,-1.0,0.469388,-35.3314
A,83.489796,84,-1.0,0.489796,-35.36059
A,83.510204,84,-1.0,0.510204,-35.3923
A,83.530612,84,-1.0,0.530612,-35.42701
A,83.55102,84,-1.0,0.55102,-35.46517
A,83.571429,84,-1.0,0.571429,-35.50721
A,83.591837,84,-1.0,0.591837,-35.55354
A,83.612245,84,-1.0,0.612245,-35.60456
A,83.632653,84,-1.0,0.632653,-35.66067
A,83.653061,84,-1.0,0.653061,-35.72227
A,83.673469,84,-1.0,0.673469,-35.78977
A,83.693878,84,-1.0,0.693878,-35.86356
A,83.714286,84,-1.0,0.714286,-35.94407
A,83.734694,84,-1.0,0.734694,-36.03171
A,83.755102,84,-1.0,0.755102,-36.12691
A,83.77551,84,-1.0,0.77551,-36.23011
A,83.795918,84,-1.0,0.795918,-36.34176
A,83.816327,84,-1.0,0.816327,-36.4623
A,83.836735,84,-1.0,0.836735,-36.59221
A,83.857143,84,-1.0,0.857143,-36.73197
A,83.877551,84,-1.0,0.877551,-36.88206
A,83.897959,84,-1.0,0.897959,-37.043
A,83.918367,84,-1.0,0.918367,-37.21527
A,83.938776,84,-1.0,0.938776,-37.39942
A,83.959184,84,-1.0,0.959184,-37.59598
A,83.979592,84,-1.0,0.979592,-37.80549
A,84.0,84,-1.0,1.0,-38.0285
A,84.0,85,1.0,0.0,29.11772
A,84.020408,85,1.0,0.020408,30.46056
A,84.040816,85,1.0,0.040816,31.50105
A,84.061224,85,1.0,0.061224,32.30729
A,84.081633,85,1.0,0.081633,32.93205
A,84.102041,85,1.0,0.102041,33.41625
A,84.122449,85,1.0,0.122449,33.79162
A,84.142857,85,1.0,0.142857,34.08275
A,84.163265,85,1.0,0.163265,34.30874
A,84.183673,85,1.0,0.183673,34.48441
A,84.204082,85,1.0,0.204082,34.62127
A,84.22449,85,1.0,0.22449,34.72827
A,84.244898,85,1.0,0.244898,34.8124
A,84.265306,85,1.0,0.265306,34.87909
A,84.285714,85,1.0,0.285714,34.93262
A,84.306122,85,1.0,0.306122,34.97631
A,84.326531,85,1.0,0.326531,35.01283
A,84.346939,85,1.0,0.346939,35.04425
A,84.367347,85,1.0,0.367347,35.07226
A,84.387755,85,1.0,0.387755,35.09821
A,84.408163,85,1.0,0.408163,35.1232
A,84.428571,85,1.0,0.428571,35.14816
A,84.44898,85,1.0,0.44898,35.17385
A,84.469388,85,1.0,0.469388,35.20095
A,84.489796,85,1.0,0.489796,35.23003
A,84.510204,85,1.0,0.510204,35.26163
A,84.530612,85,1.0,0.530612,35.29621
A,84.55102,85,1.0,0.55102,35.33423
A,84.571429,85,1.0,0.571429,35.37611
A,84.591837,85,1.0,0.591837,35.42227
A,84.612245,85,1.0,0.612245,35.4731
A,84.632653,85,1.0,0.632653,35.529
A,84.653061,85,1.0,0.653061,35.59038
A,84.673469,85,1.0,0.673469,35.65763
A,84.693878,85,1.0,0.693878,35.73115
A,84.714286,85,1.0,0.714286,35.81136
A,84.734694,85,1.0,0.734694,35.89868
A,84.755102,85,1.0,0.755102,35.99353
A,84.77551,85,1.0,0.77551,36.09635
A,84.795918,85,1.0,0.795918,36.20758
A,84.816327,85,1.0,0.816327,36.32768
A,84.836735,85,1.0,0.836735,36.45711
A,84.857143,85,1.0,0.857143,36.59635
A,84.877551,85,1.0,0.877551,36.74589
A,84.897959,85,1.0,0.897959,36.90623
A,84.918367,85,1.0,0.918367,37.07787
A,84.938776,85,1.0,0.938776,37.26134
A,84.959184,85,1.0,0.959184,37.45717
A,84.979592,85,1.0,0.979592,37.6659
A,85.0,85,1.0,1.0,37.8881
A,85.0,86,-1.0,0.0,-29.1036
A,85.020408,86,-1.0,0.020408,-30.44579
A,85.040816,86,-1.0,0.040816,-31.48577
A,85.061224,86,-1.0,0.061224,-32.29162
A,85.081633,86,-1.0,0.081633,-32.91608
A,85.102041,86,-1.0,0.102041,-33.40005
A,85.122449,86,-1.0,0.122449,-33.77523
A,85.142857,86,-1.0,0.142857,-34.06623
A,85.163265,86,-1.0,0.163265,-34.29211
A,85.183673,86,-1.0,0.183673,-34.46769
A,85.204082,86,-1.0,0.204082,-34.60448
A,85.22449,86,-1.0,0.22449,-34.71143
A,85.244898,86,-1.0,0.244898,-34.79551
A,85.265306,86,-1.0,0.265306,-34.86218
A,85.285714,86,-1.0,0.285714,-34.91567
A,85.306122,86,-1.0,0.306122,-34.95935
A,85.326531,86,-1.0,0.326531,-34.99585
A,85.346939,86,-1.0,0.346939,-35.02725
A,85.367347,86,-1.0,0.367347,-35.05525
A,85.387755,86,-1.0,0.387755,-35.08118
A,85.408163,86,-1.0,0.408163,-35.10617
A,85.428571,86,-1.0,0.428571,-35.13111
A,85.44898,86,-1.0,0.44898,-35.15679
A,85.469388,86,-1.0,0.469388,-35.18388
A,85.489796,86,-1.0,0.489796,-35.21295
A,85.510204,86,-1.0,0.510204,-35.24453
A,85.530612,86,-1.0,0.530612,-35.27909
A,85.55102,86,-1.0,0.55102,-35.3171
A,85.571429,86,-1.0,0.571429,-35.35896
A,85.591837,86,-1.0,0.591837,-35.40509
A,85.612245,86,-1.0,0.612245,-35.4559
A,85.632653,86,-1.0,0.632653,-35.51177
A,85.653061,86,-1.0,0.653061,-35.57312
A,85.673469,86,-1.0,0.673469,-35.64033
A,85.693878,86,-1.0,0.693878,-35.71382
A,85.714286,86,-1.0,0.714286,-35.794
A,85.734694,86,-1.0,0.734694,-35.88127
A,85.755102,86,-1.0,0.755102,-35.97607
A,85.77551,86,-1.0,0.77551,-36.07884
A,85.795918,86,-1.0,0.795918,-36.19002
A,85.816327,86,-1.0,0.816327,-36.31006
A,85.836735,86,-1.0,0.836735,-36.43943
A,85.857143,86,-1.0,0.857143,-36.5786
A,85.877551,86,-1.0,0.877551,-36.72807
A,85.897959,86,-1.0,0.897959,-36.88833
A,85.918367,86,-1.0,0.918367,-37.05989
A,85.938776,86,-1.0,0.938776,-37.24327
A,85.959184,86,-1.0,0.959184,-37.43901
A,85.979592,86,-1.0,0.979592,-37.64764
A,86.0,86,-1.0,1.0,-37.86972
A,86.0,87,1.0,0.0,28.83849
A,86.020408,87,1.0,0.020408,30.16845
A,86.040816,87,1.0,0.040816,31.19897
A,86.061224,87,1.0,0.061224,31.99747
A,86.081633,87,1.0,0.081633,32.61624
A,86.102041,87,1.0,0.102041,33.0958
A,86.122449,87,1.0,0.122449,33.46757
A,86.142857,87,1.0,0.142857,33.75591
A,86.163265,87,1.0,0.163265,33.97973
A,86.183673,87,1.0,0.183673,34.15371
A,86.204082,87,1.0,0.204082,34.28926
A,86.22449,87,1.0,0.22449,34.39523
A,86.244898,87,1.0,0.244898,34.47856
A,86.265306,87,1.0,0.265306,34.54461
A,86.285714,87,1.0,0.285714,34.59762
A,86.306122,87,1.0,0.306122,34.6409
A,86.326531,87,1.0,0.326531,34.67706
A,86.346939,87,1.0,0.346939,34.70819
A,86.367347,87,1.0,0.367347,34.73593
A,86.387755,87,1.0,0.387755,34.76162
A,86.408163,87,1.0,0.408163,34.78638
A,86.428571,87,1.0,0.428571,34.8111
A,86.44898,87,1.0,0.44898,34.83654
A,86.469388,87,1.0,0.469388,34.86338
A,86.489796,87,1.0,0.489796,34.89219
A,86.510204,87,1.0,0.510204,34.92348
A,86.530612,87,1.0,0.530612,34.95773
A,86.55102,87,1.0,0.55102,34.99539
A,86.571429,87,1.0,0.571429,35.03687
A,86.591837,87,1.0,0.591837,35.08258
A,86.612245,87,1.0,0.612245,35.13292
A,86.632653,87,1.0,0.632653,35.18829
A,86.653061,87,1.0,0.653061,35.24908
A,86.673469,87,1.0,0.673469,35.31568
A,86.693878,87,1.0,0.693878,35.3885
A,86.714286,87,1.0,0.714286,35.46794
A,86.734694,87,1.0,0.734694,35.55442
A,86.755102,87,1.0,0.755102,35.64836
A,86.77551,87,1.0,0.77551,35.75019
A,86.795918,87,1.0,0.795918,35.86036
A,86.816327,87,1.0,0.816327,35.9793
A,86.836735,87,1.0,0.836735,36.1075
A,86.857143,87,1.0,0.857143,36.2454
A,86.877551,87,1.0,0.877551,36.39351
A,86.897959,87,1.0,0.897959,36.55231
A,86.918367,87,1.0,0.918367,36.72231
A,86.938776,87,1.0,0.938776,36.90402
A,86.959184,87,1.0,0.959184,37.09797
A,86.979592,87,1.0,0.979592,37.3047
A,87.0,87,1.0,1.0,37.52476
A,87.0,88,-1.0,0.0,-29.13125
A,87.020408,88,-1.0,0.020408,-30.47471
A,87.040816,88,-1.0,0.040816,-31.51568
A,87.061224,88,-1.0,0.061224,-32.3223
A,87.081633,88,-1.0,0.081633,-32.94735
A,87.102041,88,-1.0,0.102041,-33.43178
A,87.122449,88,-1.0,0.122449,-33.80732
A,87.142857,88,-1.0,0.142857,-34.09859
A,87.163265,88,-1.0,0.163265,-34.32468
A,87.183673,88,-1.0,0.183673,-34.50043
A,87.204082,88,-1.0,0.204082,-34.63735
A,87.22449,88,-1.0,0.22449,-34.7444
A,87.244898,88,-1.0,0.244898,-34.82857
A,87.265306,88,-1.0,0.265306,-34.89529
A,87.285714,88,-1.0,0.285714,-34.94884
A,87.306122,88,-1.0,0.306122,-34.99256
A,87.326531,88,-1.0,0.326531,-35.02909
A,87.346939,88,-1.0,0.346939,-35.06053
A,87.367347,88,-1.0,0.367347,-35.08855
A,87.387755,88,-1.0,0.387755,-35.11451
A,87.408163,88,-1.0,0.408163,-35.13951
A,87.428571,88,-1.0,0.428571,-35.16448
A,87.44898,88,-1.0,0.44898,-35.19019
A,87.469388,88,-1.0,0.469388,-35.2173
A,87.489796,88,-1.0,0.489796,-35.2464
A,87.510204,88,-1.0,0.510204,-35.27801
A,87.530612,88,-1.0,0.530612,-35.31261
A,87.55102,88,-1.0,0.55102,-35.35065
A,87.571429,88,-1.0,0.571429,-35.39255
A,87.591837,88,-1.0,0.591837,-35.43872
A,87.612245,88,-1.0,0.612245,-35.48958
A,87.632653,88,-1.0,0.632653,-35.54551
A,87.653061,88,-1.0,0.653061,-35.60691
A,87.673469,88,-1.0,0.673469,-35.67419
A,87.693878,88,-1.0,0.693878,-35.74775
A,87.714286,88,-1.0,0.714286,-35.828
A,87.734694,88,-1.0,0.734694,-35.91536
A,87.755102,88,-1.0,0.755102,-36.01025
A,87.77551,88,-1.0,0.77551,-36.11311
A,87.795918,88,-1.0,0.795918,-36.2244
A,87.816327,88,-1.0,0.816327,-36.34455
A,87.836735,88,-1.0,0.836735,-36.47404
A,87.857143,88,-1.0,0.857143,-36.61335
A,87.877551,88,-1.0,0.877551,-36.76296
A,87.897959,88,-1.0,0.897959,-36.92337
A,87.918367,88,-1.0,0.918367,-37.09509
A,87.938776,88,-1.0,0.938776,-37.27865
A,87.959184,88,-1.0,0.959184,-37.47457
A,87.979592,88,-1.0,0.979592,-37.6834
A,88.0,88,-1.0,1.0,-37.9057
A,88.0,89,1.0,0.0,29.0038
A,88.020408,89,1.0,0.020408,30.34139
A,88.040816,89,1.0,0.040816,31.37781
A,88.061224,89,1.0,0.061224,32.18089
A,88.081633,89,1.0,0.081633,32.80321
A,88.102041,89,1.0,0.102041,33.28552
A,88.122449,89,1.0,0.122449,33.65941
A,88.142857,89,1.0,0.142857,33.94941
A,88.163265,89,1.0,0.163265,34.17451
A,88.183673,89,1.0,0.183673,34.34949
A,88.204082,89,1.0,0.204082,34.48581
A,88.22449,89,1.0,0.22449,34.5924
A,88.244898,89,1.0,0.244898,34.6762
A,88.265306,89,1.0,0.265306,34.74263
A,88.285714,89,1.0,0.285714,34.79594
A,88.306122,89,1.0,0.306122,34.83947
A,88.326531,89,1.0,0.326531,34.87584
A,88.346939,89,1.0,0.346939,34.90714
A,88.367347,89,1.0,0.367347,34.93504
A,88.387755,89,1.0,0.387755,34.96089
A,88.408163,89,1.0,0.408163,34.98578
A,88.428571,89,1.0,0.428571,35.01064
A,88.44898,89,1.0,0.44898,35.03624
A,88.469388,89,1.0,0.469388,35.06323
A,88.489796,89,1.0,0.489796,35.0922
A,88.510204,89,1.0,0.510204,35.12367
A,88.530612,89,1.0,0.530612,35.15812
A,88.55102,89,1.0,0.55102,35.19599
A,88.571429,89,1.0,0.571429,35.23771
A,88.591837,89,1.0,0.591837,35.28368
A,88.612245,89,1.0,0.612245,35.33431
A,88.632653,89,1.0,0.632653,35.39
A,88.653061,89,1.0,0.653061,35.45113
A,88.673469,89,1.0,0.673469,35.51812
A,88.693878,89,1.0,0.693878,35.59136
A,88.714286,89,1.0,0.714286,35.67125
A,88.734694,89,1.0,0.734694,35.75823
A,88.755102,89,1.0,0.755102,35.85271
A,88.77551,89,1.0,0.77551,35.95512
A,88.795918,89,1.0,0.795918,36.06592
A,88.816327,89,1.0,0.816327,36.18555
A,88.836735,89,1.0,0.836735,36.31447
A,88.857143,89,1.0,0.857143,36.45317
A,88.877551,89,1.0,0.877551,36.60213
A,88.897959,89,1.0,0.897959,36.76184
A,88.918367,89,1.0,0.918367,36.93281
A,88.938776,89,1.0,0.938776,37.11556
A,88.959184,89,1.0,0.959184,37.31062
A,88.979592,89,1.0,0.979592,37.51854
A,89.0,89,1.0,1.0,37.73986
A,89.0,90,-1.0,0.0,-29.18901
A,89.020408,90,-1.0,0.020408,-30.53514
A,89.040816,90,-1.0,0.040816,-31.57817
A,89.061224,90,-1.0,0.061224,-32.38639
A,89.081633,90,-1.0,0.081633,-33.01268
A,89.102041,90,-1.0,0.102041,-33.49807
A,89.122449,90,-1.0,0.122449,-33.87435
A,89.142857,90,-1.0,0.142857,-34.1662
A,89.163265,90,-1.0,0.163265,-34.39274
A,89.183673,90,-1.0,0.183673,-34.56884
A,89.204082,90,-1.0,0.204082,-34.70603
A,89.22449,90,-1.0,0.22449,-34.81329
A,89.244898,90,-1.0,0.244898,-34.89763
A,89.265306,90,-1.0,0.265306,-34.96448
A,89.285714,90,-1.0,0.285714,-35.01814
A,89.306122,90,-1.0,0.306122,-35.06194
A,89.326531,90,-1.0,0.326531,-35.09855
A,89.346939,90,-1.0,0.346939,-35.13005
A,89.367347,90,-1.0,0.367347,-35.15812
A,89.387755,90,-1.0,0.387755,-35.18414
A,89.408163,90,-1.0,0.408163,-35.20919
A,89.428571,90,-1.0,0.428571,-35.23421
A,89.44898,90,-1.0,0.44898,-35.25997
A,89.469388,90,-1.0,0.469388,-35.28713
A,89.489796,90,-1.0,0.489796,-35.31629
A,89.510204,90,-1.0,0.510204,-35.34796
A,89.530612,90,-1.0,0.530612,-35.38263
A,89.55102,90,-1.0,0.55102,-35.42074
A,89.571429,90,-1.0,0.571429,-35.46272
A,89.591837,90,-1.0,0.591837,-35.50899
A,89.612245,90,-1.0,0.612245,-35.55995
A,89.632653,90,-1.0,0.632653,-35.61599
A,89.653061,90,-1.0,0.653061,-35.67751
A,89.673469,90,-1.0,0.673469,-35.74493
A,89.693878,90,-1.0,0.693878,-35.81863
A,89.714286,90,-1.0,0.714286,-35.89904
A,89.734694,90,-1.0,0.734694,-35.98657
A,89.755102,90,-1.0,0.755102,-36.08165
A,89.77551,90,-1.0,0.77551,-36.18472
A,89.795918,90,-1.0,0.795918,-36.29622
A,89.816327,90,-1.0,0.816327,-36.41662
A,89.836735,90,-1.0,0.836735,-36.54637
A,89.857143,90,-1.0,0.857143,-36.68595
A,89.877551,90,-1.0,0.877551,-36.83586
A,89.897959,90,-1.0,0.897959,-36.99658
A,89.918367,90,-1.0,0.918367,-37.16865
A,89.938776,90,-1.0,0.938776,-37.35257
A,89.959184,90,-1.0,0.959184,-37.54888
A,89.979592,90,-1.0,0.979592,-37.75812
A,90.0,90,-1.0,1.0,-37.98086
A,90.0,91,1.0,0.0,29.0638
A,90.020408,91,1.0,0.020408,30.40415
A,90.040816,91,1.0,0.040816,31.44271
A,90.061224,91,1.0,0.061224,32.24746
A,90.081633,91,1.0,0.081633,32.87106
A,90.102041,91,1.0,0.102041,33.35437
A,90.122449,91,1.0,0.122449,33.72904
A,90.142857,91,1.0,0.142857,34.01963
A,90.163265,91,1.0,0.163265,34.2452
A,90.183673,91,1.0,0.183673,34.42054
A,90.204082,91,1.0,0.204082,34.55715
A,90.22449,91,1.0,0.22449,34.66395
A,90.244898,91,1.0,0.244898,34.74792
A,90.265306,91,1.0,0.265306,34.8145
A,90.285714,91,1.0,0.285714,34.86792
A,90.306122,91,1.0,0.306122,34.91154
A,90.326531,91,1.0,0.326531,34.94798
A,90.346939,91,1.0,0.346939,34.97935
A,90.367347,91,1.0,0.367347,35.00731
A,90.387755,91,1.0,0.387755,35.0332
A,90.408163,91,1.0,0.408163,35.05815
A,90.428571,91,1.0,0.428571,35.08306
A,90.44898,91,1.0,0.44898,35.10871
A,90.469388,91,1.0,0.469388,35.13576
A,90.489796,91,1.0,0.489796,35.16479
A,90.510204,91,1.0,0.510204,35.19632
A,90.530612,91,1.0,0.530612,35.23084
A,90.55102,91,1.0,0.55102,35.26879
A,90.571429,91,1.0,0.571429,35.3106
A,90.591837,91,1.0,0.591837,35.35667
A,90.612245,91,1.0,0.612245,35.4074
A,90.632653,91,1.0,0.632653,35.4632
A,90.653061,91,1.0,0.653061,35.52447
A,90.673469,91,1.0,0.673469,35.59159
A,90.693878,91,1.0,0.693878,35.66498
A,90.714286,91,1.0,0.714286,35.74504
A,90.734694,91,1.0,0.734694,35.8322
A,90.755102,91,1.0,0.755102,35.92687
A,90.77551,91,1.0,0.77551,36.0295
A,90.795918,91,1.0,0.795918,36.14052
A,90.816327,91,1.0,0.816327,36.2604
A,90.836735,91,1.0,0.836735,36.38959
A,90.857143,91,1.0,0.857143,36.52858
A,90.877551,91,1.0,0.877551,36.67784
A,90.897959,91,1.0,0.897959,36.83788
A,90.918367,91,1.0,0.918367,37.0092
A,90.938776,91,1.0,0.938776,37.19233
A,90.959184,91,1.0,0.959184,37.3878
A,90.979592,91,1.0,0.979592,37.59615
A,91.0,91,1.0,1.0,37.81793
A,91.0,92,-1.0,0.0,-29.15147
A,91.020408,92,-1.0,0.020408,-30.49587
A,91.040816,92,-1.0,0.040816,-31.53757
A,91.061224,92,-1.0,0.061224,-32.34474
A,91.081633,92,-1.0,0.081633,-32.97023
A,91.102041,92,-1.0,0.102041,-33.45499
A,91.122449,92,-1.0,0.122449,-33.83079
A,91.142857,92,-1.0,0.142857,-34.12226
A,91.163265,92,-1.0,0.163265,-34.34851
A,91.183673,92,-1.0,0.183673,-34.52438
A,91.204082,92,-1.0,0.204082,-34.6614
A,91.22449,92,-1.0,0.22449,-34.76853
A,91.244898,92,-1.0,0.244898,-34.85275
A,91.265306,92,-1.0,0.265306,-34.91952
A,91.285714,92,-1.0,0.285714,-34.97311
A,91.306122,92,-1.0,0.306122,-35.01686
A,91.326531,92,-1.0,0.326531,-35.05341
A,91.346939,92,-1.0,0.346939,-35.08487
A,91.367347,92,-1.0,0.367347,-35.11291
A,91.387755,92,-1.0,0.387755,-35.13889
A,91.408163,92,-1.0,0.408163,-35.16391
A,91.428571,92,-1.0,0.428571,-35.1889
A,91.44898,92,-1.0,0.44898,-35.21462
A,91.469388,92,-1.0,0.469388,-35.24175
A,91.489796,92,-1.0,0.489796,-35.27087
A,91.510204,92,-1.0,0.510204,-35.3025
A,91.530612,92,-1.0,0.530612,-35.33713
A,91.55102,92,-1.0,0.55102,-35.37519
A,91.571429,92,-1.0,0.571429,-35.41712
A,91.591837,92,-1.0,0.591837,-35.46333
A,91.612245,92,-1.0,0.612245,-35.51422
A,91.632653,92,-1.0,0.632653,-35.57019
A,91.653061,92,-1.0,0.653061,-35.63163
A,91.673469,92,-1.0,0.673469,-35.69896
A,91.693878,92,-1.0,0.693878,-35.77257
A,91.714286,92,-1.0,0.714286,-35.85287
A,91.734694,92,-1.0,0.734694,-35.94029
A,91.755102,92,-1.0,0.755102,-36.03525
A,91.77551,92,-1.0,0.77551,-36.13819
A,91.795918,92,-1.0,0.795918,-36.24955
A,91.816327,92,-1.0,0.816327,-36.36979
A,91.836735,92,-1.0,0.836735,-36.49937
A,91.857143,92,-1.0,0.857143,-36.63877
A,91.877551,92,-1.0,0.877551,-36.78849
A,91.897959,92,-1.0,0.897959,-36.94901
A,91.918367,92,-1.0,0.918367,-37.12085
A,91.938776,92,-1.0,0.938776,-37.30453
A,91.959184,92,-1.0,0.959184,-37.50059
A,91.979592,92,-1.0,0.979592,-37.70957
A,92.0,92,-1.0,1.0,-37.93201
A,92.0,93,1.0,0.0,29.27447
A,92.020408,93,1.0,0.020408,30.62454
A,92.040816,93,1.0,0.040816,31.67063
A,92.061224,93,1.0,0.061224,32.4812
A,92.081633,93,1.0,0.081633,33.10933
A,92.102041,93,1.0,0.102041,33.59614
A,92.122449,93,1.0,0.122449,33.97353
A,92.142857,93,1.0,0.142857,34.26623
A,92.163265,93,1.0,0.163265,34.49343
A,92.183673,93,1.0,0.183673,34.67004
A,92.204082,93,1.0,0.204082,34.80764
A,92.22449,93,1.0,0.22449,34.91522
A,92.244898,93,1.0,0.244898,34.9998
A,92.265306,93,1.0,0.265306,35.06685
A,92.285714,93,1.0,0.285714,35.12066
A,92.306122,93,1.0,0.306122,35.1646
A,92.326531,93,1.0,0.326531,35.20131
A,92.346939,93,1.0,0.346939,35.2329
A,92.367347,93,1.0,0.367347,35.26106
A,92.387755,93,1.0,0.387755,35.28714
A,92.408163,93,1.0,0.408163,35.31227
A,92.428571,93,1.0,0.428571,35.33736
A,92.44898,93,1.0,0.44898,35.3632
A,92.469388,93,1.0,0.469388,35.39044
A,92.489796,93,1.0,0.489796,35.41968
A,92.510204,93,1.0,0.510204,35.45145
A,92.530612,93,1.0,0.530612,35.48622
A,92.55102,93,1.0,0.55102,35.52444
A,92.571429,93,1.0,0.571429,35.56655
A,92.591837,93,1.0,0.591837,35.61295
A,92.612245,93,1.0,0.612245,35.66406
A,92.632653,93,1.0,0.632653,35.72026
A,92.653061,93,1.0,0.653061,35.78197
A,92.673469,93,1.0,0.673469,35.84958
A,92.693878,93,1.0,0.693878,35.9235
A,92.714286,93,1.0,0.714286,36.00414
A,92.734694,93,1.0,0.734694,36.09193
A,92.755102,93,1.0,0.755102,36.18729
A,92.77551,93,1.0,0.77551,36.29066
A,92.795918,93,1.0,0.795918,36.40249
A,92.816327,93,1.0,0.816327,36.52323
A,92.836735,93,1.0,0.836735,36.65336
A,92.857143,93,1.0,0.857143,36.79336
A,92.877551,93,1.0,0.877551,36.9437
A,92.897959,93,1.0,0.897959,37.1049
A,92.918367,93,1.0,0.918367,37.27747
A,92.938776,93,1.0,0.938776,37.46192
A,92.959184,93,1.0,0.959184,37.65881
A,92.979592,93,1.0,0.979592,37.86866
A,93.0,93,1.0,1.0,38.09205
A,93.0,94,-1.0,0.0,-29.26205
A,93.020408,94,-1.0,0.020408,-30.61155
A,93.040816,94,-1.0,0.040816,-31.6572
A,93.061224,94,-1.0,0.061224,-32.46743
A,93.081633,94,-1.0,0.081633,-33.09529
A,93.102041,94,-1.0,0.102041,-33.5819
A,93.122449,94,-1.0,0.122449,-33.95912
A,93.142857,94,-1.0,0.142857,-34.2517
A,93.163265,94,-1.0,0.163265,-34.47881
A,93.183673,94,-1.0,0.183673,-34.65535
A,93.204082,94,-1.0,0.204082,-34.79288
A,93.22449,94,-1.0,0.22449,-34.90041
A,93.244898,94,-1.0,0.244898,-34.98496
A,93.265306,94,-1.0,0.265306,-35.05198
A,93.285714,94,-1.0,0.285714,-35.10577
A,93.306122,94,-1.0,0.306122,-35.14969
A,93.326531,94,-1.0,0.326531,-35.18638
A,93.346939,94,-1.0,0.346939,-35.21796
A,93.367347,94,-1.0,0.367347,-35.24611
A,93.387755,94,-1.0,0.387755,-35.27218
A,93.408163,94,-1.0,0.408163,-35.2973
A,93.428571,94,-1.0,0.428571,-35.32238
A,93.44898,94,-1.0,0.44898,-35.3482
A,93.469388,94,-1.0,0.469388,-35.37544
A,93.489796,94,-1.0,0.489796,-35.40467
A,93.510204,94,-1.0,0.510204,-35.43642
A,93.530612,94,-1.0,0.530612,-35.47117
A,93.55102,94,-1.0,0.55102,-35.50938
A,93.571429,94,-1.0,0.571429,-35.55147
A,93.591837,94,-1.0,0.591837,-35.59785
A,93.612245,94,-1.0,0.612245,-35.64894
A,93.632653,94,-1.0,0.632653,-35.70512
A,93.653061,94,-1.0,0.653061,-35.7668
A,93.673469,94,-1.0,0.673469,-35.83438
A,93.693878,94,-1.0,0.693878,-35.90827
A,93.714286,94,-1.0,0.714286,-35.98888
A,93.734694,94,-1.0,0.734694,-36.07663
A,93.755102,94,-1.0,0.755102,-36.17195
A,93.77551,94,-1.0,0.77551,-36.27527
A,93.795918,94,-1.0,0.795918,-36.38706
A,93.816327,94,-1.0,0.816327,-36.50775
A,93.836735,94,-1.0,0.836735,-36.63782
A,93.857143,94,-1.0,0.857143,-36.77776
A,93.877551,94,-1.0,0.877551,-36.92804
A,93.897959,94,-1.0,0.897959,-37.08917
A,93.918367,94,-1.0,0.918367,-37.26166
A,93.938776,94,-1.0,0.938776,-37.44604
A,93.959184,94,-1.0,0.959184,-37.64284
A,93.979592,94,-1.0,0.979592,-37.85261
A,94.0,94,-1.0,1.0,-38.0759
A,94.0,95,1.0,0.0,29.15234
A,94.020408,95,1.0,0.020408,30.49678
A,94.040816,95,1.0,0.040816,31.53851
A,94.061224,95,1.0,0.061224,32.3457
A,94.081633,95,1.0,0.081633,32.97121
A,94.102041,95,1.0,0.102041,33.45599
A,94.122449,95,1.0,0.122449,33.8318
A,94.142857,95,1.0,0.142857,34.12328
A,94.163265,95,1.0,0.163265,34.34954
A,94.183673,95,1.0,0.183673,34.52541
A,94.204082,95,1.0,0.204082,34.66243
A,94.22449,95,1.0,0.22449,34.76956
A,94.244898,95,1.0,0.244898,34.85379
A,94.265306,95,1.0,0.265306,34.92056
A,94.285714,95,1.0,0.285714,34.97415
A,94.306122,95,1.0,0.306122,35.0179
A,94.326531,95,1.0,0.326531,35.05446
A,94.346939,95,1.0,0.346939,35.08592
A,94.367347,95,1.0,0.367347,35.11396
A,94.387755,95,1.0,0.387755,35.13994
A,94.408163,95,1.0,0.408163,35.16496
A,94.428571,95,1.0,0.428571,35.18995
A,94.44898,95,1.0,0.44898,35.21567
A,94.469388,95,1.0,0.469388,35.2428
A,94.489796,95,1.0,0.489796,35.27192
A,94.510204,95,1.0,0.510204,35.30356
A,94.530612,95,1.0,0.530612,35.33818
A,94.55102,95,1.0,0.55102,35.37625
A,94.571429,95,1.0,0.571429,35.41818
A,94.591837,95,1.0,0.591837,35.46439
A,94.612245,95,1.0,0.612245,35.51528
A,94.632653,95,1.0,0.632653,35.57125
A,94.653061,95,1.0,0.653061,35.6327
A,94.673469,95,1.0,0.673469,35.70002
A,94.693878,95,1.0,0.693878,35.77364
A,94.714286,95,1.0,0.714286,35.85394
A,94.734694,95,1.0,0.734694,35.94136
A,94.755102,95,1.0,0.755102,36.03633
A,94.77551,95,1.0,0.77551,36.13927
A,94.795918,95,1.0,0.795918,36.25063
A,94.816327,95,1.0,0.816327,36.37087
A,94.836735,95,1.0,0.836735,36.50046
A,94.857143,95,1.0,0.857143,36.63987
A,94.877551,95,1.0,0.877551,36.78958
A,94.897959,95,1.0,0.897959,36.95011
A,94.918367,95,1.0,0.918367,37.12196
A,94.938776,95,1.0,0.938776,37.30565
A,94.959184,95,1.0,0.959184,37.50171
A,94.979592,95,1.0,0.979592,37.71069
A,95.0,95,1.0,1.0,37.93315
A,95.0,96,-1.0,0.0,-29.21463
A,95.020408,96,-1.0,0.020408,-30.56194
A,95.040816,96,-1.0,0.040816,-31.60589
A,95.061224,96,-1.0,0.061224,-32.41481
A,95.081633,96,-1.0,0.081633,-33.04165
A,95.102041,96,-1.0,0.102041,-33.52747
A,95.122449,96,-1.0,0.122449,-33.90408
A,95.142857,96,-1.0,0.142857,-34.19618
A,95.163265,96,-1.0,0.163265,-34.42292
A,95.183673,96,-1.0,0.183673,-34.59917
A,95.204082,96,-1.0,0.204082,-34.73649
A,95.22449,96,-1.0,0.22449,-34.84385
A,95.244898,96,-1.0,0.244898,-34.92825
A,95.265306,96,-1.0,0.265306,-34.99517
A,95.285714,96,-1.0,0.285714,-35.04887
A,95.306122,96,-1.0,0.306122,-35.09272
A,95.326531,96,-1.0,0.326531,-35.12935
A,95.346939,96,-1.0,0.346939,-35.16088
A,95.367347,96,-1.0,0.367347,-35.18898
A,95.387755,96,-1.0,0.387755,-35.21501
A,95.408163,96,-1.0,0.408163,-35.24009
A,95.428571,96,-1.0,0.428571,-35.26513
A,95.44898,96,-1.0,0.44898,-35.29091
A,95.469388,96,-1.0,0.469388,-35.3181
A,95.489796,96,-1.0,0.489796,-35.34728
A,95.510204,96,-1.0,0.510204,-35.37898
A,95.530612,96,-1.0,0.530612,-35.41368
A,95.55102,96,-1.0,0.55102,-35.45183
A,95.571429,96,-1.0,0.571429,-35.49385
A,95.591837,96,-1.0,0.591837,-35.54016
A,95.612245,96,-1.0,0.612245,-35.59116
A,95.632653,96,-1.0,0.632653,-35.64725
A,95.653061,96,-1.0,0.653061,-35.70882
A,95.673469,96,-1.0,0.673469,-35.7763
A,95.693878,96,-1.0,0.693878,-35.85007
A,95.714286,96,-1.0,0.714286,-35.93054
A,95.734694,96,-1.0,0.734694,-36.01815
A,95.755102,96,-1.0,0.755102,-36.11332
A,95.77551,96,-1.0,0.77551,-36.21648
A,95.795918,96,-1.0,0.795918,-36.32808
A,95.816327,96,-1.0,0.816327,-36.44858
A,95.836735,96,-1.0,0.836735,-36.57844
A,95.857143,96,-1.0,0.857143,-36.71815
A,95.877551,96,-1.0,0.877551,-36.86818
A,95.897959,96,-1.0,0.897959,-37.02905
A,95.918367,96,-1.0,0.918367,-37.20127
A,95.938776,96,-1.0,0.938776,-37.38535
A,95.959184,96,-1.0,0.959184,-37.58183
A,95.979592,96,-1.0,0.979592,-37.79126
A,96.0,96,-1.0,1.0,-38.01419
A,96.0,97,1.0,0.0,29.23039
A,96.020408,97,1.0,0.020408,30.57842
A,96.040816,97,1.0,0.040816,31.62294
A,96.061224,97,1.0,0.061224,32.4323
A,96.081633,97,1.0,0.081633,33.05948
A,96.102041,97,1.0,0.102041,33.54555
A,96.122449,97,1.0,0.122449,33.92237
A,96.142857,97,1.0,0.142857,34.21463
A,96.163265,97,1.0,0.163265,34.4415
A,96.183673,97,1.0,0.183673,34.61784
A,96.204082,97,1.0,0.204082,34.75523
A,96.22449,97,1.0,0.22449,34.86264
A,96.244898,97,1.0,0.244898,34.9471
A,96.265306,97,1.0,0.265306,35.01405
A,96.285714,97,1.0,0.285714,35.06778
A,96.306122,97,1.0,0.306122,35.11165
A,96.326531,97,1.0,0.326531,35.1483
A,96.346939,97,1.0,0.346939,35.17985
A,96.367347,97,1.0,0.367347,35.20796
A,96.387755,97,1.0,0.387755,35.23401
A,96.408163,97,1.0,0.408163,35.2591
A,96.428571,97,1.0,0.428571,35.28416
A,96.44898,97,1.0,0.44898,35.30995
A,96.469388,97,1.0,0.469388,35.33715
A,96.489796,97,1.0,0.489796,35.36635
A,96.510204,97,1.0,0.510204,35.39807
A,96.530612,97,1.0,0.530612,35.43278
A,96.55102,97,1.0,0.55102,35.47095
A,96.571429,97,1.0,0.571429,35.513
A,96.591837,97,1.0,0.591837,35.55933
A,96.612245,97,1.0,0.612245,35.61036
A,96.632653,97,1.0,0.632653,35.66648
A,96.653061,97,1.0,0.653061,35.72809
A,96.673469,97,1.0,0.673469,35.7956
A,96.693878,97,1.0,0.693878,35.86941
A,96.714286,97,1.0,0.714286,35.94993
A,96.734694,97,1.0,0.734694,36.03758
A,96.755102,97,1.0,0.755102,36.1328
A,96.77551,97,1.0,0.77551,36.23602
A,96.795918,97,1.0,0.795918,36.34768
A,96.816327,97,1.0,0.816327,36.46824
A,96.836735,97,1.0,0.836735,36.59817
A,96.857143,97,1.0,0.857143,36.73796
A,96.877551,97,1.0,0.877551,36.88807
A,96.897959,97,1.0,0.897959,37.04903
A,96.918367,97,1.0,0.918367,37.22134
A,96.938776,97,1.0,0.938776,37.40552
A,96.959184,97,1.0,0.959184,37.60211
A,96.979592,97,1.0,0.979592,37.81165
A,97.0,97,1.0,1.0,38.0347
A,97.0,98,-1.0,0.0,-28.87803
A,97.020408,98,-1.0,0.020408,-30.20982
A,97.040816,98,-1.0,0.040816,-31.24174
A,97.061224,98,-1.0,0.061224,-32.04134
A,97.081633,98,-1.0,0.081633,-32.66096
A,97.102041,98,-1.0,0.102041,-33.14118
A,97.122449,98,-1.0,0.122449,-33.51346
A,97.142857,98,-1.0,0.142857,-33.80219
A,97.163265,98,-1.0,0.163265,-34.02632
A,97.183673,98,-1.0,0.183673,-34.20054
A,97.204082,98,-1.0,0.204082,-34.33627
A,97.22449,98,-1.0,0.22449,-34.44239
A,97.244898,98,-1.0,0.244898,-34.52583
A,97.265306,98,-1.0,0.265306,-34.59197
A,97.285714,98,-1.0,0.285714,-34.64506
A,97.306122,98,-1.0,0.306122,-34.6884
A,97.326531,98,-1.0,0.326531,-34.72461
A,97.346939,98,-1.0,0.346939,-34.75577
A,97.367347,98,-1.0,0.367347,-34.78355
A,97.387755,98,-1.0,0.387755,-34.80929
A,97.408163,98,-1.0,0.408163,-34.83407
A,97.428571,98,-1.0,0.428571,-34.85882
A,97.44898,98,-1.0,0.44898,-34.88431
A,97.469388,98,-1.0,0.469388,-34.91118
A,97.489796,98,-1.0,0.489796,-34.94003
A,97.510204,98,-1.0,0.510204,-34.97136
A,97.530612,98,-1.0,0.530612,-35.00566
A,97.55102,98,-1.0,0.55102,-35.04337
A,97.571429,98,-1.0,0.571429,-35.08491
A,97.591837,98,-1.0,0.591837,-35.13068
A,97.612245,98,-1.0,0.612245,-35.18109
A,97.632653,98,-1.0,0.632653,-35.23654
A,97.653061,98,-1.0,0.653061,-35.29741
A,97.673469,98,-1.0,0.673469,-35.3641
A,97.693878,98,-1.0,0.693878,-35.43702
A,97.714286,98,-1.0,0.714286,-35.51657
A,97.734694,98,-1.0,0.734694,-35.60317
A,97.755102,98,-1.0,0.755102,-35.69724
A,97.77551,98,-1.0,0.77551,-35.79921
A,97.795918,98,-1.0,0.795918,-35.90953
A,97.816327,98,-1.0,0.816327,-36.02864
A,97.836735,98,-1.0,0.836735,-36.157
A,97.857143,98,-1.0,0.857143,-36.2951
A,97.877551,98,-1.0,0.877551,-36.44341
A,97.897959,98,-1.0,0.897959,-36.60243
A,97.918367,98,-1.0,0.918367,-36.77265
A,97.938776,98,-1.0,0.938776,-36.95461
A,97.959184,98,-1.0,0.959184,-37.14883
A,97.979592,98,-1.0,0.979592,-37.35585
A,98.0,98,-1.0,1.0,-37.57621
A,98.0,99,1.0,0.0,28.63967
A,98.020408,99,1.0,0.020408,29.96047
A,98.040816,99,1.0,0.040816,30.98387
A,98.061224,99,1.0,0.061224,31.77687
A,98.081633,99,1.0,0.081633,32.39138
A,98.102041,99,1.0,0.102041,32.86763
A,98.122449,99,1.0,0.122449,33.23684
A,98.142857,99,1.0,0.142857,33.52319
A,98.163265,99,1.0,0.163265,33.74547
A,98.183673,99,1.0,0.183673,33.91825
A,98.204082,99,1.0,0.204082,34.05286
A,98.22449,99,1.0,0.22449,34.15811
A,98.244898,99,1.0,0.244898,34.24085
A,98.265306,99,1.0,0.265306,34.30645
A,98.285714,99,1.0,0.285714,34.3591
A,98.306122,99,1.0,0.306122,34.40208
A,98.326531,99,1.0,0.326531,34.43799
A,98.346939,99,1.0,0.346939,34.4689
A,98.367347,99,1.0,0.367347,34.49645
A,98.387755,99,1.0,0.387755,34.52197
A,98.408163,99,1.0,0.408163,34.54655
A,98.428571,99,1.0,0.428571,34.5711
A,98.44898,99,1.0,0.44898,34.59637
A,98.469388,99,1.0,0.469388,34.62303
A,98.489796,99,1.0,0.489796,34.65163
A,98.510204,99,1.0,0.510204,34.68271
A,98.530612,99,1.0,0.530612,34.71673
A,98.55102,99,1.0,0.55102,34.75412
A,98.571429,99,1.0,0.571429,34.79532
A,98.591837,99,1.0,0.591837,34.84071
A,98.612245,99,1.0,0.612245,34.89071
A,98.632653,99,1.0,0.632653,34.9457
A,98.653061,99,1.0,0.653061,35.00606
A,98.673469,99,1.0,0.673469,35.07221
A,98.693878,99,1.0,0.693878,35.14452
A,98.714286,99,1.0,0.714286,35.22342
A,98.734694,99,1.0,0.734694,35.3093
A,98.755102,99,1.0,0.755102,35.4026
A,98.77551,99,1.0,0.77551,35.50373
A,98.795918,99,1.0,0.795918,35.61313
A,98.816327,99,1.0,0.816327,35.73126
A,98.836735,99,1.0,0.836735,35.85856
A,98.857143,99,1.0,0.857143,35.99552
A,98.877551,99,1.0,0.877551,36.14261
A,98.897959,99,1.0,0.897959,36.30031
A,98.918367,99,1.0,0.918367,36.46914
A,98.938776,99,1.0,0.938776,36.64959
A,98.959184,99,1.0,0.959184,36.84221
A,98.979592,99,1.0,0.979592,37.04751
A,99.0,99,1.0,1.0,37.26606
A,99.0,100,-1.0,0.0,-29.12241
A,99.020408,100,-1.0,0.020408,-30.46547
A,99.040816,100,-1.0,0.040816,-31.50613
A,99.061224,100,-1.0,0.061224,-32.31249
A,99.081633,100,-1.0,0.081633,-32.93736
A,99.102041,100,-1.0,0.102041,-33.42164
A,99.122449,100,-1.0,0.122449,-33.79707
A,99.142857,100,-1.0,0.142857,-34.08825
A,99.163265,100,-1.0,0.163265,-34.31427
A,99.183673,100,-1.0,0.183673,-34.48997
A,99.204082,100,-1.0,0.204082,-34.62684
A,99.22449,100,-1.0,0.22449,-34.73386
A,99.244898,100,-1.0,0.244898,-34.81801
A,99.265306,100,-1.0,0.265306,-34.88471
A,99.285714,100,-1.0,0.285714,-34.93824
A,99.306122,100,-1.0,0.306122,-34.98195
A,99.326531,100,-1.0,0.326531,-35.01847
A,99.346939,100,-1.0,0.346939,-35.0499
A,99.367347,100,-1.0,0.367347,-35.07791
A,99.387755,100,-1.0,0.387755,-35.10386
A,99.408163,100,-1.0,0.408163,-35.12886
A,99.428571,100,-1.0,0.428571,-35.15382
A,99.44898,100,-1.0,0.44898,-35.17952
A,99.469388,100,-1.0,0.469388,-35.20662
A,99.489796,100,-1.0,0.489796,-35.23571
A,99.510204,100,-1.0,0.510204,-35.26731
A,99.530612,100,-1.0,0.530612,-35.3019
A,99.55102,100,-1.0,0.55102,-35.33993
A,99.571429,100,-1.0,0.571429,-35.38182
A,99.591837,100,-1.0,0.591837,-35.42798
A,99.612245,100,-1.0,0.612245,-35.47882
A,99.632653,100,-1.0,0.632653,-35.53473
A,99.653061,100,-1.0,0.653061,-35.59611
A,99.673469,100,-1.0,0.673469,-35.66337
A,99.693878,100,-1.0,0.693878,-35.73691
A,99.714286,100,-1.0,0.714286,-35.81713
A,99.734694,100,-1.0,0.734694,-35.90446
A,99.755102,100,-1.0,0.755102,-35.99933
A,99.77551,100,-1.0,0.77551,-36.10216
A,99.795918,100,-1.0,0.795918,-36.21341
A,99.816327,100,-1.0,0.816327,-36.33353
A,99.836735,100,-1.0,0.836735,-36.46298
A,99.857143,100,-1.0,0.857143,-36.60225
A,99.877551,100,-1.0,0.877551,-36.75181
A,99.897959,100,-1.0,0.897959,-36.91218
A,99.918367,100,-1.0,0.918367,-37.08385
A,99.938776,100,-1.0,0.938776,-37.26735
A,99.959184,100,-1.0,0.959184,-37.46321
A,99.979592,100,-1.0,0.979592,-37.67197
A,100.0,100,-1.0,1.0,-37.8942
A,100.0,101,1.0,0.0,28.78548
A,100.020408,101,1.0,0.020408,30.113
A,100.040816,101,1.0,0.040816,31.14162
A,100.061224,101,1.0,0.061224,31.93865
A,100.081633,101,1.0,0.081633,32.55629
A,100.102041,101,1.0,0.102041,33.03497
A,100.122449,101,1.0,0.122449,33.40605
A,100.142857,101,1.0,0.142857,33.69386
A,100.163265,101,1.0,0.163265,33.91727
A,100.183673,101,1.0,0.183673,34.09093
A,100.204082,101,1.0,0.204082,34.22623
A,100.22449,101,1.0,0.22449,34.33201
A,100.244898,101,1.0,0.244898,34.41518
A,100.265306,101,1.0,0.265306,34.48111
A,100.285714,101,1.0,0.285714,34.53403
A,100.306122,101,1.0,0.306122,34.57723
A,100.326531,101,1.0,0.326531,34.61332
A,100.346939,101,1.0,0.346939,34.64439
A,100.367347,101,1.0,0.367347,34.67207
A,100.387755,101,1.0,0.387755,34.69773
A,100.408163,101,1.0,0.408163,34.72243
A,100.428571,101,1.0,0.428571,34.74711
A,100.44898,101,1.0,0.44898,34.77251
A,100.469388,101,1.0,0.469388,34.7993
A,100.489796,101,1.0,0.489796,34.82805
A,100.510204,101,1.0,0.510204,34.85928
A,100.530612,101,1.0,0.530612,34.89347
A,100.55102,101,1.0,0.55102,34.93106
A,100.571429,101,1.0,0.571429,34.97246
A,100.591837,101,1.0,0.591837,35.01809
A,100.612245,101,1.0,0.612245,35.06834
A,100.632653,101,1.0,0.632653,35.12361
A,100.653061,101,1.0,0.653061,35.18428
A,100.673469,101,1.0,0.673469,35.25076
A,100.693878,101,1.0,0.693878,35.32345
A,100.714286,101,1.0,0.714286,35.40275
A,100.734694,101,1.0,0.734694,35.48907
A,100.755102,101,1.0,0.755102,35.58283
A,100.77551,101,1.0,0.77551,35.68448
A,100.795918,101,1.0,0.795918,35.79444
A,100.816327,101,1.0,0.816327,35.91317
A,100.836735,101,1.0,0.836735,36.04112
A,100.857143,101,1.0,0.857143,36.17878
A,100.877551,101,1.0,0.877551,36.32661
A,100.897959,101,1.0,0.897959,36.48512
A,100.918367,101,1.0,0.918367,36.6548
A,100.938776,101,1.0,0.938776,36.83618
A,100.959184,101,1.0,0.959184,37.02978
A,100.979592,101,1.0,0.979592,37.23613
A,101.0,101,1.0,1.0,37.45578
A,101.0,102,-1.0,0.0,-29.11441
A,101.020408,102,-1.0,0.020408,-30.4571
A,101.040816,102,-1.0,0.040816,-31.49747
A,101.061224,102,-1.0,0.061224,-32.30362
A,101.081633,102,-1.0,0.081633,-32.92831
A,101.102041,102,-1.0,0.102041,-33.41246
A,101.122449,102,-1.0,0.122449,-33.78778
A,101.142857,102,-1.0,0.142857,-34.07888
A,101.163265,102,-1.0,0.163265,-34.30484
A,101.183673,102,-1.0,0.183673,-34.48049
A,101.204082,102,-1.0,0.204082,-34.61733
A,101.22449,102,-1.0,0.22449,-34.72432
A,101.244898,102,-1.0,0.244898,-34.80844
A,101.265306,102,-1.0,0.265306,-34.87513
A,101.285714,102,-1.0,0.285714,-34.92864
A,101.306122,102,-1.0,0.306122,-34.97234
A,101.326531,102,-1.0,0.326531,-35.00885
A,101.346939,102,-1.0,0.346939,-35.04027
A,101.367347,102,-1.0,0.367347,-35.06827
A,101.387755,102,-1.0,0.387755,-35.09421
A,101.408163,102,-1.0,0.408163,-35.11921
A,101.428571,102,-1.0,0.428571,-35.14416
A,101.44898,102,-1.0,0.44898,-35.16985
A,101.469388,102,-1.0,0.469388,-35.19695
A,101.489796,102,-1.0,0.489796,-35.22603
A,101.510204,102,-1.0,0.510204,-35.25762
A,101.530612,102,-1.0,0.530612,-35.2922
A,101.55102,102,-1.0,0.55102,-35.33021
A,101.571429,102,-1.0,0.571429,-35.37209
A,101.591837,102,-1.0,0.591837,-35.41824
A,101.612245,102,-1.0,0.612245,-35.46907
A,101.632653,102,-1.0,0.632653,-35.52496
A,101.653061,102,-1.0,0.653061,-35.58633
A,101.673469,102,-1.0,0.673469,-35.65357
A,101.693878,102,-1.0,0.693878,-35.72709
A,101.714286,102,-1.0,0.714286,-35.80729
A,101.734694,102,-1.0,0.734694,-35.8946
A,101.755102,102,-1.0,0.755102,-35.98944
A,101.77551,102,-1.0,0.77551,-36.09224
A,101.795918,102,-1.0,0.795918,-36.20346
A,101.816327,102,-1.0,0.816327,-36.32355
A,101.836735,102,-1.0,0.836735,-36.45296
A,101.857143,102,-1.0,0.857143,-36.59219
A,101.877551,102,-1.0,0.877551,-36.74171
A,101.897959,102,-1.0,0.897959,-36.90203
A,101.918367,102,-1.0,0.918367,-37.07366
A,101.938776,102,-1.0,0.938776,-37.2571
A,101.959184,102,-1.0,0.959184,-37.45291
A,101.979592,102,-1.0,0.979592,-37.66162
A,102.0,102,-1.0,1.0,-37.88379
A,102.0,103,1.0,0.0,29.24546
A,102.020408,103,1.0,0.020408,30.59419
A,102.040816,103,1.0,0.040816,31.63924
A,102.061224,103,1.0,0.061224,32.44902
A,102.081633,103,1.0,0.081633,33.07652
A,102.102041,103,1.0,0.102041,33.56285
A,102.122449,103,1.0,0.122449,33.93986
A,102.142857,103,1.0,0.142857,34.23227
A,102.163265,103,1.0,0.163265,34.45925
A,102.183673,103,1.0,0.183673,34.63569
A,102.204082,103,1.0,0.204082,34.77315
A,102.22449,103,1.0,0.22449,34.88062
A,102.244898,103,1.0,0.244898,34.96511
A,102.265306,103,1.0,0.265306,35.0321
A,102.285714,103,1.0,0.285714,35.08586
A,102.306122,103,1.0,0.306122,35.12975
A,102.326531,103,1.0,0.326531,35.16643
A,102.346939,103,1.0,0.346939,35.19799
A,102.367347,103,1.0,0.367347,35.22612
A,102.387755,103,1.0,0.387755,35.25218
A,102.408163,103,1.0,0.408163,35.27728
A,102.428571,103,1.0,0.428571,35.30235
A,102.44898,103,1.0,0.44898,35.32816
A,102.469388,103,1.0,0.469388,35.35537
A,102.489796,103,1.0,0.489796,35.38458
A,102.510204,103,1.0,0.510204,35.41632
A,102.530612,103,1.0,0.530612,35.45105
A,102.55102,103,1.0,0.55102,35.48924
A,102.571429,103,1.0,0.571429,35.53131
A,102.591837,103,1.0,0.591837,35.57766
A,102.612245,103,1.0,0.612245,35.62872
A,102.632653,103,1.0,0.632653,35.68487
A,102.653061,103,1.0,0.653061,35.74651
A,102.673469,103,1.0,0.673469,35.81405
A,102.693878,103,1.0,0.693878,35.8879
A,102.714286,103,1.0,0.714286,35.96846
A,102.734694,103,1.0,0.734694,36.05616
A,102.755102,103,1.0,0.755102,36.15143
A,102.77551,103,1.0,0.77551,36.2547
A,102.795918,103,1.0,0.795918,36.36642
A,102.816327,103,1.0,0.816327,36.48704
A,102.836735,103,1.0,0.836735,36.61704
A,102.857143,103,1.0,0.857143,36.7569
A,102.877551,103,1.0,0.877551,36.90709
A,102.897959,103,1.0,0.897959,37.06813
A,102.918367,103,1.0,0.918367,37.24053
A,102.938776,103,1.0,0.938776,37.4248
A,102.959184,103,1.0,0.959184,37.62149
A,102.979592,103,1.0,0.979592,37.83114
A,103.0,103,1.0,1.0,38.05431
A,103.0,104,-1.0,0.0,-29.4437
A,103.020408,104,-1.0,0.020408,-30.80157
A,103.040816,104,-1.0,0.040816,-31.85371
A,103.061224,104,-1.0,0.061224,-32.66897
A,103.081633,104,-1.0,0.081633,-33.30073
A,103.102041,104,-1.0,0.102041,-33.79035
A,103.122449,104,-1.0,0.122449,-34.16992
A,103.142857,104,-1.0,0.142857,-34.46431
A,103.163265,104,-1.0,0.163265,-34.69283
A,103.183673,104,-1.0,0.183673,-34.87046
A,103.204082,104,-1.0,0.204082,-35.00885
A,103.22449,104,-1.0,0.22449,-35.11705
A,103.244898,104,-1.0,0.244898,-35.20212
A,103.265306,104,-1.0,0.265306,-35.26956
A,103.285714,104,-1.0,0.285714,-35.32369
A,103.306122,104,-1.0,0.306122,-35.36788
A,103.326531,104,-1.0,0.326531,-35.4048
A,103.346939,104,-1.0,0.346939,-35.43657
A,103.367347,104,-1.0,0.367347,-35.46489
A,103.387755,104,-1.0,0.387755,-35.49113
A,103.408163,104,-1.0,0.408163,-35.51641
A,103.428571,104,-1.0,0.428571,-35.54164
A,103.44898,104,-1.0,0.44898,-35.56762
A,103.469388,104,-1.0,0.469388,-35.59503
A,103.489796,104,-1.0,0.489796,-35.62444
A,103.510204,104,-1.0,0.510204,-35.65638
A,103.530612,104,-1.0,0.530612,-35.69136
A,103.55102,104,-1.0,0.55102,-35.7298
A,103.571429,104,-1.0,0.571429,-35.77215
A,103.591837,104,-1.0,0.591837,-35.81882
A,103.612245,104,-1.0,0.612245,-35.87022
A,103.632653,104,-1.0,0.632653,-35.92675
A,103.653061,104,-1.0,0.653061,-35.98882
A,103.673469,104,-1.0,0.673469,-36.05682
A,103.693878,104,-1.0,0.693878,-36.13116
A,103.714286,104,-1.0,0.714286,-36.21227
A,103.734694,104,-1.0,0.734694,-36.30057
A,103.755102,104,-1.0,0.755102,-36.39648
A,103.77551,104,-1.0,0.77551,-36.50045
A,103.795918,104,-1.0,0.795918,-36.61292
A,103.816327,104,-1.0,0.816327,-36.73437
A,103.836735,104,-1.0,0.836735,-36.86525
A,103.857143,104,-1.0,0.857143,-37.00605
A,103.877551,104,-1.0,0.877551,-37.15726
A,103.897959,104,-1.0,0.897959,-37.3194
A,103.918367,104,-1.0,0.918367,-37.49296
A,103.938776,104,-1.0,0.938776,-37.67848
A,103.959184,104,-1.0,0.959184,-37.87651
A,103.979592,104,-1.0,0.979592,-38.08758
A,104.0,104,-1.0,1.0,-38.31226
A,104.0,105,1.0,0.0,29.44921
A,104.020408,105,1.0,0.020408,30.80734
A,104.040816,105,1.0,0.040816,31.85968
A,104.061224,105,1.0,0.061224,32.67509
A,104.081633,105,1.0,0.081633,33.30697
A,104.102041,105,1.0,0.102041,33.79669
A,104.122449,105,1.0,0.122449,34.17633
A,104.142857,105,1.0,0.142857,34.47077
A,104.163265,105,1.0,0.163265,34.69933
A,104.183673,105,1.0,0.183673,34.877
A,104.204082,105,1.0,0.204082,35.01541
A,104.22449,105,1.0,0.22449,35.12364
A,104.244898,105,1.0,0.244898,35.20872
A,104.265306,105,1.0,0.265306,35.27618
A,104.285714,105,1.0,0.285714,35.33031
A,104.306122,105,1.0,0.306122,35.3745
A,104.326531,105,1.0,0.326531,35.41143
A,104.346939,105,1.0,0.346939,35.44321
A,104.367347,105,1.0,0.367347,35.47154
A,104.387755,105,1.0,0.387755,35.49778
A,104.408163,105,1.0,0.408163,35.52306
A,104.428571,105,1.0,0.428571,35.5483
A,104.44898,105,1.0,0.44898,35.57429
A,104.469388,105,1.0,0.469388,35.6017
A,104.489796,105,1.0,0.489796,35.63111
A,104.510204,105,1.0,0.510204,35.66307
A,104.530612,105,1.0,0.530612,35.69804
A,104.55102,105,1.0,0.55102,35.7365
A,104.571429,105,1.0,0.571429,35.77886
A,104.591837,105,1.0,0.591837,35.82554
A,104.612245,105,1.0,0.612245,35.87695
A,104.632653,105,1.0,0.632653,35.93349
A,104.653061,105,1.0,0.653061,35.99556
A,104.673469,105,1.0,0.673469,36.06357
A,104.693878,105,1.0,0.693878,36.13794
A,104.714286,105,1.0,0.714286,36.21906
A,104.734694,105,1.0,0.734694,36.30737
A,104.755102,105,1.0,0.755102,36.4033
A,104.77551,105,1.0,0.77551,36.50729
A,104.795918,105,1.0,0.795918,36.61979
A,104.816327,105,1.0,0.816327,36.74125
A,104.836735,105,1.0,0.836735,36.87216
A,104.857143,105,1.0,0.857143,37.01299
A,104.877551,105,1.0,0.877551,37.16423
A,104.897959,105,1.0,0.897959,37.32639
A,104.918367,105,1.0,0.918367,37.49999
A,104.938776,105,1.0,0.938776,37.68555
A,104.959184,105,1.0,0.959184,37.88361
A,104.979592,105,1.0,0.979592,38.09471
A,105.0,105,1.0,1.0,38.31944
A,105.0,106,-1.0,0.0,-29.38052
A,105.020408,106,-1.0,0.020408,-30.73548
A,105.040816,106,-1.0,0.040816,-31.78536
A,105.061224,106,-1.0,0.061224,-32.59887
A,105.081633,106,-1.0,0.081633,-33.22927
A,105.102041,106,-1.0,0.102041,-33.71785
A,105.122449,106,-1.0,0.122449,-34.0966
A,105.142857,106,-1.0,0.142857,-34.39036
A,105.163265,106,-1.0,0.163265,-34.61839
A,105.183673,106,-1.0,0.183673,-34.79564
A,105.204082,106,-1.0,0.204082,-34.93373
A,105.22449,106,-1.0,0.22449,-35.0417
A,105.244898,106,-1.0,0.244898,-35.12659
A,105.265306,106,-1.0,0.265306,-35.19389
A,105.285714,106,-1.0,0.285714,-35.24789
A,105.306122,106,-1.0,0.306122,-35.29199
A,105.326531,106,-1.0,0.326531,-35.32883
A,105.346939,106,-1.0,0.346939,-35.36053
A,105.367347,106,-1.0,0.367347,-35.3888
A,105.387755,106,-1.0,0.387755,-35.41498
A,105.408163,106,-1.0,0.408163,-35.4402
A,105.428571,106,-1.0,0.428571,-35.46538
A,105.44898,106,-1.0,0.44898,-35.49131
A,105.469388,106,-1.0,0.469388,-35.51865
A,105.489796,106,-1.0,0.489796,-35.54799
A,105.510204,106,-1.0,0.510204,-35.57987
A,105.530612,106,-1.0,0.530612,-35.61477
A,105.55102,106,-1.0,0.55102,-35.65313
A,105.571429,106,-1.0,0.571429,-35.69539
A,105.591837,106,-1.0,0.591837,-35.74197
A,105.612245,106,-1.0,0.612245,-35.79326
A,105.632653,106,-1.0,0.632653,-35.84966
A,105.653061,106,-1.0,0.653061,-35.91159
A,105.673469,106,-1.0,0.673469,-35.97945
A,105.693878,106,-1.0,0.693878,-36.05363
A,105.714286,106,-1.0,0.714286,-36.13457
A,105.734694,106,-1.0,0.734694,-36.22268
A,105.755102,106,-1.0,0.755102,-36.31838
A,105.77551,106,-1.0,0.77551,-36.42213
A,105.795918,106,-1.0,0.795918,-36.53436
A,105.816327,106,-1.0,0.816327,-36.65554
A,105.836735,106,-1.0,0.836735,-36.78615
A,105.857143,106,-1.0,0.857143,-36.92664
A,105.877551,106,-1.0,0.877551,-37.07754
A,105.897959,106,-1.0,0.897959,-37.23932
A,105.918367,106,-1.0,0.918367,-37.41251
A,105.938776,106,-1.0,0.938776,-37.59764
A,105.959184,106,-1.0,0.959184,-37.79523
A,105.979592,106,-1.0,0.979592,-38.00585
A,106.0,106,-1.0,1.0,-38.23005
A,106.0,107,1.0,0.0,29.36011
A,106.020408,107,1.0,0.020408,30.71413
A,106.040816,107,1.0,0.040816,31.76328
A,106.061224,107,1.0,0.061224,32.57623
A,106.081633,107,1.0,0.081633,33.20619
A,106.102041,107,1.0,0.102041,33.69443
A,106.122449,107,1.0,0.122449,34.07292
A,106.142857,107,1.0,0.142857,34.36647
A,106.163265,107,1.0,0.163265,34.59434
A,106.183673,107,1.0,0.183673,34.77147
A,106.204082,107,1.0,0.204082,34.90947
A,106.22449,107,1.0,0.22449,35.01736
A,106.244898,107,1.0,0.244898,35.10219
A,106.265306,107,1.0,0.265306,35.16944
A,106.285714,107,1.0,0.285714,35.22341
A,106.306122,107,1.0,0.306122,35.26747
A,106.326531,107,1.0,0.326531,35.30429
A,106.346939,107,1.0,0.346939,35.33597
A,106.367347,107,1.0,0.367347,35.36422
A,106.387755,107,1.0,0.387755,35.39038
A,106.408163,107,1.0,0.408163,35.41558
A,106.428571,107,1.0,0.428571,35.44074
A,106.44898,107,1.0,0.44898,35.46665
A,106.469388,107,1.0,0.469388,35.49398
A,106.489796,107,1.0,0.489796,35.5233
A,106.510204,107,1.0,0.510204,35.55516
A,106.530612,107,1.0,0.530612,35.59003
A,106.55102,107,1.0,0.55102,35.62837
A,106.571429,107,1.0,0.571429,35.6706
A,106.591837,107,1.0,0.591837,35.71714
A,106.612245,107,1.0,0.612245,35.76839
A,106.632653,107,1.0,0.632653,35.82476
A,106.653061,107,1.0,0.653061,35.88665
A,106.673469,107,1.0,0.673469,35.95446
A,106.693878,107,1.0,0.693878,36.02859
A,106.714286,107,1.0,0.714286,36.10947
A,106.734694,107,1.0,0.734694,36.19752
A,106.755102,107,1.0,0.755102,36.29316
A,106.77551,107,1.0,0.77551,36.39683
A,106.795918,107,1.0,0.795918,36.50899
A,106.816327,107,1.0,0.816327,36.63008
A,106.836735,107,1.0,0.836735,36.76059
A,106.857143,107,1.0,0.857143,36.901
A,106.877551,107,1.0,0.877551,37.05178
A,106.897959,107,1.0,0.897959,37.21345
A,106.918367,107,1.0,0.918367,37.38652
A,106.938776,107,1.0,0.938776,37.57152
A,106.959184,107,1.0,0.959184,37.76898
A,106.979592,107,1.0,0.979592,37.97945
A,107.0,107,1.0,1.0,38.20349
A,107.0,108,-1.0,0.0,-29.67394
A,107.020408,108,-1.0,0.020408,-31.04243
A,107.040816,108,-1.0,0.040816,-32.1028
A,107.061224,108,-1.0,0.061224,-32.92444
A,107.081633,108,-1.0,0.081633,-33.56113
A,107.102041,108,-1.0,0.102041,-34.05459
A,107.122449,108,-1.0,0.122449,-34.43712
A,107.142857,108,-1.0,0.142857,-34.73382
A,107.163265,108,-1.0,0.163265,-34.96412
A,107.183673,108,-1.0,0.183673,-35.14314
A,107.204082,108,-1.0,0.204082,-35.28261
A,107.22449,108,-1.0,0.22449,-35.39166
A,107.244898,108,-1.0,0.244898,-35.4774
A,107.265306,108,-1.0,0.265306,-35.54537
A,107.285714,108,-1.0,0.285714,-35.59991
A,107.306122,108,-1.0,0.306122,-35.64445
A,107.326531,108,-1.0,0.326531,-35.68166
A,107.346939,108,-1.0,0.346939,-35.71368
A,107.367347,108,-1.0,0.367347,-35.74222
A,107.387755,108,-1.0,0.387755,-35.76867
A,107.408163,108,-1.0,0.408163,-35.79414
A,107.428571,108,-1.0,0.428571,-35.81957
A,107.44898,108,-1.0,0.44898,-35.84576
A,107.469388,108,-1.0,0.469388,-35.87337
A,107.489796,108,-1.0,0.489796,-35.90301
A,107.510204,108,-1.0,0.510204,-35.93521
A,107.530612,108,-1.0,0.530612,-35.97045
A,107.55102,108,-1.0,0.55102,-36.0092
A,107.571429,108,-1.0,0.571429,-36.05188
A,107.591837,108,-1.0,0.591837,-36.09892
A,107.612245,108,-1.0,0.612245,-36.15072
A,107.632653,108,-1.0,0.632653,-36.20769
A,107.653061,108,-1.0,0.653061,-36.27024
A,107.673469,108,-1.0,0.673469,-36.33877
A,107.693878,108,-1.0,0.693878,-36.4137
A,107.714286,108,-1.0,0.714286,-36.49545
A,107.734694,108,-1.0,0.734694,-36.58443
A,107.755102,108,-1.0,0.755102,-36.68109
A,107.77551,108,-1.0,0.77551,-36.78587
A,107.795918,108,-1.0,0.795918,-36.89923
A,107.816327,108,-1.0,0.816327,-37.02162
A,107.836735,108,-1.0,0.836735,-37.15353
A,107.857143,108,-1.0,0.857143,-37.29543
A,107.877551,108,-1.0,0.877551,-37.44783
A,107.897959,108,-1.0,0.897959,-37.61123
A,107.918367,108,-1.0,0.918367,-37.78615
A,107.938776,108,-1.0,0.938776,-37.97312
A,107.959184,108,-1.0,0.959184,-38.17269
A,107.979592,108,-1.0,0.979592,-38.38541
A,108.0,108,-1.0,1.0,-38.61185
A,108.0,109,1.0,0.0,29.87994
A,108.020408,109,1.0,0.020408,31.25793
A,108.040816,109,1.0,0.040816,32.32566
A,108.061224,109,1.0,0.061224,33.153
A,108.081633,109,1.0,0.081633,33.79412
A,108.102041,109,1.0,0.102041,34.29099
A,108.122449,109,1.0,0.122449,34.67619
A,108.142857,109,1.0,0.142857,34.97494
A,108.163265,109,1.0,0.163265,35.20684
A,108.183673,109,1.0,0.183673,35.38711
A,108.204082,109,1.0,0.204082,35.52755
A,108.22449,109,1.0,0.22449,35.63735
A,108.244898,109,1.0,0.244898,35.72368
A,108.265306,109,1.0,0.265306,35.79212
A,108.285714,109,1.0,0.285714,35.84705
A,108.306122,109,1.0,0.306122,35.89189
A,108.326531,109,1.0,0.326531,35.92936
A,108.346939,109,1.0,0.346939,35.9616
A,108.367347,109,1.0,0.367347,35.99035
A,108.387755,109,1.0,0.387755,36.01697
A,108.408163,109,1.0,0.408163,36.04262
A,108.428571,109,1.0,0.428571,36.06823
A,108.44898,109,1.0,0.44898,36.0946
A,108.469388,109,1.0,0.469388,36.1224
A,108.489796,109,1.0,0.489796,36.15225
A,108.510204,109,1.0,0.510204,36.18467
A,108.530612,109,1.0,0.530612,36.22016
A,108.55102,109,1.0,0.55102,36.25918
A,108.571429,109,1.0,0.571429,36.30216
A,108.591837,109,1.0,0.591837,36.34952
A,108.612245,109,1.0,0.612245,36.40168
A,108.632653,109,1.0,0.632653,36.45905
A,108.653061,109,1.0,0.653061,36.52203
A,108.673469,109,1.0,0.673469,36.59104
A,108.693878,109,1.0,0.693878,36.66649
A,108.714286,109,1.0,0.714286,36.7488
A,108.734694,109,1.0,0.734694,36.8384
A,108.755102,109,1.0,0.755102,36.93573
A,108.77551,109,1.0,0.77551,37.04124
A,108.795918,109,1.0,0.795918,37.15539
A,108.816327,109,1.0,0.816327,37.27863
A,108.836735,109,1.0,0.836735,37.41145
A,108.857143,109,1.0,0.857143,37.55434
A,108.877551,109,1.0,0.877551,37.70779
A,108.897959,109,1.0,0.897959,37.87232
A,108.918367,109,1.0,0.918367,38.04846
A,108.938776,109,1.0,0.938776,38.23673
A,108.959184,109,1.0,0.959184,38.43769
A,108.979592,109,1.0,0.979592,38.65189
A,109.0,109,1.0,1.0,38.87989
A,109.0,110,-1.0,0.0,-29.90286
A,109.020408,110,-1.0,0.020408,-31.28191
A,109.040816,110,-1.0,0.040816,-32.35046
A,109.061224,110,-1.0,0.061224,-33.17843
A,109.081633,110,-1.0,0.081633,-33.82004
A,109.102041,110,-1.0,0.102041,-34.3173
A,109.122449,110,-1.0,0.122449,-34.70279
A,109.142857,110,-1.0,0.142857,-35.00177
A,109.163265,110,-1.0,0.163265,-35.23386
A,109.183673,110,-1.0,0.183673,-35.41426
A,109.204082,110,-1.0,0.204082,-35.5548
A,109.22449,110,-1.0,0.22449,-35.66469
A,109.244898,110,-1.0,0.244898,-35.75109
A,109.265306,110,-1.0,0.265306,-35.81958
A,109.285714,110,-1.0,0.285714,-35.87455
A,109.306122,110,-1.0,0.306122,-35.91943
A,109.326531,110,-1.0,0.326531,-35.95692
A,109.346939,110,-1.0,0.346939,-35.98919
A,109.367347,110,-1.0,0.367347,-36.01796
A,109.387755,110,-1.0,0.387755,-36.04461
A,109.408163,110,-1.0,0.408163,-36.07027
A,109.428571,110,-1.0,0.428571,-36.0959
A,109.44898,110,-1.0,0.44898,-36.12229
A,109.469388,110,-1.0,0.469388,-36.15012
A,109.489796,110,-1.0,0.489796,-36.17999
A,109.510204,110,-1.0,0.510204,-36.21243
A,109.530612,110,-1.0,0.530612,-36.24795
A,109.55102,110,-1.0,0.55102,-36.287
A,109.571429,110,-1.0,0.571429,-36.33001
A,109.591837,110,-1.0,0.591837,-36.37741
A,109.612245,110,-1.0,0.612245,-36.42961
A,109.632653,110,-1.0,0.632653,-36.48702
A,109.653061,110,-1.0,0.653061,-36.55005
A,109.673469,110,-1.0,0.673469,-36.61911
A,109.693878,110,-1.0,0.693878,-36.69462
A,109.714286,110,-1.0,0.714286,-36.77699
A,109.734694,110,-1.0,0.734694,-36.86666
A,109.755102,110,-1.0,0.755102,-36.96407
A,109.77551,110,-1.0,0.77551,-37.06966
A,109.795918,110,-1.0,0.795918,-37.18389
A,109.816327,110,-1.0,0.816327,-37.30723
A,109.836735,110,-1.0,0.836735,-37.44015
A,109.857143,110,-1.0,0.857143,-37.58315
A,109.877551,110,-1.0,0.877551,-37.73672
A,109.897959,110,-1.0,0.897959,-37.90138
A,109.918367,110,-1.0,0.918367,-38.07765
A,109.938776,110,-1.0,0.938776,-38.26607
A,109.959184,110,-1.0,0.959184,-38.46718
A,109.979592,110,-1.0,0.979592,-38.68154
A,110.0,110,-1.0,1.0,-38.90972
A,110.0,111,1.0,0.0,30.01208
A,110.020408,111,1.0,0.020408,31.39617
A,110.040816,111,1.0,0.040816,32.46862
A,110.061224,111,1.0,0.061224,33.29962
A,110.081633,111,1.0,0.081633,33.94357
A,110.102041,111,1.0,0.102041,34.44265
A,110.122449,111,1.0,0.122449,34.82954
A,110.142857,111,1.0,0.142857,35.12962
A,110.163265,111,1.0,0.163265,35.36255
A,110.183673,111,1.0,0.183673,35.54361
A,110.204082,111,1.0,0.204082,35.68467
A,110.22449,111,1.0,0.22449,35.79496
A,110.244898,111,1.0,0.244898,35.88167
A,110.265306,111,1.0,0.265306,35.95042
A,110.285714,111,1.0,0.285714,36.00558
A,110.306122,111,1.0,0.306122,36.05063
A,110.326531,111,1.0,0.326531,36.08826
A,110.346939,111,1.0,0.346939,36.12065
A,110.367347,111,1.0,0.367347,36.14952
A,110.387755,111,1.0,0.387755,36.17626
A,110.408163,111,1.0,0.408163,36.20202
A,110.428571,111,1.0,0.428571,36.22775
A,110.44898,111,1.0,0.44898,36.25423
A,110.469388,111,1.0,0.469388,36.28216
A,110.489796,111,1.0,0.489796,36.31214
A,110.510204,111,1.0,0.510204,36.3447
A,110.530612,111,1.0,0.530612,36.38035
A,110.55102,111,1.0,0.55102,36.41954
A,110.571429,111,1.0,0.571429,36.46271
A,110.591837,111,1.0,0.591837,36.51028
A,110.612245,111,1.0,0.612245,36.56267
A,110.632653,111,1.0,0.632653,36.62029
A,110.653061,111,1.0,0.653061,36.68355
A,110.673469,111,1.0,0.673469,36.75286
A,110.693878,111,1.0,0.693878,36.82865
A,110.714286,111,1.0,0.714286,36.91132
A,110.734694,111,1.0,0.734694,37.00132
A,110.755102,111,1.0,0.755102,37.09909
A,110.77551,111,1.0,0.77551,37.20506
A,110.795918,111,1.0,0.795918,37.31971
A,110.816327,111,1.0,0.816327,37.4435
A,110.836735,111,1.0,0.836735,37.5769
A,110.857143,111,1.0,0.857143,37.72042
A,110.877551,111,1.0,0.877551,37.87456
A,110.897959,111,1.0,0.897959,38.03982
A,110.918367,111,1.0,0.918367,38.21673
A,110.938776,111,1.0,0.938776,38.40584
A,110.959184,111,1.0,0.959184,38.60768
A,110.979592,111,1.0,0.979592,38.82283
A,111.0,111,1.0,1.0,39.05184
A,111.0,112,-1.0,0.0,-29.97898
A,111.020408,112,-1.0,0.020408,-31.36154
A,111.040816,112,-1.0,0.040816,-32.43281
A,111.061224,112,-1.0,0.061224,-33.26289
A,111.081633,112,-1.0,0.081633,-33.90614
A,111.102041,112,-1.0,0.102041,-34.40466
A,111.122449,112,-1.0,0.122449,-34.79113
A,111.142857,112,-1.0,0.142857,-35.09087
A,111.163265,112,-1.0,0.163265,-35.32355
A,111.183673,112,-1.0,0.183673,-35.50441
A,111.204082,112,-1.0,0.204082,-35.64531
A,111.22449,112,-1.0,0.22449,-35.75548
A,111.244898,112,-1.0,0.244898,-35.8421
A,111.265306,112,-1.0,0.265306,-35.91077
A,111.285714,112,-1.0,0.285714,-35.96587
A,111.306122,112,-1.0,0.306122,-36.01086
A,111.326531,112,-1.0,0.326531,-36.04846
A,111.346939,112,-1.0,0.346939,-36.08081
A,111.367347,112,-1.0,0.367347,-36.10965
A,111.387755,112,-1.0,0.387755,-36.13636
A,111.408163,112,-1.0,0.408163,-36.16209
A,111.428571,112,-1.0,0.428571,-36.18779
A,111.44898,112,-1.0,0.44898,-36.21424
A,111.469388,112,-1.0,0.469388,-36.24214
A,111.489796,112,-1.0,0.489796,-36.27209
A,111.510204,112,-1.0,0.510204,-36.30462
A,111.530612,112,-1.0,0.530612,-36.34022
A,111.55102,112,-1.0,0.55102,-36.37937
A,111.571429,112,-1.0,0.571429,-36.42249
A,111.591837,112,-1.0,0.591837,-36.47001
A,111.612245,112,-1.0,0.612245,-36.52234
A,111.632653,112,-1.0,0.632653,-36.5799
A,111.653061,112,-1.0,0.653061,-36.64309
A,111.673469,112,-1.0,0.673469,-36.71233
A,111.693878,112,-1.0,0.693878,-36.78803
A,111.714286,112,-1.0,0.714286,-36.87061
A,111.734694,112,-1.0,0.734694,-36.96051
A,111.755102,112,-1.0,0.755102,-37.05817
A,111.77551,112,-1.0,0.77551,-37.16403
A,111.795918,112,-1.0,0.795918,-37.27855
A,111.816327,112,-1.0,0.816327,-37.4022
A,111.836735,112,-1.0,0.836735,-37.53546
A,111.857143,112,-1.0,0.857143,-37.67882
A,111.877551,112,-1.0,0.877551,-37.83278
A,111.897959,112,-1.0,0.897959,-37.99786
A,111.918367,112,-1.0,0.918367,-38.17458
A,111.938776,112,-1.0,0.938776,-38.36348
A,111.959184,112,-1.0,0.959184,-38.5651
A,111.979592,112,-1.0,0.979592,-38.78001
A,112.0,112,-1.0,1.0,-39.00877
A,112.0,113,1.0,0.0,30.32434
A,112.020408,113,1.0,0.020408,31.72283
A,112.040816,113,1.0,0.040816,32.80643
A,112.061224,113,1.0,0.061224,33.64608
A,112.081633,113,1.0,0.081633,34.29673
A,112.102041,113,1.0,0.102041,34.801
A,112.122449,113,1.0,0.122449,35.19192
A,112.142857,113,1.0,0.142857,35.49512
A,112.163265,113,1.0,0.163265,35.73047
A,112.183673,113,1.0,0.183673,35.91342
A,112.204082,113,1.0,0.204082,36.05595
A,112.22449,113,1.0,0.22449,36.16739
A,112.244898,113,1.0,0.244898,36.255
A,112.265306,113,1.0,0.265306,36.32446
A,112.285714,113,1.0,0.285714,36.3802
A,112.306122,113,1.0,0.306122,36.42571
A,112.326531,113,1.0,0.326531,36.46374
A,112.346939,113,1.0,0.346939,36.49646
A,112.367347,113,1.0,0.367347,36.52563
A,112.387755,113,1.0,0.387755,36.55265
A,112.408163,113,1.0,0.408163,36.57868
A,112.428571,113,1.0,0.428571,36.60467
A,112.44898,113,1.0,0.44898,36.63143
A,112.469388,113,1.0,0.469388,36.65965
A,112.489796,113,1.0,0.489796,36.68994
A,112.510204,113,1.0,0.510204,36.72285
A,112.530612,113,1.0,0.530612,36.75886
A,112.55102,113,1.0,0.55102,36.79846
A,112.571429,113,1.0,0.571429,36.84208
A,112.591837,113,1.0,0.591837,36.89014
A,112.612245,113,1.0,0.612245,36.94308
A,112.632653,113,1.0,0.632653,37.0013
A,112.653061,113,1.0,0.653061,37.06522
A,112.673469,113,1.0,0.673469,37.13525
A,112.693878,113,1.0,0.693878,37.21183
A,112.714286,113,1.0,0.714286,37.29536
A,112.734694,113,1.0,0.734694,37.3863
A,112.755102,113,1.0,0.755102,37.48508
A,112.77551,113,1.0,0.77551,37.59216
A,112.795918,113,1.0,0.795918,37.708
A,112.816327,113,1.0,0.816327,37.83307
A,112.836735,113,1.0,0.836735,37.96787
A,112.857143,113,1.0,0.857143,38.11288
A,112.877551,113,1.0,0.877551,38.26862
A,112.897959,113,1.0,0.897959,38.4356
A,112.918367,113,1.0,0.918367,38.61435
A,112.938776,113,1.0,0.938776,38.80543
A,112.959184,113,1.0,0.959184,39.00937
A,112.979592,113,1.0,0.979592,39.22675
A,113.0,113,1.0,1.0,39.45815
A,113.0,114,-1.0,0.0,-29.79781
A,113.020408,114,-1.0,0.020408,-31.17202
A,113.040816,114,-1.0,0.040816,-32.23681
A,113.061224,114,-1.0,0.061224,-33.06188
A,113.081633,114,-1.0,0.081633,-33.70124
A,113.102041,114,-1.0,0.102041,-34.19675
A,113.122449,114,-1.0,0.122449,-34.58088
A,113.142857,114,-1.0,0.142857,-34.87882
A,113.163265,114,-1.0,0.163265,-35.11008
A,113.183673,114,-1.0,0.183673,-35.28985
A,113.204082,114,-1.0,0.204082,-35.4299
A,113.22449,114,-1.0,0.22449,-35.53941
A,113.244898,114,-1.0,0.244898,-35.6255
A,113.265306,114,-1.0,0.265306,-35.69375
A,113.285714,114,-1.0,0.285714,-35.74853
A,113.306122,114,-1.0,0.306122,-35.79325
A,113.326531,114,-1.0,0.326531,-35.83061
A,113.346939,114,-1.0,0.346939,-35.86277
A,113.367347,114,-1.0,0.367347,-35.89143
A,113.387755,114,-1.0,0.387755,-35.91798
A,113.408163,114,-1.0,0.408163,-35.94356
A,113.428571,114,-1.0,0.428571,-35.9691
A,113.44898,114,-1.0,0.44898,-35.9954
A,113.469388,114,-1.0,0.469388,-36.02313
A,113.489796,114,-1.0,0.489796,-36.05289
A,113.510204,114,-1.0,0.510204,-36.08522
A,113.530612,114,-1.0,0.530612,-36.12062
A,113.55102,114,-1.0,0.55102,-36.15952
A,113.571429,114,-1.0,0.571429,-36.20238
A,113.591837,114,-1.0,0.591837,-36.24962
A,113.612245,114,-1.0,0.612245,-36.30164
A,113.632653,114,-1.0,0.632653,-36.35884
A,113.653061,114,-1.0,0.653061,-36.42165
A,113.673469,114,-1.0,0.673469,-36.49047
A,113.693878,114,-1.0,0.693878,-36.56571
A,113.714286,114,-1.0,0.714286,-36.6478
A,113.734694,114,-1.0,0.734694,-36.73716
A,113.755102,114,-1.0,0.755102,-36.83422
A,113.77551,114,-1.0,0.77551,-36.93944
A,113.795918,114,-1.0,0.795918,-37.05327
A,113.816327,114,-1.0,0.816327,-37.17617
A,113.836735,114,-1.0,0.836735,-37.30863
A,113.857143,114,-1.0,0.857143,-37.45112
A,113.877551,114,-1.0,0.877551,-37.60416
A,113.897959,114,-1.0,0.897959,-37.76824
A,113.918367,114,-1.0,0.918367,-37.94389
A,113.938776,114,-1.0,0.938776,-38.13164
A,113.959184,114,-1.0,0.959184,-38.33205
A,113.979592,114,-1.0,0.979592,-38.54566
A,114.0,114,-1.0,1.0,-38.77304
A,114.0,115,1.0,0.0,29.83296
A,114.020408,115,1.0,0.020408,31.20878
A,114.040816,115,1.0,0.040816,32.27483
A,114.061224,115,1.0,0.061224,33.10087
A,114.081633,115,1.0,0.081633,33.74098
A,114.102041,115,1.0,0.102041,34.23708
A,114.122449,115,1.0,0.122449,34.62167
A,114.142857,115,1.0,0.142857,34.91995
A,114.163265,115,1.0,0.163265,35.15149
A,114.183673,115,1.0,0.183673,35.33147
A,114.204082,115,1.0,0.204082,35.47169
A,114.22449,115,1.0,0.22449,35.58132
A,114.244898,115,1.0,0.244898,35.66752
A,114.265306,115,1.0,0.265306,35.73585
A,114.285714,115,1.0,0.285714,35.79069
A,114.306122,115,1.0,0.306122,35.83546
A,114.326531,115,1.0,0.326531,35.87287
A,114.346939,115,1.0,0.346939,35.90507
A,114.367347,115,1.0,0.367347,35.93376
A,114.387755,115,1.0,0.387755,35.96035
A,114.408163,115,1.0,0.408163,35.98595
A,114.428571,115,1.0,0.428571,36.01152
A,114.44898,115,1.0,0.44898,36.03785
A,114.469388,115,1.0,0.469388,36.06561
A,114.489796,115,1.0,0.489796,36.09541
A,114.510204,115,1.0,0.510204,36.12778
A,114.530612,115,1.0,0.530612,36.16322
A,114.55102,115,1.0,0.55102,36.20217
A,114.571429,115,1.0,0.571429,36.24508
A,114.591837,115,1.0,0.591837,36.29237
A,114.612245,115,1.0,0.612245,36.34445
A,114.632653,115,1.0,0.632653,36.40173
A,114.653061,115,1.0,0.653061,36.46461
A,114.673469,115,1.0,0.673469,36.53351
A,114.693878,115,1.0,0.693878,36.60884
A,114.714286,115,1.0,0.714286,36.69102
A,114.734694,115,1.0,0.734694,36.78048
A,114.755102,115,1.0,0.755102,36.87766
A,114.77551,115,1.0,0.77551,36.98301
A,114.795918,115,1.0,0.795918,37.09697
A,114.816327,115,1.0,0.816327,37.22002
A,114.836735,115,1.0,0.836735,37.35263
A,114.857143,115,1.0,0.857143,37.49529
A,114.877551,115,1.0,0.877551,37.64851
A,114.897959,115,1.0,0.897959,37.81278
A,114.918367,115,1.0,0.918367,37.98864
A,114.938776,115,1.0,0.938776,38.17662
A,114.959184,115,1.0,0.959184,38.37726
A,114.979592,115,1.0,0.979592,38.59112
A,115.0,115,1.0,1.0,38.81877
A,115.0,116,-1.0,0.0,-29.65991
A,115.020408,116,-1.0,0.020408,-31.02776
A,115.040816,116,-1.0,0.040816,-32.08762
A,115.061224,116,-1.0,0.061224,-32.90887
A,115.081633,116,-1.0,0.081633,-33.54527
A,115.102041,116,-1.0,0.102041,-34.03849
A,115.122449,116,-1.0,0.122449,-34.42085
A,115.142857,116,-1.0,0.142857,-34.7174
A,115.163265,116,-1.0,0.163265,-34.9476
A,115.183673,116,-1.0,0.183673,-35.12653
A,115.204082,116,-1.0,0.204082,-35.26594
A,115.22449,116,-1.0,0.22449,-35.37493
A,115.244898,116,-1.0,0.244898,-35.46063
A,115.265306,116,-1.0,0.265306,-35.52856
A,115.285714,116,-1.0,0.285714,-35.58308
A,115.306122,116,-1.0,0.306122,-35.6276
A,115.326531,116,-1.0,0.326531,-35.66479
A,115.346939,116,-1.0,0.346939,-35.6968
A,115.367347,116,-1.0,0.367347,-35.72533
A,115.387755,116,-1.0,0.387755,-35.75176
A,115.408163,116,-1.0,0.408163,-35.77722
A,115.428571,116,-1.0,0.428571,-35.80264
A,115.44898,116,-1.0,0.44898,-35.82881
A,115.469388,116,-1.0,0.469388,-35.85641
A,115.489796,116,-1.0,0.489796,-35.88604
A,115.510204,116,-1.0,0.510204,-35.91822
A,115.530612,116,-1.0,0.530612,-35.95345
A,115.55102,116,-1.0,0.55102,-35.99218
A,115.571429,116,-1.0,0.571429,-36.03484
A,115.591837,116,-1.0,0.591837,-36.08186
A,115.612245,116,-1.0,0.612245,-36.13363
A,115.632653,116,-1.0,0.632653,-36.19058
A,115.653061,116,-1.0,0.653061,-36.2531
A,115.673469,116,-1.0,0.673469,-36.3216
A,115.693878,116,-1.0,0.693878,-36.39649
A,115.714286,116,-1.0,0.714286,-36.4782
A,115.734694,116,-1.0,0.734694,-36.56714
A,115.755102,116,-1.0,0.755102,-36.66375
A,115.77551,116,-1.0,0.77551,-36.76849
A,115.795918,116,-1.0,0.795918,-36.88179
A,115.816327,116,-1.0,0.816327,-37.00412
A,115.836735,116,-1.0,0.836735,-37.13597
A,115.857143,116,-1.0,0.857143,-37.2778
A,115.877551,116,-1.0,0.877551,-37.43013
A,115.897959,116,-1.0,0.897959,-37.59345
A,115.918367,116,-1.0,0.918367,-37.76829
A,115.938776,116,-1.0,0.938776,-37.95517
A,115.959184,116,-1.0,0.959184,-38.15465
A,115.979592,116,-1.0,0.979592,-38.36727
A,116.0,116,-1.0,1.0,-38.5936
A,116.0,117,1.0,0.0,29.37384
A,116.020408,117,1.0,0.020408,30.72849
A,116.040816,117,1.0,0.040816,31.77813
A,116.061224,117,1.0,0.061224,32.59146
A,116.081633,117,1.0,0.081633,33.22172
A,116.102041,117,1.0,0.102041,33.71018
A,116.122449,117,1.0,0.122449,34.08885
A,116.142857,117,1.0,0.142857,34.38254
A,116.163265,117,1.0,0.163265,34.61052
A,116.183673,117,1.0,0.183673,34.78773
A,116.204082,117,1.0,0.204082,34.92579
A,116.22449,117,1.0,0.22449,35.03373
A,116.244898,117,1.0,0.244898,35.1186
A,116.265306,117,1.0,0.265306,35.18588
A,116.285714,117,1.0,0.285714,35.23988
A,116.306122,117,1.0,0.306122,35.28396
A,116.326531,117,1.0,0.326531,35.3208
A,116.346939,117,1.0,0.346939,35.35249
A,116.367347,117,1.0,0.367347,35.38075
A,116.387755,117,1.0,0.387755,35.40693
A,116.408163,117,1.0,0.408163,35.43214
A,116.428571,117,1.0,0.428571,35.45731
A,116.44898,117,1.0,0.44898,35.48324
A,116.469388,117,1.0,0.469388,35.51057
A,116.489796,117,1.0,0.489796,35.53991
A,116.510204,117,1.0,0.510204,35.57178
A,116.530612,117,1.0,0.530612,35.60667
A,116.55102,117,1.0,0.55102,35.64503
A,116.571429,117,1.0,0.571429,35.68728
A,116.591837,117,1.0,0.591837,35.73384
A,116.612245,117,1.0,0.612245,35.78512
A,116.632653,117,1.0,0.632653,35.84151
A,116.653061,117,1.0,0.653061,35.90343
A,116.673469,117,1.0,0.673469,35.97127
A,116.693878,117,1.0,0.693878,36.04544
A,116.714286,117,1.0,0.714286,36.12635
A,116.734694,117,1.0,0.734694,36.21444
A,116.755102,117,1.0,0.755102,36.31012
A,116.77551,117,1.0,0.77551,36.41385
A,116.795918,117,1.0,0.795918,36.52606
A,116.816327,117,1.0,0.816327,36.64721
A,116.836735,117,1.0,0.836735,36.77778
A,116.857143,117,1.0,0.857143,36.91825
A,116.877551,117,1.0,0.877551,37.0691
A,116.897959,117,1.0,0.897959,37.23085
A,116.918367,117,1.0,0.918367,37.404
A,116.938776,117,1.0,0.938776,37.58909
A,116.959184,117,1.0,0.959184,37.78664
A,116.979592,117,1.0,0.979592,37.99721
A,117.0,117,1.0,1.0,38.22135
A,117.0,118,-1.0,0.0,-29.00324
A,117.020408,118,-1.0,0.020408,-30.3408
A,117.040816,118,-1.0,0.040816,-31.3772
A,117.061224,118,-1.0,0.061224,-32.18027
A,117.081633,118,-1.0,0.081633,-32.80257
A,117.102041,118,-1.0,0.102041,-33.28487
A,117.122449,118,-1.0,0.122449,-33.65876
A,117.142857,118,-1.0,0.142857,-33.94875
A,117.163265,118,-1.0,0.163265,-34.17385
A,117.183673,118,-1.0,0.183673,-34.34883
A,117.204082,118,-1.0,0.204082,-34.48515
A,117.22449,118,-1.0,0.22449,-34.59173
A,117.244898,118,-1.0,0.244898,-34.67552
A,117.265306,118,-1.0,0.265306,-34.74196
A,117.285714,118,-1.0,0.285714,-34.79527
A,117.306122,118,-1.0,0.306122,-34.8388
A,117.326531,118,-1.0,0.326531,-34.87517
A,117.346939,118,-1.0,0.346939,-34.90647
A,117.367347,118,-1.0,0.367347,-34.93437
A,117.387755,118,-1.0,0.387755,-34.96021
A,117.408163,118,-1.0,0.408163,-34.98511
A,117.428571,118,-1.0,0.428571,-35.00996
A,117.44898,118,-1.0,0.44898,-35.03556
A,117.469388,118,-1.0,0.469388,-35.06255
A,117.489796,118,-1.0,0.489796,-35.09152
A,117.510204,118,-1.0,0.510204,-35.12299
A,117.530612,118,-1.0,0.530612,-35.15744
A,117.55102,118,-1.0,0.55102,-35.19531
A,117.571429,118,-1.0,0.571429,-35.23703
A,117.591837,118,-1.0,0.591837,-35.283
A,117.612245,118,-1.0,0.612245,-35.33363
A,117.632653,118,-1.0,0.632653,-35.38931
A,117.653061,118,-1.0,0.653061,-35.45045
A,117.673469,118,-1.0,0.673469,-35.51743
A,117.693878,118,-1.0,0.693878,-35.59067
A,117.714286,118,-1.0,0.714286,-35.67056
A,117.734694,118,-1.0,0.734694,-35.75754
A,117.755102,118,-1.0,0.755102,-35.85201
A,117.77551,118,-1.0,0.77551,-35.95443
A,117.795918,118,-1.0,0.795918,-36.06522
A,117.816327,118,-1.0,0.816327,-36.18485
A,117.836735,118,-1.0,0.836735,-36.31377
A,117.857143,118,-1.0,0.857143,-36.45247
A,117.877551,118,-1.0,0.877551,-36.60142
A,117.897959,118,-1.0,0.897959,-36.76113
A,117.918367,118,-1.0,0.918367,-36.93209
A,117.938776,118,-1.0,0.938776,-37.11484
A,117.959184,118,-1.0,0.959184,-37.3099
A,117.979592,118,-1.0,0.979592,-37.51781
A,118.0,118,-1.0,1.0,-37.73913
A,118.0,119,1.0,0.0,29.19728
A,118.020408,119,1.0,0.020408,30.54379
A,118.040816,119,1.0,0.040816,31.58713
A,118.061224,119,1.0,0.061224,32.39557
A,118.081633,119,1.0,0.081633,33.02204
A,118.102041,119,1.0,0.102041,33.50756
A,118.122449,119,1.0,0.122449,33.88396
A,118.142857,119,1.0,0.142857,34.17588
A,118.163265,119,1.0,0.163265,34.40249
A,118.183673,119,1.0,0.183673,34.57864
A,118.204082,119,1.0,0.204082,34.71587
A,118.22449,119,1.0,0.22449,34.82316
A,118.244898,119,1.0,0.244898,34.90752
A,118.265306,119,1.0,0.265306,34.9744
A,118.285714,119,1.0,0.285714,35.02807
A,118.306122,119,1.0,0.306122,35.07189
A,118.326531,119,1.0,0.326531,35.1085
A,118.346939,119,1.0,0.346939,35.14001
A,118.367347,119,1.0,0.367347,35.16809
A,118.387755,119,1.0,0.387755,35.19411
A,118.408163,119,1.0,0.408163,35.21917
A,118.428571,119,1.0,0.428571,35.2442
A,118.44898,119,1.0,0.44898,35.26996
A,118.469388,119,1.0,0.469388,35.29713
A,118.489796,119,1.0,0.489796,35.3263
A,118.510204,119,1.0,0.510204,35.35798
A,118.530612,119,1.0,0.530612,35.39266
A,118.55102,119,1.0,0.55102,35.43078
A,118.571429,119,1.0,0.571429,35.47278
A,118.591837,119,1.0,0.591837,35.51906
A,118.612245,119,1.0,0.612245,35.57003
A,118.632653,119,1.0,0.632653,35.62609
A,118.653061,119,1.0,0.653061,35.68763
A,118.673469,119,1.0,0.673469,35.75506
A,118.693878,119,1.0,0.693878,35.82879
A,118.714286,119,1.0,0.714286,35.90922
A,118.734694,119,1.0,0.734694,35.99677
A,118.755102,119,1.0,0.755102,36.09188
A,118.77551,119,1.0,0.77551,36.19498
A,118.795918,119,1.0,0.795918,36.30651
A,118.816327,119,1.0,0.816327,36.42694
A,118.836735,119,1.0,0.836735,36.55673
A,118.857143,119,1.0,0.857143,36.69635
A,118.877551,119,1.0,0.877551,36.8463
A,118.897959,119,1.0,0.897959,37.00707
A,118.918367,119,1.0,0.918367,37.17919
A,118.938776,119,1.0,0.938776,37.36316
A,118.959184,119,1.0,0.959184,37.55952
A,118.979592,119,1.0,0.979592,37.76882
A,119.0,119,1.0,1.0,37.99162
A,119.0,120,-1.0,0.0,-29.31534
A,119.020408,120,-1.0,0.020408,-30.6673
A,119.040816,120,-1.0,0.040816,-31.71485
A,119.061224,120,-1.0,0.061224,-32.52656
A,119.081633,120,-1.0,0.081633,-33.15556
A,119.102041,120,-1.0,0.102041,-33.64305
A,119.122449,120,-1.0,0.122449,-34.02097
A,119.142857,120,-1.0,0.142857,-34.31407
A,119.163265,120,-1.0,0.163265,-34.5416
A,119.183673,120,-1.0,0.183673,-34.71845
A,119.204082,120,-1.0,0.204082,-34.85624
A,119.22449,120,-1.0,0.22449,-34.96397
A,119.244898,120,-1.0,0.244898,-35.04867
A,119.265306,120,-1.0,0.265306,-35.11582
A,119.285714,120,-1.0,0.285714,-35.1697
A,119.306122,120,-1.0,0.306122,-35.2137
A,119.326531,120,-1.0,0.326531,-35.25046
A,119.346939,120,-1.0,0.346939,-35.28209
A,119.367347,120,-1.0,0.367347,-35.31029
A,119.387755,120,-1.0,0.387755,-35.33642
A,119.408163,120,-1.0,0.408163,-35.36158
A,119.428571,120,-1.0,0.428571,-35.38671
A,119.44898,120,-1.0,0.44898,-35.41258
A,119.469388,120,-1.0,0.469388,-35.43986
A,119.489796,120,-1.0,0.489796,-35.46914
A,119.510204,120,-1.0,0.510204,-35.50095
A,119.530612,120,-1.0,0.530612,-35.53577
A,119.55102,120,-1.0,0.55102,-35.57405
A,119.571429,120,-1.0,0.571429,-35.61621
A,119.591837,120,-1.0,0.591837,-35.66268
A,119.612245,120,-1.0,0.612245,-35.71386
A,119.632653,120,-1.0,0.632653,-35.77014
A,119.653061,120,-1.0,0.653061,-35.83193
A,119.673469,120,-1.0,0.673469,-35.89963
A,119.693878,120,-1.0,0.693878,-35.97366
A,119.714286,120,-1.0,0.714286,-36.05441
A,119.734694,120,-1.0,0.734694,-36.14232
A,119.755102,120,-1.0,0.755102,-36.23782
A,119.77551,120,-1.0,0.77551,-36.34133
A,119.795918,120,-1.0,0.795918,-36.45332
A,119.816327,120,-1.0,0.816327,-36.57423
A,119.836735,120,-1.0,0.836735,-36.70454
A,119.857143,120,-1.0,0.857143,-36.84473
A,119.877551,120,-1.0,0.877551,-36.99529
A,119.897959,120,-1.0,0.897959,-37.15671
A,119.918367,120,-1.0,0.918367,-37.32952
A,119.938776,120,-1.0,0.938776,-37.51423
A,119.959184,120,-1.0,0.959184,-37.71139
A,119.979592,120,-1.0,0.979592,-37.92154
A,120.0,120,-1.0,1.0,-38.14524
A,120.0,121,1.0,0.0,29.17311
A,120.020408,121,1.0,0.020408,30.5185
A,120.040816,121,1.0,0.040816,31.56097
A,120.061224,121,1.0,0.061224,32.36874
A,120.081633,121,1.0,0.081633,32.99469
A,120.102041,121,1.0,0.102041,33.47982
A,120.122449,121,1.0,0.122449,33.8559
A,120.142857,121,1.0,0.142857,34.14758
A,120.163265,121,1.0,0.163265,34.374
A,120.183673,121,1.0,0.183673,34.55
A,120.204082,121,1.0,0.204082,34.68712
A,120.22449,121,1.0,0.22449,34.79433
A,120.244898,121,1.0,0.244898,34.87861
A,120.265306,121,1.0,0.265306,34.94544
A,120.285714,121,1.0,0.285714,34.99906
A,120.306122,121,1.0,0.306122,35.04284
A,120.326531,121,1.0,0.326531,35.07943
A,120.346939,121,1.0,0.346939,35.11091
A,120.367347,121,1.0,0.367347,35.13897
A,120.387755,121,1.0,0.387755,35.16497
A,120.408163,121,1.0,0.408163,35.19001
A,120.428571,121,1.0,0.428571,35.21501
A,120.44898,121,1.0,0.44898,35.24076
A,120.469388,121,1.0,0.469388,35.26791
A,120.489796,121,1.0,0.489796,35.29705
A,120.510204,121,1.0,0.510204,35.3287
A,120.530612,121,1.0,0.530612,35.36335
A,120.55102,121,1.0,0.55102,35.40144
A,120.571429,121,1.0,0.571429,35.4434
A,120.591837,121,1.0,0.591837,35.48965
A,120.612245,121,1.0,0.612245,35.54057
A,120.632653,121,1.0,0.632653,35.59658
A,120.653061,121,1.0,0.653061,35.65808
A,120.673469,121,1.0,0.673469,35.72545
A,120.693878,121,1.0,0.693878,35.79912
A,120.714286,121,1.0,0.714286,35.87948
A,120.734694,121,1.0,0.734694,35.96696
A,120.755102,121,1.0,0.755102,36.06199
A,120.77551,121,1.0,0.77551,36.16501
A,120.795918,121,1.0,0.795918,36.27645
A,120.816327,121,1.0,0.816327,36.39678
A,120.836735,121,1.0,0.836735,36.52646
A,120.857143,121,1.0,0.857143,36.66596
A,120.877551,121,1.0,0.877551,36.81579
A,120.897959,121,1.0,0.897959,36.97643
A,120.918367,121,1.0,0.918367,37.1484
A,120.938776,121,1.0,0.938776,37.33222
A,120.959184,121,1.0,0.959184,37.52842
A,120.979592,121,1.0,0.979592,37.73755
A,121.0,121,1.0,1.0,37.96016
A,121.0,122,-1.0,0.0,-29.18677
A,121.020408,122,-1.0,0.020408,-30.5328
A,121.040816,122,-1.0,0.040816,-31.57576
A,121.061224,122,-1.0,0.061224,-32.38391
A,121.081633,122,-1.0,0.081633,-33.01015
A,121.102041,122,-1.0,0.102041,-33.4955
A,121.122449,122,-1.0,0.122449,-33.87176
A,121.142857,122,-1.0,0.142857,-34.16358
A,121.163265,122,-1.0,0.163265,-34.39011
A,121.183673,122,-1.0,0.183673,-34.56619
A,121.204082,122,-1.0,0.204082,-34.70337
A,121.22449,122,-1.0,0.22449,-34.81063
A,121.244898,122,-1.0,0.244898,-34.89495
A,121.265306,122,-1.0,0.265306,-34.96181
A,121.285714,122,-1.0,0.285714,-35.01546
A,121.306122,122,-1.0,0.306122,-35.05926
A,121.326531,122,-1.0,0.326531,-35.09586
A,121.346939,122,-1.0,0.346939,-35.12736
A,121.367347,122,-1.0,0.367347,-35.15543
A,121.387755,122,-1.0,0.387755,-35.18144
A,121.408163,122,-1.0,0.408163,-35.20649
A,121.428571,122,-1.0,0.428571,-35.23151
A,121.44898,122,-1.0,0.44898,-35.25727
A,121.469388,122,-1.0,0.469388,-35.28443
A,121.489796,122,-1.0,0.489796,-35.31358
A,121.510204,122,-1.0,0.510204,-35.34525
A,121.530612,122,-1.0,0.530612,-35.37992
A,121.55102,122,-1.0,0.55102,-35.41803
A,121.571429,122,-1.0,0.571429,-35.46001
A,121.591837,122,-1.0,0.591837,-35.50627
A,121.612245,122,-1.0,0.612245,-35.55722
A,121.632653,122,-1.0,0.632653,-35.61326
A,121.653061,122,-1.0,0.653061,-35.67478
A,121.673469,122,-1.0,0.673469,-35.74219
A,121.693878,122,-1.0,0.693878,-35.81589
A,121.714286,122,-1.0,0.714286,-35.89629
A,121.734694,122,-1.0,0.734694,-35.98381
A,121.755102,122,-1.0,0.755102,-36.07889
A,121.77551,122,-1.0,0.77551,-36.18195
A,121.795918,122,-1.0,0.795918,-36.29344
A,121.816327,122,-1.0,0.816327,-36.41383
A,121.836735,122,-1.0,0.836735,-36.54357
A,121.857143,122,-1.0,0.857143,-36.68314
A,121.877551,122,-1.0,0.877551,-36.83304
A,121.897959,122,-1.0,0.897959,-36.99375
A,121.918367,122,-1.0,0.918367,-37.1658
A,121.938776,122,-1.0,0.938776,-37.34971
A,121.959184,122,-1.0,0.959184,-37.546
A,121.979592,122,-1.0,0.979592,-37.75523
A,122.0,122,-1.0,1.0,-37.97795
A,122.0,123,1.0,0.0,29.44819
A,122.020408,123,1.0,0.020408,30.80627
A,122.040816,123,1.0,0.040816,31.85857
A,122.061224,123,1.0,0.061224,32.67396
A,122.081633,123,1.0,0.081633,33.30581
A,122.102041,123,1.0,0.102041,33.79551
A,122.122449,123,1.0,0.122449,34.17514
A,122.142857,123,1.0,0.142857,34.46958
A,122.163265,123,1.0,0.163265,34.69813
A,122.183673,123,1.0,0.183673,34.87579
A,122.204082,123,1.0,0.204082,35.0142
A,122.22449,123,1.0,0.22449,35.12242
A,122.244898,123,1.0,0.244898,35.2075
A,122.265306,123,1.0,0.265306,35.27495
A,122.285714,123,1.0,0.285714,35.32908
A,122.306122,123,1.0,0.306122,35.37328
A,122.326531,123,1.0,0.326531,35.4102
A,122.346939,123,1.0,0.346939,35.44198
A,122.367347,123,1.0,0.367347,35.47031
A,122.387755,123,1.0,0.387755,35.49655
A,122.408163,123,1.0,0.408163,35.52183
A,122.428571,123,1.0,0.428571,35.54707
A,122.44898,123,1.0,0.44898,35.57306
A,122.469388,123,1.0,0.469388,35.60046
A,122.489796,123,1.0,0.489796,35.62988
A,122.510204,123,1.0,0.510204,35.66183
A,122.530612,123,1.0,0.530612,35.69681
A,122.55102,123,1.0,0.55102,35.73526
A,122.571429,123,1.0,0.571429,35.77761
A,122.591837,123,1.0,0.591837,35.82429
A,122.612245,123,1.0,0.612245,35.8757
A,122.632653,123,1.0,0.632653,35.93224
A,122.653061,123,1.0,0.653061,35.99431
A,122.673469,123,1.0,0.673469,36.06232
A,122.693878,123,1.0,0.693878,36.13668
A,122.714286,123,1.0,0.714286,36.2178
A,122.734694,123,1.0,0.734694,36.30611
A,122.755102,123,1.0,0.755102,36.40204
A,122.77551,123,1.0,0.77551,36.50602
A,122.795918,123,1.0,0.795918,36.61851
A,122.816327,123,1.0,0.816327,36.73998
A,122.836735,123,1.0,0.836735,36.87088
A,122.857143,123,1.0,0.857143,37.0117
A,122.877551,123,1.0,0.877551,37.16294
A,122.897959,123,1.0,0.897959,37.32509
A,122.918367,123,1.0,0.918367,37.49869
A,122.938776,123,1.0,0.938776,37.68424
A,122.959184,123,1.0,0.959184,37.88229
A,122.979592,123,1.0,0.979592,38.09339
A,123.0,123,1.0,1.0,38.31811
A,123.0,124,-1.0,0.0,-29.21692
A,123.020408,124,-1.0,0.020408,-30.56433
A,123.040816,124,-1.0,0.040816,-31.60837
A,123.061224,124,-1.0,0.061224,-32.41735
A,123.081633,124,-1.0,0.081633,-33.04424
A,123.102041,124,-1.0,0.102041,-33.5301
A,123.122449,124,-1.0,0.122449,-33.90674
A,123.142857,124,-1.0,0.142857,-34.19887
A,123.163265,124,-1.0,0.163265,-34.42562
A,123.183673,124,-1.0,0.183673,-34.60189
A,123.204082,124,-1.0,0.204082,-34.73921
A,123.22449,124,-1.0,0.22449,-34.84658
A,123.244898,124,-1.0,0.244898,-34.93099
A,123.265306,124,-1.0,0.265306,-34.99791
A,123.285714,124,-1.0,0.285714,-35.05162
A,123.306122,124,-1.0,0.306122,-35.09547
A,123.326531,124,-1.0,0.326531,-35.13211
A,123.346939,124,-1.0,0.346939,-35.16364
A,123.367347,124,-1.0,0.367347,-35.19174
A,123.387755,124,-1.0,0.387755,-35.21778
A,123.408163,124,-1.0,0.408163,-35.24285
A,123.428571,124,-1.0,0.428571,-35.2679
A,123.44898,124,-1.0,0.44898,-35.29368
A,123.469388,124,-1.0,0.469388,-35.32087
A,123.489796,124,-1.0,0.489796,-35.35005
A,123.510204,124,-1.0,0.510204,-35.38175
A,123.530612,124,-1.0,0.530612,-35.41646
A,123.55102,124,-1.0,0.55102,-35.45461
A,123.571429,124,-1.0,0.571429,-35.49663
A,123.591837,124,-1.0,0.591837,-35.54294
A,123.612245,124,-1.0,0.612245,-35.59395
A,123.632653,124,-1.0,0.632653,-35.65004
A,123.653061,124,-1.0,0.653061,-35.71163
A,123.673469,124,-1.0,0.673469,-35.7791
A,123.693878,124,-1.0,0.693878,-35.85288
A,123.714286,124,-1.0,0.714286,-35.93336
A,123.734694,124,-1.0,0.734694,-36.02098
A,123.755102,124,-1.0,0.755102,-36.11615
A,123.77551,124,-1.0,0.77551,-36.21932
A,123.795918,124,-1.0,0.795918,-36.33093
A,123.816327,124,-1.0,0.816327,-36.45144
A,123.836735,124,-1.0,0.836735,-36.58131
A,123.857143,124,-1.0,0.857143,-36.72103
A,123.877551,124,-1.0,0.877551,-36.87108
A,123.897959,124,-1.0,0.897959,-37.03196
A,123.918367,124,-1.0,0.918367,-37.20419
A,123.938776,124,-1.0,0.938776,-37.38828
A,123.959184,124,-1.0,0.959184,-37.58478
A,123.979592,124,-1.0,0.979592,-37.79422
A,124.0,124,-1.0,1.0,-38.01717
A,124.0,125,1.0,0.0,28.98592
A,124.020408,125,1.0,0.020408,30.32268
A,124.040816,125,1.0,0.040816,31.35846
A,124.061224,125,1.0,0.061224,32.16105
A,124.081633,125,1.0,0.081633,32.78298
A,124.102041,125,1.0,0.102041,33.26499
A,124.122449,125,1.0,0.122449,33.63866
A,124.142857,125,1.0,0.142857,33.92848
A,124.163265,125,1.0,0.163265,34.15344
A,124.183673,125,1.0,0.183673,34.32831
A,124.204082,125,1.0,0.204082,34.46455
A,124.22449,125,1.0,0.22449,34.57107
A,124.244898,125,1.0,0.244898,34.65482
A,124.265306,125,1.0,0.265306,34.72121
A,124.285714,125,1.0,0.285714,34.77449
A,124.306122,125,1.0,0.306122,34.81799
A,124.326531,125,1.0,0.326531,34.85434
A,124.346939,125,1.0,0.346939,34.88562
A,124.367347,125,1.0,0.367347,34.9135
A,124.387755,125,1.0,0.387755,34.93933
A,124.408163,125,1.0,0.408163,34.96421
A,124.428571,125,1.0,0.428571,34.98906
A,124.44898,125,1.0,0.44898,35.01463
A,124.469388,125,1.0,0.469388,35.04161
A,124.489796,125,1.0,0.489796,35.07056
A,124.510204,125,1.0,0.510204,35.10201
A,124.530612,125,1.0,0.530612,35.13644
A,124.55102,125,1.0,0.55102,35.17429
A,124.571429,125,1.0,0.571429,35.21598
A,124.591837,125,1.0,0.591837,35.26193
A,124.612245,125,1.0,0.612245,35.31253
A,124.632653,125,1.0,0.632653,35.36818
A,124.653061,125,1.0,0.653061,35.42928
A,124.673469,125,1.0,0.673469,35.49622
A,124.693878,125,1.0,0.693878,35.56941
A,124.714286,125,1.0,0.714286,35.64926
A,124.734694,125,1.0,0.734694,35.73618
A,124.755102,125,1.0,0.755102,35.8306
A,124.77551,125,1.0,0.77551,35.93296
A,124.795918,125,1.0,0.795918,36.04368
A,124.816327,125,1.0,0.816327,36.16324
A,124.836735,125,1.0,0.836735,36.29208
A,124.857143,125,1.0,0.857143,36.4307
A,124.877551,125,1.0,0.877551,36.57956
A,124.897959,125,1.0,0.897959,36.73917
A,124.918367,125,1.0,0.918367,36.91004
A,124.938776,125,1.0,0.938776,37.09268
A,124.959184,125,1.0,0.959184,37.28762
A,124.979592,125,1.0,0.979592,37.49541
A,125.0,125,1.0,1.0,37.71659
A,125.0,126,-1.0,0.0,-29.17941
A,125.020408,126,-1.0,0.020408,-30.52509
A,125.040816,126,-1.0,0.040816,-31.56779
A,125.061224,126,-1.0,0.061224,-32.37573
A,125.081633,126,-1.0,0.081633,-33.00182
A,125.102041,126,-1.0,0.102041,-33.48705
A,125.122449,126,-1.0,0.122449,-33.86321
A,125.142857,126,-1.0,0.142857,-34.15496
A,125.163265,126,-1.0,0.163265,-34.38143
A,125.183673,126,-1.0,0.183673,-34.55746
A,125.204082,126,-1.0,0.204082,-34.69461
A,125.22449,126,-1.0,0.22449,-34.80184
A,125.244898,126,-1.0,0.244898,-34.88615
A,125.265306,126,-1.0,0.265306,-34.95298
A,125.285714,126,-1.0,0.285714,-35.00662
A,125.306122,126,-1.0,0.306122,-35.05041
A,125.326531,126,-1.0,0.326531,-35.087
A,125.346939,126,-1.0,0.346939,-35.11849
A,125.367347,126,-1.0,0.367347,-35.14656
A,125.387755,126,-1.0,0.387755,-35.17256
A,125.408163,126,-1.0,0.408163,-35.19761
A,125.428571,126,-1.0,0.428571,-35.22262
A,125.44898,126,-1.0,0.44898,-35.24837
A,125.469388,126,-1.0,0.469388,-35.27552
A,125.489796,126,-1.0,0.489796,-35.30467
A,125.510204,126,-1.0,0.510204,-35.33633
A,125.530612,126,-1.0,0.530612,-35.37099
A,125.55102,126,-1.0,0.55102,-35.40909
A,125.571429,126,-1.0,0.571429,-35.45106
A,125.591837,126,-1.0,0.591837,-35.49731
A,125.612245,126,-1.0,0.612245,-35.54825
A,125.632653,126,-1.0,0.632653,-35.60427
A,125.653061,126,-1.0,0.653061,-35.66578
A,125.673469,126,-1.0,0.673469,-35.73317
A,125.693878,126,-1.0,0.693878,-35.80685
A,125.714286,126,-1.0,0.714286,-35.88723
A,125.734694,126,-1.0,0.734694,-35.97473
A,125.755102,126,-1.0,0.755102,-36.06978
A,125.77551,126,-1.0,0.77551,-36.17282
A,125.795918,126,-1.0,0.795918,-36.28428
A,125.816327,126,-1.0,0.816327,-36.40464
A,125.836735,126,-1.0,0.836735,-36.53434
A,125.857143,126,-1.0,0.857143,-36.67388
A,125.877551,126,-1.0,0.877551,-36.82374
A,125.897959,126,-1.0,0.897959,-36.98441
A,125.918367,126,-1.0,0.918367,-37.15642
A,125.938776,126,-1.0,0.938776,-37.34028
A,125.959184,126,-1.0,0.959184,-37.53652
A,125.979592,126,-1.0,0.979592,-37.7457
A,126.0,126,-1.0,1.0,-37.96836
A,126.0,127,1.0,0.0,29.39034
A,126.020408,127,1.0,0.020408,30.74575
A,126.040816,127,1.0,0.040816,31.79598
A,126.061224,127,1.0,0.061224,32.60977
A,126.081633,127,1.0,0.081633,33.24038
A,126.102041,127,1.0,0.102041,33.72912
A,126.122449,127,1.0,0.122449,34.108
A,126.142857,127,1.0,0.142857,34.40186
A,126.163265,127,1.0,0.163265,34.62996
A,126.183673,127,1.0,0.183673,34.80727
A,126.204082,127,1.0,0.204082,34.94541
A,126.22449,127,1.0,0.22449,35.05342
A,126.244898,127,1.0,0.244898,35.13833
A,126.265306,127,1.0,0.265306,35.20565
A,126.285714,127,1.0,0.285714,35.25968
A,126.306122,127,1.0,0.306122,35.30378
A,126.326531,127,1.0,0.326531,35.34064
A,126.346939,127,1.0,0.346939,35.37236
A,126.367347,127,1.0,0.367347,35.40063
A,126.387755,127,1.0,0.387755,35.42682
A,126.408163,127,1.0,0.408163,35.45204
A,126.428571,127,1.0,0.428571,35.47723
A,126.44898,127,1.0,0.44898,35.50317
A,126.469388,127,1.0,0.469388,35.53052
A,126.489796,127,1.0,0.489796,35.55988
A,126.510204,127,1.0,0.510204,35.59177
A,126.530612,127,1.0,0.530612,35.62668
A,126.55102,127,1.0,0.55102,35.66505
A,126.571429,127,1.0,0.571429,35.70733
A,126.591837,127,1.0,0.591837,35.75392
A,126.612245,127,1.0,0.612245,35.80522
A,126.632653,127,1.0,0.632653,35.86165
A,126.653061,127,1.0,0.653061,35.9236
A,126.673469,127,1.0,0.673469,35.99148
A,126.693878,127,1.0,0.693878,36.06569
A,126.714286,127,1.0,0.714286,36.14665
A,126.734694,127,1.0,0.734694,36.23479
A,126.755102,127,1.0,0.755102,36.33052
A,126.77551,127,1.0,0.77551,36.4343
A,126.795918,127,1.0,0.795918,36.54658
A,126.816327,127,1.0,0.816327,36.6678
A,126.836735,127,1.0,0.836735,36.79844
A,126.857143,127,1.0,0.857143,36.93899
A,126.877551,127,1.0,0.877551,37.08993
A,126.897959,127,1.0,0.897959,37.25177
A,126.918367,127,1.0,0.918367,37.42502
A,126.938776,127,1.0,0.938776,37.61021
A,126.959184,127,1.0,0.959184,37.80787
A,126.979592,127,1.0,0.979592,38.01856
A,127.0,127,1.0,1.0,38.24283
A,127.0,128,-1.0,0.0,-29.31228
A,127.020408,128,-1.0,0.020408,-30.66409
A,127.040816,128,-1.0,0.040816,-31.71154
A,127.061224,128,-1.0,0.061224,-32.52316
A,127.081633,128,-1.0,0.081633,-33.1521
A,127.102041,128,-1.0,0.102041,-33.63954
A,127.122449,128,-1.0,0.122449,-34.01741
A,127.142857,128,-1.0,0.142857,-34.31049
A,127.163265,128,-1.0,0.163265,-34.53799
A,127.183673,128,-1.0,0.183673,-34.71483
A,127.204082,128,-1.0,0.204082,-34.8526
A,127.22449,128,-1.0,0.22449,-34.96032
A,127.244898,128,-1.0,0.244898,-35.04501
A,127.265306,128,-1.0,0.265306,-35.11215
A,127.285714,128,-1.0,0.285714,-35.16603
A,127.306122,128,-1.0,0.306122,-35.21002
A,127.326531,128,-1.0,0.326531,-35.24678
A,127.346939,128,-1.0,0.346939,-35.27841
A,127.367347,128,-1.0,0.367347,-35.3066
A,127.387755,128,-1.0,0.387755,-35.33272
A,127.408163,128,-1.0,0.408163,-35.35789
A,127.428571,128,-1.0,0.428571,-35.38301
A,127.44898,128,-1.0,0.44898,-35.40888
A,127.469388,128,-1.0,0.469388,-35.43615
A,127.489796,128,-1.0,0.489796,-35.46543
A,127.510204,128,-1.0,0.510204,-35.49724
A,127.530612,128,-1.0,0.530612,-35.53205
A,127.55102,128,-1.0,0.55102,-35.57033
A,127.571429,128,-1.0,0.571429,-35.61249
A,127.591837,128,-1.0,0.591837,-35.65895
A,127.612245,128,-1.0,0.612245,-35.71012
A,127.632653,128,-1.0,0.632653,-35.7664
A,127.653061,128,-1.0,0.653061,-35.82819
A,127.673469,128,-1.0,0.673469,-35.89588
A,127.693878,128,-1.0,0.693878,-35.9699
A,127.714286,128,-1.0,0.714286,-36.05065
A,127.734694,128,-1.0,0.734694,-36.13855
A,127.755102,128,-1.0,0.755102,-36.23403
A,127.77551,128,-1.0,0.77551,-36.33754
A,127.795918,128,-1.0,0.795918,-36.44951
A,127.816327,128,-1.0,0.816327,-36.57041
A,127.836735,128,-1.0,0.836735,-36.70071
A,127.857143,128,-1.0,0.857143,-36.84088
A,127.877551,128,-1.0,0.877551,-36.99142
A,127.897959,128,-1.0,0.897959,-37.15283
A,127.918367,128,-1.0,0.918367,-37.32562
A,127.938776,128,-1.0,0.938776,-37.51031
A,127.959184,128,-1.0,0.959184,-37.70745
A,127.979592,128,-1.0,0.979592,-37.91758
A,128.0,128,-1.0,1.0,-38.14126
A,128.0,129,1.0,0.0,29.0312
A,128.020408,129,1.0,0.020408,30.37005
A,128.040816,129,1.0,0.040816,31.40745
A,128.061224,129,1.0,0.061224,32.21129
A,128.081633,129,1.0,0.081633,32.8342
A,128.102041,129,1.0,0.102041,33.31696
A,128.122449,129,1.0,0.122449,33.69121
A,128.142857,129,1.0,0.142857,33.98148
A,128.163265,129,1.0,0.163265,34.2068
A,128.183673,129,1.0,0.183673,34.38194
A,128.204082,129,1.0,0.204082,34.51839
A,128.22449,129,1.0,0.22449,34.62508
A,128.244898,129,1.0,0.244898,34.70896
A,128.265306,129,1.0,0.265306,34.77545
A,128.285714,129,1.0,0.285714,34.82882
A,128.306122,129,1.0,0.306122,34.87239
A,128.326531,129,1.0,0.326531,34.90879
A,128.346939,129,1.0,0.346939,34.94012
A,128.367347,129,1.0,0.367347,34.96805
A,128.387755,129,1.0,0.387755,34.99392
A,128.408163,129,1.0,0.408163,35.01883
A,128.428571,129,1.0,0.428571,35.04372
A,128.44898,129,1.0,0.44898,35.06934
A,128.469388,129,1.0,0.469388,35.09635
A,128.489796,129,1.0,0.489796,35.12535
A,128.510204,129,1.0,0.510204,35.15685
A,128.530612,129,1.0,0.530612,35.19133
A,128.55102,129,1.0,0.55102,35.22924
A,128.571429,129,1.0,0.571429,35.271
A,128.591837,129,1.0,0.591837,35.31702
A,128.612245,129,1.0,0.612245,35.3677
A,128.632653,129,1.0,0.632653,35.42343
A,128.653061,129,1.0,0.653061,35.48463
A,128.673469,129,1.0,0.673469,35.55167
A,128.693878,129,1.0,0.693878,35.62498
A,128.714286,129,1.0,0.714286,35.70495
A,128.734694,129,1.0,0.734694,35.79201
A,128.755102,129,1.0,0.755102,35.88658
A,128.77551,129,1.0,0.77551,35.98909
A,128.795918,129,1.0,0.795918,36.09999
A,128.816327,129,1.0,0.816327,36.21973
A,128.836735,129,1.0,0.836735,36.34878
A,128.857143,129,1.0,0.857143,36.48761
A,128.877551,129,1.0,0.877551,36.63671
A,128.897959,129,1.0,0.897959,36.79657
A,128.918367,129,1.0,0.918367,36.9677
A,128.938776,129,1.0,0.938776,37.15062
A,128.959184,129,1.0,0.959184,37.34587
A,128.979592,129,1.0,0.979592,37.55398
A,129.0,129,1.0,1.0,37.77552
A,129.0,130,-1.0,0.0,-29.17046
A,129.020408,130,-1.0,0.020408,-30.51573
A,129.040816,130,-1.0,0.040816,-31.5581
A,129.061224,130,-1.0,0.061224,-32.3658
A,129.081633,130,-1.0,0.081633,-32.9917
A,129.102041,130,-1.0,0.102041,-33.47678
A,129.122449,130,-1.0,0.122449,-33.85282
A,129.142857,130,-1.0,0.142857,-34.14448
A,129.163265,130,-1.0,0.163265,-34.37088
A,129.183673,130,-1.0,0.183673,-34.54686
A,129.204082,130,-1.0,0.204082,-34.68397
A,129.22449,130,-1.0,0.22449,-34.79117
A,129.244898,130,-1.0,0.244898,-34.87545
A,129.265306,130,-1.0,0.265306,-34.94226
A,129.285714,130,-1.0,0.285714,-34.99588
A,129.306122,130,-1.0,0.306122,-35.03966
A,129.326531,130,-1.0,0.326531,-35.07624
A,129.346939,130,-1.0,0.346939,-35.10772
A,129.367347,130,-1.0,0.367347,-35.13578
A,129.387755,130,-1.0,0.387755,-35.16177
A,129.408163,130,-1.0,0.408163,-35.18681
A,129.428571,130,-1.0,0.428571,-35.21181
A,129.44898,130,-1.0,0.44898,-35.23756
A,129.469388,130,-1.0,0.469388,-35.2647
A,129.489796,130,-1.0,0.489796,-35.29384
A,129.510204,130,-1.0,0.510204,-35.32549
A,129.530612,130,-1.0,0.530612,-35.36014
A,129.55102,130,-1.0,0.55102,-35.39823
A,129.571429,130,-1.0,0.571429,-35.44019
A,129.591837,130,-1.0,0.591837,-35.48642
A,129.612245,130,-1.0,0.612245,-35.53735
A,129.632653,130,-1.0,0.632653,-35.59335
A,129.653061,130,-1.0,0.653061,-35.65484
A,129.673469,130,-1.0,0.673469,-35.72221
A,129.693878,130,-1.0,0.693878,-35.79586
A,129.714286,130,-1.0,0.714286,-35.87622
A,129.734694,130,-1.0,0.734694,-35.9637
A,129.755102,130,-1.0,0.755102,-36.05872
A,129.77551,130,-1.0,0.77551,-36.16172
A,129.795918,130,-1.0,0.795918,-36.27315
A,129.816327,130,-1.0,0.816327,-36.39347
A,129.836735,130,-1.0,0.836735,-36.52314
A,129.857143,130,-1.0,0.857143,-36.66263
A,129.877551,130,-1.0,0.877551,-36.81244
A,129.897959,130,-1.0,0.897959,-36.97307
A,129.918367,130,-1.0,0.918367,-37.14502
A,129.938776,130,-1.0,0.938776,-37.32883
A,129.959184,130,-1.0,0.959184,-37.52501
A,129.979592,130,-1.0,0.979592,-37.73412
A,130.0,130,-1.0,1.0,-37.95672
A,130.0,131,1.0,0.0,29.36765
A,130.020408,131,1.0,0.020408,30.72201
A,130.040816,131,1.0,0.040816,31.77144
A,130.061224,131,1.0,0.061224,32.58459
A,130.081633,131,1.0,0.081633,33.21472
A,130.102041,131,1.0,0.102041,33.70308
A,130.122449,131,1.0,0.122449,34.08167
A,130.142857,131,1.0,0.142857,34.3753
A,130.163265,131,1.0,0.163265,34.60323
A,130.183673,131,1.0,0.183673,34.7804
A,130.204082,131,1.0,0.204082,34.91843
A,130.22449,131,1.0,0.22449,35.02635
A,130.244898,131,1.0,0.244898,35.1112
A,130.265306,131,1.0,0.265306,35.17847
A,130.285714,131,1.0,0.285714,35.23245
A,130.306122,131,1.0,0.306122,35.27653
A,130.326531,131,1.0,0.326531,35.31335
A,130.346939,131,1.0,0.346939,35.34505
A,130.367347,131,1.0,0.367347,35.37329
A,130.387755,131,1.0,0.387755,35.39946
A,130.408163,131,1.0,0.408163,35.42467
A,130.428571,131,1.0,0.428571,35.44984
A,130.44898,131,1.0,0.44898,35.47576
A,130.469388,131,1.0,0.469388,35.50309
A,130.489796,131,1.0,0.489796,35.53242
A,130.510204,131,1.0,0.510204,35.56429
A,130.530612,131,1.0,0.530612,35.59917
A,130.55102,131,1.0,0.55102,35.63752
A,130.571429,131,1.0,0.571429,35.67976
A,130.591837,131,1.0,0.591837,35.72631
A,130.612245,131,1.0,0.612245,35.77758
A,130.632653,131,1.0,0.632653,35.83396
A,130.653061,131,1.0,0.653061,35.89586
A,130.673469,131,1.0,0.673469,35.96369
A,130.693878,131,1.0,0.693878,36.03784
A,130.714286,131,1.0,0.714286,36.11874
A,130.734694,131,1.0,0.734694,36.20681
A,130.755102,131,1.0,0.755102,36.30247
A,130.77551,131,1.0,0.77551,36.40617
A,130.795918,131,1.0,0.795918,36.51836
A,130.816327,131,1.0,0.816327,36.63949
A,130.836735,131,1.0,0.836735,36.77003
A,130.857143,131,1.0,0.857143,36.91047
A,130.877551,131,1.0,0.877551,37.06129
A,130.897959,131,1.0,0.897959,37.22301
A,130.918367,131,1.0,0.918367,37.39612
A,130.938776,131,1.0,0.938776,37.58117
A,130.959184,131,1.0,0.959184,37.77868
A,130.979592,131,1.0,0.979592,37.9892
A,131.0,131,1.0,1.0,38.2133
A,131.0,132,-1.0,0.0,-29.19138
A,131.020408,132,-1.0,0.020408,-30.53761
A,131.040816,132,-1.0,0.040816,-31.58074
A,131.061224,132,-1.0,0.061224,-32.38901
A,131.081633,132,-1.0,0.081633,-33.01536
A,131.102041,132,-1.0,0.102041,-33.50078
A,131.122449,132,-1.0,0.122449,-33.8771
A,131.142857,132,-1.0,0.142857,-34.16897
A,131.163265,132,-1.0,0.163265,-34.39553
A,131.183673,132,-1.0,0.183673,-34.57164
A,131.204082,132,-1.0,0.204082,-34.70884
A,131.22449,132,-1.0,0.22449,-34.81612
A,131.244898,132,-1.0,0.244898,-34.90046
A,131.265306,132,-1.0,0.265306,-34.96732
A,131.285714,132,-1.0,0.285714,-35.02098
A,131.306122,132,-1.0,0.306122,-35.06479
A,131.326531,132,-1.0,0.326531,-35.10139
A,131.346939,132,-1.0,0.346939,-35.1329
A,131.367347,132,-1.0,0.367347,-35.16098
A,131.387755,132,-1.0,0.387755,-35.18699
A,131.408163,132,-1.0,0.408163,-35.21205
A,131.428571,132,-1.0,0.428571,-35.23707
A,131.44898,132,-1.0,0.44898,-35.26283
A,131.469388,132,-1.0,0.469388,-35.28999
A,131.489796,132,-1.0,0.489796,-35.31915
A,131.510204,132,-1.0,0.510204,-35.35082
A,131.530612,132,-1.0,0.530612,-35.3855
A,131.55102,132,-1.0,0.55102,-35.42361
A,131.571429,132,-1.0,0.571429,-35.4656
A,131.591837,132,-1.0,0.591837,-35.51187
A,131.612245,132,-1.0,0.612245,-35.56283
A,131.632653,132,-1.0,0.632653,-35.61888
A,131.653061,132,-1.0,0.653061,-35.68041
A,131.673469,132,-1.0,0.673469,-35.74782
A,131.693878,132,-1.0,0.693878,-35.82153
A,131.714286,132,-1.0,0.714286,-35.90195
A,131.734694,132,-1.0,0.734694,-35.98949
A,131.755102,132,-1.0,0.755102,-36.08458
A,131.77551,132,-1.0,0.77551,-36.18766
A,131.795918,132,-1.0,0.795918,-36.29917
A,131.816327,132,-1.0,0.816327,-36.41957
A,131.836735,132,-1.0,0.836735,-36.54933
A,131.857143,132,-1.0,0.857143,-36.68892
A,131.877551,132,-1.0,0.877551,-36.83884
A,131.897959,132,-1.0,0.897959,-36.99959
A,131.918367,132,-1.0,0.918367,-37.17166
A,131.938776,132,-1.0,0.938776,-37.3556
A,131.959184,132,-1.0,0.959184,-37.55192
A,131.979592,132,-1.0,0.979592,-37.76118
A,132.0,132,-1.0,1.0,-37.98394
A,132.0,133,1.0,0.0,29.32196
A,132.020408,133,1.0,0.020408,30.67422
A,132.040816,133,1.0,0.040816,31.722
A,132.061224,133,1.0,0.061224,32.5339
A,132.081633,133,1.0,0.081633,33.16304
A,132.102041,133,1.0,0.102041,33.65064
A,132.122449,133,1.0,0.122449,34.02864
A,132.142857,133,1.0,0.142857,34.32181
A,132.163265,133,1.0,0.163265,34.54939
A,132.183673,133,1.0,0.183673,34.72629
A,132.204082,133,1.0,0.204082,34.8641
A,132.22449,133,1.0,0.22449,34.97186
A,132.244898,133,1.0,0.244898,35.05657
A,132.265306,133,1.0,0.265306,35.12374
A,132.285714,133,1.0,0.285714,35.17764
A,132.306122,133,1.0,0.306122,35.22164
A,132.326531,133,1.0,0.326531,35.25841
A,132.346939,133,1.0,0.346939,35.29005
A,132.367347,133,1.0,0.367347,35.31826
A,132.387755,133,1.0,0.387755,35.34439
A,132.408163,133,1.0,0.408163,35.36956
A,132.428571,133,1.0,0.428571,35.39469
A,132.44898,133,1.0,0.44898,35.42056
A,132.469388,133,1.0,0.469388,35.44785
A,132.489796,133,1.0,0.489796,35.47714
A,132.510204,133,1.0,0.510204,35.50896
A,132.530612,133,1.0,0.530612,35.54378
A,132.55102,133,1.0,0.55102,35.58207
A,132.571429,133,1.0,0.571429,35.62425
A,132.591837,133,1.0,0.591837,35.67073
A,132.612245,133,1.0,0.612245,35.72191
A,132.632653,133,1.0,0.632653,35.77821
A,132.653061,133,1.0,0.653061,35.84001
A,132.673469,133,1.0,0.673469,35.90773
A,132.693878,133,1.0,0.693878,35.98177
A,132.714286,133,1.0,0.714286,36.06255
A,132.734694,133,1.0,0.734694,36.15048
A,132.755102,133,1.0,0.755102,36.24599
A,132.77551,133,1.0,0.77551,36.34953
A,132.795918,133,1.0,0.795918,36.46154
A,132.816327,133,1.0,0.816327,36.58248
A,132.836735,133,1.0,0.836735,36.71282
A,132.857143,133,1.0,0.857143,36.85304
A,132.877551,133,1.0,0.877551,37.00363
A,132.897959,133,1.0,0.897959,37.16509
A,132.918367,133,1.0,0.918367,37.33794
A,132.938776,133,1.0,0.938776,37.5227
A,132.959184,133,1.0,0.959184,37.7199
A,132.979592,133,1.0,0.979592,37.9301
A,133.0,133,1.0,1.0,38.15385
A,133.0,134,-1.0,0.0,-29.2725
A,133.020408,134,-1.0,0.020408,-30.62248
A,133.040816,134,-1.0,0.040816,-31.6685
A,133.061224,134,-1.0,0.061224,-32.47903
A,133.081633,134,-1.0,0.081633,-33.10711
A,133.102041,134,-1.0,0.102041,-33.59389
A,133.122449,134,-1.0,0.122449,-33.97125
A,133.142857,134,-1.0,0.142857,-34.26393
A,133.163265,134,-1.0,0.163265,-34.49112
A,133.183673,134,-1.0,0.183673,-34.66772
A,133.204082,134,-1.0,0.204082,-34.8053
A,133.22449,134,-1.0,0.22449,-34.91288
A,133.244898,134,-1.0,0.244898,-34.99745
A,133.265306,134,-1.0,0.265306,-35.0645
A,133.285714,134,-1.0,0.285714,-35.11831
A,133.306122,134,-1.0,0.306122,-35.16224
A,133.326531,134,-1.0,0.326531,-35.19895
A,133.346939,134,-1.0,0.346939,-35.23054
A,133.367347,134,-1.0,0.367347,-35.25869
A,133.387755,134,-1.0,0.387755,-35.28478
A,133.408163,134,-1.0,0.408163,-35.30991
A,133.428571,134,-1.0,0.428571,-35.335
A,133.44898,134,-1.0,0.44898,-35.36083
A,133.469388,134,-1.0,0.469388,-35.38807
A,133.489796,134,-1.0,0.489796,-35.41731
A,133.510204,134,-1.0,0.510204,-35.44907
A,133.530612,134,-1.0,0.530612,-35.48384
A,133.55102,134,-1.0,0.55102,-35.52206
A,133.571429,134,-1.0,0.571429,-35.56417
A,133.591837,134,-1.0,0.591837,-35.61057
A,133.612245,134,-1.0,0.612245,-35.66167
A,133.632653,134,-1.0,0.632653,-35.71787
A,133.653061,134,-1.0,0.653061,-35.77957
A,133.673469,134,-1.0,0.673469,-35.84717
A,133.693878,134,-1.0,0.693878,-35.92109
A,133.714286,134,-1.0,0.714286,-36.00173
A,133.734694,134,-1.0,0.734694,-36.08951
A,133.755102,134,-1.0,0.755102,-36.18486
A,133.77551,134,-1.0,0.77551,-36.28823
A,133.795918,134,-1.0,0.795918,-36.40005
A,133.816327,134,-1.0,0.816327,-36.52079
A,133.836735,134,-1.0,0.836735,-36.65091
A,133.857143,134,-1.0,0.857143,-36.79089
A,133.877551,134,-1.0,0.877551,-36.94122
A,133.897959,134,-1.0,0.897959,-37.10241
A,133.918367,134,-1.0,0.918367,-37.27497
A,133.938776,134,-1.0,0.938776,-37.45941
A,133.959184,134,-1.0,0.959184,-37.65628
A,133.979592,134,-1.0,0.979592,-37.86613
A,134.0,134,-1.0,1.0,-38.0895
A,134.0,135,1.0,0.0,29.2019
A,134.020408,135,1.0,0.020408,30.54862
A,134.040816,135,1.0,0.040816,31.59212
A,134.061224,135,1.0,0.061224,32.40068
A,134.081633,135,1.0,0.081633,33.02725
A,134.102041,135,1.0,0.102041,33.51286
A,134.122449,135,1.0,0.122449,33.88931
A,134.142857,135,1.0,0.142857,34.18128
A,134.163265,135,1.0,0.163265,34.40792
A,134.183673,135,1.0,0.183673,34.5841
A,134.204082,135,1.0,0.204082,34.72135
A,134.22449,135,1.0,0.22449,34.82866
A,134.244898,135,1.0,0.244898,34.91303
A,134.265306,135,1.0,0.265306,34.97992
A,134.285714,135,1.0,0.285714,35.0336
A,134.306122,135,1.0,0.306122,35.07742
A,134.326531,135,1.0,0.326531,35.11404
A,134.346939,135,1.0,0.346939,35.14556
A,134.367347,135,1.0,0.367347,35.17365
A,134.387755,135,1.0,0.387755,35.19967
A,134.408163,135,1.0,0.408163,35.22473
A,134.428571,135,1.0,0.428571,35.24976
A,134.44898,135,1.0,0.44898,35.27553
A,134.469388,135,1.0,0.469388,35.30271
A,134.489796,135,1.0,0.489796,35.33188
A,134.510204,135,1.0,0.510204,35.36356
A,134.530612,135,1.0,0.530612,35.39825
A,134.55102,135,1.0,0.55102,35.43638
A,134.571429,135,1.0,0.571429,35.47838
A,134.591837,135,1.0,0.591837,35.52467
A,134.612245,135,1.0,0.612245,35.57565
A,134.632653,135,1.0,0.632653,35.63171
A,134.653061,135,1.0,0.653061,35.69327
A,134.673469,135,1.0,0.673469,35.76071
A,134.693878,135,1.0,0.693878,35.83444
A,134.714286,135,1.0,0.714286,35.91489
A,134.734694,135,1.0,0.734694,36.00246
A,134.755102,135,1.0,0.755102,36.09758
A,134.77551,135,1.0,0.77551,36.2007
A,134.795918,135,1.0,0.795918,36.31225
A,134.816327,135,1.0,0.816327,36.43269
A,134.836735,135,1.0,0.836735,36.5625
A,134.857143,135,1.0,0.857143,36.70215
A,134.877551,135,1.0,0.877551,36.85212
A,134.897959,135,1.0,0.897959,37.01292
A,134.918367,135,1.0,0.918367,37.18506
A,134.938776,135,1.0,0.938776,37.36906
A,134.959184,135,1.0,0.959184,37.56545
A,134.979592,135,1.0,0.979592,37.77479
A,135.0,135,1.0,1.0,37.99762
A,135.0,136,-1.0,0.0,-29.21469
A,135.020408,136,-1.0,0.020408,-30.562
A,135.040816,136,-1.0,0.040816,-31.60596
A,135.061224,136,-1.0,0.061224,-32.41488
A,135.081633,136,-1.0,0.081633,-33.04172
A,135.102041,136,-1.0,0.102041,-33.52754
A,135.122449,136,-1.0,0.122449,-33.90416
A,135.142857,136,-1.0,0.142857,-34.19626
A,135.163265,136,-1.0,0.163265,-34.423
A,135.183673,136,-1.0,0.183673,-34.59925
A,135.204082,136,-1.0,0.204082,-34.73656
A,135.22449,136,-1.0,0.22449,-34.84392
A,135.244898,136,-1.0,0.244898,-34.92833
A,135.265306,136,-1.0,0.265306,-34.99525
A,135.285714,136,-1.0,0.285714,-35.04895
A,135.306122,136,-1.0,0.306122,-35.09279
A,135.326531,136,-1.0,0.326531,-35.12943
A,135.346939,136,-1.0,0.346939,-35.16096
A,135.367347,136,-1.0,0.367347,-35.18906
A,135.387755,136,-1.0,0.387755,-35.21509
A,135.408163,136,-1.0,0.408163,-35.24017
A,135.428571,136,-1.0,0.428571,-35.26521
A,135.44898,136,-1.0,0.44898,-35.29099
A,135.469388,136,-1.0,0.469388,-35.31818
A,135.489796,136,-1.0,0.489796,-35.34736
A,135.510204,136,-1.0,0.510204,-35.37906
A,135.530612,136,-1.0,0.530612,-35.41376
A,135.55102,136,-1.0,0.55102,-35.4519
A,135.571429,136,-1.0,0.571429,-35.49393
A,135.591837,136,-1.0,0.591837,-35.54023
A,135.612245,136,-1.0,0.612245,-35.59123
A,135.632653,136,-1.0,0.632653,-35.64732
A,135.653061,136,-1.0,0.653061,-35.7089
A,135.673469,136,-1.0,0.673469,-35.77637
A,135.693878,136,-1.0,0.693878,-35.85014
A,135.714286,136,-1.0,0.714286,-35.93062
A,135.734694,136,-1.0,0.734694,-36.01823
A,135.755102,136,-1.0,0.755102,-36.1134
A,135.77551,136,-1.0,0.77551,-36.21656
A,135.795918,136,-1.0,0.795918,-36.32816
A,135.816327,136,-1.0,0.816327,-36.44866
A,135.836735,136,-1.0,0.836735,-36.57852
A,135.857143,136,-1.0,0.857143,-36.71823
A,135.877551,136,-1.0,0.877551,-36.86826
A,135.897959,136,-1.0,0.897959,-37.02914
A,135.918367,136,-1.0,0.918367,-37.20135
A,135.938776,136,-1.0,0.938776,-37.38543
A,135.959184,136,-1.0,0.959184,-37.58191
A,135.979592,136,-1.0,0.979592,-37.79134
A,136.0,136,-1.0,1.0,-38.01427
A,136.0,137,1.0,0.0,29.21795
A,136.020408,137,1.0,0.020408,30.56542
A,136.040816,137,1.0,0.040816,31.60949
A,136.061224,137,1.0,0.061224,32.4185
A,136.081633,137,1.0,0.081633,33.04541
A,136.102041,137,1.0,0.102041,33.53128
A,136.122449,137,1.0,0.122449,33.90794
A,136.142857,137,1.0,0.142857,34.20008
A,136.163265,137,1.0,0.163265,34.42685
A,136.183673,137,1.0,0.183673,34.60312
A,136.204082,137,1.0,0.204082,34.74044
A,136.22449,137,1.0,0.22449,34.84781
A,136.244898,137,1.0,0.244898,34.93223
A,136.265306,137,1.0,0.265306,34.99916
A,136.285714,137,1.0,0.285714,35.05286
A,136.306122,137,1.0,0.306122,35.09671
A,136.326531,137,1.0,0.326531,35.13335
A,136.346939,137,1.0,0.346939,35.16488
A,136.367347,137,1.0,0.367347,35.19299
A,136.387755,137,1.0,0.387755,35.21902
A,136.408163,137,1.0,0.408163,35.2441
A,136.428571,137,1.0,0.428571,35.26915
A,136.44898,137,1.0,0.44898,35.29493
A,136.469388,137,1.0,0.469388,35.32212
A,136.489796,137,1.0,0.489796,35.35131
A,136.510204,137,1.0,0.510204,35.38301
A,136.530612,137,1.0,0.530612,35.41771
A,136.55102,137,1.0,0.55102,35.45586
A,136.571429,137,1.0,0.571429,35.49789
A,136.591837,137,1.0,0.591837,35.5442
A,136.612245,137,1.0,0.612245,35.59521
A,136.632653,137,1.0,0.632653,35.65131
A,136.653061,137,1.0,0.653061,35.71289
A,136.673469,137,1.0,0.673469,35.78037
A,136.693878,137,1.0,0.693878,35.85415
A,136.714286,137,1.0,0.714286,35.93464
A,136.734694,137,1.0,0.734694,36.02225
A,136.755102,137,1.0,0.755102,36.11743
A,136.77551,137,1.0,0.77551,36.2206
A,136.795918,137,1.0,0.795918,36.33222
A,136.816327,137,1.0,0.816327,36.45273
A,136.836735,137,1.0,0.836735,36.58261
A,136.857143,137,1.0,0.857143,36.72233
A,136.877551,137,1.0,0.877551,36.87238
A,136.897959,137,1.0,0.897959,37.03327
A,136.918367,137,1.0,0.918367,37.20551
A,136.938776,137,1.0,0.938776,37.38961
A,136.959184,137,1.0,0.959184,37.58611
A,136.979592,137,1.0,0.979592,37.79556
A,137.0,137,1.0,1.0,38.01852
A,137.0,138,-1.0,0.0,-29.1811
A,137.020408,138,-1.0,0.020408,-30.52687
A,137.040816,138,-1.0,0.040816,-31.56962
A,137.061224,138,-1.0,0.061224,-32.37761
A,137.081633,138,-1.0,0.081633,-33.00374
A,137.102041,138,-1.0,0.102041,-33.48899
A,137.122449,138,-1.0,0.122449,-33.86518
A,137.142857,138,-1.0,0.142857,-34.15694
A,137.163265,138,-1.0,0.163265,-34.38342
A,137.183673,138,-1.0,0.183673,-34.55947
A,137.204082,138,-1.0,0.204082,-34.69663
A,137.22449,138,-1.0,0.22449,-34.80386
A,137.244898,138,-1.0,0.244898,-34.88817
A,137.265306,138,-1.0,0.265306,-34.95501
A,137.285714,138,-1.0,0.285714,-35.00865
A,137.306122,138,-1.0,0.306122,-35.05245
A,137.326531,138,-1.0,0.326531,-35.08904
A,137.346939,138,-1.0,0.346939,-35.12053
A,137.367347,138,-1.0,0.367347,-35.1486
A,137.387755,138,-1.0,0.387755,-35.17461
A,137.408163,138,-1.0,0.408163,-35.19965
A,137.428571,138,-1.0,0.428571,-35.22466
A,137.44898,138,-1.0,0.44898,-35.25042
A,137.469388,138,-1.0,0.469388,-35.27757
A,137.489796,138,-1.0,0.489796,-35.30672
A,137.510204,138,-1.0,0.510204,-35.33838
A,137.530612,138,-1.0,0.530612,-35.37304
A,137.55102,138,-1.0,0.55102,-35.41115
A,137.571429,138,-1.0,0.571429,-35.45312
A,137.591837,138,-1.0,0.591837,-35.49937
A,137.612245,138,-1.0,0.612245,-35.55032
A,137.632653,138,-1.0,0.632653,-35.60634
A,137.653061,138,-1.0,0.653061,-35.66785
A,137.673469,138,-1.0,0.673469,-35.73524
A,137.693878,138,-1.0,0.693878,-35.80893
A,137.714286,138,-1.0,0.714286,-35.88931
A,137.734694,138,-1.0,0.734694,-35.97682
A,137.755102,138,-1.0,0.755102,-36.07188
A,137.77551,138,-1.0,0.77551,-36.17492
A,137.795918,138,-1.0,0.795918,-36.28639
A,137.816327,138,-1.0,0.816327,-36.40675
A,137.836735,138,-1.0,0.836735,-36.53647
A,137.857143,138,-1.0,0.857143,-36.67601
A,137.877551,138,-1.0,0.877551,-36.82588
A,137.897959,138,-1.0,0.897959,-36.98656
A,137.918367,138,-1.0,0.918367,-37.15858
A,137.938776,138,-1.0,0.938776,-37.34245
A,137.959184,138,-1.0,0.959184,-37.53871
A,137.979592,138,-1.0,0.979592,-37.74789
A,138.0,138,-1.0,1.0,-37.97057
A,138.0,139,1.0,0.0,29.26646
A,138.020408,139,1.0,0.020408,30.61616
A,138.040816,139,1.0,0.040816,31.66196
A,138.061224,139,1.0,0.061224,32.47232
A,138.081633,139,1.0,0.081633,33.10027
A,138.102041,139,1.0,0.102041,33.58695
A,138.122449,139,1.0,0.122449,33.96423
A,138.142857,139,1.0,0.142857,34.25685
A,138.163265,139,1.0,0.163265,34.484
A,138.183673,139,1.0,0.183673,34.66056
A,138.204082,139,1.0,0.204082,34.79812
A,138.22449,139,1.0,0.22449,34.90567
A,138.244898,139,1.0,0.244898,34.99022
A,138.265306,139,1.0,0.265306,35.05726
A,138.285714,139,1.0,0.285714,35.11106
A,138.306122,139,1.0,0.306122,35.15498
A,138.326531,139,1.0,0.326531,35.19168
A,138.346939,139,1.0,0.346939,35.22326
A,138.367347,139,1.0,0.367347,35.25141
A,138.387755,139,1.0,0.387755,35.27749
A,138.408163,139,1.0,0.408163,35.30261
A,138.428571,139,1.0,0.428571,35.3277
A,138.44898,139,1.0,0.44898,35.35352
A,138.469388,139,1.0,0.469388,35.38076
A,138.489796,139,1.0,0.489796,35.40999
A,138.510204,139,1.0,0.510204,35.44175
A,138.530612,139,1.0,0.530612,35.47651
A,138.55102,139,1.0,0.55102,35.51473
A,138.571429,139,1.0,0.571429,35.55682
A,138.591837,139,1.0,0.591837,35.60321
A,138.612245,139,1.0,0.612245,35.6543
A,138.632653,139,1.0,0.632653,35.71049
A,138.653061,139,1.0,0.653061,35.77218
A,138.673469,139,1.0,0.673469,35.83977
A,138.693878,139,1.0,0.693878,35.91367
A,138.714286,139,1.0,0.714286,35.99429
A,138.734694,139,1.0,0.734694,36.08206
A,138.755102,139,1.0,0.755102,36.17739
A,138.77551,139,1.0,0.77551,36.28073
A,138.795918,139,1.0,0.795918,36.39253
A,138.816327,139,1.0,0.816327,36.51324
A,138.836735,139,1.0,0.836735,36.64334
A,138.857143,139,1.0,0.857143,36.78329
A,138.877551,139,1.0,0.877551,36.9336
A,138.897959,139,1.0,0.897959,37.09475
A,138.918367,139,1.0,0.918367,37.26727
A,138.938776,139,1.0,0.938776,37.45168
A,138.959184,139,1.0,0.959184,37.64851
A,138.979592,139,1.0,0.979592,37.85831
A,139.0,139,1.0,1.0,38.08163
A,139.0,140,-1.0,0.0,-29.7689
A,139.020408,140,-1.0,0.020408,-31.14177
A,139.040816,140,-1.0,0.040816,-32.20553
A,139.061224,140,-1.0,0.061224,-33.0298
A,139.081633,140,-1.0,0.081633,-33.66853
A,139.102041,140,-1.0,0.102041,-34.16357
A,139.122449,140,-1.0,0.122449,-34.54733
A,139.142857,140,-1.0,0.142857,-34.84497
A,139.163265,140,-1.0,0.163265,-35.07601
A,139.183673,140,-1.0,0.183673,-35.25561
A,139.204082,140,-1.0,0.204082,-35.39552
A,139.22449,140,-1.0,0.22449,-35.50492
A,139.244898,140,-1.0,0.244898,-35.59093
A,139.265306,140,-1.0,0.265306,-35.65912
A,139.285714,140,-1.0,0.285714,-35.71384
A,139.306122,140,-1.0,0.306122,-35.75851
A,139.326531,140,-1.0,0.326531,-35.79584
A,139.346939,140,-1.0,0.346939,-35.82797
A,139.367347,140,-1.0,0.367347,-35.8566
A,139.387755,140,-1.0,0.387755,-35.88313
A,139.408163,140,-1.0,0.408163,-35.90868
A,139.428571,140,-1.0,0.428571,-35.9342
A,139.44898,140,-1.0,0.44898,-35.96047
A,139.469388,140,-1.0,0.469388,-35.98817
A,139.489796,140,-1.0,0.489796,-36.01791
A,139.510204,140,-1.0,0.510204,-36.05021
A,139.530612,140,-1.0,0.530612,-36.08557
A,139.55102,140,-1.0,0.55102,-36.12444
A,139.571429,140,-1.0,0.571429,-36.16726
A,139.591837,140,-1.0,0.591837,-36.21444
A,139.612245,140,-1.0,0.612245,-36.26641
A,139.632653,140,-1.0,0.632653,-36.32356
A,139.653061,140,-1.0,0.653061,-36.38631
A,139.673469,140,-1.0,0.673469,-36.45506
A,139.693878,140,-1.0,0.693878,-36.53023
A,139.714286,140,-1.0,0.714286,-36.61224
A,139.734694,140,-1.0,0.734694,-36.70151
A,139.755102,140,-1.0,0.755102,-36.79848
A,139.77551,140,-1.0,0.77551,-36.9036
A,139.795918,140,-1.0,0.795918,-37.01731
A,139.816327,140,-1.0,0.816327,-37.1401
A,139.836735,140,-1.0,0.836735,-37.27242
A,139.857143,140,-1.0,0.857143,-37.41478
A,139.877551,140,-1.0,0.877551,-37.56767
A,139.897959,140,-1.0,0.897959,-37.73159
A,139.918367,140,-1.0,0.918367,-37.90707
A,139.938776,140,-1.0,0.938776,-38.09464
A,139.959184,140,-1.0,0.959184,-38.29485
A,139.979592,140,-1.0,0.979592,-38.50825
A,140.0,140,-1.0,1.0,-38.73541
A,140.0,141,1.0,0.0,30.0053
A,140.020408,141,1.0,0.020408,31.38907
A,140.040816,141,1.0,0.040816,32.46128
A,140.061224,141,1.0,0.061224,33.29209
A,140.081633,141,1.0,0.081633,33.9359
A,140.102041,141,1.0,0.102041,34.43486
A,140.122449,141,1.0,0.122449,34.82167
A,140.142857,141,1.0,0.142857,35.12168
A,140.163265,141,1.0,0.163265,35.35456
A,140.183673,141,1.0,0.183673,35.53558
A,140.204082,141,1.0,0.204082,35.67661
A,140.22449,141,1.0,0.22449,35.78687
A,140.244898,141,1.0,0.244898,35.87356
A,140.265306,141,1.0,0.265306,35.94229
A,140.285714,141,1.0,0.285714,35.99745
A,140.306122,141,1.0,0.306122,36.04248
A,140.326531,141,1.0,0.326531,36.0801
A,140.346939,141,1.0,0.346939,36.11248
A,140.367347,141,1.0,0.367347,36.14135
A,140.387755,141,1.0,0.387755,36.16808
A,140.408163,141,1.0,0.408163,36.19384
A,140.428571,141,1.0,0.428571,36.21956
A,140.44898,141,1.0,0.44898,36.24603
A,140.469388,141,1.0,0.469388,36.27396
A,140.489796,141,1.0,0.489796,36.30393
A,140.510204,141,1.0,0.510204,36.33649
A,140.530612,141,1.0,0.530612,36.37213
A,140.55102,141,1.0,0.55102,36.41131
A,140.571429,141,1.0,0.571429,36.45446
A,140.591837,141,1.0,0.591837,36.50203
A,140.612245,141,1.0,0.612245,36.55441
A,140.632653,141,1.0,0.632653,36.61201
A,140.653061,141,1.0,0.653061,36.67526
A,140.673469,141,1.0,0.673469,36.74456
A,140.693878,141,1.0,0.693878,36.82032
A,140.714286,141,1.0,0.714286,36.90298
A,140.734694,141,1.0,0.734694,36.99296
A,140.755102,141,1.0,0.755102,37.0907
A,140.77551,141,1.0,0.77551,37.19665
A,140.795918,141,1.0,0.795918,37.31127
A,140.816327,141,1.0,0.816327,37.43503
A,140.836735,141,1.0,0.836735,37.56841
A,140.857143,141,1.0,0.857143,37.7119
A,140.877551,141,1.0,0.877551,37.866
A,140.897959,141,1.0,0.897959,38.03122
A,140.918367,141,1.0,0.918367,38.20809
A,140.938776,141,1.0,0.938776,38.39716
A,140.959184,141,1.0,0.959184,38.59896
A,140.979592,141,1.0,0.979592,38.81405
A,141.0,141,1.0,1.0,39.04302
A,141.0,142,-1.0,0.0,-29.97672
A,141.020408,142,-1.0,0.020408,-31.35918
A,141.040816,142,-1.0,0.040816,-32.43036
A,141.061224,142,-1.0,0.061224,-33.26038
A,141.081633,142,-1.0,0.081633,-33.90358
A,141.102041,142,-1.0,0.102041,-34.40207
A,141.122449,142,-1.0,0.122449,-34.78851
A,141.142857,142,-1.0,0.142857,-35.08823
A,141.163265,142,-1.0,0.163265,-35.32088
A,141.183673,142,-1.0,0.183673,-35.50173
A,141.204082,142,-1.0,0.204082,-35.64262
A,141.22449,142,-1.0,0.22449,-35.75278
A,141.244898,142,-1.0,0.244898,-35.83939
A,141.265306,142,-1.0,0.265306,-35.90806
A,141.285714,142,-1.0,0.285714,-35.96316
A,141.306122,142,-1.0,0.306122,-36.00815
A,141.326531,142,-1.0,0.326531,-36.04574
A,141.346939,142,-1.0,0.346939,-36.07809
A,141.367347,142,-1.0,0.367347,-36.10692
A,141.387755,142,-1.0,0.387755,-36.13364
A,141.408163,142,-1.0,0.408163,-36.15937
A,141.428571,142,-1.0,0.428571,-36.18506
A,141.44898,142,-1.0,0.44898,-36.21151
A,141.469388,142,-1.0,0.469388,-36.23941
A,141.489796,142,-1.0,0.489796,-36.26935
A,141.510204,142,-1.0,0.510204,-36.30188
A,141.530612,142,-1.0,0.530612,-36.33748
A,141.55102,142,-1.0,0.55102,-36.37662
A,141.571429,142,-1.0,0.571429,-36.41974
A,141.591837,142,-1.0,0.591837,-36.46726
A,141.612245,142,-1.0,0.612245,-36.51959
A,141.632653,142,-1.0,0.632653,-36.57714
A,141.653061,142,-1.0,0.653061,-36.64033
A,141.673469,142,-1.0,0.673469,-36.70956
A,141.693878,142,-1.0,0.693878,-36.78525
A,141.714286,142,-1.0,0.714286,-36.86783
A,141.734694,142,-1.0,0.734694,-36.95772
A,141.755102,142,-1.0,0.755102,-37.05537
A,141.77551,142,-1.0,0.77551,-37.16122
A,141.795918,142,-1.0,0.795918,-37.27574
A,141.816327,142,-1.0,0.816327,-37.39938
A,141.836735,142,-1.0,0.836735,-37.53263
A,141.857143,142,-1.0,0.857143,-37.67598
A,141.877551,142,-1.0,0.877551,-37.82993
A,141.897959,142,-1.0,0.897959,-37.995
A,141.918367,142,-1.0,0.918367,-38.1717
A,141.938776,142,-1.0,0.938776,-38.36059
A,141.959184,142,-1.0,0.959184,-38.56219
A,141.979592,142,-1.0,0.979592,-38.77708
A,142.0,142,-1.0,1.0,-39.00583
A,142.0,143,1.0,0.0,30.0079
A,142.020408,143,1.0,0.020408,31.3918
A,142.040816,143,1.0,0.040816,32.4641
A,142.061224,143,1.0,0.061224,33.29498
A,142.081633,143,1.0,0.081633,33.93884
A,142.102041,143,1.0,0.102041,34.43785
A,142.122449,143,1.0,0.122449,34.82469
A,142.142857,143,1.0,0.142857,35.12473
A,142.163265,143,1.0,0.163265,35.35762
A,142.183673,143,1.0,0.183673,35.53866
A,142.204082,143,1.0,0.204082,35.6797
A,142.22449,143,1.0,0.22449,35.78997
A,142.244898,143,1.0,0.244898,35.87667
A,142.265306,143,1.0,0.265306,35.94541
A,142.285714,143,1.0,0.285714,36.00057
A,142.306122,143,1.0,0.306122,36.0456
A,142.326531,143,1.0,0.326531,36.08323
A,142.346939,143,1.0,0.346939,36.11561
A,142.367347,143,1.0,0.367347,36.14448
A,142.387755,143,1.0,0.387755,36.17122
A,142.408163,143,1.0,0.408163,36.19698
A,142.428571,143,1.0,0.428571,36.2227
A,142.44898,143,1.0,0.44898,36.24918
A,142.469388,143,1.0,0.469388,36.2771
A,142.489796,143,1.0,0.489796,36.30708
A,142.510204,143,1.0,0.510204,36.33964
A,142.530612,143,1.0,0.530612,36.37528
A,142.55102,143,1.0,0.55102,36.41446
A,142.571429,143,1.0,0.571429,36.45763
A,142.591837,143,1.0,0.591837,36.50519
A,142.612245,143,1.0,0.612245,36.55758
A,142.632653,143,1.0,0.632653,36.61519
A,142.653061,143,1.0,0.653061,36.67844
A,142.673469,143,1.0,0.673469,36.74774
A,142.693878,143,1.0,0.693878,36.82352
A,142.714286,143,1.0,0.714286,36.90618
A,142.734694,143,1.0,0.734694,36.99617
A,142.755102,143,1.0,0.755102,37.09392
A,142.77551,143,1.0,0.77551,37.19988
A,142.795918,143,1.0,0.795918,37.31451
A,142.816327,143,1.0,0.816327,37.43828
A,142.836735,143,1.0,0.836735,37.57167
A,142.857143,143,1.0,0.857143,37.71517
A,142.877551,143,1.0,0.877551,37.86928
A,142.897959,143,1.0,0.897959,38.03452
A,142.918367,143,1.0,0.918367,38.21141
A,142.938776,143,1.0,0.938776,38.40049
A,142.959184,143,1.0,0.959184,38.6023
A,142.979592,143,1.0,0.979592,38.81742
A,143.0,143,1.0,1.0,39.0464
A,143.0,144,-1.0,0.0,-29.95007
A,143.020408,144,-1.0,0.020408,-31.33129
A,143.040816,144,-1.0,0.040816,-32.40153
A,143.061224,144,-1.0,0.061224,-33.23081
A,143.081633,144,-1.0,0.081633,-33.87343
A,143.102041,144,-1.0,0.102041,-34.37148
A,143.122449,144,-1.0,0.122449,-34.75757
A,143.142857,144,-1.0,0.142857,-35.05703
A,143.163265,144,-1.0,0.163265,-35.28948
A,143.183673,144,-1.0,0.183673,-35.47016
A,143.204082,144,-1.0,0.204082,-35.61093
A,143.22449,144,-1.0,0.22449,-35.72099
A,143.244898,144,-1.0,0.244898,-35.80753
A,143.265306,144,-1.0,0.265306,-35.87613
A,143.285714,144,-1.0,0.285714,-35.93118
A,143.306122,144,-1.0,0.306122,-35.97613
A,143.326531,144,-1.0,0.326531,-36.01369
A,143.346939,144,-1.0,0.346939,-36.04601
A,143.367347,144,-1.0,0.367347,-36.07482
A,143.387755,144,-1.0,0.387755,-36.10151
A,143.408163,144,-1.0,0.408163,-36.12721
A,143.428571,144,-1.0,0.428571,-36.15288
A,143.44898,144,-1.0,0.44898,-36.17931
A,143.469388,144,-1.0,0.469388,-36.20719
A,143.489796,144,-1.0,0.489796,-36.2371
A,143.510204,144,-1.0,0.510204,-36.2696
A,143.530612,144,-1.0,0.530612,-36.30517
A,143.55102,144,-1.0,0.55102,-36.34428
A,143.571429,144,-1.0,0.571429,-36.38736
A,143.591837,144,-1.0,0.591837,-36.43483
A,143.612245,144,-1.0,0.612245,-36.48712
A,143.632653,144,-1.0,0.632653,-36.54462
A,143.653061,144,-1.0,0.653061,-36.60775
A,143.673469,144,-1.0,0.673469,-36.67692
A,143.693878,144,-1.0,0.693878,-36.75254
A,143.714286,144,-1.0,0.714286,-36.83505
A,143.734694,144,-1.0,0.734694,-36.92486
A,143.755102,144,-1.0,0.755102,-37.02242
A,143.77551,144,-1.0,0.77551,-37.12818
A,143.795918,144,-1.0,0.795918,-37.24259
A,143.816327,144,-1.0,0.816327,-37.36612
A,143.836735,144,-1.0,0.836735,-37.49926
A,143.857143,144,-1.0,0.857143,-37.64248
A,143.877551,144,-1.0,0.877551,-37.79629
A,143.897959,144,-1.0,0.897959,-37.96121
A,143.918367,144,-1.0,0.918367,-38.13776
A,143.938776,144,-1.0,0.938776,-38.32648
A,143.959184,144,-1.0,0.959184,-38.5279
A,143.979592,144,-1.0,0.979592,-38.7426
A,144.0,144,-1.0,1.0,-38.97115
A,144.0,145,1.0,0.0,30.01751
A,144.020408,145,1.0,0.020408,31.40185
A,144.040816,145,1.0,0.040816,32.47449
A,144.061224,145,1.0,0.061224,33.30564
A,144.081633,145,1.0,0.081633,33.94971
A,144.102041,145,1.0,0.102041,34.44888
A,144.122449,145,1.0,0.122449,34.83585
A,144.142857,145,1.0,0.142857,35.13597
A,144.163265,145,1.0,0.163265,35.36895
A,144.183673,145,1.0,0.183673,35.55004
A,144.204082,145,1.0,0.204082,35.69113
A,144.22449,145,1.0,0.22449,35.80144
A,144.244898,145,1.0,0.244898,35.88816
A,144.265306,145,1.0,0.265306,35.95692
A,144.285714,145,1.0,0.285714,36.0121
A,144.306122,145,1.0,0.306122,36.05715
A,144.326531,145,1.0,0.326531,36.09479
A,144.346939,145,1.0,0.346939,36.12718
A,144.367347,145,1.0,0.367347,36.15606
A,144.387755,145,1.0,0.387755,36.18281
A,144.408163,145,1.0,0.408163,36.20857
A,144.428571,145,1.0,0.428571,36.2343
A,144.44898,145,1.0,0.44898,36.26079
A,144.469388,145,1.0,0.469388,36.28872
A,144.489796,145,1.0,0.489796,36.31871
A,144.510204,145,1.0,0.510204,36.35128
A,144.530612,145,1.0,0.530612,36.38693
A,144.55102,145,1.0,0.55102,36.42613
A,144.571429,145,1.0,0.571429,36.4693
A,144.591837,145,1.0,0.591837,36.51688
A,144.612245,145,1.0,0.612245,36.56928
A,144.632653,145,1.0,0.632653,36.62692
A,144.653061,145,1.0,0.653061,36.69019
A,144.673469,145,1.0,0.673469,36.75951
A,144.693878,145,1.0,0.693878,36.83531
A,144.714286,145,1.0,0.714286,36.918
A,144.734694,145,1.0,0.734694,37.00802
A,144.755102,145,1.0,0.755102,37.1058
A,144.77551,145,1.0,0.77551,37.21179
A,144.795918,145,1.0,0.795918,37.32646
A,144.816327,145,1.0,0.816327,37.45027
A,144.836735,145,1.0,0.836735,37.5837
A,144.857143,145,1.0,0.857143,37.72725
A,144.877551,145,1.0,0.877551,37.88141
A,144.897959,145,1.0,0.897959,38.0467
A,144.918367,145,1.0,0.918367,38.22365
A,144.938776,145,1.0,0.938776,38.41279
A,144.959184,145,1.0,0.959184,38.61467
A,144.979592,145,1.0,0.979592,38.82985
A,145.0,145,1.0,1.0,39.05891
A,145.0,146,-1.0,0.0,-30.10014
A,145.020408,146,-1.0,0.020408,-31.48828
A,145.040816,146,-1.0,0.040816,-32.56388
A,145.061224,146,-1.0,0.061224,-33.39732
A,145.081633,146,-1.0,0.081633,-34.04316
A,145.102041,146,-1.0,0.102041,-34.5437
A,145.122449,146,-1.0,0.122449,-34.93173
A,145.142857,146,-1.0,0.142857,-35.23269
A,145.163265,146,-1.0,0.163265,-35.4663
A,145.183673,146,-1.0,0.183673,-35.64789
A,145.204082,146,-1.0,0.204082,-35.78937
A,145.22449,146,-1.0,0.22449,-35.89998
A,145.244898,146,-1.0,0.244898,-35.98695
A,145.265306,146,-1.0,0.265306,-36.05589
A,145.285714,146,-1.0,0.285714,-36.11122
A,145.306122,146,-1.0,0.306122,-36.1564
A,145.326531,146,-1.0,0.326531,-36.19414
A,145.346939,146,-1.0,0.346939,-36.22662
A,145.367347,146,-1.0,0.367347,-36.25558
A,145.387755,146,-1.0,0.387755,-36.2824
A,145.408163,146,-1.0,0.408163,-36.30824
A,145.428571,146,-1.0,0.428571,-36.33404
A,145.44898,146,-1.0,0.44898,-36.3606
A,145.469388,146,-1.0,0.469388,-36.38861
A,145.489796,146,-1.0,0.489796,-36.41868
A,145.510204,146,-1.0,0.510204,-36.45134
A,145.530612,146,-1.0,0.530612,-36.48709
A,145.55102,146,-1.0,0.55102,-36.52639
A,145.571429,146,-1.0,0.571429,-36.56969
A,145.591837,146,-1.0,0.591837,-36.6174
A,145.612245,146,-1.0,0.612245,-36.66994
A,145.632653,146,-1.0,0.632653,-36.72773
A,145.653061,146,-1.0,0.653061,-36.79118
A,145.673469,146,-1.0,0.673469,-36.8607
A,145.693878,146,-1.0,0.693878,-36.9367
A,145.714286,146,-1.0,0.714286,-37.01962
A,145.734694,146,-1.0,0.734694,-37.10988
A,145.755102,146,-1.0,0.755102,-37.20793
A,145.77551,146,-1.0,0.77551,-37.31422
A,145.795918,146,-1.0,0.795918,-37.4292
A,145.816327,146,-1.0,0.816327,-37.55335
A,145.836735,146,-1.0,0.836735,-37.68715
A,145.857143,146,-1.0,0.857143,-37.83109
A,145.877551,146,-1.0,0.877551,-37.98568
A,145.897959,146,-1.0,0.897959,-38.15143
A,145.918367,146,-1.0,0.918367,-38.32886
A,145.938776,146,-1.0,0.938776,-38.51852
A,145.959184,146,-1.0,0.959184,-38.72096
A,145.979592,146,-1.0,0.979592,-38.93673
A,146.0,146,-1.0,1.0,-39.16642
A,146.0,147,1.0,0.0,30.16255
A,146.020408,147,1.0,0.020408,31.55357
A,146.040816,147,1.0,0.040816,32.6314
A,146.061224,147,1.0,0.061224,33.46657
A,146.081633,147,1.0,0.081633,34.11375
A,146.102041,147,1.0,0.102041,34.61533
A,146.122449,147,1.0,0.122449,35.00416
A,146.142857,147,1.0,0.142857,35.30574
A,146.163265,147,1.0,0.163265,35.53984
A,146.183673,147,1.0,0.183673,35.72181
A,146.204082,147,1.0,0.204082,35.86357
A,146.22449,147,1.0,0.22449,35.97442
A,146.244898,147,1.0,0.244898,36.06156
A,146.265306,147,1.0,0.265306,36.13065
A,146.285714,147,1.0,0.285714,36.1861
A,146.306122,147,1.0,0.306122,36.23136
A,146.326531,147,1.0,0.326531,36.26919
A,146.346939,147,1.0,0.346939,36.30174
A,146.367347,147,1.0,0.367347,36.33075
A,146.387755,147,1.0,0.387755,36.35763
A,146.408163,147,1.0,0.408163,36.38352
A,146.428571,147,1.0,0.428571,36.40937
A,146.44898,147,1.0,0.44898,36.43599
A,146.469388,147,1.0,0.469388,36.46406
A,146.489796,147,1.0,0.489796,36.49419
A,146.510204,147,1.0,0.510204,36.52692
A,146.530612,147,1.0,0.530612,36.56274
A,146.55102,147,1.0,0.55102,36.60213
A,146.571429,147,1.0,0.571429,36.64551
A,146.591837,147,1.0,0.591837,36.69332
A,146.612245,147,1.0,0.612245,36.74598
A,146.632653,147,1.0,0.632653,36.80388
A,146.653061,147,1.0,0.653061,36.86746
A,146.673469,147,1.0,0.673469,36.93712
A,146.693878,147,1.0,0.693878,37.01329
A,146.714286,147,1.0,0.714286,37.09638
A,146.734694,147,1.0,0.734694,37.18683
A,146.755102,147,1.0,0.755102,37.28508
A,146.77551,147,1.0,0.77551,37.39159
A,146.795918,147,1.0,0.795918,37.50681
A,146.816327,147,1.0,0.816327,37.63122
A,146.836735,147,1.0,0.836735,37.76529
A,146.857143,147,1.0,0.857143,37.90953
A,146.877551,147,1.0,0.877551,38.06444
A,146.897959,147,1.0,0.897959,38.23053
A,146.918367,147,1.0,0.918367,38.40833
A,146.938776,147,1.0,0.938776,38.59838
A,146.959184,147,1.0,0.959184,38.80124
A,146.979592,147,1.0,0.979592,39.01746
A,147.0,147,1.0,1.0,39.24763
A,147.0,148,-1.0,0.0,-30.24223
A,147.020408,148,-1.0,0.020408,-31.63693
A,147.040816,148,-1.0,0.040816,-32.7176
A,147.061224,148,-1.0,0.061224,-33.55498
A,147.081633,148,-1.0,0.081633,-34.20387
A,147.102041,148,-1.0,0.102041,-34.70677
A,147.122449,148,-1.0,0.122449,-35.09663
A,147.142857,148,-1.0,0.142857,-35.39901
A,147.163265,148,-1.0,0.163265,-35.63372
A,147.183673,148,-1.0,0.183673,-35.81617
A,147.204082,148,-1.0,0.204082,-35.95832
A,147.22449,148,-1.0,0.22449,-36.06945
A,147.244898,148,-1.0,0.244898,-36.15683
A,147.265306,148,-1.0,0.265306,-36.2261
A,147.285714,148,-1.0,0.285714,-36.28169
A,147.306122,148,-1.0,0.306122,-36.32708
A,147.326531,148,-1.0,0.326531,-36.365
A,147.346939,148,-1.0,0.346939,-36.39764
A,147.367347,148,-1.0,0.367347,-36.42673
A,147.387755,148,-1.0,0.387755,-36.45368
A,147.408163,148,-1.0,0.408163,-36.47963
A,147.428571,148,-1.0,0.428571,-36.50556
A,147.44898,148,-1.0,0.44898,-36.53224
A,147.469388,148,-1.0,0.469388,-36.56039
A,147.489796,148,-1.0,0.489796,-36.59059
A,147.510204,148,-1.0,0.510204,-36.62341
A,147.530612,148,-1.0,0.530612,-36.65933
A,147.55102,148,-1.0,0.55102,-36.69882
A,147.571429,148,-1.0,0.571429,-36.74232
A,147.591837,148,-1.0,0.591837,-36.79025
A,147.612245,148,-1.0,0.612245,-36.84305
A,147.632653,148,-1.0,0.632653,-36.90111
A,147.653061,148,-1.0,0.653061,-36.96486
A,147.673469,148,-1.0,0.673469,-37.0347
A,147.693878,148,-1.0,0.693878,-37.11106
A,147.714286,148,-1.0,0.714286,-37.19437
A,147.734694,148,-1.0,0.734694,-37.28506
A,147.755102,148,-1.0,0.755102,-37.38358
A,147.77551,148,-1.0,0.77551,-37.49037
A,147.795918,148,-1.0,0.795918,-37.60589
A,147.816327,148,-1.0,0.816327,-37.73063
A,147.836735,148,-1.0,0.836735,-37.86506
A,147.857143,148,-1.0,0.857143,-38.00968
A,147.877551,148,-1.0,0.877551,-38.16499
A,147.897959,148,-1.0,0.897959,-38.33152
A,147.918367,148,-1.0,0.918367,-38.5098
A,147.938776,148,-1.0,0.938776,-38.70035
A,147.959184,148,-1.0,0.959184,-38.90374
A,147.979592,148,-1.0,0.979592,-39.12054
A,148.0,148,-1.0,1.0,-39.35131
A,148.0,149,1.0,0.0,29.99267
A,148.020408,149,1.0,0.020408,31.37587
A,148.040816,149,1.0,0.040816,32.44762
A,148.061224,149,1.0,0.061224,33.27808
A,148.081633,149,1.0,0.081633,33.92162
A,148.102041,149,1.0,0.102041,34.42037
A,148.122449,149,1.0,0.122449,34.80702
A,148.142857,149,1.0,0.142857,35.1069
A,148.163265,149,1.0,0.163265,35.33968
A,148.183673,149,1.0,0.183673,35.52062
A,148.204082,149,1.0,0.204082,35.66159
A,148.22449,149,1.0,0.22449,35.77181
A,148.244898,149,1.0,0.244898,35.85847
A,148.265306,149,1.0,0.265306,35.92717
A,148.285714,149,1.0,0.285714,35.9823
A,148.306122,149,1.0,0.306122,36.02731
A,148.326531,149,1.0,0.326531,36.06492
A,148.346939,149,1.0,0.346939,36.09729
A,148.367347,149,1.0,0.367347,36.12614
A,148.387755,149,1.0,0.387755,36.15287
A,148.408163,149,1.0,0.408163,36.17861
A,148.428571,149,1.0,0.428571,36.20432
A,148.44898,149,1.0,0.44898,36.23078
A,148.469388,149,1.0,0.469388,36.2587
A,148.489796,149,1.0,0.489796,36.28865
A,148.510204,149,1.0,0.510204,36.3212
A,148.530612,149,1.0,0.530612,36.35682
A,148.55102,149,1.0,0.55102,36.39598
A,148.571429,149,1.0,0.571429,36.43913
A,148.591837,149,1.0,0.591837,36.48667
A,148.612245,149,1.0,0.612245,36.53902
A,148.632653,149,1.0,0.632653,36.59661
A,148.653061,149,1.0,0.653061,36.65983
A,148.673469,149,1.0,0.673469,36.7291
A,148.693878,149,1.0,0.693878,36.80483
A,148.714286,149,1.0,0.714286,36.88745
A,148.734694,149,1.0,0.734694,36.97739
A,148.755102,149,1.0,0.755102,37.07509
A,148.77551,149,1.0,0.77551,37.181
A,148.795918,149,1.0,0.795918,37.29557
A,148.816327,149,1.0,0.816327,37.41928
A,148.836735,149,1.0,0.836735,37.5526
A,148.857143,149,1.0,0.857143,37.69603
A,148.877551,149,1.0,0.877551,37.85006
A,148.897959,149,1.0,0.897959,38.01522
A,148.918367,149,1.0,0.918367,38.19202
A,148.938776,149,1.0,0.938776,38.381
A,148.959184,149,1.0,0.959184,38.58271
A,148.979592,149,1.0,0.979592,38.79772
A,149.0,149,1.0,1.0,39.02659
A,149.0,150,-1.0,0.0,-30.15915
A,149.020408,150,-1.0,0.020408,-31.55002
A,149.040816,150,-1.0,0.040816,-32.62772
A,149.061224,150,-1.0,0.061224,-33.46279
A,149.081633,150,-1.0,0.081633,-34.1099
A,149.102041,150,-1.0,0.102041,-34.61142
A,149.122449,150,-1.0,0.122449,-35.00021
A,149.142857,150,-1.0,0.142857,-35.30176
A,149.163265,150,-1.0,0.163265,-35.53583
A,149.183673,150,-1.0,0.183673,-35.71778
A,149.204082,150,-1.0,0.204082,-35.85953
A,149.22449,150,-1.0,0.22449,-35.97036
A,149.244898,150,-1.0,0.244898,-36.0575
A,149.265306,150,-1.0,0.265306,-36.12658
A,149.285714,150,-1.0,0.285714,-36.18202
A,149.306122,150,-1.0,0.306122,-36.22728
A,149.326531,150,-1.0,0.326531,-36.2651
A,149.346939,150,-1.0,0.346939,-36.29764
A,149.367347,150,-1.0,0.367347,-36.32665
A,149.387755,150,-1.0,0.387755,-36.35353
A,149.408163,150,-1.0,0.408163,-36.37942
A,149.428571,150,-1.0,0.428571,-36.40527
A,149.44898,150,-1.0,0.44898,-36.43188
A,149.469388,150,-1.0,0.469388,-36.45995
A,149.489796,150,-1.0,0.489796,-36.49007
A,149.510204,150,-1.0,0.510204,-36.5228
A,149.530612,150,-1.0,0.530612,-36.55862
A,149.55102,150,-1.0,0.55102,-36.598
A,149.571429,150,-1.0,0.571429,-36.64138
A,149.591837,150,-1.0,0.591837,-36.68918
A,149.612245,150,-1.0,0.612245,-36.74183
A,149.632653,150,-1.0,0.632653,-36.79974
A,149.653061,150,-1.0,0.653061,-36.86331
A,149.673469,150,-1.0,0.673469,-36.93296
A,149.693878,150,-1.0,0.693878,-37.00911
A,149.714286,150,-1.0,0.714286,-37.09219
A,149.734694,150,-1.0,0.734694,-37.18263
A,149.755102,150,-1.0,0.755102,-37.28088
A,149.77551,150,-1.0,0.77551,-37.38737
A,149.795918,150,-1.0,0.795918,-37.50258
A,149.816327,150,-1.0,0.816327,-37.62697
A,149.836735,150,-1.0,0.836735,-37.76104
A,149.857143,150,-1.0,0.857143,-37.90526
A,149.877551,150,-1.0,0.877551,-38.06015
A,149.897959,150,-1.0,0.897959,-38.22622
A,149.918367,150,-1.0,0.918367,-38.404
A,149.938776,150,-1.0,0.938776,-38.59403
A,149.959184,150,-1.0,0.959184,-38.79687
A,149.979592,150,-1.0,0.979592,-39.01306
A,150.0,150,-1.0,1.0,-39.2432
A,150.0,151,1.0,0.0,30.09743
A,150.020408,151,1.0,0.020408,31.48546
A,150.040816,151,1.0,0.040816,32.56096
A,150.061224,151,1.0,0.061224,33.39432
A,150.081633,151,1.0,0.081633,34.0401
A,150.102041,151,1.0,0.102041,34.5406
A,150.122449,151,1.0,0.122449,34.9286
A,150.142857,151,1.0,0.142857,35.22952
A,150.163265,151,1.0,0.163265,35.46312
A,150.183673,151,1.0,0.183673,35.64469
A,150.204082,151,1.0,0.204082,35.78615
A,150.22449,151,1.0,0.22449,35.89676
A,150.244898,151,1.0,0.244898,35.98372
A,150.265306,151,1.0,0.265306,36.05266
A,150.285714,151,1.0,0.285714,36.10798
A,150.306122,151,1.0,0.306122,36.15315
A,150.326531,151,1.0,0.326531,36.19089
A,150.346939,151,1.0,0.346939,36.22337
A,150.367347,151,1.0,0.367347,36.25232
A,150.387755,151,1.0,0.387755,36.27914
A,150.408163,151,1.0,0.408163,36.30498
A,150.428571,151,1.0,0.428571,36.33077
A,150.44898,151,1.0,0.44898,36.35733
A,150.469388,151,1.0,0.469388,36.38534
A,150.489796,151,1.0,0.489796,36.41541
A,150.510204,151,1.0,0.510204,36.44806
A,150.530612,151,1.0,0.530612,36.48381
A,150.55102,151,1.0,0.55102,36.52311
A,150.571429,151,1.0,0.571429,36.5664
A,150.591837,151,1.0,0.591837,36.61411
A,150.612245,151,1.0,0.612245,36.66665
A,150.632653,151,1.0,0.632653,36.72444
A,150.653061,151,1.0,0.653061,36.78788
A,150.673469,151,1.0,0.673469,36.85739
A,150.693878,151,1.0,0.693878,36.93338
A,150.714286,151,1.0,0.714286,37.01629
A,150.734694,151,1.0,0.734694,37.10655
A,150.755102,151,1.0,0.755102,37.20459
A,150.77551,151,1.0,0.77551,37.31087
A,150.795918,151,1.0,0.795918,37.42584
A,150.816327,151,1.0,0.816327,37.54998
A,150.836735,151,1.0,0.836735,37.68377
A,150.857143,151,1.0,0.857143,37.8277
A,150.877551,151,1.0,0.877551,37.98227
A,150.897959,151,1.0,0.897959,38.148
A,150.918367,151,1.0,0.918367,38.32542
A,150.938776,151,1.0,0.938776,38.51506
A,150.959184,151,1.0,0.959184,38.71748
A,150.979592,151,1.0,0.979592,38.93324
A,151.0,151,1.0,1.0,39.1629
A,151.0,152,-1.0,0.0,-29.883
A,151.020408,152,-1.0,0.020408,-31.26113
A,151.040816,152,-1.0,0.040816,-32.32897
A,151.061224,152,-1.0,0.061224,-33.15639
A,151.081633,152,-1.0,0.081633,-33.79758
A,151.102041,152,-1.0,0.102041,-34.29451
A,151.122449,152,-1.0,0.122449,-34.67974
A,151.142857,152,-1.0,0.142857,-34.97852
A,151.163265,152,-1.0,0.163265,-35.21045
A,151.183673,152,-1.0,0.183673,-35.39073
A,151.204082,152,-1.0,0.204082,-35.53119
A,151.22449,152,-1.0,0.22449,-35.641
A,151.244898,152,-1.0,0.244898,-35.72734
A,151.265306,152,-1.0,0.265306,-35.79579
A,151.285714,152,-1.0,0.285714,-35.85072
A,151.306122,152,-1.0,0.306122,-35.89557
A,151.326531,152,-1.0,0.326531,-35.93304
A,151.346939,152,-1.0,0.346939,-35.96529
A,151.367347,152,-1.0,0.367347,-35.99403
A,151.387755,152,-1.0,0.387755,-36.02066
A,151.408163,152,-1.0,0.408163,-36.04631
A,151.428571,152,-1.0,0.428571,-36.07193
A,151.44898,152,-1.0,0.44898,-36.0983
A,151.469388,152,-1.0,0.469388,-36.1261
A,151.489796,152,-1.0,0.489796,-36.15595
A,151.510204,152,-1.0,0.510204,-36.18838
A,151.530612,152,-1.0,0.530612,-36.22387
A,151.55102,152,-1.0,0.55102,-36.26289
A,151.571429,152,-1.0,0.571429,-36.30588
A,151.591837,152,-1.0,0.591837,-36.35324
A,151.612245,152,-1.0,0.612245,-36.40541
A,151.632653,152,-1.0,0.632653,-36.46278
A,151.653061,152,-1.0,0.653061,-36.52577
A,151.673469,152,-1.0,0.673469,-36.59479
A,151.693878,152,-1.0,0.693878,-36.67024
A,151.714286,152,-1.0,0.714286,-36.75256
A,151.734694,152,-1.0,0.734694,-36.84217
A,151.755102,152,-1.0,0.755102,-36.93952
A,151.77551,152,-1.0,0.77551,-37.04504
A,151.795918,152,-1.0,0.795918,-37.15919
A,151.816327,152,-1.0,0.816327,-37.28245
A,151.836735,152,-1.0,0.836735,-37.41528
A,151.857143,152,-1.0,0.857143,-37.55818
A,151.877551,152,-1.0,0.877551,-37.71165
A,151.897959,152,-1.0,0.897959,-37.8762
A,151.918367,152,-1.0,0.918367,-38.05236
A,151.938776,152,-1.0,0.938776,-38.24065
A,151.959184,152,-1.0,0.959184,-38.44163
A,151.979592,152,-1.0,0.979592,-38.65584
A,152.0,152,-1.0,1.0,-38.88388
A,152.0,153,1.0,0.0,30.22247
A,152.020408,153,1.0,0.020408,31.61626
A,152.040816,153,1.0,0.040816,32.69622
A,152.061224,153,1.0,0.061224,33.53305
A,152.081633,153,1.0,0.081633,34.18152
A,152.102041,153,1.0,0.102041,34.68409
A,152.122449,153,1.0,0.122449,35.0737
A,152.142857,153,1.0,0.142857,35.37588
A,152.163265,153,1.0,0.163265,35.61044
A,152.183673,153,1.0,0.183673,35.79277
A,152.204082,153,1.0,0.204082,35.93482
A,152.22449,153,1.0,0.22449,36.04588
A,152.244898,153,1.0,0.244898,36.1332
A,152.265306,153,1.0,0.265306,36.20243
A,152.285714,153,1.0,0.285714,36.25798
A,152.306122,153,1.0,0.306122,36.30334
A,152.326531,153,1.0,0.326531,36.34124
A,152.346939,153,1.0,0.346939,36.37385
A,152.367347,153,1.0,0.367347,36.40292
A,152.387755,153,1.0,0.387755,36.42986
A,152.408163,153,1.0,0.408163,36.4558
A,152.428571,153,1.0,0.428571,36.4817
A,152.44898,153,1.0,0.44898,36.50837
A,152.469388,153,1.0,0.469388,36.5365
A,152.489796,153,1.0,0.489796,36.56668
A,152.510204,153,1.0,0.510204,36.59948
A,152.530612,153,1.0,0.530612,36.63537
A,152.55102,153,1.0,0.55102,36.67484
A,152.571429,153,1.0,0.571429,36.71831
A,152.591837,153,1.0,0.591837,36.76621
A,152.612245,153,1.0,0.612245,36.81897
A,152.632653,153,1.0,0.632653,36.877
A,152.653061,153,1.0,0.653061,36.9407
A,152.673469,153,1.0,0.673469,37.0105
A,152.693878,153,1.0,0.693878,37.08681
A,152.714286,153,1.0,0.714286,37.17007
A,152.734694,153,1.0,0.734694,37.2607
A,152.755102,153,1.0,0.755102,37.35915
A,152.77551,153,1.0,0.77551,37.46587
A,152.795918,153,1.0,0.795918,37.58132
A,152.816327,153,1.0,0.816327,37.70597
A,152.836735,153,1.0,0.836735,37.84032
A,152.857143,153,1.0,0.857143,37.98484
A,152.877551,153,1.0,0.877551,38.14006
A,152.897959,153,1.0,0.897959,38.30648
A,152.918367,153,1.0,0.918367,38.48463
A,152.938776,153,1.0,0.938776,38.67506
A,152.959184,153,1.0,0.959184,38.87832
A,152.979592,153,1.0,0.979592,39.09497
A,153.0,153,1.0,1.0,39.3256
A,153.0,154,-1.0,0.0,-29.90666
A,153.020408,154,-1.0,0.020408,-31.28588
A,153.040816,154,-1.0,0.040816,-32.35457
A,153.061224,154,-1.0,0.061224,-33.18265
A,153.081633,154,-1.0,0.081633,-33.82434
A,153.102041,154,-1.0,0.102041,-34.32166
A,153.122449,154,-1.0,0.122449,-34.7072
A,153.142857,154,-1.0,0.142857,-35.00622
A,153.163265,154,-1.0,0.163265,-35.23833
A,153.183673,154,-1.0,0.183673,-35.41876
A,153.204082,154,-1.0,0.204082,-35.55932
A,153.22449,154,-1.0,0.22449,-35.66922
A,153.244898,154,-1.0,0.244898,-35.75563
A,153.265306,154,-1.0,0.265306,-35.82413
A,153.285714,154,-1.0,0.285714,-35.87911
A,153.306122,154,-1.0,0.306122,-35.92399
A,153.326531,154,-1.0,0.326531,-35.96149
A,153.346939,154,-1.0,0.346939,-35.99377
A,153.367347,154,-1.0,0.367347,-36.02253
A,153.387755,154,-1.0,0.387755,-36.04918
A,153.408163,154,-1.0,0.408163,-36.07485
A,153.428571,154,-1.0,0.428571,-36.10049
A,153.44898,154,-1.0,0.44898,-36.12688
A,153.469388,154,-1.0,0.469388,-36.15471
A,153.489796,154,-1.0,0.489796,-36.18458
A,153.510204,154,-1.0,0.510204,-36.21703
A,153.530612,154,-1.0,0.530612,-36.25255
A,153.55102,154,-1.0,0.55102,-36.29161
A,153.571429,154,-1.0,0.571429,-36.33462
A,153.591837,154,-1.0,0.591837,-36.38203
A,153.612245,154,-1.0,0.612245,-36.43424
A,153.632653,154,-1.0,0.632653,-36.49165
A,153.653061,154,-1.0,0.653061,-36.55469
A,153.673469,154,-1.0,0.673469,-36.62376
A,153.693878,154,-1.0,0.693878,-36.69928
A,153.714286,154,-1.0,0.714286,-36.78166
A,153.734694,154,-1.0,0.734694,-36.87135
A,153.755102,154,-1.0,0.755102,-36.96877
A,153.77551,154,-1.0,0.77551,-37.07437
A,153.795918,154,-1.0,0.795918,-37.18861
A,153.816327,154,-1.0,0.816327,-37.31197
A,153.836735,154,-1.0,0.836735,-37.44491
A,153.857143,154,-1.0,0.857143,-37.58792
A,153.877551,154,-1.0,0.877551,-37.74151
A,153.897959,154,-1.0,0.897959,-37.90619
A,153.918367,154,-1.0,0.918367,-38.08249
A,153.938776,154,-1.0,0.938776,-38.27093
A,153.959184,154,-1.0,0.959184,-38.47206
A,153.979592,154,-1.0,0.979592,-38.68645
A,154.0,154,-1.0,1.0,-38.91467
A,154.0,155,1.0,0.0,30.16829
A,154.020408,155,1.0,0.020408,31.55959
A,154.040816,155,1.0,0.040816,32.63762
A,154.061224,155,1.0,0.061224,33.47294
A,154.081633,155,1.0,0.081633,34.12025
A,154.102041,155,1.0,0.102041,34.62192
A,154.122449,155,1.0,0.122449,35.01083
A,154.142857,155,1.0,0.142857,35.31247
A,154.163265,155,1.0,0.163265,35.54661
A,154.183673,155,1.0,0.183673,35.72861
A,154.204082,155,1.0,0.204082,35.87041
A,154.22449,155,1.0,0.22449,35.98127
A,154.244898,155,1.0,0.244898,36.06844
A,154.265306,155,1.0,0.265306,36.13754
A,154.285714,155,1.0,0.285714,36.19299
A,154.306122,155,1.0,0.306122,36.23827
A,154.326531,155,1.0,0.326531,36.2761
A,154.346939,155,1.0,0.346939,36.30865
A,154.367347,155,1.0,0.367347,36.33767
A,154.387755,155,1.0,0.387755,36.36456
A,154.408163,155,1.0,0.408163,36.39045
A,154.428571,155,1.0,0.428571,36.41631
A,154.44898,155,1.0,0.44898,36.44293
A,154.469388,155,1.0,0.469388,36.47101
A,154.489796,155,1.0,0.489796,36.50114
A,154.510204,155,1.0,0.510204,36.53388
A,154.530612,155,1.0,0.530612,36.56971
A,154.55102,155,1.0,0.55102,36.6091
A,154.571429,155,1.0,0.571429,36.65249
A,154.591837,155,1.0,0.591837,36.70031
A,154.612245,155,1.0,0.612245,36.75298
A,154.632653,155,1.0,0.632653,36.8109
A,154.653061,155,1.0,0.653061,36.87449
A,154.673469,155,1.0,0.673469,36.94416
A,154.693878,155,1.0,0.693878,37.02034
A,154.714286,155,1.0,0.714286,37.10344
A,154.734694,155,1.0,0.734694,37.19391
A,154.755102,155,1.0,0.755102,37.29218
A,154.77551,155,1.0,0.77551,37.39871
A,154.795918,155,1.0,0.795918,37.51396
A,154.816327,155,1.0,0.816327,37.63839
A,154.836735,155,1.0,0.836735,37.77249
A,154.857143,155,1.0,0.857143,37.91676
A,154.877551,155,1.0,0.877551,38.07169
A,154.897959,155,1.0,0.897959,38.23781
A,154.918367,155,1.0,0.918367,38.41565
A,154.938776,155,1.0,0.938776,38.60574
A,154.959184,155,1.0,0.959184,38.80863
A,154.979592,155,1.0,0.979592,39.0249
A,155.0,155,1.0,1.0,39.25511
A,155.0,156,-1.0,0.0,-30.14794
A,155.020408,156,-1.0,0.020408,-31.53829
A,155.040816,156,-1.0,0.040816,-32.61559
A,155.061224,156,-1.0,0.061224,-33.45036
A,155.081633,156,-1.0,0.081633,-34.09722
A,155.102041,156,-1.0,0.102041,-34.59856
A,155.122449,156,-1.0,0.122449,-34.98721
A,155.142857,156,-1.0,0.142857,-35.28864
A,155.163265,156,-1.0,0.163265,-35.52263
A,155.183673,156,-1.0,0.183673,-35.70451
A,155.204082,156,-1.0,0.204082,-35.8462
A,155.22449,156,-1.0,0.22449,-35.95699
A,155.244898,156,-1.0,0.244898,-36.0441
A,155.265306,156,-1.0,0.265306,-36.11315
A,155.285714,156,-1.0,0.285714,-36.16857
A,155.306122,156,-1.0,0.306122,-36.21382
A,155.326531,156,-1.0,0.326531,-36.25162
A,155.346939,156,-1.0,0.346939,-36.28415
A,155.367347,156,-1.0,0.367347,-36.31315
A,155.387755,156,-1.0,0.387755,-36.34002
A,155.408163,156,-1.0,0.408163,-36.3659
A,155.428571,156,-1.0,0.428571,-36.39174
A,155.44898,156,-1.0,0.44898,-36.41834
A,155.469388,156,-1.0,0.469388,-36.4464
A,155.489796,156,-1.0,0.489796,-36.47651
A,155.510204,156,-1.0,0.510204,-36.50922
A,155.530612,156,-1.0,0.530612,-36.54503
A,155.55102,156,-1.0,0.55102,-36.5844
A,155.571429,156,-1.0,0.571429,-36.62776
A,155.591837,156,-1.0,0.591837,-36.67555
A,155.612245,156,-1.0,0.612245,-36.72818
A,155.632653,156,-1.0,0.632653,-36.78606
A,155.653061,156,-1.0,0.653061,-36.84961
A,155.673469,156,-1.0,0.673469,-36.91923
A,155.693878,156,-1.0,0.693878,-36.99536
A,155.714286,156,-1.0,0.714286,-37.07841
A,155.734694,156,-1.0,0.734694,-37.16882
A,155.755102,156,-1.0,0.755102,-37.26702
A,155.77551,156,-1.0,0.77551,-37.37348
A,155.795918,156,-1.0,0.795918,-37.48864
A,155.816327,156,-1.0,0.816327,-37.61299
A,155.836735,156,-1.0,0.836735,-37.747
A,155.857143,156,-1.0,0.857143,-37.89117
A,155.877551,156,-1.0,0.877551,-38.046
A,155.897959,156,-1.0,0.897959,-38.21201
A,155.918367,156,-1.0,0.918367,-38.38973
A,155.938776,156,-1.0,0.938776,-38.57969
A,155.959184,156,-1.0,0.959184,-38.78245
A,155.979592,156,-1.0,0.979592,-38.99857
A,156.0,156,-1.0,1.0,-39.22862
A,156.0,157,1.0,0.0,30.41267
A,156.020408,157,1.0,0.020408,31.81523
A,156.040816,157,1.0,0.040816,32.90199
A,156.061224,157,1.0,0.061224,33.74408
A,156.081633,157,1.0,0.081633,34.39663
A,156.102041,157,1.0,0.102041,34.90237
A,156.122449,157,1.0,0.122449,35.29443
A,156.142857,157,1.0,0.142857,35.59851
A,156.163265,157,1.0,0.163265,35.83455
A,156.183673,157,1.0,0.183673,36.01803
A,156.204082,157,1.0,0.204082,36.16097
A,156.22449,157,1.0,0.22449,36.27273
A,156.244898,157,1.0,0.244898,36.3606
A,156.265306,157,1.0,0.265306,36.43026
A,156.285714,157,1.0,0.285714,36.48617
A,156.306122,157,1.0,0.306122,36.53181
A,156.326531,157,1.0,0.326531,36.56995
A,156.346939,157,1.0,0.346939,36.60277
A,156.367347,157,1.0,0.367347,36.63202
A,156.387755,157,1.0,0.387755,36.65912
A,156.408163,157,1.0,0.408163,36.68523
A,156.428571,157,1.0,0.428571,36.71129
A,156.44898,157,1.0,0.44898,36.73813
A,156.469388,157,1.0,0.469388,36.76643
A,156.489796,157,1.0,0.489796,36.79681
A,156.510204,157,1.0,0.510204,36.82981
A,156.530612,157,1.0,0.530612,36.86593
A,156.55102,157,1.0,0.55102,36.90565
A,156.571429,157,1.0,0.571429,36.94939
A,156.591837,157,1.0,0.591837,36.9976
A,156.612245,157,1.0,0.612245,37.05069
A,156.632653,157,1.0,0.632653,37.10908
A,156.653061,157,1.0,0.653061,37.17318
A,156.673469,157,1.0,0.673469,37.24342
A,156.693878,157,1.0,0.693878,37.32022
A,156.714286,157,1.0,0.714286,37.40399
A,156.734694,157,1.0,0.734694,37.4952
A,156.755102,157,1.0,0.755102,37.59426
A,156.77551,157,1.0,0.77551,37.70165
A,156.795918,157,1.0,0.795918,37.81783
A,156.816327,157,1.0,0.816327,37.94327
A,156.836735,157,1.0,0.836735,38.07846
A,156.857143,157,1.0,0.857143,38.22389
A,156.877551,157,1.0,0.877551,38.38009
A,156.897959,157,1.0,0.897959,38.54755
A,156.918367,157,1.0,0.918367,38.72683
A,156.938776,157,1.0,0.938776,38.91846
A,156.959184,157,1.0,0.959184,39.123
A,156.979592,157,1.0,0.979592,39.34101
A,157.0,157,1.0,1.0,39.57309
A,157.0,158,-1.0,0.0,-30.31396
A,157.020408,158,-1.0,0.020408,-31.71197
A,157.040816,158,-1.0,0.040816,-32.79521
A,157.061224,158,-1.0,0.061224,-33.63457
A,157.081633,158,-1.0,0.081633,-34.285
A,157.102041,158,-1.0,0.102041,-34.78909
A,157.122449,158,-1.0,0.122449,-35.17988
A,157.142857,158,-1.0,0.142857,-35.48298
A,157.163265,158,-1.0,0.163265,-35.71825
A,157.183673,158,-1.0,0.183673,-35.90113
A,157.204082,158,-1.0,0.204082,-36.04361
A,157.22449,158,-1.0,0.22449,-36.15501
A,157.244898,158,-1.0,0.244898,-36.24259
A,157.265306,158,-1.0,0.265306,-36.31203
A,157.285714,158,-1.0,0.285714,-36.36775
A,157.306122,158,-1.0,0.306122,-36.41325
A,157.326531,158,-1.0,0.326531,-36.45126
A,157.346939,158,-1.0,0.346939,-36.48397
A,157.367347,158,-1.0,0.367347,-36.51313
A,157.387755,158,-1.0,0.387755,-36.54014
A,157.408163,158,-1.0,0.408163,-36.56616
A,157.428571,158,-1.0,0.428571,-36.59215
A,157.44898,158,-1.0,0.44898,-36.6189
A,157.469388,158,-1.0,0.469388,-36.64711
A,157.489796,158,-1.0,0.489796,-36.67739
A,157.510204,158,-1.0,0.510204,-36.71028
A,157.530612,158,-1.0,0.530612,-36.74629
A,157.55102,158,-1.0,0.55102,-36.78587
A,157.571429,158,-1.0,0.571429,-36.82947
A,157.591837,158,-1.0,0.591837,-36.87752
A,157.612245,158,-1.0,0.612245,-36.93044
A,157.632653,158,-1.0,0.632653,-36.98864
A,157.653061,158,-1.0,0.653061,-37.05254
A,157.673469,158,-1.0,0.673469,-37.12255
A,157.693878,158,-1.0,0.693878,-37.19909
A,157.714286,158,-1.0,0.714286,-37.2826
A,157.734694,158,-1.0,0.734694,-37.37351
A,157.755102,158,-1.0,0.755102,-37.47225
A,157.77551,158,-1.0,0.77551,-37.57929
A,157.795918,158,-1.0,0.795918,-37.69509
A,157.816327,158,-1.0,0.816327,-37.82013
A,157.836735,158,-1.0,0.836735,-37.95488
A,157.857143,158,-1.0,0.857143,-38.09984
A,157.877551,158,-1.0,0.877551,-38.25552
A,157.897959,158,-1.0,0.897959,-38.42245
A,157.918367,158,-1.0,0.918367,-38.60114
A,157.938776,158,-1.0,0.938776,-38.79215
A,157.959184,158,-1.0,0.959184,-38.99602
A,157.979592,158,-1.0,0.979592,-39.21333
A,158.0,158,-1.0,1.0,-39.44465
A,158.0,159,1.0,0.0,30.39778
A,158.020408,159,1.0,0.020408,31.79966
A,158.040816,159,1.0,0.040816,32.88589
A,158.061224,159,1.0,0.061224,33.72757
A,158.081633,159,1.0,0.081633,34.3798
A,158.102041,159,1.0,0.102041,34.88529
A,158.122449,159,1.0,0.122449,35.27716
A,158.142857,159,1.0,0.142857,35.58109
A,158.163265,159,1.0,0.163265,35.81701
A,158.183673,159,1.0,0.183673,36.0004
A,158.204082,159,1.0,0.204082,36.14327
A,158.22449,159,1.0,0.22449,36.25498
A,158.244898,159,1.0,0.244898,36.34281
A,158.265306,159,1.0,0.265306,36.41244
A,158.285714,159,1.0,0.285714,36.46831
A,158.306122,159,1.0,0.306122,36.51393
A,158.326531,159,1.0,0.326531,36.55205
A,158.346939,159,1.0,0.346939,36.58485
A,158.367347,159,1.0,0.367347,36.61409
A,158.387755,159,1.0,0.387755,36.64118
A,158.408163,159,1.0,0.408163,36.66727
A,158.428571,159,1.0,0.428571,36.69333
A,158.44898,159,1.0,0.44898,36.72015
A,158.469388,159,1.0,0.469388,36.74844
A,158.489796,159,1.0,0.489796,36.77881
A,158.510204,159,1.0,0.510204,36.81179
A,158.530612,159,1.0,0.530612,36.84789
A,158.55102,159,1.0,0.55102,36.88759
A,158.571429,159,1.0,0.571429,36.93131
A,158.591837,159,1.0,0.591837,36.97949
A,158.612245,159,1.0,0.612245,37.03256
A,158.632653,159,1.0,0.632653,37.09092
A,158.653061,159,1.0,0.653061,37.15499
A,158.673469,159,1.0,0.673469,37.2252
A,158.693878,159,1.0,0.693878,37.30195
A,158.714286,159,1.0,0.714286,37.38569
A,158.734694,159,1.0,0.734694,37.47685
A,158.755102,159,1.0,0.755102,37.57587
A,158.77551,159,1.0,0.77551,37.6832
A,158.795918,159,1.0,0.795918,37.79932
A,158.816327,159,1.0,0.816327,37.9247
A,158.836735,159,1.0,0.836735,38.05983
A,158.857143,159,1.0,0.857143,38.20519
A,158.877551,159,1.0,0.877551,38.3613
A,158.897959,159,1.0,0.897959,38.52869
A,158.918367,159,1.0,0.918367,38.70788
A,158.938776,159,1.0,0.938776,38.89941
A,158.959184,159,1.0,0.959184,39.10385
A,158.979592,159,1.0,0.979592,39.32176
A,159.0,159,1.0,1.0,39.55372
A,159.0,160,-1.0,0.0,-30.33578
A,159.020408,160,-1.0,0.020408,-31.7348
A,159.040816,160,-1.0,0.040816,-32.81881
A,159.061224,160,-1.0,0.061224,-33.65878
A,159.081633,160,-1.0,0.081633,-34.30968
A,159.102041,160,-1.0,0.102041,-34.81413
A,159.122449,160,-1.0,0.122449,-35.2052
A,159.142857,160,-1.0,0.142857,-35.50851
A,159.163265,160,-1.0,0.163265,-35.74396
A,159.183673,160,-1.0,0.183673,-35.92697
A,159.204082,160,-1.0,0.204082,-36.06955
A,159.22449,160,-1.0,0.22449,-36.18103
A,159.244898,160,-1.0,0.244898,-36.26868
A,159.265306,160,-1.0,0.265306,-36.33816
A,159.285714,160,-1.0,0.285714,-36.39393
A,159.306122,160,-1.0,0.306122,-36.43945
A,159.326531,160,-1.0,0.326531,-36.47749
A,159.346939,160,-1.0,0.346939,-36.51023
A,159.367347,160,-1.0,0.367347,-36.53941
A,159.387755,160,-1.0,0.387755,-36.56644
A,159.408163,160,-1.0,0.408163,-36.59248
A,159.428571,160,-1.0,0.428571,-36.61848
A,159.44898,160,-1.0,0.44898,-36.64525
A,159.469388,160,-1.0,0.469388,-36.67348
A,159.489796,160,-1.0,0.489796,-36.70379
A,159.510204,160,-1.0,0.510204,-36.7367
A,159.530612,160,-1.0,0.530612,-36.77273
A,159.55102,160,-1.0,0.55102,-36.81234
A,159.571429,160,-1.0,0.571429,-36.85598
A,159.591837,160,-1.0,0.591837,-36.90406
A,159.612245,160,-1.0,0.612245,-36.95702
A,159.632653,160,-1.0,0.632653,-37.01526
A,159.653061,160,-1.0,0.653061,-37.07921
A,159.673469,160,-1.0,0.673469,-37.14927
A,159.693878,160,-1.0,0.693878,-37.22587
A,159.714286,160,-1.0,0.714286,-37.30943
A,159.734694,160,-1.0,0.734694,-37.4004
A,159.755102,160,-1.0,0.755102,-37.49922
A,159.77551,160,-1.0,0.77551,-37.60634
A,159.795918,160,-1.0,0.795918,-37.72222
A,159.816327,160,-1.0,0.816327,-37.84735
A,159.836735,160,-1.0,0.836735,-37.98219
A,159.857143,160,-1.0,0.857143,-38.12726
A,159.877551,160,-1.0,0.877551,-38.28306
A,159.897959,160,-1.0,0.897959,-38.4501
A,159.918367,160,-1.0,0.918367,-38.62892
A,159.938776,160,-1.0,0.938776,-38.82007
A,159.959184,160,-1.0,0.959184,-39.02409
A,159.979592,160,-1.0,0.979592,-39.24156
A,160.0,160,-1.0,1.0,-39.47304
A,160.0,161,1.0,0.0,30.52887
A,160.020408,161,1.0,0.020408,31.93679
A,160.040816,161,1.0,0.040816,33.0277
A,160.061224,161,1.0,0.061224,33.87301
A,160.081633,161,1.0,0.081633,34.52805
A,160.102041,161,1.0,0.102041,35.03572
A,160.122449,161,1.0,0.122449,35.42928
A,160.142857,161,1.0,0.142857,35.73452
A,160.163265,161,1.0,0.163265,35.97146
A,160.183673,161,1.0,0.183673,36.15564
A,160.204082,161,1.0,0.204082,36.29913
A,160.22449,161,1.0,0.22449,36.41132
A,160.244898,161,1.0,0.244898,36.49953
A,160.265306,161,1.0,0.265306,36.56945
A,160.285714,161,1.0,0.285714,36.62557
A,160.306122,161,1.0,0.306122,36.67139
A,160.326531,161,1.0,0.326531,36.70967
A,160.346939,161,1.0,0.346939,36.74262
A,160.367347,161,1.0,0.367347,36.77198
A,160.387755,161,1.0,0.387755,36.79919
A,160.408163,161,1.0,0.408163,36.82539
A,160.428571,161,1.0,0.428571,36.85156
A,160.44898,161,1.0,0.44898,36.8785
A,160.469388,161,1.0,0.469388,36.90691
A,160.489796,161,1.0,0.489796,36.9374
A,160.510204,161,1.0,0.510204,36.97053
A,160.530612,161,1.0,0.530612,37.00679
A,160.55102,161,1.0,0.55102,37.04665
A,160.571429,161,1.0,0.571429,37.09056
A,160.591837,161,1.0,0.591837,37.13896
A,160.612245,161,1.0,0.612245,37.19225
A,160.632653,161,1.0,0.632653,37.25086
A,160.653061,161,1.0,0.653061,37.31521
A,160.673469,161,1.0,0.673469,37.38572
A,160.693878,161,1.0,0.693878,37.46281
A,160.714286,161,1.0,0.714286,37.5469
A,160.734694,161,1.0,0.734694,37.63845
A,160.755102,161,1.0,0.755102,37.7379
A,160.77551,161,1.0,0.77551,37.8457
A,160.795918,161,1.0,0.795918,37.96232
A,160.816327,161,1.0,0.816327,38.08824
A,160.836735,161,1.0,0.836735,38.22395
A,160.857143,161,1.0,0.857143,38.36994
A,160.877551,161,1.0,0.877551,38.52673
A,160.897959,161,1.0,0.897959,38.69483
A,160.918367,161,1.0,0.918367,38.87479
A,160.938776,161,1.0,0.938776,39.06715
A,160.959184,161,1.0,0.959184,39.27247
A,160.979592,161,1.0,0.979592,39.49132
A,161.0,161,1.0,1.0,39.72428
A,161.0,162,-1.0,0.0,-30.54321
A,161.020408,162,-1.0,0.020408,-31.95179
A,161.040816,162,-1.0,0.040816,-33.04321
A,161.061224,162,-1.0,0.061224,-33.88892
A,161.081633,162,-1.0,0.081633,-34.54427
A,161.102041,162,-1.0,0.102041,-35.05218
A,161.122449,162,-1.0,0.122449,-35.44592
A,161.142857,162,-1.0,0.142857,-35.75131
A,161.163265,162,-1.0,0.163265,-35.98836
A,161.183673,162,-1.0,0.183673,-36.17262
A,161.204082,162,-1.0,0.204082,-36.31618
A,161.22449,162,-1.0,0.22449,-36.42842
A,161.244898,162,-1.0,0.244898,-36.51667
A,161.265306,162,-1.0,0.265306,-36.58663
A,161.285714,162,-1.0,0.285714,-36.64277
A,161.306122,162,-1.0,0.306122,-36.68861
A,161.326531,162,-1.0,0.326531,-36.72691
A,161.346939,162,-1.0,0.346939,-36.75987
A,161.367347,162,-1.0,0.367347,-36.78925
A,161.387755,162,-1.0,0.387755,-36.81647
A,161.408163,162,-1.0,0.408163,-36.84269
A,161.428571,162,-1.0,0.428571,-36.86887
A,161.44898,162,-1.0,0.44898,-36.89582
A,161.469388,162,-1.0,0.469388,-36.92424
A,161.489796,162,-1.0,0.489796,-36.95475
A,161.510204,162,-1.0,0.510204,-36.98789
A,161.530612,162,-1.0,0.530612,-37.02417
A,161.55102,162,-1.0,0.55102,-37.06405
A,161.571429,162,-1.0,0.571429,-37.10798
A,161.591837,162,-1.0,0.591837,-37.1564
A,161.612245,162,-1.0,0.612245,-37.20972
A,161.632653,162,-1.0,0.632653,-37.26836
A,161.653061,162,-1.0,0.653061,-37.33274
A,161.673469,162,-1.0,0.673469,-37.40328
A,161.693878,162,-1.0,0.693878,-37.4804
A,161.714286,162,-1.0,0.714286,-37.56454
A,161.734694,162,-1.0,0.734694,-37.65613
A,161.755102,162,-1.0,0.755102,-37.75563
A,161.77551,162,-1.0,0.77551,-37.86348
A,161.795918,162,-1.0,0.795918,-37.98015
A,161.816327,162,-1.0,0.816327,-38.10613
A,161.836735,162,-1.0,0.836735,-38.2419
A,161.857143,162,-1.0,0.857143,-38.38796
A,161.877551,162,-1.0,0.877551,-38.54482
A,161.897959,162,-1.0,0.897959,-38.71301
A,161.918367,162,-1.0,0.918367,-38.89305
A,161.938776,162,-1.0,0.938776,-39.0855
A,161.959184,162,-1.0,0.959184,-39.29092
A,161.979592,162,-1.0,0.979592,-39.50987
A,162.0,162,-1.0,1.0,-39.74294
A,162.0,163,1.0,0.0,30.45431
A,162.020408,163,1.0,0.020408,31.85879
A,162.040816,163,1.0,0.040816,32.94704
A,162.061224,163,1.0,0.061224,33.79028
A,162.081633,163,1.0,0.081633,34.44373
A,162.102041,163,1.0,0.102041,34.95016
A,162.122449,163,1.0,0.122449,35.34275
A,162.142857,163,1.0,0.142857,35.64725
A,162.163265,163,1.0,0.163265,35.88361
A,162.183673,163,1.0,0.183673,36.06734
A,162.204082,163,1.0,0.204082,36.21048
A,162.22449,163,1.0,0.22449,36.32239
A,162.244898,163,1.0,0.244898,36.41038
A,162.265306,163,1.0,0.265306,36.48014
A,162.285714,163,1.0,0.285714,36.53612
A,162.306122,163,1.0,0.306122,36.58183
A,162.326531,163,1.0,0.326531,36.62001
A,162.346939,163,1.0,0.346939,36.65288
A,162.367347,163,1.0,0.367347,36.68217
A,162.387755,163,1.0,0.387755,36.70931
A,162.408163,163,1.0,0.408163,36.73545
A,162.428571,163,1.0,0.428571,36.76156
A,162.44898,163,1.0,0.44898,36.78843
A,162.469388,163,1.0,0.469388,36.81677
A,162.489796,163,1.0,0.489796,36.84719
A,162.510204,163,1.0,0.510204,36.88024
A,162.530612,163,1.0,0.530612,36.91641
A,162.55102,163,1.0,0.55102,36.95617
A,162.571429,163,1.0,0.571429,36.99998
A,162.591837,163,1.0,0.591837,37.04825
A,162.612245,163,1.0,0.612245,37.10142
A,162.632653,163,1.0,0.632653,37.15989
A,162.653061,163,1.0,0.653061,37.22408
A,162.673469,163,1.0,0.673469,37.29441
A,162.693878,163,1.0,0.693878,37.37131
A,162.714286,163,1.0,0.714286,37.45521
A,162.734694,163,1.0,0.734694,37.54653
A,162.755102,163,1.0,0.755102,37.64574
A,162.77551,163,1.0,0.77551,37.75327
A,162.795918,163,1.0,0.795918,37.86961
A,162.816327,163,1.0,0.816327,37.99522
A,162.836735,163,1.0,0.836735,38.13059
A,162.857143,163,1.0,0.857143,38.27623
A,162.877551,163,1.0,0.877551,38.43263
A,162.897959,163,1.0,0.897959,38.60033
A,162.918367,163,1.0,0.918367,38.77985
A,162.938776,163,1.0,0.938776,38.97174
A,162.959184,163,1.0,0.959184,39.17656
A,162.979592,163,1.0,0.979592,39.39488
A,163.0,163,1.0,1.0,39.62727
A,163.0,164,-1.0,0.0,-30.51105
A,163.020408,164,-1.0,0.020408,-31.91815
A,163.040816,164,-1.0,0.040816,-33.00843
A,163.061224,164,-1.0,0.061224,-33.85324
A,163.081633,164,-1.0,0.081633,-34.5079
A,163.102041,164,-1.0,0.102041,-35.01528
A,163.122449,164,-1.0,0.122449,-35.4086
A,163.142857,164,-1.0,0.142857,-35.71367
A,163.163265,164,-1.0,0.163265,-35.95047
A,163.183673,164,-1.0,0.183673,-36.13454
A,163.204082,164,-1.0,0.204082,-36.27795
A,163.22449,164,-1.0,0.22449,-36.39007
A,163.244898,164,-1.0,0.244898,-36.47822
A,163.265306,164,-1.0,0.265306,-36.54811
A,163.285714,164,-1.0,0.285714,-36.6042
A,163.306122,164,-1.0,0.306122,-36.64999
A,163.326531,164,-1.0,0.326531,-36.68825
A,163.346939,164,-1.0,0.346939,-36.72117
A,163.367347,164,-1.0,0.367347,-36.75052
A,163.387755,164,-1.0,0.387755,-36.77771
A,163.408163,164,-1.0,0.408163,-36.8039
A,163.428571,164,-1.0,0.428571,-36.83005
A,163.44898,164,-1.0,0.44898,-36.85697
A,163.469388,164,-1.0,0.469388,-36.88537
A,163.489796,164,-1.0,0.489796,-36.91585
A,163.510204,164,-1.0,0.510204,-36.94895
A,163.530612,164,-1.0,0.530612,-36.98519
A,163.55102,164,-1.0,0.55102,-37.02503
A,163.571429,164,-1.0,0.571429,-37.06892
A,163.591837,164,-1.0,0.591837,-37.11728
A,163.612245,164,-1.0,0.612245,-37.17054
A,163.632653,164,-1.0,0.632653,-37.22912
A,163.653061,164,-1.0,0.653061,-37.29343
A,163.673469,164,-1.0,0.673469,-37.3639
A,163.693878,164,-1.0,0.693878,-37.44094
A,163.714286,164,-1.0,0.714286,-37.52499
A,163.734694,164,-1.0,0.734694,-37.61649
A,163.755102,164,-1.0,0.755102,-37.71588
A,163.77551,164,-1.0,0.77551,-37.82362
A,163.795918,164,-1.0,0.795918,-37.94017
A,163.816327,164,-1.0,0.816327,-38.06601
A,163.836735,164,-1.0,0.836735,-38.20164
A,163.857143,164,-1.0,0.857143,-38.34755
A,163.877551,164,-1.0,0.877551,-38.50424
A,163.897959,164,-1.0,0.897959,-38.67225
A,163.918367,164,-1.0,0.918367,-38.85211
A,163.938776,164,-1.0,0.938776,-39.04436
A,163.959184,164,-1.0,0.959184,-39.24956
A,163.979592,164,-1.0,0.979592,-39.46828
A,164.0,164,-1.0,1.0,-39.7011
A,164.0,165,1.0,0.0,30.42514
A,164.020408,165,1.0,0.020408,31.82827
A,164.040816,165,1.0,0.040816,32.91548
A,164.061224,165,1.0,0.061224,33.75792
A,164.081633,165,1.0,0.081633,34.41073
A,164.102041,165,1.0,0.102041,34.91668
A,164.122449,165,1.0,0.122449,35.3089
A,164.142857,165,1.0,0.142857,35.6131
A,164.163265,165,1.0,0.163265,35.84924
A,164.183673,165,1.0,0.183673,36.03279
A,164.204082,165,1.0,0.204082,36.17579
A,164.22449,165,1.0,0.22449,36.2876
A,164.244898,165,1.0,0.244898,36.37551
A,164.265306,165,1.0,0.265306,36.4452
A,164.285714,165,1.0,0.285714,36.50112
A,164.306122,165,1.0,0.306122,36.54679
A,164.326531,165,1.0,0.326531,36.58494
A,164.346939,165,1.0,0.346939,36.61777
A,164.367347,165,1.0,0.367347,36.64704
A,164.387755,165,1.0,0.387755,36.67415
A,164.408163,165,1.0,0.408163,36.70027
A,164.428571,165,1.0,0.428571,36.72634
A,164.44898,165,1.0,0.44898,36.75319
A,164.469388,165,1.0,0.469388,36.78151
A,164.489796,165,1.0,0.489796,36.8119
A,164.510204,165,1.0,0.510204,36.84491
A,164.530612,165,1.0,0.530612,36.88105
A,164.55102,165,1.0,0.55102,36.92078
A,164.571429,165,1.0,0.571429,36.96454
A,164.591837,165,1.0,0.591837,37.01277
A,164.612245,165,1.0,0.612245,37.06588
A,164.632653,165,1.0,0.632653,37.12429
A,164.653061,165,1.0,0.653061,37.18842
A,164.673469,165,1.0,0.673469,37.25869
A,164.693878,165,1.0,0.693878,37.33552
A,164.714286,165,1.0,0.714286,37.41933
A,164.734694,165,1.0,0.734694,37.51057
A,164.755102,165,1.0,0.755102,37.60968
A,164.77551,165,1.0,0.77551,37.71711
A,164.795918,165,1.0,0.795918,37.83333
A,164.816327,165,1.0,0.816327,37.95883
A,164.836735,165,1.0,0.836735,38.09407
A,164.857143,165,1.0,0.857143,38.23956
A,164.877551,165,1.0,0.877551,38.39582
A,164.897959,165,1.0,0.897959,38.56336
A,164.918367,165,1.0,0.918367,38.74271
A,164.938776,165,1.0,0.938776,38.93441
A,164.959184,165,1.0,0.959184,39.13904
A,164.979592,165,1.0,0.979592,39.35714
A,165.0,165,1.0,1.0,39.58931
A,165.0,166,-1.0,0.0,-30.4469
A,165.020408,166,-1.0,0.020408,-31.85104
A,165.040816,166,-1.0,0.040816,-32.93903
A,165.061224,166,-1.0,0.061224,-33.78207
A,165.081633,166,-1.0,0.081633,-34.43535
A,165.102041,166,-1.0,0.102041,-34.94166
A,165.122449,166,-1.0,0.122449,-35.33416
A,165.142857,166,-1.0,0.142857,-35.63859
A,165.163265,166,-1.0,0.163265,-35.87489
A,165.183673,166,-1.0,0.183673,-36.05858
A,165.204082,166,-1.0,0.204082,-36.20168
A,165.22449,166,-1.0,0.22449,-36.31357
A,165.244898,166,-1.0,0.244898,-36.40153
A,165.265306,166,-1.0,0.265306,-36.47127
A,165.285714,166,-1.0,0.285714,-36.52724
A,165.306122,166,-1.0,0.306122,-36.57293
A,165.326531,166,-1.0,0.326531,-36.61111
A,165.346939,166,-1.0,0.346939,-36.64397
A,165.367347,166,-1.0,0.367347,-36.67326
A,165.387755,166,-1.0,0.387755,-36.70039
A,165.408163,166,-1.0,0.408163,-36.72653
A,165.428571,166,-1.0,0.428571,-36.75262
A,165.44898,166,-1.0,0.44898,-36.77949
A,165.469388,166,-1.0,0.469388,-36.80782
A,165.489796,166,-1.0,0.489796,-36.83824
A,165.510204,166,-1.0,0.510204,-36.87127
A,165.530612,166,-1.0,0.530612,-36.90744
A,165.55102,166,-1.0,0.55102,-36.94719
A,165.571429,166,-1.0,0.571429,-36.99099
A,165.591837,166,-1.0,0.591837,-37.03925
A,165.612245,166,-1.0,0.612245,-37.0924
A,165.632653,166,-1.0,0.632653,-37.15085
A,165.653061,166,-1.0,0.653061,-37.21503
A,165.673469,166,-1.0,0.673469,-37.28535
A,165.693878,166,-1.0,0.693878,-37.36223
A,165.714286,166,-1.0,0.714286,-37.4461
A,165.734694,166,-1.0,0.734694,-37.53741
A,165.755102,166,-1.0,0.755102,-37.63659
A,165.77551,166,-1.0,0.77551,-37.7441
A,165.795918,166,-1.0,0.795918,-37.8604
A,165.816327,166,-1.0,0.816327,-37.98599
A,165.836735,166,-1.0,0.836735,-38.12133
A,165.857143,166,-1.0,0.857143,-38.26693
A,165.877551,166,-1.0,0.877551,-38.42329
A,165.897959,166,-1.0,0.897959,-38.59095
A,165.918367,166,-1.0,0.918367,-38.77043
A,165.938776,166,-1.0,0.938776,-38.96227
A,165.959184,166,-1.0,0.959184,-39.16704
A,165.979592,166,-1.0,0.979592,-39.3853
A,166.0,166,-1.0,1.0,-39.61764
A,166.0,167,1.0,0.0,30.28751
A,166.020408,167,1.0,0.020408,31.6843
A,166.040816,167,1.0,0.040816,32.76659
A,166.061224,167,1.0,0.061224,33.60522
A,166.081633,167,1.0,0.081633,34.25508
A,166.102041,167,1.0,0.102041,34.75873
A,166.122449,167,1.0,0.122449,35.14918
A,166.142857,167,1.0,0.142857,35.45201
A,166.163265,167,1.0,0.163265,35.68708
A,166.183673,167,1.0,0.183673,35.8698
A,166.204082,167,1.0,0.204082,36.01216
A,166.22449,167,1.0,0.22449,36.12346
A,166.244898,167,1.0,0.244898,36.21096
A,166.265306,167,1.0,0.265306,36.28034
A,166.285714,167,1.0,0.285714,36.33601
A,166.306122,167,1.0,0.306122,36.38147
A,166.326531,167,1.0,0.326531,36.41945
A,166.346939,167,1.0,0.346939,36.45213
A,166.367347,167,1.0,0.367347,36.48127
A,166.387755,167,1.0,0.387755,36.50826
A,166.408163,167,1.0,0.408163,36.53425
A,166.428571,167,1.0,0.428571,36.56021
A,166.44898,167,1.0,0.44898,36.58694
A,166.469388,167,1.0,0.469388,36.61513
A,166.489796,167,1.0,0.489796,36.64538
A,166.510204,167,1.0,0.510204,36.67824
A,166.530612,167,1.0,0.530612,36.71422
A,166.55102,167,1.0,0.55102,36.75377
A,166.571429,167,1.0,0.571429,36.79733
A,166.591837,167,1.0,0.591837,36.84534
A,166.612245,167,1.0,0.612245,36.89821
A,166.632653,167,1.0,0.632653,36.95636
A,166.653061,167,1.0,0.653061,37.0202
A,166.673469,167,1.0,0.673469,37.09015
A,166.693878,167,1.0,0.693878,37.16663
A,166.714286,167,1.0,0.714286,37.25006
A,166.734694,167,1.0,0.734694,37.34089
A,166.755102,167,1.0,0.755102,37.43955
A,166.77551,167,1.0,0.77551,37.5465
A,166.795918,167,1.0,0.795918,37.6622
A,166.816327,167,1.0,0.816327,37.78712
A,166.836735,167,1.0,0.836735,37.92175
A,166.857143,167,1.0,0.857143,38.06659
A,166.877551,167,1.0,0.877551,38.22214
A,166.897959,167,1.0,0.897959,38.38892
A,166.918367,167,1.0,0.918367,38.56745
A,166.938776,167,1.0,0.938776,38.7583
A,166.959184,167,1.0,0.959184,38.96199
A,166.979592,167,1.0,0.979592,39.17911
A,167.0,167,1.0,1.0,39.41023
A,167.0,168,-1.0,0.0,-30.47197
A,167.020408,168,-1.0,0.020408,-31.87727
A,167.040816,168,-1.0,0.040816,-32.96615
A,167.061224,168,-1.0,0.061224,-33.80988
A,167.081633,168,-1.0,0.081633,-34.4637
A,167.102041,168,-1.0,0.102041,-34.97043
A,167.122449,168,-1.0,0.122449,-35.36325
A,167.142857,168,-1.0,0.142857,-35.66793
A,167.163265,168,-1.0,0.163265,-35.90442
A,167.183673,168,-1.0,0.183673,-36.08826
A,167.204082,168,-1.0,0.204082,-36.23148
A,167.22449,168,-1.0,0.22449,-36.34346
A,167.244898,168,-1.0,0.244898,-36.4315
A,167.265306,168,-1.0,0.265306,-36.5013
A,167.285714,168,-1.0,0.285714,-36.55731
A,167.306122,168,-1.0,0.306122,-36.60304
A,167.326531,168,-1.0,0.326531,-36.64125
A,167.346939,168,-1.0,0.346939,-36.67414
A,167.367347,168,-1.0,0.367347,-36.70345
A,167.387755,168,-1.0,0.387755,-36.7306
A,167.408163,168,-1.0,0.408163,-36.75676
A,167.428571,168,-1.0,0.428571,-36.78288
A,167.44898,168,-1.0,0.44898,-36.80977
A,167.469388,168,-1.0,0.469388,-36.83813
A,167.489796,168,-1.0,0.489796,-36.86856
A,167.510204,168,-1.0,0.510204,-36.90163
A,167.530612,168,-1.0,0.530612,-36.93782
A,167.55102,168,-1.0,0.55102,-36.97761
A,167.571429,168,-1.0,0.571429,-37.02144
A,167.591837,168,-1.0,0.591837,-37.06974
A,167.612245,168,-1.0,0.612245,-37.12293
A,167.632653,168,-1.0,0.632653,-37.18144
A,167.653061,168,-1.0,0.653061,-37.24567
A,167.673469,168,-1.0,0.673469,-37.31604
A,167.693878,168,-1.0,0.693878,-37.39299
A,167.714286,168,-1.0,0.714286,-37.47693
A,167.734694,168,-1.0,0.734694,-37.56831
A,167.755102,168,-1.0,0.755102,-37.66757
A,167.77551,168,-1.0,0.77551,-37.77517
A,167.795918,168,-1.0,0.795918,-37.89157
A,167.816327,168,-1.0,0.816327,-38.01726
A,167.836735,168,-1.0,0.836735,-38.15271
A,167.857143,168,-1.0,0.857143,-38.29843
A,167.877551,168,-1.0,0.877551,-38.45492
A,167.897959,168,-1.0,0.897959,-38.62272
A,167.918367,168,-1.0,0.918367,-38.80234
A,167.938776,168,-1.0,0.938776,-38.99435
A,167.959184,168,-1.0,0.959184,-39.19928
A,167.979592,168,-1.0,0.979592,-39.41772
A,168.0,168,-1.0,1.0,-39.65025
A,168.0,169,1.0,0.0,30.24433
A,168.020408,169,1.0,0.020408,31.63913
A,168.040816,169,1.0,0.040816,32.71987
A,168.061224,169,1.0,0.061224,33.5573
A,168.081633,169,1.0,0.081633,34.20624
A,168.102041,169,1.0,0.102041,34.70918
A,168.122449,169,1.0,0.122449,35.09907
A,168.142857,169,1.0,0.142857,35.40147
A,168.163265,169,1.0,0.163265,35.6362
A,168.183673,169,1.0,0.183673,35.81866
A,168.204082,169,1.0,0.204082,35.96081
A,168.22449,169,1.0,0.22449,36.07196
A,168.244898,169,1.0,0.244898,36.15934
A,168.265306,169,1.0,0.265306,36.22861
A,168.285714,169,1.0,0.285714,36.28421
A,168.306122,169,1.0,0.306122,36.3296
A,168.326531,169,1.0,0.326531,36.36752
A,168.346939,169,1.0,0.346939,36.40016
A,168.367347,169,1.0,0.367347,36.42926
A,168.387755,169,1.0,0.387755,36.45621
A,168.408163,169,1.0,0.408163,36.48217
A,168.428571,169,1.0,0.428571,36.50809
A,168.44898,169,1.0,0.44898,36.53478
A,168.469388,169,1.0,0.469388,36.56292
A,168.489796,169,1.0,0.489796,36.59313
A,168.510204,169,1.0,0.510204,36.62595
A,168.530612,169,1.0,0.530612,36.66187
A,168.55102,169,1.0,0.55102,36.70137
A,168.571429,169,1.0,0.571429,36.74487
A,168.591837,169,1.0,0.591837,36.79281
A,168.612245,169,1.0,0.612245,36.84561
A,168.632653,169,1.0,0.632653,36.90367
A,168.653061,169,1.0,0.653061,36.96742
A,168.673469,169,1.0,0.673469,37.03727
A,168.693878,169,1.0,0.693878,37.11364
A,168.714286,169,1.0,0.714286,37.19696
A,168.734694,169,1.0,0.734694,37.28765
A,168.755102,169,1.0,0.755102,37.38617
A,168.77551,169,1.0,0.77551,37.49297
A,168.795918,169,1.0,0.795918,37.6085
A,168.816327,169,1.0,0.816327,37.73325
A,168.836735,169,1.0,0.836735,37.86769
A,168.857143,169,1.0,0.857143,38.01232
A,168.877551,169,1.0,0.877551,38.16764
A,168.897959,169,1.0,0.897959,38.33419
A,168.918367,169,1.0,0.918367,38.51247
A,168.938776,169,1.0,0.938776,38.70304
A,168.959184,169,1.0,0.959184,38.90644
A,168.979592,169,1.0,0.979592,39.12325
A,169.0,169,1.0,1.0,39.35404
A,169.0,170,-1.0,0.0,-30.03259
A,169.020408,170,-1.0,0.020408,-31.41763
A,169.040816,170,-1.0,0.040816,-32.49081
A,169.061224,170,-1.0,0.061224,-33.32238
A,169.081633,170,-1.0,0.081633,-33.96677
A,169.102041,170,-1.0,0.102041,-34.46619
A,169.122449,170,-1.0,0.122449,-34.85335
A,169.142857,170,-1.0,0.142857,-35.15363
A,169.163265,170,-1.0,0.163265,-35.38672
A,169.183673,170,-1.0,0.183673,-35.5679
A,169.204082,170,-1.0,0.204082,-35.70906
A,169.22449,170,-1.0,0.22449,-35.81942
A,169.244898,170,-1.0,0.244898,-35.90619
A,169.265306,170,-1.0,0.265306,-35.97498
A,169.285714,170,-1.0,0.285714,-36.03019
A,169.306122,170,-1.0,0.306122,-36.07526
A,169.326531,170,-1.0,0.326531,-36.11292
A,169.346939,170,-1.0,0.346939,-36.14533
A,169.367347,170,-1.0,0.367347,-36.17422
A,169.387755,170,-1.0,0.387755,-36.20098
A,169.408163,170,-1.0,0.408163,-36.22676
A,169.428571,170,-1.0,0.428571,-36.2525
A,169.44898,170,-1.0,0.44898,-36.27901
A,169.469388,170,-1.0,0.469388,-36.30695
A,169.489796,170,-1.0,0.489796,-36.33695
A,169.510204,170,-1.0,0.510204,-36.36954
A,169.530612,170,-1.0,0.530612,-36.40521
A,169.55102,170,-1.0,0.55102,-36.44443
A,169.571429,170,-1.0,0.571429,-36.48762
A,169.591837,170,-1.0,0.591837,-36.53523
A,169.612245,170,-1.0,0.612245,-36.58766
A,169.632653,170,-1.0,0.632653,-36.64532
A,169.653061,170,-1.0,0.653061,-36.70862
A,169.673469,170,-1.0,0.673469,-36.77798
A,169.693878,170,-1.0,0.693878,-36.85382
A,169.714286,170,-1.0,0.714286,-36.93655
A,169.734694,170,-1.0,0.734694,-37.02661
A,169.755102,170,-1.0,0.755102,-37.12444
A,169.77551,170,-1.0,0.77551,-37.23049
A,169.795918,170,-1.0,0.795918,-37.34521
A,169.816327,170,-1.0,0.816327,-37.46908
A,169.836735,170,-1.0,0.836735,-37.60258
A,169.857143,170,-1.0,0.857143,-37.7462
A,169.877551,170,-1.0,0.877551,-37.90044
A,169.897959,170,-1.0,0.897959,-38.06581
A,169.918367,170,-1.0,0.918367,-38.24285
A,169.938776,170,-1.0,0.938776,-38.43208
A,169.959184,170,-1.0,0.959184,-38.63407
A,169.979592,170,-1.0,0.979592,-38.84936
A,170.0,170,-1.0,1.0,-39.07853
A,170.0,171,1.0,0.0,30.20113
A,170.020408,171,1.0,0.020408,31.59393
A,170.040816,171,1.0,0.040816,32.67314
A,170.061224,171,1.0,0.061224,33.50937
A,170.081633,171,1.0,0.081633,34.15738
A,170.102041,171,1.0,0.102041,34.6596
A,170.122449,171,1.0,0.122449,35.04894
A,170.142857,171,1.0,0.142857,35.3509
A,170.163265,171,1.0,0.163265,35.5853
A,170.183673,171,1.0,0.183673,35.7675
A,170.204082,171,1.0,0.204082,35.90945
A,170.22449,171,1.0,0.22449,36.02043
A,170.244898,171,1.0,0.244898,36.10769
A,170.265306,171,1.0,0.265306,36.17687
A,170.285714,171,1.0,0.285714,36.23238
A,170.306122,171,1.0,0.306122,36.27771
A,170.326531,171,1.0,0.326531,36.31558
A,170.346939,171,1.0,0.346939,36.34817
A,170.367347,171,1.0,0.367347,36.37722
A,170.387755,171,1.0,0.387755,36.40414
A,170.408163,171,1.0,0.408163,36.43006
A,170.428571,171,1.0,0.428571,36.45594
A,170.44898,171,1.0,0.44898,36.4826
A,170.469388,171,1.0,0.469388,36.5107
A,170.489796,171,1.0,0.489796,36.54087
A,170.510204,171,1.0,0.510204,36.57364
A,170.530612,171,1.0,0.530612,36.60951
A,170.55102,171,1.0,0.55102,36.64894
A,170.571429,171,1.0,0.571429,36.69239
A,170.591837,171,1.0,0.591837,36.74026
A,170.612245,171,1.0,0.612245,36.79298
A,170.632653,171,1.0,0.632653,36.85096
A,170.653061,171,1.0,0.653061,36.91462
A,170.673469,171,1.0,0.673469,36.98437
A,170.693878,171,1.0,0.693878,37.06063
A,170.714286,171,1.0,0.714286,37.14383
A,170.734694,171,1.0,0.734694,37.23439
A,170.755102,171,1.0,0.755102,37.33277
A,170.77551,171,1.0,0.77551,37.43942
A,170.795918,171,1.0,0.795918,37.55479
A,170.816327,171,1.0,0.816327,37.67935
A,170.836735,171,1.0,0.836735,37.8136
A,170.857143,171,1.0,0.857143,37.95802
A,170.877551,171,1.0,0.877551,38.11313
A,170.897959,171,1.0,0.897959,38.27943
A,170.918367,171,1.0,0.918367,38.45746
A,170.938776,171,1.0,0.938776,38.64776
A,170.959184,171,1.0,0.959184,38.85087
A,170.979592,171,1.0,0.979592,39.06737
A,171.0,171,1.0,1.0,39.29783
A,171.0,172,-1.0,0.0,-30.56851
A,171.020408,172,-1.0,0.020408,-31.97826
A,171.040816,172,-1.0,0.040816,-33.07059
A,171.061224,172,-1.0,0.061224,-33.917
A,171.081633,172,-1.0,0.081633,-34.57289
A,171.102041,172,-1.0,0.102041,-35.08122
A,171.122449,172,-1.0,0.122449,-35.47529
A,171.142857,172,-1.0,0.142857,-35.78093
A,171.163265,172,-1.0,0.163265,-36.01818
A,171.183673,172,-1.0,0.183673,-36.20259
A,171.204082,172,-1.0,0.204082,-36.34627
A,171.22449,172,-1.0,0.22449,-36.4586
A,171.244898,172,-1.0,0.244898,-36.54692
A,171.265306,172,-1.0,0.265306,-36.61694
A,171.285714,172,-1.0,0.285714,-36.67313
A,171.306122,172,-1.0,0.306122,-36.71901
A,171.326531,172,-1.0,0.326531,-36.75734
A,171.346939,172,-1.0,0.346939,-36.79033
A,171.367347,172,-1.0,0.367347,-36.81973
A,171.387755,172,-1.0,0.387755,-36.84697
A,171.408163,172,-1.0,0.408163,-36.87321
A,171.428571,172,-1.0,0.428571,-36.89941
A,171.44898,172,-1.0,0.44898,-36.92639
A,171.469388,172,-1.0,0.469388,-36.95484
A,171.489796,172,-1.0,0.489796,-36.98537
A,171.510204,172,-1.0,0.510204,-37.01854
A,171.530612,172,-1.0,0.530612,-37.05485
A,171.55102,172,-1.0,0.55102,-37.09476
A,171.571429,172,-1.0,0.571429,-37.13873
A,171.591837,172,-1.0,0.591837,-37.18718
A,171.612245,172,-1.0,0.612245,-37.24055
A,171.632653,172,-1.0,0.632653,-37.29924
A,171.653061,172,-1.0,0.653061,-37.36367
A,171.673469,172,-1.0,0.673469,-37.43427
A,171.693878,172,-1.0,0.693878,-37.51145
A,171.714286,172,-1.0,0.714286,-37.59566
A,171.734694,172,-1.0,0.734694,-37.68733
A,171.755102,172,-1.0,0.755102,-37.78691
A,171.77551,172,-1.0,0.77551,-37.89485
A,171.795918,172,-1.0,0.795918,-38.01162
A,171.816327,172,-1.0,0.816327,-38.1377
A,171.836735,172,-1.0,0.836735,-38.27358
A,171.857143,172,-1.0,0.857143,-38.41976
A,171.877551,172,-1.0,0.877551,-38.57676
A,171.897959,172,-1.0,0.897959,-38.74508
A,171.918367,172,-1.0,0.918367,-38.92528
A,171.938776,172,-1.0,0.938776,-39.11789
A,171.959184,172,-1.0,0.959184,-39.32347
A,171.979592,172,-1.0,0.979592,-39.54261
A,172.0,172,-1.0,1.0,-39.77587
A,172.0,173,1.0,0.0,30.56742
A,172.020408,173,1.0,0.020408,31.97711
A,172.040816,173,1.0,0.040816,33.06941
A,172.061224,173,1.0,0.061224,33.91578
A,172.081633,173,1.0,0.081633,34.57165
A,172.102041,173,1.0,0.102041,35.07996
A,172.122449,173,1.0,0.122449,35.47402
A,172.142857,173,1.0,0.142857,35.77965
A,172.163265,173,1.0,0.163265,36.01689
A,172.183673,173,1.0,0.183673,36.2013
A,172.204082,173,1.0,0.204082,36.34497
A,172.22449,173,1.0,0.22449,36.4573
A,172.244898,173,1.0,0.244898,36.54562
A,172.265306,173,1.0,0.265306,36.61563
A,172.285714,173,1.0,0.285714,36.67182
A,172.306122,173,1.0,0.306122,36.71769
A,172.326531,173,1.0,0.326531,36.75603
A,172.346939,173,1.0,0.346939,36.78901
A,172.367347,173,1.0,0.367347,36.81842
A,172.387755,173,1.0,0.387755,36.84565
A,172.408163,173,1.0,0.408163,36.87189
A,172.428571,173,1.0,0.428571,36.89809
A,172.44898,173,1.0,0.44898,36.92507
A,172.469388,173,1.0,0.469388,36.95351
A,172.489796,173,1.0,0.489796,36.98405
A,172.510204,173,1.0,0.510204,37.01721
A,172.530612,173,1.0,0.530612,37.05352
A,172.55102,173,1.0,0.55102,37.09343
A,172.571429,173,1.0,0.571429,37.1374
A,172.591837,173,1.0,0.591837,37.18585
A,172.612245,173,1.0,0.612245,37.23921
A,172.632653,173,1.0,0.632653,37.2979
A,172.653061,173,1.0,0.653061,37.36233
A,172.673469,173,1.0,0.673469,37.43293
A,172.693878,173,1.0,0.693878,37.51011
A,172.714286,173,1.0,0.714286,37.59432
A,172.734694,173,1.0,0.734694,37.68598
A,172.755102,173,1.0,0.755102,37.78556
A,172.77551,173,1.0,0.77551,37.89349
A,172.795918,173,1.0,0.795918,38.01026
A,172.816327,173,1.0,0.816327,38.13634
A,172.836735,173,1.0,0.836735,38.27221
A,172.857143,173,1.0,0.857143,38.41839
A,172.877551,173,1.0,0.877551,38.57538
A,172.897959,173,1.0,0.897959,38.74369
A,172.918367,173,1.0,0.918367,38.92388
A,172.938776,173,1.0,0.938776,39.11649
A,172.959184,173,1.0,0.959184,39.32207
A,172.979592,173,1.0,0.979592,39.54119
A,173.0,173,1.0,1.0,39.77445
A,173.0,174,-1.0,0.0,-30.81839
A,173.020408,174,-1.0,0.020408,-32.23967
A,173.040816,174,-1.0,0.040816,-33.34093
A,173.061224,174,-1.0,0.061224,-34.19426
A,173.081633,174,-1.0,0.081633,-34.85551
A,173.102041,174,-1.0,0.102041,-35.36799
A,173.122449,174,-1.0,0.122449,-35.76528
A,173.142857,174,-1.0,0.142857,-36.07342
A,173.163265,174,-1.0,0.163265,-36.31261
A,173.183673,174,-1.0,0.183673,-36.49853
A,173.204082,174,-1.0,0.204082,-36.64338
A,173.22449,174,-1.0,0.22449,-36.75664
A,173.244898,174,-1.0,0.244898,-36.84568
A,173.265306,174,-1.0,0.265306,-36.91627
A,173.285714,174,-1.0,0.285714,-36.97292
A,173.306122,174,-1.0,0.306122,-37.01917
A,173.326531,174,-1.0,0.326531,-37.05782
A,173.346939,174,-1.0,0.346939,-37.09107
A,173.367347,174,-1.0,0.367347,-37.12072
A,173.387755,174,-1.0,0.387755,-37.14818
A,173.408163,174,-1.0,0.408163,-37.17463
A,173.428571,174,-1.0,0.428571,-37.20105
A,173.44898,174,-1.0,0.44898,-37.22824
A,173.469388,174,-1.0,0.469388,-37.25692
A,173.489796,174,-1.0,0.489796,-37.28771
A,173.510204,174,-1.0,0.510204,-37.32115
A,173.530612,174,-1.0,0.530612,-37.35775
A,173.55102,174,-1.0,0.55102,-37.39799
A,173.571429,174,-1.0,0.571429,-37.44232
A,173.591837,174,-1.0,0.591837,-37.49117
A,173.612245,174,-1.0,0.612245,-37.54497
A,173.632653,174,-1.0,0.632653,-37.60414
A,173.653061,174,-1.0,0.653061,-37.6691
A,173.673469,174,-1.0,0.673469,-37.74028
A,173.693878,174,-1.0,0.693878,-37.81809
A,173.714286,174,-1.0,0.714286,-37.90299
A,173.734694,174,-1.0,0.734694,-37.99541
A,173.755102,174,-1.0,0.755102,-38.0958
A,173.77551,174,-1.0,0.77551,-38.20462
A,173.795918,174,-1.0,0.795918,-38.32235
A,173.816327,174,-1.0,0.816327,-38.44946
A,173.836735,174,-1.0,0.836735,-38.58645
A,173.857143,174,-1.0,0.857143,-38.73383
A,173.877551,174,-1.0,0.877551,-38.8921
A,173.897959,174,-1.0,0.897959,-39.06181
A,173.918367,174,-1.0,0.918367,-39.24347
A,173.938776,174,-1.0,0.938776,-39.43766
A,173.959184,174,-1.0,0.959184,-39.64493
A,173.979592,174,-1.0,0.979592,-39.86585
A,174.0,174,-1.0,1.0,-40.10102
A,174.0,175,1.0,0.0,30.72464
A,174.020408,175,1.0,0.020408,32.14159
A,174.040816,175,1.0,0.040816,33.2395
A,174.061224,175,1.0,0.061224,34.09024
A,174.081633,175,1.0,0.081633,34.74948
A,174.102041,175,1.0,0.102041,35.2604
A,174.122449,175,1.0,0.122449,35.65648
A,174.142857,175,1.0,0.142857,35.96368
A,174.163265,175,1.0,0.163265,36.20215
A,174.183673,175,1.0,0.183673,36.3875
A,174.204082,175,1.0,0.204082,36.53191
A,174.22449,175,1.0,0.22449,36.64482
A,174.244898,175,1.0,0.244898,36.73359
A,174.265306,175,1.0,0.265306,36.80397
A,174.285714,175,1.0,0.285714,36.86045
A,174.306122,175,1.0,0.306122,36.90656
A,174.326531,175,1.0,0.326531,36.94508
A,174.346939,175,1.0,0.346939,36.97824
A,174.367347,175,1.0,0.367347,37.0078
A,174.387755,175,1.0,0.387755,37.03518
A,174.408163,175,1.0,0.408163,37.06155
A,174.428571,175,1.0,0.428571,37.08788
A,174.44898,175,1.0,0.44898,37.115
A,174.469388,175,1.0,0.469388,37.14359
A,174.489796,175,1.0,0.489796,37.17428
A,174.510204,175,1.0,0.510204,37.20762
A,174.530612,175,1.0,0.530612,37.24411
A,174.55102,175,1.0,0.55102,37.28423
A,174.571429,175,1.0,0.571429,37.32842
A,174.591837,175,1.0,0.591837,37.37712
A,174.612245,175,1.0,0.612245,37.43076
A,174.632653,175,1.0,0.632653,37.48975
A,174.653061,175,1.0,0.653061,37.55451
A,174.673469,175,1.0,0.673469,37.62547
A,174.693878,175,1.0,0.693878,37.70305
A,174.714286,175,1.0,0.714286,37.78769
A,174.734694,175,1.0,0.734694,37.87983
A,174.755102,175,1.0,0.755102,37.97991
A,174.77551,175,1.0,0.77551,38.0884
A,174.795918,175,1.0,0.795918,38.20577
A,174.816327,175,1.0,0.816327,38.3325
A,174.836735,175,1.0,0.836735,38.46907
A,174.857143,175,1.0,0.857143,38.616
A,174.877551,175,1.0,0.877551,38.77379
A,174.897959,175,1.0,0.897959,38.94298
A,174.918367,175,1.0,0.918367,39.12409
A,174.938776,175,1.0,0.938776,39.31769
A,174.959184,175,1.0,0.959184,39.52433
A,174.979592,175,1.0,0.979592,39.74458
A,175.0,175,1.0,1.0,39.97903
A,175.0,176,-1.0,0.0,-30.55258
A,175.020408,176,-1.0,0.020408,-31.96159
A,175.040816,176,-1.0,0.040816,-33.05336
A,175.061224,176,-1.0,0.061224,-33.89932
A,175.081633,176,-1.0,0.081633,-34.55488
A,175.102041,176,-1.0,0.102041,-35.06294
A,175.122449,176,-1.0,0.122449,-35.4568
A,175.142857,176,-1.0,0.142857,-35.76228
A,175.163265,176,-1.0,0.163265,-35.99941
A,175.183673,176,-1.0,0.183673,-36.18373
A,175.204082,176,-1.0,0.204082,-36.32733
A,175.22449,176,-1.0,0.22449,-36.43961
A,175.244898,176,-1.0,0.244898,-36.52788
A,175.265306,176,-1.0,0.265306,-36.59786
A,175.285714,176,-1.0,0.285714,-36.65402
A,175.306122,176,-1.0,0.306122,-36.69987
A,175.326531,176,-1.0,0.326531,-36.73819
A,175.346939,176,-1.0,0.346939,-36.77116
A,175.367347,176,-1.0,0.367347,-36.80055
A,175.387755,176,-1.0,0.387755,-36.82777
A,175.408163,176,-1.0,0.408163,-36.854
A,175.428571,176,-1.0,0.428571,-36.88018
A,175.44898,176,-1.0,0.44898,-36.90715
A,175.469388,176,-1.0,0.469388,-36.93558
A,175.489796,176,-1.0,0.489796,-36.9661
A,175.510204,176,-1.0,0.510204,-36.99925
A,175.530612,176,-1.0,0.530612,-37.03554
A,175.55102,176,-1.0,0.55102,-37.07543
A,175.571429,176,-1.0,0.571429,-37.11938
A,175.591837,176,-1.0,0.591837,-37.16781
A,175.612245,176,-1.0,0.612245,-37.22114
A,175.632653,176,-1.0,0.632653,-37.2798
A,175.653061,176,-1.0,0.653061,-37.3442
A,175.673469,176,-1.0,0.673469,-37.41476
A,175.693878,176,-1.0,0.693878,-37.49191
A,175.714286,176,-1.0,0.714286,-37.57607
A,175.734694,176,-1.0,0.734694,-37.66769
A,175.755102,176,-1.0,0.755102,-37.76722
A,175.77551,176,-1.0,0.77551,-37.8751
A,175.795918,176,-1.0,0.795918,-37.99181
A,175.816327,176,-1.0,0.816327,-38.11783
A,175.836735,176,-1.0,0.836735,-38.25364
A,175.857143,176,-1.0,0.857143,-38.39974
A,175.877551,176,-1.0,0.877551,-38.55665
A,175.897959,176,-1.0,0.897959,-38.72489
A,175.918367,176,-1.0,0.918367,-38.90499
A,175.938776,176,-1.0,0.938776,-39.0975
A,175.959184,176,-1.0,0.959184,-39.30298
A,175.979592,176,-1.0,0.979592,-39.522
A,176.0,176,-1.0,1.0,-39.75514
A,176.0,177,1.0,0.0,30.82471
A,176.020408,177,1.0,0.020408,32.24628
A,176.040816,177,1.0,0.040816,33.34776
A,176.061224,177,1.0,0.061224,34.20127
A,176.081633,177,1.0,0.081633,34.86265
A,176.102041,177,1.0,0.102041,35.37524
A,176.122449,177,1.0,0.122449,35.77262
A,176.142857,177,1.0,0.142857,36.08082
A,176.163265,177,1.0,0.163265,36.32005
A,176.183673,177,1.0,0.183673,36.50602
A,176.204082,177,1.0,0.204082,36.6509
A,176.22449,177,1.0,0.22449,36.76417
A,176.244898,177,1.0,0.244898,36.85323
A,176.265306,177,1.0,0.265306,36.92384
A,176.285714,177,1.0,0.285714,36.9805
A,176.306122,177,1.0,0.306122,37.02676
A,176.326531,177,1.0,0.326531,37.06541
A,176.346939,177,1.0,0.346939,37.09868
A,176.367347,177,1.0,0.367347,37.12833
A,176.387755,177,1.0,0.387755,37.1558
A,176.408163,177,1.0,0.408163,37.18225
A,176.428571,177,1.0,0.428571,37.20868
A,176.44898,177,1.0,0.44898,37.23588
A,176.469388,177,1.0,0.469388,37.26456
A,176.489796,177,1.0,0.489796,37.29535
A,176.510204,177,1.0,0.510204,37.3288
A,176.530612,177,1.0,0.530612,37.36541
A,176.55102,177,1.0,0.55102,37.40566
A,176.571429,177,1.0,0.571429,37.45
A,176.591837,177,1.0,0.591837,37.49886
A,176.612245,177,1.0,0.612245,37.55267
A,176.632653,177,1.0,0.632653,37.61185
A,176.653061,177,1.0,0.653061,37.67682
A,176.673469,177,1.0,0.673469,37.74801
A,176.693878,177,1.0,0.693878,37.82585
A,176.714286,177,1.0,0.714286,37.91076
A,176.734694,177,1.0,0.734694,38.0032
A,176.755102,177,1.0,0.755102,38.10361
A,176.77551,177,1.0,0.77551,38.21245
A,176.795918,177,1.0,0.795918,38.3302
A,176.816327,177,1.0,0.816327,38.45734
A,176.836735,177,1.0,0.836735,38.59436
A,176.857143,177,1.0,0.857143,38.74177
A,176.877551,177,1.0,0.877551,38.90008
A,176.897959,177,1.0,0.897959,39.06981
A,176.918367,177,1.0,0.918367,39.25152
A,176.938776,177,1.0,0.938776,39.44574
A,176.959184,177,1.0,0.959184,39.65305
A,176.979592,177,1.0,0.979592,39.87402
A,177.0,177,1.0,1.0,40.10924
A,177.0,178,-1.0,0.0,-30.46419
A,177.020408,178,-1.0,0.020408,-31.86913
A,177.040816,178,-1.0,0.040816,-32.95773
A,177.061224,178,-1.0,0.061224,-33.80125
A,177.081633,178,-1.0,0.081633,-34.4549
A,177.102041,178,-1.0,0.102041,-34.9615
A,177.122449,178,-1.0,0.122449,-35.35422
A,177.142857,178,-1.0,0.142857,-35.65882
A,177.163265,178,-1.0,0.163265,-35.89526
A,177.183673,178,-1.0,0.183673,-36.07904
A,177.204082,178,-1.0,0.204082,-36.22223
A,177.22449,178,-1.0,0.22449,-36.33418
A,177.244898,178,-1.0,0.244898,-36.4222
A,177.265306,178,-1.0,0.265306,-36.49198
A,177.285714,178,-1.0,0.285714,-36.54798
A,177.306122,178,-1.0,0.306122,-36.5937
A,177.326531,178,-1.0,0.326531,-36.6319
A,177.346939,178,-1.0,0.346939,-36.66477
A,177.367347,178,-1.0,0.367347,-36.69408
A,177.387755,178,-1.0,0.387755,-36.72123
A,177.408163,178,-1.0,0.408163,-36.74737
A,177.428571,178,-1.0,0.428571,-36.77349
A,177.44898,178,-1.0,0.44898,-36.80037
A,177.469388,178,-1.0,0.469388,-36.82872
A,177.489796,178,-1.0,0.489796,-36.85915
A,177.510204,178,-1.0,0.510204,-36.8922
A,177.530612,178,-1.0,0.530612,-36.92839
A,177.55102,178,-1.0,0.55102,-36.96817
A,177.571429,178,-1.0,0.571429,-37.01199
A,177.591837,178,-1.0,0.591837,-37.06027
A,177.612245,178,-1.0,0.612245,-37.11346
A,177.632653,178,-1.0,0.632653,-37.17194
A,177.653061,178,-1.0,0.653061,-37.23616
A,177.673469,178,-1.0,0.673469,-37.30651
A,177.693878,178,-1.0,0.693878,-37.38344
A,177.714286,178,-1.0,0.714286,-37.46736
A,177.734694,178,-1.0,0.734694,-37.55872
A,177.755102,178,-1.0,0.755102,-37.65795
A,177.77551,178,-1.0,0.77551,-37.76552
A,177.795918,178,-1.0,0.795918,-37.8819
A,177.816327,178,-1.0,0.816327,-38.00755
A,177.836735,178,-1.0,0.836735,-38.14297
A,177.857143,178,-1.0,0.857143,-38.28865
A,177.877551,178,-1.0,0.877551,-38.4451
A,177.897959,178,-1.0,0.897959,-38.61286
A,177.918367,178,-1.0,0.918367,-38.79244
A,177.938776,178,-1.0,0.938776,-38.98439
A,177.959184,178,-1.0,0.959184,-39.18927
A,177.979592,178,-1.0,0.979592,-39.40766
A,178.0,178,-1.0,1.0,-39.64013
A,178.0,179,1.0,0.0,30.1321
A,178.020408,179,1.0,0.020408,31.52172
A,178.040816,179,1.0,0.040816,32.59846
A,178.061224,179,1.0,0.061224,33.43278
A,178.081633,179,1.0,0.081633,34.07931
A,178.102041,179,1.0,0.102041,34.58038
A,178.122449,179,1.0,0.122449,34.96882
A,178.142857,179,1.0,0.142857,35.2701
A,178.163265,179,1.0,0.163265,35.50396
A,178.183673,179,1.0,0.183673,35.68575
A,178.204082,179,1.0,0.204082,35.82737
A,178.22449,179,1.0,0.22449,35.9381
A,178.244898,179,1.0,0.244898,36.02516
A,178.265306,179,1.0,0.265306,36.09418
A,178.285714,179,1.0,0.285714,36.14957
A,178.306122,179,1.0,0.306122,36.19479
A,178.326531,179,1.0,0.326531,36.23257
A,178.346939,179,1.0,0.346939,36.26509
A,178.367347,179,1.0,0.367347,36.29407
A,178.387755,179,1.0,0.387755,36.32093
A,178.408163,179,1.0,0.408163,36.34679
A,178.428571,179,1.0,0.428571,36.37262
A,178.44898,179,1.0,0.44898,36.39921
A,178.469388,179,1.0,0.469388,36.42725
A,178.489796,179,1.0,0.489796,36.45735
A,178.510204,179,1.0,0.510204,36.49004
A,178.530612,179,1.0,0.530612,36.52583
A,178.55102,179,1.0,0.55102,36.56517
A,178.571429,179,1.0,0.571429,36.60852
A,178.591837,179,1.0,0.591837,36.65628
A,178.612245,179,1.0,0.612245,36.70888
A,178.632653,179,1.0,0.632653,36.76673
A,178.653061,179,1.0,0.653061,36.83024
A,178.673469,179,1.0,0.673469,36.89983
A,178.693878,179,1.0,0.693878,36.97592
A,178.714286,179,1.0,0.714286,37.05893
A,178.734694,179,1.0,0.734694,37.14929
A,178.755102,179,1.0,0.755102,37.24744
A,178.77551,179,1.0,0.77551,37.35384
A,178.795918,179,1.0,0.795918,37.46895
A,178.816327,179,1.0,0.816327,37.59323
A,178.836735,179,1.0,0.836735,37.72717
A,178.857143,179,1.0,0.857143,37.87126
A,178.877551,179,1.0,0.877551,38.02601
A,178.897959,179,1.0,0.897959,38.19193
A,178.918367,179,1.0,0.918367,38.36956
A,178.938776,179,1.0,0.938776,38.55942
A,178.959184,179,1.0,0.959184,38.76207
A,178.979592,179,1.0,0.979592,38.97807
A,179.0,179,1.0,1.0,39.20801
A,179.0,180,-1.0,0.0,-30.3073
A,179.020408,180,-1.0,0.020408,-31.705
A,179.040816,180,-1.0,0.040816,-32.788
A,179.061224,180,-1.0,0.061224,-33.62718
A,179.081633,180,-1.0,0.081633,-34.27746
A,179.102041,180,-1.0,0.102041,-34.78145
A,179.122449,180,-1.0,0.122449,-35.17215
A,179.142857,180,-1.0,0.142857,-35.47518
A,179.163265,180,-1.0,0.163265,-35.7104
A,179.183673,180,-1.0,0.183673,-35.89324
A,179.204082,180,-1.0,0.204082,-36.03569
A,179.22449,180,-1.0,0.22449,-36.14706
A,179.244898,180,-1.0,0.244898,-36.23463
A,179.265306,180,-1.0,0.265306,-36.30405
A,179.285714,180,-1.0,0.285714,-36.35976
A,179.306122,180,-1.0,0.306122,-36.40524
A,179.326531,180,-1.0,0.326531,-36.44325
A,179.346939,180,-1.0,0.346939,-36.47595
A,179.367347,180,-1.0,0.367347,-36.50511
A,179.387755,180,-1.0,0.387755,-36.53211
A,179.408163,180,-1.0,0.408163,-36.55813
A,179.428571,180,-1.0,0.428571,-36.5841
A,179.44898,180,-1.0,0.44898,-36.61085
A,179.469388,180,-1.0,0.469388,-36.63905
A,179.489796,180,-1.0,0.489796,-36.66933
A,179.510204,180,-1.0,0.510204,-36.70221
A,179.530612,180,-1.0,0.530612,-36.73821
A,179.55102,180,-1.0,0.55102,-36.77778
A,179.571429,180,-1.0,0.571429,-36.82138
A,179.591837,180,-1.0,0.591837,-36.86942
A,179.612245,180,-1.0,0.612245,-36.92232
A,179.632653,180,-1.0,0.632653,-36.98051
A,179.653061,180,-1.0,0.653061,-37.04439
A,179.673469,180,-1.0,0.673469,-37.11439
A,179.693878,180,-1.0,0.693878,-37.19092
A,179.714286,180,-1.0,0.714286,-37.27441
A,179.734694,180,-1.0,0.734694,-37.36529
A,179.755102,180,-1.0,0.755102,-37.46402
A,179.77551,180,-1.0,0.77551,-37.57103
A,179.795918,180,-1.0,0.795918,-37.68681
A,179.816327,180,-1.0,0.816327,-37.81181
A,179.836735,180,-1.0,0.836735,-37.94653
A,179.857143,180,-1.0,0.857143,-38.09146
A,179.877551,180,-1.0,0.877551,-38.24711
A,179.897959,180,-1.0,0.897959,-38.414
A,179.918367,180,-1.0,0.918367,-38.59266
A,179.938776,180,-1.0,0.938776,-38.78362
A,179.959184,180,-1.0,0.959184,-38.98745
A,179.979592,180,-1.0,0.979592,-39.20471
A,180.0,180,-1.0,1.0,-39.43598
A,180.0,181,1.0,0.0,30.52359
A,180.020408,181,1.0,0.020408,31.93127
A,180.040816,181,1.0,0.040816,33.02199
A,180.061224,181,1.0,0.061224,33.86716
A,180.081633,181,1.0,0.081633,34.52209
A,180.102041,181,1.0,0.102041,35.02967
A,180.122449,181,1.0,0.122449,35.42316
A,180.142857,181,1.0,0.142857,35.72835
A,180.163265,181,1.0,0.163265,35.96525
A,180.183673,181,1.0,0.183673,36.14939
A,180.204082,181,1.0,0.204082,36.29286
A,180.22449,181,1.0,0.22449,36.40503
A,180.244898,181,1.0,0.244898,36.49322
A,180.265306,181,1.0,0.265306,36.56313
A,180.285714,181,1.0,0.285714,36.61924
A,180.306122,181,1.0,0.306122,36.66505
A,180.326531,181,1.0,0.326531,36.70332
A,180.346939,181,1.0,0.346939,36.73626
A,180.367347,181,1.0,0.367347,36.76563
A,180.387755,181,1.0,0.387755,36.79283
A,180.408163,181,1.0,0.408163,36.81903
A,180.428571,181,1.0,0.428571,36.84519
A,180.44898,181,1.0,0.44898,36.87212
A,180.469388,181,1.0,0.469388,36.90053
A,180.489796,181,1.0,0.489796,36.93102
A,180.510204,181,1.0,0.510204,36.96414
A,180.530612,181,1.0,0.530612,37.00039
A,180.55102,181,1.0,0.55102,37.04025
A,180.571429,181,1.0,0.571429,37.08415
A,180.591837,181,1.0,0.591837,37.13254
A,180.612245,181,1.0,0.612245,37.18582
A,180.632653,181,1.0,0.632653,37.24442
A,180.653061,181,1.0,0.653061,37.30876
A,180.673469,181,1.0,0.673469,37.37926
A,180.693878,181,1.0,0.693878,37.45633
A,180.714286,181,1.0,0.714286,37.54042
A,180.734694,181,1.0,0.734694,37.63195
A,180.755102,181,1.0,0.755102,37.73138
A,180.77551,181,1.0,0.77551,37.83916
A,180.795918,181,1.0,0.795918,37.95576
A,180.816327,181,1.0,0.816327,38.08166
A,180.836735,181,1.0,0.836735,38.21734
A,180.857143,181,1.0,0.857143,38.36331
A,180.877551,181,1.0,0.877551,38.52007
A,180.897959,181,1.0,0.897959,38.68814
A,180.918367,181,1.0,0.918367,38.86807
A,180.938776,181,1.0,0.938776,39.0604
A,180.959184,181,1.0,0.959184,39.26569
A,180.979592,181,1.0,0.979592,39.4845
A,181.0,181,1.0,1.0,39.71742
A,181.0,182,-1.0,0.0,-30.61819
A,181.020408,182,-1.0,0.020408,-32.03023
A,181.040816,182,-1.0,0.040816,-33.12434
A,181.061224,182,-1.0,0.061224,-33.97212
A,181.081633,182,-1.0,0.081633,-34.62908
A,181.102041,182,-1.0,0.102041,-35.13823
A,181.122449,182,-1.0,0.122449,-35.53294
A,181.142857,182,-1.0,0.142857,-35.83908
A,181.163265,182,-1.0,0.163265,-36.07671
A,181.183673,182,-1.0,0.183673,-36.26143
A,181.204082,182,-1.0,0.204082,-36.40534
A,181.22449,182,-1.0,0.22449,-36.51785
A,181.244898,182,-1.0,0.244898,-36.60632
A,181.265306,182,-1.0,0.265306,-36.67645
A,181.285714,182,-1.0,0.285714,-36.73273
A,181.306122,182,-1.0,0.306122,-36.77868
A,181.326531,182,-1.0,0.326531,-36.81708
A,181.346939,182,-1.0,0.346939,-36.85012
A,181.367347,182,-1.0,0.367347,-36.87957
A,181.387755,182,-1.0,0.387755,-36.90685
A,181.408163,182,-1.0,0.408163,-36.93314
A,181.428571,182,-1.0,0.428571,-36.95938
A,181.44898,182,-1.0,0.44898,-36.9864
A,181.469388,182,-1.0,0.469388,-37.01489
A,181.489796,182,-1.0,0.489796,-37.04548
A,181.510204,182,-1.0,0.510204,-37.0787
A,181.530612,182,-1.0,0.530612,-37.11506
A,181.55102,182,-1.0,0.55102,-37.15504
A,181.571429,182,-1.0,0.571429,-37.19908
A,181.591837,182,-1.0,0.591837,-37.24762
A,181.612245,182,-1.0,0.612245,-37.30107
A,181.632653,182,-1.0,0.632653,-37.35985
A,181.653061,182,-1.0,0.653061,-37.42439
A,181.673469,182,-1.0,0.673469,-37.4951
A,181.693878,182,-1.0,0.693878,-37.57242
A,181.714286,182,-1.0,0.714286,-37.65676
A,181.734694,182,-1.0,0.734694,-37.74858
A,181.755102,182,-1.0,0.755102,-37.84832
A,181.77551,182,-1.0,0.77551,-37.95643
A,181.795918,182,-1.0,0.795918,-38.07339
A,181.816327,182,-1.0,0.816327,-38.19968
A,181.836735,182,-1.0,0.836735,-38.33578
A,181.857143,182,-1.0,0.857143,-38.4822
A,181.877551,182,-1.0,0.877551,-38.63945
A,181.897959,182,-1.0,0.897959,-38.80805
A,181.918367,182,-1.0,0.918367,-38.98854
A,181.938776,182,-1.0,0.938776,-39.18146
A,181.959184,182,-1.0,0.959184,-39.38738
A,181.979592,182,-1.0,0.979592,-39.60687
A,182.0,182,-1.0,1.0,-39.84051
A,182.0,183,1.0,0.0,30.77866
A,182.020408,183,1.0,0.020408,32.1981
A,182.040816,183,1.0,0.040816,33.29794
A,182.061224,183,1.0,0.061224,34.15017
A,182.081633,183,1.0,0.081633,34.81057
A,182.102041,183,1.0,0.102041,35.32239
A,182.122449,183,1.0,0.122449,35.71917
A,182.142857,183,1.0,0.142857,36.02691
A,182.163265,183,1.0,0.163265,36.26579
A,182.183673,183,1.0,0.183673,36.45147
A,182.204082,183,1.0,0.204082,36.59614
A,182.22449,183,1.0,0.22449,36.70924
A,182.244898,183,1.0,0.244898,36.79817
A,182.265306,183,1.0,0.265306,36.86867
A,182.285714,183,1.0,0.285714,36.92525
A,182.306122,183,1.0,0.306122,36.97144
A,182.326531,183,1.0,0.326531,37.01003
A,182.346939,183,1.0,0.346939,37.04325
A,182.367347,183,1.0,0.367347,37.07286
A,182.387755,183,1.0,0.387755,37.10028
A,182.408163,183,1.0,0.408163,37.1267
A,182.428571,183,1.0,0.428571,37.15308
A,182.44898,183,1.0,0.44898,37.18024
A,182.469388,183,1.0,0.469388,37.20889
A,182.489796,183,1.0,0.489796,37.23963
A,182.510204,183,1.0,0.510204,37.27303
A,182.530612,183,1.0,0.530612,37.30958
A,182.55102,183,1.0,0.55102,37.34977
A,182.571429,183,1.0,0.571429,37.39405
A,182.591837,183,1.0,0.591837,37.44283
A,182.612245,183,1.0,0.612245,37.49656
A,182.632653,183,1.0,0.632653,37.55566
A,182.653061,183,1.0,0.653061,37.62053
A,182.673469,183,1.0,0.673469,37.69161
A,182.693878,183,1.0,0.693878,37.76933
A,182.714286,183,1.0,0.714286,37.85412
A,182.734694,183,1.0,0.734694,37.94642
A,182.755102,183,1.0,0.755102,38.04668
A,182.77551,183,1.0,0.77551,38.15536
A,182.795918,183,1.0,0.795918,38.27294
A,182.816327,183,1.0,0.816327,38.39989
A,182.836735,183,1.0,0.836735,38.5367
A,182.857143,183,1.0,0.857143,38.68389
A,182.877551,183,1.0,0.877551,38.84196
A,182.897959,183,1.0,0.897959,39.01144
A,182.918367,183,1.0,0.918367,39.19287
A,182.938776,183,1.0,0.938776,39.38681
A,182.959184,183,1.0,0.959184,39.59381
A,182.979592,183,1.0,0.979592,39.81445
A,183.0,183,1.0,1.0,40.04932
A,183.0,184,-1.0,0.0,-30.51262
A,183.020408,184,-1.0,0.020408,-31.91979
A,183.040816,184,-1.0,0.040816,-33.01013
A,183.061224,184,-1.0,0.061224,-33.85499
A,183.081633,184,-1.0,0.081633,-34.50968
A,183.102041,184,-1.0,0.102041,-35.01708
A,183.122449,184,-1.0,0.122449,-35.41043
A,183.142857,184,-1.0,0.142857,-35.71551
A,183.163265,184,-1.0,0.163265,-35.95233
A,183.183673,184,-1.0,0.183673,-36.13641
A,183.204082,184,-1.0,0.204082,-36.27982
A,183.22449,184,-1.0,0.22449,-36.39195
A,183.244898,184,-1.0,0.244898,-36.48011
A,183.265306,184,-1.0,0.265306,-36.55
A,183.285714,184,-1.0,0.285714,-36.60609
A,183.306122,184,-1.0,0.306122,-36.65188
A,183.326531,184,-1.0,0.326531,-36.69014
A,183.346939,184,-1.0,0.346939,-36.72307
A,183.367347,184,-1.0,0.367347,-36.75242
A,183.387755,184,-1.0,0.387755,-36.77961
A,183.408163,184,-1.0,0.408163,-36.8058
A,183.428571,184,-1.0,0.428571,-36.83195
A,183.44898,184,-1.0,0.44898,-36.85888
A,183.469388,184,-1.0,0.469388,-36.88727
A,183.489796,184,-1.0,0.489796,-36.91775
A,183.510204,184,-1.0,0.510204,-36.95086
A,183.530612,184,-1.0,0.530612,-36.9871
A,183.55102,184,-1.0,0.55102,-37.02694
A,183.571429,184,-1.0,0.571429,-37.07083
A,183.591837,184,-1.0,0.591837,-37.1192
A,183.612245,184,-1.0,0.612245,-37.17246
A,183.632653,184,-1.0,0.632653,-37.23104
A,183.653061,184,-1.0,0.653061,-37.29536
A,183.673469,184,-1.0,0.673469,-37.36583
A,183.693878,184,-1.0,0.693878,-37.44287
A,183.714286,184,-1.0,0.714286,-37.52693
A,183.734694,184,-1.0,0.734694,-37.61843
A,183.755102,184,-1.0,0.755102,-37.71782
A,183.77551,184,-1.0,0.77551,-37.82557
A,183.795918,184,-1.0,0.795918,-37.94213
A,183.816327,184,-1.0,0.816327,-38.06798
A,183.836735,184,-1.0,0.836735,-38.20361
A,183.857143,184,-1.0,0.857143,-38.34952
A,183.877551,184,-1.0,0.877551,-38.50623
A,183.897959,184,-1.0,0.897959,-38.67425
A,183.918367,184,-1.0,0.918367,-38.85411
A,183.938776,184,-1.0,0.938776,-39.04637
A,183.959184,184,-1.0,0.959184,-39.25158
A,183.979592,184,-1.0,0.979592,-39.47031
A,184.0,184,-1.0,1.0,-39.70315
A,184.0,185,1.0,0.0,30.48587
A,184.020408,185,1.0,0.020408,31.89181
A,184.040816,185,1.0,0.040816,32.98119
A,184.061224,185,1.0,0.061224,33.8253
A,184.081633,185,1.0,0.081633,34.47942
A,184.102041,185,1.0,0.102041,34.98638
A,184.122449,185,1.0,0.122449,35.37938
A,184.142857,185,1.0,0.142857,35.68419
A,184.163265,185,1.0,0.163265,35.9208
A,184.183673,185,1.0,0.183673,36.10472
A,184.204082,185,1.0,0.204082,36.24801
A,184.22449,185,1.0,0.22449,36.36004
A,184.244898,185,1.0,0.244898,36.44812
A,184.265306,185,1.0,0.265306,36.51795
A,184.285714,185,1.0,0.285714,36.57399
A,184.306122,185,1.0,0.306122,36.61974
A,184.326531,185,1.0,0.326531,36.65797
A,184.346939,185,1.0,0.346939,36.69087
A,184.367347,185,1.0,0.367347,36.72019
A,184.387755,185,1.0,0.387755,36.74736
A,184.408163,185,1.0,0.408163,36.77353
A,184.428571,185,1.0,0.428571,36.79966
A,184.44898,185,1.0,0.44898,36.82656
A,184.469388,185,1.0,0.469388,36.85493
A,184.489796,185,1.0,0.489796,36.88538
A,184.510204,185,1.0,0.510204,36.91846
A,184.530612,185,1.0,0.530612,36.95467
A,184.55102,185,1.0,0.55102,36.99448
A,184.571429,185,1.0,0.571429,37.03833
A,184.591837,185,1.0,0.591837,37.08665
A,184.612245,185,1.0,0.612245,37.13987
A,184.632653,185,1.0,0.632653,37.1984
A,184.653061,185,1.0,0.653061,37.26266
A,184.673469,185,1.0,0.673469,37.33306
A,184.693878,185,1.0,0.693878,37.41004
A,184.714286,185,1.0,0.714286,37.49402
A,184.734694,185,1.0,0.734694,37.58544
A,184.755102,185,1.0,0.755102,37.68475
A,184.77551,185,1.0,0.77551,37.7924
A,184.795918,185,1.0,0.795918,37.90886
A,184.816327,185,1.0,0.816327,38.0346
A,184.836735,185,1.0,0.836735,38.17011
A,184.857143,185,1.0,0.857143,38.3159
A,184.877551,185,1.0,0.877551,38.47246
A,184.897959,185,1.0,0.897959,38.64033
A,184.918367,185,1.0,0.918367,38.82004
A,184.938776,185,1.0,0.938776,39.01213
A,184.959184,185,1.0,0.959184,39.21716
A,184.979592,185,1.0,0.979592,39.4357
A,185.0,185,1.0,1.0,39.66834
A,185.0,186,-1.0,0.0,-30.46628
A,185.020408,186,-1.0,0.020408,-31.87131
A,185.040816,186,-1.0,0.040816,-32.95999
A,185.061224,186,-1.0,0.061224,-33.80357
A,185.081633,186,-1.0,0.081633,-34.45727
A,185.102041,186,-1.0,0.102041,-34.96389
A,185.122449,186,-1.0,0.122449,-35.35665
A,185.142857,186,-1.0,0.142857,-35.66126
A,185.163265,186,-1.0,0.163265,-35.89772
A,185.183673,186,-1.0,0.183673,-36.08152
A,185.204082,186,-1.0,0.204082,-36.22471
A,185.22449,186,-1.0,0.22449,-36.33667
A,185.244898,186,-1.0,0.244898,-36.4247
A,185.265306,186,-1.0,0.265306,-36.49448
A,185.285714,186,-1.0,0.285714,-36.55048
A,185.306122,186,-1.0,0.306122,-36.59621
A,185.326531,186,-1.0,0.326531,-36.63441
A,185.346939,186,-1.0,0.346939,-36.66729
A,185.367347,186,-1.0,0.367347,-36.69659
A,185.387755,186,-1.0,0.387755,-36.72374
A,185.408163,186,-1.0,0.408163,-36.74989
A,185.428571,186,-1.0,0.428571,-36.77601
A,185.44898,186,-1.0,0.44898,-36.80289
A,185.469388,186,-1.0,0.469388,-36.83124
A,185.489796,186,-1.0,0.489796,-36.86168
A,185.510204,186,-1.0,0.510204,-36.89473
A,185.530612,186,-1.0,0.530612,-36.93092
A,185.55102,186,-1.0,0.55102,-36.9707
A,185.571429,186,-1.0,0.571429,-37.01452
A,185.591837,186,-1.0,0.591837,-37.06282
A,185.612245,186,-1.0,0.612245,-37.116
A,185.632653,186,-1.0,0.632653,-37.17449
A,185.653061,186,-1.0,0.653061,-37.23871
A,185.673469,186,-1.0,0.673469,-37.30907
A,185.693878,186,-1.0,0.693878,-37.386
A,185.714286,186,-1.0,0.714286,-37.46993
A,185.734694,186,-1.0,0.734694,-37.56129
A,185.755102,186,-1.0,0.755102,-37.66053
A,185.77551,186,-1.0,0.77551,-37.76811
A,185.795918,186,-1.0,0.795918,-37.88449
A,185.816327,186,-1.0,0.816327,-38.01016
A,185.836735,186,-1.0,0.836735,-38.14558
A,185.857143,186,-1.0,0.857143,-38.29127
A,185.877551,186,-1.0,0.877551,-38.44774
A,185.897959,186,-1.0,0.897959,-38.6155
A,185.918367,186,-1.0,0.918367,-38.79509
A,185.938776,186,-1.0,0.938776,-38.98706
A,185.959184,186,-1.0,0.959184,-39.19196
A,185.979592,186,-1.0,0.979592,-39.41036
A,186.0,186,-1.0,1.0,-39.64284
A,186.0,187,1.0,0.0,30.67784
A,186.020408,187,1.0,0.020408,32.09263
A,186.040816,187,1.0,0.040816,33.18887
A,186.061224,187,1.0,0.061224,34.0383
A,186.081633,187,1.0,0.081633,34.69654
A,186.102041,187,1.0,0.102041,35.20669
A,186.122449,187,1.0,0.122449,35.60216
A,186.142857,187,1.0,0.142857,35.9089
A,186.163265,187,1.0,0.163265,36.14699
A,186.183673,187,1.0,0.183673,36.33207
A,186.204082,187,1.0,0.204082,36.47626
A,186.22449,187,1.0,0.22449,36.589
A,186.244898,187,1.0,0.244898,36.67763
A,186.265306,187,1.0,0.265306,36.7479
A,186.285714,187,1.0,0.285714,36.80429
A,186.306122,187,1.0,0.306122,36.85033
A,186.326531,187,1.0,0.326531,36.8888
A,186.346939,187,1.0,0.346939,36.92191
A,186.367347,187,1.0,0.367347,36.95142
A,186.387755,187,1.0,0.387755,36.97875
A,186.408163,187,1.0,0.408163,37.00509
A,186.428571,187,1.0,0.428571,37.03138
A,186.44898,187,1.0,0.44898,37.05845
A,186.469388,187,1.0,0.469388,37.087
A,186.489796,187,1.0,0.489796,37.11765
A,186.510204,187,1.0,0.510204,37.15093
A,186.530612,187,1.0,0.530612,37.18737
A,186.55102,187,1.0,0.55102,37.22743
A,186.571429,187,1.0,0.571429,37.27155
A,186.591837,187,1.0,0.591837,37.32018
A,186.612245,187,1.0,0.612245,37.37374
A,186.632653,187,1.0,0.632653,37.43263
A,186.653061,187,1.0,0.653061,37.4973
A,186.673469,187,1.0,0.673469,37.56815
A,186.693878,187,1.0,0.693878,37.64561
A,186.714286,187,1.0,0.714286,37.73012
A,186.734694,187,1.0,0.734694,37.82212
A,186.755102,187,1.0,0.755102,37.92205
A,186.77551,187,1.0,0.77551,38.03038
A,186.795918,187,1.0,0.795918,38.14757
A,186.816327,187,1.0,0.816327,38.2741
A,186.836735,187,1.0,0.836735,38.41047
A,186.857143,187,1.0,0.857143,38.55717
A,186.877551,187,1.0,0.877551,38.71472
A,186.897959,187,1.0,0.897959,38.88365
A,186.918367,187,1.0,0.918367,39.06449
A,186.938776,187,1.0,0.938776,39.25779
A,186.959184,187,1.0,0.959184,39.46411
A,186.979592,187,1.0,0.979592,39.68403
A,187.0,187,1.0,1.0,39.91813
A,187.0,188,-1.0,0.0,-30.82675
A,187.020408,188,-1.0,0.020408,-32.24841
A,187.040816,188,-1.0,0.040816,-33.34997
A,187.061224,188,-1.0,0.061224,-34.20353
A,187.081633,188,-1.0,0.081633,-34.86496
A,187.102041,188,-1.0,0.102041,-35.37758
A,187.122449,188,-1.0,0.122449,-35.77498
A,187.142857,188,-1.0,0.142857,-36.0832
A,187.163265,188,-1.0,0.163265,-36.32245
A,187.183673,188,-1.0,0.183673,-36.50843
A,187.204082,188,-1.0,0.204082,-36.65332
A,187.22449,188,-1.0,0.22449,-36.7666
A,187.244898,188,-1.0,0.244898,-36.85567
A,187.265306,188,-1.0,0.265306,-36.92628
A,187.285714,188,-1.0,0.285714,-36.98294
A,187.306122,188,-1.0,0.306122,-37.02921
A,187.326531,188,-1.0,0.326531,-37.06786
A,187.346939,188,-1.0,0.346939,-37.10113
A,187.367347,188,-1.0,0.367347,-37.13078
A,187.387755,188,-1.0,0.387755,-37.15825
A,187.408163,188,-1.0,0.408163,-37.18471
A,187.428571,188,-1.0,0.428571,-37.21113
A,187.44898,188,-1.0,0.44898,-37.23834
A,187.469388,188,-1.0,0.469388,-37.26702
A,187.489796,188,-1.0,0.489796,-37.29782
A,187.510204,188,-1.0,0.510204,-37.33127
A,187.530612,188,-1.0,0.530612,-37.36788
A,187.55102,188,-1.0,0.55102,-37.40813
A,187.571429,188,-1.0,0.571429,-37.45247
A,187.591837,188,-1.0,0.591837,-37.50134
A,187.612245,188,-1.0,0.612245,-37.55515
A,187.632653,188,-1.0,0.632653,-37.61433
A,187.653061,188,-1.0,0.653061,-37.67931
A,187.673469,188,-1.0,0.673469,-37.75051
A,187.693878,188,-1.0,0.693878,-37.82835
A,187.714286,188,-1.0,0.714286,-37.91327
A,187.734694,188,-1.0,0.734694,-38.00571
A,187.755102,188,-1.0,0.755102,-38.10613
A,187.77551,188,-1.0,0.77551,-38.21498
A,187.795918,188,-1.0,0.795918,-38.33274
A,187.816327,188,-1.0,0.816327,-38.45989
A,187.836735,188,-1.0,0.836735,-38.59691
A,187.857143,188,-1.0,0.857143,-38.74433
A,187.877551,188,-1.0,0.877551,-38.90265
A,187.897959,188,-1.0,0.897959,-39.07239
A,187.918367,188,-1.0,0.918367,-39.25411
A,187.938776,188,-1.0,0.938776,-39.44835
A,187.959184,188,-1.0,0.959184,-39.65567
A,187.979592,188,-1.0,0.979592,-39.87666
A,188.0,188,-1.0,1.0,-40.11189
A,188.0,189,1.0,0.0,30.59544
A,188.020408,189,1.0,0.020408,32.00643
A,188.040816,189,1.0,0.040816,33.09973
A,188.061224,189,1.0,0.061224,33.94688
A,188.081633,189,1.0,0.081633,34.60335
A,188.102041,189,1.0,0.102041,35.11213
A,188.122449,189,1.0,0.122449,35.50655
A,188.142857,189,1.0,0.142857,35.81245
A,188.163265,189,1.0,0.163265,36.04991
A,188.183673,189,1.0,0.183673,36.23449
A,188.204082,189,1.0,0.204082,36.37829
A,188.22449,189,1.0,0.22449,36.49073
A,188.244898,189,1.0,0.244898,36.57912
A,188.265306,189,1.0,0.265306,36.6492
A,188.285714,189,1.0,0.285714,36.70544
A,188.306122,189,1.0,0.306122,36.75136
A,188.326531,189,1.0,0.326531,36.78973
A,188.346939,189,1.0,0.346939,36.82274
A,188.367347,189,1.0,0.367347,36.85217
A,188.387755,189,1.0,0.387755,36.87944
A,188.408163,189,1.0,0.408163,36.9057
A,188.428571,189,1.0,0.428571,36.93192
A,188.44898,189,1.0,0.44898,36.95892
A,188.469388,189,1.0,0.469388,36.9874
A,188.489796,189,1.0,0.489796,37.01796
A,188.510204,189,1.0,0.510204,37.05115
A,188.530612,189,1.0,0.530612,37.08749
A,188.55102,189,1.0,0.55102,37.12744
A,188.571429,189,1.0,0.571429,37.17145
A,188.591837,189,1.0,0.591837,37.21995
A,188.612245,189,1.0,0.612245,37.27336
A,188.632653,189,1.0,0.632653,37.3321
A,188.653061,189,1.0,0.653061,37.39659
A,188.673469,189,1.0,0.673469,37.46725
A,188.693878,189,1.0,0.693878,37.54451
A,188.714286,189,1.0,0.714286,37.62879
A,188.734694,189,1.0,0.734694,37.72054
A,188.755102,189,1.0,0.755102,37.8202
A,188.77551,189,1.0,0.77551,37.92824
A,188.795918,189,1.0,0.795918,38.04511
A,188.816327,189,1.0,0.816327,38.17131
A,188.836735,189,1.0,0.836735,38.30731
A,188.857143,189,1.0,0.857143,38.45362
A,188.877551,189,1.0,0.877551,38.61075
A,188.897959,189,1.0,0.897959,38.77922
A,188.918367,189,1.0,0.918367,38.95957
A,188.938776,189,1.0,0.938776,39.15235
A,188.959184,189,1.0,0.959184,39.35812
A,188.979592,189,1.0,0.979592,39.57745
A,189.0,189,1.0,1.0,39.81092
A,189.0,190,-1.0,0.0,-31.13101
A,189.020408,190,-1.0,0.020408,-32.5667
A,189.040816,190,-1.0,0.040816,-33.67913
A,189.061224,190,-1.0,0.061224,-34.54111
A,189.081633,190,-1.0,0.081633,-35.20907
A,189.102041,190,-1.0,0.102041,-35.72676
A,189.122449,190,-1.0,0.122449,-36.12808
A,189.142857,190,-1.0,0.142857,-36.43934
A,189.163265,190,-1.0,0.163265,-36.68095
A,189.183673,190,-1.0,0.183673,-36.86877
A,189.204082,190,-1.0,0.204082,-37.01509
A,189.22449,190,-1.0,0.22449,-37.12949
A,189.244898,190,-1.0,0.244898,-37.21943
A,189.265306,190,-1.0,0.265306,-37.29074
A,189.285714,190,-1.0,0.285714,-37.34796
A,189.306122,190,-1.0,0.306122,-37.39468
A,189.326531,190,-1.0,0.326531,-37.43372
A,189.346939,190,-1.0,0.346939,-37.46732
A,189.367347,190,-1.0,0.367347,-37.49726
A,189.387755,190,-1.0,0.387755,-37.525
A,189.408163,190,-1.0,0.408163,-37.55172
A,189.428571,190,-1.0,0.428571,-37.57841
A,189.44898,190,-1.0,0.44898,-37.60588
A,189.469388,190,-1.0,0.469388,-37.63485
A,189.489796,190,-1.0,0.489796,-37.66595
A,189.510204,190,-1.0,0.510204,-37.69972
A,189.530612,190,-1.0,0.530612,-37.7367
A,189.55102,190,-1.0,0.55102,-37.77735
A,189.571429,190,-1.0,0.571429,-37.82213
A,189.591837,190,-1.0,0.591837,-37.87147
A,189.612245,190,-1.0,0.612245,-37.92582
A,189.632653,190,-1.0,0.632653,-37.98559
A,189.653061,190,-1.0,0.653061,-38.05121
A,189.673469,190,-1.0,0.673469,-38.1231
A,189.693878,190,-1.0,0.693878,-38.20171
A,189.714286,190,-1.0,0.714286,-38.28747
A,189.734694,190,-1.0,0.734694,-38.38082
A,189.755102,190,-1.0,0.755102,-38.48223
A,189.77551,190,-1.0,0.77551,-38.59216
A,189.795918,190,-1.0,0.795918,-38.71108
A,189.816327,190,-1.0,0.816327,-38.83948
A,189.836735,190,-1.0,0.836735,-38.97787
A,189.857143,190,-1.0,0.857143,-39.12674
A,189.877551,190,-1.0,0.877551,-39.28662
A,189.897959,190,-1.0,0.897959,-39.45804
A,189.918367,190,-1.0,0.918367,-39.64155
A,189.938776,190,-1.0,0.938776,-39.8377
A,189.959184,190,-1.0,0.959184,-40.04707
A,189.979592,190,-1.0,0.979592,-40.27024
A,190.0,190,-1.0,1.0,-40.50779
A,190.0,191,1.0,0.0,31.02663
A,190.020408,191,1.0,0.020408,32.45751
A,190.040816,191,1.0,0.040816,33.56621
A,190.061224,191,1.0,0.061224,34.4253
A,190.081633,191,1.0,0.081633,35.09102
A,190.102041,191,1.0,0.102041,35.60697
A,190.122449,191,1.0,0.122449,36.00695
A,190.142857,191,1.0,0.142857,36.31717
A,190.163265,191,1.0,0.163265,36.55797
A,190.183673,191,1.0,0.183673,36.74515
A,190.204082,191,1.0,0.204082,36.89098
A,190.22449,191,1.0,0.22449,37.005
A,190.244898,191,1.0,0.244898,37.09464
A,190.265306,191,1.0,0.265306,37.16571
A,190.285714,191,1.0,0.285714,37.22274
A,190.306122,191,1.0,0.306122,37.2693
A,190.326531,191,1.0,0.326531,37.30821
A,190.346939,191,1.0,0.346939,37.34169
A,190.367347,191,1.0,0.367347,37.37154
A,190.387755,191,1.0,0.387755,37.39919
A,190.408163,191,1.0,0.408163,37.42582
A,190.428571,191,1.0,0.428571,37.45241
A,190.44898,191,1.0,0.44898,37.47979
A,190.469388,191,1.0,0.469388,37.50867
A,190.489796,191,1.0,0.489796,37.53966
A,190.510204,191,1.0,0.510204,37.57332
A,190.530612,191,1.0,0.530612,37.61018
A,190.55102,191,1.0,0.55102,37.65069
A,190.571429,191,1.0,0.571429,37.69532
A,190.591837,191,1.0,0.591837,37.7445
A,190.612245,191,1.0,0.612245,37.79866
A,190.632653,191,1.0,0.632653,37.85823
A,190.653061,191,1.0,0.653061,37.92363
A,190.673469,191,1.0,0.673469,37.99528
A,190.693878,191,1.0,0.693878,38.07363
A,190.714286,191,1.0,0.714286,38.1591
A,190.734694,191,1.0,0.734694,38.25214
A,190.755102,191,1.0,0.755102,38.35321
A,190.77551,191,1.0,0.77551,38.46277
A,190.795918,191,1.0,0.795918,38.58129
A,190.816327,191,1.0,0.816327,38.70926
A,190.836735,191,1.0,0.836735,38.84718
A,190.857143,191,1.0,0.857143,38.99555
A,190.877551,191,1.0,0.877551,39.15489
A,190.897959,191,1.0,0.897959,39.32574
A,190.918367,191,1.0,0.918367,39.50864
A,190.938776,191,1.0,0.938776,39.70414
A,190.959184,191,1.0,0.959184,39.9128
A,190.979592,191,1.0,0.979592,40.13522
A,191.0,191,1.0,1.0,40.37198
A,191.0,192,-1.0,0.0,-30.76461
A,191.020408,192,-1.0,0.020408,-32.1834
A,191.040816,192,-1.0,0.040816,-33.28274
A,191.061224,192,-1.0,0.061224,-34.13457
A,191.081633,192,-1.0,0.081633,-34.79467
A,191.102041,192,-1.0,0.102041,-35.30626
A,191.122449,192,-1.0,0.122449,-35.70286
A,191.142857,192,-1.0,0.142857,-36.01046
A,191.163265,192,-1.0,0.163265,-36.24923
A,191.183673,192,-1.0,0.183673,-36.43483
A,191.204082,192,-1.0,0.204082,-36.57943
A,191.22449,192,-1.0,0.22449,-36.69248
A,191.244898,192,-1.0,0.244898,-36.78137
A,191.265306,192,-1.0,0.265306,-36.85184
A,191.285714,192,-1.0,0.285714,-36.90839
A,191.306122,192,-1.0,0.306122,-36.95456
A,191.326531,192,-1.0,0.326531,-36.99314
A,191.346939,192,-1.0,0.346939,-37.02634
A,191.367347,192,-1.0,0.367347,-37.05593
A,191.387755,192,-1.0,0.387755,-37.08334
A,191.408163,192,-1.0,0.408163,-37.10975
A,191.428571,192,-1.0,0.428571,-37.13612
A,191.44898,192,-1.0,0.44898,-37.16327
A,191.469388,192,-1.0,0.469388,-37.1919
A,191.489796,192,-1.0,0.489796,-37.22263
A,191.510204,192,-1.0,0.510204,-37.25601
A,191.530612,192,-1.0,0.530612,-37.29255
A,191.55102,192,-1.0,0.55102,-37.33272
A,191.571429,192,-1.0,0.571429,-37.37697
A,191.591837,192,-1.0,0.591837,-37.42574
A,191.612245,192,-1.0,0.612245,-37.47944
A,191.632653,192,-1.0,0.632653,-37.53851
A,191.653061,192,-1.0,0.653061,-37.60335
A,191.673469,192,-1.0,0.673469,-37.6744
A,191.693878,192,-1.0,0.693878,-37.75209
A,191.714286,192,-1.0,0.714286,-37.83684
A,191.734694,192,-1.0,0.734694,-37.92909
A,191.755102,192,-1.0,0.755102,-38.02931
A,191.77551,192,-1.0,0.77551,-38.13794
A,191.795918,192,-1.0,0.795918,-38.25546
A,191.816327,192,-1.0,0.816327,-38.38235
A,191.836735,192,-1.0,0.836735,-38.51911
A,191.857143,192,-1.0,0.857143,-38.66622
A,191.877551,192,-1.0,0.877551,-38.82422
A,191.897959,192,-1.0,0.897959,-38.99363
A,191.918367,192,-1.0,0.918367,-39.17498
A,191.938776,192,-1.0,0.938776,-39.36883
A,191.959184,192,-1.0,0.959184,-39.57573
A,191.979592,192,-1.0,0.979592,-39.79627
A,192.0,192,-1.0,1.0,-40.03103
A,192.0,193,1.0,0.0,30.85354
A,192.020408,193,1.0,0.020408,32.27644
A,192.040816,193,1.0,0.040816,33.37895
A,192.061224,193,1.0,0.061224,34.23325
A,192.081633,193,1.0,0.081633,34.89526
A,192.102041,193,1.0,0.102041,35.40833
A,192.122449,193,1.0,0.122449,35.80607
A,192.142857,193,1.0,0.142857,36.11456
A,192.163265,193,1.0,0.163265,36.35402
A,192.183673,193,1.0,0.183673,36.54016
A,192.204082,193,1.0,0.204082,36.68518
A,192.22449,193,1.0,0.22449,36.79856
A,192.244898,193,1.0,0.244898,36.8877
A,192.265306,193,1.0,0.265306,36.95837
A,192.285714,193,1.0,0.285714,37.01509
A,192.306122,193,1.0,0.306122,37.06139
A,192.326531,193,1.0,0.326531,37.10008
A,192.346939,193,1.0,0.346939,37.13338
A,192.367347,193,1.0,0.367347,37.16306
A,192.387755,193,1.0,0.387755,37.19055
A,192.408163,193,1.0,0.408163,37.21703
A,192.428571,193,1.0,0.428571,37.24348
A,192.44898,193,1.0,0.44898,37.2707
A,192.469388,193,1.0,0.469388,37.29942
A,192.489796,193,1.0,0.489796,37.33024
A,192.510204,193,1.0,0.510204,37.36371
A,192.530612,193,1.0,0.530612,37.40036
A,192.55102,193,1.0,0.55102,37.44065
A,192.571429,193,1.0,0.571429,37.48503
A,192.591837,193,1.0,0.591837,37.53393
A,192.612245,193,1.0,0.612245,37.58779
A,192.632653,193,1.0,0.632653,37.64703
A,192.653061,193,1.0,0.653061,37.71206
A,192.673469,193,1.0,0.673469,37.78332
A,192.693878,193,1.0,0.693878,37.86123
A,192.714286,193,1.0,0.714286,37.94622
A,192.734694,193,1.0,0.734694,38.03874
A,192.755102,193,1.0,0.755102,38.13925
A,192.77551,193,1.0,0.77551,38.24819
A,192.795918,193,1.0,0.795918,38.36606
A,192.816327,193,1.0,0.816327,38.49331
A,192.836735,193,1.0,0.836735,38.63046
A,192.857143,193,1.0,0.857143,38.77801
A,192.877551,193,1.0,0.877551,38.93646
A,192.897959,193,1.0,0.897959,39.10636
A,192.918367,193,1.0,0.918367,39.28823
A,192.938776,193,1.0,0.938776,39.48264
A,192.959184,193,1.0,0.959184,39.69014
A,192.979592,193,1.0,0.979592,39.91132
A,193.0,193,1.0,1.0,40.14676
A,193.0,194,-1.0,0.0,-31.01297
A,193.020408,194,-1.0,0.020408,-32.44321
A,193.040816,194,-1.0,0.040816,-33.55143
A,193.061224,194,-1.0,0.061224,-34.41014
A,193.081633,194,-1.0,0.081633,-35.07557
A,193.102041,194,-1.0,0.102041,-35.59129
A,193.122449,194,-1.0,0.122449,-35.99109
A,193.142857,194,-1.0,0.142857,-36.30117
A,193.163265,194,-1.0,0.163265,-36.54187
A,193.183673,194,-1.0,0.183673,-36.72897
A,193.204082,194,-1.0,0.204082,-36.87473
A,193.22449,194,-1.0,0.22449,-36.9887
A,193.244898,194,-1.0,0.244898,-37.07831
A,193.265306,194,-1.0,0.265306,-37.14934
A,193.285714,194,-1.0,0.285714,-37.20635
A,193.306122,194,-1.0,0.306122,-37.25289
A,193.326531,194,-1.0,0.326531,-37.29178
A,193.346939,194,-1.0,0.346939,-37.32525
A,193.367347,194,-1.0,0.367347,-37.35508
A,193.387755,194,-1.0,0.387755,-37.38272
A,193.408163,194,-1.0,0.408163,-37.40934
A,193.428571,194,-1.0,0.428571,-37.43592
A,193.44898,194,-1.0,0.44898,-37.46329
A,193.469388,194,-1.0,0.469388,-37.49215
A,193.489796,194,-1.0,0.489796,-37.52313
A,193.510204,194,-1.0,0.510204,-37.55678
A,193.530612,194,-1.0,0.530612,-37.59361
A,193.55102,194,-1.0,0.55102,-37.63411
A,193.571429,194,-1.0,0.571429,-37.67872
A,193.591837,194,-1.0,0.591837,-37.72788
A,193.612245,194,-1.0,0.612245,-37.78201
A,193.632653,194,-1.0,0.632653,-37.84156
A,193.653061,194,-1.0,0.653061,-37.90693
A,193.673469,194,-1.0,0.673469,-37.97855
A,193.693878,194,-1.0,0.693878,-38.05686
A,193.714286,194,-1.0,0.714286,-38.14229
A,193.734694,194,-1.0,0.734694,-38.23529
A,193.755102,194,-1.0,0.755102,-38.33632
A,193.77551,194,-1.0,0.77551,-38.44583
A,193.795918,194,-1.0,0.795918,-38.5643
A,193.816327,194,-1.0,0.816327,-38.69221
A,193.836735,194,-1.0,0.836735,-38.83007
A,193.857143,194,-1.0,0.857143,-38.97838
A,193.877551,194,-1.0,0.877551,-39.13765
A,193.897959,194,-1.0,0.897959,-39.30842
A,193.918367,194,-1.0,0.918367,-39.49124
A,193.938776,194,-1.0,0.938776,-39.68665
A,193.959184,194,-1.0,0.959184,-39.89523
A,193.979592,194,-1.0,0.979592,-40.11755
A,194.0,194,-1.0,1.0,-40.3542
A,194.0,195,1.0,0.0,31.12932
A,194.020408,195,1.0,0.020408,32.56493
A,194.040816,195,1.0,0.040816,33.6773
A,194.061224,195,1.0,0.061224,34.53923
A,194.081633,195,1.0,0.081633,35.20716
A,194.102041,195,1.0,0.102041,35.72481
A,194.122449,195,1.0,0.122449,36.12611
A,194.142857,195,1.0,0.142857,36.43736
A,194.163265,195,1.0,0.163265,36.67896
A,194.183673,195,1.0,0.183673,36.86676
A,194.204082,195,1.0,0.204082,37.01307
A,194.22449,195,1.0,0.22449,37.12747
A,194.244898,195,1.0,0.244898,37.21741
A,194.265306,195,1.0,0.265306,37.28871
A,194.285714,195,1.0,0.285714,37.34593
A,194.306122,195,1.0,0.306122,37.39265
A,194.326531,195,1.0,0.326531,37.43169
A,194.346939,195,1.0,0.346939,37.46528
A,194.367347,195,1.0,0.367347,37.49522
A,194.387755,195,1.0,0.387755,37.52296
A,194.408163,195,1.0,0.408163,37.54968
A,194.428571,195,1.0,0.428571,37.57636
A,194.44898,195,1.0,0.44898,37.60383
A,194.469388,195,1.0,0.469388,37.6328
A,194.489796,195,1.0,0.489796,37.6639
A,194.510204,195,1.0,0.510204,37.69767
A,194.530612,195,1.0,0.530612,37.73465
A,194.55102,195,1.0,0.55102,37.7753
A,194.571429,195,1.0,0.571429,37.82007
A,194.591837,195,1.0,0.591837,37.86941
A,194.612245,195,1.0,0.612245,37.92376
A,194.632653,195,1.0,0.632653,37.98352
A,194.653061,195,1.0,0.653061,38.04914
A,194.673469,195,1.0,0.673469,38.12103
A,194.693878,195,1.0,0.693878,38.19963
A,194.714286,195,1.0,0.714286,38.28539
A,194.734694,195,1.0,0.734694,38.37874
A,194.755102,195,1.0,0.755102,38.48014
A,194.77551,195,1.0,0.77551,38.59006
A,194.795918,195,1.0,0.795918,38.70898
A,194.816327,195,1.0,0.816327,38.83737
A,194.836735,195,1.0,0.836735,38.97575
A,194.857143,195,1.0,0.857143,39.12461
A,194.877551,195,1.0,0.877551,39.28448
A,194.897959,195,1.0,0.897959,39.45589
A,194.918367,195,1.0,0.918367,39.63939
A,194.938776,195,1.0,0.938776,39.83554
A,194.959184,195,1.0,0.959184,40.0449
A,194.979592,195,1.0,0.979592,40.26805
A,195.0,195,1.0,1.0,40.50559
A,195.0,196,-1.0,0.0,-31.16544
A,195.020408,196,-1.0,0.020408,-32.60272
A,195.040816,196,-1.0,0.040816,-33.71638
A,195.061224,196,-1.0,0.061224,-34.57932
A,195.081633,196,-1.0,0.081633,-35.24802
A,195.102041,196,-1.0,0.102041,-35.76627
A,195.122449,196,-1.0,0.122449,-36.16804
A,195.142857,196,-1.0,0.142857,-36.47964
A,195.163265,196,-1.0,0.163265,-36.72152
A,195.183673,196,-1.0,0.183673,-36.90954
A,195.204082,196,-1.0,0.204082,-37.05602
A,195.22449,196,-1.0,0.22449,-37.17055
A,195.244898,196,-1.0,0.244898,-37.2606
A,195.265306,196,-1.0,0.265306,-37.33198
A,195.285714,196,-1.0,0.285714,-37.38927
A,195.306122,196,-1.0,0.306122,-37.43604
A,195.326531,196,-1.0,0.326531,-37.47512
A,195.346939,196,-1.0,0.346939,-37.50876
A,195.367347,196,-1.0,0.367347,-37.53873
A,195.387755,196,-1.0,0.387755,-37.56651
A,195.408163,196,-1.0,0.408163,-37.59326
A,195.428571,196,-1.0,0.428571,-37.61997
A,195.44898,196,-1.0,0.44898,-37.64747
A,195.469388,196,-1.0,0.469388,-37.67647
A,195.489796,196,-1.0,0.489796,-37.7076
A,195.510204,196,-1.0,0.510204,-37.74142
A,195.530612,196,-1.0,0.530612,-37.77844
A,195.55102,196,-1.0,0.55102,-37.81913
A,195.571429,196,-1.0,0.571429,-37.86396
A,195.591837,196,-1.0,0.591837,-37.91336
A,195.612245,196,-1.0,0.612245,-37.96776
A,195.632653,196,-1.0,0.632653,-38.0276
A,195.653061,196,-1.0,0.653061,-38.09329
A,195.673469,196,-1.0,0.673469,-38.16527
A,195.693878,196,-1.0,0.693878,-38.24396
A,195.714286,196,-1.0,0.714286,-38.32982
A,195.734694,196,-1.0,0.734694,-38.42327
A,195.755102,196,-1.0,0.755102,-38.52479
A,195.77551,196,-1.0,0.77551,-38.63484
A,195.795918,196,-1.0,0.795918,-38.7539
A,195.816327,196,-1.0,0.816327,-38.88244
A,195.836735,196,-1.0,0.836735,-39.02098
A,195.857143,196,-1.0,0.857143,-39.17001
A,195.877551,196,-1.0,0.877551,-39.33007
A,195.897959,196,-1.0,0.897959,-39.50168
A,195.918367,196,-1.0,0.918367,-39.68539
A,195.938776,196,-1.0,0.938776,-39.88177
A,195.959184,196,-1.0,0.959184,-40.09137
A,195.979592,196,-1.0,0.979592,-40.31478
A,196.0,196,-1.0,1.0,-40.5526
A,196.0,197,1.0,0.0,31.04066
A,196.020408,197,1.0,0.020408,32.47218
A,196.040816,197,1.0,0.040816,33.58139
A,196.061224,197,1.0,0.061224,34.44087
A,196.081633,197,1.0,0.081633,35.10689
A,196.102041,197,1.0,0.102041,35.62307
A,196.122449,197,1.0,0.122449,36.02323
A,196.142857,197,1.0,0.142857,36.33359
A,196.163265,197,1.0,0.163265,36.5745
A,196.183673,197,1.0,0.183673,36.76177
A,196.204082,197,1.0,0.204082,36.90766
A,196.22449,197,1.0,0.22449,37.02173
A,196.244898,197,1.0,0.244898,37.11142
A,196.265306,197,1.0,0.265306,37.18251
A,196.285714,197,1.0,0.285714,37.23957
A,196.306122,197,1.0,0.306122,37.28616
A,196.326531,197,1.0,0.326531,37.32508
A,196.346939,197,1.0,0.346939,37.35858
A,196.367347,197,1.0,0.367347,37.38844
A,196.387755,197,1.0,0.387755,37.4161
A,196.408163,197,1.0,0.408163,37.44274
A,196.428571,197,1.0,0.428571,37.46935
A,196.44898,197,1.0,0.44898,37.49674
A,196.469388,197,1.0,0.469388,37.52563
A,196.489796,197,1.0,0.489796,37.55663
A,196.510204,197,1.0,0.510204,37.59031
A,196.530612,197,1.0,0.530612,37.62718
A,196.55102,197,1.0,0.55102,37.66771
A,196.571429,197,1.0,0.571429,37.71236
A,196.591837,197,1.0,0.591837,37.76156
A,196.612245,197,1.0,0.612245,37.81575
A,196.632653,197,1.0,0.632653,37.87535
A,196.653061,197,1.0,0.653061,37.94078
A,196.673469,197,1.0,0.673469,38.01246
A,196.693878,197,1.0,0.693878,38.09084
A,196.714286,197,1.0,0.714286,38.17635
A,196.734694,197,1.0,0.734694,38.26944
A,196.755102,197,1.0,0.755102,38.37055
A,196.77551,197,1.0,0.77551,38.48016
A,196.795918,197,1.0,0.795918,38.59874
A,196.816327,197,1.0,0.816327,38.72677
A,196.836735,197,1.0,0.836735,38.86475
A,196.857143,197,1.0,0.857143,39.01318
A,196.877551,197,1.0,0.877551,39.1726
A,196.897959,197,1.0,0.897959,39.34353
A,196.918367,197,1.0,0.918367,39.5265
A,196.938776,197,1.0,0.938776,39.72209
A,196.959184,197,1.0,0.959184,39.93085
A,196.979592,197,1.0,0.979592,40.15337
A,197.0,197,1.0,1.0,40.39023
A,197.0,198,-1.0,0.0,-31.23662
A,197.020408,198,-1.0,0.020408,-32.67718
A,197.040816,198,-1.0,0.040816,-33.79339
A,197.061224,198,-1.0,0.061224,-34.65829
A,197.081633,198,-1.0,0.081633,-35.32852
A,197.102041,198,-1.0,0.102041,-35.84796
A,197.122449,198,-1.0,0.122449,-36.25064
A,197.142857,198,-1.0,0.142857,-36.56296
A,197.163265,198,-1.0,0.163265,-36.80539
A,197.183673,198,-1.0,0.183673,-36.99384
A,197.204082,198,-1.0,0.204082,-37.14066
A,197.22449,198,-1.0,0.22449,-37.25545
A,197.244898,198,-1.0,0.244898,-37.3457
A,197.265306,198,-1.0,0.265306,-37.41725
A,197.285714,198,-1.0,0.285714,-37.47467
A,197.306122,198,-1.0,0.306122,-37.52154
A,197.326531,198,-1.0,0.326531,-37.56071
A,197.346939,198,-1.0,0.346939,-37.59442
A,197.367347,198,-1.0,0.367347,-37.62447
A,197.387755,198,-1.0,0.387755,-37.65231
A,197.408163,198,-1.0,0.408163,-37.67912
A,197.428571,198,-1.0,0.428571,-37.70589
A,197.44898,198,-1.0,0.44898,-37.73346
A,197.469388,198,-1.0,0.469388,-37.76253
A,197.489796,198,-1.0,0.489796,-37.79373
A,197.510204,198,-1.0,0.510204,-37.82762
A,197.530612,198,-1.0,0.530612,-37.86472
A,197.55102,198,-1.0,0.55102,-37.90551
A,197.571429,198,-1.0,0.571429,-37.95044
A,197.591837,198,-1.0,0.591837,-37.99995
A,197.612245,198,-1.0,0.612245,-38.05448
A,197.632653,198,-1.0,0.632653,-38.11445
A,197.653061,198,-1.0,0.653061,-38.18029
A,197.673469,198,-1.0,0.673469,-38.25244
A,197.693878,198,-1.0,0.693878,-38.33131
A,197.714286,198,-1.0,0.714286,-38.41736
A,197.734694,198,-1.0,0.734694,-38.51103
A,197.755102,198,-1.0,0.755102,-38.61278
A,197.77551,198,-1.0,0.77551,-38.72308
A,197.795918,198,-1.0,0.795918,-38.84241
A,197.816327,198,-1.0,0.816327,-38.97125
A,197.836735,198,-1.0,0.836735,-39.1101
A,197.857143,198,-1.0,0.857143,-39.25947
A,197.877551,198,-1.0,0.877551,-39.41989
A,197.897959,198,-1.0,0.897959,-39.5919
A,197.918367,198,-1.0,0.918367,-39.77603
A,197.938776,198,-1.0,0.938776,-39.97285
A,197.959184,198,-1.0,0.959184,-40.18293
A,197.979592,198,-1.0,0.979592,-40.40686
A,198.0,198,-1.0,1.0,-40.64522
A,198.0,199,1.0,0.0,31.20538
A,198.020408,199,1.0,0.020408,32.6445
A,198.040816,199,1.0,0.040816,33.75959
A,198.061224,199,1.0,0.061224,34.62363
A,198.081633,199,1.0,0.081633,35.29319
A,198.102041,199,1.0,0.102041,35.81211
A,198.122449,199,1.0,0.122449,36.21439
A,198.142857,199,1.0,0.142857,36.52639
A,198.163265,199,1.0,0.163265,36.76859
A,198.183673,199,1.0,0.183673,36.95685
A,198.204082,199,1.0,0.204082,37.10351
A,198.22449,199,1.0,0.22449,37.21819
A,198.244898,199,1.0,0.244898,37.30835
A,198.265306,199,1.0,0.265306,37.37983
A,198.285714,199,1.0,0.285714,37.43719
A,198.306122,199,1.0,0.306122,37.48402
A,198.326531,199,1.0,0.326531,37.52315
A,198.346939,199,1.0,0.346939,37.55683
A,198.367347,199,1.0,0.367347,37.58684
A,198.387755,199,1.0,0.387755,37.61465
A,198.408163,199,1.0,0.408163,37.64143
A,198.428571,199,1.0,0.428571,37.66818
A,198.44898,199,1.0,0.44898,37.69572
A,198.469388,199,1.0,0.469388,37.72476
A,198.489796,199,1.0,0.489796,37.75593
A,198.510204,199,1.0,0.510204,37.78979
A,198.530612,199,1.0,0.530612,37.82685
A,198.55102,199,1.0,0.55102,37.8676
A,198.571429,199,1.0,0.571429,37.91248
A,198.591837,199,1.0,0.591837,37.96195
A,198.612245,199,1.0,0.612245,38.01642
A,198.632653,199,1.0,0.632653,38.07633
A,198.653061,199,1.0,0.653061,38.14211
A,198.673469,199,1.0,0.673469,38.21418
A,198.693878,199,1.0,0.693878,38.29297
A,198.714286,199,1.0,0.714286,38.37894
A,198.734694,199,1.0,0.734694,38.47252
A,198.755102,199,1.0,0.755102,38.57417
A,198.77551,199,1.0,0.77551,38.68436
A,198.795918,199,1.0,0.795918,38.80356
A,198.816327,199,1.0,0.816327,38.93227
A,198.836735,199,1.0,0.836735,39.07098
A,198.857143,199,1.0,0.857143,39.22021
A,198.877551,199,1.0,0.877551,39.38047
A,198.897959,199,1.0,0.897959,39.5523
A,198.918367,199,1.0,0.918367,39.73625
A,198.938776,199,1.0,0.938776,39.93288
A,198.959184,199,1.0,0.959184,40.14275
A,198.979592,199,1.0,0.979592,40.36644
A,199.0,199,1.0,1.0,40.60457
A,199.0,200,-1.0,0.0,-31.0452
A,199.020408,200,-1.0,0.020408,-32.47694
A,199.040816,200,-1.0,0.040816,-33.5863
A,199.061224,200,-1.0,0.061224,-34.44591
A,199.081633,200,-1.0,0.081633,-35.11203
A,199.102041,200,-1.0,0.102041,-35.62829
A,199.122449,200,-1.0,0.122449,-36.0285
A,199.142857,200,-1.0,0.142857,-36.33891
A,199.163265,200,-1.0,0.163265,-36.57985
A,199.183673,200,-1.0,0.183673,-36.76715
A,199.204082,200,-1.0,0.204082,-36.91306
A,199.22449,200,-1.0,0.22449,-37.02715
A,199.244898,200,-1.0,0.244898,-37.11685
A,199.265306,200,-1.0,0.265306,-37.18796
A,199.285714,200,-1.0,0.285714,-37.24502
A,199.306122,200,-1.0,0.306122,-37.29161
A,199.326531,200,-1.0,0.326531,-37.33054
A,199.346939,200,-1.0,0.346939,-37.36405
A,199.367347,200,-1.0,0.367347,-37.39391
A,199.387755,200,-1.0,0.387755,-37.42158
A,199.408163,200,-1.0,0.408163,-37.44822
A,199.428571,200,-1.0,0.428571,-37.47483
A,199.44898,200,-1.0,0.44898,-37.50223
A,199.469388,200,-1.0,0.469388,-37.53112
A,199.489796,200,-1.0,0.489796,-37.56213
A,199.510204,200,-1.0,0.510204,-37.59582
A,199.530612,200,-1.0,0.530612,-37.63269
A,199.55102,200,-1.0,0.55102,-37.67323
A,199.571429,200,-1.0,0.571429,-37.71788
A,199.591837,200,-1.0,0.591837,-37.76709
A,199.612245,200,-1.0,0.612245,-37.82129
A,199.632653,200,-1.0,0.632653,-37.88089
A,199.653061,200,-1.0,0.653061,-37.94633
A,199.673469,200,-1.0,0.673469,-38.01803
A,199.693878,200,-1.0,0.693878,-38.09642
A,199.714286,200,-1.0,0.714286,-38.18194
A,199.734694,200,-1.0,0.734694,-38.27504
A,199.755102,200,-1.0,0.755102,-38.37617
A,199.77551,200,-1.0,0.77551,-38.48579
A,199.795918,200,-1.0,0.795918,-38.60438
A,199.816327,200,-1.0,0.816327,-38.73243
A,199.836735,200,-1.0,0.836735,-38.87043
A,199.857143,200,-1.0,0.857143,-39.01889
A,199.877551,200,-1.0,0.877551,-39.17833
A,199.897959,200,-1.0,0.897959,-39.34928
A,199.918367,200,-1.0,0.918367,-39.53229
A,199.938776,200,-1.0,0.938776,-39.7279
A,199.959184,200,-1.0,0.959184,-39.9367
A,199.979592,200,-1.0,0.979592,-40.15925
A,200.0,200,-1.0,1.0,-40.39615
B,0.0,1,1.0,0.0,39.01
B,0.020408,1,1.0,0.020408,40.80905
B,0.040816,1,1.0,0.040816,42.20303
B,0.061224,1,1.0,0.061224,43.28317
B,0.081633,1,1.0,0.081633,44.12019
B,0.102041,1,1.0,0.102041,44.76889
B,0.122449,1,1.0,0.122449,45.27178
B,0.142857,1,1.0,0.142857,45.66182
B,0.163265,1,1.0,0.163265,45.96459
B,0.183673,1,1.0,0.183673,46.19993
B,0.204082,1,1.0,0.204082,46.38329
B,0.22449,1,1.0,0.22449,46.52664
B,0.244898,1,1.0,0.244898,46.63935
B,0.265306,1,1.0,0.265306,46.7287
B,0.285714,1,1.0,0.285714,46.80041
B,0.306122,1,1.0,0.306122,46.85896
B,0.326531,1,1.0,0.326531,46.90787
B,0.346939,1,1.0,0.346939,46.94997
B,0.367347,1,1.0,0.367347,46.9875
B,0.387755,1,1.0,0.387755,47.02226
B,0.408163,1,1.0,0.408163,47.05574
B,0.428571,1,1.0,0.428571,47.08918
B,0.44898,1,1.0,0.44898,47.1236
B,0.469388,1,1.0,0.469388,47.15991
B,0.489796,1,1.0,0.489796,47.19887
B,0.510204,1,1.0,0.510204,47.2412
B,0.530612,1,1.0,0.530612,47.28754
B,0.55102,1,1.0,0.55102,47.33847
B,0.571429,1,1.0,0.571429,47.39458
B,0.591837,1,1.0,0.591837,47.45642
B,0.612245,1,1.0,0.612245,47.52452
B,0.632653,1,1.0,0.632653,47.59941
B,0.653061,1,1.0,0.653061,47.68164
B,0.673469,1,1.0,0.673469,47.77173
B,0.693878,1,1.0,0.693878,47.87024
B,0.714286,1,1.0,0.714286,47.9777
B,0.734694,1,1.0,0.734694,48.09468
B,0.755102,1,1.0,0.755102,48.22176
B,0.77551,1,1.0,0.77551,48.3595
B,0.795918,1,1.0,0.795918,48.50852
B,0.816327,1,1.0,0.816327,48.66942
B,0.836735,1,1.0,0.836735,48.84283
B,0.857143,1,1.0,0.857143,49.02938
B,0.877551,1,1.0,0.877551,49.22972
B,0.897959,1,1.0,0.897959,49.44453
B,0.918367,1,1.0,0.918367,49.67448
B,0.938776,1,1.0,0.938776,49.92029
B,0.959184,1,1.0,0.959184,50.18264
B,0.979592,1,1.0,0.979592,50.46229
B,1.0,1,1.0,1.0,50.75997
B,1.0,2,-1.0,0.0,-38.72085
B,1.020408,2,-1.0,0.020408,-40.50656
B,1.040816,2,-1.0,0.040816,-41.89021
B,1.061224,2,-1.0,0.061224,-42.96235
B,1.081633,2,-1.0,0.081633,-43.79316
B,1.102041,2,-1.0,0.102041,-44.43706
B,1.122449,2,-1.0,0.122449,-44.93622
B,1.142857,2,-1.0,0.142857,-45.32337
B,1.163265,2,-1.0,0.163265,-45.62389
B,1.183673,2,-1.0,0.183673,-45.85749
B,1.204082,2,-1.0,0.204082,-46.03948
B,1.22449,2,-1.0,0.22449,-46.18178
B,1.244898,2,-1.0,0.244898,-46.29365
B,1.265306,2,-1.0,0.265306,-46.38234
B,1.285714,2,-1.0,0.285714,-46.45352
B,1.306122,2,-1.0,0.306122,-46.51163
B,1.326531,2,-1.0,0.326531,-46.56018
B,1.346939,2,-1.0,0.346939,-46.60197
B,1.367347,2,-1.0,0.367347,-46.63921
B,1.387755,2,-1.0,0.387755,-46.67372
B,1.408163,2,-1.0,0.408163,-46.70696
B,1.428571,2,-1.0,0.428571,-46.74014
B,1.44898,2,-1.0,0.44898,-46.77431
B,1.469388,2,-1.0,0.469388,-46.81035
B,1.489796,2,-1.0,0.489796,-46.84902
B,1.510204,2,-1.0,0.510204,-46.89104
B,1.530612,2,-1.0,0.530612,-46.93703
B,1.55102,2,-1.0,0.55102,-46.98759
B,1.571429,2,-1.0,0.571429,-47.04328
B,1.591837,2,-1.0,0.591837,-47.10466
B,1.612245,2,-1.0,0.612245,-47.17225
B,1.632653,2,-1.0,0.632653,-47.2466
B,1.653061,2,-1.0,0.653061,-47.32821
B,1.673469,2,-1.0,0.673469,-47.41764
B,1.693878,2,-1.0,0.693878,-47.51541
B,1.714286,2,-1.0,0.714286,-47.62208
B,1.734694,2,-1.0,0.734694,-47.73819
B,1.755102,2,-1.0,0.755102,-47.86432
B,1.77551,2,-1.0,0.77551,-48.00105
B,1.795918,2,-1.0,0.795918,-48.14897
B,1.816327,2,-1.0,0.816327,-48.30867
B,1.836735,2,-1.0,0.836735,-48.48079
B,1.857143,2,-1.0,0.857143,-48.66596
B,1.877551,2,-1.0,0.877551,-48.86482
B,1.897959,2,-1.0,0.897959,-49.07803
B,1.918367,2,-1.0,0.918367,-49.30629
B,1.938776,2,-1.0,0.938776,-49.55026
B,1.959184,2,-1.0,0.959184,-49.81068
B,1.979592,2,-1.0,0.979592,-50.08825
B,2.0,2,-1.0,1.0,-50.38373
B,2.0,3,1.0,0.0,38.76632
B,2.020408,3,1.0,0.020408,40.55413
B,2.040816,3,1.0,0.040816,41.93941
B,2.061224,3,1.0,0.061224,43.0128
B,2.081633,3,1.0,0.081633,43.84459
B,2.102041,3,1.0,0.102041,44.48924
B,2.122449,3,1.0,0.122449,44.98899
B,2.142857,3,1.0,0.142857,45.3766
B,2.163265,3,1.0,0.163265,45.67747
B,2.183673,3,1.0,0.183673,45.91134
B,2.204082,3,1.0,0.204082,46.09355
B,2.22449,3,1.0,0.22449,46.23601
B,2.244898,3,1.0,0.244898,46.34801
B,2.265306,3,1.0,0.265306,46.43681
B,2.285714,3,1.0,0.285714,46.50807
B,2.306122,3,1.0,0.306122,46.56625
B,2.326531,3,1.0,0.326531,46.61486
B,2.346939,3,1.0,0.346939,46.6567
B,2.367347,3,1.0,0.367347,46.69399
B,2.387755,3,1.0,0.387755,46.72853
B,2.408163,3,1.0,0.408163,46.76181
B,2.428571,3,1.0,0.428571,46.79503
B,2.44898,3,1.0,0.44898,46.82924
B,2.469388,3,1.0,0.469388,46.86532
B,2.489796,3,1.0,0.489796,46.90404
B,2.510204,3,1.0,0.510204,46.94611
B,2.530612,3,1.0,0.530612,46.99215
B,2.55102,3,1.0,0.55102,47.04277
B,2.571429,3,1.0,0.571429,47.09853
B,2.591837,3,1.0,0.591837,47.15998
B,2.612245,3,1.0,0.612245,47.22765
B,2.632653,3,1.0,0.632653,47.30208
B,2.653061,3,1.0,0.653061,47.38379
B,2.673469,3,1.0,0.673469,47.47332
B,2.693878,3,1.0,0.693878,47.57121
B,2.714286,3,1.0,0.714286,47.678
B,2.734694,3,1.0,0.734694,47.79426
B,2.755102,3,1.0,0.755102,47.92054
B,2.77551,3,1.0,0.77551,48.05742
B,2.795918,3,1.0,0.795918,48.20551
B,2.816327,3,1.0,0.816327,48.36541
B,2.836735,3,1.0,0.836735,48.53773
B,2.857143,3,1.0,0.857143,48.72311
B,2.877551,3,1.0,0.877551,48.9222
B,2.897959,3,1.0,0.897959,49.13567
B,2.918367,3,1.0,0.918367,49.36419
B,2.938776,3,1.0,0.938776,49.60846
B,2.959184,3,1.0,0.959184,49.86918
B,2.979592,3,1.0,0.979592,50.14708
B,3.0,3,1.0,1.0,50.44289
B,3.0,4,-1.0,0.0,-38.82069
B,3.020408,4,-1.0,0.020408,-40.61101
B,3.040816,4,-1.0,0.040816,-41.99823
B,3.061224,4,-1.0,0.061224,-43.07313
B,3.081633,4,-1.0,0.081633,-43.90609
B,3.102041,4,-1.0,0.102041,-44.55164
B,3.122449,4,-1.0,0.122449,-45.05209
B,3.142857,4,-1.0,0.142857,-45.44024
B,3.163265,4,-1.0,0.163265,-45.74154
B,3.183673,4,-1.0,0.183673,-45.97574
B,3.204082,4,-1.0,0.204082,-46.1582
B,3.22449,4,-1.0,0.22449,-46.30086
B,3.244898,4,-1.0,0.244898,-46.41302
B,3.265306,4,-1.0,0.265306,-46.50194
B,3.285714,4,-1.0,0.285714,-46.5733
B,3.306122,4,-1.0,0.306122,-46.63156
B,3.326531,4,-1.0,0.326531,-46.68024
B,3.346939,4,-1.0,0.346939,-46.72214
B,3.367347,4,-1.0,0.367347,-46.75948
B,3.387755,4,-1.0,0.387755,-46.79407
B,3.408163,4,-1.0,0.408163,-46.82739
B,3.428571,4,-1.0,0.428571,-46.86067
B,3.44898,4,-1.0,0.44898,-46.89492
B,3.469388,4,-1.0,0.469388,-46.93105
B,3.489796,4,-1.0,0.489796,-46.96983
B,3.510204,4,-1.0,0.510204,-47.01195
B,3.530612,4,-1.0,0.530612,-47.05806
B,3.55102,4,-1.0,0.55102,-47.10875
B,3.571429,4,-1.0,0.571429,-47.16459
B,3.591837,4,-1.0,0.591837,-47.22613
B,3.612245,4,-1.0,0.612245,-47.29389
B,3.632653,4,-1.0,0.632653,-47.36843
B,3.653061,4,-1.0,0.653061,-47.45025
B,3.673469,4,-1.0,0.673469,-47.53991
B,3.693878,4,-1.0,0.693878,-47.63794
B,3.714286,4,-1.0,0.714286,-47.74488
B,3.734694,4,-1.0,0.734694,-47.86129
B,3.755102,4,-1.0,0.755102,-47.98775
B,3.77551,4,-1.0,0.77551,-48.12483
B,3.795918,4,-1.0,0.795918,-48.27312
B,3.816327,4,-1.0,0.816327,-48.43324
B,3.836735,4,-1.0,0.836735,-48.60581
B,3.857143,4,-1.0,0.857143,-48.79145
B,3.877551,4,-1.0,0.877551,-48.99082
B,3.897959,4,-1.0,0.897959,-49.20459
B,3.918367,4,-1.0,0.918367,-49.43343
B,3.938776,4,-1.0,0.938776,-49.67804
B,3.959184,4,-1.0,0.959184,-49.93912
B,3.979592,4,-1.0,0.979592,-50.21741
B,4.0,4,-1.0,1.0,-50.51365
B,4.0,5,1.0,0.0,39.04542
B,4.020408,5,1.0,0.020408,40.8461
B,4.040816,5,1.0,0.040816,42.24135
B,4.061224,5,1.0,0.061224,43.32247
B,4.081633,5,1.0,0.081633,44.16025
B,4.102041,5,1.0,0.102041,44.80954
B,4.122449,5,1.0,0.122449,45.31289
B,4.142857,5,1.0,0.142857,45.70329
B,4.163265,5,1.0,0.163265,46.00633
B,4.183673,5,1.0,0.183673,46.24188
B,4.204082,5,1.0,0.204082,46.4254
B,4.22449,5,1.0,0.22449,46.56889
B,4.244898,5,1.0,0.244898,46.6817
B,4.265306,5,1.0,0.265306,46.77113
B,4.285714,5,1.0,0.285714,46.84291
B,4.306122,5,1.0,0.306122,46.9015
B,4.326531,5,1.0,0.326531,46.95047
B,4.346939,5,1.0,0.346939,46.9926
B,4.367347,5,1.0,0.367347,47.03016
B,4.387755,5,1.0,0.387755,47.06495
B,4.408163,5,1.0,0.408163,47.09847
B,4.428571,5,1.0,0.428571,47.13194
B,4.44898,5,1.0,0.44898,47.16639
B,4.469388,5,1.0,0.469388,47.20273
B,4.489796,5,1.0,0.489796,47.24173
B,4.510204,5,1.0,0.510204,47.2841
B,4.530612,5,1.0,0.530612,47.33047
B,4.55102,5,1.0,0.55102,47.38146
B,4.571429,5,1.0,0.571429,47.43762
B,4.591837,5,1.0,0.591837,47.49951
B,4.612245,5,1.0,0.612245,47.56767
B,4.632653,5,1.0,0.632653,47.64263
B,4.653061,5,1.0,0.653061,47.72493
B,4.673469,5,1.0,0.673469,47.81511
B,4.693878,5,1.0,0.693878,47.9137
B,4.714286,5,1.0,0.714286,48.02126
B,4.734694,5,1.0,0.734694,48.13835
B,4.755102,5,1.0,0.755102,48.26554
B,4.77551,5,1.0,0.77551,48.40341
B,4.795918,5,1.0,0.795918,48.55257
B,4.816327,5,1.0,0.816327,48.71361
B,4.836735,5,1.0,0.836735,48.88718
B,4.857143,5,1.0,0.857143,49.07389
B,4.877551,5,1.0,0.877551,49.27442
B,4.897959,5,1.0,0.897959,49.48942
B,4.918367,5,1.0,0.918367,49.71959
B,4.938776,5,1.0,0.938776,49.96561
B,4.959184,5,1.0,0.959184,50.22821
B,4.979592,5,1.0,0.979592,50.50811
B,5.0,5,1.0,1.0,50.80606
B,5.0,6,-1.0,0.0,-39.06977
B,5.020408,6,-1.0,0.020408,-40.87158
B,5.040816,6,-1.0,0.040816,-42.26769
B,5.061224,6,-1.0,0.061224,-43.34949
B,5.081633,6,-1.0,0.081633,-44.18779
B,5.102041,6,-1.0,0.102041,-44.83749
B,5.122449,6,-1.0,0.122449,-45.34115
B,5.142857,6,-1.0,0.142857,-45.73179
B,5.163265,6,-1.0,0.163265,-46.03502
B,5.183673,6,-1.0,0.183673,-46.27072
B,5.204082,6,-1.0,0.204082,-46.45435
B,5.22449,6,-1.0,0.22449,-46.59793
B,5.244898,6,-1.0,0.244898,-46.71081
B,5.265306,6,-1.0,0.265306,-46.8003
B,5.285714,6,-1.0,0.285714,-46.87212
B,5.306122,6,-1.0,0.306122,-46.93075
B,5.326531,6,-1.0,0.326531,-46.97975
B,5.346939,6,-1.0,0.346939,-47.02191
B,5.367347,6,-1.0,0.367347,-47.05949
B,5.387755,6,-1.0,0.387755,-47.09431
B,5.408163,6,-1.0,0.408163,-47.12784
B,5.428571,6,-1.0,0.428571,-47.16133
B,5.44898,6,-1.0,0.44898,-47.19581
B,5.469388,6,-1.0,0.469388,-47.23216
B,5.489796,6,-1.0,0.489796,-47.27119
B,5.510204,6,-1.0,0.510204,-47.31358
B,5.530612,6,-1.0,0.530612,-47.35999
B,5.55102,6,-1.0,0.55102,-47.411
B,5.571429,6,-1.0,0.571429,-47.4672
B,5.591837,6,-1.0,0.591837,-47.52913
B,5.612245,6,-1.0,0.612245,-47.59733
B,5.632653,6,-1.0,0.632653,-47.67234
B,5.653061,6,-1.0,0.653061,-47.7547
B,5.673469,6,-1.0,0.673469,-47.84493
B,5.693878,6,-1.0,0.693878,-47.94358
B,5.714286,6,-1.0,0.714286,-48.05121
B,5.734694,6,-1.0,0.734694,-48.16837
B,5.755102,6,-1.0,0.755102,-48.29564
B,5.77551,6,-1.0,0.77551,-48.4336
B,5.795918,6,-1.0,0.795918,-48.58285
B,5.816327,6,-1.0,0.816327,-48.74399
B,5.836735,6,-1.0,0.836735,-48.91766
B,5.857143,6,-1.0,0.857143,-49.1045
B,5.877551,6,-1.0,0.877551,-49.30515
B,5.897959,6,-1.0,0.897959,-49.52029
B,5.918367,6,-1.0,0.918367,-49.7506
B,5.938776,6,-1.0,0.938776,-49.99677
B,5.959184,6,-1.0,0.959184,-50.25953
B,5.979592,6,-1.0,0.979592,-50.53961
B,6.0,6,-1.0,1.0,-50.83774
B,6.0,7,1.0,0.0,39.36437
B,6.020408,7,1.0,0.020408,41.17976
B,6.040816,7,1.0,0.040816,42.5864
B,6.061224,7,1.0,0.061224,43.67636
B,6.081633,7,1.0,0.081633,44.52098
B,6.102041,7,1.0,0.102041,45.17557
B,6.122449,7,1.0,0.122449,45.68303
B,6.142857,7,1.0,0.142857,46.07662
B,6.163265,7,1.0,0.163265,46.38213
B,6.183673,7,1.0,0.183673,46.61962
B,6.204082,7,1.0,0.204082,46.80463
B,6.22449,7,1.0,0.22449,46.94929
B,6.244898,7,1.0,0.244898,47.06302
B,6.265306,7,1.0,0.265306,47.15319
B,6.285714,7,1.0,0.285714,47.22555
B,6.306122,7,1.0,0.306122,47.28462
B,6.326531,7,1.0,0.326531,47.33399
B,6.346939,7,1.0,0.346939,47.37647
B,6.367347,7,1.0,0.367347,47.41433
B,6.387755,7,1.0,0.387755,47.44941
B,6.408163,7,1.0,0.408163,47.4832
B,6.428571,7,1.0,0.428571,47.51694
B,6.44898,7,1.0,0.44898,47.55168
B,6.469388,7,1.0,0.469388,47.58831
B,6.489796,7,1.0,0.489796,47.62763
B,6.510204,7,1.0,0.510204,47.67034
B,6.530612,7,1.0,0.530612,47.7171
B,6.55102,7,1.0,0.55102,47.7685
B,6.571429,7,1.0,0.571429,47.82512
B,6.591837,7,1.0,0.591837,47.88751
B,6.612245,7,1.0,0.612245,47.95623
B,6.632653,7,1.0,0.632653,48.03181
B,6.653061,7,1.0,0.653061,48.11478
B,6.673469,7,1.0,0.673469,48.20569
B,6.693878,7,1.0,0.693878,48.30509
B,6.714286,7,1.0,0.714286,48.41353
B,6.734694,7,1.0,0.734694,48.53158
B,6.755102,7,1.0,0.755102,48.6598
B,6.77551,7,1.0,0.77551,48.7988
B,6.795918,7,1.0,0.795918,48.94918
B,6.816327,7,1.0,0.816327,49.11154
B,6.836735,7,1.0,0.836735,49.28652
B,6.857143,7,1.0,0.857143,49.47476
B,6.877551,7,1.0,0.877551,49.67692
B,6.897959,7,1.0,0.897959,49.89368
B,6.918367,7,1.0,0.918367,50.12573
B,6.938776,7,1.0,0.938776,50.37376
B,6.959184,7,1.0,0.959184,50.6385
B,6.979592,7,1.0,0.979592,50.92069
B,7.0,7,1.0,1.0,51.22107
B,7.0,8,-1.0,0.0,-39.33139
B,7.020408,8,-1.0,0.020408,-41.14526
B,7.040816,8,-1.0,0.040816,-42.55073
B,7.061224,8,-1.0,0.061224,-43.63977
B,7.081633,8,-1.0,0.081633,-44.48368
B,7.102041,8,-1.0,0.102041,-45.13773
B,7.122449,8,-1.0,0.122449,-45.64476
B,7.142857,8,-1.0,0.142857,-46.03802
B,7.163265,8,-1.0,0.163265,-46.34328
B,7.183673,8,-1.0,0.183673,-46.58056
B,7.204082,8,-1.0,0.204082,-46.76542
B,7.22449,8,-1.0,0.22449,-46.90996
B,7.244898,8,-1.0,0.244898,-47.0236
B,7.265306,8,-1.0,0.265306,-47.11369
B,7.285714,8,-1.0,0.285714,-47.18598
B,7.306122,8,-1.0,0.306122,-47.24501
B,7.326531,8,-1.0,0.326531,-47.29433
B,7.346939,8,-1.0,0.346939,-47.33678
B,7.367347,8,-1.0,0.367347,-47.37461
B,7.387755,8,-1.0,0.387755,-47.40966
B,7.408163,8,-1.0,0.408163,-47.44342
B,7.428571,8,-1.0,0.428571,-47.47713
B,7.44898,8,-1.0,0.44898,-47.51184
B,7.469388,8,-1.0,0.469388,-47.54844
B,7.489796,8,-1.0,0.489796,-47.58773
B,7.510204,8,-1.0,0.510204,-47.63041
B,7.530612,8,-1.0,0.530612,-47.67712
B,7.55102,8,-1.0,0.55102,-47.72848
B,7.571429,8,-1.0,0.571429,-47.78505
B,7.591837,8,-1.0,0.591837,-47.8474
B,7.612245,8,-1.0,0.612245,-47.91606
B,7.632653,8,-1.0,0.632653,-47.99157
B,7.653061,8,-1.0,0.653061,-48.07447
B,7.673469,8,-1.0,0.673469,-48.16531
B,7.693878,8,-1.0,0.693878,-48.26462
B,7.714286,8,-1.0,0.714286,-48.37297
B,7.734694,8,-1.0,0.734694,-48.49092
B,7.755102,8,-1.0,0.755102,-48.61904
B,7.77551,8,-1.0,0.77551,-48.75792
B,7.795918,8,-1.0,0.795918,-48.90817
B,7.816327,8,-1.0,0.816327,-49.07039
B,7.836735,8,-1.0,0.836735,-49.24523
B,7.857143,8,-1.0,0.857143,-49.43331
B,7.877551,8,-1.0,0.877551,-49.63531
B,7.897959,8,-1.0,0.897959,-49.85189
B,7.918367,8,-1.0,0.918367,-50.08374
B,7.938776,8,-1.0,0.938776,-50.33156
B,7.959184,8,-1.0,0.959184,-50.59608
B,7.979592,8,-1.0,0.979592,-50.87803
B,8.0,8,-1.0,1.0,-51.17816
B,8.0,9,1.0,0.0,39.52554
B,8.020408,9,1.0,0.020408,41.34836
B,8.040816,9,1.0,0.040816,42.76076
B,8.061224,9,1.0,0.061224,43.85518
B,8.081633,9,1.0,0.081633,44.70326
B,8.102041,9,1.0,0.102041,45.36053
B,8.122449,9,1.0,0.122449,45.87007
B,8.142857,9,1.0,0.142857,46.26527
B,8.163265,9,1.0,0.163265,46.57203
B,8.183673,9,1.0,0.183673,46.81049
B,8.204082,9,1.0,0.204082,46.99626
B,8.22449,9,1.0,0.22449,47.14151
B,8.244898,9,1.0,0.244898,47.25571
B,8.265306,9,1.0,0.265306,47.34625
B,8.285714,9,1.0,0.285714,47.4189
B,8.306122,9,1.0,0.306122,47.47822
B,8.326531,9,1.0,0.326531,47.52778
B,8.346939,9,1.0,0.346939,47.57044
B,8.367347,9,1.0,0.367347,47.60846
B,8.387755,9,1.0,0.387755,47.64368
B,8.408163,9,1.0,0.408163,47.67761
B,8.428571,9,1.0,0.428571,47.71148
B,8.44898,9,1.0,0.44898,47.74636
B,8.469388,9,1.0,0.469388,47.78315
B,8.489796,9,1.0,0.489796,47.82263
B,8.510204,9,1.0,0.510204,47.86552
B,8.530612,9,1.0,0.530612,47.91246
B,8.55102,9,1.0,0.55102,47.96407
B,8.571429,9,1.0,0.571429,48.02092
B,8.591837,9,1.0,0.591837,48.08358
B,8.612245,9,1.0,0.612245,48.15258
B,8.632653,9,1.0,0.632653,48.22846
B,8.653061,9,1.0,0.653061,48.31178
B,8.673469,9,1.0,0.673469,48.40306
B,8.693878,9,1.0,0.693878,48.50286
B,8.714286,9,1.0,0.714286,48.61175
B,8.734694,9,1.0,0.734694,48.73028
B,8.755102,9,1.0,0.755102,48.85903
B,8.77551,9,1.0,0.77551,48.9986
B,8.795918,9,1.0,0.795918,49.14959
B,8.816327,9,1.0,0.816327,49.31261
B,8.836735,9,1.0,0.836735,49.48831
B,8.857143,9,1.0,0.857143,49.67732
B,8.877551,9,1.0,0.877551,49.88031
B,8.897959,9,1.0,0.897959,50.09796
B,8.918367,9,1.0,0.918367,50.33096
B,8.938776,9,1.0,0.938776,50.58001
B,8.959184,9,1.0,0.959184,50.84583
B,8.979592,9,1.0,0.979592,51.12917
B,9.0,9,1.0,1.0,51.43079
B,9.0,10,-1.0,0.0,-39.33432
B,9.020408,10,-1.0,0.020408,-41.14833
B,9.040816,10,-1.0,0.040816,-42.5539
B,9.061224,10,-1.0,0.061224,-43.64302
B,9.081633,10,-1.0,0.081633,-44.487
B,9.102041,10,-1.0,0.102041,-45.1411
B,9.122449,10,-1.0,0.122449,-45.64817
B,9.142857,10,-1.0,0.142857,-46.04145
B,9.163265,10,-1.0,0.163265,-46.34673
B,9.183673,10,-1.0,0.183673,-46.58403
B,9.204082,10,-1.0,0.204082,-46.76891
B,9.22449,10,-1.0,0.22449,-46.91346
B,9.244898,10,-1.0,0.244898,-47.0271
B,9.265306,10,-1.0,0.265306,-47.1172
B,9.285714,10,-1.0,0.285714,-47.1895
B,9.306122,10,-1.0,0.306122,-47.24854
B,9.326531,10,-1.0,0.326531,-47.29786
B,9.346939,10,-1.0,0.346939,-47.34031
B,9.367347,10,-1.0,0.367347,-47.37814
B,9.387755,10,-1.0,0.387755,-47.4132
B,9.408163,10,-1.0,0.408163,-47.44696
B,9.428571,10,-1.0,0.428571,-47.48067
B,9.44898,10,-1.0,0.44898,-47.51538
B,9.469388,10,-1.0,0.469388,-47.55199
B,9.489796,10,-1.0,0.489796,-47.59128
B,9.510204,10,-1.0,0.510204,-47.63396
B,9.530612,10,-1.0,0.530612,-47.68068
B,9.55102,10,-1.0,0.55102,-47.73204
B,9.571429,10,-1.0,0.571429,-47.78862
B,9.591837,10,-1.0,0.591837,-47.85096
B,9.612245,10,-1.0,0.612245,-47.91963
B,9.632653,10,-1.0,0.632653,-47.99515
B,9.653061,10,-1.0,0.653061,-48.07806
B,9.673469,10,-1.0,0.673469,-48.1689
B,9.693878,10,-1.0,0.693878,-48.26822
B,9.714286,10,-1.0,0.714286,-48.37658
B,9.734694,10,-1.0,0.734694,-48.49453
B,9.755102,10,-1.0,0.755102,-48.62266
B,9.77551,10,-1.0,0.77551,-48.76156
B,9.795918,10,-1.0,0.795918,-48.91182
B,9.816327,10,-1.0,0.816327,-49.07405
B,9.836735,10,-1.0,0.836735,-49.2489
B,9.857143,10,-1.0,0.857143,-49.437
B,9.877551,10,-1.0,0.877551,-49.63901
B,9.897959,10,-1.0,0.897959,-49.8556
B,9.918367,10,-1.0,0.918367,-50.08747
B,9.938776,10,-1.0,0.938776,-50.33532
B,9.959184,10,-1.0,0.959184,-50.59986
B,9.979592,10,-1.0,0.979592,-50.88183
B,10.0,10,-1.0,1.0,-51.18198
B,10.0,11,1.0,0.0,39.20188
B,10.020408,11,1.0,0.020408,41.00978
B,10.040816,11,1.0,0.040816,42.41062
B,10.061224,11,1.0,0.061224,43.49608
B,10.081633,11,1.0,0.081633,44.33721
B,10.102041,11,1.0,0.102041,44.9891
B,10.122449,11,1.0,0.122449,45.49447
B,10.142857,11,1.0,0.142857,45.88643
B,10.163265,11,1.0,0.163265,46.19068
B,10.183673,11,1.0,0.183673,46.42719
B,10.204082,11,1.0,0.204082,46.61144
B,10.22449,11,1.0,0.22449,46.7555
B,10.244898,11,1.0,0.244898,46.86876
B,10.265306,11,1.0,0.265306,46.95856
B,10.285714,11,1.0,0.285714,47.03062
B,10.306122,11,1.0,0.306122,47.08945
B,10.326531,11,1.0,0.326531,47.13861
B,10.346939,11,1.0,0.346939,47.18091
B,10.367347,11,1.0,0.367347,47.21862
B,10.387755,11,1.0,0.387755,47.25356
B,10.408163,11,1.0,0.408163,47.2872
B,10.428571,11,1.0,0.428571,47.3208
B,10.44898,11,1.0,0.44898,47.3554
B,10.469388,11,1.0,0.469388,47.39188
B,10.489796,11,1.0,0.489796,47.43104
B,10.510204,11,1.0,0.510204,47.47357
B,10.530612,11,1.0,0.530612,47.52014
B,10.55102,11,1.0,0.55102,47.57132
B,10.571429,11,1.0,0.571429,47.62771
B,10.591837,11,1.0,0.591837,47.68985
B,10.612245,11,1.0,0.612245,47.75828
B,10.632653,11,1.0,0.632653,47.83355
B,10.653061,11,1.0,0.653061,47.91618
B,10.673469,11,1.0,0.673469,48.00672
B,10.693878,11,1.0,0.693878,48.1057
B,10.714286,11,1.0,0.714286,48.2137
B,10.734694,11,1.0,0.734694,48.33125
B,10.755102,11,1.0,0.755102,48.45895
B,10.77551,11,1.0,0.77551,48.59738
B,10.795918,11,1.0,0.795918,48.74713
B,10.816327,11,1.0,0.816327,48.90882
B,10.836735,11,1.0,0.836735,49.08308
B,10.857143,11,1.0,0.857143,49.27055
B,10.877551,11,1.0,0.877551,49.47188
B,10.897959,11,1.0,0.897959,49.68774
B,10.918367,11,1.0,0.918367,49.91883
B,10.938776,11,1.0,0.938776,50.16584
B,10.959184,11,1.0,0.959184,50.42949
B,10.979592,11,1.0,0.979592,50.71051
B,11.0,11,1.0,1.0,51.00965
B,11.0,12,-1.0,0.0,-39.4638
B,11.020408,12,-1.0,0.020408,-41.28378
B,11.040816,12,-1.0,0.040816,-42.69398
B,11.061224,12,-1.0,0.061224,-43.78669
B,11.081633,12,-1.0,0.081633,-44.63344
B,11.102041,12,-1.0,0.102041,-45.28969
B,11.122449,12,-1.0,0.122449,-45.79843
B,11.142857,12,-1.0,0.142857,-46.19301
B,11.163265,12,-1.0,0.163265,-46.4993
B,11.183673,12,-1.0,0.183673,-46.73738
B,11.204082,12,-1.0,0.204082,-46.92286
B,11.22449,12,-1.0,0.22449,-47.06789
B,11.244898,12,-1.0,0.244898,-47.18191
B,11.265306,12,-1.0,0.265306,-47.2723
B,11.285714,12,-1.0,0.285714,-47.34484
B,11.306122,12,-1.0,0.306122,-47.40407
B,11.326531,12,-1.0,0.326531,-47.45355
B,11.346939,12,-1.0,0.346939,-47.49614
B,11.367347,12,-1.0,0.367347,-47.5341
B,11.387755,12,-1.0,0.387755,-47.56927
B,11.408163,12,-1.0,0.408163,-47.60314
B,11.428571,12,-1.0,0.428571,-47.63697
B,11.44898,12,-1.0,0.44898,-47.67179
B,11.469388,12,-1.0,0.469388,-47.70852
B,11.489796,12,-1.0,0.489796,-47.74794
B,11.510204,12,-1.0,0.510204,-47.79076
B,11.530612,12,-1.0,0.530612,-47.83763
B,11.55102,12,-1.0,0.55102,-47.88916
B,11.571429,12,-1.0,0.571429,-47.94592
B,11.591837,12,-1.0,0.591837,-48.00848
B,11.612245,12,-1.0,0.612245,-48.07737
B,11.632653,12,-1.0,0.632653,-48.15314
B,11.653061,12,-1.0,0.653061,-48.23632
B,11.673469,12,-1.0,0.673469,-48.32746
B,11.693878,12,-1.0,0.693878,-48.42711
B,11.714286,12,-1.0,0.714286,-48.53582
B,11.734694,12,-1.0,0.734694,-48.65417
B,11.755102,12,-1.0,0.755102,-48.78272
B,11.77551,12,-1.0,0.77551,-48.92207
B,11.795918,12,-1.0,0.795918,-49.07282
B,11.816327,12,-1.0,0.816327,-49.23559
B,11.836735,12,-1.0,0.836735,-49.41102
B,11.857143,12,-1.0,0.857143,-49.59974
B,11.877551,12,-1.0,0.877551,-49.80241
B,11.897959,12,-1.0,0.897959,-50.01972
B,11.918367,12,-1.0,0.918367,-50.25235
B,11.938776,12,-1.0,0.938776,-50.50101
B,11.959184,12,-1.0,0.959184,-50.76642
B,11.979592,12,-1.0,0.979592,-51.04932
B,12.0,12,-1.0,1.0,-51.35046
B,12.0,13,1.0,0.0,39.35037
B,12.020408,13,1.0,0.020408,41.16512
B,12.040816,13,1.0,0.040816,42.57126
B,12.061224,13,1.0,0.061224,43.66083
B,12.081633,13,1.0,0.081633,44.50515
B,12.102041,13,1.0,0.102041,45.15951
B,12.122449,13,1.0,0.122449,45.66679
B,12.142857,13,1.0,0.142857,46.06024
B,12.163265,13,1.0,0.163265,46.36564
B,12.183673,13,1.0,0.183673,46.60304
B,12.204082,13,1.0,0.204082,46.78799
B,12.22449,13,1.0,0.22449,46.9326
B,12.244898,13,1.0,0.244898,47.04629
B,12.265306,13,1.0,0.265306,47.13642
B,12.285714,13,1.0,0.285714,47.20876
B,12.306122,13,1.0,0.306122,47.26781
B,12.326531,13,1.0,0.326531,47.31716
B,12.346939,13,1.0,0.346939,47.35962
B,12.367347,13,1.0,0.367347,47.39747
B,12.387755,13,1.0,0.387755,47.43254
B,12.408163,13,1.0,0.408163,47.46632
B,12.428571,13,1.0,0.428571,47.50004
B,12.44898,13,1.0,0.44898,47.53477
B,12.469388,13,1.0,0.469388,47.57139
B,12.489796,13,1.0,0.489796,47.61069
B,12.510204,13,1.0,0.510204,47.65339
B,12.530612,13,1.0,0.530612,47.70013
B,12.55102,13,1.0,0.55102,47.75151
B,12.571429,13,1.0,0.571429,47.80811
B,12.591837,13,1.0,0.591837,47.87049
B,12.612245,13,1.0,0.612245,47.93918
B,12.632653,13,1.0,0.632653,48.01473
B,12.653061,13,1.0,0.653061,48.09767
B,12.673469,13,1.0,0.673469,48.18855
B,12.693878,13,1.0,0.693878,48.28792
B,12.714286,13,1.0,0.714286,48.39632
B,12.734694,13,1.0,0.734694,48.51432
B,12.755102,13,1.0,0.755102,48.6425
B,12.77551,13,1.0,0.77551,48.78145
B,12.795918,13,1.0,0.795918,48.93177
B,12.816327,13,1.0,0.816327,49.09408
B,12.836735,13,1.0,0.836735,49.26899
B,12.857143,13,1.0,0.857143,49.45717
B,12.877551,13,1.0,0.877551,49.65926
B,12.897959,13,1.0,0.897959,49.87595
B,12.918367,13,1.0,0.918367,50.10791
B,12.938776,13,1.0,0.938776,50.35585
B,12.959184,13,1.0,0.959184,50.6205
B,12.979592,13,1.0,0.979592,50.90259
B,13.0,13,1.0,1.0,51.20286
B,13.0,14,-1.0,0.0,-39.21194
B,13.020408,14,-1.0,0.020408,-41.0203
B,13.040816,14,-1.0,0.040816,-42.4215
B,13.061224,14,-1.0,0.061224,-43.50723
B,13.081633,14,-1.0,0.081633,-44.34858
B,13.102041,14,-1.0,0.102041,-45.00064
B,13.122449,14,-1.0,0.122449,-45.50614
B,13.142857,14,-1.0,0.142857,-45.8982
B,13.163265,14,-1.0,0.163265,-46.20253
B,13.183673,14,-1.0,0.183673,-46.43909
B,13.204082,14,-1.0,0.204082,-46.62339
B,13.22449,14,-1.0,0.22449,-46.76749
B,13.244898,14,-1.0,0.244898,-46.88078
B,13.265306,14,-1.0,0.265306,-46.9706
B,13.285714,14,-1.0,0.285714,-47.04268
B,13.306122,14,-1.0,0.306122,-47.10153
B,13.326531,14,-1.0,0.326531,-47.1507
B,13.346939,14,-1.0,0.346939,-47.19301
B,13.367347,14,-1.0,0.367347,-47.23073
B,13.387755,14,-1.0,0.387755,-47.26567
B,13.408163,14,-1.0,0.408163,-47.29933
B,13.428571,14,-1.0,0.428571,-47.33294
B,13.44898,14,-1.0,0.44898,-47.36754
B,13.469388,14,-1.0,0.469388,-47.40403
B,13.489796,14,-1.0,0.489796,-47.4432
B,13.510204,14,-1.0,0.510204,-47.48575
B,13.530612,14,-1.0,0.530612,-47.53232
B,13.55102,14,-1.0,0.55102,-47.58352
B,13.571429,14,-1.0,0.571429,-47.63993
B,13.591837,14,-1.0,0.591837,-47.70208
B,13.612245,14,-1.0,0.612245,-47.77053
B,13.632653,14,-1.0,0.632653,-47.84582
B,13.653061,14,-1.0,0.653061,-47.92847
B,13.673469,14,-1.0,0.673469,-48.01903
B,13.693878,14,-1.0,0.693878,-48.11804
B,13.714286,14,-1.0,0.714286,-48.22606
B,13.734694,14,-1.0,0.734694,-48.34365
B,13.755102,14,-1.0,0.755102,-48.47138
B,13.77551,14,-1.0,0.77551,-48.60984
B,13.795918,14,-1.0,0.795918,-48.75963
B,13.816327,14,-1.0,0.816327,-48.92136
B,13.836735,14,-1.0,0.836735,-49.09567
B,13.857143,14,-1.0,0.857143,-49.28318
B,13.877551,14,-1.0,0.877551,-49.48456
B,13.897959,14,-1.0,0.897959,-49.70048
B,13.918367,14,-1.0,0.918367,-49.93163
B,13.938776,14,-1.0,0.938776,-50.1787
B,13.959184,14,-1.0,0.959184,-50.44242
B,13.979592,14,-1.0,0.979592,-50.72351
B,14.0,14,-1.0,1.0,-51.02273
B,14.0,15,1.0,0.0,39.47007
B,14.020408,15,1.0,0.020408,41.29034
B,14.040816,15,1.0,0.040816,42.70076
B,14.061224,15,1.0,0.061224,43.79364
B,14.081633,15,1.0,0.081633,44.64053
B,14.102041,15,1.0,0.102041,45.29689
B,14.122449,15,1.0,0.122449,45.80571
B,14.142857,15,1.0,0.142857,46.20035
B,14.163265,15,1.0,0.163265,46.50668
B,14.183673,15,1.0,0.183673,46.7448
B,14.204082,15,1.0,0.204082,46.93032
B,14.22449,15,1.0,0.22449,47.07537
B,14.244898,15,1.0,0.244898,47.1894
B,14.265306,15,1.0,0.265306,47.27981
B,14.285714,15,1.0,0.285714,47.35236
B,14.306122,15,1.0,0.306122,47.4116
B,14.326531,15,1.0,0.326531,47.46109
B,14.346939,15,1.0,0.346939,47.50369
B,14.367347,15,1.0,0.367347,47.54165
B,14.387755,15,1.0,0.387755,47.57683
B,14.408163,15,1.0,0.408163,47.61071
B,14.428571,15,1.0,0.428571,47.64454
B,14.44898,15,1.0,0.44898,47.67937
B,14.469388,15,1.0,0.469388,47.7161
B,14.489796,15,1.0,0.489796,47.75552
B,14.510204,15,1.0,0.510204,47.79835
B,14.530612,15,1.0,0.530612,47.84523
B,14.55102,15,1.0,0.55102,47.89677
B,14.571429,15,1.0,0.571429,47.95354
B,14.591837,15,1.0,0.591837,48.01611
B,14.612245,15,1.0,0.612245,48.08501
B,14.632653,15,1.0,0.632653,48.16079
B,14.653061,15,1.0,0.653061,48.24399
B,14.673469,15,1.0,0.673469,48.33514
B,14.693878,15,1.0,0.693878,48.43481
B,14.714286,15,1.0,0.714286,48.54354
B,14.734694,15,1.0,0.734694,48.6619
B,14.755102,15,1.0,0.755102,48.79047
B,14.77551,15,1.0,0.77551,48.92984
B,14.795918,15,1.0,0.795918,49.08062
B,14.816327,15,1.0,0.816327,49.24342
B,14.836735,15,1.0,0.836735,49.41887
B,14.857143,15,1.0,0.857143,49.60762
B,14.877551,15,1.0,0.877551,49.81032
B,14.897959,15,1.0,0.897959,50.02767
B,14.918367,15,1.0,0.918367,50.26033
B,14.938776,15,1.0,0.938776,50.50903
B,14.959184,15,1.0,0.959184,50.77449
B,14.979592,15,1.0,0.979592,51.05743
B,15.0,15,1.0,1.0,51.35862
B,15.0,16,-1.0,0.0,-39.69005
B,15.020408,16,-1.0,0.020408,-41.52046
B,15.040816,16,-1.0,0.040816,-42.93875
B,15.061224,16,-1.0,0.061224,-44.03772
B,15.081633,16,-1.0,0.081633,-44.88933
B,15.102041,16,-1.0,0.102041,-45.54934
B,15.122449,16,-1.0,0.122449,-46.061
B,15.142857,16,-1.0,0.142857,-46.45784
B,15.163265,16,-1.0,0.163265,-46.76588
B,15.183673,16,-1.0,0.183673,-47.00533
B,15.204082,16,-1.0,0.204082,-47.19188
B,15.22449,16,-1.0,0.22449,-47.33773
B,15.244898,16,-1.0,0.244898,-47.4524
B,15.265306,16,-1.0,0.265306,-47.54332
B,15.285714,16,-1.0,0.285714,-47.61627
B,15.306122,16,-1.0,0.306122,-47.67584
B,15.326531,16,-1.0,0.326531,-47.72561
B,15.346939,16,-1.0,0.346939,-47.76844
B,15.367347,16,-1.0,0.367347,-47.80662
B,15.387755,16,-1.0,0.387755,-47.84199
B,15.408163,16,-1.0,0.408163,-47.87606
B,15.428571,16,-1.0,0.428571,-47.91007
B,15.44898,16,-1.0,0.44898,-47.9451
B,15.469388,16,-1.0,0.469388,-47.98204
B,15.489796,16,-1.0,0.489796,-48.02168
B,15.510204,16,-1.0,0.510204,-48.06475
B,15.530612,16,-1.0,0.530612,-48.11189
B,15.55102,16,-1.0,0.55102,-48.16371
B,15.571429,16,-1.0,0.571429,-48.2208
B,15.591837,16,-1.0,0.591837,-48.28372
B,15.612245,16,-1.0,0.612245,-48.353
B,15.632653,16,-1.0,0.632653,-48.4292
B,15.653061,16,-1.0,0.653061,-48.51286
B,15.673469,16,-1.0,0.673469,-48.60453
B,15.693878,16,-1.0,0.693878,-48.70475
B,15.714286,16,-1.0,0.714286,-48.81408
B,15.734694,16,-1.0,0.734694,-48.93311
B,15.755102,16,-1.0,0.755102,-49.0624
B,15.77551,16,-1.0,0.77551,-49.20254
B,15.795918,16,-1.0,0.795918,-49.35416
B,15.816327,16,-1.0,0.816327,-49.51787
B,15.836735,16,-1.0,0.836735,-49.69429
B,15.857143,16,-1.0,0.857143,-49.88409
B,15.877551,16,-1.0,0.877551,-50.08793
B,15.897959,16,-1.0,0.897959,-50.30648
B,15.918367,16,-1.0,0.918367,-50.54045
B,15.938776,16,-1.0,0.938776,-50.79053
B,15.959184,16,-1.0,0.959184,-51.05747
B,15.979592,16,-1.0,0.979592,-51.34199
B,16.0,16,-1.0,1.0,-51.64486
B,16.0,17,1.0,0.0,39.25799
B,16.020408,17,1.0,0.020408,41.06847
B,16.040816,17,1.0,0.040816,42.47132
B,16.061224,17,1.0,0.061224,43.55833
B,16.081633,17,1.0,0.081633,44.40066
B,16.102041,17,1.0,0.102041,45.05349
B,16.122449,17,1.0,0.122449,45.55958
B,16.142857,17,1.0,0.142857,45.9521
B,16.163265,17,1.0,0.163265,46.25679
B,16.183673,17,1.0,0.183673,46.49363
B,16.204082,17,1.0,0.204082,46.67815
B,16.22449,17,1.0,0.22449,46.82241
B,16.244898,17,1.0,0.244898,46.93584
B,16.265306,17,1.0,0.265306,47.02576
B,16.285714,17,1.0,0.285714,47.09792
B,16.306122,17,1.0,0.306122,47.15684
B,16.326531,17,1.0,0.326531,47.20607
B,16.346939,17,1.0,0.346939,47.24844
B,16.367347,17,1.0,0.367347,47.2862
B,16.387755,17,1.0,0.387755,47.32118
B,16.408163,17,1.0,0.408163,47.35488
B,16.428571,17,1.0,0.428571,47.38853
B,16.44898,17,1.0,0.44898,47.42317
B,16.469388,17,1.0,0.469388,47.4597
B,16.489796,17,1.0,0.489796,47.49892
B,16.510204,17,1.0,0.510204,47.54152
B,16.530612,17,1.0,0.530612,47.58814
B,16.55102,17,1.0,0.55102,47.6394
B,16.571429,17,1.0,0.571429,47.69587
B,16.591837,17,1.0,0.591837,47.7581
B,16.612245,17,1.0,0.612245,47.82663
B,16.632653,17,1.0,0.632653,47.902
B,16.653061,17,1.0,0.653061,47.98475
B,16.673469,17,1.0,0.673469,48.07542
B,16.693878,17,1.0,0.693878,48.17455
B,16.714286,17,1.0,0.714286,48.2827
B,16.734694,17,1.0,0.734694,48.40042
B,16.755102,17,1.0,0.755102,48.5283
B,16.77551,17,1.0,0.77551,48.66693
B,16.795918,17,1.0,0.795918,48.81689
B,16.816327,17,1.0,0.816327,48.97882
B,16.836735,17,1.0,0.836735,49.15332
B,16.857143,17,1.0,0.857143,49.34106
B,16.877551,17,1.0,0.877551,49.54268
B,16.897959,17,1.0,0.897959,49.75885
B,16.918367,17,1.0,0.918367,49.99027
B,16.938776,17,1.0,0.938776,50.23763
B,16.959184,17,1.0,0.959184,50.50166
B,16.979592,17,1.0,0.979592,50.78308
B,17.0,17,1.0,1.0,51.08265
B,17.0,18,-1.0,0.0,-39.33357
B,17.020408,18,-1.0,0.020408,-41.14754
B,17.040816,18,-1.0,0.040816,-42.55308
B,17.061224,18,-1.0,0.061224,-43.64219
B,17.081633,18,-1.0,0.081633,-44.48615
B,17.102041,18,-1.0,0.102041,-45.14023
B,17.122449,18,-1.0,0.122449,-45.64729
B,17.142857,18,-1.0,0.142857,-46.04057
B,17.163265,18,-1.0,0.163265,-46.34584
B,17.183673,18,-1.0,0.183673,-46.58314
B,17.204082,18,-1.0,0.204082,-46.76801
B,17.22449,18,-1.0,0.22449,-46.91256
B,17.244898,18,-1.0,0.244898,-47.0262
B,17.265306,18,-1.0,0.265306,-47.1163
B,17.285714,18,-1.0,0.285714,-47.1886
B,17.306122,18,-1.0,0.306122,-47.24763
B,17.326531,18,-1.0,0.326531,-47.29695
B,17.346939,18,-1.0,0.346939,-47.3394
B,17.367347,18,-1.0,0.367347,-47.37724
B,17.387755,18,-1.0,0.387755,-47.41229
B,17.408163,18,-1.0,0.408163,-47.44605
B,17.428571,18,-1.0,0.428571,-47.47976
B,17.44898,18,-1.0,0.44898,-47.51447
B,17.469388,18,-1.0,0.469388,-47.55108
B,17.489796,18,-1.0,0.489796,-47.59037
B,17.510204,18,-1.0,0.510204,-47.63305
B,17.530612,18,-1.0,0.530612,-47.67976
B,17.55102,18,-1.0,0.55102,-47.73112
B,17.571429,18,-1.0,0.571429,-47.7877
B,17.591837,18,-1.0,0.591837,-47.85005
B,17.612245,18,-1.0,0.612245,-47.91871
B,17.632653,18,-1.0,0.632653,-47.99423
B,17.653061,18,-1.0,0.653061,-48.07714
B,17.673469,18,-1.0,0.673469,-48.16798
B,17.693878,18,-1.0,0.693878,-48.2673
B,17.714286,18,-1.0,0.714286,-48.37565
B,17.734694,18,-1.0,0.734694,-48.49361
B,17.755102,18,-1.0,0.755102,-48.62173
B,17.77551,18,-1.0,0.77551,-48.76062
B,17.795918,18,-1.0,0.795918,-48.91088
B,17.816327,18,-1.0,0.816327,-49.07311
B,17.836735,18,-1.0,0.836735,-49.24796
B,17.857143,18,-1.0,0.857143,-49.43605
B,17.877551,18,-1.0,0.877551,-49.63806
B,17.897959,18,-1.0,0.897959,-49.85465
B,17.918367,18,-1.0,0.918367,-50.08651
B,17.938776,18,-1.0,0.938776,-50.33435
B,17.959184,18,-1.0,0.959184,-50.59889
B,17.979592,18,-1.0,0.979592,-50.88085
B,18.0,18,-1.0,1.0,-51.181
B,18.0,19,1.0,0.0,39.66418
B,18.020408,19,1.0,0.020408,41.49339
B,18.040816,19,1.0,0.040816,42.91075
B,18.061224,19,1.0,0.061224,44.00901
B,18.081633,19,1.0,0.081633,44.86006
B,18.102041,19,1.0,0.102041,45.51964
B,18.122449,19,1.0,0.122449,46.03097
B,18.142857,19,1.0,0.142857,46.42755
B,18.163265,19,1.0,0.163265,46.73539
B,18.183673,19,1.0,0.183673,46.97468
B,18.204082,19,1.0,0.204082,47.16111
B,18.22449,19,1.0,0.22449,47.30687
B,18.244898,19,1.0,0.244898,47.42147
B,18.265306,19,1.0,0.265306,47.51232
B,18.285714,19,1.0,0.285714,47.58523
B,18.306122,19,1.0,0.306122,47.64476
B,18.326531,19,1.0,0.326531,47.69449
B,18.346939,19,1.0,0.346939,47.7373
B,18.367347,19,1.0,0.367347,47.77545
B,18.387755,19,1.0,0.387755,47.8108
B,18.408163,19,1.0,0.408163,47.84484
B,18.428571,19,1.0,0.428571,47.87884
B,18.44898,19,1.0,0.44898,47.91384
B,18.469388,19,1.0,0.469388,47.95075
B,18.489796,19,1.0,0.489796,47.99037
B,18.510204,19,1.0,0.510204,48.03341
B,18.530612,19,1.0,0.530612,48.08052
B,18.55102,19,1.0,0.55102,48.13231
B,18.571429,19,1.0,0.571429,48.18936
B,18.591837,19,1.0,0.591837,48.25224
B,18.612245,19,1.0,0.612245,48.32148
B,18.632653,19,1.0,0.632653,48.39763
B,18.653061,19,1.0,0.653061,48.48123
B,18.673469,19,1.0,0.673469,48.57284
B,18.693878,19,1.0,0.693878,48.67299
B,18.714286,19,1.0,0.714286,48.78226
B,18.734694,19,1.0,0.734694,48.9012
B,18.755102,19,1.0,0.755102,49.03041
B,18.77551,19,1.0,0.77551,49.17047
B,18.795918,19,1.0,0.795918,49.32198
B,18.816327,19,1.0,0.816327,49.48558
B,18.836735,19,1.0,0.836735,49.6619
B,18.857143,19,1.0,0.857143,49.85157
B,18.877551,19,1.0,0.877551,50.05528
B,18.897959,19,1.0,0.897959,50.27369
B,18.918367,19,1.0,0.918367,50.5075
B,18.938776,19,1.0,0.938776,50.75742
B,18.959184,19,1.0,0.959184,51.02418
B,18.979592,19,1.0,0.979592,51.30852
B,19.0,19,1.0,1.0,51.61119
B,19.0,20,-1.0,0.0,-39.70324
B,19.020408,20,-1.0,0.020408,-41.53426
B,19.040816,20,-1.0,0.040816,-42.95301
B,19.061224,20,-1.0,0.061224,-44.05235
B,19.081633,20,-1.0,0.081633,-44.90424
B,19.102041,20,-1.0,0.102041,-45.56447
B,19.122449,20,-1.0,0.122449,-46.0763
B,19.142857,20,-1.0,0.142857,-46.47327
B,19.163265,20,-1.0,0.163265,-46.78141
B,19.183673,20,-1.0,0.183673,-47.02094
B,19.204082,20,-1.0,0.204082,-47.20755
B,19.22449,20,-1.0,0.22449,-47.35345
B,19.244898,20,-1.0,0.244898,-47.46817
B,19.265306,20,-1.0,0.265306,-47.55911
B,19.285714,20,-1.0,0.285714,-47.63209
B,19.306122,20,-1.0,0.306122,-47.69167
B,19.326531,20,-1.0,0.326531,-47.74146
B,19.346939,20,-1.0,0.346939,-47.78431
B,19.367347,20,-1.0,0.367347,-47.8225
B,19.387755,20,-1.0,0.387755,-47.85788
B,19.408163,20,-1.0,0.408163,-47.89196
B,19.428571,20,-1.0,0.428571,-47.92599
B,19.44898,20,-1.0,0.44898,-47.96102
B,19.469388,20,-1.0,0.469388,-47.99797
B,19.489796,20,-1.0,0.489796,-48.03763
B,19.510204,20,-1.0,0.510204,-48.08071
B,19.530612,20,-1.0,0.530612,-48.12787
B,19.55102,20,-1.0,0.55102,-48.17971
B,19.571429,20,-1.0,0.571429,-48.23682
B,19.591837,20,-1.0,0.591837,-48.29975
B,19.612245,20,-1.0,0.612245,-48.36906
B,19.632653,20,-1.0,0.632653,-48.44529
B,19.653061,20,-1.0,0.653061,-48.52898
B,19.673469,20,-1.0,0.673469,-48.62067
B,19.693878,20,-1.0,0.693878,-48.72093
B,19.714286,20,-1.0,0.714286,-48.8303
B,19.734694,20,-1.0,0.734694,-48.94936
B,19.755102,20,-1.0,0.755102,-49.07869
B,19.77551,20,-1.0,0.77551,-49.21889
B,19.795918,20,-1.0,0.795918,-49.37055
B,19.816327,20,-1.0,0.816327,-49.53431
B,19.836735,20,-1.0,0.836735,-49.7108
B,19.857143,20,-1.0,0.857143,-49.90066
B,19.877551,20,-1.0,0.877551,-50.10457
B,19.897959,20,-1.0,0.897959,-50.32319
B,19.918367,20,-1.0,0.918367,-50.55724
B,19.938776,20,-1.0,0.938776,-50.80741
B,19.959184,20,-1.0,0.959184,-51.07443
B,19.979592,20,-1.0,0.979592,-51.35904
B,20.0,20,-1.0,1.0,-51.66201
B,20.0,21,1.0,0.0,39.91518
B,20.020408,21,1.0,0.020408,41.75597
B,20.040816,21,1.0,0.040816,43.1823
B,20.061224,21,1.0,0.061224,44.2875
B,20.081633,21,1.0,0.081633,45.14394
B,20.102041,21,1.0,0.102041,45.8077
B,20.122449,21,1.0,0.122449,46.32226
B,20.142857,21,1.0,0.142857,46.72135
B,20.163265,21,1.0,0.163265,47.03114
B,20.183673,21,1.0,0.183673,47.27194
B,20.204082,21,1.0,0.204082,47.45955
B,20.22449,21,1.0,0.22449,47.60623
B,20.244898,21,1.0,0.244898,47.72156
B,20.265306,21,1.0,0.265306,47.81298
B,20.285714,21,1.0,0.285714,47.88636
B,20.306122,21,1.0,0.306122,47.94626
B,20.326531,21,1.0,0.326531,47.99631
B,20.346939,21,1.0,0.346939,48.03939
B,20.367347,21,1.0,0.367347,48.07778
B,20.387755,21,1.0,0.387755,48.11335
B,20.408163,21,1.0,0.408163,48.14761
B,20.428571,21,1.0,0.428571,48.18182
B,20.44898,21,1.0,0.44898,48.21705
B,20.469388,21,1.0,0.469388,48.25419
B,20.489796,21,1.0,0.489796,48.29406
B,20.510204,21,1.0,0.510204,48.33737
B,20.530612,21,1.0,0.530612,48.38478
B,20.55102,21,1.0,0.55102,48.4369
B,20.571429,21,1.0,0.571429,48.49431
B,20.591837,21,1.0,0.591837,48.55758
B,20.612245,21,1.0,0.612245,48.62726
B,20.632653,21,1.0,0.632653,48.7039
B,20.653061,21,1.0,0.653061,48.78803
B,20.673469,21,1.0,0.673469,48.88022
B,20.693878,21,1.0,0.693878,48.981
B,20.714286,21,1.0,0.714286,49.09096
B,20.734694,21,1.0,0.734694,49.21066
B,20.755102,21,1.0,0.755102,49.34068
B,20.77551,21,1.0,0.77551,49.48162
B,20.795918,21,1.0,0.795918,49.6341
B,20.816327,21,1.0,0.816327,49.79873
B,20.836735,21,1.0,0.836735,49.97616
B,20.857143,21,1.0,0.857143,50.16704
B,20.877551,21,1.0,0.877551,50.37203
B,20.897959,21,1.0,0.897959,50.59183
B,20.918367,21,1.0,0.918367,50.82712
B,20.938776,21,1.0,0.938776,51.07862
B,20.959184,21,1.0,0.959184,51.34707
B,20.979592,21,1.0,0.979592,51.6332
B,21.0,21,1.0,1.0,51.93779
B,21.0,22,-1.0,0.0,-39.71039
B,21.020408,22,-1.0,0.020408,-41.54174
B,21.040816,22,-1.0,0.040816,-42.96075
B,21.061224,22,-1.0,0.061224,-44.06029
B,21.081633,22,-1.0,0.081633,-44.91233
B,21.102041,22,-1.0,0.102041,-45.57268
B,21.122449,22,-1.0,0.122449,-46.0846
B,21.142857,22,-1.0,0.142857,-46.48164
B,21.163265,22,-1.0,0.163265,-46.78985
B,21.183673,22,-1.0,0.183673,-47.02942
B,21.204082,22,-1.0,0.204082,-47.21606
B,21.22449,22,-1.0,0.22449,-47.36199
B,21.244898,22,-1.0,0.244898,-47.47672
B,21.265306,22,-1.0,0.265306,-47.56768
B,21.285714,22,-1.0,0.285714,-47.64067
B,21.306122,22,-1.0,0.306122,-47.70027
B,21.326531,22,-1.0,0.326531,-47.75007
B,21.346939,22,-1.0,0.346939,-47.79292
B,21.367347,22,-1.0,0.367347,-47.83112
B,21.387755,22,-1.0,0.387755,-47.8665
B,21.408163,22,-1.0,0.408163,-47.90059
B,21.428571,22,-1.0,0.428571,-47.93463
B,21.44898,22,-1.0,0.44898,-47.96967
B,21.469388,22,-1.0,0.469388,-48.00662
B,21.489796,22,-1.0,0.489796,-48.04629
B,21.510204,22,-1.0,0.510204,-48.08938
B,21.530612,22,-1.0,0.530612,-48.13654
B,21.55102,22,-1.0,0.55102,-48.18839
B,21.571429,22,-1.0,0.571429,-48.24551
B,21.591837,22,-1.0,0.591837,-48.30846
B,21.612245,22,-1.0,0.612245,-48.37778
B,21.632653,22,-1.0,0.632653,-48.45402
B,21.653061,22,-1.0,0.653061,-48.53772
B,21.673469,22,-1.0,0.673469,-48.62944
B,21.693878,22,-1.0,0.693878,-48.72971
B,21.714286,22,-1.0,0.714286,-48.8391
B,21.734694,22,-1.0,0.734694,-48.95818
B,21.755102,22,-1.0,0.755102,-49.08754
B,21.77551,22,-1.0,0.77551,-49.22776
B,21.795918,22,-1.0,0.795918,-49.37945
B,21.816327,22,-1.0,0.816327,-49.54324
B,21.836735,22,-1.0,0.836735,-49.71976
B,21.857143,22,-1.0,0.857143,-49.90966
B,21.877551,22,-1.0,0.877551,-50.1136
B,21.897959,22,-1.0,0.897959,-50.33226
B,21.918367,22,-1.0,0.918367,-50.56635
B,21.938776,22,-1.0,0.938776,-50.81656
B,21.959184,22,-1.0,0.959184,-51.08363
B,21.979592,22,-1.0,0.979592,-51.3683
B,22.0,22,-1.0,1.0,-51.67132
B,22.0,23,1.0,0.0,39.93754
B,22.020408,23,1.0,0.020408,41.77937
B,22.040816,23,1.0,0.040816,43.20649
B,22.061224,23,1.0,0.061224,44.31232
B,22.081633,23,1.0,0.081633,45.16924
B,22.102041,23,1.0,0.102041,45.83337
B,22.122449,23,1.0,0.122449,46.34821
B,22.142857,23,1.0,0.142857,46.74753
B,22.163265,23,1.0,0.163265,47.05749
B,22.183673,23,1.0,0.183673,47.29843
B,22.204082,23,1.0,0.204082,47.48614
B,22.22449,23,1.0,0.22449,47.63291
B,22.244898,23,1.0,0.244898,47.7483
B,22.265306,23,1.0,0.265306,47.83977
B,22.285714,23,1.0,0.285714,47.91319
B,22.306122,23,1.0,0.306122,47.97312
B,22.326531,23,1.0,0.326531,48.02321
B,22.346939,23,1.0,0.346939,48.0663
B,22.367347,23,1.0,0.367347,48.10472
B,22.387755,23,1.0,0.387755,48.14031
B,22.408163,23,1.0,0.408163,48.17459
B,22.428571,23,1.0,0.428571,48.20882
B,22.44898,23,1.0,0.44898,48.24406
B,22.469388,23,1.0,0.469388,48.28123
B,22.489796,23,1.0,0.489796,48.32112
B,22.510204,23,1.0,0.510204,48.36446
B,22.530612,23,1.0,0.530612,48.41189
B,22.55102,23,1.0,0.55102,48.46404
B,22.571429,23,1.0,0.571429,48.52149
B,22.591837,23,1.0,0.591837,48.58479
B,22.612245,23,1.0,0.612245,48.65451
B,22.632653,23,1.0,0.632653,48.73119
B,22.653061,23,1.0,0.653061,48.81537
B,22.673469,23,1.0,0.673469,48.9076
B,22.693878,23,1.0,0.693878,49.00845
B,22.714286,23,1.0,0.714286,49.11847
B,22.734694,23,1.0,0.734694,49.23823
B,22.755102,23,1.0,0.755102,49.36833
B,22.77551,23,1.0,0.77551,49.50935
B,22.795918,23,1.0,0.795918,49.66191
B,22.816327,23,1.0,0.816327,49.82664
B,22.836735,23,1.0,0.836735,50.00417
B,22.857143,23,1.0,0.857143,50.19515
B,22.877551,23,1.0,0.877551,50.40026
B,22.897959,23,1.0,0.897959,50.62017
B,22.918367,23,1.0,0.918367,50.8556
B,22.938776,23,1.0,0.938776,51.10724
B,22.959184,23,1.0,0.959184,51.37584
B,22.979592,23,1.0,0.979592,51.66214
B,23.0,23,1.0,1.0,51.96689
B,23.0,24,-1.0,0.0,-40.16733
B,23.020408,24,-1.0,0.020408,-42.01975
B,23.040816,24,-1.0,0.040816,-43.45509
B,23.061224,24,-1.0,0.061224,-44.56727
B,23.081633,24,-1.0,0.081633,-45.42912
B,23.102041,24,-1.0,0.102041,-46.09707
B,23.122449,24,-1.0,0.122449,-46.61488
B,23.142857,24,-1.0,0.142857,-47.01649
B,23.163265,24,-1.0,0.163265,-47.32824
B,23.183673,24,-1.0,0.183673,-47.57057
B,23.204082,24,-1.0,0.204082,-47.75936
B,23.22449,24,-1.0,0.22449,-47.90697
B,23.244898,24,-1.0,0.244898,-48.02302
B,23.265306,24,-1.0,0.265306,-48.11503
B,23.285714,24,-1.0,0.285714,-48.18886
B,23.306122,24,-1.0,0.306122,-48.24914
B,23.326531,24,-1.0,0.326531,-48.29951
B,23.346939,24,-1.0,0.346939,-48.34286
B,23.367347,24,-1.0,0.367347,-48.3815
B,23.387755,24,-1.0,0.387755,-48.41729
B,23.408163,24,-1.0,0.408163,-48.45177
B,23.428571,24,-1.0,0.428571,-48.4862
B,23.44898,24,-1.0,0.44898,-48.52164
B,23.469388,24,-1.0,0.469388,-48.55902
B,23.489796,24,-1.0,0.489796,-48.59914
B,23.510204,24,-1.0,0.510204,-48.64273
B,23.530612,24,-1.0,0.530612,-48.69044
B,23.55102,24,-1.0,0.55102,-48.74288
B,23.571429,24,-1.0,0.571429,-48.80066
B,23.591837,24,-1.0,0.591837,-48.86433
B,23.612245,24,-1.0,0.612245,-48.93445
B,23.632653,24,-1.0,0.632653,-49.01157
B,23.653061,24,-1.0,0.653061,-49.09623
B,23.673469,24,-1.0,0.673469,-49.189
B,23.693878,24,-1.0,0.693878,-49.29043
B,23.714286,24,-1.0,0.714286,-49.40108
B,23.734694,24,-1.0,0.734694,-49.52153
B,23.755102,24,-1.0,0.755102,-49.65237
B,23.77551,24,-1.0,0.77551,-49.79421
B,23.795918,24,-1.0,0.795918,-49.94765
B,23.816327,24,-1.0,0.816327,-50.11332
B,23.836735,24,-1.0,0.836735,-50.29187
B,23.857143,24,-1.0,0.857143,-50.48395
B,23.877551,24,-1.0,0.877551,-50.69024
B,23.897959,24,-1.0,0.897959,-50.91142
B,23.918367,24,-1.0,0.918367,-51.1482
B,23.938776,24,-1.0,0.938776,-51.40129
B,23.959184,24,-1.0,0.959184,-51.67144
B,23.979592,24,-1.0,0.979592,-51.95938
B,24.0,24,-1.0,1.0,-52.26589
B,24.0,25,1.0,0.0,40.13781
B,24.020408,25,1.0,0.020408,41.98888
B,24.040816,25,1.0,0.040816,43.42316
B,24.061224,25,1.0,0.061224,44.53453
B,24.081633,25,1.0,0.081633,45.39574
B,24.102041,25,1.0,0.102041,46.0632
B,24.122449,25,1.0,0.122449,46.58063
B,24.142857,25,1.0,0.142857,46.98195
B,24.163265,25,1.0,0.163265,47.29347
B,24.183673,25,1.0,0.183673,47.53562
B,24.204082,25,1.0,0.204082,47.72427
B,24.22449,25,1.0,0.22449,47.87177
B,24.244898,25,1.0,0.244898,47.98774
B,24.265306,25,1.0,0.265306,48.07967
B,24.285714,25,1.0,0.285714,48.15345
B,24.306122,25,1.0,0.306122,48.21369
B,24.326531,25,1.0,0.326531,48.26402
B,24.346939,25,1.0,0.346939,48.30734
B,24.367347,25,1.0,0.367347,48.34595
B,24.387755,25,1.0,0.387755,48.38171
B,24.408163,25,1.0,0.408163,48.41617
B,24.428571,25,1.0,0.428571,48.45057
B,24.44898,25,1.0,0.44898,48.48599
B,24.469388,25,1.0,0.469388,48.52334
B,24.489796,25,1.0,0.489796,48.56343
B,24.510204,25,1.0,0.510204,48.60699
B,24.530612,25,1.0,0.530612,48.65466
B,24.55102,25,1.0,0.55102,48.70707
B,24.571429,25,1.0,0.571429,48.7648
B,24.591837,25,1.0,0.591837,48.82843
B,24.612245,25,1.0,0.612245,48.89849
B,24.632653,25,1.0,0.632653,48.97555
B,24.653061,25,1.0,0.653061,49.06016
B,24.673469,25,1.0,0.673469,49.15286
B,24.693878,25,1.0,0.693878,49.25421
B,24.714286,25,1.0,0.714286,49.36478
B,24.734694,25,1.0,0.734694,49.48514
B,24.755102,25,1.0,0.755102,49.61589
B,24.77551,25,1.0,0.77551,49.75762
B,24.795918,25,1.0,0.795918,49.91095
B,24.816327,25,1.0,0.816327,50.0765
B,24.836735,25,1.0,0.836735,50.25492
B,24.857143,25,1.0,0.857143,50.44686
B,24.877551,25,1.0,0.877551,50.653
B,24.897959,25,1.0,0.897959,50.87401
B,24.918367,25,1.0,0.918367,51.11062
B,24.938776,25,1.0,0.938776,51.36353
B,24.959184,25,1.0,0.959184,51.63347
B,24.979592,25,1.0,0.979592,51.9212
B,25.0,25,1.0,1.0,52.22749
B,25.0,26,-1.0,0.0,-40.05622
B,25.020408,26,-1.0,0.020408,-41.90352
B,25.040816,26,-1.0,0.040816,-43.33489
B,25.061224,26,-1.0,0.061224,-44.444
B,25.081633,26,-1.0,0.081633,-45.30346
B,25.102041,26,-1.0,0.102041,-45.96957
B,25.122449,26,-1.0,0.122449,-46.48594
B,25.142857,26,-1.0,0.142857,-46.88645
B,25.163265,26,-1.0,0.163265,-47.19733
B,25.183673,26,-1.0,0.183673,-47.43899
B,25.204082,26,-1.0,0.204082,-47.62726
B,25.22449,26,-1.0,0.22449,-47.77446
B,25.244898,26,-1.0,0.244898,-47.89019
B,25.265306,26,-1.0,0.265306,-47.98194
B,25.285714,26,-1.0,0.285714,-48.05557
B,25.306122,26,-1.0,0.306122,-48.11568
B,25.326531,26,-1.0,0.326531,-48.16591
B,25.346939,26,-1.0,0.346939,-48.20914
B,25.367347,26,-1.0,0.367347,-48.24767
B,25.387755,26,-1.0,0.387755,-48.28337
B,25.408163,26,-1.0,0.408163,-48.31775
B,25.428571,26,-1.0,0.428571,-48.35208
B,25.44898,26,-1.0,0.44898,-48.38743
B,25.469388,26,-1.0,0.469388,-48.42471
B,25.489796,26,-1.0,0.489796,-48.46472
B,25.510204,26,-1.0,0.510204,-48.50818
B,25.530612,26,-1.0,0.530612,-48.55576
B,25.55102,26,-1.0,0.55102,-48.60806
B,25.571429,26,-1.0,0.571429,-48.66568
B,25.591837,26,-1.0,0.591837,-48.72917
B,25.612245,26,-1.0,0.612245,-48.7991
B,25.632653,26,-1.0,0.632653,-48.876
B,25.653061,26,-1.0,0.653061,-48.96043
B,25.673469,26,-1.0,0.673469,-49.05294
B,25.693878,26,-1.0,0.693878,-49.15409
B,25.714286,26,-1.0,0.714286,-49.26443
B,25.734694,26,-1.0,0.734694,-49.38455
B,25.755102,26,-1.0,0.755102,-49.51503
B,25.77551,26,-1.0,0.77551,-49.65648
B,25.795918,26,-1.0,0.795918,-49.80949
B,25.816327,26,-1.0,0.816327,-49.97471
B,25.836735,26,-1.0,0.836735,-50.15276
B,25.857143,26,-1.0,0.857143,-50.34431
B,25.877551,26,-1.0,0.877551,-50.55003
B,25.897959,26,-1.0,0.897959,-50.7706
B,25.918367,26,-1.0,0.918367,-51.00672
B,25.938776,26,-1.0,0.938776,-51.25912
B,25.959184,26,-1.0,0.959184,-51.52851
B,25.979592,26,-1.0,0.979592,-51.81566
B,26.0,26,-1.0,1.0,-52.12132
B,26.0,27,1.0,0.0,40.09152
B,26.020408,27,1.0,0.020408,41.94044
B,26.040816,27,1.0,0.040816,43.37307
B,26.061224,27,1.0,0.061224,44.48316
B,26.081633,27,1.0,0.081633,45.34338
B,26.102041,27,1.0,0.102041,46.01007
B,26.122449,27,1.0,0.122449,46.5269
B,26.142857,27,1.0,0.142857,46.92776
B,26.163265,27,1.0,0.163265,47.23892
B,26.183673,27,1.0,0.183673,47.48079
B,26.204082,27,1.0,0.204082,47.66922
B,26.22449,27,1.0,0.22449,47.81655
B,26.244898,27,1.0,0.244898,47.93238
B,26.265306,27,1.0,0.265306,48.02421
B,26.285714,27,1.0,0.285714,48.09791
B,26.306122,27,1.0,0.306122,48.15808
B,26.326531,27,1.0,0.326531,48.20835
B,26.346939,27,1.0,0.346939,48.25162
B,26.367347,27,1.0,0.367347,48.29018
B,26.387755,27,1.0,0.387755,48.32591
B,26.408163,27,1.0,0.408163,48.36032
B,26.428571,27,1.0,0.428571,48.39468
B,26.44898,27,1.0,0.44898,48.43006
B,26.469388,27,1.0,0.469388,48.46737
B,26.489796,27,1.0,0.489796,48.50742
B,26.510204,27,1.0,0.510204,48.55092
B,26.530612,27,1.0,0.530612,48.59854
B,26.55102,27,1.0,0.55102,48.65089
B,26.571429,27,1.0,0.571429,48.70855
B,26.591837,27,1.0,0.591837,48.7721
B,26.612245,27,1.0,0.612245,48.84209
B,26.632653,27,1.0,0.632653,48.91906
B,26.653061,27,1.0,0.653061,49.00357
B,26.673469,27,1.0,0.673469,49.09616
B,26.693878,27,1.0,0.693878,49.1974
B,26.714286,27,1.0,0.714286,49.30784
B,26.734694,27,1.0,0.734694,49.42806
B,26.755102,27,1.0,0.755102,49.55866
B,26.77551,27,1.0,0.77551,49.70023
B,26.795918,27,1.0,0.795918,49.85338
B,26.816327,27,1.0,0.816327,50.01874
B,26.836735,27,1.0,0.836735,50.19695
B,26.857143,27,1.0,0.857143,50.38867
B,26.877551,27,1.0,0.877551,50.59457
B,26.897959,27,1.0,0.897959,50.81533
B,26.918367,27,1.0,0.918367,51.05166
B,26.938776,27,1.0,0.938776,51.30428
B,26.959184,27,1.0,0.959184,51.57391
B,26.979592,27,1.0,0.979592,51.86131
B,27.0,27,1.0,1.0,52.16724
B,27.0,28,-1.0,0.0,-39.97021
B,27.020408,28,-1.0,0.020408,-41.81354
B,27.040816,28,-1.0,0.040816,-43.24183
B,27.061224,28,-1.0,0.061224,-44.34856
B,27.081633,28,-1.0,0.081633,-45.20618
B,27.102041,28,-1.0,0.102041,-45.87085
B,27.122449,28,-1.0,0.122449,-46.38612
B,27.142857,28,-1.0,0.142857,-46.78576
B,27.163265,28,-1.0,0.163265,-47.09598
B,27.183673,28,-1.0,0.183673,-47.33712
B,27.204082,28,-1.0,0.204082,-47.52498
B,27.22449,28,-1.0,0.22449,-47.67187
B,27.244898,28,-1.0,0.244898,-47.78735
B,27.265306,28,-1.0,0.265306,-47.8789
B,27.285714,28,-1.0,0.285714,-47.95238
B,27.306122,28,-1.0,0.306122,-48.01236
B,27.326531,28,-1.0,0.326531,-48.06248
B,27.346939,28,-1.0,0.346939,-48.10562
B,27.367347,28,-1.0,0.367347,-48.14406
B,27.387755,28,-1.0,0.387755,-48.17968
B,27.408163,28,-1.0,0.408163,-48.21399
B,27.428571,28,-1.0,0.428571,-48.24825
B,27.44898,28,-1.0,0.44898,-48.28352
B,27.469388,28,-1.0,0.469388,-48.32072
B,27.489796,28,-1.0,0.489796,-48.36064
B,27.510204,28,-1.0,0.510204,-48.40401
B,27.530612,28,-1.0,0.530612,-48.45149
B,27.55102,28,-1.0,0.55102,-48.50368
B,27.571429,28,-1.0,0.571429,-48.56117
B,27.591837,28,-1.0,0.591837,-48.62453
B,27.612245,28,-1.0,0.612245,-48.6943
B,27.632653,28,-1.0,0.632653,-48.77104
B,27.653061,28,-1.0,0.653061,-48.85529
B,27.673469,28,-1.0,0.673469,-48.94761
B,27.693878,28,-1.0,0.693878,-49.04853
B,27.714286,28,-1.0,0.714286,-49.15864
B,27.734694,28,-1.0,0.734694,-49.2785
B,27.755102,28,-1.0,0.755102,-49.4087
B,27.77551,28,-1.0,0.77551,-49.54984
B,27.795918,28,-1.0,0.795918,-49.70253
B,27.816327,28,-1.0,0.816327,-49.86739
B,27.836735,28,-1.0,0.836735,-50.04506
B,27.857143,28,-1.0,0.857143,-50.2362
B,27.877551,28,-1.0,0.877551,-50.44148
B,27.897959,28,-1.0,0.897959,-50.66158
B,27.918367,28,-1.0,0.918367,-50.89719
B,27.938776,28,-1.0,0.938776,-51.14904
B,27.959184,28,-1.0,0.959184,-51.41786
B,27.979592,28,-1.0,0.979592,-51.70439
B,28.0,28,-1.0,1.0,-52.0094
B,28.0,29,1.0,0.0,39.99396
B,28.020408,29,1.0,0.020408,41.83839
B,28.040816,29,1.0,0.040816,43.26753
B,28.061224,29,1.0,0.061224,44.37491
B,28.081633,29,1.0,0.081633,45.23304
B,28.102041,29,1.0,0.102041,45.89811
B,28.122449,29,1.0,0.122449,46.41368
B,28.142857,29,1.0,0.142857,46.81356
B,28.163265,29,1.0,0.163265,47.12397
B,28.183673,29,1.0,0.183673,47.36525
B,28.204082,29,1.0,0.204082,47.55322
B,28.22449,29,1.0,0.22449,47.70019
B,28.244898,29,1.0,0.244898,47.81575
B,28.265306,29,1.0,0.265306,47.90735
B,28.285714,29,1.0,0.285714,47.98087
B,28.306122,29,1.0,0.306122,48.04089
B,28.326531,29,1.0,0.326531,48.09104
B,28.346939,29,1.0,0.346939,48.1342
B,28.367347,29,1.0,0.367347,48.17267
B,28.387755,29,1.0,0.387755,48.20831
B,28.408163,29,1.0,0.408163,48.24264
B,28.428571,29,1.0,0.428571,48.27692
B,28.44898,29,1.0,0.44898,48.31221
B,28.469388,29,1.0,0.469388,48.34943
B,28.489796,29,1.0,0.489796,48.38938
B,28.510204,29,1.0,0.510204,48.43278
B,28.530612,29,1.0,0.530612,48.48028
B,28.55102,29,1.0,0.55102,48.5325
B,28.571429,29,1.0,0.571429,48.59003
B,28.591837,29,1.0,0.591837,48.65342
B,28.612245,29,1.0,0.612245,48.72324
B,28.632653,29,1.0,0.632653,48.80002
B,28.653061,29,1.0,0.653061,48.88433
B,28.673469,29,1.0,0.673469,48.97669
B,28.693878,29,1.0,0.693878,49.07768
B,28.714286,29,1.0,0.714286,49.18785
B,28.734694,29,1.0,0.734694,49.30779
B,28.755102,29,1.0,0.755102,49.43806
B,28.77551,29,1.0,0.77551,49.57929
B,28.795918,29,1.0,0.795918,49.73207
B,28.816327,29,1.0,0.816327,49.89702
B,28.836735,29,1.0,0.836735,50.0748
B,28.857143,29,1.0,0.857143,50.26606
B,28.877551,29,1.0,0.877551,50.47145
B,28.897959,29,1.0,0.897959,50.69168
B,28.918367,29,1.0,0.918367,50.92744
B,28.938776,29,1.0,0.938776,51.17944
B,28.959184,29,1.0,0.959184,51.44841
B,28.979592,29,1.0,0.979592,51.73511
B,29.0,29,1.0,1.0,52.0403
B,29.0,30,-1.0,0.0,-39.8572
B,29.020408,30,-1.0,0.020408,-41.69532
B,29.040816,30,-1.0,0.040816,-43.11958
B,29.061224,30,-1.0,0.061224,-44.22318
B,29.081633,30,-1.0,0.081633,-45.07837
B,29.102041,30,-1.0,0.102041,-45.74116
B,29.122449,30,-1.0,0.122449,-46.25498
B,29.142857,30,-1.0,0.142857,-46.65349
B,29.163265,30,-1.0,0.163265,-46.96283
B,29.183673,30,-1.0,0.183673,-47.20328
B,29.204082,30,-1.0,0.204082,-47.39062
B,29.22449,30,-1.0,0.22449,-47.53709
B,29.244898,30,-1.0,0.244898,-47.65224
B,29.265306,30,-1.0,0.265306,-47.74354
B,29.285714,30,-1.0,0.285714,-47.8168
B,29.306122,30,-1.0,0.306122,-47.87662
B,29.326531,30,-1.0,0.326531,-47.9266
B,29.346939,30,-1.0,0.346939,-47.96961
B,29.367347,30,-1.0,0.367347,-48.00795
B,29.387755,30,-1.0,0.387755,-48.04347
B,29.408163,30,-1.0,0.408163,-48.07768
B,29.428571,30,-1.0,0.428571,-48.11184
B,29.44898,30,-1.0,0.44898,-48.14701
B,29.469388,30,-1.0,0.469388,-48.1841
B,29.489796,30,-1.0,0.489796,-48.22392
B,29.510204,30,-1.0,0.510204,-48.26716
B,29.530612,30,-1.0,0.530612,-48.3145
B,29.55102,30,-1.0,0.55102,-48.36655
B,29.571429,30,-1.0,0.571429,-48.42388
B,29.591837,30,-1.0,0.591837,-48.48706
B,29.612245,30,-1.0,0.612245,-48.55663
B,29.632653,30,-1.0,0.632653,-48.63316
B,29.653061,30,-1.0,0.653061,-48.71717
B,29.673469,30,-1.0,0.673469,-48.80922
B,29.693878,30,-1.0,0.693878,-48.90986
B,29.714286,30,-1.0,0.714286,-49.01966
B,29.734694,30,-1.0,0.734694,-49.13918
B,29.755102,30,-1.0,0.755102,-49.26901
B,29.77551,30,-1.0,0.77551,-49.40975
B,29.795918,30,-1.0,0.795918,-49.56201
B,29.816327,30,-1.0,0.816327,-49.7264
B,29.836735,30,-1.0,0.836735,-49.90357
B,29.857143,30,-1.0,0.857143,-50.09417
B,29.877551,30,-1.0,0.877551,-50.29887
B,29.897959,30,-1.0,0.897959,-50.51834
B,29.918367,30,-1.0,0.918367,-50.75329
B,29.938776,30,-1.0,0.938776,-51.00443
B,29.959184,30,-1.0,0.959184,-51.27249
B,29.979592,30,-1.0,0.979592,-51.55821
B,30.0,30,-1.0,1.0,-51.86235
B,30.0,31,1.0,0.0,39.96886
B,30.020408,31,1.0,0.020408,41.81213
B,30.040816,31,1.0,0.040816,43.24037
B,30.061224,31,1.0,0.061224,44.34707
B,30.081633,31,1.0,0.081633,45.20466
B,30.102041,31,1.0,0.102041,45.86931
B,30.122449,31,1.0,0.122449,46.38456
B,30.142857,31,1.0,0.142857,46.78418
B,30.163265,31,1.0,0.163265,47.09439
B,30.183673,31,1.0,0.183673,47.33552
B,30.204082,31,1.0,0.204082,47.52338
B,30.22449,31,1.0,0.22449,47.67026
B,30.244898,31,1.0,0.244898,47.78574
B,30.265306,31,1.0,0.265306,47.87729
B,30.285714,31,1.0,0.285714,47.95076
B,30.306122,31,1.0,0.306122,48.01074
B,30.326531,31,1.0,0.326531,48.06086
B,30.346939,31,1.0,0.346939,48.104
B,30.367347,31,1.0,0.367347,48.14244
B,30.387755,31,1.0,0.387755,48.17806
B,30.408163,31,1.0,0.408163,48.21237
B,30.428571,31,1.0,0.428571,48.24662
B,30.44898,31,1.0,0.44898,48.28189
B,30.469388,31,1.0,0.469388,48.31909
B,30.489796,31,1.0,0.489796,48.35901
B,30.510204,31,1.0,0.510204,48.40238
B,30.530612,31,1.0,0.530612,48.44986
B,30.55102,31,1.0,0.55102,48.50204
B,30.571429,31,1.0,0.571429,48.55953
B,30.591837,31,1.0,0.591837,48.62289
B,30.612245,31,1.0,0.612245,48.69266
B,30.632653,31,1.0,0.632653,48.7694
B,30.653061,31,1.0,0.653061,48.85365
B,30.673469,31,1.0,0.673469,48.94596
B,30.693878,31,1.0,0.693878,49.04688
B,30.714286,31,1.0,0.714286,49.15698
B,30.734694,31,1.0,0.734694,49.27684
B,30.755102,31,1.0,0.755102,49.40704
B,30.77551,31,1.0,0.77551,49.54817
B,30.795918,31,1.0,0.795918,49.70086
B,30.816327,31,1.0,0.816327,49.86571
B,30.836735,31,1.0,0.836735,50.04338
B,30.857143,31,1.0,0.857143,50.23451
B,30.877551,31,1.0,0.877551,50.43978
B,30.897959,31,1.0,0.897959,50.65987
B,30.918367,31,1.0,0.918367,50.89548
B,30.938776,31,1.0,0.938776,51.14732
B,30.959184,31,1.0,0.959184,51.41613
B,30.979592,31,1.0,0.979592,51.70265
B,31.0,31,1.0,1.0,52.00764
B,31.0,32,-1.0,0.0,-39.84696
B,31.020408,32,-1.0,0.020408,-41.68461
B,31.040816,32,-1.0,0.040816,-43.1085
B,31.061224,32,-1.0,0.061224,-44.21182
B,31.081633,32,-1.0,0.081633,-45.06679
B,31.102041,32,-1.0,0.102041,-45.72941
B,31.122449,32,-1.0,0.122449,-46.24309
B,31.142857,32,-1.0,0.142857,-46.6415
B,31.163265,32,-1.0,0.163265,-46.95076
B,31.183673,32,-1.0,0.183673,-47.19116
B,31.204082,32,-1.0,0.204082,-47.37844
B,31.22449,32,-1.0,0.22449,-47.52487
B,31.244898,32,-1.0,0.244898,-47.64
B,31.265306,32,-1.0,0.265306,-47.73127
B,31.285714,32,-1.0,0.285714,-47.80452
B,31.306122,32,-1.0,0.306122,-47.86432
B,31.326531,32,-1.0,0.326531,-47.91429
B,31.346939,32,-1.0,0.346939,-47.95729
B,31.367347,32,-1.0,0.367347,-47.99562
B,31.387755,32,-1.0,0.387755,-48.03112
B,31.408163,32,-1.0,0.408163,-48.06533
B,31.428571,32,-1.0,0.428571,-48.09948
B,31.44898,32,-1.0,0.44898,-48.13464
B,31.469388,32,-1.0,0.469388,-48.17173
B,31.489796,32,-1.0,0.489796,-48.21153
B,31.510204,32,-1.0,0.510204,-48.25476
B,31.530612,32,-1.0,0.530612,-48.30209
B,31.55102,32,-1.0,0.55102,-48.35412
B,31.571429,32,-1.0,0.571429,-48.41144
B,31.591837,32,-1.0,0.591837,-48.4746
B,31.612245,32,-1.0,0.612245,-48.54416
B,31.632653,32,-1.0,0.632653,-48.62066
B,31.653061,32,-1.0,0.653061,-48.70465
B,31.673469,32,-1.0,0.673469,-48.79668
B,31.693878,32,-1.0,0.693878,-48.8973
B,31.714286,32,-1.0,0.714286,-49.00706
B,31.734694,32,-1.0,0.734694,-49.12656
B,31.755102,32,-1.0,0.755102,-49.25636
B,31.77551,32,-1.0,0.77551,-49.39706
B,31.795918,32,-1.0,0.795918,-49.54928
B,31.816327,32,-1.0,0.816327,-49.71363
B,31.836735,32,-1.0,0.836735,-49.89075
B,31.857143,32,-1.0,0.857143,-50.08131
B,31.877551,32,-1.0,0.877551,-50.28595
B,31.897959,32,-1.0,0.897959,-50.50537
B,31.918367,32,-1.0,0.918367,-50.74025
B,31.938776,32,-1.0,0.938776,-50.99133
B,31.959184,32,-1.0,0.959184,-51.25932
B,31.979592,32,-1.0,0.979592,-51.54496
B,32.0,32,-1.0,1.0,-51.84903
B,32.0,33,1.0,0.0,40.10922
B,32.020408,33,1.0,0.020408,41.95896
B,32.040816,33,1.0,0.040816,43.39222
B,32.061224,33,1.0,0.061224,44.5028
B,32.081633,33,1.0,0.081633,45.36341
B,32.102041,33,1.0,0.102041,46.03039
B,32.122449,33,1.0,0.122449,46.54745
B,32.142857,33,1.0,0.142857,46.94848
B,32.163265,33,1.0,0.163265,47.25978
B,32.183673,33,1.0,0.183673,47.50175
B,32.204082,33,1.0,0.204082,47.69027
B,32.22449,33,1.0,0.22449,47.83767
B,32.244898,33,1.0,0.244898,47.95355
B,32.265306,33,1.0,0.265306,48.04542
B,32.285714,33,1.0,0.285714,48.11915
B,32.306122,33,1.0,0.306122,48.17935
B,32.326531,33,1.0,0.326531,48.22964
B,32.346939,33,1.0,0.346939,48.27293
B,32.367347,33,1.0,0.367347,48.31151
B,32.387755,33,1.0,0.387755,48.34725
B,32.408163,33,1.0,0.408163,48.38168
B,32.428571,33,1.0,0.428571,48.41606
B,32.44898,33,1.0,0.44898,48.45145
B,32.469388,33,1.0,0.469388,48.48878
B,32.489796,33,1.0,0.489796,48.52884
B,32.510204,33,1.0,0.510204,48.57236
B,32.530612,33,1.0,0.530612,48.62
B,32.55102,33,1.0,0.55102,48.67237
B,32.571429,33,1.0,0.571429,48.73007
B,32.591837,33,1.0,0.591837,48.79364
B,32.612245,33,1.0,0.612245,48.86366
B,32.632653,33,1.0,0.632653,48.94067
B,32.653061,33,1.0,0.653061,49.02521
B,32.673469,33,1.0,0.673469,49.11784
B,32.693878,33,1.0,0.693878,49.21912
B,32.714286,33,1.0,0.714286,49.32961
B,32.734694,33,1.0,0.734694,49.44989
B,32.755102,33,1.0,0.755102,49.58055
B,32.77551,33,1.0,0.77551,49.72218
B,32.795918,33,1.0,0.795918,49.87539
B,32.816327,33,1.0,0.816327,50.04083
B,32.836735,33,1.0,0.836735,50.21912
B,32.857143,33,1.0,0.857143,50.41092
B,32.877551,33,1.0,0.877551,50.61691
B,32.897959,33,1.0,0.897959,50.83777
B,32.918367,33,1.0,0.918367,51.07421
B,32.938776,33,1.0,0.938776,51.32694
B,32.959184,33,1.0,0.959184,51.59669
B,32.979592,33,1.0,0.979592,51.88422
B,33.0,33,1.0,1.0,52.19028
B,33.0,34,-1.0,0.0,-39.97491
B,33.020408,34,-1.0,0.020408,-41.81846
B,33.040816,34,-1.0,0.040816,-43.24692
B,33.061224,34,-1.0,0.061224,-44.35378
B,33.081633,34,-1.0,0.081633,-45.2115
B,33.102041,34,-1.0,0.102041,-45.87625
B,33.122449,34,-1.0,0.122449,-46.39158
B,33.142857,34,-1.0,0.142857,-46.79127
B,33.163265,34,-1.0,0.163265,-47.10152
B,33.183673,34,-1.0,0.183673,-47.34269
B,33.204082,34,-1.0,0.204082,-47.53057
B,33.22449,34,-1.0,0.22449,-47.67747
B,33.244898,34,-1.0,0.244898,-47.79297
B,33.265306,34,-1.0,0.265306,-47.88453
B,33.285714,34,-1.0,0.285714,-47.95802
B,33.306122,34,-1.0,0.306122,-48.01801
B,33.326531,34,-1.0,0.326531,-48.06814
B,33.346939,34,-1.0,0.346939,-48.11128
B,33.367347,34,-1.0,0.367347,-48.14973
B,33.387755,34,-1.0,0.387755,-48.18535
B,33.408163,34,-1.0,0.408163,-48.21966
B,33.428571,34,-1.0,0.428571,-48.25393
B,33.44898,34,-1.0,0.44898,-48.2892
B,33.469388,34,-1.0,0.469388,-48.3264
B,33.489796,34,-1.0,0.489796,-48.36633
B,33.510204,34,-1.0,0.510204,-48.40971
B,33.530612,34,-1.0,0.530612,-48.45719
B,33.55102,34,-1.0,0.55102,-48.50939
B,33.571429,34,-1.0,0.571429,-48.56688
B,33.591837,34,-1.0,0.591837,-48.63025
B,33.612245,34,-1.0,0.612245,-48.70003
B,33.632653,34,-1.0,0.632653,-48.77678
B,33.653061,34,-1.0,0.653061,-48.86104
B,33.673469,34,-1.0,0.673469,-48.95336
B,33.693878,34,-1.0,0.693878,-49.0543
B,33.714286,34,-1.0,0.714286,-49.16442
B,33.734694,34,-1.0,0.734694,-49.2843
B,33.755102,34,-1.0,0.755102,-49.41452
B,33.77551,34,-1.0,0.77551,-49.55567
B,33.795918,34,-1.0,0.795918,-49.70838
B,33.816327,34,-1.0,0.816327,-49.87326
B,33.836735,34,-1.0,0.836735,-50.05095
B,33.857143,34,-1.0,0.857143,-50.24211
B,33.877551,34,-1.0,0.877551,-50.44741
B,33.897959,34,-1.0,0.897959,-50.66754
B,33.918367,34,-1.0,0.918367,-50.90318
B,33.938776,34,-1.0,0.938776,-51.15506
B,33.959184,34,-1.0,0.959184,-51.42391
B,33.979592,34,-1.0,0.979592,-51.71047
B,34.0,34,-1.0,1.0,-52.01551
B,34.0,35,1.0,0.0,40.25624
B,34.020408,35,1.0,0.020408,42.11276
B,34.040816,35,1.0,0.040816,43.55128
B,34.061224,35,1.0,0.061224,44.66593
B,34.081633,35,1.0,0.081633,45.52968
B,34.102041,35,1.0,0.102041,46.19911
B,34.122449,35,1.0,0.122449,46.71807
B,34.142857,35,1.0,0.142857,47.12057
B,34.163265,35,1.0,0.163265,47.43301
B,34.183673,35,1.0,0.183673,47.67587
B,34.204082,35,1.0,0.204082,47.86508
B,34.22449,35,1.0,0.22449,48.01301
B,34.244898,35,1.0,0.244898,48.12932
B,34.265306,35,1.0,0.265306,48.22153
B,34.285714,35,1.0,0.285714,48.29553
B,34.306122,35,1.0,0.306122,48.35594
B,34.326531,35,1.0,0.326531,48.40642
B,34.346939,35,1.0,0.346939,48.44987
B,34.367347,35,1.0,0.367347,48.48859
B,34.387755,35,1.0,0.387755,48.52446
B,34.408163,35,1.0,0.408163,48.55902
B,34.428571,35,1.0,0.428571,48.59352
B,34.44898,35,1.0,0.44898,48.62905
B,34.469388,35,1.0,0.469388,48.66651
B,34.489796,35,1.0,0.489796,48.70672
B,34.510204,35,1.0,0.510204,48.7504
B,34.530612,35,1.0,0.530612,48.79821
B,34.55102,35,1.0,0.55102,48.85078
B,34.571429,35,1.0,0.571429,48.90868
B,34.591837,35,1.0,0.591837,48.97249
B,34.612245,35,1.0,0.612245,49.04277
B,34.632653,35,1.0,0.632653,49.12006
B,34.653061,35,1.0,0.653061,49.20491
B,34.673469,35,1.0,0.673469,49.29788
B,34.693878,35,1.0,0.693878,49.39953
B,34.714286,35,1.0,0.714286,49.51043
B,34.734694,35,1.0,0.734694,49.63115
B,34.755102,35,1.0,0.755102,49.76228
B,34.77551,35,1.0,0.77551,49.90443
B,34.795918,35,1.0,0.795918,50.05821
B,34.816327,35,1.0,0.816327,50.22425
B,34.836735,35,1.0,0.836735,50.40319
B,34.857143,35,1.0,0.857143,50.5957
B,34.877551,35,1.0,0.877551,50.80245
B,34.897959,35,1.0,0.897959,51.02412
B,34.918367,35,1.0,0.918367,51.26142
B,34.938776,35,1.0,0.938776,51.51507
B,34.959184,35,1.0,0.959184,51.78581
B,34.979592,35,1.0,0.979592,52.07439
B,35.0,35,1.0,1.0,52.38158
B,35.0,36,-1.0,0.0,-40.08547
B,35.020408,36,-1.0,0.020408,-41.93411
B,35.040816,36,-1.0,0.040816,-43.36653
B,35.061224,36,-1.0,0.061224,-44.47645
B,35.081633,36,-1.0,0.081633,-45.33654
B,35.102041,36,-1.0,0.102041,-46.00313
B,35.122449,36,-1.0,0.122449,-46.51988
B,35.142857,36,-1.0,0.142857,-46.92068
B,35.163265,36,-1.0,0.163265,-47.23179
B,35.183673,36,-1.0,0.183673,-47.47362
B,35.204082,36,-1.0,0.204082,-47.66203
B,35.22449,36,-1.0,0.22449,-47.80934
B,35.244898,36,-1.0,0.244898,-47.92515
B,35.265306,36,-1.0,0.265306,-48.01697
B,35.285714,36,-1.0,0.285714,-48.09065
B,35.306122,36,-1.0,0.306122,-48.15081
B,35.326531,36,-1.0,0.326531,-48.20108
B,35.346939,36,-1.0,0.346939,-48.24434
B,35.367347,36,-1.0,0.367347,-48.2829
B,35.387755,36,-1.0,0.387755,-48.31862
B,35.408163,36,-1.0,0.408163,-48.35302
B,35.428571,36,-1.0,0.428571,-48.38738
B,35.44898,36,-1.0,0.44898,-48.42275
B,35.469388,36,-1.0,0.469388,-48.46006
B,35.489796,36,-1.0,0.489796,-48.5001
B,35.510204,36,-1.0,0.510204,-48.54359
B,35.530612,36,-1.0,0.530612,-48.59121
B,35.55102,36,-1.0,0.55102,-48.64355
B,35.571429,36,-1.0,0.571429,-48.70121
B,35.591837,36,-1.0,0.591837,-48.76475
B,35.612245,36,-1.0,0.612245,-48.83472
B,35.632653,36,-1.0,0.632653,-48.91168
B,35.653061,36,-1.0,0.653061,-48.99618
B,35.673469,36,-1.0,0.673469,-49.08875
B,35.693878,36,-1.0,0.693878,-49.18997
B,35.714286,36,-1.0,0.714286,-49.3004
B,35.734694,36,-1.0,0.734694,-49.42061
B,35.755102,36,-1.0,0.755102,-49.55118
B,35.77551,36,-1.0,0.77551,-49.69273
B,35.795918,36,-1.0,0.795918,-49.84586
B,35.816327,36,-1.0,0.816327,-50.01119
B,35.836735,36,-1.0,0.836735,-50.18938
B,35.857143,36,-1.0,0.857143,-50.38107
B,35.877551,36,-1.0,0.877551,-50.58694
B,35.897959,36,-1.0,0.897959,-50.80767
B,35.918367,36,-1.0,0.918367,-51.04396
B,35.938776,36,-1.0,0.938776,-51.29654
B,35.959184,36,-1.0,0.959184,-51.56613
B,35.979592,36,-1.0,0.979592,-51.85349
B,36.0,36,-1.0,1.0,-52.15937
B,36.0,37,1.0,0.0,39.93033
B,36.020408,37,1.0,0.020408,41.77182
B,36.040816,37,1.0,0.040816,43.19869
B,36.061224,37,1.0,0.061224,44.30431
B,36.081633,37,1.0,0.081633,45.16108
B,36.102041,37,1.0,0.102041,45.82508
B,36.122449,37,1.0,0.122449,46.33984
B,36.142857,37,1.0,0.142857,46.73908
B,36.163265,37,1.0,0.163265,47.04899
B,36.183673,37,1.0,0.183673,47.28989
B,36.204082,37,1.0,0.204082,47.47756
B,36.22449,37,1.0,0.22449,47.6243
B,36.244898,37,1.0,0.244898,47.73967
B,36.265306,37,1.0,0.265306,47.83113
B,36.285714,37,1.0,0.285714,47.90453
B,36.306122,37,1.0,0.306122,47.96446
B,36.326531,37,1.0,0.326531,48.01453
B,36.346939,37,1.0,0.346939,48.05762
B,36.367347,37,1.0,0.367347,48.09603
B,36.387755,37,1.0,0.387755,48.13161
B,36.408163,37,1.0,0.408163,48.16589
B,36.428571,37,1.0,0.428571,48.20011
B,36.44898,37,1.0,0.44898,48.23535
B,36.469388,37,1.0,0.469388,48.27251
B,36.489796,37,1.0,0.489796,48.31239
B,36.510204,37,1.0,0.510204,48.35572
B,36.530612,37,1.0,0.530612,48.40315
B,36.55102,37,1.0,0.55102,48.45528
B,36.571429,37,1.0,0.571429,48.51272
B,36.591837,37,1.0,0.591837,48.57601
B,36.612245,37,1.0,0.612245,48.64572
B,36.632653,37,1.0,0.632653,48.72238
B,36.653061,37,1.0,0.653061,48.80655
B,36.673469,37,1.0,0.673469,48.89877
B,36.693878,37,1.0,0.693878,48.99959
B,36.714286,37,1.0,0.714286,49.10959
B,36.734694,37,1.0,0.734694,49.22933
B,36.755102,37,1.0,0.755102,49.35941
B,36.77551,37,1.0,0.77551,49.5004
B,36.795918,37,1.0,0.795918,49.65294
B,36.816327,37,1.0,0.816327,49.81764
B,36.836735,37,1.0,0.836735,49.99513
B,36.857143,37,1.0,0.857143,50.18608
B,36.877551,37,1.0,0.877551,50.39115
B,36.897959,37,1.0,0.897959,50.61103
B,36.918367,37,1.0,0.918367,50.84641
B,36.938776,37,1.0,0.938776,51.09801
B,36.959184,37,1.0,0.959184,51.36656
B,36.979592,37,1.0,0.979592,51.6528
B,37.0,37,1.0,1.0,51.9575
B,37.0,38,-1.0,0.0,-40.12163
B,37.020408,38,-1.0,0.020408,-41.97195
B,37.040816,38,-1.0,0.040816,-43.40565
B,37.061224,38,-1.0,0.061224,-44.51657
B,37.081633,38,-1.0,0.081633,-45.37744
B,37.102041,38,-1.0,0.102041,-46.04463
B,37.122449,38,-1.0,0.122449,-46.56185
B,37.142857,38,-1.0,0.142857,-46.96301
B,37.163265,38,-1.0,0.163265,-47.2744
B,37.183673,38,-1.0,0.183673,-47.51645
B,37.204082,38,-1.0,0.204082,-47.70503
B,37.22449,38,-1.0,0.22449,-47.85247
B,37.244898,38,-1.0,0.244898,-47.96839
B,37.265306,38,-1.0,0.265306,-48.06029
B,37.285714,38,-1.0,0.285714,-48.13404
B,37.306122,38,-1.0,0.306122,-48.19425
B,37.326531,38,-1.0,0.326531,-48.24457
B,37.346939,38,-1.0,0.346939,-48.28786
B,37.367347,38,-1.0,0.367347,-48.32646
B,37.387755,38,-1.0,0.387755,-48.36221
B,37.408163,38,-1.0,0.408163,-48.39665
B,37.428571,38,-1.0,0.428571,-48.43104
B,37.44898,38,-1.0,0.44898,-48.46644
B,37.469388,38,-1.0,0.469388,-48.50378
B,37.489796,38,-1.0,0.489796,-48.54386
B,37.510204,38,-1.0,0.510204,-48.58739
B,37.530612,38,-1.0,0.530612,-48.63505
B,37.55102,38,-1.0,0.55102,-48.68743
B,37.571429,38,-1.0,0.571429,-48.74514
B,37.591837,38,-1.0,0.591837,-48.80874
B,37.612245,38,-1.0,0.612245,-48.87878
B,37.632653,38,-1.0,0.632653,-48.95581
B,37.653061,38,-1.0,0.653061,-49.04038
B,37.673469,38,-1.0,0.673469,-49.13304
B,37.693878,38,-1.0,0.693878,-49.23435
B,37.714286,38,-1.0,0.714286,-49.34488
B,37.734694,38,-1.0,0.734694,-49.46519
B,37.755102,38,-1.0,0.755102,-49.59589
B,37.77551,38,-1.0,0.77551,-49.73756
B,37.795918,38,-1.0,0.795918,-49.89083
B,37.816327,38,-1.0,0.816327,-50.05631
B,37.836735,38,-1.0,0.836735,-50.23466
B,37.857143,38,-1.0,0.857143,-50.42652
B,37.877551,38,-1.0,0.877551,-50.63258
B,37.897959,38,-1.0,0.897959,-50.85351
B,37.918367,38,-1.0,0.918367,-51.09001
B,37.938776,38,-1.0,0.938776,-51.34282
B,37.959184,38,-1.0,0.959184,-51.61265
B,37.979592,38,-1.0,0.979592,-51.90027
B,38.0,38,-1.0,1.0,-52.20643
B,38.0,39,1.0,0.0,39.96468
B,38.020408,39,1.0,0.020408,41.80776
B,38.040816,39,1.0,0.040816,43.23585
B,38.061224,39,1.0,0.061224,44.34243
B,38.081633,39,1.0,0.081633,45.19993
B,38.102041,39,1.0,0.102041,45.86451
B,38.122449,39,1.0,0.122449,46.37971
B,38.142857,39,1.0,0.142857,46.7793
B,38.163265,39,1.0,0.163265,47.08947
B,38.183673,39,1.0,0.183673,47.33057
B,38.204082,39,1.0,0.204082,47.51841
B,38.22449,39,1.0,0.22449,47.66528
B,38.244898,39,1.0,0.244898,47.78074
B,38.265306,39,1.0,0.265306,47.87228
B,38.285714,39,1.0,0.285714,47.94575
B,38.306122,39,1.0,0.306122,48.00572
B,38.326531,39,1.0,0.326531,48.05584
B,38.346939,39,1.0,0.346939,48.09897
B,38.367347,39,1.0,0.367347,48.13741
B,38.387755,39,1.0,0.387755,48.17302
B,38.408163,39,1.0,0.408163,48.20733
B,38.428571,39,1.0,0.428571,48.24158
B,38.44898,39,1.0,0.44898,48.27685
B,38.469388,39,1.0,0.469388,48.31404
B,38.489796,39,1.0,0.489796,48.35396
B,38.510204,39,1.0,0.510204,48.39732
B,38.530612,39,1.0,0.530612,48.44479
B,38.55102,39,1.0,0.55102,48.49698
B,38.571429,39,1.0,0.571429,48.55446
B,38.591837,39,1.0,0.591837,48.61781
B,38.612245,39,1.0,0.612245,48.68757
B,38.632653,39,1.0,0.632653,48.7643
B,38.653061,39,1.0,0.653061,48.84854
B,38.673469,39,1.0,0.673469,48.94084
B,38.693878,39,1.0,0.693878,49.04175
B,38.714286,39,1.0,0.714286,49.15185
B,38.734694,39,1.0,0.734694,49.27169
B,38.755102,39,1.0,0.755102,49.40188
B,38.77551,39,1.0,0.77551,49.54299
B,38.795918,39,1.0,0.795918,49.69566
B,38.816327,39,1.0,0.816327,49.8605
B,38.836735,39,1.0,0.836735,50.03815
B,38.857143,39,1.0,0.857143,50.22926
B,38.877551,39,1.0,0.877551,50.43451
B,38.897959,39,1.0,0.897959,50.65457
B,38.918367,39,1.0,0.918367,50.89016
B,38.938776,39,1.0,0.938776,51.14197
B,38.959184,39,1.0,0.959184,51.41075
B,38.979592,39,1.0,0.979592,51.69724
B,39.0,39,1.0,1.0,52.00221
B,39.0,40,-1.0,0.0,-39.75456
B,39.020408,40,-1.0,0.020408,-41.58795
B,39.040816,40,-1.0,0.040816,-43.00853
B,39.061224,40,-1.0,0.061224,-44.10929
B,39.081633,40,-1.0,0.081633,-44.96228
B,39.102041,40,-1.0,0.102041,-45.62337
B,39.122449,40,-1.0,0.122449,-46.13586
B,39.142857,40,-1.0,0.142857,-46.53334
B,39.163265,40,-1.0,0.163265,-46.84189
B,39.183673,40,-1.0,0.183673,-47.08172
B,39.204082,40,-1.0,0.204082,-47.26857
B,39.22449,40,-1.0,0.22449,-47.41467
B,39.244898,40,-1.0,0.244898,-47.52953
B,39.265306,40,-1.0,0.265306,-47.62058
B,39.285714,40,-1.0,0.285714,-47.69366
B,39.306122,40,-1.0,0.306122,-47.75332
B,39.326531,40,-1.0,0.326531,-47.80317
B,39.346939,40,-1.0,0.346939,-47.84608
B,39.367347,40,-1.0,0.367347,-47.88432
B,39.387755,40,-1.0,0.387755,-47.91974
B,39.408163,40,-1.0,0.408163,-47.95387
B,39.428571,40,-1.0,0.428571,-47.98794
B,39.44898,40,-1.0,0.44898,-48.02302
B,39.469388,40,-1.0,0.469388,-48.06002
B,39.489796,40,-1.0,0.489796,-48.09973
B,39.510204,40,-1.0,0.510204,-48.14286
B,39.530612,40,-1.0,0.530612,-48.19008
B,39.55102,40,-1.0,0.55102,-48.24199
B,39.571429,40,-1.0,0.571429,-48.29917
B,39.591837,40,-1.0,0.591837,-48.36219
B,39.612245,40,-1.0,0.612245,-48.43159
B,39.632653,40,-1.0,0.632653,-48.50791
B,39.653061,40,-1.0,0.653061,-48.59171
B,39.673469,40,-1.0,0.673469,-48.68352
B,39.693878,40,-1.0,0.693878,-48.7839
B,39.714286,40,-1.0,0.714286,-48.89342
B,39.734694,40,-1.0,0.734694,-49.01263
B,39.755102,40,-1.0,0.755102,-49.14213
B,39.77551,40,-1.0,0.77551,-49.28251
B,39.795918,40,-1.0,0.795918,-49.43437
B,39.816327,40,-1.0,0.816327,-49.59834
B,39.836735,40,-1.0,0.836735,-49.77506
B,39.857143,40,-1.0,0.857143,-49.96517
B,39.877551,40,-1.0,0.877551,-50.16934
B,39.897959,40,-1.0,0.897959,-50.38824
B,39.918367,40,-1.0,0.918367,-50.62259
B,39.938776,40,-1.0,0.938776,-50.87308
B,39.959184,40,-1.0,0.959184,-51.14045
B,39.979592,40,-1.0,0.979592,-51.42543
B,40.0,40,-1.0,1.0,-51.72879
B,40.0,41,1.0,0.0,39.90819
B,40.020408,41,1.0,0.020408,41.74866
B,40.040816,41,1.0,0.040816,43.17474
B,40.061224,41,1.0,0.061224,44.27975
B,40.081633,41,1.0,0.081633,45.13604
B,40.102041,41,1.0,0.102041,45.79968
B,40.122449,41,1.0,0.122449,46.31415
B,40.142857,41,1.0,0.142857,46.71317
B,40.163265,41,1.0,0.163265,47.02291
B,40.183673,41,1.0,0.183673,47.26367
B,40.204082,41,1.0,0.204082,47.45125
B,40.22449,41,1.0,0.22449,47.5979
B,40.244898,41,1.0,0.244898,47.71321
B,40.265306,41,1.0,0.265306,47.80462
B,40.285714,41,1.0,0.285714,47.87798
B,40.306122,41,1.0,0.306122,47.93787
B,40.326531,41,1.0,0.326531,47.98791
B,40.346939,41,1.0,0.346939,48.03098
B,40.367347,41,1.0,0.367347,48.06937
B,40.387755,41,1.0,0.387755,48.10493
B,40.408163,41,1.0,0.408163,48.13919
B,40.428571,41,1.0,0.428571,48.17339
B,40.44898,41,1.0,0.44898,48.20861
B,40.469388,41,1.0,0.469388,48.24575
B,40.489796,41,1.0,0.489796,48.28561
B,40.510204,41,1.0,0.510204,48.32892
B,40.530612,41,1.0,0.530612,48.37632
B,40.55102,41,1.0,0.55102,48.42843
B,40.571429,41,1.0,0.571429,48.48583
B,40.591837,41,1.0,0.591837,48.54909
B,40.612245,41,1.0,0.612245,48.61875
B,40.632653,41,1.0,0.632653,48.69538
B,40.653061,41,1.0,0.653061,48.7795
B,40.673469,41,1.0,0.673469,48.87166
B,40.693878,41,1.0,0.693878,48.97243
B,40.714286,41,1.0,0.714286,49.08237
B,40.734694,41,1.0,0.734694,49.20205
B,40.755102,41,1.0,0.755102,49.33205
B,40.77551,41,1.0,0.77551,49.47297
B,40.795918,41,1.0,0.795918,49.62542
B,40.816327,41,1.0,0.816327,49.79002
B,40.836735,41,1.0,0.836735,49.96742
B,40.857143,41,1.0,0.857143,50.15826
B,40.877551,41,1.0,0.877551,50.36322
B,40.897959,41,1.0,0.897959,50.58297
B,40.918367,41,1.0,0.918367,50.81822
B,40.938776,41,1.0,0.938776,51.06968
B,40.959184,41,1.0,0.959184,51.33808
B,40.979592,41,1.0,0.979592,51.62417
B,41.0,41,1.0,1.0,51.9287
B,41.0,42,-1.0,0.0,-39.95676
B,41.020408,42,-1.0,0.020408,-41.79948
B,41.040816,42,-1.0,0.040816,-43.22729
B,41.061224,42,-1.0,0.061224,-44.33365
B,41.081633,42,-1.0,0.081633,-45.19098
B,41.102041,42,-1.0,0.102041,-45.85542
B,41.122449,42,-1.0,0.122449,-46.37052
B,41.142857,42,-1.0,0.142857,-46.77003
B,41.163265,42,-1.0,0.163265,-47.08014
B,41.183673,42,-1.0,0.183673,-47.3212
B,41.204082,42,-1.0,0.204082,-47.509
B,41.22449,42,-1.0,0.22449,-47.65583
B,41.244898,42,-1.0,0.244898,-47.77128
B,41.265306,42,-1.0,0.265306,-47.8628
B,41.285714,42,-1.0,0.285714,-47.93625
B,41.306122,42,-1.0,0.306122,-47.99621
B,41.326531,42,-1.0,0.326531,-48.04632
B,41.346939,42,-1.0,0.346939,-48.08944
B,41.367347,42,-1.0,0.367347,-48.12787
B,41.387755,42,-1.0,0.387755,-48.16348
B,41.408163,42,-1.0,0.408163,-48.19778
B,41.428571,42,-1.0,0.428571,-48.23202
B,41.44898,42,-1.0,0.44898,-48.26728
B,41.469388,42,-1.0,0.469388,-48.30447
B,41.489796,42,-1.0,0.489796,-48.34438
B,41.510204,42,-1.0,0.510204,-48.38774
B,41.530612,42,-1.0,0.530612,-48.43519
B,41.55102,42,-1.0,0.55102,-48.48737
B,41.571429,42,-1.0,0.571429,-48.54484
B,41.591837,42,-1.0,0.591837,-48.60818
B,41.612245,42,-1.0,0.612245,-48.67793
B,41.632653,42,-1.0,0.632653,-48.75464
B,41.653061,42,-1.0,0.653061,-48.83886
B,41.673469,42,-1.0,0.673469,-48.93114
B,41.693878,42,-1.0,0.693878,-49.03204
B,41.714286,42,-1.0,0.714286,-49.14211
B,41.734694,42,-1.0,0.734694,-49.26193
B,41.755102,42,-1.0,0.755102,-49.39209
B,41.77551,42,-1.0,0.77551,-49.53318
B,41.795918,42,-1.0,0.795918,-49.68581
B,41.816327,42,-1.0,0.816327,-49.85062
B,41.836735,42,-1.0,0.836735,-50.02823
B,41.857143,42,-1.0,0.857143,-50.21931
B,41.877551,42,-1.0,0.877551,-50.42452
B,41.897959,42,-1.0,0.897959,-50.64454
B,41.918367,42,-1.0,0.918367,-50.88007
B,41.938776,42,-1.0,0.938776,-51.13184
B,41.959184,42,-1.0,0.959184,-51.40057
B,41.979592,42,-1.0,0.979592,-51.687
B,42.0,42,-1.0,1.0,-51.9919
B,42.0,43,1.0,0.0,40.20816
B,42.020408,43,1.0,0.020408,42.06247
B,42.040816,43,1.0,0.040816,43.49927
B,42.061224,43,1.0,0.061224,44.61258
B,42.081633,43,1.0,0.081633,45.47531
B,42.102041,43,1.0,0.102041,46.14394
B,42.122449,43,1.0,0.122449,46.66227
B,42.142857,43,1.0,0.142857,47.06429
B,42.163265,43,1.0,0.163265,47.37636
B,42.183673,43,1.0,0.183673,47.61893
B,42.204082,43,1.0,0.204082,47.80792
B,42.22449,43,1.0,0.22449,47.95567
B,42.244898,43,1.0,0.244898,48.07184
B,42.265306,43,1.0,0.265306,48.16394
B,42.285714,43,1.0,0.285714,48.23785
B,42.306122,43,1.0,0.306122,48.2982
B,42.326531,43,1.0,0.326531,48.34862
B,42.346939,43,1.0,0.346939,48.39201
B,42.367347,43,1.0,0.367347,48.43068
B,42.387755,43,1.0,0.387755,48.46651
B,42.408163,43,1.0,0.408163,48.50103
B,42.428571,43,1.0,0.428571,48.53549
B,42.44898,43,1.0,0.44898,48.57097
B,42.469388,43,1.0,0.469388,48.60839
B,42.489796,43,1.0,0.489796,48.64855
B,42.510204,43,1.0,0.510204,48.69218
B,42.530612,43,1.0,0.530612,48.73994
B,42.55102,43,1.0,0.55102,48.79244
B,42.571429,43,1.0,0.571429,48.85027
B,42.591837,43,1.0,0.591837,48.91401
B,42.612245,43,1.0,0.612245,48.9842
B,42.632653,43,1.0,0.632653,49.0614
B,42.653061,43,1.0,0.653061,49.14615
B,42.673469,43,1.0,0.673469,49.23901
B,42.693878,43,1.0,0.693878,49.34054
B,42.714286,43,1.0,0.714286,49.4513
B,42.734694,43,1.0,0.734694,49.57188
B,42.755102,43,1.0,0.755102,49.70285
B,42.77551,43,1.0,0.77551,49.84483
B,42.795918,43,1.0,0.795918,49.99843
B,42.816327,43,1.0,0.816327,50.16427
B,42.836735,43,1.0,0.836735,50.343
B,42.857143,43,1.0,0.857143,50.53528
B,42.877551,43,1.0,0.877551,50.74178
B,42.897959,43,1.0,0.897959,50.96318
B,42.918367,43,1.0,0.918367,51.2002
B,42.938776,43,1.0,0.938776,51.45355
B,42.959184,43,1.0,0.959184,51.72397
B,42.979592,43,1.0,0.979592,52.0122
B,43.0,43,1.0,1.0,52.31903
B,43.0,44,-1.0,0.0,-40.17876
B,43.020408,44,-1.0,0.020408,-42.03171
B,43.040816,44,-1.0,0.040816,-43.46745
B,43.061224,44,-1.0,0.061224,-44.57996
B,43.081633,44,-1.0,0.081633,-45.44205
B,43.102041,44,-1.0,0.102041,-46.11019
B,43.122449,44,-1.0,0.122449,-46.62815
B,43.142857,44,-1.0,0.142857,-47.02987
B,43.163265,44,-1.0,0.163265,-47.34171
B,43.183673,44,-1.0,0.183673,-47.58411
B,43.204082,44,-1.0,0.204082,-47.77295
B,43.22449,44,-1.0,0.22449,-47.9206
B,43.244898,44,-1.0,0.244898,-48.03669
B,43.265306,44,-1.0,0.265306,-48.12872
B,43.285714,44,-1.0,0.285714,-48.20257
B,43.306122,44,-1.0,0.306122,-48.26287
B,43.326531,44,-1.0,0.326531,-48.31326
B,43.346939,44,-1.0,0.346939,-48.35662
B,43.367347,44,-1.0,0.367347,-48.39526
B,43.387755,44,-1.0,0.387755,-48.43107
B,43.408163,44,-1.0,0.408163,-48.46556
B,43.428571,44,-1.0,0.428571,-48.49999
B,43.44898,44,-1.0,0.44898,-48.53545
B,43.469388,44,-1.0,0.469388,-48.57284
B,43.489796,44,-1.0,0.489796,-48.61297
B,43.510204,44,-1.0,0.510204,-48.65657
B,43.530612,44,-1.0,0.530612,-48.70429
B,43.55102,44,-1.0,0.55102,-48.75675
B,43.571429,44,-1.0,0.571429,-48.81455
B,43.591837,44,-1.0,0.591837,-48.87823
B,43.612245,44,-1.0,0.612245,-48.94837
B,43.632653,44,-1.0,0.632653,-49.02551
B,43.653061,44,-1.0,0.653061,-49.1102
B,43.673469,44,-1.0,0.673469,-49.203
B,43.693878,44,-1.0,0.693878,-49.30445
B,43.714286,44,-1.0,0.714286,-49.41513
B,43.734694,44,-1.0,0.734694,-49.53562
B,43.755102,44,-1.0,0.755102,-49.6665
B,43.77551,44,-1.0,0.77551,-49.80838
B,43.795918,44,-1.0,0.795918,-49.96186
B,43.816327,44,-1.0,0.816327,-50.12758
B,43.836735,44,-1.0,0.836735,-50.30618
B,43.857143,44,-1.0,0.857143,-50.49832
B,43.877551,44,-1.0,0.877551,-50.70467
B,43.897959,44,-1.0,0.897959,-50.92591
B,43.918367,44,-1.0,0.918367,-51.16276
B,43.938776,44,-1.0,0.938776,-51.41592
B,43.959184,44,-1.0,0.959184,-51.68614
B,43.979592,44,-1.0,0.979592,-51.97417
B,44.0,44,-1.0,1.0,-52.28076
B,44.0,45,1.0,0.0,40.40155
B,44.020408,45,1.0,0.020408,42.26478
B,44.040816,45,1.0,0.040816,43.70848
B,44.061224,45,1.0,0.061224,44.82716
B,44.081633,45,1.0,0.081633,45.69403
B,44.102041,45,1.0,0.102041,46.36587
B,44.122449,45,1.0,0.122449,46.8867
B,44.142857,45,1.0,0.142857,47.29066
B,44.163265,45,1.0,0.163265,47.60422
B,44.183673,45,1.0,0.183673,47.84796
B,44.204082,45,1.0,0.204082,48.03786
B,44.22449,45,1.0,0.22449,48.18633
B,44.244898,45,1.0,0.244898,48.30305
B,44.265306,45,1.0,0.265306,48.3956
B,44.285714,45,1.0,0.285714,48.46986
B,44.306122,45,1.0,0.306122,48.53049
B,44.326531,45,1.0,0.326531,48.58116
B,44.346939,45,1.0,0.346939,48.62476
B,44.367347,45,1.0,0.367347,48.66362
B,44.387755,45,1.0,0.387755,48.69962
B,44.408163,45,1.0,0.408163,48.7343
B,44.428571,45,1.0,0.428571,48.76893
B,44.44898,45,1.0,0.44898,48.80458
B,44.469388,45,1.0,0.469388,48.84218
B,44.489796,45,1.0,0.489796,48.88254
B,44.510204,45,1.0,0.510204,48.92637
B,44.530612,45,1.0,0.530612,48.97436
B,44.55102,45,1.0,0.55102,49.02712
B,44.571429,45,1.0,0.571429,49.08523
B,44.591837,45,1.0,0.591837,49.14927
B,44.612245,45,1.0,0.612245,49.2198
B,44.632653,45,1.0,0.632653,49.29736
B,44.653061,45,1.0,0.653061,49.38252
B,44.673469,45,1.0,0.673469,49.47583
B,44.693878,45,1.0,0.693878,49.57785
B,44.714286,45,1.0,0.714286,49.68914
B,44.734694,45,1.0,0.734694,49.8103
B,44.755102,45,1.0,0.755102,49.94191
B,44.77551,45,1.0,0.77551,50.08457
B,44.795918,45,1.0,0.795918,50.2389
B,44.816327,45,1.0,0.816327,50.40554
B,44.836735,45,1.0,0.836735,50.58513
B,44.857143,45,1.0,0.857143,50.77834
B,44.877551,45,1.0,0.877551,50.98583
B,44.897959,45,1.0,0.897959,51.2083
B,44.918367,45,1.0,0.918367,51.44646
B,44.938776,45,1.0,0.938776,51.70103
B,44.959184,45,1.0,0.959184,51.97274
B,44.979592,45,1.0,0.979592,52.26237
B,45.0,45,1.0,1.0,52.57066
B,45.0,46,-1.0,0.0,-40.21887
B,45.020408,46,-1.0,0.020408,-42.07367
B,45.040816,46,-1.0,0.040816,-43.51085
B,45.061224,46,-1.0,0.061224,-44.62446
B,45.081633,46,-1.0,0.081633,-45.48741
B,45.102041,46,-1.0,0.102041,-46.15622
B,45.122449,46,-1.0,0.122449,-46.6747
B,45.142857,46,-1.0,0.142857,-47.07682
B,45.163265,46,-1.0,0.163265,-47.38897
B,45.183673,46,-1.0,0.183673,-47.63161
B,45.204082,46,-1.0,0.204082,-47.82064
B,45.22449,46,-1.0,0.22449,-47.96844
B,45.244898,46,-1.0,0.244898,-48.08464
B,45.265306,46,-1.0,0.265306,-48.17676
B,45.285714,46,-1.0,0.285714,-48.25069
B,45.306122,46,-1.0,0.306122,-48.31105
B,45.326531,46,-1.0,0.326531,-48.36149
B,45.346939,46,-1.0,0.346939,-48.40489
B,45.367347,46,-1.0,0.367347,-48.44358
B,45.387755,46,-1.0,0.387755,-48.47942
B,45.408163,46,-1.0,0.408163,-48.51394
B,45.428571,46,-1.0,0.428571,-48.54841
B,45.44898,46,-1.0,0.44898,-48.5839
B,45.469388,46,-1.0,0.469388,-48.62133
B,45.489796,46,-1.0,0.489796,-48.6615
B,45.510204,46,-1.0,0.510204,-48.70514
B,45.530612,46,-1.0,0.530612,-48.75291
B,45.55102,46,-1.0,0.55102,-48.80543
B,45.571429,46,-1.0,0.571429,-48.86328
B,45.591837,46,-1.0,0.591837,-48.92703
B,45.612245,46,-1.0,0.612245,-48.99724
B,45.632653,46,-1.0,0.632653,-49.07446
B,45.653061,46,-1.0,0.653061,-49.15923
B,45.673469,46,-1.0,0.673469,-49.25212
B,45.693878,46,-1.0,0.693878,-49.35367
B,45.714286,46,-1.0,0.714286,-49.46446
B,45.734694,46,-1.0,0.734694,-49.58507
B,45.755102,46,-1.0,0.755102,-49.71608
B,45.77551,46,-1.0,0.77551,-49.8581
B,45.795918,46,-1.0,0.795918,-50.01174
B,45.816327,46,-1.0,0.816327,-50.17762
B,45.836735,46,-1.0,0.836735,-50.3564
B,45.857143,46,-1.0,0.857143,-50.54873
B,45.877551,46,-1.0,0.877551,-50.75528
B,45.897959,46,-1.0,0.897959,-50.97675
B,45.918367,46,-1.0,0.918367,-51.21383
B,45.938776,46,-1.0,0.938776,-51.46725
B,45.959184,46,-1.0,0.959184,-51.73774
B,45.979592,46,-1.0,0.979592,-52.02605
B,46.0,46,-1.0,1.0,-52.33295
B,46.0,47,1.0,0.0,40.03914
B,46.020408,47,1.0,0.020408,41.88565
B,46.040816,47,1.0,0.040816,43.31641
B,46.061224,47,1.0,0.061224,44.42504
B,46.081633,47,1.0,0.081633,45.28414
B,46.102041,47,1.0,0.102041,45.94996
B,46.122449,47,1.0,0.122449,46.46612
B,46.142857,47,1.0,0.142857,46.86645
B,46.163265,47,1.0,0.163265,47.1772
B,46.183673,47,1.0,0.183673,47.41875
B,46.204082,47,1.0,0.204082,47.60694
B,46.22449,47,1.0,0.22449,47.75408
B,46.244898,47,1.0,0.244898,47.86976
B,46.265306,47,1.0,0.265306,47.96147
B,46.285714,47,1.0,0.285714,48.03507
B,46.306122,47,1.0,0.306122,48.09516
B,46.326531,47,1.0,0.326531,48.14537
B,46.346939,47,1.0,0.346939,48.18858
B,46.367347,47,1.0,0.367347,48.22709
B,46.387755,47,1.0,0.387755,48.26277
B,46.408163,47,1.0,0.408163,48.29714
B,46.428571,47,1.0,0.428571,48.33146
B,46.44898,47,1.0,0.44898,48.36679
B,46.469388,47,1.0,0.469388,48.40405
B,46.489796,47,1.0,0.489796,48.44405
B,46.510204,47,1.0,0.510204,48.48749
B,46.530612,47,1.0,0.530612,48.53505
B,46.55102,47,1.0,0.55102,48.58733
B,46.571429,47,1.0,0.571429,48.64492
B,46.591837,47,1.0,0.591837,48.70839
B,46.612245,47,1.0,0.612245,48.77828
B,46.632653,47,1.0,0.632653,48.85515
B,46.653061,47,1.0,0.653061,48.93955
B,46.673469,47,1.0,0.673469,49.03202
B,46.693878,47,1.0,0.693878,49.13312
B,46.714286,47,1.0,0.714286,49.24342
B,46.734694,47,1.0,0.734694,49.36349
B,46.755102,47,1.0,0.755102,49.49391
B,46.77551,47,1.0,0.77551,49.6353
B,46.795918,47,1.0,0.795918,49.78825
B,46.816327,47,1.0,0.816327,49.95339
B,46.836735,47,1.0,0.836735,50.13137
B,46.857143,47,1.0,0.857143,50.32284
B,46.877551,47,1.0,0.877551,50.52847
B,46.897959,47,1.0,0.897959,50.74895
B,46.918367,47,1.0,0.918367,50.98497
B,46.938776,47,1.0,0.938776,51.23725
B,46.959184,47,1.0,0.959184,51.50653
B,46.979592,47,1.0,0.979592,51.79356
B,47.0,47,1.0,1.0,52.09909
B,47.0,48,-1.0,0.0,-39.93954
B,47.020408,48,-1.0,0.020408,-41.78146
B,47.040816,48,-1.0,0.040816,-43.20865
B,47.061224,48,-1.0,0.061224,-44.31453
B,47.081633,48,-1.0,0.081633,-45.17149
B,47.102041,48,-1.0,0.102041,-45.83566
B,47.122449,48,-1.0,0.122449,-46.35053
B,47.142857,48,-1.0,0.142857,-46.74986
B,47.163265,48,-1.0,0.163265,-47.05984
B,47.183673,48,-1.0,0.183673,-47.3008
B,47.204082,48,-1.0,0.204082,-47.48852
B,47.22449,48,-1.0,0.22449,-47.63529
B,47.244898,48,-1.0,0.244898,-47.75068
B,47.265306,48,-1.0,0.265306,-47.84217
B,47.285714,48,-1.0,0.285714,-47.91558
B,47.306122,48,-1.0,0.306122,-47.97552
B,47.326531,48,-1.0,0.326531,-48.0256
B,47.346939,48,-1.0,0.346939,-48.06871
B,47.367347,48,-1.0,0.367347,-48.10712
B,47.387755,48,-1.0,0.387755,-48.14272
B,47.408163,48,-1.0,0.408163,-48.177
B,47.428571,48,-1.0,0.428571,-48.21123
B,47.44898,48,-1.0,0.44898,-48.24647
B,47.469388,48,-1.0,0.469388,-48.28364
B,47.489796,48,-1.0,0.489796,-48.32354
B,47.510204,48,-1.0,0.510204,-48.36687
B,47.530612,48,-1.0,0.530612,-48.41431
B,47.55102,48,-1.0,0.55102,-48.46646
B,47.571429,48,-1.0,0.571429,-48.52391
B,47.591837,48,-1.0,0.591837,-48.58722
B,47.612245,48,-1.0,0.612245,-48.65694
B,47.632653,48,-1.0,0.632653,-48.73362
B,47.653061,48,-1.0,0.653061,-48.81781
B,47.673469,48,-1.0,0.673469,-48.91005
B,47.693878,48,-1.0,0.693878,-49.0109
B,47.714286,48,-1.0,0.714286,-49.12092
B,47.734694,48,-1.0,0.734694,-49.24069
B,47.755102,48,-1.0,0.755102,-49.37079
B,47.77551,48,-1.0,0.77551,-49.51182
B,47.795918,48,-1.0,0.795918,-49.66439
B,47.816327,48,-1.0,0.816327,-49.82913
B,47.836735,48,-1.0,0.836735,-50.00667
B,47.857143,48,-1.0,0.857143,-50.19766
B,47.877551,48,-1.0,0.877551,-50.40278
B,47.897959,48,-1.0,0.897959,-50.6227
B,47.918367,48,-1.0,0.918367,-50.85814
B,47.938776,48,-1.0,0.938776,-51.1098
B,47.959184,48,-1.0,0.959184,-51.37841
B,47.979592,48,-1.0,0.979592,-51.66472
B,48.0,48,-1.0,1.0,-51.96949
B,48.0,49,1.0,0.0,39.90305
B,48.020408,49,1.0,0.020408,41.74328
B,48.040816,49,1.0,0.040816,43.16918
B,48.061224,49,1.0,0.061224,44.27405
B,48.081633,49,1.0,0.081633,45.13023
B,48.102041,49,1.0,0.102041,45.79378
B,48.122449,49,1.0,0.122449,46.30818
B,48.142857,49,1.0,0.142857,46.70715
B,48.163265,49,1.0,0.163265,47.01685
B,48.183673,49,1.0,0.183673,47.25758
B,48.204082,49,1.0,0.204082,47.44513
B,48.22449,49,1.0,0.22449,47.59177
B,48.244898,49,1.0,0.244898,47.70706
B,48.265306,49,1.0,0.265306,47.79846
B,48.285714,49,1.0,0.285714,47.87181
B,48.306122,49,1.0,0.306122,47.93169
B,48.326531,49,1.0,0.326531,47.98173
B,48.346939,49,1.0,0.346939,48.02479
B,48.367347,49,1.0,0.367347,48.06317
B,48.387755,49,1.0,0.387755,48.09873
B,48.408163,49,1.0,0.408163,48.13298
B,48.428571,49,1.0,0.428571,48.16718
B,48.44898,49,1.0,0.44898,48.2024
B,48.469388,49,1.0,0.469388,48.23953
B,48.489796,49,1.0,0.489796,48.27939
B,48.510204,49,1.0,0.510204,48.32269
B,48.530612,49,1.0,0.530612,48.37008
B,48.55102,49,1.0,0.55102,48.42218
B,48.571429,49,1.0,0.571429,48.47958
B,48.591837,49,1.0,0.591837,48.54283
B,48.612245,49,1.0,0.612245,48.61249
B,48.632653,49,1.0,0.632653,48.6891
B,48.653061,49,1.0,0.653061,48.77321
B,48.673469,49,1.0,0.673469,48.86536
B,48.693878,49,1.0,0.693878,48.96612
B,48.714286,49,1.0,0.714286,49.07605
B,48.734694,49,1.0,0.734694,49.19571
B,48.755102,49,1.0,0.755102,49.32569
B,48.77551,49,1.0,0.77551,49.46659
B,48.795918,49,1.0,0.795918,49.61902
B,48.816327,49,1.0,0.816327,49.7836
B,48.836735,49,1.0,0.836735,49.96098
B,48.857143,49,1.0,0.857143,50.1518
B,48.877551,49,1.0,0.877551,50.35673
B,48.897959,49,1.0,0.897959,50.57646
B,48.918367,49,1.0,0.918367,50.81168
B,48.938776,49,1.0,0.938776,51.0631
B,48.959184,49,1.0,0.959184,51.33147
B,48.979592,49,1.0,0.979592,51.61752
B,49.0,49,1.0,1.0,51.92201
B,49.0,50,-1.0,0.0,-40.24083
B,49.020408,50,-1.0,0.020408,-42.09664
B,49.040816,50,-1.0,0.040816,-43.5346
B,49.061224,50,-1.0,0.061224,-44.64882
B,49.081633,50,-1.0,0.081633,-45.51225
B,49.102041,50,-1.0,0.102041,-46.18142
B,49.122449,50,-1.0,0.122449,-46.70018
B,49.142857,50,-1.0,0.142857,-47.10253
B,49.163265,50,-1.0,0.163265,-47.41484
B,49.183673,50,-1.0,0.183673,-47.65762
B,49.204082,50,-1.0,0.204082,-47.84675
B,49.22449,50,-1.0,0.22449,-47.99463
B,49.244898,50,-1.0,0.244898,-48.1109
B,49.265306,50,-1.0,0.265306,-48.20307
B,49.285714,50,-1.0,0.285714,-48.27704
B,49.306122,50,-1.0,0.306122,-48.33743
B,49.326531,50,-1.0,0.326531,-48.38789
B,49.346939,50,-1.0,0.346939,-48.43132
B,49.367347,50,-1.0,0.367347,-48.47003
B,49.387755,50,-1.0,0.387755,-48.50589
B,49.408163,50,-1.0,0.408163,-48.54043
B,49.428571,50,-1.0,0.428571,-48.57492
B,49.44898,50,-1.0,0.44898,-48.61043
B,49.469388,50,-1.0,0.469388,-48.64788
B,49.489796,50,-1.0,0.489796,-48.68807
B,49.510204,50,-1.0,0.510204,-48.73174
B,49.530612,50,-1.0,0.530612,-48.77953
B,49.55102,50,-1.0,0.55102,-48.83208
B,49.571429,50,-1.0,0.571429,-48.88996
B,49.591837,50,-1.0,0.591837,-48.95374
B,49.612245,50,-1.0,0.612245,-49.02399
B,49.632653,50,-1.0,0.632653,-49.10125
B,49.653061,50,-1.0,0.653061,-49.18607
B,49.673469,50,-1.0,0.673469,-49.27901
B,49.693878,50,-1.0,0.693878,-49.38062
B,49.714286,50,-1.0,0.714286,-49.49147
B,49.734694,50,-1.0,0.734694,-49.61215
B,49.755102,50,-1.0,0.755102,-49.74323
B,49.77551,50,-1.0,0.77551,-49.88532
B,49.795918,50,-1.0,0.795918,-50.03904
B,49.816327,50,-1.0,0.816327,-50.20502
B,49.836735,50,-1.0,0.836735,-50.3839
B,49.857143,50,-1.0,0.857143,-50.57633
B,49.877551,50,-1.0,0.877551,-50.783
B,49.897959,50,-1.0,0.897959,-51.00458
B,49.918367,50,-1.0,0.918367,-51.24179
B,49.938776,50,-1.0,0.938776,-51.49535
B,49.959184,50,-1.0,0.959184,-51.76599
B,49.979592,50,-1.0,0.979592,-52.05446
B,50.0,50,-1.0,1.0,-52.36153
B,50.0,51,1.0,0.0,40.20246
B,50.020408,51,1.0,0.020408,42.0565
B,50.040816,51,1.0,0.040816,43.49309
B,50.061224,51,1.0,0.061224,44.60625
B,50.081633,51,1.0,0.081633,45.46885
B,50.102041,51,1.0,0.102041,46.13739
B,50.122449,51,1.0,0.122449,46.65565
B,50.142857,51,1.0,0.142857,47.05761
B,50.163265,51,1.0,0.163265,47.36963
B,50.183673,51,1.0,0.183673,47.61217
B,50.204082,51,1.0,0.204082,47.80113
B,50.22449,51,1.0,0.22449,47.94887
B,50.244898,51,1.0,0.244898,48.06502
B,50.265306,51,1.0,0.265306,48.15711
B,50.285714,51,1.0,0.285714,48.23101
B,50.306122,51,1.0,0.306122,48.29134
B,50.326531,51,1.0,0.326531,48.34175
B,50.346939,51,1.0,0.346939,48.38514
B,50.367347,51,1.0,0.367347,48.42381
B,50.387755,51,1.0,0.387755,48.45963
B,50.408163,51,1.0,0.408163,48.49414
B,50.428571,51,1.0,0.428571,48.5286
B,50.44898,51,1.0,0.44898,48.56408
B,50.469388,51,1.0,0.469388,48.60149
B,50.489796,51,1.0,0.489796,48.64165
B,50.510204,51,1.0,0.510204,48.68527
B,50.530612,51,1.0,0.530612,48.73302
B,50.55102,51,1.0,0.55102,48.78551
B,50.571429,51,1.0,0.571429,48.84334
B,50.591837,51,1.0,0.591837,48.90706
B,50.612245,51,1.0,0.612245,48.97725
B,50.632653,51,1.0,0.632653,49.05443
B,50.653061,51,1.0,0.653061,49.13917
B,50.673469,51,1.0,0.673469,49.23202
B,50.693878,51,1.0,0.693878,49.33353
B,50.714286,51,1.0,0.714286,49.44428
B,50.734694,51,1.0,0.734694,49.56484
B,50.755102,51,1.0,0.755102,49.6958
B,50.77551,51,1.0,0.77551,49.83776
B,50.795918,51,1.0,0.795918,49.99133
B,50.816327,51,1.0,0.816327,50.15715
B,50.836735,51,1.0,0.836735,50.33585
B,50.857143,51,1.0,0.857143,50.5281
B,50.877551,51,1.0,0.877551,50.73457
B,50.897959,51,1.0,0.897959,50.95595
B,50.918367,51,1.0,0.918367,51.19293
B,50.938776,51,1.0,0.938776,51.44625
B,50.959184,51,1.0,0.959184,51.71663
B,50.979592,51,1.0,0.979592,52.00482
B,51.0,51,1.0,1.0,52.3116
B,51.0,52,-1.0,0.0,-40.69042
B,51.020408,52,-1.0,0.020408,-42.56696
B,51.040816,52,-1.0,0.040816,-44.02099
B,51.061224,52,-1.0,0.061224,-45.14766
B,51.081633,52,-1.0,0.081633,-46.02073
B,51.102041,52,-1.0,0.102041,-46.69738
B,51.122449,52,-1.0,0.122449,-47.22194
B,51.142857,52,-1.0,0.142857,-47.62878
B,51.163265,52,-1.0,0.163265,-47.94459
B,51.183673,52,-1.0,0.183673,-48.19007
B,51.204082,52,-1.0,0.204082,-48.38132
B,51.22449,52,-1.0,0.22449,-48.53085
B,51.244898,52,-1.0,0.244898,-48.64841
B,51.265306,52,-1.0,0.265306,-48.74162
B,51.285714,52,-1.0,0.285714,-48.81641
B,51.306122,52,-1.0,0.306122,-48.87748
B,51.326531,52,-1.0,0.326531,-48.9285
B,51.346939,52,-1.0,0.346939,-48.97241
B,51.367347,52,-1.0,0.367347,-49.01156
B,51.387755,52,-1.0,0.387755,-49.04782
B,51.408163,52,-1.0,0.408163,-49.08274
B,51.428571,52,-1.0,0.428571,-49.11762
B,51.44898,52,-1.0,0.44898,-49.15353
B,51.469388,52,-1.0,0.469388,-49.19139
B,51.489796,52,-1.0,0.489796,-49.23204
B,51.510204,52,-1.0,0.510204,-49.27619
B,51.530612,52,-1.0,0.530612,-49.32452
B,51.55102,52,-1.0,0.55102,-49.37765
B,51.571429,52,-1.0,0.571429,-49.43618
B,51.591837,52,-1.0,0.591837,-49.50068
B,51.612245,52,-1.0,0.612245,-49.57171
B,51.632653,52,-1.0,0.632653,-49.64983
B,51.653061,52,-1.0,0.653061,-49.7356
B,51.673469,52,-1.0,0.673469,-49.82958
B,51.693878,52,-1.0,0.693878,-49.93232
B,51.714286,52,-1.0,0.714286,-50.04441
B,51.734694,52,-1.0,0.734694,-50.16643
B,51.755102,52,-1.0,0.755102,-50.29898
B,51.77551,52,-1.0,0.77551,-50.44266
B,51.795918,52,-1.0,0.795918,-50.5981
B,51.816327,52,-1.0,0.816327,-50.76593
B,51.836735,52,-1.0,0.836735,-50.94681
B,51.857143,52,-1.0,0.857143,-51.14139
B,51.877551,52,-1.0,0.877551,-51.35037
B,51.897959,52,-1.0,0.897959,-51.57443
B,51.918367,52,-1.0,0.918367,-51.81429
B,51.938776,52,-1.0,0.938776,-52.07068
B,51.959184,52,-1.0,0.959184,-52.34434
B,51.979592,52,-1.0,0.979592,-52.63603
B,52.0,52,-1.0,1.0,-52.94653
B,52.0,53,1.0,0.0,40.99795
B,52.020408,53,1.0,0.020408,42.88868
B,52.040816,53,1.0,0.040816,44.3537
B,52.061224,53,1.0,0.061224,45.48889
B,52.081633,53,1.0,0.081633,46.36856
B,52.102041,53,1.0,0.102041,47.05032
B,52.122449,53,1.0,0.122449,47.57884
B,52.142857,53,1.0,0.142857,47.98875
B,52.163265,53,1.0,0.163265,48.30695
B,52.183673,53,1.0,0.183673,48.55429
B,52.204082,53,1.0,0.204082,48.74698
B,52.22449,53,1.0,0.22449,48.89764
B,52.244898,53,1.0,0.244898,49.01609
B,52.265306,53,1.0,0.265306,49.11
B,52.285714,53,1.0,0.285714,49.18536
B,52.306122,53,1.0,0.306122,49.24689
B,52.326531,53,1.0,0.326531,49.2983
B,52.346939,53,1.0,0.346939,49.34255
B,52.367347,53,1.0,0.367347,49.38198
B,52.387755,53,1.0,0.387755,49.41852
B,52.408163,53,1.0,0.408163,49.45371
B,52.428571,53,1.0,0.428571,49.48885
B,52.44898,53,1.0,0.44898,49.52502
B,52.469388,53,1.0,0.469388,49.56318
B,52.489796,53,1.0,0.489796,49.60413
B,52.510204,53,1.0,0.510204,49.64862
B,52.530612,53,1.0,0.530612,49.69731
B,52.55102,53,1.0,0.55102,49.75084
B,52.571429,53,1.0,0.571429,49.80981
B,52.591837,53,1.0,0.591837,49.8748
B,52.612245,53,1.0,0.612245,49.94637
B,52.632653,53,1.0,0.632653,50.02508
B,52.653061,53,1.0,0.653061,50.1115
B,52.673469,53,1.0,0.673469,50.20618
B,52.693878,53,1.0,0.693878,50.30971
B,52.714286,53,1.0,0.714286,50.42265
B,52.734694,53,1.0,0.734694,50.54559
B,52.755102,53,1.0,0.755102,50.67914
B,52.77551,53,1.0,0.77551,50.82391
B,52.795918,53,1.0,0.795918,50.98052
B,52.816327,53,1.0,0.816327,51.14962
B,52.836735,53,1.0,0.836735,51.33186
B,52.857143,53,1.0,0.857143,51.52792
B,52.877551,53,1.0,0.877551,51.73847
B,52.897959,53,1.0,0.897959,51.96422
B,52.918367,53,1.0,0.918367,52.2059
B,52.938776,53,1.0,0.938776,52.46423
B,52.959184,53,1.0,0.959184,52.73995
B,52.979592,53,1.0,0.979592,53.03385
B,53.0,53,1.0,1.0,53.3467
B,53.0,54,-1.0,0.0,-41.00416
B,53.020408,54,-1.0,0.020408,-42.89517
B,53.040816,54,-1.0,0.040816,-44.36041
B,53.061224,54,-1.0,0.061224,-45.49577
B,53.081633,54,-1.0,0.081633,-46.37558
B,53.102041,54,-1.0,0.102041,-47.05744
B,53.122449,54,-1.0,0.122449,-47.58604
B,53.142857,54,-1.0,0.142857,-47.99602
B,53.163265,54,-1.0,0.163265,-48.31426
B,53.183673,54,-1.0,0.183673,-48.56164
B,53.204082,54,-1.0,0.204082,-48.75436
B,53.22449,54,-1.0,0.22449,-48.90504
B,53.244898,54,-1.0,0.244898,-49.02351
B,53.265306,54,-1.0,0.265306,-49.11744
B,53.285714,54,-1.0,0.285714,-49.19281
B,53.306122,54,-1.0,0.306122,-49.25435
B,53.326531,54,-1.0,0.326531,-49.30576
B,53.346939,54,-1.0,0.346939,-49.35001
B,53.367347,54,-1.0,0.367347,-49.38946
B,53.387755,54,-1.0,0.387755,-49.426
B,53.408163,54,-1.0,0.408163,-49.46119
B,53.428571,54,-1.0,0.428571,-49.49634
B,53.44898,54,-1.0,0.44898,-49.53252
B,53.469388,54,-1.0,0.469388,-49.57068
B,53.489796,54,-1.0,0.489796,-49.61164
B,53.510204,54,-1.0,0.510204,-49.65613
B,53.530612,54,-1.0,0.530612,-49.70483
B,53.55102,54,-1.0,0.55102,-49.75837
B,53.571429,54,-1.0,0.571429,-49.81735
B,53.591837,54,-1.0,0.591837,-49.88235
B,53.612245,54,-1.0,0.612245,-49.95393
B,53.632653,54,-1.0,0.632653,-50.03265
B,53.653061,54,-1.0,0.653061,-50.11908
B,53.673469,54,-1.0,0.673469,-50.21378
B,53.693878,54,-1.0,0.693878,-50.31732
B,53.714286,54,-1.0,0.714286,-50.43028
B,53.734694,54,-1.0,0.734694,-50.55324
B,53.755102,54,-1.0,0.755102,-50.68681
B,53.77551,54,-1.0,0.77551,-50.8316
B,53.795918,54,-1.0,0.795918,-50.98824
B,53.816327,54,-1.0,0.816327,-51.15736
B,53.836735,54,-1.0,0.836735,-51.33963
B,53.857143,54,-1.0,0.857143,-51.53572
B,53.877551,54,-1.0,0.877551,-51.7463
B,53.897959,54,-1.0,0.897959,-51.97209
B,53.918367,54,-1.0,0.918367,-52.2138
B,53.938776,54,-1.0,0.938776,-52.47217
B,53.959184,54,-1.0,0.959184,-52.74794
B,53.979592,54,-1.0,0.979592,-53.04188
B,54.0,54,-1.0,1.0,-53.35478
B,54.0,55,1.0,0.0,41.21658
B,54.020408,55,1.0,0.020408,43.11739
B,54.040816,55,1.0,0.040816,44.59022
B,54.061224,55,1.0,0.061224,45.73146
B,54.081633,55,1.0,0.081633,46.61583
B,54.102041,55,1.0,0.102041,47.30122
B,54.122449,55,1.0,0.122449,47.83256
B,54.142857,55,1.0,0.142857,48.24466
B,54.163265,55,1.0,0.163265,48.56456
B,54.183673,55,1.0,0.183673,48.81321
B,54.204082,55,1.0,0.204082,49.00693
B,54.22449,55,1.0,0.22449,49.1584
B,54.244898,55,1.0,0.244898,49.27748
B,54.265306,55,1.0,0.265306,49.37189
B,54.285714,55,1.0,0.285714,49.44766
B,54.306122,55,1.0,0.306122,49.50951
B,54.326531,55,1.0,0.326531,49.5612
B,54.346939,55,1.0,0.346939,49.60568
B,54.367347,55,1.0,0.367347,49.64532
B,54.387755,55,1.0,0.387755,49.68205
B,54.408163,55,1.0,0.408163,49.71743
B,54.428571,55,1.0,0.428571,49.75276
B,54.44898,55,1.0,0.44898,49.78913
B,54.469388,55,1.0,0.469388,49.82748
B,54.489796,55,1.0,0.489796,49.86865
B,54.510204,55,1.0,0.510204,49.91338
B,54.530612,55,1.0,0.530612,49.96233
B,54.55102,55,1.0,0.55102,50.01615
B,54.571429,55,1.0,0.571429,50.07544
B,54.591837,55,1.0,0.591837,50.14077
B,54.612245,55,1.0,0.612245,50.21272
B,54.632653,55,1.0,0.632653,50.29185
B,54.653061,55,1.0,0.653061,50.37873
B,54.673469,55,1.0,0.673469,50.47392
B,54.693878,55,1.0,0.693878,50.57799
B,54.714286,55,1.0,0.714286,50.69154
B,54.734694,55,1.0,0.734694,50.81514
B,54.755102,55,1.0,0.755102,50.9494
B,54.77551,55,1.0,0.77551,51.09494
B,54.795918,55,1.0,0.795918,51.25239
B,54.816327,55,1.0,0.816327,51.42239
B,54.836735,55,1.0,0.836735,51.6056
B,54.857143,55,1.0,0.857143,51.8027
B,54.877551,55,1.0,0.877551,52.01438
B,54.897959,55,1.0,0.897959,52.24134
B,54.918367,55,1.0,0.918367,52.4843
B,54.938776,55,1.0,0.938776,52.744
B,54.959184,55,1.0,0.959184,53.0212
B,54.979592,55,1.0,0.979592,53.31667
B,55.0,55,1.0,1.0,53.63118
B,55.0,56,-1.0,0.0,-40.78573
B,55.020408,56,-1.0,0.020408,-42.66667
B,55.040816,56,-1.0,0.040816,-44.12411
B,55.061224,56,-1.0,0.061224,-45.25342
B,55.081633,56,-1.0,0.081633,-46.12853
B,55.102041,56,-1.0,0.102041,-46.80677
B,55.122449,56,-1.0,0.122449,-47.33255
B,55.142857,56,-1.0,0.142857,-47.74034
B,55.163265,56,-1.0,0.163265,-48.05689
B,55.183673,56,-1.0,0.183673,-48.30295
B,55.204082,56,-1.0,0.204082,-48.49465
B,55.22449,56,-1.0,0.22449,-48.64453
B,55.244898,56,-1.0,0.244898,-48.76237
B,55.265306,56,-1.0,0.265306,-48.85579
B,55.285714,56,-1.0,0.285714,-48.93076
B,55.306122,56,-1.0,0.306122,-48.99197
B,55.326531,56,-1.0,0.326531,-49.04311
B,55.346939,56,-1.0,0.346939,-49.08713
B,55.367347,56,-1.0,0.367347,-49.12636
B,55.387755,56,-1.0,0.387755,-49.16271
B,55.408163,56,-1.0,0.408163,-49.19771
B,55.428571,56,-1.0,0.428571,-49.23267
B,55.44898,56,-1.0,0.44898,-49.26866
B,55.469388,56,-1.0,0.469388,-49.30662
B,55.489796,56,-1.0,0.489796,-49.34736
B,55.510204,56,-1.0,0.510204,-49.39161
B,55.530612,56,-1.0,0.530612,-49.44006
B,55.55102,56,-1.0,0.55102,-49.49331
B,55.571429,56,-1.0,0.571429,-49.55198
B,55.591837,56,-1.0,0.591837,-49.61663
B,55.612245,56,-1.0,0.612245,-49.68783
B,55.632653,56,-1.0,0.632653,-49.76613
B,55.653061,56,-1.0,0.653061,-49.8521
B,55.673469,56,-1.0,0.673469,-49.9463
B,55.693878,56,-1.0,0.693878,-50.04928
B,55.714286,56,-1.0,0.714286,-50.16164
B,55.734694,56,-1.0,0.734694,-50.28394
B,55.755102,56,-1.0,0.755102,-50.4168
B,55.77551,56,-1.0,0.77551,-50.56082
B,55.795918,56,-1.0,0.795918,-50.71662
B,55.816327,56,-1.0,0.816327,-50.88485
B,55.836735,56,-1.0,0.836735,-51.06615
B,55.857143,56,-1.0,0.857143,-51.26119
B,55.877551,56,-1.0,0.877551,-51.47065
B,55.897959,56,-1.0,0.897959,-51.69524
B,55.918367,56,-1.0,0.918367,-51.93566
B,55.938776,56,-1.0,0.938776,-52.19265
B,55.959184,56,-1.0,0.959184,-52.46695
B,55.979592,56,-1.0,0.979592,-52.75933
B,56.0,56,-1.0,1.0,-53.07056
B,56.0,57,1.0,0.0,41.03282
B,56.020408,57,1.0,0.020408,42.92516
B,56.040816,57,1.0,0.040816,44.39142
B,56.061224,57,1.0,0.061224,45.52757
B,56.081633,57,1.0,0.081633,46.40799
B,56.102041,57,1.0,0.102041,47.09034
B,56.122449,57,1.0,0.122449,47.6193
B,56.142857,57,1.0,0.142857,48.02957
B,56.163265,57,1.0,0.163265,48.34803
B,56.183673,57,1.0,0.183673,48.59558
B,56.204082,57,1.0,0.204082,48.78844
B,56.22449,57,1.0,0.22449,48.93923
B,56.244898,57,1.0,0.244898,49.05778
B,56.265306,57,1.0,0.265306,49.15177
B,56.285714,57,1.0,0.285714,49.2272
B,56.306122,57,1.0,0.306122,49.28878
B,56.326531,57,1.0,0.326531,49.34023
B,56.346939,57,1.0,0.346939,49.38451
B,56.367347,57,1.0,0.367347,49.42398
B,56.387755,57,1.0,0.387755,49.46055
B,56.408163,57,1.0,0.408163,49.49577
B,56.428571,57,1.0,0.428571,49.53094
B,56.44898,57,1.0,0.44898,49.56715
B,56.469388,57,1.0,0.469388,49.60533
B,56.489796,57,1.0,0.489796,49.64632
B,56.510204,57,1.0,0.510204,49.69084
B,56.530612,57,1.0,0.530612,49.73958
B,56.55102,57,1.0,0.55102,49.79316
B,56.571429,57,1.0,0.571429,49.85218
B,56.591837,57,1.0,0.591837,49.91722
B,56.612245,57,1.0,0.612245,49.98885
B,56.632653,57,1.0,0.632653,50.06763
B,56.653061,57,1.0,0.653061,50.15412
B,56.673469,57,1.0,0.673469,50.24889
B,56.693878,57,1.0,0.693878,50.3525
B,56.714286,57,1.0,0.714286,50.46553
B,56.734694,57,1.0,0.734694,50.58858
B,56.755102,57,1.0,0.755102,50.72224
B,56.77551,57,1.0,0.77551,50.86713
B,56.795918,57,1.0,0.795918,51.02388
B,56.816327,57,1.0,0.816327,51.19312
B,56.836735,57,1.0,0.836735,51.37552
B,56.857143,57,1.0,0.857143,51.57174
B,56.877551,57,1.0,0.877551,51.78247
B,56.897959,57,1.0,0.897959,52.00842
B,56.918367,57,1.0,0.918367,52.2503
B,56.938776,57,1.0,0.938776,52.50885
B,56.959184,57,1.0,0.959184,52.78481
B,56.979592,57,1.0,0.979592,53.07896
B,57.0,57,1.0,1.0,53.39207
B,57.0,58,-1.0,0.0,-40.67082
B,57.020408,58,-1.0,0.020408,-42.54647
B,57.040816,58,-1.0,0.040816,-43.99979
B,57.061224,58,-1.0,0.061224,-45.12592
B,57.081633,58,-1.0,0.081633,-45.99857
B,57.102041,58,-1.0,0.102041,-46.6749
B,57.122449,58,-1.0,0.122449,-47.1992
B,57.142857,58,-1.0,0.142857,-47.60584
B,57.163265,58,-1.0,0.163265,-47.9215
B,57.183673,58,-1.0,0.183673,-48.16686
B,57.204082,58,-1.0,0.204082,-48.35802
B,57.22449,58,-1.0,0.22449,-48.50748
B,57.244898,58,-1.0,0.244898,-48.62499
B,57.265306,58,-1.0,0.265306,-48.71815
B,57.285714,58,-1.0,0.285714,-48.79291
B,57.306122,58,-1.0,0.306122,-48.85394
B,57.326531,58,-1.0,0.326531,-48.90494
B,57.346939,58,-1.0,0.346939,-48.94883
B,57.367347,58,-1.0,0.367347,-48.98796
B,57.387755,58,-1.0,0.387755,-49.0242
B,57.408163,58,-1.0,0.408163,-49.05911
B,57.428571,58,-1.0,0.428571,-49.09397
B,57.44898,58,-1.0,0.44898,-49.12986
B,57.469388,58,-1.0,0.469388,-49.16771
B,57.489796,58,-1.0,0.489796,-49.20833
B,57.510204,58,-1.0,0.510204,-49.25246
B,57.530612,58,-1.0,0.530612,-49.30077
B,57.55102,58,-1.0,0.55102,-49.35387
B,57.571429,58,-1.0,0.571429,-49.41237
B,57.591837,58,-1.0,0.591837,-49.47684
B,57.612245,58,-1.0,0.612245,-49.54784
B,57.632653,58,-1.0,0.632653,-49.62592
B,57.653061,58,-1.0,0.653061,-49.71165
B,57.673469,58,-1.0,0.673469,-49.80558
B,57.693878,58,-1.0,0.693878,-49.90828
B,57.714286,58,-1.0,0.714286,-50.02032
B,57.734694,58,-1.0,0.734694,-50.14228
B,57.755102,58,-1.0,0.755102,-50.27476
B,57.77551,58,-1.0,0.77551,-50.41838
B,57.795918,58,-1.0,0.795918,-50.57374
B,57.816327,58,-1.0,0.816327,-50.74149
B,57.836735,58,-1.0,0.836735,-50.92228
B,57.857143,58,-1.0,0.857143,-51.11677
B,57.877551,58,-1.0,0.877551,-51.32564
B,57.897959,58,-1.0,0.897959,-51.54959
B,57.918367,58,-1.0,0.918367,-51.78934
B,57.938776,58,-1.0,0.938776,-52.04561
B,57.959184,58,-1.0,0.959184,-52.31913
B,57.979592,58,-1.0,0.979592,-52.61069
B,58.0,58,-1.0,1.0,-52.92104
B,58.0,59,1.0,0.0,40.42516
B,58.020408,59,1.0,0.020408,42.28948
B,58.040816,59,1.0,0.040816,43.73403
B,58.061224,59,1.0,0.061224,44.85336
B,58.081633,59,1.0,0.081633,45.72074
B,58.102041,59,1.0,0.102041,46.39297
B,58.122449,59,1.0,0.122449,46.91411
B,58.142857,59,1.0,0.142857,47.3183
B,58.163265,59,1.0,0.163265,47.63205
B,58.183673,59,1.0,0.183673,47.87593
B,58.204082,59,1.0,0.204082,48.06593
B,58.22449,59,1.0,0.22449,48.21449
B,58.244898,59,1.0,0.244898,48.33128
B,58.265306,59,1.0,0.265306,48.42388
B,58.285714,59,1.0,0.285714,48.49819
B,58.306122,59,1.0,0.306122,48.55886
B,58.326531,59,1.0,0.326531,48.60955
B,58.346939,59,1.0,0.346939,48.65318
B,58.367347,59,1.0,0.367347,48.69206
B,58.387755,59,1.0,0.387755,48.72808
B,58.408163,59,1.0,0.408163,48.76278
B,58.428571,59,1.0,0.428571,48.79743
B,58.44898,59,1.0,0.44898,48.8331
B,58.469388,59,1.0,0.469388,48.87073
B,58.489796,59,1.0,0.489796,48.9111
B,58.510204,59,1.0,0.510204,48.95497
B,58.530612,59,1.0,0.530612,49.00298
B,58.55102,59,1.0,0.55102,49.05577
B,58.571429,59,1.0,0.571429,49.11392
B,58.591837,59,1.0,0.591837,49.17799
B,58.612245,59,1.0,0.612245,49.24856
B,58.632653,59,1.0,0.632653,49.32618
B,58.653061,59,1.0,0.653061,49.41139
B,58.673469,59,1.0,0.673469,49.50475
B,58.693878,59,1.0,0.693878,49.60682
B,58.714286,59,1.0,0.714286,49.71819
B,58.734694,59,1.0,0.734694,49.83941
B,58.755102,59,1.0,0.755102,49.9711
B,58.77551,59,1.0,0.77551,50.11384
B,58.795918,59,1.0,0.795918,50.26827
B,58.816327,59,1.0,0.816327,50.435
B,58.836735,59,1.0,0.836735,50.6147
B,58.857143,59,1.0,0.857143,50.80801
B,58.877551,59,1.0,0.877551,51.01563
B,58.897959,59,1.0,0.897959,51.23823
B,58.918367,59,1.0,0.918367,51.47652
B,58.938776,59,1.0,0.938776,51.73124
B,58.959184,59,1.0,0.959184,52.00312
B,58.979592,59,1.0,0.979592,52.29291
B,59.0,59,1.0,1.0,52.60139
B,59.0,60,-1.0,0.0,-40.73947
B,59.020408,60,-1.0,0.020408,-42.61828
B,59.040816,60,-1.0,0.040816,-44.07406
B,59.061224,60,-1.0,0.061224,-45.20209
B,59.081633,60,-1.0,0.081633,-46.07622
B,59.102041,60,-1.0,0.102041,-46.75368
B,59.122449,60,-1.0,0.122449,-47.27887
B,59.142857,60,-1.0,0.142857,-47.6862
B,59.163265,60,-1.0,0.163265,-48.00239
B,59.183673,60,-1.0,0.183673,-48.24817
B,59.204082,60,-1.0,0.204082,-48.43965
B,59.22449,60,-1.0,0.22449,-48.58936
B,59.244898,60,-1.0,0.244898,-48.70706
B,59.265306,60,-1.0,0.265306,-48.80038
B,59.285714,60,-1.0,0.285714,-48.87527
B,59.306122,60,-1.0,0.306122,-48.93641
B,59.326531,60,-1.0,0.326531,-48.98749
B,59.346939,60,-1.0,0.346939,-49.03146
B,59.367347,60,-1.0,0.367347,-49.07065
B,59.387755,60,-1.0,0.387755,-49.10695
B,59.408163,60,-1.0,0.408163,-49.14192
B,59.428571,60,-1.0,0.428571,-49.17684
B,59.44898,60,-1.0,0.44898,-49.21279
B,59.469388,60,-1.0,0.469388,-49.2507
B,59.489796,60,-1.0,0.489796,-49.29139
B,59.510204,60,-1.0,0.510204,-49.3356
B,59.530612,60,-1.0,0.530612,-49.38399
B,59.55102,60,-1.0,0.55102,-49.43718
B,59.571429,60,-1.0,0.571429,-49.49578
B,59.591837,60,-1.0,0.591837,-49.56036
B,59.612245,60,-1.0,0.612245,-49.63147
B,59.632653,60,-1.0,0.632653,-49.70969
B,59.653061,60,-1.0,0.653061,-49.79556
B,59.673469,60,-1.0,0.673469,-49.88965
B,59.693878,60,-1.0,0.693878,-49.99252
B,59.714286,60,-1.0,0.714286,-50.10475
B,59.734694,60,-1.0,0.734694,-50.22692
B,59.755102,60,-1.0,0.755102,-50.35962
B,59.77551,60,-1.0,0.77551,-50.50348
B,59.795918,60,-1.0,0.795918,-50.65911
B,59.816327,60,-1.0,0.816327,-50.82714
B,59.836735,60,-1.0,0.836735,-51.00823
B,59.857143,60,-1.0,0.857143,-51.20305
B,59.877551,60,-1.0,0.877551,-51.41228
B,59.897959,60,-1.0,0.897959,-51.63661
B,59.918367,60,-1.0,0.918367,-51.87676
B,59.938776,60,-1.0,0.938776,-52.13346
B,59.959184,60,-1.0,0.959184,-52.40745
B,59.979592,60,-1.0,0.979592,-52.69949
B,60.0,60,-1.0,1.0,-53.01037
B,60.0,61,1.0,0.0,40.85384
B,60.020408,61,1.0,0.020408,42.73792
B,60.040816,61,1.0,0.040816,44.19779
B,60.061224,61,1.0,0.061224,45.32899
B,60.081633,61,1.0,0.081633,46.20556
B,60.102041,61,1.0,0.102041,46.88493
B,60.122449,61,1.0,0.122449,47.41159
B,60.142857,61,1.0,0.142857,47.82007
B,60.163265,61,1.0,0.163265,48.13714
B,60.183673,61,1.0,0.183673,48.38361
B,60.204082,61,1.0,0.204082,48.57563
B,60.22449,61,1.0,0.22449,48.72576
B,60.244898,61,1.0,0.244898,48.8438
B,60.265306,61,1.0,0.265306,48.93737
B,60.285714,61,1.0,0.285714,49.01247
B,60.306122,61,1.0,0.306122,49.07378
B,60.326531,61,1.0,0.326531,49.12501
B,60.346939,61,1.0,0.346939,49.1691
B,60.367347,61,1.0,0.367347,49.2084
B,60.387755,61,1.0,0.387755,49.2448
B,60.408163,61,1.0,0.408163,49.27987
B,60.428571,61,1.0,0.428571,49.31489
B,60.44898,61,1.0,0.44898,49.35094
B,60.469388,61,1.0,0.469388,49.38896
B,60.489796,61,1.0,0.489796,49.42976
B,60.510204,61,1.0,0.510204,49.47409
B,60.530612,61,1.0,0.530612,49.52262
B,60.55102,61,1.0,0.55102,49.57596
B,60.571429,61,1.0,0.571429,49.63473
B,60.591837,61,1.0,0.591837,49.69948
B,60.612245,61,1.0,0.612245,49.7708
B,60.632653,61,1.0,0.632653,49.84924
B,60.653061,61,1.0,0.653061,49.93535
B,60.673469,61,1.0,0.673469,50.0297
B,60.693878,61,1.0,0.693878,50.13286
B,60.714286,61,1.0,0.714286,50.2454
B,60.734694,61,1.0,0.734694,50.36791
B,60.755102,61,1.0,0.755102,50.50099
B,60.77551,61,1.0,0.77551,50.64525
B,60.795918,61,1.0,0.795918,50.80132
B,60.816327,61,1.0,0.816327,50.96982
B,60.836735,61,1.0,0.836735,51.15142
B,60.857143,61,1.0,0.857143,51.34679
B,60.877551,61,1.0,0.877551,51.5566
B,60.897959,61,1.0,0.897959,51.78156
B,60.918367,61,1.0,0.918367,52.02239
B,60.938776,61,1.0,0.938776,52.27981
B,60.959184,61,1.0,0.959184,52.55457
B,60.979592,61,1.0,0.979592,52.84743
B,61.0,61,1.0,1.0,53.15918
B,61.0,62,-1.0,0.0,-40.64308
B,61.020408,62,-1.0,0.020408,-42.51744
B,61.040816,62,-1.0,0.040816,-43.96978
B,61.061224,62,-1.0,0.061224,-45.09514
B,61.081633,62,-1.0,0.081633,-45.9672
B,61.102041,62,-1.0,0.102041,-46.64306
B,61.122449,62,-1.0,0.122449,-47.167
B,61.142857,62,-1.0,0.142857,-47.57337
B,61.163265,62,-1.0,0.163265,-47.88881
B,61.183673,62,-1.0,0.183673,-48.13401
B,61.204082,62,-1.0,0.204082,-48.32504
B,61.22449,62,-1.0,0.22449,-48.47439
B,61.244898,62,-1.0,0.244898,-48.59182
B,61.265306,62,-1.0,0.265306,-48.68491
B,61.285714,62,-1.0,0.285714,-48.75962
B,61.306122,62,-1.0,0.306122,-48.82062
B,61.326531,62,-1.0,0.326531,-48.87158
B,61.346939,62,-1.0,0.346939,-48.91544
B,61.367347,62,-1.0,0.367347,-48.95454
B,61.387755,62,-1.0,0.387755,-48.99076
B,61.408163,62,-1.0,0.408163,-49.02564
B,61.428571,62,-1.0,0.428571,-49.06048
B,61.44898,62,-1.0,0.44898,-49.09634
B,61.469388,62,-1.0,0.469388,-49.13417
B,61.489796,62,-1.0,0.489796,-49.17476
B,61.510204,62,-1.0,0.510204,-49.21887
B,61.530612,62,-1.0,0.530612,-49.26714
B,61.55102,62,-1.0,0.55102,-49.32021
B,61.571429,62,-1.0,0.571429,-49.37867
B,61.591837,62,-1.0,0.591837,-49.44309
B,61.612245,62,-1.0,0.612245,-49.51404
B,61.632653,62,-1.0,0.632653,-49.59207
B,61.653061,62,-1.0,0.653061,-49.67774
B,61.673469,62,-1.0,0.673469,-49.77161
B,61.693878,62,-1.0,0.693878,-49.87423
B,61.714286,62,-1.0,0.714286,-49.9862
B,61.734694,62,-1.0,0.734694,-50.10808
B,61.755102,62,-1.0,0.755102,-50.24047
B,61.77551,62,-1.0,0.77551,-50.38398
B,61.795918,62,-1.0,0.795918,-50.53924
B,61.816327,62,-1.0,0.816327,-50.70688
B,61.836735,62,-1.0,0.836735,-50.88754
B,61.857143,62,-1.0,0.857143,-51.0819
B,61.877551,62,-1.0,0.877551,-51.29063
B,61.897959,62,-1.0,0.897959,-51.51443
B,61.918367,62,-1.0,0.918367,-51.75401
B,61.938776,62,-1.0,0.938776,-52.0101
B,61.959184,62,-1.0,0.959184,-52.28345
B,61.979592,62,-1.0,0.979592,-52.5748
B,62.0,62,-1.0,1.0,-52.88494
B,62.0,63,1.0,0.0,40.40582
B,62.020408,63,1.0,0.020408,42.26924
B,62.040816,63,1.0,0.040816,43.7131
B,62.061224,63,1.0,0.061224,44.83189
B,62.081633,63,1.0,0.081633,45.69885
B,62.102041,63,1.0,0.102041,46.37077
B,62.122449,63,1.0,0.122449,46.89165
B,62.142857,63,1.0,0.142857,47.29565
B,62.163265,63,1.0,0.163265,47.60925
B,62.183673,63,1.0,0.183673,47.85301
B,62.204082,63,1.0,0.204082,48.04293
B,62.22449,63,1.0,0.22449,48.19141
B,62.244898,63,1.0,0.244898,48.30815
B,62.265306,63,1.0,0.265306,48.4007
B,62.285714,63,1.0,0.285714,48.47498
B,62.306122,63,1.0,0.306122,48.53562
B,62.326531,63,1.0,0.326531,48.58628
B,62.346939,63,1.0,0.346939,48.62989
B,62.367347,63,1.0,0.367347,48.66876
B,62.387755,63,1.0,0.387755,48.70476
B,62.408163,63,1.0,0.408163,48.73944
B,62.428571,63,1.0,0.428571,48.77408
B,62.44898,63,1.0,0.44898,48.80973
B,62.469388,63,1.0,0.469388,48.84734
B,62.489796,63,1.0,0.489796,48.8877
B,62.510204,63,1.0,0.510204,48.93154
B,62.530612,63,1.0,0.530612,48.97953
B,62.55102,63,1.0,0.55102,49.03229
B,62.571429,63,1.0,0.571429,49.09041
B,62.591837,63,1.0,0.591837,49.15446
B,62.612245,63,1.0,0.612245,49.22499
B,62.632653,63,1.0,0.632653,49.30257
B,62.653061,63,1.0,0.653061,49.38774
B,62.673469,63,1.0,0.673469,49.48105
B,62.693878,63,1.0,0.693878,49.58308
B,62.714286,63,1.0,0.714286,49.69439
B,62.734694,63,1.0,0.734694,49.81556
B,62.755102,63,1.0,0.755102,49.94718
B,62.77551,63,1.0,0.77551,50.08986
B,62.795918,63,1.0,0.795918,50.24421
B,62.816327,63,1.0,0.816327,50.41086
B,62.836735,63,1.0,0.836735,50.59047
B,62.857143,63,1.0,0.857143,50.7837
B,62.877551,63,1.0,0.877551,50.99121
B,62.897959,63,1.0,0.897959,51.2137
B,62.918367,63,1.0,0.918367,51.45189
B,62.938776,63,1.0,0.938776,51.70648
B,62.959184,63,1.0,0.959184,51.97823
B,62.979592,63,1.0,0.979592,52.26788
B,63.0,63,1.0,1.0,52.57621
B,63.0,64,-1.0,0.0,-40.23039
B,63.020408,64,-1.0,0.020408,-42.08572
B,63.040816,64,-1.0,0.040816,-43.52331
B,63.061224,64,-1.0,0.061224,-44.63724
B,63.081633,64,-1.0,0.081633,-45.50044
B,63.102041,64,-1.0,0.102041,-46.16944
B,63.122449,64,-1.0,0.122449,-46.68806
B,63.142857,64,-1.0,0.142857,-47.09031
B,63.163265,64,-1.0,0.163265,-47.40254
B,63.183673,64,-1.0,0.183673,-47.64525
B,63.204082,64,-1.0,0.204082,-47.83434
B,63.22449,64,-1.0,0.22449,-47.98218
B,63.244898,64,-1.0,0.244898,-48.09841
B,63.265306,64,-1.0,0.265306,-48.19056
B,63.285714,64,-1.0,0.285714,-48.26451
B,63.306122,64,-1.0,0.306122,-48.32489
B,63.326531,64,-1.0,0.326531,-48.37534
B,63.346939,64,-1.0,0.346939,-48.41875
B,63.367347,64,-1.0,0.367347,-48.45745
B,63.387755,64,-1.0,0.387755,-48.4933
B,63.408163,64,-1.0,0.408163,-48.52783
B,63.428571,64,-1.0,0.428571,-48.56231
B,63.44898,64,-1.0,0.44898,-48.59781
B,63.469388,64,-1.0,0.469388,-48.63525
B,63.489796,64,-1.0,0.489796,-48.67544
B,63.510204,64,-1.0,0.510204,-48.71909
B,63.530612,64,-1.0,0.530612,-48.76687
B,63.55102,64,-1.0,0.55102,-48.81941
B,63.571429,64,-1.0,0.571429,-48.87727
B,63.591837,64,-1.0,0.591837,-48.94104
B,63.612245,64,-1.0,0.612245,-49.01127
B,63.632653,64,-1.0,0.632653,-49.08851
B,63.653061,64,-1.0,0.653061,-49.17331
B,63.673469,64,-1.0,0.673469,-49.26622
B,63.693878,64,-1.0,0.693878,-49.36781
B,63.714286,64,-1.0,0.714286,-49.47863
B,63.734694,64,-1.0,0.734694,-49.59927
B,63.755102,64,-1.0,0.755102,-49.73032
B,63.77551,64,-1.0,0.77551,-49.87238
B,63.795918,64,-1.0,0.795918,-50.02606
B,63.816327,64,-1.0,0.816327,-50.19199
B,63.836735,64,-1.0,0.836735,-50.37082
B,63.857143,64,-1.0,0.857143,-50.56321
B,63.877551,64,-1.0,0.877551,-50.76982
B,63.897959,64,-1.0,0.897959,-50.99135
B,63.918367,64,-1.0,0.918367,-51.2285
B,63.938776,64,-1.0,0.938776,-51.48199
B,63.959184,64,-1.0,0.959184,-51.75256
B,63.979592,64,-1.0,0.979592,-52.04095
B,64.0,64,-1.0,1.0,-52.34794
B,64.0,65,1.0,0.0,40.4214
B,64.020408,65,1.0,0.020408,42.28554
B,64.040816,65,1.0,0.040816,43.72996
B,64.061224,65,1.0,0.061224,44.84918
B,64.081633,65,1.0,0.081633,45.71648
B,64.102041,65,1.0,0.102041,46.38865
B,64.122449,65,1.0,0.122449,46.90974
B,64.142857,65,1.0,0.142857,47.31389
B,64.163265,65,1.0,0.163265,47.62761
B,64.183673,65,1.0,0.183673,47.87147
B,64.204082,65,1.0,0.204082,48.06145
B,64.22449,65,1.0,0.22449,48.21
B,64.244898,65,1.0,0.244898,48.32678
B,64.265306,65,1.0,0.265306,48.41937
B,64.285714,65,1.0,0.285714,48.49367
B,64.306122,65,1.0,0.306122,48.55434
B,64.326531,65,1.0,0.326531,48.60502
B,64.346939,65,1.0,0.346939,48.64864
B,64.367347,65,1.0,0.367347,48.68753
B,64.387755,65,1.0,0.387755,48.72355
B,64.408163,65,1.0,0.408163,48.75824
B,64.428571,65,1.0,0.428571,48.79289
B,64.44898,65,1.0,0.44898,48.82856
B,64.469388,65,1.0,0.469388,48.86617
B,64.489796,65,1.0,0.489796,48.90655
B,64.510204,65,1.0,0.510204,48.95041
B,64.530612,65,1.0,0.530612,48.99842
B,64.55102,65,1.0,0.55102,49.0512
B,64.571429,65,1.0,0.571429,49.10934
B,64.591837,65,1.0,0.591837,49.17341
B,64.612245,65,1.0,0.612245,49.24398
B,64.632653,65,1.0,0.632653,49.32158
B,64.653061,65,1.0,0.653061,49.40678
B,64.673469,65,1.0,0.673469,49.50014
B,64.693878,65,1.0,0.693878,49.6022
B,64.714286,65,1.0,0.714286,49.71356
B,64.734694,65,1.0,0.734694,49.83477
B,64.755102,65,1.0,0.755102,49.96644
B,64.77551,65,1.0,0.77551,50.10917
B,64.795918,65,1.0,0.795918,50.26358
B,64.816327,65,1.0,0.816327,50.43031
B,64.836735,65,1.0,0.836735,50.60998
B,64.857143,65,1.0,0.857143,50.80328
B,64.877551,65,1.0,0.877551,51.01088
B,64.897959,65,1.0,0.897959,51.23346
B,64.918367,65,1.0,0.918367,51.47173
B,64.938776,65,1.0,0.938776,51.72642
B,64.959184,65,1.0,0.959184,51.99828
B,64.979592,65,1.0,0.979592,52.28804
B,65.0,65,1.0,1.0,52.59649
B,65.0,66,-1.0,0.0,-40.69146
B,65.020408,66,-1.0,0.020408,-42.56805
B,65.040816,66,-1.0,0.040816,-44.02212
B,65.061224,66,-1.0,0.061224,-45.14882
B,65.081633,66,-1.0,0.081633,-46.02192
B,65.102041,66,-1.0,0.102041,-46.69858
B,65.122449,66,-1.0,0.122449,-47.22315
B,65.142857,66,-1.0,0.142857,-47.63
B,65.163265,66,-1.0,0.163265,-47.94582
B,65.183673,66,-1.0,0.183673,-48.1913
B,65.204082,66,-1.0,0.204082,-48.38256
B,65.22449,66,-1.0,0.22449,-48.53209
B,65.244898,66,-1.0,0.244898,-48.64966
B,65.265306,66,-1.0,0.265306,-48.74287
B,65.285714,66,-1.0,0.285714,-48.81766
B,65.306122,66,-1.0,0.306122,-48.87873
B,65.326531,66,-1.0,0.326531,-48.92976
B,65.346939,66,-1.0,0.346939,-48.97367
B,65.367347,66,-1.0,0.367347,-49.01281
B,65.387755,66,-1.0,0.387755,-49.04907
B,65.408163,66,-1.0,0.408163,-49.084
B,65.428571,66,-1.0,0.428571,-49.11888
B,65.44898,66,-1.0,0.44898,-49.15479
B,65.469388,66,-1.0,0.469388,-49.19266
B,65.489796,66,-1.0,0.489796,-49.2333
B,65.510204,66,-1.0,0.510204,-49.27745
B,65.530612,66,-1.0,0.530612,-49.32578
B,65.55102,66,-1.0,0.55102,-49.37892
B,65.571429,66,-1.0,0.571429,-49.43745
B,65.591837,66,-1.0,0.591837,-49.50195
B,65.612245,66,-1.0,0.612245,-49.57298
B,65.632653,66,-1.0,0.632653,-49.65111
B,65.653061,66,-1.0,0.653061,-49.73688
B,65.673469,66,-1.0,0.673469,-49.83085
B,65.693878,66,-1.0,0.693878,-49.9336
B,65.714286,66,-1.0,0.714286,-50.0457
B,65.734694,66,-1.0,0.734694,-50.16772
B,65.755102,66,-1.0,0.755102,-50.30027
B,65.77551,66,-1.0,0.77551,-50.44396
B,65.795918,66,-1.0,0.795918,-50.5994
B,65.816327,66,-1.0,0.816327,-50.76724
B,65.836735,66,-1.0,0.836735,-50.94812
B,65.857143,66,-1.0,0.857143,-51.1427
B,65.877551,66,-1.0,0.877551,-51.35168
B,65.897959,66,-1.0,0.897959,-51.57575
B,65.918367,66,-1.0,0.918367,-51.81562
B,65.938776,66,-1.0,0.938776,-52.07201
B,65.959184,66,-1.0,0.959184,-52.34568
B,65.979592,66,-1.0,0.979592,-52.63738
B,66.0,66,-1.0,1.0,-52.94789
B,66.0,67,1.0,0.0,40.63883
B,66.020408,67,1.0,0.020408,42.51299
B,66.040816,67,1.0,0.040816,43.96518
B,66.061224,67,1.0,0.061224,45.09042
B,66.081633,67,1.0,0.081633,45.96239
B,66.102041,67,1.0,0.102041,46.63818
B,66.122449,67,1.0,0.122449,47.16207
B,66.142857,67,1.0,0.142857,47.56839
B,66.163265,67,1.0,0.163265,47.8838
B,66.183673,67,1.0,0.183673,48.12897
B,66.204082,67,1.0,0.204082,48.31998
B,66.22449,67,1.0,0.22449,48.46932
B,66.244898,67,1.0,0.244898,48.58673
B,66.265306,67,1.0,0.265306,48.67982
B,66.285714,67,1.0,0.285714,48.75452
B,66.306122,67,1.0,0.306122,48.81551
B,66.326531,67,1.0,0.326531,48.86647
B,66.346939,67,1.0,0.346939,48.91033
B,66.367347,67,1.0,0.367347,48.94942
B,66.387755,67,1.0,0.387755,48.98563
B,66.408163,67,1.0,0.408163,49.02051
B,66.428571,67,1.0,0.428571,49.05535
B,66.44898,67,1.0,0.44898,49.09121
B,66.469388,67,1.0,0.469388,49.12903
B,66.489796,67,1.0,0.489796,49.16962
B,66.510204,67,1.0,0.510204,49.21372
B,66.530612,67,1.0,0.530612,49.26198
B,66.55102,67,1.0,0.55102,49.31505
B,66.571429,67,1.0,0.571429,49.3735
B,66.591837,67,1.0,0.591837,49.43792
B,66.612245,67,1.0,0.612245,49.50886
B,66.632653,67,1.0,0.632653,49.58688
B,66.653061,67,1.0,0.653061,49.67254
B,66.673469,67,1.0,0.673469,49.7664
B,66.693878,67,1.0,0.693878,49.86902
B,66.714286,67,1.0,0.714286,49.98096
B,66.734694,67,1.0,0.734694,50.10283
B,66.755102,67,1.0,0.755102,50.23521
B,66.77551,67,1.0,0.77551,50.37871
B,66.795918,67,1.0,0.795918,50.53395
B,66.816327,67,1.0,0.816327,50.70157
B,66.836735,67,1.0,0.836735,50.88222
B,66.857143,67,1.0,0.857143,51.07655
B,66.877551,67,1.0,0.877551,51.28526
B,66.897959,67,1.0,0.897959,51.50904
B,66.918367,67,1.0,0.918367,51.7486
B,66.938776,67,1.0,0.938776,52.00466
B,66.959184,67,1.0,0.959184,52.27798
B,66.979592,67,1.0,0.979592,52.5693
B,67.0,67,1.0,1.0,52.87941
B,67.0,68,-1.0,0.0,-40.6498
B,67.020408,68,-1.0,0.020408,-42.52447
B,67.040816,68,-1.0,0.040816,-43.97705
B,67.061224,68,-1.0,0.061224,-45.10259
B,67.081633,68,-1.0,0.081633,-45.97479
B,67.102041,68,-1.0,0.102041,-46.65077
B,67.122449,68,-1.0,0.122449,-47.1748
B,67.142857,68,-1.0,0.142857,-47.58123
B,67.163265,68,-1.0,0.163265,-47.89672
B,67.183673,68,-1.0,0.183673,-48.14196
B,67.204082,68,-1.0,0.204082,-48.33302
B,67.22449,68,-1.0,0.22449,-48.4824
B,67.244898,68,-1.0,0.244898,-48.59985
B,67.265306,68,-1.0,0.265306,-48.69296
B,67.285714,68,-1.0,0.285714,-48.76768
B,67.306122,68,-1.0,0.306122,-48.82869
B,67.326531,68,-1.0,0.326531,-48.87966
B,67.346939,68,-1.0,0.346939,-48.92353
B,67.367347,68,-1.0,0.367347,-48.96263
B,67.387755,68,-1.0,0.387755,-48.99885
B,67.408163,68,-1.0,0.408163,-49.03374
B,67.428571,68,-1.0,0.428571,-49.06859
B,67.44898,68,-1.0,0.44898,-49.10446
B,67.469388,68,-1.0,0.469388,-49.14229
B,67.489796,68,-1.0,0.489796,-49.18289
B,67.510204,68,-1.0,0.510204,-49.227
B,67.530612,68,-1.0,0.530612,-49.27528
B,67.55102,68,-1.0,0.55102,-49.32836
B,67.571429,68,-1.0,0.571429,-49.38683
B,67.591837,68,-1.0,0.591837,-49.45126
B,67.612245,68,-1.0,0.612245,-49.52222
B,67.632653,68,-1.0,0.632653,-49.60027
B,67.653061,68,-1.0,0.653061,-49.68595
B,67.673469,68,-1.0,0.673469,-49.77983
B,67.693878,68,-1.0,0.693878,-49.88248
B,67.714286,68,-1.0,0.714286,-49.99446
B,67.734694,68,-1.0,0.734694,-50.11635
B,67.755102,68,-1.0,0.755102,-50.24877
B,67.77551,68,-1.0,0.77551,-50.39231
B,67.795918,68,-1.0,0.795918,-50.54759
B,67.816327,68,-1.0,0.816327,-50.71526
B,67.836735,68,-1.0,0.836735,-50.89595
B,67.857143,68,-1.0,0.857143,-51.09034
B,67.877551,68,-1.0,0.877551,-51.29911
B,67.897959,68,-1.0,0.897959,-51.52294
B,67.918367,68,-1.0,0.918367,-51.76257
B,67.938776,68,-1.0,0.938776,-52.0187
B,67.959184,68,-1.0,0.959184,-52.29209
B,67.979592,68,-1.0,0.979592,-52.58349
B,68.0,68,-1.0,1.0,-52.89368
B,68.0,69,1.0,0.0,40.73865
B,68.020408,69,1.0,0.020408,42.61742
B,68.040816,69,1.0,0.040816,44.07317
B,68.061224,69,1.0,0.061224,45.20118
B,68.081633,69,1.0,0.081633,46.07528
B,68.102041,69,1.0,0.102041,46.75273
B,68.122449,69,1.0,0.122449,47.27791
B,68.142857,69,1.0,0.142857,47.68523
B,68.163265,69,1.0,0.163265,48.00141
B,68.183673,69,1.0,0.183673,48.24719
B,68.204082,69,1.0,0.204082,48.43866
B,68.22449,69,1.0,0.22449,48.58837
B,68.244898,69,1.0,0.244898,48.70607
B,68.265306,69,1.0,0.265306,48.79939
B,68.285714,69,1.0,0.285714,48.87427
B,68.306122,69,1.0,0.306122,48.93541
B,68.326531,69,1.0,0.326531,48.9865
B,68.346939,69,1.0,0.346939,49.03046
B,68.367347,69,1.0,0.367347,49.06965
B,68.387755,69,1.0,0.387755,49.10595
B,68.408163,69,1.0,0.408163,49.14092
B,68.428571,69,1.0,0.428571,49.17584
B,68.44898,69,1.0,0.44898,49.21179
B,68.469388,69,1.0,0.469388,49.2497
B,68.489796,69,1.0,0.489796,49.29039
B,68.510204,69,1.0,0.510204,49.3346
B,68.530612,69,1.0,0.530612,49.38298
B,68.55102,69,1.0,0.55102,49.43618
B,68.571429,69,1.0,0.571429,49.49477
B,68.591837,69,1.0,0.591837,49.55935
B,68.612245,69,1.0,0.612245,49.63047
B,68.632653,69,1.0,0.632653,49.70868
B,68.653061,69,1.0,0.653061,49.79455
B,68.673469,69,1.0,0.673469,49.88864
B,68.693878,69,1.0,0.693878,49.99151
B,68.714286,69,1.0,0.714286,50.10373
B,68.734694,69,1.0,0.734694,50.2259
B,68.755102,69,1.0,0.755102,50.3586
B,68.77551,69,1.0,0.77551,50.50245
B,68.795918,69,1.0,0.795918,50.65808
B,68.816327,69,1.0,0.816327,50.82611
B,68.836735,69,1.0,0.836735,51.0072
B,68.857143,69,1.0,0.857143,51.20201
B,68.877551,69,1.0,0.877551,51.41123
B,68.897959,69,1.0,0.897959,51.63556
B,68.918367,69,1.0,0.918367,51.8757
B,68.938776,69,1.0,0.938776,52.1324
B,68.959184,69,1.0,0.959184,52.40638
B,68.979592,69,1.0,0.979592,52.69842
B,69.0,69,1.0,1.0,53.00929
B,69.0,70,-1.0,0.0,-40.64178
B,69.020408,70,-1.0,0.020408,-42.51608
B,69.040816,70,-1.0,0.040816,-43.96837
B,69.061224,70,-1.0,0.061224,-45.0937
B,69.081633,70,-1.0,0.081633,-45.96573
B,69.102041,70,-1.0,0.102041,-46.64157
B,69.122449,70,-1.0,0.122449,-47.16549
B,69.142857,70,-1.0,0.142857,-47.57185
B,69.163265,70,-1.0,0.163265,-47.88728
B,69.183673,70,-1.0,0.183673,-48.13247
B,69.204082,70,-1.0,0.204082,-48.32349
B,69.22449,70,-1.0,0.22449,-48.47284
B,69.244898,70,-1.0,0.244898,-48.59026
B,69.265306,70,-1.0,0.265306,-48.68335
B,69.285714,70,-1.0,0.285714,-48.75806
B,69.306122,70,-1.0,0.306122,-48.81906
B,69.326531,70,-1.0,0.326531,-48.87002
B,69.346939,70,-1.0,0.346939,-48.91388
B,69.367347,70,-1.0,0.367347,-48.95297
B,69.387755,70,-1.0,0.387755,-48.98919
B,69.408163,70,-1.0,0.408163,-49.02407
B,69.428571,70,-1.0,0.428571,-49.05891
B,69.44898,70,-1.0,0.44898,-49.09477
B,69.469388,70,-1.0,0.469388,-49.13259
B,69.489796,70,-1.0,0.489796,-49.17319
B,69.510204,70,-1.0,0.510204,-49.21729
B,69.530612,70,-1.0,0.530612,-49.26556
B,69.55102,70,-1.0,0.55102,-49.31863
B,69.571429,70,-1.0,0.571429,-49.37709
B,69.591837,70,-1.0,0.591837,-49.44151
B,69.612245,70,-1.0,0.612245,-49.51246
B,69.632653,70,-1.0,0.632653,-49.59049
B,69.653061,70,-1.0,0.653061,-49.67615
B,69.673469,70,-1.0,0.673469,-49.77001
B,69.693878,70,-1.0,0.693878,-49.87264
B,69.714286,70,-1.0,0.714286,-49.9846
B,69.734694,70,-1.0,0.734694,-50.10647
B,69.755102,70,-1.0,0.755102,-50.23886
B,69.77551,70,-1.0,0.77551,-50.38237
B,69.795918,70,-1.0,0.795918,-50.53762
B,69.816327,70,-1.0,0.816327,-50.70525
B,69.836735,70,-1.0,0.836735,-50.88591
B,69.857143,70,-1.0,0.857143,-51.08026
B,69.877551,70,-1.0,0.877551,-51.28899
B,69.897959,70,-1.0,0.897959,-51.51278
B,69.918367,70,-1.0,0.918367,-51.75236
B,69.938776,70,-1.0,0.938776,-52.00844
B,69.959184,70,-1.0,0.959184,-52.28177
B,69.979592,70,-1.0,0.979592,-52.57312
B,70.0,70,-1.0,1.0,-52.88325
B,70.0,71,1.0,0.0,40.83732
B,70.020408,71,1.0,0.020408,42.72064
B,70.040816,71,1.0,0.040816,44.17991
B,70.061224,71,1.0,0.061224,45.31065
B,70.081633,71,1.0,0.081633,46.18688
B,70.102041,71,1.0,0.102041,46.86597
B,70.122449,71,1.0,0.122449,47.39242
B,70.142857,71,1.0,0.142857,47.80073
B,70.163265,71,1.0,0.163265,48.11767
B,70.183673,71,1.0,0.183673,48.36404
B,70.204082,71,1.0,0.204082,48.55598
B,70.22449,71,1.0,0.22449,48.70606
B,70.244898,71,1.0,0.244898,48.82404
B,70.265306,71,1.0,0.265306,48.91758
B,70.285714,71,1.0,0.285714,48.99265
B,70.306122,71,1.0,0.306122,49.05394
B,70.326531,71,1.0,0.326531,49.10515
B,70.346939,71,1.0,0.346939,49.14922
B,70.367347,71,1.0,0.367347,49.1885
B,70.387755,71,1.0,0.387755,49.22489
B,70.408163,71,1.0,0.408163,49.25994
B,70.428571,71,1.0,0.428571,49.29494
B,70.44898,71,1.0,0.44898,49.33098
B,70.469388,71,1.0,0.469388,49.36898
B,70.489796,71,1.0,0.489796,49.40977
B,70.510204,71,1.0,0.510204,49.45409
B,70.530612,71,1.0,0.530612,49.50259
B,70.55102,71,1.0,0.55102,49.55591
B,70.571429,71,1.0,0.571429,49.61465
B,70.591837,71,1.0,0.591837,49.67938
B,70.612245,71,1.0,0.612245,49.75067
B,70.632653,71,1.0,0.632653,49.82908
B,70.653061,71,1.0,0.653061,49.91516
B,70.673469,71,1.0,0.673469,50.00947
B,70.693878,71,1.0,0.693878,50.11259
B,70.714286,71,1.0,0.714286,50.22508
B,70.734694,71,1.0,0.734694,50.34755
B,70.755102,71,1.0,0.755102,50.48057
B,70.77551,71,1.0,0.77551,50.62477
B,70.795918,71,1.0,0.795918,50.78077
B,70.816327,71,1.0,0.816327,50.94921
B,70.836735,71,1.0,0.836735,51.13074
B,70.857143,71,1.0,0.857143,51.32602
B,70.877551,71,1.0,0.877551,51.53575
B,70.897959,71,1.0,0.897959,51.76062
B,70.918367,71,1.0,0.918367,52.00135
B,70.938776,71,1.0,0.938776,52.25866
B,70.959184,71,1.0,0.959184,52.53331
B,70.979592,71,1.0,0.979592,52.82606
B,71.0,71,1.0,1.0,53.13768
B,71.0,72,-1.0,0.0,-40.93182
B,71.020408,72,-1.0,0.020408,-42.81949
B,71.040816,72,-1.0,0.040816,-44.28215
B,71.061224,72,-1.0,0.061224,-45.4155
B,71.081633,72,-1.0,0.081633,-46.29376
B,71.102041,72,-1.0,0.102041,-46.97442
B,71.122449,72,-1.0,0.122449,-47.50208
B,71.142857,72,-1.0,0.142857,-47.91134
B,71.163265,72,-1.0,0.163265,-48.22902
B,71.183673,72,-1.0,0.183673,-48.47596
B,71.204082,72,-1.0,0.204082,-48.66834
B,71.22449,72,-1.0,0.22449,-48.81876
B,71.244898,72,-1.0,0.244898,-48.93702
B,71.265306,72,-1.0,0.265306,-49.03078
B,71.285714,72,-1.0,0.285714,-49.10602
B,71.306122,72,-1.0,0.306122,-49.16745
B,71.326531,72,-1.0,0.326531,-49.21878
B,71.346939,72,-1.0,0.346939,-49.26295
B,71.367347,72,-1.0,0.367347,-49.30232
B,71.387755,72,-1.0,0.387755,-49.3388
B,71.408163,72,-1.0,0.408163,-49.37393
B,71.428571,72,-1.0,0.428571,-49.40901
B,71.44898,72,-1.0,0.44898,-49.44513
B,71.469388,72,-1.0,0.469388,-49.48323
B,71.489796,72,-1.0,0.489796,-49.52411
B,71.510204,72,-1.0,0.510204,-49.56852
B,71.530612,72,-1.0,0.530612,-49.61714
B,71.55102,72,-1.0,0.55102,-49.67059
B,71.571429,72,-1.0,0.571429,-49.72946
B,71.591837,72,-1.0,0.591837,-49.79434
B,71.612245,72,-1.0,0.612245,-49.8658
B,71.632653,72,-1.0,0.632653,-49.94438
B,71.653061,72,-1.0,0.653061,-50.03066
B,71.673469,72,-1.0,0.673469,-50.12519
B,71.693878,72,-1.0,0.693878,-50.22855
B,71.714286,72,-1.0,0.714286,-50.34131
B,71.734694,72,-1.0,0.734694,-50.46405
B,71.755102,72,-1.0,0.755102,-50.59739
B,71.77551,72,-1.0,0.77551,-50.74192
B,71.795918,72,-1.0,0.795918,-50.89828
B,71.816327,72,-1.0,0.816327,-51.06711
B,71.836735,72,-1.0,0.836735,-51.24906
B,71.857143,72,-1.0,0.857143,-51.44479
B,71.877551,72,-1.0,0.877551,-51.65501
B,71.897959,72,-1.0,0.897959,-51.8804
B,71.918367,72,-1.0,0.918367,-52.12168
B,71.938776,72,-1.0,0.938776,-52.37959
B,71.959184,72,-1.0,0.959184,-52.65488
B,71.979592,72,-1.0,0.979592,-52.9483
B,72.0,72,-1.0,1.0,-53.26064
B,72.0,73,1.0,0.0,41.21539
B,72.020408,73,1.0,0.020408,43.11614
B,72.040816,73,1.0,0.040816,44.58893
B,72.061224,73,1.0,0.061224,45.73014
B,72.081633,73,1.0,0.081633,46.61447
B,72.102041,73,1.0,0.102041,47.29985
B,72.122449,73,1.0,0.122449,47.83117
B,72.142857,73,1.0,0.142857,48.24326
B,72.163265,73,1.0,0.163265,48.56315
B,72.183673,73,1.0,0.183673,48.8118
B,72.204082,73,1.0,0.204082,49.00551
B,72.22449,73,1.0,0.22449,49.15697
B,72.244898,73,1.0,0.244898,49.27605
B,72.265306,73,1.0,0.265306,49.37046
B,72.285714,73,1.0,0.285714,49.44622
B,72.306122,73,1.0,0.306122,49.50808
B,72.326531,73,1.0,0.326531,49.55976
B,72.346939,73,1.0,0.346939,49.60424
B,72.367347,73,1.0,0.367347,49.64388
B,72.387755,73,1.0,0.387755,49.68061
B,72.408163,73,1.0,0.408163,49.71599
B,72.428571,73,1.0,0.428571,49.75131
B,72.44898,73,1.0,0.44898,49.78768
B,72.469388,73,1.0,0.469388,49.82604
B,72.489796,73,1.0,0.489796,49.86721
B,72.510204,73,1.0,0.510204,49.91193
B,72.530612,73,1.0,0.530612,49.96088
B,72.55102,73,1.0,0.55102,50.0147
B,72.571429,73,1.0,0.571429,50.07398
B,72.591837,73,1.0,0.591837,50.13931
B,72.612245,73,1.0,0.612245,50.21126
B,72.632653,73,1.0,0.632653,50.29039
B,72.653061,73,1.0,0.653061,50.37727
B,72.673469,73,1.0,0.673469,50.47246
B,72.693878,73,1.0,0.693878,50.57653
B,72.714286,73,1.0,0.714286,50.69007
B,72.734694,73,1.0,0.734694,50.81366
B,72.755102,73,1.0,0.755102,50.94792
B,72.77551,73,1.0,0.77551,51.09345
B,72.795918,73,1.0,0.795918,51.2509
B,72.816327,73,1.0,0.816327,51.42089
B,72.836735,73,1.0,0.836735,51.6041
B,72.857143,73,1.0,0.857143,51.8012
B,72.877551,73,1.0,0.877551,52.01287
B,72.897959,73,1.0,0.897959,52.23982
B,72.918367,73,1.0,0.918367,52.48278
B,72.938776,73,1.0,0.938776,52.74247
B,72.959184,73,1.0,0.959184,53.01966
B,72.979592,73,1.0,0.979592,53.31512
B,73.0,73,1.0,1.0,53.62963
B,73.0,74,-1.0,0.0,-41.78207
B,73.020408,74,-1.0,0.020408,-43.70896
B,73.040816,74,-1.0,0.040816,-45.20199
B,73.061224,74,-1.0,0.061224,-46.35889
B,73.081633,74,-1.0,0.081633,-47.25539
B,73.102041,74,-1.0,0.102041,-47.95019
B,73.122449,74,-1.0,0.122449,-48.48882
B,73.142857,74,-1.0,0.142857,-48.90657
B,73.163265,74,-1.0,0.163265,-49.23085
B,73.183673,74,-1.0,0.183673,-49.48292
B,73.204082,74,-1.0,0.204082,-49.6793
B,73.22449,74,-1.0,0.22449,-49.83285
B,73.244898,74,-1.0,0.244898,-49.95356
B,73.265306,74,-1.0,0.265306,-50.04927
B,73.285714,74,-1.0,0.285714,-50.12607
B,73.306122,74,-1.0,0.306122,-50.18877
B,73.326531,74,-1.0,0.326531,-50.24117
B,73.346939,74,-1.0,0.346939,-50.28626
B,73.367347,74,-1.0,0.367347,-50.32645
B,73.387755,74,-1.0,0.387755,-50.36368
B,73.408163,74,-1.0,0.408163,-50.39954
B,73.428571,74,-1.0,0.428571,-50.43536
B,73.44898,74,-1.0,0.44898,-50.47223
B,73.469388,74,-1.0,0.469388,-50.51111
B,73.489796,74,-1.0,0.489796,-50.55284
B,73.510204,74,-1.0,0.510204,-50.59818
B,73.530612,74,-1.0,0.530612,-50.64781
B,73.55102,74,-1.0,0.55102,-50.70236
B,73.571429,74,-1.0,0.571429,-50.76246
B,73.591837,74,-1.0,0.591837,-50.82869
B,73.612245,74,-1.0,0.612245,-50.90163
B,73.632653,74,-1.0,0.632653,-50.98185
B,73.653061,74,-1.0,0.653061,-51.06992
B,73.673469,74,-1.0,0.673469,-51.16641
B,73.693878,74,-1.0,0.693878,-51.27192
B,73.714286,74,-1.0,0.714286,-51.38702
B,73.734694,74,-1.0,0.734694,-51.51231
B,73.755102,74,-1.0,0.755102,-51.64841
B,73.77551,74,-1.0,0.77551,-51.79595
B,73.795918,74,-1.0,0.795918,-51.95556
B,73.816327,74,-1.0,0.816327,-52.12789
B,73.836735,74,-1.0,0.836735,-52.31362
B,73.857143,74,-1.0,0.857143,-52.51342
B,73.877551,74,-1.0,0.877551,-52.72801
B,73.897959,74,-1.0,0.897959,-52.95808
B,73.918367,74,-1.0,0.918367,-53.20437
B,73.938776,74,-1.0,0.938776,-53.46764
B,73.959184,74,-1.0,0.959184,-53.74864
B,73.979592,74,-1.0,0.979592,-54.04816
B,74.0,74,-1.0,1.0,-54.36699
B,74.0,75,1.0,0.0,41.56079
B,74.020408,75,1.0,0.020408,43.47748
B,74.040816,75,1.0,0.040816,44.96261
B,74.061224,75,1.0,0.061224,46.11338
B,74.081633,75,1.0,0.081633,47.00513
B,74.102041,75,1.0,0.102041,47.69625
B,74.122449,75,1.0,0.122449,48.23203
B,74.142857,75,1.0,0.142857,48.64757
B,74.163265,75,1.0,0.163265,48.97013
B,74.183673,75,1.0,0.183673,49.22087
B,74.204082,75,1.0,0.204082,49.41621
B,74.22449,75,1.0,0.22449,49.56894
B,74.244898,75,1.0,0.244898,49.68901
B,74.265306,75,1.0,0.265306,49.78421
B,74.285714,75,1.0,0.285714,49.86061
B,74.306122,75,1.0,0.306122,49.92298
B,74.326531,75,1.0,0.326531,49.9751
B,74.346939,75,1.0,0.346939,50.01995
B,74.367347,75,1.0,0.367347,50.05992
B,74.387755,75,1.0,0.387755,50.09696
B,74.408163,75,1.0,0.408163,50.13263
B,74.428571,75,1.0,0.428571,50.16826
B,74.44898,75,1.0,0.44898,50.20493
B,74.469388,75,1.0,0.469388,50.24361
B,74.489796,75,1.0,0.489796,50.28512
B,74.510204,75,1.0,0.510204,50.33022
B,74.530612,75,1.0,0.530612,50.37958
B,74.55102,75,1.0,0.55102,50.43385
B,74.571429,75,1.0,0.571429,50.49363
B,74.591837,75,1.0,0.591837,50.55951
B,74.612245,75,1.0,0.612245,50.63206
B,74.632653,75,1.0,0.632653,50.71185
B,74.653061,75,1.0,0.653061,50.79946
B,74.673469,75,1.0,0.673469,50.89544
B,74.693878,75,1.0,0.693878,51.00039
B,74.714286,75,1.0,0.714286,51.11488
B,74.734694,75,1.0,0.734694,51.23951
B,74.755102,75,1.0,0.755102,51.37489
B,74.77551,75,1.0,0.77551,51.52165
B,74.795918,75,1.0,0.795918,51.68041
B,74.816327,75,1.0,0.816327,51.85183
B,74.836735,75,1.0,0.836735,52.03657
B,74.857143,75,1.0,0.857143,52.23532
B,74.877551,75,1.0,0.877551,52.44876
B,74.897959,75,1.0,0.897959,52.67762
B,74.918367,75,1.0,0.918367,52.92261
B,74.938776,75,1.0,0.938776,53.18448
B,74.959184,75,1.0,0.959184,53.464
B,74.979592,75,1.0,0.979592,53.76193
B,75.0,75,1.0,1.0,54.07907
B,75.0,76,-1.0,0.0,-41.33797
B,75.020408,76,-1.0,0.020408,-43.24438
B,75.040816,76,-1.0,0.040816,-44.72155
B,75.061224,76,-1.0,0.061224,-45.86615
B,75.081633,76,-1.0,0.081633,-46.75312
B,75.102041,76,-1.0,0.102041,-47.44054
B,75.122449,76,-1.0,0.122449,-47.97344
B,75.142857,76,-1.0,0.142857,-48.38676
B,75.163265,76,-1.0,0.163265,-48.70759
B,75.183673,76,-1.0,0.183673,-48.95698
B,75.204082,76,-1.0,0.204082,-49.15127
B,75.22449,76,-1.0,0.22449,-49.30318
B,75.244898,76,-1.0,0.244898,-49.42262
B,75.265306,76,-1.0,0.265306,-49.5173
B,75.285714,76,-1.0,0.285714,-49.59329
B,75.306122,76,-1.0,0.306122,-49.65533
B,75.326531,76,-1.0,0.326531,-49.70716
B,75.346939,76,-1.0,0.346939,-49.75178
B,75.367347,76,-1.0,0.367347,-49.79154
B,75.387755,76,-1.0,0.387755,-49.82838
B,75.408163,76,-1.0,0.408163,-49.86386
B,75.428571,76,-1.0,0.428571,-49.89929
B,75.44898,76,-1.0,0.44898,-49.93577
B,75.469388,76,-1.0,0.469388,-49.97424
B,75.489796,76,-1.0,0.489796,-50.01553
B,75.510204,76,-1.0,0.510204,-50.06038
B,75.530612,76,-1.0,0.530612,-50.10948
B,75.55102,76,-1.0,0.55102,-50.16346
B,75.571429,76,-1.0,0.571429,-50.22292
B,75.591837,76,-1.0,0.591837,-50.28844
B,75.612245,76,-1.0,0.612245,-50.36061
B,75.632653,76,-1.0,0.632653,-50.43997
B,75.653061,76,-1.0,0.653061,-50.52711
B,75.673469,76,-1.0,0.673469,-50.62258
B,75.693878,76,-1.0,0.693878,-50.72696
B,75.714286,76,-1.0,0.714286,-50.84083
B,75.734694,76,-1.0,0.734694,-50.9648
B,75.755102,76,-1.0,0.755102,-51.09945
B,75.77551,76,-1.0,0.77551,-51.24542
B,75.795918,76,-1.0,0.795918,-51.40333
B,75.816327,76,-1.0,0.816327,-51.57384
B,75.836735,76,-1.0,0.836735,-51.75759
B,75.857143,76,-1.0,0.857143,-51.95527
B,75.877551,76,-1.0,0.877551,-52.16757
B,75.897959,76,-1.0,0.897959,-52.3952
B,75.918367,76,-1.0,0.918367,-52.63888
B,75.938776,76,-1.0,0.938776,-52.89935
B,75.959184,76,-1.0,0.959184,-53.17736
B,75.979592,76,-1.0,0.979592,-53.4737
B,76.0,76,-1.0,1.0,-53.78914
B,76.0,77,1.0,0.0,40.83167
B,76.020408,77,1.0,0.020408,42.71473
B,76.040816,77,1.0,0.040816,44.17381
B,76.061224,77,1.0,0.061224,45.30439
B,76.081633,77,1.0,0.081633,46.18049
B,76.102041,77,1.0,0.102041,46.85949
B,76.122449,77,1.0,0.122449,47.38586
B,76.142857,77,1.0,0.142857,47.79412
B,76.163265,77,1.0,0.163265,48.11102
B,76.183673,77,1.0,0.183673,48.35736
B,76.204082,77,1.0,0.204082,48.54927
B,76.22449,77,1.0,0.22449,48.69932
B,76.244898,77,1.0,0.244898,48.81729
B,76.265306,77,1.0,0.265306,48.91082
B,76.285714,77,1.0,0.285714,48.98588
B,76.306122,77,1.0,0.306122,49.04715
B,76.326531,77,1.0,0.326531,49.09836
B,76.346939,77,1.0,0.346939,49.14242
B,76.367347,77,1.0,0.367347,49.1817
B,76.387755,77,1.0,0.387755,49.21808
B,76.408163,77,1.0,0.408163,49.25313
B,76.428571,77,1.0,0.428571,49.28813
B,76.44898,77,1.0,0.44898,49.32416
B,76.469388,77,1.0,0.469388,49.36216
B,76.489796,77,1.0,0.489796,49.40294
B,76.510204,77,1.0,0.510204,49.44725
B,76.530612,77,1.0,0.530612,49.49575
B,76.55102,77,1.0,0.55102,49.54906
B,76.571429,77,1.0,0.571429,49.60779
B,76.591837,77,1.0,0.591837,49.67252
B,76.612245,77,1.0,0.612245,49.7438
B,76.632653,77,1.0,0.632653,49.82219
B,76.653061,77,1.0,0.653061,49.90826
B,76.673469,77,1.0,0.673469,50.00256
B,76.693878,77,1.0,0.693878,50.10566
B,76.714286,77,1.0,0.714286,50.21814
B,76.734694,77,1.0,0.734694,50.34059
B,76.755102,77,1.0,0.755102,50.47359
B,76.77551,77,1.0,0.77551,50.61777
B,76.795918,77,1.0,0.795918,50.77375
B,76.816327,77,1.0,0.816327,50.94217
B,76.836735,77,1.0,0.836735,51.12367
B,76.857143,77,1.0,0.857143,51.31893
B,76.877551,77,1.0,0.877551,51.52863
B,76.897959,77,1.0,0.897959,51.75347
B,76.918367,77,1.0,0.918367,51.99416
B,76.938776,77,1.0,0.938776,52.25144
B,76.959184,77,1.0,0.959184,52.52605
B,76.979592,77,1.0,0.979592,52.81876
B,77.0,77,1.0,1.0,53.13034
B,77.0,78,-1.0,0.0,-41.01629
B,77.020408,78,-1.0,0.020408,-42.90786
B,77.040816,78,-1.0,0.040816,-44.37353
B,77.061224,78,-1.0,0.061224,-45.50923
B,77.081633,78,-1.0,0.081633,-46.38929
B,77.102041,78,-1.0,0.102041,-47.07136
B,77.122449,78,-1.0,0.122449,-47.60012
B,77.142857,78,-1.0,0.142857,-48.01022
B,77.163265,78,-1.0,0.163265,-48.32855
B,77.183673,78,-1.0,0.183673,-48.576
B,77.204082,78,-1.0,0.204082,-48.76878
B,77.22449,78,-1.0,0.22449,-48.91951
B,77.244898,78,-1.0,0.244898,-49.03802
B,77.265306,78,-1.0,0.265306,-49.13196
B,77.285714,78,-1.0,0.285714,-49.20736
B,77.306122,78,-1.0,0.306122,-49.26892
B,77.326531,78,-1.0,0.326531,-49.32035
B,77.346939,78,-1.0,0.346939,-49.36461
B,77.367347,78,-1.0,0.367347,-49.40407
B,77.387755,78,-1.0,0.387755,-49.44062
B,77.408163,78,-1.0,0.408163,-49.47582
B,77.428571,78,-1.0,0.428571,-49.51098
B,77.44898,78,-1.0,0.44898,-49.54717
B,77.469388,78,-1.0,0.469388,-49.58534
B,77.489796,78,-1.0,0.489796,-49.62631
B,77.510204,78,-1.0,0.510204,-49.67082
B,77.530612,78,-1.0,0.530612,-49.71954
B,77.55102,78,-1.0,0.55102,-49.77309
B,77.571429,78,-1.0,0.571429,-49.83209
B,77.591837,78,-1.0,0.591837,-49.89711
B,77.612245,78,-1.0,0.612245,-49.96871
B,77.632653,78,-1.0,0.632653,-50.04746
B,77.653061,78,-1.0,0.653061,-50.13391
B,77.673469,78,-1.0,0.673469,-50.22864
B,77.693878,78,-1.0,0.693878,-50.33221
B,77.714286,78,-1.0,0.714286,-50.4452
B,77.734694,78,-1.0,0.734694,-50.5682
B,77.755102,78,-1.0,0.755102,-50.7018
B,77.77551,78,-1.0,0.77551,-50.84664
B,77.795918,78,-1.0,0.795918,-51.00332
B,77.816327,78,-1.0,0.816327,-51.1725
B,77.836735,78,-1.0,0.836735,-51.35482
B,77.857143,78,-1.0,0.857143,-51.55096
B,77.877551,78,-1.0,0.877551,-51.76161
B,77.897959,78,-1.0,0.897959,-51.98747
B,77.918367,78,-1.0,0.918367,-52.22925
B,77.938776,78,-1.0,0.938776,-52.48769
B,77.959184,78,-1.0,0.959184,-52.76354
B,77.979592,78,-1.0,0.979592,-53.05757
B,78.0,78,-1.0,1.0,-53.37056
B,78.0,79,1.0,0.0,40.9618
B,78.020408,79,1.0,0.020408,42.85086
B,78.040816,79,1.0,0.040816,44.31459
B,78.061224,79,1.0,0.061224,45.44877
B,78.081633,79,1.0,0.081633,46.32767
B,78.102041,79,1.0,0.102041,47.00883
B,78.122449,79,1.0,0.122449,47.53688
B,78.142857,79,1.0,0.142857,47.94643
B,78.163265,79,1.0,0.163265,48.26435
B,78.183673,79,1.0,0.183673,48.51147
B,78.204082,79,1.0,0.204082,48.70399
B,78.22449,79,1.0,0.22449,48.85452
B,78.244898,79,1.0,0.244898,48.97287
B,78.265306,79,1.0,0.265306,49.06669
B,78.285714,79,1.0,0.285714,49.14199
B,78.306122,79,1.0,0.306122,49.20346
B,78.326531,79,1.0,0.326531,49.25483
B,78.346939,79,1.0,0.346939,49.29903
B,78.367347,79,1.0,0.367347,49.33843
B,78.387755,79,1.0,0.387755,49.37494
B,78.408163,79,1.0,0.408163,49.4101
B,78.428571,79,1.0,0.428571,49.4452
B,78.44898,79,1.0,0.44898,49.48135
B,78.469388,79,1.0,0.469388,49.51947
B,78.489796,79,1.0,0.489796,49.56039
B,78.510204,79,1.0,0.510204,49.60483
B,78.530612,79,1.0,0.530612,49.65348
B,78.55102,79,1.0,0.55102,49.70697
B,78.571429,79,1.0,0.571429,49.76589
B,78.591837,79,1.0,0.591837,49.83082
B,78.612245,79,1.0,0.612245,49.90232
B,78.632653,79,1.0,0.632653,49.98097
B,78.653061,79,1.0,0.653061,50.06731
B,78.673469,79,1.0,0.673469,50.16191
B,78.693878,79,1.0,0.693878,50.26534
B,78.714286,79,1.0,0.714286,50.37818
B,78.734694,79,1.0,0.734694,50.50102
B,78.755102,79,1.0,0.755102,50.63445
B,78.77551,79,1.0,0.77551,50.77909
B,78.795918,79,1.0,0.795918,50.93556
B,78.816327,79,1.0,0.816327,51.10451
B,78.836735,79,1.0,0.836735,51.28659
B,78.857143,79,1.0,0.857143,51.48248
B,78.877551,79,1.0,0.877551,51.69284
B,78.897959,79,1.0,0.897959,51.9184
B,78.918367,79,1.0,0.918367,52.15986
B,78.938776,79,1.0,0.938776,52.41796
B,78.959184,79,1.0,0.959184,52.69345
B,78.979592,79,1.0,0.979592,52.98708
B,79.0,79,1.0,1.0,53.29966
B,79.0,80,-1.0,0.0,-41.28361
B,79.020408,80,-1.0,0.020408,-43.18751
B,79.040816,80,-1.0,0.040816,-44.66274
B,79.061224,80,-1.0,0.061224,-45.80583
B,79.081633,80,-1.0,0.081633,-46.69163
B,79.102041,80,-1.0,0.102041,-47.37814
B,79.122449,80,-1.0,0.122449,-47.91034
B,79.142857,80,-1.0,0.142857,-48.32312
B,79.163265,80,-1.0,0.163265,-48.64353
B,79.183673,80,-1.0,0.183673,-48.89259
B,79.204082,80,-1.0,0.204082,-49.08663
B,79.22449,80,-1.0,0.22449,-49.23834
B,79.244898,80,-1.0,0.244898,-49.35762
B,79.265306,80,-1.0,0.265306,-49.45218
B,79.285714,80,-1.0,0.285714,-49.52807
B,79.306122,80,-1.0,0.306122,-49.59002
B,79.326531,80,-1.0,0.326531,-49.64179
B,79.346939,80,-1.0,0.346939,-49.68634
B,79.367347,80,-1.0,0.367347,-49.72605
B,79.387755,80,-1.0,0.387755,-49.76284
B,79.408163,80,-1.0,0.408163,-49.79828
B,79.428571,80,-1.0,0.428571,-49.83366
B,79.44898,80,-1.0,0.44898,-49.87009
B,79.469388,80,-1.0,0.469388,-49.90851
B,79.489796,80,-1.0,0.489796,-49.94975
B,79.510204,80,-1.0,0.510204,-49.99455
B,79.530612,80,-1.0,0.530612,-50.04358
B,79.55102,80,-1.0,0.55102,-50.09749
B,79.571429,80,-1.0,0.571429,-50.15687
B,79.591837,80,-1.0,0.591837,-50.22231
B,79.612245,80,-1.0,0.612245,-50.29437
B,79.632653,80,-1.0,0.632653,-50.37363
B,79.653061,80,-1.0,0.653061,-50.46065
B,79.673469,80,-1.0,0.673469,-50.556
B,79.693878,80,-1.0,0.693878,-50.66024
B,79.714286,80,-1.0,0.714286,-50.77397
B,79.734694,80,-1.0,0.734694,-50.89777
B,79.755102,80,-1.0,0.755102,-51.03225
B,79.77551,80,-1.0,0.77551,-51.17803
B,79.795918,80,-1.0,0.795918,-51.33573
B,79.816327,80,-1.0,0.816327,-51.50601
B,79.836735,80,-1.0,0.836735,-51.68952
B,79.857143,80,-1.0,0.857143,-51.88694
B,79.877551,80,-1.0,0.877551,-52.09896
B,79.897959,80,-1.0,0.897959,-52.32629
B,79.918367,80,-1.0,0.918367,-52.56965
B,79.938776,80,-1.0,0.938776,-52.82977
B,79.959184,80,-1.0,0.959184,-53.10742
B,79.979592,80,-1.0,0.979592,-53.40337
B,80.0,80,-1.0,1.0,-53.7184
B,80.0,81,1.0,0.0,41.24968
B,80.020408,81,1.0,0.020408,43.15202
B,80.040816,81,1.0,0.040816,44.62604
B,80.061224,81,1.0,0.061224,45.76819
B,80.081633,81,1.0,0.081633,46.65327
B,80.102041,81,1.0,0.102041,47.33921
B,80.122449,81,1.0,0.122449,47.87098
B,80.142857,81,1.0,0.142857,48.28341
B,80.163265,81,1.0,0.163265,48.60356
B,80.183673,81,1.0,0.183673,48.85242
B,80.204082,81,1.0,0.204082,49.04629
B,80.22449,81,1.0,0.22449,49.19788
B,80.244898,81,1.0,0.244898,49.31706
B,80.265306,81,1.0,0.265306,49.41154
B,80.285714,81,1.0,0.285714,49.48737
B,80.306122,81,1.0,0.306122,49.54927
B,80.326531,81,1.0,0.326531,49.601
B,80.346939,81,1.0,0.346939,49.64552
B,80.367347,81,1.0,0.367347,49.68519
B,80.387755,81,1.0,0.387755,49.72195
B,80.408163,81,1.0,0.408163,49.75736
B,80.428571,81,1.0,0.428571,49.79271
B,80.44898,81,1.0,0.44898,49.82911
B,80.469388,81,1.0,0.469388,49.8675
B,80.489796,81,1.0,0.489796,49.90871
B,80.510204,81,1.0,0.510204,49.95346
B,80.530612,81,1.0,0.530612,50.00246
B,80.55102,81,1.0,0.55102,50.05632
B,80.571429,81,1.0,0.571429,50.11565
B,80.591837,81,1.0,0.591837,50.18104
B,80.612245,81,1.0,0.612245,50.25305
B,80.632653,81,1.0,0.632653,50.33224
B,80.653061,81,1.0,0.653061,50.41919
B,80.673469,81,1.0,0.673469,50.51446
B,80.693878,81,1.0,0.693878,50.61861
B,80.714286,81,1.0,0.714286,50.73225
B,80.734694,81,1.0,0.734694,50.85595
B,80.755102,81,1.0,0.755102,50.99032
B,80.77551,81,1.0,0.77551,51.13597
B,80.795918,81,1.0,0.795918,51.29355
B,80.816327,81,1.0,0.816327,51.46369
B,80.836735,81,1.0,0.836735,51.64705
B,80.857143,81,1.0,0.857143,51.8443
B,80.877551,81,1.0,0.877551,52.05615
B,80.897959,81,1.0,0.897959,52.28329
B,80.918367,81,1.0,0.918367,52.52645
B,80.938776,81,1.0,0.938776,52.78636
B,80.959184,81,1.0,0.959184,53.06379
B,80.979592,81,1.0,0.979592,53.35949
B,81.0,81,1.0,1.0,53.67426
B,81.0,82,-1.0,0.0,-41.34881
B,81.020408,82,-1.0,0.020408,-43.25572
B,81.040816,82,-1.0,0.040816,-44.73327
B,81.061224,82,-1.0,0.061224,-45.87817
B,81.081633,82,-1.0,0.081633,-46.76537
B,81.102041,82,-1.0,0.102041,-47.45297
B,81.122449,82,-1.0,0.122449,-47.98601
B,81.142857,82,-1.0,0.142857,-48.39944
B,81.163265,82,-1.0,0.163265,-48.72035
B,81.183673,82,-1.0,0.183673,-48.96981
B,81.204082,82,-1.0,0.204082,-49.16415
B,81.22449,82,-1.0,0.22449,-49.3161
B,81.244898,82,-1.0,0.244898,-49.43557
B,81.265306,82,-1.0,0.265306,-49.53028
B,81.285714,82,-1.0,0.285714,-49.60629
B,81.306122,82,-1.0,0.306122,-49.66834
B,81.326531,82,-1.0,0.326531,-49.72019
B,81.346939,82,-1.0,0.346939,-49.76481
B,81.367347,82,-1.0,0.367347,-49.80459
B,81.387755,82,-1.0,0.387755,-49.84143
B,81.408163,82,-1.0,0.408163,-49.87693
B,81.428571,82,-1.0,0.428571,-49.91237
B,81.44898,82,-1.0,0.44898,-49.94885
B,81.469388,82,-1.0,0.469388,-49.98733
B,81.489796,82,-1.0,0.489796,-50.02864
B,81.510204,82,-1.0,0.510204,-50.0735
B,81.530612,82,-1.0,0.530612,-50.12261
B,81.55102,82,-1.0,0.55102,-50.17661
B,81.571429,82,-1.0,0.571429,-50.23608
B,81.591837,82,-1.0,0.591837,-50.30162
B,81.612245,82,-1.0,0.612245,-50.3738
B,81.632653,82,-1.0,0.632653,-50.45319
B,81.653061,82,-1.0,0.653061,-50.54035
B,81.673469,82,-1.0,0.673469,-50.63584
B,81.693878,82,-1.0,0.693878,-50.74025
B,81.714286,82,-1.0,0.714286,-50.85416
B,81.734694,82,-1.0,0.734694,-50.97815
B,81.755102,82,-1.0,0.755102,-51.11284
B,81.77551,82,-1.0,0.77551,-51.25885
B,81.795918,82,-1.0,0.795918,-51.41681
B,81.816327,82,-1.0,0.816327,-51.58735
B,81.836735,82,-1.0,0.836735,-51.77115
B,81.857143,82,-1.0,0.857143,-51.96889
B,81.877551,82,-1.0,0.877551,-52.18124
B,81.897959,82,-1.0,0.897959,-52.40893
B,81.918367,82,-1.0,0.918367,-52.65267
B,81.938776,82,-1.0,0.938776,-52.91321
B,81.959184,82,-1.0,0.959184,-53.1913
B,81.979592,82,-1.0,0.979592,-53.48771
B,82.0,82,-1.0,1.0,-53.80324
B,82.0,83,1.0,0.0,41.57986
B,82.020408,83,1.0,0.020408,43.49742
B,82.040816,83,1.0,0.040816,44.98324
B,82.061224,83,1.0,0.061224,46.13454
B,82.081633,83,1.0,0.081633,47.02669
B,82.102041,83,1.0,0.102041,47.71813
B,82.122449,83,1.0,0.122449,48.25415
B,82.142857,83,1.0,0.142857,48.66989
B,82.163265,83,1.0,0.163265,48.9926
B,82.183673,83,1.0,0.183673,49.24344
B,82.204082,83,1.0,0.204082,49.43887
B,82.22449,83,1.0,0.22449,49.59168
B,82.244898,83,1.0,0.244898,49.71181
B,82.265306,83,1.0,0.265306,49.80705
B,82.285714,83,1.0,0.285714,49.88348
B,82.306122,83,1.0,0.306122,49.94588
B,82.326531,83,1.0,0.326531,49.99802
B,82.346939,83,1.0,0.346939,50.04289
B,82.367347,83,1.0,0.367347,50.08289
B,82.387755,83,1.0,0.387755,50.11994
B,82.408163,83,1.0,0.408163,50.15563
B,82.428571,83,1.0,0.428571,50.19127
B,82.44898,83,1.0,0.44898,50.22796
B,82.469388,83,1.0,0.469388,50.26666
B,82.489796,83,1.0,0.489796,50.30819
B,82.510204,83,1.0,0.510204,50.35331
B,82.530612,83,1.0,0.530612,50.40269
B,82.55102,83,1.0,0.55102,50.45699
B,82.571429,83,1.0,0.571429,50.51679
B,82.591837,83,1.0,0.591837,50.5827
B,82.612245,83,1.0,0.612245,50.65529
B,82.632653,83,1.0,0.632653,50.73512
B,82.653061,83,1.0,0.653061,50.82276
B,82.673469,83,1.0,0.673469,50.91879
B,82.693878,83,1.0,0.693878,51.02378
B,82.714286,83,1.0,0.714286,51.13832
B,82.734694,83,1.0,0.734694,51.26301
B,82.755102,83,1.0,0.755102,51.39846
B,82.77551,83,1.0,0.77551,51.54528
B,82.795918,83,1.0,0.795918,51.70412
B,82.816327,83,1.0,0.816327,51.87562
B,82.836735,83,1.0,0.836735,52.06044
B,82.857143,83,1.0,0.857143,52.25928
B,82.877551,83,1.0,0.877551,52.47282
B,82.897959,83,1.0,0.897959,52.70178
B,82.918367,83,1.0,0.918367,52.94689
B,82.938776,83,1.0,0.938776,53.20888
B,82.959184,83,1.0,0.959184,53.48852
B,82.979592,83,1.0,0.979592,53.78659
B,83.0,83,1.0,1.0,54.10388
B,83.0,84,-1.0,0.0,-41.52932
B,83.020408,84,-1.0,0.020408,-43.44455
B,83.040816,84,-1.0,0.040816,-44.92856
B,83.061224,84,-1.0,0.061224,-46.07846
B,83.081633,84,-1.0,0.081633,-46.96953
B,83.102041,84,-1.0,0.102041,-47.66013
B,83.122449,84,-1.0,0.122449,-48.1955
B,83.142857,84,-1.0,0.142857,-48.61073
B,83.163265,84,-1.0,0.163265,-48.93305
B,83.183673,84,-1.0,0.183673,-49.18359
B,83.204082,84,-1.0,0.204082,-49.37878
B,83.22449,84,-1.0,0.22449,-49.5314
B,83.244898,84,-1.0,0.244898,-49.65138
B,83.265306,84,-1.0,0.265306,-49.74651
B,83.285714,84,-1.0,0.285714,-49.82285
B,83.306122,84,-1.0,0.306122,-49.88517
B,83.326531,84,-1.0,0.326531,-49.93725
B,83.346939,84,-1.0,0.346939,-49.98207
B,83.367347,84,-1.0,0.367347,-50.02201
B,83.387755,84,-1.0,0.387755,-50.05902
B,83.408163,84,-1.0,0.408163,-50.09467
B,83.428571,84,-1.0,0.428571,-50.13026
B,83.44898,84,-1.0,0.44898,-50.16691
B,83.469388,84,-1.0,0.469388,-50.20556
B,83.489796,84,-1.0,0.489796,-50.24704
B,83.510204,84,-1.0,0.510204,-50.2921
B,83.530612,84,-1.0,0.530612,-50.34143
B,83.55102,84,-1.0,0.55102,-50.39566
B,83.571429,84,-1.0,0.571429,-50.45539
B,83.591837,84,-1.0,0.591837,-50.52122
B,83.612245,84,-1.0,0.612245,-50.59372
B,83.632653,84,-1.0,0.632653,-50.67345
B,83.653061,84,-1.0,0.653061,-50.76099
B,83.673469,84,-1.0,0.673469,-50.8569
B,83.693878,84,-1.0,0.693878,-50.96176
B,83.714286,84,-1.0,0.714286,-51.07616
B,83.734694,84,-1.0,0.734694,-51.2007
B,83.755102,84,-1.0,0.755102,-51.33598
B,83.77551,84,-1.0,0.77551,-51.48263
B,83.795918,84,-1.0,0.795918,-51.64127
B,83.816327,84,-1.0,0.816327,-51.81256
B,83.836735,84,-1.0,0.836735,-51.99716
B,83.857143,84,-1.0,0.857143,-52.19576
B,83.877551,84,-1.0,0.877551,-52.40904
B,83.897959,84,-1.0,0.897959,-52.63772
B,83.918367,84,-1.0,0.918367,-52.88253
B,83.938776,84,-1.0,0.938776,-53.14421
B,83.959184,84,-1.0,0.959184,-53.42351
B,83.979592,84,-1.0,0.979592,-53.72121
B,84.0,84,-1.0,1.0,-54.03812
B,84.0,85,1.0,0.0,41.51882
B,84.020408,85,1.0,0.020408,43.43357
B,84.040816,85,1.0,0.040816,44.9172
B,84.061224,85,1.0,0.061224,46.0668
B,84.081633,85,1.0,0.081633,46.95765
B,84.102041,85,1.0,0.102041,47.64808
B,84.122449,85,1.0,0.122449,48.18331
B,84.142857,85,1.0,0.142857,48.59843
B,84.163265,85,1.0,0.163265,48.92067
B,84.183673,85,1.0,0.183673,49.17115
B,84.204082,85,1.0,0.204082,49.36629
B,84.22449,85,1.0,0.22449,49.51887
B,84.244898,85,1.0,0.244898,49.63883
B,84.265306,85,1.0,0.265306,49.73393
B,84.285714,85,1.0,0.285714,49.81025
B,84.306122,85,1.0,0.306122,49.87256
B,84.326531,85,1.0,0.326531,49.92462
B,84.346939,85,1.0,0.346939,49.96942
B,84.367347,85,1.0,0.367347,50.00936
B,84.387755,85,1.0,0.387755,50.04636
B,84.408163,85,1.0,0.408163,50.082
B,84.428571,85,1.0,0.428571,50.11758
B,84.44898,85,1.0,0.44898,50.15422
B,84.469388,85,1.0,0.469388,50.19286
B,84.489796,85,1.0,0.489796,50.23433
B,84.510204,85,1.0,0.510204,50.27938
B,84.530612,85,1.0,0.530612,50.3287
B,84.55102,85,1.0,0.55102,50.38291
B,84.571429,85,1.0,0.571429,50.44263
B,84.591837,85,1.0,0.591837,50.50844
B,84.612245,85,1.0,0.612245,50.58092
B,84.632653,85,1.0,0.632653,50.66063
B,84.653061,85,1.0,0.653061,50.74815
B,84.673469,85,1.0,0.673469,50.84404
B,84.693878,85,1.0,0.693878,50.94887
B,84.714286,85,1.0,0.714286,51.06325
B,84.734694,85,1.0,0.734694,51.18775
B,84.755102,85,1.0,0.755102,51.323
B,84.77551,85,1.0,0.77551,51.46961
B,84.795918,85,1.0,0.795918,51.62821
B,84.816327,85,1.0,0.816327,51.79946
B,84.836735,85,1.0,0.836735,51.98401
B,84.857143,85,1.0,0.857143,52.18256
B,84.877551,85,1.0,0.877551,52.39579
B,84.897959,85,1.0,0.897959,52.62441
B,84.918367,85,1.0,0.918367,52.86916
B,84.938776,85,1.0,0.938776,53.13076
B,84.959184,85,1.0,0.959184,53.41
B,84.979592,85,1.0,0.979592,53.70763
B,85.0,85,1.0,1.0,54.02445
B,85.0,86,-1.0,0.0,-41.51938
B,85.020408,86,-1.0,0.020408,-43.43415
B,85.040816,86,-1.0,0.040816,-44.9178
B,85.061224,86,-1.0,0.061224,-46.06743
B,85.081633,86,-1.0,0.081633,-46.95829
B,85.102041,86,-1.0,0.102041,-47.64872
B,85.122449,86,-1.0,0.122449,-48.18396
B,85.142857,86,-1.0,0.142857,-48.59909
B,85.163265,86,-1.0,0.163265,-48.92133
B,85.183673,86,-1.0,0.183673,-49.17182
B,85.204082,86,-1.0,0.204082,-49.36696
B,85.22449,86,-1.0,0.22449,-49.51954
B,85.244898,86,-1.0,0.244898,-49.6395
B,85.265306,86,-1.0,0.265306,-49.7346
B,85.285714,86,-1.0,0.285714,-49.81092
B,85.306122,86,-1.0,0.306122,-49.87323
B,85.326531,86,-1.0,0.326531,-49.92529
B,85.346939,86,-1.0,0.346939,-49.9701
B,85.367347,86,-1.0,0.367347,-50.01004
B,85.387755,86,-1.0,0.387755,-50.04704
B,85.408163,86,-1.0,0.408163,-50.08268
B,85.428571,86,-1.0,0.428571,-50.11826
B,85.44898,86,-1.0,0.44898,-50.1549
B,85.469388,86,-1.0,0.469388,-50.19354
B,85.489796,86,-1.0,0.489796,-50.23501
B,85.510204,86,-1.0,0.510204,-50.28006
B,85.530612,86,-1.0,0.530612,-50.32938
B,85.55102,86,-1.0,0.55102,-50.38359
B,85.571429,86,-1.0,0.571429,-50.44331
B,85.591837,86,-1.0,0.591837,-50.50913
B,85.612245,86,-1.0,0.612245,-50.5816
B,85.632653,86,-1.0,0.632653,-50.66132
B,85.653061,86,-1.0,0.653061,-50.74883
B,85.673469,86,-1.0,0.673469,-50.84472
B,85.693878,86,-1.0,0.693878,-50.94956
B,85.714286,86,-1.0,0.714286,-51.06394
B,85.734694,86,-1.0,0.734694,-51.18845
B,85.755102,86,-1.0,0.755102,-51.32369
B,85.77551,86,-1.0,0.77551,-51.4703
B,85.795918,86,-1.0,0.795918,-51.62891
B,85.816327,86,-1.0,0.816327,-51.80016
B,85.836735,86,-1.0,0.836735,-51.98472
B,85.857143,86,-1.0,0.857143,-52.18327
B,85.877551,86,-1.0,0.877551,-52.3965
B,85.897959,86,-1.0,0.897959,-52.62512
B,85.918367,86,-1.0,0.918367,-52.86987
B,85.938776,86,-1.0,0.938776,-53.13148
B,85.959184,86,-1.0,0.959184,-53.41072
B,85.979592,86,-1.0,0.979592,-53.70836
B,86.0,86,-1.0,1.0,-54.02518
B,86.0,87,1.0,0.0,41.55865
B,86.020408,87,1.0,0.020408,43.47524
B,86.040816,87,1.0,0.040816,44.96029
B,86.061224,87,1.0,0.061224,46.11101
B,86.081633,87,1.0,0.081633,47.00271
B,86.102041,87,1.0,0.102041,47.69379
B,86.122449,87,1.0,0.122449,48.22954
B,86.142857,87,1.0,0.142857,48.64506
B,86.163265,87,1.0,0.163265,48.96761
B,86.183673,87,1.0,0.183673,49.21833
B,86.204082,87,1.0,0.204082,49.41366
B,86.22449,87,1.0,0.22449,49.56638
B,86.244898,87,1.0,0.244898,49.68645
B,86.265306,87,1.0,0.265306,49.78165
B,86.285714,87,1.0,0.285714,49.85804
B,86.306122,87,1.0,0.306122,49.92041
B,86.326531,87,1.0,0.326531,49.97252
B,86.346939,87,1.0,0.346939,50.01737
B,86.367347,87,1.0,0.367347,50.05734
B,86.387755,87,1.0,0.387755,50.09438
B,86.408163,87,1.0,0.408163,50.13005
B,86.428571,87,1.0,0.428571,50.16567
B,86.44898,87,1.0,0.44898,50.20234
B,86.469388,87,1.0,0.469388,50.24102
B,86.489796,87,1.0,0.489796,50.28253
B,86.510204,87,1.0,0.510204,50.32763
B,86.530612,87,1.0,0.530612,50.37699
B,86.55102,87,1.0,0.55102,50.43125
B,86.571429,87,1.0,0.571429,50.49103
B,86.591837,87,1.0,0.591837,50.5569
B,86.612245,87,1.0,0.612245,50.62945
B,86.632653,87,1.0,0.632653,50.70924
B,86.653061,87,1.0,0.653061,50.79684
B,86.673469,87,1.0,0.673469,50.89282
B,86.693878,87,1.0,0.693878,50.99776
B,86.714286,87,1.0,0.714286,51.11224
B,86.734694,87,1.0,0.734694,51.23687
B,86.755102,87,1.0,0.755102,51.37224
B,86.77551,87,1.0,0.77551,51.51899
B,86.795918,87,1.0,0.795918,51.67775
B,86.816327,87,1.0,0.816327,51.84916
B,86.836735,87,1.0,0.836735,52.03389
B,86.857143,87,1.0,0.857143,52.23263
B,86.877551,87,1.0,0.877551,52.44606
B,86.897959,87,1.0,0.897959,52.6749
B,86.918367,87,1.0,0.918367,52.91988
B,86.938776,87,1.0,0.938776,53.18174
B,86.959184,87,1.0,0.959184,53.46124
B,86.979592,87,1.0,0.979592,53.75916
B,87.0,87,1.0,1.0,54.07629
B,87.0,88,-1.0,0.0,-41.68804
B,87.020408,88,-1.0,0.020408,-43.6106
B,87.040816,88,-1.0,0.040816,-45.10028
B,87.061224,88,-1.0,0.061224,-46.25457
B,87.081633,88,-1.0,0.081633,-47.14905
B,87.102041,88,-1.0,0.102041,-47.84229
B,87.122449,88,-1.0,0.122449,-48.3797
B,87.142857,88,-1.0,0.142857,-48.79652
B,87.163265,88,-1.0,0.163265,-49.12007
B,87.183673,88,-1.0,0.183673,-49.37157
B,87.204082,88,-1.0,0.204082,-49.56751
B,87.22449,88,-1.0,0.22449,-49.72071
B,87.244898,88,-1.0,0.244898,-49.84115
B,87.265306,88,-1.0,0.265306,-49.93664
B,87.285714,88,-1.0,0.285714,-50.01327
B,87.306122,88,-1.0,0.306122,-50.07583
B,87.326531,88,-1.0,0.326531,-50.12811
B,87.346939,88,-1.0,0.346939,-50.1731
B,87.367347,88,-1.0,0.367347,-50.2132
B,87.387755,88,-1.0,0.387755,-50.25035
B,87.408163,88,-1.0,0.408163,-50.28613
B,87.428571,88,-1.0,0.428571,-50.32186
B,87.44898,88,-1.0,0.44898,-50.35865
B,87.469388,88,-1.0,0.469388,-50.39744
B,87.489796,88,-1.0,0.489796,-50.43909
B,87.510204,88,-1.0,0.510204,-50.48432
B,87.530612,88,-1.0,0.530612,-50.53383
B,87.55102,88,-1.0,0.55102,-50.58827
B,87.571429,88,-1.0,0.571429,-50.64823
B,87.591837,88,-1.0,0.591837,-50.71431
B,87.612245,88,-1.0,0.612245,-50.78709
B,87.632653,88,-1.0,0.632653,-50.86712
B,87.653061,88,-1.0,0.653061,-50.955
B,87.673469,88,-1.0,0.673469,-51.05127
B,87.693878,88,-1.0,0.693878,-51.15654
B,87.714286,88,-1.0,0.714286,-51.27138
B,87.734694,88,-1.0,0.734694,-51.39639
B,87.755102,88,-1.0,0.755102,-51.53219
B,87.77551,88,-1.0,0.77551,-51.67939
B,87.795918,88,-1.0,0.795918,-51.83864
B,87.816327,88,-1.0,0.816327,-52.01059
B,87.836735,88,-1.0,0.836735,-52.1959
B,87.857143,88,-1.0,0.857143,-52.39525
B,87.877551,88,-1.0,0.877551,-52.60935
B,87.897959,88,-1.0,0.897959,-52.83891
B,87.918367,88,-1.0,0.918367,-53.08465
B,87.938776,88,-1.0,0.938776,-53.34732
B,87.959184,88,-1.0,0.959184,-53.62769
B,87.979592,88,-1.0,0.979592,-53.92654
B,88.0,88,-1.0,1.0,-54.24465
B,88.0,89,1.0,0.0,42.14647
B,88.020408,89,1.0,0.020408,44.09016
B,88.040816,89,1.0,0.040816,45.59622
B,88.061224,89,1.0,0.061224,46.76321
B,88.081633,89,1.0,0.081633,47.66752
B,88.102041,89,1.0,0.102041,48.36838
B,88.122449,89,1.0,0.122449,48.91171
B,88.142857,89,1.0,0.142857,49.33311
B,88.163265,89,1.0,0.163265,49.66022
B,88.183673,89,1.0,0.183673,49.91448
B,88.204082,89,1.0,0.204082,50.11258
B,88.22449,89,1.0,0.22449,50.26746
B,88.244898,89,1.0,0.244898,50.38923
B,88.265306,89,1.0,0.265306,50.48577
B,88.285714,89,1.0,0.285714,50.56324
B,88.306122,89,1.0,0.306122,50.62649
B,88.326531,89,1.0,0.326531,50.67934
B,88.346939,89,1.0,0.346939,50.72483
B,88.367347,89,1.0,0.367347,50.76537
B,88.387755,89,1.0,0.387755,50.80292
B,88.408163,89,1.0,0.408163,50.8391
B,88.428571,89,1.0,0.428571,50.87523
B,88.44898,89,1.0,0.44898,50.91242
B,88.469388,89,1.0,0.469388,50.95164
B,88.489796,89,1.0,0.489796,50.99374
B,88.510204,89,1.0,0.510204,51.03947
B,88.530612,89,1.0,0.530612,51.08953
B,88.55102,89,1.0,0.55102,51.14456
B,88.571429,89,1.0,0.571429,51.20518
B,88.591837,89,1.0,0.591837,51.27199
B,88.612245,89,1.0,0.612245,51.34557
B,88.632653,89,1.0,0.632653,51.42648
B,88.653061,89,1.0,0.653061,51.51532
B,88.673469,89,1.0,0.673469,51.61266
B,88.693878,89,1.0,0.693878,51.71908
B,88.714286,89,1.0,0.714286,51.83518
B,88.734694,89,1.0,0.734694,51.96157
B,88.755102,89,1.0,0.755102,52.09886
B,88.77551,89,1.0,0.77551,52.24769
B,88.795918,89,1.0,0.795918,52.40869
B,88.816327,89,1.0,0.816327,52.58252
B,88.836735,89,1.0,0.836735,52.76987
B,88.857143,89,1.0,0.857143,52.97142
B,88.877551,89,1.0,0.877551,53.18787
B,88.897959,89,1.0,0.897959,53.41995
B,88.918367,89,1.0,0.918367,53.66839
B,88.938776,89,1.0,0.938776,53.93396
B,88.959184,89,1.0,0.959184,54.21741
B,88.979592,89,1.0,0.979592,54.51954
B,89.0,89,1.0,1.0,54.84115
B,89.0,90,-1.0,0.0,-41.80845
B,89.020408,90,-1.0,0.020408,-43.73656
B,89.040816,90,-1.0,0.040816,-45.23054
B,89.061224,90,-1.0,0.061224,-46.38817
B,89.081633,90,-1.0,0.081633,-47.28523
B,89.102041,90,-1.0,0.102041,-47.98047
B,89.122449,90,-1.0,0.122449,-48.51944
B,89.142857,90,-1.0,0.142857,-48.93746
B,89.163265,90,-1.0,0.163265,-49.26194
B,89.183673,90,-1.0,0.183673,-49.51417
B,89.204082,90,-1.0,0.204082,-49.71068
B,89.22449,90,-1.0,0.22449,-49.86432
B,89.244898,90,-1.0,0.244898,-49.98511
B,89.265306,90,-1.0,0.265306,-50.08087
B,89.285714,90,-1.0,0.285714,-50.15773
B,89.306122,90,-1.0,0.306122,-50.22047
B,89.326531,90,-1.0,0.326531,-50.2729
B,89.346939,90,-1.0,0.346939,-50.31802
B,89.367347,90,-1.0,0.367347,-50.35823
B,89.387755,90,-1.0,0.387755,-50.39549
B,89.408163,90,-1.0,0.408163,-50.43137
B,89.428571,90,-1.0,0.428571,-50.46721
B,89.44898,90,-1.0,0.44898,-50.5041
B,89.469388,90,-1.0,0.469388,-50.54301
B,89.489796,90,-1.0,0.489796,-50.58477
B,89.510204,90,-1.0,0.510204,-50.63014
B,89.530612,90,-1.0,0.530612,-50.67979
B,89.55102,90,-1.0,0.55102,-50.73439
B,89.571429,90,-1.0,0.571429,-50.79452
B,89.591837,90,-1.0,0.591837,-50.86079
B,89.612245,90,-1.0,0.612245,-50.93378
B,89.632653,90,-1.0,0.632653,-51.01405
B,89.653061,90,-1.0,0.653061,-51.10217
B,89.673469,90,-1.0,0.673469,-51.19873
B,89.693878,90,-1.0,0.693878,-51.3043
B,89.714286,90,-1.0,0.714286,-51.41947
B,89.734694,90,-1.0,0.734694,-51.54484
B,89.755102,90,-1.0,0.755102,-51.68103
B,89.77551,90,-1.0,0.77551,-51.82866
B,89.795918,90,-1.0,0.795918,-51.98837
B,89.816327,90,-1.0,0.816327,-52.16081
B,89.836735,90,-1.0,0.836735,-52.34666
B,89.857143,90,-1.0,0.857143,-52.54659
B,89.877551,90,-1.0,0.877551,-52.76131
B,89.897959,90,-1.0,0.897959,-52.99152
B,89.918367,90,-1.0,0.918367,-53.23798
B,89.938776,90,-1.0,0.938776,-53.50141
B,89.959184,90,-1.0,0.959184,-53.78259
B,89.979592,90,-1.0,0.979592,-54.0823
B,90.0,90,-1.0,1.0,-54.40133
B,90.0,91,1.0,0.0,42.13027
B,90.020408,91,1.0,0.020408,44.07322
B,90.040816,91,1.0,0.040816,45.5787
B,90.061224,91,1.0,0.061224,46.74524
B,90.081633,91,1.0,0.081633,47.6492
B,90.102041,91,1.0,0.102041,48.34979
B,90.122449,91,1.0,0.122449,48.89291
B,90.142857,91,1.0,0.142857,49.31415
B,90.163265,91,1.0,0.163265,49.64113
B,90.183673,91,1.0,0.183673,49.8953
B,90.204082,91,1.0,0.204082,50.09332
B,90.22449,91,1.0,0.22449,50.24814
B,90.244898,91,1.0,0.244898,50.36986
B,90.265306,91,1.0,0.265306,50.46636
B,90.285714,91,1.0,0.285714,50.54381
B,90.306122,91,1.0,0.306122,50.60703
B,90.326531,91,1.0,0.326531,50.65986
B,90.346939,91,1.0,0.346939,50.70533
B,90.367347,91,1.0,0.367347,50.74585
B,90.387755,91,1.0,0.387755,50.7834
B,90.408163,91,1.0,0.408163,50.81956
B,90.428571,91,1.0,0.428571,50.85567
B,90.44898,91,1.0,0.44898,50.89285
B,90.469388,91,1.0,0.469388,50.93206
B,90.489796,91,1.0,0.489796,50.97414
B,90.510204,91,1.0,0.510204,51.01985
B,90.530612,91,1.0,0.530612,51.06989
B,90.55102,91,1.0,0.55102,51.1249
B,90.571429,91,1.0,0.571429,51.1855
B,90.591837,91,1.0,0.591837,51.25228
B,90.612245,91,1.0,0.612245,51.32583
B,90.632653,91,1.0,0.632653,51.40672
B,90.653061,91,1.0,0.653061,51.49552
B,90.673469,91,1.0,0.673469,51.59282
B,90.693878,91,1.0,0.693878,51.6992
B,90.714286,91,1.0,0.714286,51.81526
B,90.734694,91,1.0,0.734694,51.9416
B,90.755102,91,1.0,0.755102,52.07884
B,90.77551,91,1.0,0.77551,52.2276
B,90.795918,91,1.0,0.795918,52.38854
B,90.816327,91,1.0,0.816327,52.56231
B,90.836735,91,1.0,0.836735,52.74959
B,90.857143,91,1.0,0.857143,52.95106
B,90.877551,91,1.0,0.877551,53.16743
B,90.897959,91,1.0,0.897959,53.39942
B,90.918367,91,1.0,0.918367,53.64777
B,90.938776,91,1.0,0.938776,53.91323
B,90.959184,91,1.0,0.959184,54.19657
B,90.979592,91,1.0,0.979592,54.49859
B,91.0,91,1.0,1.0,54.82007
B,91.0,92,-1.0,0.0,-42.14355
B,91.020408,92,-1.0,0.020408,-44.08711
B,91.040816,92,-1.0,0.040816,-45.59307
B,91.061224,92,-1.0,0.061224,-46.75997
B,91.081633,92,-1.0,0.081633,-47.66422
B,91.102041,92,-1.0,0.102041,-48.36504
B,91.122449,92,-1.0,0.122449,-48.90832
B,91.142857,92,-1.0,0.142857,-49.32969
B,91.163265,92,-1.0,0.163265,-49.65678
B,91.183673,92,-1.0,0.183673,-49.91103
B,91.204082,92,-1.0,0.204082,-50.10911
B,91.22449,92,-1.0,0.22449,-50.26398
B,91.244898,92,-1.0,0.244898,-50.38574
B,91.265306,92,-1.0,0.265306,-50.48227
B,91.285714,92,-1.0,0.285714,-50.55974
B,91.306122,92,-1.0,0.306122,-50.62299
B,91.326531,92,-1.0,0.326531,-50.67584
B,91.346939,92,-1.0,0.346939,-50.72131
B,91.367347,92,-1.0,0.367347,-50.76185
B,91.387755,92,-1.0,0.387755,-50.79941
B,91.408163,92,-1.0,0.408163,-50.83558
B,91.428571,92,-1.0,0.428571,-50.8717
B,91.44898,92,-1.0,0.44898,-50.90889
B,91.469388,92,-1.0,0.469388,-50.94811
B,91.489796,92,-1.0,0.489796,-50.99021
B,91.510204,92,-1.0,0.510204,-51.03594
B,91.530612,92,-1.0,0.530612,-51.08599
B,91.55102,92,-1.0,0.55102,-51.14102
B,91.571429,92,-1.0,0.571429,-51.20164
B,91.591837,92,-1.0,0.591837,-51.26844
B,91.612245,92,-1.0,0.612245,-51.34201
B,91.632653,92,-1.0,0.632653,-51.42292
B,91.653061,92,-1.0,0.653061,-51.51176
B,91.673469,92,-1.0,0.673469,-51.60909
B,91.693878,92,-1.0,0.693878,-51.7155
B,91.714286,92,-1.0,0.714286,-51.8316
B,91.734694,92,-1.0,0.734694,-51.95798
B,91.755102,92,-1.0,0.755102,-52.09526
B,91.77551,92,-1.0,0.77551,-52.24407
B,91.795918,92,-1.0,0.795918,-52.40506
B,91.816327,92,-1.0,0.816327,-52.57888
B,91.836735,92,-1.0,0.836735,-52.76622
B,91.857143,92,-1.0,0.857143,-52.96775
B,91.877551,92,-1.0,0.877551,-53.18419
B,91.897959,92,-1.0,0.897959,-53.41625
B,91.918367,92,-1.0,0.918367,-53.66468
B,91.938776,92,-1.0,0.938776,-53.93022
B,91.959184,92,-1.0,0.959184,-54.21366
B,91.979592,92,-1.0,0.979592,-54.51577
B,92.0,92,-1.0,1.0,-54.83736
B,92.0,93,1.0,0.0,41.86209
B,92.020408,93,1.0,0.020408,43.79268
B,92.040816,93,1.0,0.040816,45.28857
B,92.061224,93,1.0,0.061224,46.44769
B,92.081633,93,1.0,0.081633,47.3459
B,92.102041,93,1.0,0.102041,48.04203
B,92.122449,93,1.0,0.122449,48.58169
B,92.142857,93,1.0,0.142857,49.00025
B,92.163265,93,1.0,0.163265,49.32515
B,92.183673,93,1.0,0.183673,49.5777
B,92.204082,93,1.0,0.204082,49.77445
B,92.22449,93,1.0,0.22449,49.92829
B,92.244898,93,1.0,0.244898,50.04924
B,92.265306,93,1.0,0.265306,50.14513
B,92.285714,93,1.0,0.285714,50.22208
B,92.306122,93,1.0,0.306122,50.2849
B,92.326531,93,1.0,0.326531,50.3374
B,92.346939,93,1.0,0.346939,50.38257
B,92.367347,93,1.0,0.367347,50.42284
B,92.387755,93,1.0,0.387755,50.46014
B,92.408163,93,1.0,0.408163,50.49608
B,92.428571,93,1.0,0.428571,50.53196
B,92.44898,93,1.0,0.44898,50.5689
B,92.469388,93,1.0,0.469388,50.60786
B,92.489796,93,1.0,0.489796,50.64967
B,92.510204,93,1.0,0.510204,50.69509
B,92.530612,93,1.0,0.530612,50.74482
B,92.55102,93,1.0,0.55102,50.79948
B,92.571429,93,1.0,0.571429,50.85969
B,92.591837,93,1.0,0.591837,50.92605
B,92.612245,93,1.0,0.612245,50.99912
B,92.632653,93,1.0,0.632653,51.0795
B,92.653061,93,1.0,0.653061,51.16773
B,92.673469,93,1.0,0.673469,51.26441
B,92.693878,93,1.0,0.693878,51.37012
B,92.714286,93,1.0,0.714286,51.48544
B,92.734694,93,1.0,0.734694,51.61097
B,92.755102,93,1.0,0.755102,51.74734
B,92.77551,93,1.0,0.77551,51.89516
B,92.795918,93,1.0,0.795918,52.05507
B,92.816327,93,1.0,0.816327,52.22774
B,92.836735,93,1.0,0.836735,52.41382
B,92.857143,93,1.0,0.857143,52.61401
B,92.877551,93,1.0,0.877551,52.829
B,92.897959,93,1.0,0.897959,53.05951
B,92.918367,93,1.0,0.918367,53.30628
B,92.938776,93,1.0,0.938776,53.57005
B,92.959184,93,1.0,0.959184,53.85159
B,92.979592,93,1.0,0.979592,54.15168
B,93.0,93,1.0,1.0,54.47113
B,93.0,94,-1.0,0.0,-41.89452
B,93.020408,94,-1.0,0.020408,-43.8266
B,93.040816,94,-1.0,0.040816,-45.32365
B,93.061224,94,-1.0,0.061224,-46.48367
B,93.081633,94,-1.0,0.081633,-47.38257
B,93.102041,94,-1.0,0.102041,-48.07925
B,93.122449,94,-1.0,0.122449,-48.61932
B,93.142857,94,-1.0,0.142857,-49.0382
B,93.163265,94,-1.0,0.163265,-49.36336
B,93.183673,94,-1.0,0.183673,-49.6161
B,93.204082,94,-1.0,0.204082,-49.81301
B,93.22449,94,-1.0,0.22449,-49.96697
B,93.244898,94,-1.0,0.244898,-50.08801
B,93.265306,94,-1.0,0.265306,-50.18397
B,93.285714,94,-1.0,0.285714,-50.26098
B,93.306122,94,-1.0,0.306122,-50.32386
B,93.326531,94,-1.0,0.326531,-50.37639
B,93.346939,94,-1.0,0.346939,-50.4216
B,93.367347,94,-1.0,0.367347,-50.4619
B,93.387755,94,-1.0,0.387755,-50.49923
B,93.408163,94,-1.0,0.408163,-50.53519
B,93.428571,94,-1.0,0.428571,-50.5711
B,93.44898,94,-1.0,0.44898,-50.60807
B,93.469388,94,-1.0,0.469388,-50.64706
B,93.489796,94,-1.0,0.489796,-50.68891
B,93.510204,94,-1.0,0.510204,-50.73436
B,93.530612,94,-1.0,0.530612,-50.78412
B,93.55102,94,-1.0,0.55102,-50.83883
B,93.571429,94,-1.0,0.571429,-50.89909
B,93.591837,94,-1.0,0.591837,-50.9655
B,93.612245,94,-1.0,0.612245,-51.03863
B,93.632653,94,-1.0,0.632653,-51.11906
B,93.653061,94,-1.0,0.653061,-51.20737
B,93.673469,94,-1.0,0.673469,-51.30413
B,93.693878,94,-1.0,0.693878,-51.40991
B,93.714286,94,-1.0,0.714286,-51.52532
B,93.734694,94,-1.0,0.734694,-51.65095
B,93.755102,94,-1.0,0.755102,-51.78742
B,93.77551,94,-1.0,0.77551,-51.93536
B,93.795918,94,-1.0,0.795918,-52.0954
B,93.816327,94,-1.0,0.816327,-52.26819
B,93.836735,94,-1.0,0.836735,-52.45442
B,93.857143,94,-1.0,0.857143,-52.65476
B,93.877551,94,-1.0,0.877551,-52.86992
B,93.897959,94,-1.0,0.897959,-53.10061
B,93.918367,94,-1.0,0.918367,-53.34757
B,93.938776,94,-1.0,0.938776,-53.61155
B,93.959184,94,-1.0,0.959184,-53.89331
B,93.979592,94,-1.0,0.979592,-54.19363
B,94.0,94,-1.0,1.0,-54.51332
B,94.0,95,1.0,0.0,42.04799
B,94.020408,95,1.0,0.020408,43.98714
B,94.040816,95,1.0,0.040816,45.48968
B,94.061224,95,1.0,0.061224,46.65394
B,94.081633,95,1.0,0.081633,47.55614
B,94.102041,95,1.0,0.102041,48.25536
B,94.122449,95,1.0,0.122449,48.79742
B,94.142857,95,1.0,0.142857,49.21784
B,94.163265,95,1.0,0.163265,49.54418
B,94.183673,95,1.0,0.183673,49.79785
B,94.204082,95,1.0,0.204082,49.99548
B,94.22449,95,1.0,0.22449,50.15
B,94.244898,95,1.0,0.244898,50.27149
B,94.265306,95,1.0,0.265306,50.3678
B,94.285714,95,1.0,0.285714,50.44509
B,94.306122,95,1.0,0.306122,50.5082
B,94.326531,95,1.0,0.326531,50.56092
B,94.346939,95,1.0,0.346939,50.6063
B,94.367347,95,1.0,0.367347,50.64675
B,94.387755,95,1.0,0.387755,50.68422
B,94.408163,95,1.0,0.408163,50.72031
B,94.428571,95,1.0,0.428571,50.75635
B,94.44898,95,1.0,0.44898,50.79345
B,94.469388,95,1.0,0.469388,50.83258
B,94.489796,95,1.0,0.489796,50.87458
B,94.510204,95,1.0,0.510204,50.92021
B,94.530612,95,1.0,0.530612,50.97015
B,94.55102,95,1.0,0.55102,51.02506
B,94.571429,95,1.0,0.571429,51.08554
B,94.591837,95,1.0,0.591837,51.15219
B,94.612245,95,1.0,0.612245,51.22559
B,94.632653,95,1.0,0.632653,51.30632
B,94.653061,95,1.0,0.653061,51.39495
B,94.673469,95,1.0,0.673469,51.49206
B,94.693878,95,1.0,0.693878,51.59823
B,94.714286,95,1.0,0.714286,51.71406
B,94.734694,95,1.0,0.734694,51.84016
B,94.755102,95,1.0,0.755102,51.97713
B,94.77551,95,1.0,0.77551,52.1256
B,94.795918,95,1.0,0.795918,52.28623
B,94.816327,95,1.0,0.816327,52.45966
B,94.836735,95,1.0,0.836735,52.64657
B,94.857143,95,1.0,0.857143,52.84764
B,94.877551,95,1.0,0.877551,53.06359
B,94.897959,95,1.0,0.897959,53.29513
B,94.918367,95,1.0,0.918367,53.54299
B,94.938776,95,1.0,0.938776,53.80793
B,94.959184,95,1.0,0.959184,54.09072
B,94.979592,95,1.0,0.979592,54.39215
B,95.0,95,1.0,1.0,54.71301
B,95.0,96,-1.0,0.0,-42.20463
B,95.020408,96,-1.0,0.020408,-44.15101
B,95.040816,96,-1.0,0.040816,-45.65914
B,95.061224,96,-1.0,0.061224,-46.82774
B,95.081633,96,-1.0,0.081633,-47.7333
B,95.102041,96,-1.0,0.102041,-48.43513
B,95.122449,96,-1.0,0.122449,-48.9792
B,95.142857,96,-1.0,0.142857,-49.40119
B,95.163265,96,-1.0,0.163265,-49.72875
B,95.183673,96,-1.0,0.183673,-49.98336
B,95.204082,96,-1.0,0.204082,-50.18173
B,95.22449,96,-1.0,0.22449,-50.33683
B,95.244898,96,-1.0,0.244898,-50.45876
B,95.265306,96,-1.0,0.265306,-50.55544
B,95.285714,96,-1.0,0.285714,-50.63302
B,95.306122,96,-1.0,0.306122,-50.69635
B,95.326531,96,-1.0,0.326531,-50.74928
B,95.346939,96,-1.0,0.346939,-50.79482
B,95.367347,96,-1.0,0.367347,-50.83542
B,95.387755,96,-1.0,0.387755,-50.87303
B,95.408163,96,-1.0,0.408163,-50.90926
B,95.428571,96,-1.0,0.428571,-50.94543
B,95.44898,96,-1.0,0.44898,-50.98267
B,95.469388,96,-1.0,0.469388,-51.02195
B,95.489796,96,-1.0,0.489796,-51.06411
B,95.510204,96,-1.0,0.510204,-51.1099
B,95.530612,96,-1.0,0.530612,-51.16003
B,95.55102,96,-1.0,0.55102,-51.21514
B,95.571429,96,-1.0,0.571429,-51.27585
B,95.591837,96,-1.0,0.591837,-51.34274
B,95.612245,96,-1.0,0.612245,-51.41642
B,95.632653,96,-1.0,0.632653,-51.49745
B,95.653061,96,-1.0,0.653061,-51.58641
B,95.673469,96,-1.0,0.673469,-51.68388
B,95.693878,96,-1.0,0.693878,-51.79045
B,95.714286,96,-1.0,0.714286,-51.90671
B,95.734694,96,-1.0,0.734694,-52.03328
B,95.755102,96,-1.0,0.755102,-52.17076
B,95.77551,96,-1.0,0.77551,-52.31979
B,95.795918,96,-1.0,0.795918,-52.48101
B,95.816327,96,-1.0,0.816327,-52.65509
B,95.836735,96,-1.0,0.836735,-52.84269
B,95.857143,96,-1.0,0.857143,-53.04452
B,95.877551,96,-1.0,0.877551,-53.26127
B,95.897959,96,-1.0,0.897959,-53.49367
B,95.918367,96,-1.0,0.918367,-53.74245
B,95.938776,96,-1.0,0.938776,-54.00838
B,95.959184,96,-1.0,0.959184,-54.29223
B,95.979592,96,-1.0,0.979592,-54.59478
B,96.0,96,-1.0,1.0,-54.91683
B,96.0,97,1.0,0.0,42.03673
B,96.020408,97,1.0,0.020408,43.97537
B,96.040816,97,1.0,0.040816,45.4775
B,96.061224,97,1.0,0.061224,46.64145
B,96.081633,97,1.0,0.081633,47.54341
B,96.102041,97,1.0,0.102041,48.24245
B,96.122449,97,1.0,0.122449,48.78436
B,96.142857,97,1.0,0.142857,49.20466
B,96.163265,97,1.0,0.163265,49.53092
B,96.183673,97,1.0,0.183673,49.78452
B,96.204082,97,1.0,0.204082,49.9821
B,96.22449,97,1.0,0.22449,50.13658
B,96.244898,97,1.0,0.244898,50.25803
B,96.265306,97,1.0,0.265306,50.35432
B,96.285714,97,1.0,0.285714,50.43159
B,96.306122,97,1.0,0.306122,50.49468
B,96.326531,97,1.0,0.326531,50.54739
B,96.346939,97,1.0,0.346939,50.59276
B,96.367347,97,1.0,0.367347,50.63319
B,96.387755,97,1.0,0.387755,50.67065
B,96.408163,97,1.0,0.408163,50.70673
B,96.428571,97,1.0,0.428571,50.74276
B,96.44898,97,1.0,0.44898,50.77986
B,96.469388,97,1.0,0.469388,50.81898
B,96.489796,97,1.0,0.489796,50.86097
B,96.510204,97,1.0,0.510204,50.90658
B,96.530612,97,1.0,0.530612,50.95651
B,96.55102,97,1.0,0.55102,51.0114
B,96.571429,97,1.0,0.571429,51.07186
B,96.591837,97,1.0,0.591837,51.1385
B,96.612245,97,1.0,0.612245,51.21188
B,96.632653,97,1.0,0.632653,51.29259
B,96.653061,97,1.0,0.653061,51.38119
B,96.673469,97,1.0,0.673469,51.47828
B,96.693878,97,1.0,0.693878,51.58442
B,96.714286,97,1.0,0.714286,51.70022
B,96.734694,97,1.0,0.734694,51.82628
B,96.755102,97,1.0,0.755102,51.96322
B,96.77551,97,1.0,0.77551,52.11165
B,96.795918,97,1.0,0.795918,52.27223
B,96.816327,97,1.0,0.816327,52.44562
B,96.836735,97,1.0,0.836735,52.63248
B,96.857143,97,1.0,0.857143,52.8335
B,96.877551,97,1.0,0.877551,53.04939
B,96.897959,97,1.0,0.897959,53.28086
B,96.918367,97,1.0,0.918367,53.52866
B,96.938776,97,1.0,0.938776,53.79353
B,96.959184,97,1.0,0.959184,54.07625
B,96.979592,97,1.0,0.979592,54.37759
B,97.0,97,1.0,1.0,54.69837
B,97.0,98,-1.0,0.0,-42.07816
B,97.020408,98,-1.0,0.020408,-44.01871
B,97.040816,98,-1.0,0.040816,-45.52233
B,97.061224,98,-1.0,0.061224,-46.68743
B,97.081633,98,-1.0,0.081633,-47.59027
B,97.102041,98,-1.0,0.102041,-48.29
B,97.122449,98,-1.0,0.122449,-48.83244
B,97.142857,98,-1.0,0.142857,-49.25316
B,97.163265,98,-1.0,0.163265,-49.57974
B,97.183673,98,-1.0,0.183673,-49.83359
B,97.204082,98,-1.0,0.204082,-50.03137
B,97.22449,98,-1.0,0.22449,-50.186
B,97.244898,98,-1.0,0.244898,-50.30757
B,97.265306,98,-1.0,0.265306,-50.40395
B,97.285714,98,-1.0,0.285714,-50.4813
B,97.306122,98,-1.0,0.306122,-50.54445
B,97.326531,98,-1.0,0.326531,-50.59721
B,97.346939,98,-1.0,0.346939,-50.64262
B,97.367347,98,-1.0,0.367347,-50.6831
B,97.387755,98,-1.0,0.387755,-50.72059
B,97.408163,98,-1.0,0.408163,-50.75671
B,97.428571,98,-1.0,0.428571,-50.79278
B,97.44898,98,-1.0,0.44898,-50.82991
B,97.469388,98,-1.0,0.469388,-50.86907
B,97.489796,98,-1.0,0.489796,-50.9111
B,97.510204,98,-1.0,0.510204,-50.95676
B,97.530612,98,-1.0,0.530612,-51.00673
B,97.55102,98,-1.0,0.55102,-51.06168
B,97.571429,98,-1.0,0.571429,-51.1222
B,97.591837,98,-1.0,0.591837,-51.1889
B,97.612245,98,-1.0,0.612245,-51.26236
B,97.632653,98,-1.0,0.632653,-51.34314
B,97.653061,98,-1.0,0.653061,-51.43184
B,97.673469,98,-1.0,0.673469,-51.52902
B,97.693878,98,-1.0,0.693878,-51.63527
B,97.714286,98,-1.0,0.714286,-51.75118
B,97.734694,98,-1.0,0.734694,-51.87736
B,97.755102,98,-1.0,0.755102,-52.01443
B,97.77551,98,-1.0,0.77551,-52.16301
B,97.795918,98,-1.0,0.795918,-52.32375
B,97.816327,98,-1.0,0.816327,-52.49731
B,97.836735,98,-1.0,0.836735,-52.68435
B,97.857143,98,-1.0,0.857143,-52.88557
B,97.877551,98,-1.0,0.877551,-53.10167
B,97.897959,98,-1.0,0.897959,-53.33338
B,97.918367,98,-1.0,0.918367,-53.58142
B,97.938776,98,-1.0,0.938776,-53.84655
B,97.959184,98,-1.0,0.959184,-54.12955
B,97.979592,98,-1.0,0.979592,-54.43119
B,98.0,98,-1.0,1.0,-54.75228
B,98.0,99,1.0,0.0,42.15642
B,98.020408,99,1.0,0.020408,44.10058
B,98.040816,99,1.0,0.040816,45.60699
B,98.061224,99,1.0,0.061224,46.77426
B,98.081633,99,1.0,0.081633,47.67878
B,98.102041,99,1.0,0.102041,48.37981
B,98.122449,99,1.0,0.122449,48.92326
B,98.142857,99,1.0,0.142857,49.34476
B,98.163265,99,1.0,0.163265,49.67195
B,98.183673,99,1.0,0.183673,49.92628
B,98.204082,99,1.0,0.204082,50.12441
B,98.22449,99,1.0,0.22449,50.27933
B,98.244898,99,1.0,0.244898,50.40113
B,98.265306,99,1.0,0.265306,50.49769
B,98.285714,99,1.0,0.285714,50.57518
B,98.306122,99,1.0,0.306122,50.63845
B,98.326531,99,1.0,0.326531,50.69131
B,98.346939,99,1.0,0.346939,50.73681
B,98.367347,99,1.0,0.367347,50.77736
B,98.387755,99,1.0,0.387755,50.81493
B,98.408163,99,1.0,0.408163,50.85111
B,98.428571,99,1.0,0.428571,50.88724
B,98.44898,99,1.0,0.44898,50.92444
B,98.469388,99,1.0,0.469388,50.96368
B,98.489796,99,1.0,0.489796,51.00578
B,98.510204,99,1.0,0.510204,51.05153
B,98.530612,99,1.0,0.530612,51.1016
B,98.55102,99,1.0,0.55102,51.15664
B,98.571429,99,1.0,0.571429,51.21728
B,98.591837,99,1.0,0.591837,51.2841
B,98.612245,99,1.0,0.612245,51.35769
B,98.632653,99,1.0,0.632653,51.43863
B,98.653061,99,1.0,0.653061,51.52749
B,98.673469,99,1.0,0.673469,51.62485
B,98.693878,99,1.0,0.693878,51.7313
B,98.714286,99,1.0,0.714286,51.84743
B,98.734694,99,1.0,0.734694,51.97385
B,98.755102,99,1.0,0.755102,52.11117
B,98.77551,99,1.0,0.77551,52.26003
B,98.795918,99,1.0,0.795918,52.42107
B,98.816327,99,1.0,0.816327,52.59494
B,98.836735,99,1.0,0.836735,52.78234
B,98.857143,99,1.0,0.857143,52.98393
B,98.877551,99,1.0,0.877551,53.20043
B,98.897959,99,1.0,0.897959,53.43257
B,98.918367,99,1.0,0.918367,53.68107
B,98.938776,99,1.0,0.938776,53.9467
B,98.959184,99,1.0,0.959184,54.23022
B,98.979592,99,1.0,0.979592,54.53242
B,99.0,99,1.0,1.0,54.85411
B,99.0,100,-1.0,0.0,-42.05621
B,99.020408,100,-1.0,0.020408,-43.99574
B,99.040816,100,-1.0,0.040816,-45.49857
B,99.061224,100,-1.0,0.061224,-46.66306
B,99.081633,100,-1.0,0.081633,-47.56544
B,99.102041,100,-1.0,0.102041,-48.2648
B,99.122449,100,-1.0,0.122449,-48.80696
B,99.142857,100,-1.0,0.142857,-49.22746
B,99.163265,100,-1.0,0.163265,-49.55387
B,99.183673,100,-1.0,0.183673,-49.80759
B,99.204082,100,-1.0,0.204082,-50.00526
B,99.22449,100,-1.0,0.22449,-50.15981
B,99.244898,100,-1.0,0.244898,-50.28132
B,99.265306,100,-1.0,0.265306,-50.37765
B,99.285714,100,-1.0,0.285714,-50.45496
B,99.306122,100,-1.0,0.306122,-50.51807
B,99.326531,100,-1.0,0.326531,-50.57081
B,99.346939,100,-1.0,0.346939,-50.61619
B,99.367347,100,-1.0,0.367347,-50.65665
B,99.387755,100,-1.0,0.387755,-50.69413
B,99.408163,100,-1.0,0.408163,-50.73022
B,99.428571,100,-1.0,0.428571,-50.76627
B,99.44898,100,-1.0,0.44898,-50.80338
B,99.469388,100,-1.0,0.469388,-50.84252
B,99.489796,100,-1.0,0.489796,-50.88453
B,99.510204,100,-1.0,0.510204,-50.93016
B,99.530612,100,-1.0,0.530612,-50.98012
B,99.55102,100,-1.0,0.55102,-51.03503
B,99.571429,100,-1.0,0.571429,-51.09552
B,99.591837,100,-1.0,0.591837,-51.16219
B,99.612245,100,-1.0,0.612245,-51.2356
B,99.632653,100,-1.0,0.632653,-51.31635
B,99.653061,100,-1.0,0.653061,-51.405
B,99.673469,100,-1.0,0.673469,-51.50213
B,99.693878,100,-1.0,0.693878,-51.60832
B,99.714286,100,-1.0,0.714286,-51.72417
B,99.734694,100,-1.0,0.734694,-51.85029
B,99.755102,100,-1.0,0.755102,-51.98729
B,99.77551,100,-1.0,0.77551,-52.13579
B,99.795918,100,-1.0,0.795918,-52.29645
B,99.816327,100,-1.0,0.816327,-52.46991
B,99.836735,100,-1.0,0.836735,-52.65686
B,99.857143,100,-1.0,0.857143,-52.85797
B,99.877551,100,-1.0,0.877551,-53.07396
B,99.897959,100,-1.0,0.897959,-53.30555
B,99.918367,100,-1.0,0.918367,-53.55346
B,99.938776,100,-1.0,0.938776,-53.81845
B,99.959184,100,-1.0,0.959184,-54.1013
B,99.979592,100,-1.0,0.979592,-54.40278
B,100.0,100,-1.0,1.0,-54.72371
B,100.0,101,1.0,0.0,42.44902
B,100.020408,101,1.0,0.020408,44.40667
B,100.040816,101,1.0,0.040816,45.92354
B,100.061224,101,1.0,0.061224,47.09891
B,100.081633,101,1.0,0.081633,48.00972
B,100.102041,101,1.0,0.102041,48.71561
B,100.122449,101,1.0,0.122449,49.26283
B,100.142857,101,1.0,0.142857,49.68726
B,100.163265,101,1.0,0.163265,50.01671
B,100.183673,101,1.0,0.183673,50.27281
B,100.204082,101,1.0,0.204082,50.47232
B,100.22449,101,1.0,0.22449,50.62832
B,100.244898,101,1.0,0.244898,50.75096
B,100.265306,101,1.0,0.265306,50.84819
B,100.285714,101,1.0,0.285714,50.92622
B,100.306122,101,1.0,0.306122,50.98993
B,100.326531,101,1.0,0.326531,51.04316
B,100.346939,101,1.0,0.346939,51.08897
B,100.367347,101,1.0,0.367347,51.1298
B,100.387755,101,1.0,0.387755,51.16762
B,100.408163,101,1.0,0.408163,51.20406
B,100.428571,101,1.0,0.428571,51.24044
B,100.44898,101,1.0,0.44898,51.2779
B,100.469388,101,1.0,0.469388,51.31741
B,100.489796,101,1.0,0.489796,51.35981
B,100.510204,101,1.0,0.510204,51.40587
B,100.530612,101,1.0,0.530612,51.45629
B,100.55102,101,1.0,0.55102,51.51171
B,100.571429,101,1.0,0.571429,51.57277
B,100.591837,101,1.0,0.591837,51.64006
B,100.612245,101,1.0,0.612245,51.71416
B,100.632653,101,1.0,0.632653,51.79566
B,100.653061,101,1.0,0.653061,51.88514
B,100.673469,101,1.0,0.673469,51.98317
B,100.693878,101,1.0,0.693878,52.09036
B,100.714286,101,1.0,0.714286,52.20729
B,100.734694,101,1.0,0.734694,52.33459
B,100.755102,101,1.0,0.755102,52.47287
B,100.77551,101,1.0,0.77551,52.62276
B,100.795918,101,1.0,0.795918,52.78491
B,100.816327,101,1.0,0.816327,52.96
B,100.836735,101,1.0,0.836735,53.14869
B,100.857143,101,1.0,0.857143,53.35168
B,100.877551,101,1.0,0.877551,53.56969
B,100.897959,101,1.0,0.897959,53.80344
B,100.918367,101,1.0,0.918367,54.05366
B,100.938776,101,1.0,0.938776,54.32113
B,100.959184,101,1.0,0.959184,54.60662
B,100.979592,101,1.0,0.979592,54.91092
B,101.0,101,1.0,1.0,55.23484
B,101.0,102,-1.0,0.0,-42.38751
B,101.020408,102,-1.0,0.020408,-44.34232
B,101.040816,102,-1.0,0.040816,-45.85699
B,101.061224,102,-1.0,0.061224,-47.03065
B,101.081633,102,-1.0,0.081633,-47.94014
B,101.102041,102,-1.0,0.102041,-48.64501
B,101.122449,102,-1.0,0.122449,-49.19144
B,101.142857,102,-1.0,0.142857,-49.61525
B,101.163265,102,-1.0,0.163265,-49.94423
B,101.183673,102,-1.0,0.183673,-50.19995
B,101.204082,102,-1.0,0.204082,-50.39917
B,101.22449,102,-1.0,0.22449,-50.55494
B,101.244898,102,-1.0,0.244898,-50.67741
B,101.265306,102,-1.0,0.265306,-50.7745
B,101.285714,102,-1.0,0.285714,-50.85242
B,101.306122,102,-1.0,0.306122,-50.91603
B,101.326531,102,-1.0,0.326531,-50.96918
B,101.346939,102,-1.0,0.346939,-51.01492
B,101.367347,102,-1.0,0.367347,-51.0557
B,101.387755,102,-1.0,0.387755,-51.09347
B,101.408163,102,-1.0,0.408163,-51.12985
B,101.428571,102,-1.0,0.428571,-51.16618
B,101.44898,102,-1.0,0.44898,-51.20359
B,101.469388,102,-1.0,0.469388,-51.24304
B,101.489796,102,-1.0,0.489796,-51.28537
B,101.510204,102,-1.0,0.510204,-51.33137
B,101.530612,102,-1.0,0.530612,-51.38171
B,101.55102,102,-1.0,0.55102,-51.43706
B,101.571429,102,-1.0,0.571429,-51.49803
B,101.591837,102,-1.0,0.591837,-51.56522
B,101.612245,102,-1.0,0.612245,-51.63921
B,101.632653,102,-1.0,0.632653,-51.72059
B,101.653061,102,-1.0,0.653061,-51.80994
B,101.673469,102,-1.0,0.673469,-51.90783
B,101.693878,102,-1.0,0.693878,-52.01487
B,101.714286,102,-1.0,0.714286,-52.13163
B,101.734694,102,-1.0,0.734694,-52.25874
B,101.755102,102,-1.0,0.755102,-52.39682
B,101.77551,102,-1.0,0.77551,-52.54649
B,101.795918,102,-1.0,0.795918,-52.70842
B,101.816327,102,-1.0,0.816327,-52.88325
B,101.836735,102,-1.0,0.836735,-53.07167
B,101.857143,102,-1.0,0.857143,-53.27436
B,101.877551,102,-1.0,0.877551,-53.49205
B,101.897959,102,-1.0,0.897959,-53.72546
B,101.918367,102,-1.0,0.918367,-53.97533
B,101.938776,102,-1.0,0.938776,-54.24241
B,101.959184,102,-1.0,0.959184,-54.52748
B,101.979592,102,-1.0,0.979592,-54.83134
B,102.0,102,-1.0,1.0,-55.15479
B,102.0,103,1.0,0.0,42.39816
B,102.020408,103,1.0,0.020408,44.35346
B,102.040816,103,1.0,0.040816,45.86851
B,102.061224,103,1.0,0.061224,47.04247
B,102.081633,103,1.0,0.081633,47.95219
B,102.102041,103,1.0,0.102041,48.65723
B,102.122449,103,1.0,0.122449,49.2038
B,102.142857,103,1.0,0.142857,49.62772
B,102.163265,103,1.0,0.163265,49.95678
B,102.183673,103,1.0,0.183673,50.21257
B,102.204082,103,1.0,0.204082,50.41184
B,102.22449,103,1.0,0.22449,50.56765
B,102.244898,103,1.0,0.244898,50.69015
B,102.265306,103,1.0,0.265306,50.78726
B,102.285714,103,1.0,0.285714,50.8652
B,102.306122,103,1.0,0.306122,50.92883
B,102.326531,103,1.0,0.326531,50.98199
B,102.346939,103,1.0,0.346939,51.02775
B,102.367347,103,1.0,0.367347,51.06853
B,102.387755,103,1.0,0.387755,51.10631
B,102.408163,103,1.0,0.408163,51.1427
B,102.428571,103,1.0,0.428571,51.17904
B,102.44898,103,1.0,0.44898,51.21646
B,102.469388,103,1.0,0.469388,51.25591
B,102.489796,103,1.0,0.489796,51.29826
B,102.510204,103,1.0,0.510204,51.34427
B,102.530612,103,1.0,0.530612,51.39463
B,102.55102,103,1.0,0.55102,51.44999
B,102.571429,103,1.0,0.571429,51.51097
B,102.591837,103,1.0,0.591837,51.57818
B,102.612245,103,1.0,0.612245,51.65219
B,102.632653,103,1.0,0.632653,51.73359
B,102.653061,103,1.0,0.653061,51.82296
B,102.673469,103,1.0,0.673469,51.92088
B,102.693878,103,1.0,0.693878,52.02794
B,102.714286,103,1.0,0.714286,52.14474
B,102.734694,103,1.0,0.734694,52.27188
B,102.755102,103,1.0,0.755102,52.40999
B,102.77551,103,1.0,0.77551,52.5597
B,102.795918,103,1.0,0.795918,52.72166
B,102.816327,103,1.0,0.816327,52.89654
B,102.836735,103,1.0,0.836735,53.085
B,102.857143,103,1.0,0.857143,53.28775
B,102.877551,103,1.0,0.877551,53.5055
B,102.897959,103,1.0,0.897959,53.73896
B,102.918367,103,1.0,0.918367,53.98889
B,102.938776,103,1.0,0.938776,54.25604
B,102.959184,103,1.0,0.959184,54.54119
B,102.979592,103,1.0,0.979592,54.84512
B,103.0,103,1.0,1.0,55.16866
B,103.0,104,-1.0,0.0,-42.3564
B,103.020408,104,-1.0,0.020408,-44.30978
B,103.040816,104,-1.0,0.040816,-45.82334
B,103.061224,104,-1.0,0.061224,-46.99614
B,103.081633,104,-1.0,0.081633,-47.90495
B,103.102041,104,-1.0,0.102041,-48.60931
B,103.122449,104,-1.0,0.122449,-49.15534
B,103.142857,104,-1.0,0.142857,-49.57884
B,103.163265,104,-1.0,0.163265,-49.90757
B,103.183673,104,-1.0,0.183673,-50.16311
B,103.204082,104,-1.0,0.204082,-50.36219
B,103.22449,104,-1.0,0.22449,-50.51784
B,103.244898,104,-1.0,0.244898,-50.64022
B,103.265306,104,-1.0,0.265306,-50.73724
B,103.285714,104,-1.0,0.285714,-50.8151
B,103.306122,104,-1.0,0.306122,-50.87866
B,103.326531,104,-1.0,0.326531,-50.93178
B,103.346939,104,-1.0,0.346939,-50.97749
B,103.367347,104,-1.0,0.367347,-51.01823
B,103.387755,104,-1.0,0.387755,-51.05597
B,103.408163,104,-1.0,0.408163,-51.09233
B,103.428571,104,-1.0,0.428571,-51.12863
B,103.44898,104,-1.0,0.44898,-51.16601
B,103.469388,104,-1.0,0.469388,-51.20543
B,103.489796,104,-1.0,0.489796,-51.24774
B,103.510204,104,-1.0,0.510204,-51.2937
B,103.530612,104,-1.0,0.530612,-51.34401
B,103.55102,104,-1.0,0.55102,-51.39931
B,103.571429,104,-1.0,0.571429,-51.46024
B,103.591837,104,-1.0,0.591837,-51.52738
B,103.612245,104,-1.0,0.612245,-51.60132
B,103.632653,104,-1.0,0.632653,-51.68264
B,103.653061,104,-1.0,0.653061,-51.77192
B,103.673469,104,-1.0,0.673469,-51.86974
B,103.693878,104,-1.0,0.693878,-51.97669
B,103.714286,104,-1.0,0.714286,-52.09337
B,103.734694,104,-1.0,0.734694,-52.22039
B,103.755102,104,-1.0,0.755102,-52.35837
B,103.77551,104,-1.0,0.77551,-52.50793
B,103.795918,104,-1.0,0.795918,-52.66973
B,103.816327,104,-1.0,0.816327,-52.84444
B,103.836735,104,-1.0,0.836735,-53.03272
B,103.857143,104,-1.0,0.857143,-53.23527
B,103.877551,104,-1.0,0.877551,-53.4528
B,103.897959,104,-1.0,0.897959,-53.68603
B,103.918367,104,-1.0,0.918367,-53.93571
B,103.938776,104,-1.0,0.938776,-54.2026
B,103.959184,104,-1.0,0.959184,-54.48747
B,103.979592,104,-1.0,0.979592,-54.7911
B,104.0,104,-1.0,1.0,-55.11432
B,104.0,105,1.0,0.0,42.63386
B,104.020408,105,1.0,0.020408,44.60003
B,104.040816,105,1.0,0.040816,46.12351
B,104.061224,105,1.0,0.061224,47.30399
B,104.081633,105,1.0,0.081633,48.21876
B,104.102041,105,1.0,0.102041,48.92773
B,104.122449,105,1.0,0.122449,49.47733
B,104.142857,105,1.0,0.142857,49.90361
B,104.163265,105,1.0,0.163265,50.2345
B,104.183673,105,1.0,0.183673,50.49171
B,104.204082,105,1.0,0.204082,50.69209
B,104.22449,105,1.0,0.22449,50.84876
B,104.244898,105,1.0,0.244898,50.97194
B,104.265306,105,1.0,0.265306,51.0696
B,104.285714,105,1.0,0.285714,51.14796
B,104.306122,105,1.0,0.306122,51.21195
B,104.326531,105,1.0,0.326531,51.26541
B,104.346939,105,1.0,0.346939,51.31142
B,104.367347,105,1.0,0.367347,51.35243
B,104.387755,105,1.0,0.387755,51.39042
B,104.408163,105,1.0,0.408163,51.42702
B,104.428571,105,1.0,0.428571,51.46356
B,104.44898,105,1.0,0.44898,51.50118
B,104.469388,105,1.0,0.469388,51.54085
B,104.489796,105,1.0,0.489796,51.58344
B,104.510204,105,1.0,0.510204,51.6297
B,104.530612,105,1.0,0.530612,51.68034
B,104.55102,105,1.0,0.55102,51.73601
B,104.571429,105,1.0,0.571429,51.79733
B,104.591837,105,1.0,0.591837,51.86491
B,104.612245,105,1.0,0.612245,51.93934
B,104.632653,105,1.0,0.632653,52.02119
B,104.653061,105,1.0,0.653061,52.11105
B,104.673469,105,1.0,0.673469,52.20952
B,104.693878,105,1.0,0.693878,52.31717
B,104.714286,105,1.0,0.714286,52.43462
B,104.734694,105,1.0,0.734694,52.56247
B,104.755102,105,1.0,0.755102,52.70134
B,104.77551,105,1.0,0.77551,52.85189
B,104.795918,105,1.0,0.795918,53.01475
B,104.816327,105,1.0,0.816327,53.1906
B,104.836735,105,1.0,0.836735,53.38011
B,104.857143,105,1.0,0.857143,53.58399
B,104.877551,105,1.0,0.877551,53.80295
B,104.897959,105,1.0,0.897959,54.03771
B,104.918367,105,1.0,0.918367,54.28903
B,104.938776,105,1.0,0.938776,54.55766
B,104.959184,105,1.0,0.959184,54.84439
B,104.979592,105,1.0,0.979592,55.15002
B,105.0,105,1.0,1.0,55.47535
B,105.0,106,-1.0,0.0,-42.73283
B,105.020408,106,-1.0,0.020408,-44.70357
B,105.040816,106,-1.0,0.040816,-46.23058
B,105.061224,106,-1.0,0.061224,-47.41381
B,105.081633,106,-1.0,0.081633,-48.3307
B,105.102041,106,-1.0,0.102041,-49.04132
B,105.122449,106,-1.0,0.122449,-49.5922
B,105.142857,106,-1.0,0.142857,-50.01946
B,105.163265,106,-1.0,0.163265,-50.35112
B,105.183673,106,-1.0,0.183673,-50.60893
B,105.204082,106,-1.0,0.204082,-50.80977
B,105.22449,106,-1.0,0.22449,-50.96681
B,105.244898,106,-1.0,0.244898,-51.09028
B,105.265306,106,-1.0,0.265306,-51.18816
B,105.285714,106,-1.0,0.285714,-51.26671
B,105.306122,106,-1.0,0.306122,-51.33084
B,105.326531,106,-1.0,0.326531,-51.38443
B,105.346939,106,-1.0,0.346939,-51.43054
B,105.367347,106,-1.0,0.367347,-51.47165
B,105.387755,106,-1.0,0.387755,-51.50973
B,105.408163,106,-1.0,0.408163,-51.54641
B,105.428571,106,-1.0,0.428571,-51.58303
B,105.44898,106,-1.0,0.44898,-51.62074
B,105.469388,106,-1.0,0.469388,-51.66051
B,105.489796,106,-1.0,0.489796,-51.70319
B,105.510204,106,-1.0,0.510204,-51.74956
B,105.530612,106,-1.0,0.530612,-51.80032
B,105.55102,106,-1.0,0.55102,-51.85612
B,105.571429,106,-1.0,0.571429,-51.91758
B,105.591837,106,-1.0,0.591837,-51.98532
B,105.612245,106,-1.0,0.612245,-52.05992
B,105.632653,106,-1.0,0.632653,-52.14196
B,105.653061,106,-1.0,0.653061,-52.23203
B,105.673469,106,-1.0,0.673469,-52.33073
B,105.693878,106,-1.0,0.693878,-52.43863
B,105.714286,106,-1.0,0.714286,-52.55635
B,105.734694,106,-1.0,0.734694,-52.68449
B,105.755102,106,-1.0,0.755102,-52.82369
B,105.77551,106,-1.0,0.77551,-52.97459
B,105.795918,106,-1.0,0.795918,-53.13783
B,105.816327,106,-1.0,0.816327,-53.31408
B,105.836735,106,-1.0,0.836735,-53.50404
B,105.857143,106,-1.0,0.857143,-53.70839
B,105.877551,106,-1.0,0.877551,-53.92785
B,105.897959,106,-1.0,0.897959,-54.16316
B,105.918367,106,-1.0,0.918367,-54.41506
B,105.938776,106,-1.0,0.938776,-54.68432
B,105.959184,106,-1.0,0.959184,-54.97172
B,105.979592,106,-1.0,0.979592,-55.27805
B,106.0,106,-1.0,1.0,-55.60414
B,106.0,107,1.0,0.0,42.32391
B,106.020408,107,1.0,0.020408,44.27579
B,106.040816,107,1.0,0.040816,45.78819
B,106.061224,107,1.0,0.061224,46.96009
B,106.081633,107,1.0,0.081633,47.86821
B,106.102041,107,1.0,0.102041,48.57202
B,106.122449,107,1.0,0.122449,49.11764
B,106.142857,107,1.0,0.142857,49.54081
B,106.163265,107,1.0,0.163265,49.86929
B,106.183673,107,1.0,0.183673,50.12463
B,106.204082,107,1.0,0.204082,50.32356
B,106.22449,107,1.0,0.22449,50.47909
B,106.244898,107,1.0,0.244898,50.60138
B,106.265306,107,1.0,0.265306,50.69832
B,106.285714,107,1.0,0.285714,50.77612
B,106.306122,107,1.0,0.306122,50.83964
B,106.326531,107,1.0,0.326531,50.89271
B,106.346939,107,1.0,0.346939,50.93839
B,106.367347,107,1.0,0.367347,50.9791
B,106.387755,107,1.0,0.387755,51.01681
B,106.408163,107,1.0,0.408163,51.05314
B,106.428571,107,1.0,0.428571,51.08942
B,106.44898,107,1.0,0.44898,51.12677
B,106.469388,107,1.0,0.469388,51.16615
B,106.489796,107,1.0,0.489796,51.20843
B,106.510204,107,1.0,0.510204,51.25436
B,106.530612,107,1.0,0.530612,51.30462
B,106.55102,107,1.0,0.55102,51.35989
B,106.571429,107,1.0,0.571429,51.42077
B,106.591837,107,1.0,0.591837,51.48786
B,106.612245,107,1.0,0.612245,51.56174
B,106.632653,107,1.0,0.632653,51.643
B,106.653061,107,1.0,0.653061,51.73221
B,106.673469,107,1.0,0.673469,51.82996
B,106.693878,107,1.0,0.693878,51.93683
B,106.714286,107,1.0,0.714286,52.05342
B,106.734694,107,1.0,0.734694,52.18034
B,106.755102,107,1.0,0.755102,52.31821
B,106.77551,107,1.0,0.77551,52.46766
B,106.795918,107,1.0,0.795918,52.62934
B,106.816327,107,1.0,0.816327,52.8039
B,106.836735,107,1.0,0.836735,52.99204
B,106.857143,107,1.0,0.857143,53.19444
B,106.877551,107,1.0,0.877551,53.4118
B,106.897959,107,1.0,0.897959,53.64486
B,106.918367,107,1.0,0.918367,53.89435
B,106.938776,107,1.0,0.938776,54.16103
B,106.959184,107,1.0,0.959184,54.44567
B,106.979592,107,1.0,0.979592,54.74908
B,107.0,107,1.0,1.0,55.07204
B,107.0,108,-1.0,0.0,-42.63346
B,107.020408,108,-1.0,0.020408,-44.59962
B,107.040816,108,-1.0,0.040816,-46.12308
B,107.061224,108,-1.0,0.061224,-47.30355
B,107.081633,108,-1.0,0.081633,-48.21831
B,107.102041,108,-1.0,0.102041,-48.92727
B,107.122449,108,-1.0,0.122449,-49.47687
B,107.142857,108,-1.0,0.142857,-49.90314
B,107.163265,108,-1.0,0.163265,-50.23403
B,107.183673,108,-1.0,0.183673,-50.49123
B,107.204082,108,-1.0,0.204082,-50.69162
B,107.22449,108,-1.0,0.22449,-50.84829
B,107.244898,108,-1.0,0.244898,-50.97147
B,107.265306,108,-1.0,0.265306,-51.06912
B,107.285714,108,-1.0,0.285714,-51.14749
B,107.306122,108,-1.0,0.306122,-51.21147
B,107.326531,108,-1.0,0.326531,-51.26493
B,107.346939,108,-1.0,0.346939,-51.31094
B,107.367347,108,-1.0,0.367347,-51.35195
B,107.387755,108,-1.0,0.387755,-51.38994
B,107.408163,108,-1.0,0.408163,-51.42654
B,107.428571,108,-1.0,0.428571,-51.46308
B,107.44898,108,-1.0,0.44898,-51.5007
B,107.469388,108,-1.0,0.469388,-51.54037
B,107.489796,108,-1.0,0.489796,-51.58296
B,107.510204,108,-1.0,0.510204,-51.62922
B,107.530612,108,-1.0,0.530612,-51.67986
B,107.55102,108,-1.0,0.55102,-51.73553
B,107.571429,108,-1.0,0.571429,-51.79685
B,107.591837,108,-1.0,0.591837,-51.86443
B,107.612245,108,-1.0,0.612245,-51.93885
B,107.632653,108,-1.0,0.632653,-52.02071
B,107.653061,108,-1.0,0.653061,-52.11057
B,107.673469,108,-1.0,0.673469,-52.20903
B,107.693878,108,-1.0,0.693878,-52.31668
B,107.714286,108,-1.0,0.714286,-52.43413
B,107.734694,108,-1.0,0.734694,-52.56198
B,107.755102,108,-1.0,0.755102,-52.70085
B,107.77551,108,-1.0,0.77551,-52.8514
B,107.795918,108,-1.0,0.795918,-53.01426
B,107.816327,108,-1.0,0.816327,-53.1901
B,107.836735,108,-1.0,0.836735,-53.37961
B,107.857143,108,-1.0,0.857143,-53.58349
B,107.877551,108,-1.0,0.877551,-53.80244
B,107.897959,108,-1.0,0.897959,-54.03721
B,107.918367,108,-1.0,0.918367,-54.28852
B,107.938776,108,-1.0,0.938776,-54.55715
B,107.959184,108,-1.0,0.959184,-54.84388
B,107.979592,108,-1.0,0.979592,-55.1495
B,108.0,108,-1.0,1.0,-55.47483
B,108.0,109,1.0,0.0,43.02719
B,108.020408,109,1.0,0.020408,45.0115
B,108.040816,109,1.0,0.040816,46.54903
B,108.061224,109,1.0,0.061224,47.74041
B,108.081633,109,1.0,0.081633,48.66362
B,108.102041,109,1.0,0.102041,49.37912
B,108.122449,109,1.0,0.122449,49.9338
B,108.142857,109,1.0,0.142857,50.36401
B,108.163265,109,1.0,0.163265,50.69795
B,108.183673,109,1.0,0.183673,50.95753
B,108.204082,109,1.0,0.204082,51.15976
B,108.22449,109,1.0,0.22449,51.31788
B,108.244898,109,1.0,0.244898,51.4422
B,108.265306,109,1.0,0.265306,51.54075
B,108.285714,109,1.0,0.285714,51.61985
B,108.306122,109,1.0,0.306122,51.68442
B,108.326531,109,1.0,0.326531,51.73837
B,108.346939,109,1.0,0.346939,51.78481
B,108.367347,109,1.0,0.367347,51.8262
B,108.387755,109,1.0,0.387755,51.86454
B,108.408163,109,1.0,0.408163,51.90147
B,108.428571,109,1.0,0.428571,51.93835
B,108.44898,109,1.0,0.44898,51.97632
B,108.469388,109,1.0,0.469388,52.01636
B,108.489796,109,1.0,0.489796,52.05934
B,108.510204,109,1.0,0.510204,52.10603
B,108.530612,109,1.0,0.530612,52.15713
B,108.55102,109,1.0,0.55102,52.21332
B,108.571429,109,1.0,0.571429,52.2752
B,108.591837,109,1.0,0.591837,52.34341
B,108.612245,109,1.0,0.612245,52.41852
B,108.632653,109,1.0,0.632653,52.50113
B,108.653061,109,1.0,0.653061,52.59182
B,108.673469,109,1.0,0.673469,52.69119
B,108.693878,109,1.0,0.693878,52.79984
B,108.714286,109,1.0,0.714286,52.91837
B,108.734694,109,1.0,0.734694,53.0474
B,108.755102,109,1.0,0.755102,53.18756
B,108.77551,109,1.0,0.77551,53.33949
B,108.795918,109,1.0,0.795918,53.50386
B,108.816327,109,1.0,0.816327,53.68133
B,108.836735,109,1.0,0.836735,53.87259
B,108.857143,109,1.0,0.857143,54.07835
B,108.877551,109,1.0,0.877551,54.29932
B,108.897959,109,1.0,0.897959,54.53625
B,108.918367,109,1.0,0.918367,54.78989
B,108.938776,109,1.0,0.938776,55.061
B,108.959184,109,1.0,0.959184,55.35038
B,108.979592,109,1.0,0.979592,55.65882
B,109.0,109,1.0,1.0,55.98715
B,109.0,110,-1.0,0.0,-42.83113
B,109.020408,110,-1.0,0.020408,-44.8064
B,109.040816,110,-1.0,0.040816,-46.33693
B,109.061224,110,-1.0,0.061224,-47.52287
B,109.081633,110,-1.0,0.081633,-48.44188
B,109.102041,110,-1.0,0.102041,-49.15412
B,109.122449,110,-1.0,0.122449,-49.70628
B,109.142857,110,-1.0,0.142857,-50.13452
B,109.163265,110,-1.0,0.163265,-50.46694
B,109.183673,110,-1.0,0.183673,-50.72534
B,109.204082,110,-1.0,0.204082,-50.92665
B,109.22449,110,-1.0,0.22449,-51.08405
B,109.244898,110,-1.0,0.244898,-51.2078
B,109.265306,110,-1.0,0.265306,-51.3059
B,109.285714,110,-1.0,0.285714,-51.38464
B,109.306122,110,-1.0,0.306122,-51.44892
B,109.326531,110,-1.0,0.326531,-51.50262
B,109.346939,110,-1.0,0.346939,-51.54885
B,109.367347,110,-1.0,0.367347,-51.59005
B,109.387755,110,-1.0,0.387755,-51.62821
B,109.408163,110,-1.0,0.408163,-51.66498
B,109.428571,110,-1.0,0.428571,-51.70169
B,109.44898,110,-1.0,0.44898,-51.73948
B,109.469388,110,-1.0,0.469388,-51.77934
B,109.489796,110,-1.0,0.489796,-51.82213
B,109.510204,110,-1.0,0.510204,-51.8686
B,109.530612,110,-1.0,0.530612,-51.91947
B,109.55102,110,-1.0,0.55102,-51.9754
B,109.571429,110,-1.0,0.571429,-52.03701
B,109.591837,110,-1.0,0.591837,-52.1049
B,109.612245,110,-1.0,0.612245,-52.17967
B,109.632653,110,-1.0,0.632653,-52.2619
B,109.653061,110,-1.0,0.653061,-52.35218
B,109.673469,110,-1.0,0.673469,-52.4511
B,109.693878,110,-1.0,0.693878,-52.55925
B,109.714286,110,-1.0,0.714286,-52.67724
B,109.734694,110,-1.0,0.734694,-52.80568
B,109.755102,110,-1.0,0.755102,-52.9452
B,109.77551,110,-1.0,0.77551,-53.09645
B,109.795918,110,-1.0,0.795918,-53.26006
B,109.816327,110,-1.0,0.816327,-53.43672
B,109.836735,110,-1.0,0.836735,-53.62711
B,109.857143,110,-1.0,0.857143,-53.83193
B,109.877551,110,-1.0,0.877551,-54.0519
B,109.897959,110,-1.0,0.897959,-54.28775
B,109.918367,110,-1.0,0.918367,-54.54023
B,109.938776,110,-1.0,0.938776,-54.81011
B,109.959184,110,-1.0,0.959184,-55.09817
B,109.979592,110,-1.0,0.979592,-55.40521
B,110.0,110,-1.0,1.0,-55.73204
B,110.0,111,1.0,0.0,42.6938
B,110.020408,111,1.0,0.020408,44.66274
B,110.040816,111,1.0,0.040816,46.18835
B,110.061224,111,1.0,0.061224,47.3705
B,110.081633,111,1.0,0.081633,48.28656
B,110.102041,111,1.0,0.102041,48.99652
B,110.122449,111,1.0,0.122449,49.5469
B,110.142857,111,1.0,0.142857,49.97377
B,110.163265,111,1.0,0.163265,50.30513
B,110.183673,111,1.0,0.183673,50.5627
B,110.204082,111,1.0,0.204082,50.76336
B,110.22449,111,1.0,0.22449,50.92026
B,110.244898,111,1.0,0.244898,51.04361
B,110.265306,111,1.0,0.265306,51.1414
B,110.285714,111,1.0,0.285714,51.21988
B,110.306122,111,1.0,0.306122,51.28395
B,110.326531,111,1.0,0.326531,51.33749
B,110.346939,111,1.0,0.346939,51.38356
B,110.367347,111,1.0,0.367347,51.42463
B,110.387755,111,1.0,0.387755,51.46267
B,110.408163,111,1.0,0.408163,51.49932
B,110.428571,111,1.0,0.428571,51.53591
B,110.44898,111,1.0,0.44898,51.57359
B,110.469388,111,1.0,0.469388,51.61332
B,110.489796,111,1.0,0.489796,51.65597
B,110.510204,111,1.0,0.510204,51.70229
B,110.530612,111,1.0,0.530612,51.753
B,110.55102,111,1.0,0.55102,51.80875
B,110.571429,111,1.0,0.571429,51.87016
B,110.591837,111,1.0,0.591837,51.93783
B,110.612245,111,1.0,0.612245,52.01236
B,110.632653,111,1.0,0.632653,52.09433
B,110.653061,111,1.0,0.653061,52.18432
B,110.673469,111,1.0,0.673469,52.28292
B,110.693878,111,1.0,0.693878,52.39073
B,110.714286,111,1.0,0.714286,52.50834
B,110.734694,111,1.0,0.734694,52.63637
B,110.755102,111,1.0,0.755102,52.77544
B,110.77551,111,1.0,0.77551,52.9262
B,110.795918,111,1.0,0.795918,53.08929
B,110.816327,111,1.0,0.816327,53.26538
B,110.836735,111,1.0,0.836735,53.45516
B,110.857143,111,1.0,0.857143,53.65933
B,110.877551,111,1.0,0.877551,53.87859
B,110.897959,111,1.0,0.897959,54.11369
B,110.918367,111,1.0,0.918367,54.36536
B,110.938776,111,1.0,0.938776,54.63437
B,110.959184,111,1.0,0.959184,54.9215
B,110.979592,111,1.0,0.979592,55.22756
B,111.0,111,1.0,1.0,55.55335
B,111.0,112,-1.0,0.0,-42.75331
B,111.020408,112,-1.0,0.020408,-44.72499
B,111.040816,112,-1.0,0.040816,-46.25273
B,111.061224,112,-1.0,0.061224,-47.43652
B,111.081633,112,-1.0,0.081633,-48.35386
B,111.102041,112,-1.0,0.102041,-49.06481
B,111.122449,112,-1.0,0.122449,-49.61596
B,111.142857,112,-1.0,0.142857,-50.04342
B,111.163265,112,-1.0,0.163265,-50.37524
B,111.183673,112,-1.0,0.183673,-50.63317
B,111.204082,112,-1.0,0.204082,-50.83412
B,111.22449,112,-1.0,0.22449,-50.99123
B,111.244898,112,-1.0,0.244898,-51.11475
B,111.265306,112,-1.0,0.265306,-51.21268
B,111.285714,112,-1.0,0.285714,-51.29127
B,111.306122,112,-1.0,0.306122,-51.35543
B,111.326531,112,-1.0,0.326531,-51.40904
B,111.346939,112,-1.0,0.346939,-51.45518
B,111.367347,112,-1.0,0.367347,-51.4963
B,111.387755,112,-1.0,0.387755,-51.5344
B,111.408163,112,-1.0,0.408163,-51.5711
B,111.428571,112,-1.0,0.428571,-51.60774
B,111.44898,112,-1.0,0.44898,-51.64547
B,111.469388,112,-1.0,0.469388,-51.68526
B,111.489796,112,-1.0,0.489796,-51.72796
B,111.510204,112,-1.0,0.510204,-51.77435
B,111.530612,112,-1.0,0.530612,-51.82513
B,111.55102,112,-1.0,0.55102,-51.88096
B,111.571429,112,-1.0,0.571429,-51.94245
B,111.591837,112,-1.0,0.591837,-52.01022
B,111.612245,112,-1.0,0.612245,-52.08486
B,111.632653,112,-1.0,0.632653,-52.16694
B,111.653061,112,-1.0,0.653061,-52.25706
B,111.673469,112,-1.0,0.673469,-52.3558
B,111.693878,112,-1.0,0.693878,-52.46375
B,111.714286,112,-1.0,0.714286,-52.58153
B,111.734694,112,-1.0,0.734694,-52.70973
B,111.755102,112,-1.0,0.755102,-52.849
B,111.77551,112,-1.0,0.77551,-52.99997
B,111.795918,112,-1.0,0.795918,-53.16329
B,111.816327,112,-1.0,0.816327,-53.33963
B,111.836735,112,-1.0,0.836735,-53.52967
B,111.857143,112,-1.0,0.857143,-53.73412
B,111.877551,112,-1.0,0.877551,-53.95369
B,111.897959,112,-1.0,0.897959,-54.18911
B,111.918367,112,-1.0,0.918367,-54.44113
B,111.938776,112,-1.0,0.938776,-54.71052
B,111.959184,112,-1.0,0.959184,-54.99805
B,111.979592,112,-1.0,0.979592,-55.30453
B,112.0,112,-1.0,1.0,-55.63078
B,112.0,113,1.0,0.0,43.13116
B,112.020408,113,1.0,0.020408,45.12027
B,112.040816,113,1.0,0.040816,46.66151
B,112.061224,113,1.0,0.061224,47.85577
B,112.081633,113,1.0,0.081633,48.78121
B,112.102041,113,1.0,0.102041,49.49844
B,112.122449,113,1.0,0.122449,50.05446
B,112.142857,113,1.0,0.142857,50.48571
B,112.163265,113,1.0,0.163265,50.82046
B,112.183673,113,1.0,0.183673,51.08067
B,112.204082,113,1.0,0.204082,51.28339
B,112.22449,113,1.0,0.22449,51.44189
B,112.244898,113,1.0,0.244898,51.5665
B,112.265306,113,1.0,0.265306,51.6653
B,112.285714,113,1.0,0.285714,51.74458
B,112.306122,113,1.0,0.306122,51.80931
B,112.326531,113,1.0,0.326531,51.8634
B,112.346939,113,1.0,0.346939,51.90994
B,112.367347,113,1.0,0.367347,51.95143
B,112.387755,113,1.0,0.387755,51.98986
B,112.408163,113,1.0,0.408163,52.02689
B,112.428571,113,1.0,0.428571,52.06385
B,112.44898,113,1.0,0.44898,52.10192
B,112.469388,113,1.0,0.469388,52.14205
B,112.489796,113,1.0,0.489796,52.18514
B,112.510204,113,1.0,0.510204,52.23194
B,112.530612,113,1.0,0.530612,52.28317
B,112.55102,113,1.0,0.55102,52.33948
B,112.571429,113,1.0,0.571429,52.40152
B,112.591837,113,1.0,0.591837,52.46989
B,112.612245,113,1.0,0.612245,52.54518
B,112.632653,113,1.0,0.632653,52.62799
B,112.653061,113,1.0,0.653061,52.71891
B,112.673469,113,1.0,0.673469,52.81852
B,112.693878,113,1.0,0.693878,52.92743
B,112.714286,113,1.0,0.714286,53.04624
B,112.734694,113,1.0,0.734694,53.17558
B,112.755102,113,1.0,0.755102,53.31608
B,112.77551,113,1.0,0.77551,53.46838
B,112.795918,113,1.0,0.795918,53.63314
B,112.816327,113,1.0,0.816327,53.81104
B,112.836735,113,1.0,0.836735,54.00277
B,112.857143,113,1.0,0.857143,54.20902
B,112.877551,113,1.0,0.877551,54.43053
B,112.897959,113,1.0,0.897959,54.66803
B,112.918367,113,1.0,0.918367,54.92228
B,112.938776,113,1.0,0.938776,55.19405
B,112.959184,113,1.0,0.959184,55.48413
B,112.979592,113,1.0,0.979592,55.79331
B,113.0,113,1.0,1.0,56.12244
B,113.0,114,-1.0,0.0,-42.96957
B,113.020408,114,-1.0,0.020408,-44.95122
B,113.040816,114,-1.0,0.040816,-46.48669
B,113.061224,114,-1.0,0.061224,-47.67647
B,113.081633,114,-1.0,0.081633,-48.59845
B,113.102041,114,-1.0,0.102041,-49.31299
B,113.122449,114,-1.0,0.122449,-49.86693
B,113.142857,114,-1.0,0.142857,-50.29656
B,113.163265,114,-1.0,0.163265,-50.63006
B,113.183673,114,-1.0,0.183673,-50.88929
B,113.204082,114,-1.0,0.204082,-51.09125
B,113.22449,114,-1.0,0.22449,-51.24916
B,113.244898,114,-1.0,0.244898,-51.37331
B,113.265306,114,-1.0,0.265306,-51.47173
B,113.285714,114,-1.0,0.285714,-51.55072
B,113.306122,114,-1.0,0.306122,-51.6152
B,113.326531,114,-1.0,0.326531,-51.66909
B,113.346939,114,-1.0,0.346939,-51.71546
B,113.367347,114,-1.0,0.367347,-51.75679
B,113.387755,114,-1.0,0.387755,-51.79508
B,113.408163,114,-1.0,0.408163,-51.83196
B,113.428571,114,-1.0,0.428571,-51.86879
B,113.44898,114,-1.0,0.44898,-51.90671
B,113.469388,114,-1.0,0.469388,-51.9467
B,113.489796,114,-1.0,0.489796,-51.98962
B,113.510204,114,-1.0,0.510204,-52.03625
B,113.530612,114,-1.0,0.530612,-52.08728
B,113.55102,114,-1.0,0.55102,-52.14339
B,113.571429,114,-1.0,0.571429,-52.2052
B,113.591837,114,-1.0,0.591837,-52.27331
B,113.612245,114,-1.0,0.612245,-52.34832
B,113.632653,114,-1.0,0.632653,-52.43082
B,113.653061,114,-1.0,0.653061,-52.52139
B,113.673469,114,-1.0,0.673469,-52.62063
B,113.693878,114,-1.0,0.693878,-52.72913
B,113.714286,114,-1.0,0.714286,-52.8475
B,113.734694,114,-1.0,0.734694,-52.97636
B,113.755102,114,-1.0,0.755102,-53.11633
B,113.77551,114,-1.0,0.77551,-53.26806
B,113.795918,114,-1.0,0.795918,-53.4322
B,113.816327,114,-1.0,0.816327,-53.60943
B,113.836735,114,-1.0,0.836735,-53.80044
B,113.857143,114,-1.0,0.857143,-54.00592
B,113.877551,114,-1.0,0.877551,-54.2266
B,113.897959,114,-1.0,0.897959,-54.46321
B,113.918367,114,-1.0,0.918367,-54.71651
B,113.938776,114,-1.0,0.938776,-54.98726
B,113.959184,114,-1.0,0.959184,-55.27625
B,113.979592,114,-1.0,0.979592,-55.58428
B,114.0,114,-1.0,1.0,-55.91217
B,114.0,115,1.0,0.0,43.17911
B,114.020408,115,1.0,0.020408,45.17043
B,114.040816,115,1.0,0.040816,46.71339
B,114.061224,115,1.0,0.061224,47.90897
B,114.081633,115,1.0,0.081633,48.83544
B,114.102041,115,1.0,0.102041,49.55347
B,114.122449,115,1.0,0.122449,50.11011
B,114.142857,115,1.0,0.142857,50.54184
B,114.163265,115,1.0,0.163265,50.87696
B,114.183673,115,1.0,0.183673,51.13746
B,114.204082,115,1.0,0.204082,51.3404
B,114.22449,115,1.0,0.22449,51.49908
B,114.244898,115,1.0,0.244898,51.62383
B,114.265306,115,1.0,0.265306,51.72274
B,114.285714,115,1.0,0.285714,51.80211
B,114.306122,115,1.0,0.306122,51.86691
B,114.326531,115,1.0,0.326531,51.92106
B,114.346939,115,1.0,0.346939,51.96765
B,114.367347,115,1.0,0.367347,52.00919
B,114.387755,115,1.0,0.387755,52.04766
B,114.408163,115,1.0,0.408163,52.08473
B,114.428571,115,1.0,0.428571,52.12174
B,114.44898,115,1.0,0.44898,52.15984
B,114.469388,115,1.0,0.469388,52.20002
B,114.489796,115,1.0,0.489796,52.24315
B,114.510204,115,1.0,0.510204,52.29001
B,114.530612,115,1.0,0.530612,52.34129
B,114.55102,115,1.0,0.55102,52.39767
B,114.571429,115,1.0,0.571429,52.45978
B,114.591837,115,1.0,0.591837,52.52822
B,114.612245,115,1.0,0.612245,52.6036
B,114.632653,115,1.0,0.632653,52.6865
B,114.653061,115,1.0,0.653061,52.77752
B,114.673469,115,1.0,0.673469,52.87724
B,114.693878,115,1.0,0.693878,52.98627
B,114.714286,115,1.0,0.714286,53.10522
B,114.734694,115,1.0,0.734694,53.2347
B,114.755102,115,1.0,0.755102,53.37535
B,114.77551,115,1.0,0.77551,53.52782
B,114.795918,115,1.0,0.795918,53.69277
B,114.816327,115,1.0,0.816327,53.87087
B,114.836735,115,1.0,0.836735,54.0628
B,114.857143,115,1.0,0.857143,54.26929
B,114.877551,115,1.0,0.877551,54.49104
B,114.897959,115,1.0,0.897959,54.72881
B,114.918367,115,1.0,0.918367,54.98334
B,114.938776,115,1.0,0.938776,55.25541
B,114.959184,115,1.0,0.959184,55.54581
B,114.979592,115,1.0,0.979592,55.85534
B,115.0,115,1.0,1.0,56.18484
B,115.0,116,-1.0,0.0,-43.35262
B,115.020408,116,-1.0,0.020408,-45.35194
B,115.040816,116,-1.0,0.040816,-46.9011
B,115.061224,116,-1.0,0.061224,-48.10149
B,115.081633,116,-1.0,0.081633,-49.03168
B,115.102041,116,-1.0,0.102041,-49.7526
B,115.122449,116,-1.0,0.122449,-50.31147
B,115.142857,116,-1.0,0.142857,-50.74493
B,115.163265,116,-1.0,0.163265,-51.0814
B,115.183673,116,-1.0,0.183673,-51.34295
B,115.204082,116,-1.0,0.204082,-51.54671
B,115.22449,116,-1.0,0.22449,-51.70602
B,115.244898,116,-1.0,0.244898,-51.83128
B,115.265306,116,-1.0,0.265306,-51.93058
B,115.285714,116,-1.0,0.285714,-52.01027
B,115.306122,116,-1.0,0.306122,-52.07533
B,115.326531,116,-1.0,0.326531,-52.12969
B,115.346939,116,-1.0,0.346939,-52.17648
B,115.367347,116,-1.0,0.367347,-52.21818
B,115.387755,116,-1.0,0.387755,-52.25681
B,115.408163,116,-1.0,0.408163,-52.29403
B,115.428571,116,-1.0,0.428571,-52.33118
B,115.44898,116,-1.0,0.44898,-52.36944
B,115.469388,116,-1.0,0.469388,-52.40978
B,115.489796,116,-1.0,0.489796,-52.45309
B,115.510204,116,-1.0,0.510204,-52.50013
B,115.530612,116,-1.0,0.530612,-52.55162
B,115.55102,116,-1.0,0.55102,-52.60823
B,115.571429,116,-1.0,0.571429,-52.67058
B,115.591837,116,-1.0,0.591837,-52.7393
B,115.612245,116,-1.0,0.612245,-52.81498
B,115.632653,116,-1.0,0.632653,-52.89822
B,115.653061,116,-1.0,0.653061,-52.9896
B,115.673469,116,-1.0,0.673469,-53.08972
B,115.693878,116,-1.0,0.693878,-53.19919
B,115.714286,116,-1.0,0.714286,-53.31861
B,115.734694,116,-1.0,0.734694,-53.44862
B,115.755102,116,-1.0,0.755102,-53.58984
B,115.77551,116,-1.0,0.77551,-53.74292
B,115.795918,116,-1.0,0.795918,-53.90853
B,115.816327,116,-1.0,0.816327,-54.08734
B,115.836735,116,-1.0,0.836735,-54.28005
B,115.857143,116,-1.0,0.857143,-54.48736
B,115.877551,116,-1.0,0.877551,-54.71001
B,115.897959,116,-1.0,0.897959,-54.94873
B,115.918367,116,-1.0,0.918367,-55.20429
B,115.938776,116,-1.0,0.938776,-55.47745
B,115.959184,116,-1.0,0.959184,-55.76902
B,115.979592,116,-1.0,0.979592,-56.07979
B,116.0,116,-1.0,1.0,-56.41061
B,116.0,117,1.0,0.0,43.22878
B,116.020408,117,1.0,0.020408,45.22239
B,116.040816,117,1.0,0.040816,46.76712
B,116.061224,117,1.0,0.061224,47.96408
B,116.081633,117,1.0,0.081633,48.89161
B,116.102041,117,1.0,0.102041,49.61047
B,116.122449,117,1.0,0.122449,50.16775
B,116.142857,117,1.0,0.142857,50.59997
B,116.163265,117,1.0,0.163265,50.93548
B,116.183673,117,1.0,0.183673,51.19627
B,116.204082,117,1.0,0.204082,51.39945
B,116.22449,117,1.0,0.22449,51.55831
B,116.244898,117,1.0,0.244898,51.68321
B,116.265306,117,1.0,0.265306,51.78223
B,116.285714,117,1.0,0.285714,51.86169
B,116.306122,117,1.0,0.306122,51.92657
B,116.326531,117,1.0,0.326531,51.98077
B,116.346939,117,1.0,0.346939,52.02743
B,116.367347,117,1.0,0.367347,52.06901
B,116.387755,117,1.0,0.387755,52.10753
B,116.408163,117,1.0,0.408163,52.14464
B,116.428571,117,1.0,0.428571,52.18169
B,116.44898,117,1.0,0.44898,52.21983
B,116.469388,117,1.0,0.469388,52.26006
B,116.489796,117,1.0,0.489796,52.30324
B,116.510204,117,1.0,0.510204,52.35015
B,116.530612,117,1.0,0.530612,52.40149
B,116.55102,117,1.0,0.55102,52.45794
B,116.571429,117,1.0,0.571429,52.52012
B,116.591837,117,1.0,0.591837,52.58864
B,116.612245,117,1.0,0.612245,52.66411
B,116.632653,117,1.0,0.632653,52.7471
B,116.653061,117,1.0,0.653061,52.83822
B,116.673469,117,1.0,0.673469,52.93806
B,116.693878,117,1.0,0.693878,53.04721
B,116.714286,117,1.0,0.714286,53.1663
B,116.734694,117,1.0,0.734694,53.29593
B,116.755102,117,1.0,0.755102,53.43675
B,116.77551,117,1.0,0.77551,53.58939
B,116.795918,117,1.0,0.795918,53.75453
B,116.816327,117,1.0,0.816327,53.93283
B,116.836735,117,1.0,0.836735,54.12499
B,116.857143,117,1.0,0.857143,54.33171
B,116.877551,117,1.0,0.877551,54.55372
B,116.897959,117,1.0,0.897959,54.79176
B,116.918367,117,1.0,0.918367,55.04658
B,116.938776,117,1.0,0.938776,55.31897
B,116.959184,117,1.0,0.959184,55.6097
B,116.979592,117,1.0,0.979592,55.91959
B,117.0,117,1.0,1.0,56.24946
B,117.0,118,-1.0,0.0,-42.94178
B,117.020408,118,-1.0,0.020408,-44.92215
B,117.040816,118,-1.0,0.040816,-46.45663
B,117.061224,118,-1.0,0.061224,-47.64564
B,117.081633,118,-1.0,0.081633,-48.56702
B,117.102041,118,-1.0,0.102041,-49.28111
B,117.122449,118,-1.0,0.122449,-49.83468
B,117.142857,118,-1.0,0.142857,-50.26404
B,117.163265,118,-1.0,0.163265,-50.59732
B,117.183673,118,-1.0,0.183673,-50.85638
B,117.204082,118,-1.0,0.204082,-51.05821
B,117.22449,118,-1.0,0.22449,-51.21602
B,117.244898,118,-1.0,0.244898,-51.34009
B,117.265306,118,-1.0,0.265306,-51.43844
B,117.285714,118,-1.0,0.285714,-51.51738
B,117.306122,118,-1.0,0.306122,-51.58183
B,117.326531,118,-1.0,0.326531,-51.63567
B,117.346939,118,-1.0,0.346939,-51.68201
B,117.367347,118,-1.0,0.367347,-51.72332
B,117.387755,118,-1.0,0.387755,-51.76159
B,117.408163,118,-1.0,0.408163,-51.79845
B,117.428571,118,-1.0,0.428571,-51.83525
B,117.44898,118,-1.0,0.44898,-51.87315
B,117.469388,118,-1.0,0.469388,-51.91311
B,117.489796,118,-1.0,0.489796,-51.956
B,117.510204,118,-1.0,0.510204,-52.0026
B,117.530612,118,-1.0,0.530612,-52.0536
B,117.55102,118,-1.0,0.55102,-52.10967
B,117.571429,118,-1.0,0.571429,-52.17144
B,117.591837,118,-1.0,0.591837,-52.23951
B,117.612245,118,-1.0,0.612245,-52.31447
B,117.632653,118,-1.0,0.632653,-52.39691
B,117.653061,118,-1.0,0.653061,-52.48743
B,117.673469,118,-1.0,0.673469,-52.5866
B,117.693878,118,-1.0,0.693878,-52.69503
B,117.714286,118,-1.0,0.714286,-52.81333
B,117.734694,118,-1.0,0.734694,-52.9421
B,117.755102,118,-1.0,0.755102,-53.08198
B,117.77551,118,-1.0,0.77551,-53.23361
B,117.795918,118,-1.0,0.795918,-53.39765
B,117.816327,118,-1.0,0.816327,-53.57477
B,117.836735,118,-1.0,0.836735,-53.76565
B,117.857143,118,-1.0,0.857143,-53.971
B,117.877551,118,-1.0,0.877551,-54.19154
B,117.897959,118,-1.0,0.897959,-54.428
B,117.918367,118,-1.0,0.918367,-54.68113
B,117.938776,118,-1.0,0.938776,-54.9517
B,117.959184,118,-1.0,0.959184,-55.2405
B,117.979592,118,-1.0,0.979592,-55.54834
B,118.0,118,-1.0,1.0,-55.87602
B,118.0,119,1.0,0.0,42.88392
B,118.020408,119,1.0,0.020408,44.86163
B,118.040816,119,1.0,0.040816,46.39404
B,118.061224,119,1.0,0.061224,47.58144
B,118.081633,119,1.0,0.081633,48.50158
B,118.102041,119,1.0,0.102041,49.21471
B,118.122449,119,1.0,0.122449,49.76754
B,118.142857,119,1.0,0.142857,50.19631
B,118.163265,119,1.0,0.163265,50.52914
B,118.183673,119,1.0,0.183673,50.78786
B,118.204082,119,1.0,0.204082,50.98942
B,118.22449,119,1.0,0.22449,51.14701
B,118.244898,119,1.0,0.244898,51.27091
B,118.265306,119,1.0,0.265306,51.36914
B,118.285714,119,1.0,0.285714,51.44797
B,118.306122,119,1.0,0.306122,51.51232
B,118.326531,119,1.0,0.326531,51.5661
B,118.346939,119,1.0,0.346939,51.61238
B,118.367347,119,1.0,0.367347,51.65363
B,118.387755,119,1.0,0.387755,51.69184
B,118.408163,119,1.0,0.408163,51.72865
B,118.428571,119,1.0,0.428571,51.76541
B,118.44898,119,1.0,0.44898,51.80325
B,118.469388,119,1.0,0.469388,51.84316
B,118.489796,119,1.0,0.489796,51.886
B,118.510204,119,1.0,0.510204,51.93253
B,118.530612,119,1.0,0.530612,51.98346
B,118.55102,119,1.0,0.55102,52.03946
B,118.571429,119,1.0,0.571429,52.10114
B,118.591837,119,1.0,0.591837,52.16912
B,118.612245,119,1.0,0.612245,52.24398
B,118.632653,119,1.0,0.632653,52.32631
B,118.653061,119,1.0,0.653061,52.41671
B,118.673469,119,1.0,0.673469,52.51575
B,118.693878,119,1.0,0.693878,52.62403
B,118.714286,119,1.0,0.714286,52.74217
B,118.734694,119,1.0,0.734694,52.87076
B,118.755102,119,1.0,0.755102,53.01046
B,118.77551,119,1.0,0.77551,53.16189
B,118.795918,119,1.0,0.795918,53.3257
B,118.816327,119,1.0,0.816327,53.50258
B,118.836735,119,1.0,0.836735,53.69321
B,118.857143,119,1.0,0.857143,53.89828
B,118.877551,119,1.0,0.877551,54.11852
B,118.897959,119,1.0,0.897959,54.35466
B,118.918367,119,1.0,0.918367,54.60745
B,118.938776,119,1.0,0.938776,54.87766
B,118.959184,119,1.0,0.959184,55.16607
B,118.979592,119,1.0,0.979592,55.47349
B,119.0,119,1.0,1.0,55.80073
B,119.0,120,-1.0,0.0,-42.52092
B,119.020408,120,-1.0,0.020408,-44.48189
B,119.040816,120,-1.0,0.040816,-46.00133
B,119.061224,120,-1.0,0.061224,-47.17869
B,119.081633,120,-1.0,0.081633,-48.09103
B,119.102041,120,-1.0,0.102041,-48.79812
B,119.122449,120,-1.0,0.122449,-49.34627
B,119.142857,120,-1.0,0.142857,-49.77142
B,119.163265,120,-1.0,0.163265,-50.10143
B,119.183673,120,-1.0,0.183673,-50.35796
B,119.204082,120,-1.0,0.204082,-50.55781
B,119.22449,120,-1.0,0.22449,-50.71407
B,119.244898,120,-1.0,0.244898,-50.83692
B,119.265306,120,-1.0,0.265306,-50.93432
B,119.285714,120,-1.0,0.285714,-51.01248
B,119.306122,120,-1.0,0.306122,-51.07629
B,119.326531,120,-1.0,0.326531,-51.12961
B,119.346939,120,-1.0,0.346939,-51.1755
B,119.367347,120,-1.0,0.367347,-51.2164
B,119.387755,120,-1.0,0.387755,-51.25429
B,119.408163,120,-1.0,0.408163,-51.29079
B,119.428571,120,-1.0,0.428571,-51.32724
B,119.44898,120,-1.0,0.44898,-51.36476
B,119.469388,120,-1.0,0.469388,-51.40433
B,119.489796,120,-1.0,0.489796,-51.4468
B,119.510204,120,-1.0,0.510204,-51.49294
B,119.530612,120,-1.0,0.530612,-51.54344
B,119.55102,120,-1.0,0.55102,-51.59897
B,119.571429,120,-1.0,0.571429,-51.66013
B,119.591837,120,-1.0,0.591837,-51.72753
B,119.612245,120,-1.0,0.612245,-51.80175
B,119.632653,120,-1.0,0.632653,-51.88339
B,119.653061,120,-1.0,0.653061,-51.97302
B,119.673469,120,-1.0,0.673469,-52.07122
B,119.693878,120,-1.0,0.693878,-52.17859
B,119.714286,120,-1.0,0.714286,-52.29572
B,119.734694,120,-1.0,0.734694,-52.42323
B,119.755102,120,-1.0,0.755102,-52.56174
B,119.77551,120,-1.0,0.77551,-52.71189
B,119.795918,120,-1.0,0.795918,-52.87432
B,119.816327,120,-1.0,0.816327,-53.0497
B,119.836735,120,-1.0,0.836735,-53.23871
B,119.857143,120,-1.0,0.857143,-53.44205
B,119.877551,120,-1.0,0.877551,-53.66043
B,119.897959,120,-1.0,0.897959,-53.89457
B,119.918367,120,-1.0,0.918367,-54.14522
B,119.938776,120,-1.0,0.938776,-54.41314
B,119.959184,120,-1.0,0.959184,-54.69911
B,119.979592,120,-1.0,0.979592,-55.00393
B,120.0,120,-1.0,1.0,-55.3284
B,120.0,121,1.0,0.0,42.51773
B,120.020408,121,1.0,0.020408,44.47855
B,120.040816,121,1.0,0.040816,45.99787
B,120.061224,121,1.0,0.061224,47.17514
B,120.081633,121,1.0,0.081633,48.08742
B,120.102041,121,1.0,0.102041,48.79446
B,120.122449,121,1.0,0.122449,49.34257
B,120.142857,121,1.0,0.142857,49.76768
B,120.163265,121,1.0,0.163265,50.09767
B,120.183673,121,1.0,0.183673,50.35418
B,120.204082,121,1.0,0.204082,50.55401
B,120.22449,121,1.0,0.22449,50.71026
B,120.244898,121,1.0,0.244898,50.8331
B,120.265306,121,1.0,0.265306,50.93049
B,120.285714,121,1.0,0.285714,51.00865
B,120.306122,121,1.0,0.306122,51.07246
B,120.326531,121,1.0,0.326531,51.12577
B,120.346939,121,1.0,0.346939,51.17166
B,120.367347,121,1.0,0.367347,51.21255
B,120.387755,121,1.0,0.387755,51.25044
B,120.408163,121,1.0,0.408163,51.28694
B,120.428571,121,1.0,0.428571,51.32338
B,120.44898,121,1.0,0.44898,51.3609
B,120.469388,121,1.0,0.469388,51.40047
B,120.489796,121,1.0,0.489796,51.44294
B,120.510204,121,1.0,0.510204,51.48907
B,120.530612,121,1.0,0.530612,51.53957
B,120.55102,121,1.0,0.55102,51.59509
B,120.571429,121,1.0,0.571429,51.65625
B,120.591837,121,1.0,0.591837,51.72364
B,120.612245,121,1.0,0.612245,51.79786
B,120.632653,121,1.0,0.632653,51.87949
B,120.653061,121,1.0,0.653061,51.96912
B,120.673469,121,1.0,0.673469,52.06731
B,120.693878,121,1.0,0.693878,52.17467
B,120.714286,121,1.0,0.714286,52.2918
B,120.734694,121,1.0,0.734694,52.4193
B,120.755102,121,1.0,0.755102,52.5578
B,120.77551,121,1.0,0.77551,52.70793
B,120.795918,121,1.0,0.795918,52.87035
B,120.816327,121,1.0,0.816327,53.04572
B,120.836735,121,1.0,0.836735,53.23472
B,120.857143,121,1.0,0.857143,53.43804
B,120.877551,121,1.0,0.877551,53.6564
B,120.897959,121,1.0,0.897959,53.89052
B,120.918367,121,1.0,0.918367,54.14115
B,120.938776,121,1.0,0.938776,54.40906
B,120.959184,121,1.0,0.959184,54.69501
B,120.979592,121,1.0,0.979592,54.9998
B,121.0,121,1.0,1.0,55.32424
B,121.0,122,-1.0,0.0,-43.14639
B,121.020408,122,-1.0,0.020408,-45.1362
B,121.040816,122,-1.0,0.040816,-46.67799
B,121.061224,122,-1.0,0.061224,-47.87266
B,121.081633,122,-1.0,0.081633,-48.79843
B,121.102041,122,-1.0,0.102041,-49.51592
B,121.122449,122,-1.0,0.122449,-50.07214
B,121.142857,122,-1.0,0.142857,-50.50353
B,121.163265,122,-1.0,0.163265,-50.8384
B,121.183673,122,-1.0,0.183673,-51.0987
B,121.204082,122,-1.0,0.204082,-51.3015
B,121.22449,122,-1.0,0.22449,-51.46005
B,121.244898,122,-1.0,0.244898,-51.58471
B,121.265306,122,-1.0,0.265306,-51.68354
B,121.285714,122,-1.0,0.285714,-51.76285
B,121.306122,122,-1.0,0.306122,-51.8276
B,121.326531,122,-1.0,0.326531,-51.88171
B,121.346939,122,-1.0,0.346939,-51.92827
B,121.367347,122,-1.0,0.367347,-51.96977
B,121.387755,122,-1.0,0.387755,-52.00822
B,121.408163,122,-1.0,0.408163,-52.04526
B,121.428571,122,-1.0,0.428571,-52.08224
B,121.44898,122,-1.0,0.44898,-52.12031
B,121.469388,122,-1.0,0.469388,-52.16046
B,121.489796,122,-1.0,0.489796,-52.20356
B,121.510204,122,-1.0,0.510204,-52.25038
B,121.530612,122,-1.0,0.530612,-52.30163
B,121.55102,122,-1.0,0.55102,-52.35796
B,121.571429,122,-1.0,0.571429,-52.42002
B,121.591837,122,-1.0,0.591837,-52.48842
B,121.612245,122,-1.0,0.612245,-52.56374
B,121.632653,122,-1.0,0.632653,-52.64657
B,121.653061,122,-1.0,0.653061,-52.73752
B,121.673469,122,-1.0,0.673469,-52.83717
B,121.693878,122,-1.0,0.693878,-52.94611
B,121.714286,122,-1.0,0.714286,-53.06497
B,121.734694,122,-1.0,0.734694,-53.19436
B,121.755102,122,-1.0,0.755102,-53.33491
B,121.77551,122,-1.0,0.77551,-53.48726
B,121.795918,122,-1.0,0.795918,-53.65208
B,121.816327,122,-1.0,0.816327,-53.83004
B,121.836735,122,-1.0,0.836735,-54.02183
B,121.857143,122,-1.0,0.857143,-54.22816
B,121.877551,122,-1.0,0.877551,-54.44975
B,121.897959,122,-1.0,0.897959,-54.68733
B,121.918367,122,-1.0,0.918367,-54.94167
B,121.938776,122,-1.0,0.938776,-55.21354
B,121.959184,122,-1.0,0.959184,-55.50372
B,121.979592,122,-1.0,0.979592,-55.81301
B,122.0,122,-1.0,1.0,-56.14226
B,122.0,123,1.0,0.0,43.32073
B,122.020408,123,1.0,0.020408,45.31858
B,122.040816,123,1.0,0.040816,46.8666
B,122.061224,123,1.0,0.061224,48.0661
B,122.081633,123,1.0,0.081633,48.99561
B,122.102041,123,1.0,0.102041,49.716
B,122.122449,123,1.0,0.122449,50.27446
B,122.142857,123,1.0,0.142857,50.7076
B,122.163265,123,1.0,0.163265,51.04382
B,122.183673,123,1.0,0.183673,51.30517
B,122.204082,123,1.0,0.204082,51.50878
B,122.22449,123,1.0,0.22449,51.66798
B,122.244898,123,1.0,0.244898,51.79314
B,122.265306,123,1.0,0.265306,51.89237
B,122.285714,123,1.0,0.285714,51.972
B,122.306122,123,1.0,0.306122,52.03702
B,122.326531,123,1.0,0.326531,52.09134
B,122.346939,123,1.0,0.346939,52.13809
B,122.367347,123,1.0,0.367347,52.17976
B,122.387755,123,1.0,0.387755,52.21837
B,122.408163,123,1.0,0.408163,52.25555
B,122.428571,123,1.0,0.428571,52.29268
B,122.44898,123,1.0,0.44898,52.33091
B,122.469388,123,1.0,0.469388,52.37122
B,122.489796,123,1.0,0.489796,52.4145
B,122.510204,123,1.0,0.510204,52.4615
B,122.530612,123,1.0,0.530612,52.51296
B,122.55102,123,1.0,0.55102,52.56952
B,122.571429,123,1.0,0.571429,52.63183
B,122.591837,123,1.0,0.591837,52.7005
B,122.612245,123,1.0,0.612245,52.77613
B,122.632653,123,1.0,0.632653,52.8593
B,122.653061,123,1.0,0.653061,52.95061
B,122.673469,123,1.0,0.673469,53.05066
B,122.693878,123,1.0,0.693878,53.16005
B,122.714286,123,1.0,0.714286,53.27939
B,122.734694,123,1.0,0.734694,53.4093
B,122.755102,123,1.0,0.755102,53.55041
B,122.77551,123,1.0,0.77551,53.70338
B,122.795918,123,1.0,0.795918,53.86887
B,122.816327,123,1.0,0.816327,54.04755
B,122.836735,123,1.0,0.836735,54.24011
B,122.857143,123,1.0,0.857143,54.44728
B,122.877551,123,1.0,0.877551,54.66976
B,122.897959,123,1.0,0.897959,54.9083
B,122.918367,123,1.0,0.918367,55.16367
B,122.938776,123,1.0,0.938776,55.43663
B,122.959184,123,1.0,0.959184,55.72798
B,122.979592,123,1.0,0.979592,56.03853
B,123.0,123,1.0,1.0,56.36911
B,123.0,124,-1.0,0.0,-43.4884
B,123.020408,124,-1.0,0.020408,-45.49399
B,123.040816,124,-1.0,0.040816,-47.048
B,123.061224,124,-1.0,0.061224,-48.25214
B,123.081633,124,-1.0,0.081633,-49.18525
B,123.102041,124,-1.0,0.102041,-49.90842
B,123.122449,124,-1.0,0.122449,-50.46905
B,123.142857,124,-1.0,0.142857,-50.90387
B,123.163265,124,-1.0,0.163265,-51.24139
B,123.183673,124,-1.0,0.183673,-51.50375
B,123.204082,124,-1.0,0.204082,-51.70815
B,123.22449,124,-1.0,0.22449,-51.86797
B,123.244898,124,-1.0,0.244898,-51.99361
B,123.265306,124,-1.0,0.265306,-52.09322
B,123.285714,124,-1.0,0.285714,-52.17316
B,123.306122,124,-1.0,0.306122,-52.23843
B,123.326531,124,-1.0,0.326531,-52.29296
B,123.346939,124,-1.0,0.346939,-52.33989
B,123.367347,124,-1.0,0.367347,-52.38173
B,123.387755,124,-1.0,0.387755,-52.42048
B,123.408163,124,-1.0,0.408163,-52.45781
B,123.428571,124,-1.0,0.428571,-52.49508
B,123.44898,124,-1.0,0.44898,-52.53346
B,123.469388,124,-1.0,0.469388,-52.57393
B,123.489796,124,-1.0,0.489796,-52.61737
B,123.510204,124,-1.0,0.510204,-52.66456
B,123.530612,124,-1.0,0.530612,-52.71621
B,123.55102,124,-1.0,0.55102,-52.773
B,123.571429,124,-1.0,0.571429,-52.83555
B,123.591837,124,-1.0,0.591837,-52.90448
B,123.612245,124,-1.0,0.612245,-52.9804
B,123.632653,124,-1.0,0.632653,-53.06389
B,123.653061,124,-1.0,0.653061,-53.15556
B,123.673469,124,-1.0,0.673469,-53.256
B,123.693878,124,-1.0,0.693878,-53.36581
B,123.714286,124,-1.0,0.714286,-53.48561
B,123.734694,124,-1.0,0.734694,-53.61602
B,123.755102,124,-1.0,0.755102,-53.75768
B,123.77551,124,-1.0,0.77551,-53.91124
B,123.795918,124,-1.0,0.795918,-54.07737
B,123.816327,124,-1.0,0.816327,-54.25674
B,123.836735,124,-1.0,0.836735,-54.45005
B,123.857143,124,-1.0,0.857143,-54.65802
B,123.877551,124,-1.0,0.877551,-54.88136
B,123.897959,124,-1.0,0.897959,-55.12083
B,123.918367,124,-1.0,0.918367,-55.37718
B,123.938776,124,-1.0,0.938776,-55.6512
B,123.959184,124,-1.0,0.959184,-55.94368
B,123.979592,124,-1.0,0.979592,-56.25543
B,124.0,124,-1.0,1.0,-56.58729
B,124.0,125,1.0,0.0,43.72538
B,124.020408,125,1.0,0.020408,45.74189
B,124.040816,125,1.0,0.040816,47.30437
B,124.061224,125,1.0,0.061224,48.51507
B,124.081633,125,1.0,0.081633,49.45327
B,124.102041,125,1.0,0.102041,50.18038
B,124.122449,125,1.0,0.122449,50.74406
B,124.142857,125,1.0,0.142857,51.18125
B,124.163265,125,1.0,0.163265,51.52061
B,124.183673,125,1.0,0.183673,51.7844
B,124.204082,125,1.0,0.204082,51.98992
B,124.22449,125,1.0,0.22449,52.1506
B,124.244898,125,1.0,0.244898,52.27693
B,124.265306,125,1.0,0.265306,52.37709
B,124.285714,125,1.0,0.285714,52.45746
B,124.306122,125,1.0,0.306122,52.52309
B,124.326531,125,1.0,0.326531,52.57792
B,124.346939,125,1.0,0.346939,52.6251
B,124.367347,125,1.0,0.367347,52.66716
B,124.387755,125,1.0,0.387755,52.70613
B,124.408163,125,1.0,0.408163,52.74366
B,124.428571,125,1.0,0.428571,52.78114
B,124.44898,125,1.0,0.44898,52.81972
B,124.469388,125,1.0,0.469388,52.86041
B,124.489796,125,1.0,0.489796,52.90409
B,124.510204,125,1.0,0.510204,52.95153
B,124.530612,125,1.0,0.530612,53.00347
B,124.55102,125,1.0,0.55102,53.06056
B,124.571429,125,1.0,0.571429,53.12346
B,124.591837,125,1.0,0.591837,53.19277
B,124.612245,125,1.0,0.612245,53.2691
B,124.632653,125,1.0,0.632653,53.35305
B,124.653061,125,1.0,0.653061,53.44521
B,124.673469,125,1.0,0.673469,53.5462
B,124.693878,125,1.0,0.693878,53.65661
B,124.714286,125,1.0,0.714286,53.77706
B,124.734694,125,1.0,0.734694,53.90818
B,124.755102,125,1.0,0.755102,54.05061
B,124.77551,125,1.0,0.77551,54.20501
B,124.795918,125,1.0,0.795918,54.37205
B,124.816327,125,1.0,0.816327,54.55239
B,124.836735,125,1.0,0.836735,54.74676
B,124.857143,125,1.0,0.857143,54.95586
B,124.877551,125,1.0,0.877551,55.18042
B,124.897959,125,1.0,0.897959,55.42119
B,124.918367,125,1.0,0.918367,55.67894
B,124.938776,125,1.0,0.938776,55.95446
B,124.959184,125,1.0,0.959184,56.24853
B,124.979592,125,1.0,0.979592,56.56198
B,125.0,125,1.0,1.0,56.89564
B,125.0,126,-1.0,0.0,-43.75352
B,125.020408,126,-1.0,0.020408,-45.77133
B,125.040816,126,-1.0,0.040816,-47.33481
B,125.061224,126,-1.0,0.061224,-48.5463
B,125.081633,126,-1.0,0.081633,-49.48509
B,125.102041,126,-1.0,0.102041,-50.21268
B,125.122449,126,-1.0,0.122449,-50.77672
B,125.142857,126,-1.0,0.142857,-51.21419
B,125.163265,126,-1.0,0.163265,-51.55377
B,125.183673,126,-1.0,0.183673,-51.81773
B,125.204082,126,-1.0,0.204082,-52.02338
B,125.22449,126,-1.0,0.22449,-52.18416
B,125.244898,126,-1.0,0.244898,-52.31058
B,125.265306,126,-1.0,0.265306,-52.4108
B,125.285714,126,-1.0,0.285714,-52.49122
B,125.306122,126,-1.0,0.306122,-52.55689
B,125.326531,126,-1.0,0.326531,-52.61175
B,125.346939,126,-1.0,0.346939,-52.65897
B,125.367347,126,-1.0,0.367347,-52.70106
B,125.387755,126,-1.0,0.387755,-52.74005
B,125.408163,126,-1.0,0.408163,-52.7776
B,125.428571,126,-1.0,0.428571,-52.8151
B,125.44898,126,-1.0,0.44898,-52.85371
B,125.469388,126,-1.0,0.469388,-52.89443
B,125.489796,126,-1.0,0.489796,-52.93814
B,125.510204,126,-1.0,0.510204,-52.98561
B,125.530612,126,-1.0,0.530612,-53.03758
B,125.55102,126,-1.0,0.55102,-53.09471
B,125.571429,126,-1.0,0.571429,-53.15764
B,125.591837,126,-1.0,0.591837,-53.227
B,125.612245,126,-1.0,0.612245,-53.30338
B,125.632653,126,-1.0,0.632653,-53.38738
B,125.653061,126,-1.0,0.653061,-53.47961
B,125.673469,126,-1.0,0.673469,-53.58065
B,125.693878,126,-1.0,0.693878,-53.69114
B,125.714286,126,-1.0,0.714286,-53.81167
B,125.734694,126,-1.0,0.734694,-53.94287
B,125.755102,126,-1.0,0.755102,-54.0854
B,125.77551,126,-1.0,0.77551,-54.2399
B,125.795918,126,-1.0,0.795918,-54.40704
B,125.816327,126,-1.0,0.816327,-54.5875
B,125.836735,126,-1.0,0.836735,-54.78199
B,125.857143,126,-1.0,0.857143,-54.99122
B,125.877551,126,-1.0,0.877551,-55.21593
B,125.897959,126,-1.0,0.897959,-55.45686
B,125.918367,126,-1.0,0.918367,-55.71478
B,125.938776,126,-1.0,0.938776,-55.99046
B,125.959184,126,-1.0,0.959184,-56.28473
B,125.979592,126,-1.0,0.979592,-56.59838
B,126.0,126,-1.0,1.0,-56.93225
B,126.0,127,1.0,0.0,43.83898
B,126.020408,127,1.0,0.020408,45.86073
B,126.040816,127,1.0,0.040816,47.42727
B,126.061224,127,1.0,0.061224,48.64112
B,126.081633,127,1.0,0.081633,49.58175
B,126.102041,127,1.0,0.102041,50.31075
B,126.122449,127,1.0,0.122449,50.87589
B,126.142857,127,1.0,0.142857,51.31422
B,126.163265,127,1.0,0.163265,51.65446
B,126.183673,127,1.0,0.183673,51.91894
B,126.204082,127,1.0,0.204082,52.12499
B,126.22449,127,1.0,0.22449,52.28609
B,126.244898,127,1.0,0.244898,52.41275
B,126.265306,127,1.0,0.265306,52.51316
B,126.285714,127,1.0,0.285714,52.59375
B,126.306122,127,1.0,0.306122,52.65954
B,126.326531,127,1.0,0.326531,52.71451
B,126.346939,127,1.0,0.346939,52.76182
B,126.367347,127,1.0,0.367347,52.80399
B,126.387755,127,1.0,0.387755,52.84306
B,126.408163,127,1.0,0.408163,52.88069
B,126.428571,127,1.0,0.428571,52.91826
B,126.44898,127,1.0,0.44898,52.95695
B,126.469388,127,1.0,0.469388,52.99775
B,126.489796,127,1.0,0.489796,53.04153
B,126.510204,127,1.0,0.510204,53.0891
B,126.530612,127,1.0,0.530612,53.14117
B,126.55102,127,1.0,0.55102,53.19841
B,126.571429,127,1.0,0.571429,53.26147
B,126.591837,127,1.0,0.591837,53.33096
B,126.612245,127,1.0,0.612245,53.40749
B,126.632653,127,1.0,0.632653,53.49166
B,126.653061,127,1.0,0.653061,53.58406
B,126.673469,127,1.0,0.673469,53.68531
B,126.693878,127,1.0,0.693878,53.79601
B,126.714286,127,1.0,0.714286,53.91677
B,126.734694,127,1.0,0.734694,54.04823
B,126.755102,127,1.0,0.755102,54.19104
B,126.77551,127,1.0,0.77551,54.34584
B,126.795918,127,1.0,0.795918,54.5133
B,126.816327,127,1.0,0.816327,54.69412
B,126.836735,127,1.0,0.836735,54.88899
B,126.857143,127,1.0,0.857143,55.09863
B,126.877551,127,1.0,0.877551,55.32378
B,126.897959,127,1.0,0.897959,55.56518
B,126.918367,127,1.0,0.918367,55.8236
B,126.938776,127,1.0,0.938776,56.09983
B,126.959184,127,1.0,0.959184,56.39466
B,126.979592,127,1.0,0.979592,56.70893
B,127.0,127,1.0,1.0,57.04345
B,127.0,128,-1.0,0.0,-43.75969
B,127.020408,128,-1.0,0.020408,-45.77779
B,127.040816,128,-1.0,0.040816,-47.34149
B,127.061224,128,-1.0,0.061224,-48.55315
B,127.081633,128,-1.0,0.081633,-49.49208
B,127.102041,128,-1.0,0.102041,-50.21977
B,127.122449,128,-1.0,0.122449,-50.78389
B,127.142857,128,-1.0,0.142857,-51.22142
B,127.163265,128,-1.0,0.163265,-51.56105
B,127.183673,128,-1.0,0.183673,-51.82505
B,127.204082,128,-1.0,0.204082,-52.03072
B,127.22449,128,-1.0,0.22449,-52.19153
B,127.244898,128,-1.0,0.244898,-52.31796
B,127.265306,128,-1.0,0.265306,-52.4182
B,127.285714,128,-1.0,0.285714,-52.49863
B,127.306122,128,-1.0,0.306122,-52.56431
B,127.326531,128,-1.0,0.326531,-52.61918
B,127.346939,128,-1.0,0.346939,-52.66641
B,127.367347,128,-1.0,0.367347,-52.7085
B,127.387755,128,-1.0,0.387755,-52.74749
B,127.408163,128,-1.0,0.408163,-52.78505
B,127.428571,128,-1.0,0.428571,-52.82256
B,127.44898,128,-1.0,0.44898,-52.86118
B,127.469388,128,-1.0,0.469388,-52.9019
B,127.489796,128,-1.0,0.489796,-52.94561
B,127.510204,128,-1.0,0.510204,-52.99309
B,127.530612,128,-1.0,0.530612,-53.04507
B,127.55102,128,-1.0,0.55102,-53.10221
B,127.571429,128,-1.0,0.571429,-53.16515
B,127.591837,128,-1.0,0.591837,-53.23451
B,127.612245,128,-1.0,0.612245,-53.3109
B,127.632653,128,-1.0,0.632653,-53.39492
B,127.653061,128,-1.0,0.653061,-53.48716
B,127.673469,128,-1.0,0.673469,-53.58822
B,127.693878,128,-1.0,0.693878,-53.69872
B,127.714286,128,-1.0,0.714286,-53.81926
B,127.734694,128,-1.0,0.734694,-53.95049
B,127.755102,128,-1.0,0.755102,-54.09304
B,127.77551,128,-1.0,0.77551,-54.24756
B,127.795918,128,-1.0,0.795918,-54.41472
B,127.816327,128,-1.0,0.816327,-54.59521
B,127.836735,128,-1.0,0.836735,-54.78973
B,127.857143,128,-1.0,0.857143,-54.99899
B,127.877551,128,-1.0,0.877551,-55.22373
B,127.897959,128,-1.0,0.897959,-55.46469
B,127.918367,128,-1.0,0.918367,-55.72264
B,127.938776,128,-1.0,0.938776,-55.99837
B,127.959184,128,-1.0,0.959184,-56.29267
B,127.979592,128,-1.0,0.979592,-56.60637
B,128.0,128,-1.0,1.0,-56.94029
B,128.0,129,1.0,0.0,43.73328
B,128.020408,129,1.0,0.020408,45.75015
B,128.040816,129,1.0,0.040816,47.31291
B,128.061224,129,1.0,0.061224,48.52384
B,128.081633,129,1.0,0.081633,49.4622
B,128.102041,129,1.0,0.102041,50.18945
B,128.122449,129,1.0,0.122449,50.75323
B,128.142857,129,1.0,0.142857,51.19049
B,128.163265,129,1.0,0.163265,51.52992
B,128.183673,129,1.0,0.183673,51.79376
B,128.204082,129,1.0,0.204082,51.99931
B,128.22449,129,1.0,0.22449,52.16002
B,128.244898,129,1.0,0.244898,52.28638
B,128.265306,129,1.0,0.265306,52.38655
B,128.285714,129,1.0,0.285714,52.46694
B,128.306122,129,1.0,0.306122,52.53257
B,128.326531,129,1.0,0.326531,52.58741
B,128.346939,129,1.0,0.346939,52.63461
B,128.367347,129,1.0,0.367347,52.67668
B,128.387755,129,1.0,0.387755,52.71565
B,128.408163,129,1.0,0.408163,52.75319
B,128.428571,129,1.0,0.428571,52.79067
B,128.44898,129,1.0,0.44898,52.82926
B,128.469388,129,1.0,0.469388,52.86996
B,128.489796,129,1.0,0.489796,52.91365
B,128.510204,129,1.0,0.510204,52.9611
B,128.530612,129,1.0,0.530612,53.01304
B,128.55102,129,1.0,0.55102,53.07015
B,128.571429,129,1.0,0.571429,53.13305
B,128.591837,129,1.0,0.591837,53.20238
B,128.612245,129,1.0,0.612245,53.27872
B,128.632653,129,1.0,0.632653,53.36268
B,128.653061,129,1.0,0.653061,53.45487
B,128.673469,129,1.0,0.673469,53.55587
B,128.693878,129,1.0,0.693878,53.6663
B,128.714286,129,1.0,0.714286,53.78677
B,128.734694,129,1.0,0.734694,53.91792
B,128.755102,129,1.0,0.755102,54.06038
B,128.77551,129,1.0,0.77551,54.21481
B,128.795918,129,1.0,0.795918,54.38187
B,128.816327,129,1.0,0.816327,54.56225
B,128.836735,129,1.0,0.836735,54.75665
B,128.857143,129,1.0,0.857143,54.96579
B,128.877551,129,1.0,0.877551,55.19039
B,128.897959,129,1.0,0.897959,55.4312
B,128.918367,129,1.0,0.918367,55.689
B,128.938776,129,1.0,0.938776,55.96456
B,128.959184,129,1.0,0.959184,56.25869
B,128.979592,129,1.0,0.979592,56.5722
B,129.0,129,1.0,1.0,56.90592
B,129.0,130,-1.0,0.0,-43.89065
B,129.020408,130,-1.0,0.020408,-45.91478
B,129.040816,130,-1.0,0.040816,-47.48317
B,129.061224,130,-1.0,0.061224,-48.69845
B,129.081633,130,-1.0,0.081633,-49.64019
B,129.102041,130,-1.0,0.102041,-50.37005
B,129.122449,130,-1.0,0.122449,-50.93586
B,129.142857,130,-1.0,0.142857,-51.3747
B,129.163265,130,-1.0,0.163265,-51.71535
B,129.183673,130,-1.0,0.183673,-51.98014
B,129.204082,130,-1.0,0.204082,-52.18643
B,129.22449,130,-1.0,0.22449,-52.34772
B,129.244898,130,-1.0,0.244898,-52.47453
B,129.265306,130,-1.0,0.265306,-52.57506
B,129.285714,130,-1.0,0.285714,-52.65574
B,129.306122,130,-1.0,0.306122,-52.72161
B,129.326531,130,-1.0,0.326531,-52.77665
B,129.346939,130,-1.0,0.346939,-52.82401
B,129.367347,130,-1.0,0.367347,-52.86623
B,129.387755,130,-1.0,0.387755,-52.90534
B,129.408163,130,-1.0,0.408163,-52.94302
B,129.428571,130,-1.0,0.428571,-52.98064
B,129.44898,130,-1.0,0.44898,-53.01937
B,129.469388,130,-1.0,0.469388,-53.06021
B,129.489796,130,-1.0,0.489796,-53.10405
B,129.510204,130,-1.0,0.510204,-53.15168
B,129.530612,130,-1.0,0.530612,-53.20381
B,129.55102,130,-1.0,0.55102,-53.26112
B,129.571429,130,-1.0,0.571429,-53.32425
B,129.591837,130,-1.0,0.591837,-53.39382
B,129.612245,130,-1.0,0.612245,-53.47044
B,129.632653,130,-1.0,0.632653,-53.55471
B,129.653061,130,-1.0,0.653061,-53.64722
B,129.673469,130,-1.0,0.673469,-53.74859
B,129.693878,130,-1.0,0.693878,-53.85941
B,129.714286,130,-1.0,0.714286,-53.98032
B,129.734694,130,-1.0,0.734694,-54.11194
B,129.755102,130,-1.0,0.755102,-54.25491
B,129.77551,130,-1.0,0.77551,-54.40989
B,129.795918,130,-1.0,0.795918,-54.57756
B,129.816327,130,-1.0,0.816327,-54.75859
B,129.836735,130,-1.0,0.836735,-54.95369
B,129.857143,130,-1.0,0.857143,-55.16358
B,129.877551,130,-1.0,0.877551,-55.38899
B,129.897959,130,-1.0,0.897959,-55.63067
B,129.918367,130,-1.0,0.918367,-55.8894
B,129.938776,130,-1.0,0.938776,-56.16595
B,129.959184,130,-1.0,0.959184,-56.46113
B,129.979592,130,-1.0,0.979592,-56.77577
B,130.0,130,-1.0,1.0,-57.11069
B,130.0,131,1.0,0.0,43.72102
B,130.020408,131,1.0,0.020408,45.73733
B,130.040816,131,1.0,0.040816,47.29965
B,130.061224,131,1.0,0.061224,48.51024
B,130.081633,131,1.0,0.081633,49.44834
B,130.102041,131,1.0,0.102041,50.17538
B,130.122449,131,1.0,0.122449,50.739
B,130.142857,131,1.0,0.142857,51.17615
B,130.163265,131,1.0,0.163265,51.51548
B,130.183673,131,1.0,0.183673,51.77924
B,130.204082,131,1.0,0.204082,51.98474
B,130.22449,131,1.0,0.22449,52.1454
B,130.244898,131,1.0,0.244898,52.27172
B,130.265306,131,1.0,0.265306,52.37187
B,130.285714,131,1.0,0.285714,52.45224
B,130.306122,131,1.0,0.306122,52.51785
B,130.326531,131,1.0,0.326531,52.57268
B,130.346939,131,1.0,0.346939,52.61986
B,130.367347,131,1.0,0.367347,52.66191
B,130.387755,131,1.0,0.387755,52.70087
B,130.408163,131,1.0,0.408163,52.7384
B,130.428571,131,1.0,0.428571,52.77588
B,130.44898,131,1.0,0.44898,52.81446
B,130.469388,131,1.0,0.469388,52.85515
B,130.489796,131,1.0,0.489796,52.89882
B,130.510204,131,1.0,0.510204,52.94626
B,130.530612,131,1.0,0.530612,52.99819
B,130.55102,131,1.0,0.55102,53.05527
B,130.571429,131,1.0,0.571429,53.11816
B,130.591837,131,1.0,0.591837,53.18747
B,130.612245,131,1.0,0.612245,53.26379
B,130.632653,131,1.0,0.632653,53.34773
B,130.653061,131,1.0,0.653061,53.43989
B,130.673469,131,1.0,0.673469,53.54086
B,130.693878,131,1.0,0.693878,53.65126
B,130.714286,131,1.0,0.714286,53.7717
B,130.734694,131,1.0,0.734694,53.90281
B,130.755102,131,1.0,0.755102,54.04523
B,130.77551,131,1.0,0.77551,54.19961
B,130.795918,131,1.0,0.795918,54.36663
B,130.816327,131,1.0,0.816327,54.54696
B,130.836735,131,1.0,0.836735,54.7413
B,130.857143,131,1.0,0.857143,54.95038
B,130.877551,131,1.0,0.877551,55.17492
B,130.897959,131,1.0,0.897959,55.41567
B,130.918367,131,1.0,0.918367,55.67339
B,130.938776,131,1.0,0.938776,55.94888
B,130.959184,131,1.0,0.959184,56.24292
B,130.979592,131,1.0,0.979592,56.55634
B,131.0,131,1.0,1.0,56.88997
B,131.0,132,-1.0,0.0,-44.00385
B,131.020408,132,-1.0,0.020408,-46.0332
B,131.040816,132,-1.0,0.040816,-47.60563
B,131.061224,132,-1.0,0.061224,-48.82405
B,131.081633,132,-1.0,0.081633,-49.76822
B,131.102041,132,-1.0,0.102041,-50.49996
B,131.122449,132,-1.0,0.122449,-51.06723
B,131.142857,132,-1.0,0.142857,-51.5072
B,131.163265,132,-1.0,0.163265,-51.84873
B,131.183673,132,-1.0,0.183673,-52.1142
B,131.204082,132,-1.0,0.204082,-52.32102
B,131.22449,132,-1.0,0.22449,-52.48273
B,131.244898,132,-1.0,0.244898,-52.60987
B,131.265306,132,-1.0,0.265306,-52.71066
B,131.285714,132,-1.0,0.285714,-52.79155
B,131.306122,132,-1.0,0.306122,-52.85758
B,131.326531,132,-1.0,0.326531,-52.91276
B,131.346939,132,-1.0,0.346939,-52.96025
B,131.367347,132,-1.0,0.367347,-53.00258
B,131.387755,132,-1.0,0.387755,-53.04179
B,131.408163,132,-1.0,0.408163,-53.07956
B,131.428571,132,-1.0,0.428571,-53.11728
B,131.44898,132,-1.0,0.44898,-53.15611
B,131.469388,132,-1.0,0.469388,-53.19706
B,131.489796,132,-1.0,0.489796,-53.24102
B,131.510204,132,-1.0,0.510204,-53.28876
B,131.530612,132,-1.0,0.530612,-53.34103
B,131.55102,132,-1.0,0.55102,-53.39849
B,131.571429,132,-1.0,0.571429,-53.46178
B,131.591837,132,-1.0,0.591837,-53.53153
B,131.612245,132,-1.0,0.612245,-53.60835
B,131.632653,132,-1.0,0.632653,-53.69283
B,131.653061,132,-1.0,0.653061,-53.78558
B,131.673469,132,-1.0,0.673469,-53.88721
B,131.693878,132,-1.0,0.693878,-53.99832
B,131.714286,132,-1.0,0.714286,-54.11954
B,131.734694,132,-1.0,0.734694,-54.2515
B,131.755102,132,-1.0,0.755102,-54.39484
B,131.77551,132,-1.0,0.77551,-54.55022
B,131.795918,132,-1.0,0.795918,-54.71832
B,131.816327,132,-1.0,0.816327,-54.89982
B,131.836735,132,-1.0,0.836735,-55.09542
B,131.857143,132,-1.0,0.857143,-55.30585
B,131.877551,132,-1.0,0.877551,-55.53184
B,131.897959,132,-1.0,0.897959,-55.77415
B,131.918367,132,-1.0,0.918367,-56.03354
B,131.938776,132,-1.0,0.938776,-56.31081
B,131.959184,132,-1.0,0.959184,-56.60675
B,131.979592,132,-1.0,0.979592,-56.9222
B,132.0,132,-1.0,1.0,-57.25798
B,132.0,133,1.0,0.0,43.731
B,132.020408,133,1.0,0.020408,45.74777
B,132.040816,133,1.0,0.040816,47.31045
B,132.061224,133,1.0,0.061224,48.52131
B,132.081633,133,1.0,0.081633,49.45962
B,132.102041,133,1.0,0.102041,50.18683
B,132.122449,133,1.0,0.122449,50.75058
B,132.142857,133,1.0,0.142857,51.18783
B,132.163265,133,1.0,0.163265,51.52723
B,132.183673,133,1.0,0.183673,51.79106
B,132.204082,133,1.0,0.204082,51.9966
B,132.22449,133,1.0,0.22449,52.15731
B,132.244898,133,1.0,0.244898,52.28365
B,132.265306,133,1.0,0.265306,52.38382
B,132.285714,133,1.0,0.285714,52.46421
B,132.306122,133,1.0,0.306122,52.52984
B,132.326531,133,1.0,0.326531,52.58467
B,132.346939,133,1.0,0.346939,52.63187
B,132.367347,133,1.0,0.367347,52.67393
B,132.387755,133,1.0,0.387755,52.7129
B,132.408163,133,1.0,0.408163,52.75044
B,132.428571,133,1.0,0.428571,52.78792
B,132.44898,133,1.0,0.44898,52.82651
B,132.469388,133,1.0,0.469388,52.86721
B,132.489796,133,1.0,0.489796,52.91089
B,132.510204,133,1.0,0.510204,52.95834
B,132.530612,133,1.0,0.530612,53.01028
B,132.55102,133,1.0,0.55102,53.06738
B,132.571429,133,1.0,0.571429,53.13029
B,132.591837,133,1.0,0.591837,53.1996
B,132.612245,133,1.0,0.612245,53.27594
B,132.632653,133,1.0,0.632653,53.3599
B,132.653061,133,1.0,0.653061,53.45208
B,132.673469,133,1.0,0.673469,53.55308
B,132.693878,133,1.0,0.693878,53.6635
B,132.714286,133,1.0,0.714286,53.78397
B,132.734694,133,1.0,0.734694,53.91511
B,132.755102,133,1.0,0.755102,54.05756
B,132.77551,133,1.0,0.77551,54.21198
B,132.795918,133,1.0,0.795918,54.37903
B,132.816327,133,1.0,0.816327,54.55941
B,132.836735,133,1.0,0.836735,54.7538
B,132.857143,133,1.0,0.857143,54.96292
B,132.877551,133,1.0,0.877551,55.18751
B,132.897959,133,1.0,0.897959,55.42832
B,132.918367,133,1.0,0.918367,55.6861
B,132.938776,133,1.0,0.938776,55.96165
B,132.959184,133,1.0,0.959184,56.25576
B,132.979592,133,1.0,0.979592,56.56925
B,133.0,133,1.0,1.0,56.90295
B,133.0,134,-1.0,0.0,-43.69683
B,133.020408,134,-1.0,0.020408,-45.71203
B,133.040816,134,-1.0,0.040816,-47.27349
B,133.061224,134,-1.0,0.061224,-48.4834
B,133.081633,134,-1.0,0.081633,-49.42098
B,133.102041,134,-1.0,0.102041,-50.14762
B,133.122449,134,-1.0,0.122449,-50.71093
B,133.142857,134,-1.0,0.142857,-51.14784
B,133.163265,134,-1.0,0.163265,-51.48698
B,133.183673,134,-1.0,0.183673,-51.7506
B,133.204082,134,-1.0,0.204082,-51.95598
B,133.22449,134,-1.0,0.22449,-52.11656
B,133.244898,134,-1.0,0.244898,-52.24281
B,133.265306,134,-1.0,0.265306,-52.34289
B,133.285714,134,-1.0,0.285714,-52.42322
B,133.306122,134,-1.0,0.306122,-52.4888
B,133.326531,134,-1.0,0.326531,-52.54359
B,133.346939,134,-1.0,0.346939,-52.59075
B,133.367347,134,-1.0,0.367347,-52.63278
B,133.387755,134,-1.0,0.387755,-52.67172
B,133.408163,134,-1.0,0.408163,-52.70923
B,133.428571,134,-1.0,0.428571,-52.74668
B,133.44898,134,-1.0,0.44898,-52.78524
B,133.469388,134,-1.0,0.469388,-52.8259
B,133.489796,134,-1.0,0.489796,-52.86955
B,133.510204,134,-1.0,0.510204,-52.91697
B,133.530612,134,-1.0,0.530612,-52.96887
B,133.55102,134,-1.0,0.55102,-53.02592
B,133.571429,134,-1.0,0.571429,-53.08878
B,133.591837,134,-1.0,0.591837,-53.15804
B,133.612245,134,-1.0,0.612245,-53.23432
B,133.632653,134,-1.0,0.632653,-53.31821
B,133.653061,134,-1.0,0.653061,-53.41032
B,133.673469,134,-1.0,0.673469,-53.51124
B,133.693878,134,-1.0,0.693878,-53.62158
B,133.714286,134,-1.0,0.714286,-53.74195
B,133.734694,134,-1.0,0.734694,-53.87299
B,133.755102,134,-1.0,0.755102,-54.01533
B,133.77551,134,-1.0,0.77551,-54.16963
B,133.795918,134,-1.0,0.795918,-54.33655
B,133.816327,134,-1.0,0.816327,-54.51678
B,133.836735,134,-1.0,0.836735,-54.71102
B,133.857143,134,-1.0,0.857143,-54.91998
B,133.877551,134,-1.0,0.877551,-55.14439
B,133.897959,134,-1.0,0.897959,-55.38501
B,133.918367,134,-1.0,0.918367,-55.64259
B,133.938776,134,-1.0,0.938776,-55.91793
B,133.959184,134,-1.0,0.959184,-56.21181
B,133.979592,134,-1.0,0.979592,-56.52505
B,134.0,134,-1.0,1.0,-56.85849
B,134.0,135,1.0,0.0,44.00984
B,134.020408,135,1.0,0.020408,46.03947
B,134.040816,135,1.0,0.040816,47.61211
B,134.061224,135,1.0,0.061224,48.8307
B,134.081633,135,1.0,0.081633,49.77499
B,134.102041,135,1.0,0.102041,50.50684
B,134.122449,135,1.0,0.122449,51.07419
B,134.142857,135,1.0,0.142857,51.51422
B,134.163265,135,1.0,0.163265,51.85579
B,134.183673,135,1.0,0.183673,52.1213
B,134.204082,135,1.0,0.204082,52.32815
B,134.22449,135,1.0,0.22449,52.48988
B,134.244898,135,1.0,0.244898,52.61703
B,134.265306,135,1.0,0.265306,52.71784
B,134.285714,135,1.0,0.285714,52.79874
B,134.306122,135,1.0,0.306122,52.86478
B,134.326531,135,1.0,0.326531,52.91997
B,134.346939,135,1.0,0.346939,52.96746
B,134.367347,135,1.0,0.367347,53.0098
B,134.387755,135,1.0,0.387755,53.04902
B,134.408163,135,1.0,0.408163,53.08679
B,134.428571,135,1.0,0.428571,53.12451
B,134.44898,135,1.0,0.44898,53.16335
B,134.469388,135,1.0,0.469388,53.20431
B,134.489796,135,1.0,0.489796,53.24827
B,134.510204,135,1.0,0.510204,53.29602
B,134.530612,135,1.0,0.530612,53.34829
B,134.55102,135,1.0,0.55102,53.40576
B,134.571429,135,1.0,0.571429,53.46906
B,134.591837,135,1.0,0.591837,53.53882
B,134.612245,135,1.0,0.612245,53.61565
B,134.632653,135,1.0,0.632653,53.70014
B,134.653061,135,1.0,0.653061,53.79291
B,134.673469,135,1.0,0.673469,53.89455
B,134.693878,135,1.0,0.693878,54.00568
B,134.714286,135,1.0,0.714286,54.12691
B,134.734694,135,1.0,0.734694,54.25889
B,134.755102,135,1.0,0.755102,54.40225
B,134.77551,135,1.0,0.77551,54.55765
B,134.795918,135,1.0,0.795918,54.72577
B,134.816327,135,1.0,0.816327,54.90729
B,134.836735,135,1.0,0.836735,55.10292
B,134.857143,135,1.0,0.857143,55.31338
B,134.877551,135,1.0,0.877551,55.5394
B,134.897959,135,1.0,0.897959,55.78174
B,134.918367,135,1.0,0.918367,56.04117
B,134.938776,135,1.0,0.938776,56.31848
B,134.959184,135,1.0,0.959184,56.61446
B,134.979592,135,1.0,0.979592,56.92995
B,135.0,135,1.0,1.0,57.26578
B,135.0,136,-1.0,0.0,-44.11903
B,135.020408,136,-1.0,0.020408,-46.1537
B,135.040816,136,-1.0,0.040816,-47.73025
B,135.061224,136,-1.0,0.061224,-48.95185
B,135.081633,136,-1.0,0.081633,-49.89849
B,135.102041,136,-1.0,0.102041,-50.63215
B,135.122449,136,-1.0,0.122449,-51.20091
B,135.142857,136,-1.0,0.142857,-51.64203
B,135.163265,136,-1.0,0.163265,-51.98445
B,135.183673,136,-1.0,0.183673,-52.25061
B,135.204082,136,-1.0,0.204082,-52.45798
B,135.22449,136,-1.0,0.22449,-52.62011
B,135.244898,136,-1.0,0.244898,-52.74758
B,135.265306,136,-1.0,0.265306,-52.84864
B,135.285714,136,-1.0,0.285714,-52.92974
B,135.306122,136,-1.0,0.306122,-52.99595
B,135.326531,136,-1.0,0.326531,-53.05127
B,135.346939,136,-1.0,0.346939,-53.09888
B,135.367347,136,-1.0,0.367347,-53.14132
B,135.387755,136,-1.0,0.387755,-53.18064
B,135.408163,136,-1.0,0.408163,-53.21851
B,135.428571,136,-1.0,0.428571,-53.25632
B,135.44898,136,-1.0,0.44898,-53.29525
B,135.469388,136,-1.0,0.469388,-53.33631
B,135.489796,136,-1.0,0.489796,-53.38038
B,135.510204,136,-1.0,0.510204,-53.42825
B,135.530612,136,-1.0,0.530612,-53.48066
B,135.55102,136,-1.0,0.55102,-53.53826
B,135.571429,136,-1.0,0.571429,-53.60172
B,135.591837,136,-1.0,0.591837,-53.67166
B,135.612245,136,-1.0,0.612245,-53.74867
B,135.632653,136,-1.0,0.632653,-53.83338
B,135.653061,136,-1.0,0.653061,-53.92638
B,135.673469,136,-1.0,0.673469,-54.02827
B,135.693878,136,-1.0,0.693878,-54.13967
B,135.714286,136,-1.0,0.714286,-54.26121
B,135.734694,136,-1.0,0.734694,-54.39351
B,135.755102,136,-1.0,0.755102,-54.53723
B,135.77551,136,-1.0,0.77551,-54.69302
B,135.795918,136,-1.0,0.795918,-54.86155
B,135.816327,136,-1.0,0.816327,-55.04353
B,135.836735,136,-1.0,0.836735,-55.23964
B,135.857143,136,-1.0,0.857143,-55.45062
B,135.877551,136,-1.0,0.877551,-55.6772
B,135.897959,136,-1.0,0.897959,-55.92015
B,135.918367,136,-1.0,0.918367,-56.18022
B,135.938776,136,-1.0,0.938776,-56.45821
B,135.959184,136,-1.0,0.959184,-56.75493
B,135.979592,136,-1.0,0.979592,-57.0712
B,136.0,136,-1.0,1.0,-57.40787
B,136.0,137,1.0,0.0,43.88716
B,136.020408,137,1.0,0.020408,45.91114
B,136.040816,137,1.0,0.040816,47.4794
B,136.061224,137,1.0,0.061224,48.69458
B,136.081633,137,1.0,0.081633,49.63625
B,136.102041,137,1.0,0.102041,50.36605
B,136.122449,137,1.0,0.122449,50.93182
B,136.142857,137,1.0,0.142857,51.37062
B,136.163265,137,1.0,0.163265,51.71124
B,136.183673,137,1.0,0.183673,51.97601
B,136.204082,137,1.0,0.204082,52.18228
B,136.22449,137,1.0,0.22449,52.34356
B,136.244898,137,1.0,0.244898,52.47036
B,136.265306,137,1.0,0.265306,52.57089
B,136.285714,137,1.0,0.285714,52.65156
B,136.306122,137,1.0,0.306122,52.71742
B,136.326531,137,1.0,0.326531,52.77246
B,136.346939,137,1.0,0.346939,52.81982
B,136.367347,137,1.0,0.367347,52.86203
B,136.387755,137,1.0,0.387755,52.90114
B,136.408163,137,1.0,0.408163,52.93881
B,136.428571,137,1.0,0.428571,52.97643
B,136.44898,137,1.0,0.44898,53.01516
B,136.469388,137,1.0,0.469388,53.056
B,136.489796,137,1.0,0.489796,53.09984
B,136.510204,137,1.0,0.510204,53.14746
B,136.530612,137,1.0,0.530612,53.19958
B,136.55102,137,1.0,0.55102,53.25689
B,136.571429,137,1.0,0.571429,53.32002
B,136.591837,137,1.0,0.591837,53.38958
B,136.612245,137,1.0,0.612245,53.46619
B,136.632653,137,1.0,0.632653,53.55045
B,136.653061,137,1.0,0.653061,53.64296
B,136.673469,137,1.0,0.673469,53.74432
B,136.693878,137,1.0,0.693878,53.85514
B,136.714286,137,1.0,0.714286,53.97603
B,136.734694,137,1.0,0.734694,54.10764
B,136.755102,137,1.0,0.755102,54.2506
B,136.77551,137,1.0,0.77551,54.40557
B,136.795918,137,1.0,0.795918,54.57322
B,136.816327,137,1.0,0.816327,54.75424
B,136.836735,137,1.0,0.836735,54.94932
B,136.857143,137,1.0,0.857143,55.1592
B,136.877551,137,1.0,0.877551,55.38459
B,136.897959,137,1.0,0.897959,55.62625
B,136.918367,137,1.0,0.918367,55.88496
B,136.938776,137,1.0,0.938776,56.16149
B,136.959184,137,1.0,0.959184,56.45665
B,136.979592,137,1.0,0.979592,56.77126
B,137.0,137,1.0,1.0,57.10615
B,137.0,138,-1.0,0.0,-44.28451
B,137.020408,138,-1.0,0.020408,-46.32681
B,137.040816,138,-1.0,0.040816,-47.90927
B,137.061224,138,-1.0,0.061224,-49.13546
B,137.081633,138,-1.0,0.081633,-50.08565
B,137.102041,138,-1.0,0.102041,-50.82206
B,137.122449,138,-1.0,0.122449,-51.39295
B,137.142857,138,-1.0,0.142857,-51.83572
B,137.163265,138,-1.0,0.163265,-52.17943
B,137.183673,138,-1.0,0.183673,-52.44659
B,137.204082,138,-1.0,0.204082,-52.65473
B,137.22449,138,-1.0,0.22449,-52.81747
B,137.244898,138,-1.0,0.244898,-52.94542
B,137.265306,138,-1.0,0.265306,-53.04686
B,137.285714,138,-1.0,0.285714,-53.12826
B,137.306122,138,-1.0,0.306122,-53.19472
B,137.326531,138,-1.0,0.326531,-53.25025
B,137.346939,138,-1.0,0.346939,-53.29804
B,137.367347,138,-1.0,0.367347,-53.34064
B,137.387755,138,-1.0,0.387755,-53.3801
B,137.408163,138,-1.0,0.408163,-53.41811
B,137.428571,138,-1.0,0.428571,-53.45607
B,137.44898,138,-1.0,0.44898,-53.49515
B,137.469388,138,-1.0,0.469388,-53.53636
B,137.489796,138,-1.0,0.489796,-53.5806
B,137.510204,138,-1.0,0.510204,-53.62865
B,137.530612,138,-1.0,0.530612,-53.68125
B,137.55102,138,-1.0,0.55102,-53.73907
B,137.571429,138,-1.0,0.571429,-53.80277
B,137.591837,138,-1.0,0.591837,-53.87296
B,137.612245,138,-1.0,0.612245,-53.95027
B,137.632653,138,-1.0,0.632653,-54.03529
B,137.653061,138,-1.0,0.653061,-54.12864
B,137.673469,138,-1.0,0.673469,-54.23091
B,137.693878,138,-1.0,0.693878,-54.34273
B,137.714286,138,-1.0,0.714286,-54.46473
B,137.734694,138,-1.0,0.734694,-54.59753
B,137.755102,138,-1.0,0.755102,-54.74178
B,137.77551,138,-1.0,0.77551,-54.89816
B,137.795918,138,-1.0,0.795918,-55.06732
B,137.816327,138,-1.0,0.816327,-55.24998
B,137.836735,138,-1.0,0.836735,-55.44683
B,137.857143,138,-1.0,0.857143,-55.6586
B,137.877551,138,-1.0,0.877551,-55.88603
B,137.897959,138,-1.0,0.897959,-56.12989
B,137.918367,138,-1.0,0.918367,-56.39093
B,137.938776,138,-1.0,0.938776,-56.66997
B,137.959184,138,-1.0,0.959184,-56.9678
B,137.979592,138,-1.0,0.979592,-57.28526
B,138.0,138,-1.0,1.0,-57.62319
B,138.0,139,1.0,0.0,44.21604
B,138.020408,139,1.0,0.020408,46.25518
B,138.040816,139,1.0,0.040816,47.83519
B,138.061224,139,1.0,0.061224,49.05948
B,138.081633,139,1.0,0.081633,50.0082
B,138.102041,139,1.0,0.102041,50.74348
B,138.122449,139,1.0,0.122449,51.31348
B,138.142857,139,1.0,0.142857,51.75557
B,138.163265,139,1.0,0.163265,52.09875
B,138.183673,139,1.0,0.183673,52.3655
B,138.204082,139,1.0,0.204082,52.57332
B,138.22449,139,1.0,0.22449,52.73581
B,138.244898,139,1.0,0.244898,52.86356
B,138.265306,139,1.0,0.265306,52.96483
B,138.285714,139,1.0,0.285714,53.04611
B,138.306122,139,1.0,0.306122,53.11247
B,138.326531,139,1.0,0.326531,53.16791
B,138.346939,139,1.0,0.346939,53.21563
B,138.367347,139,1.0,0.367347,53.25816
B,138.387755,139,1.0,0.387755,53.29756
B,138.408163,139,1.0,0.408163,53.33552
B,138.428571,139,1.0,0.428571,53.37342
B,138.44898,139,1.0,0.44898,53.41243
B,138.469388,139,1.0,0.469388,53.45358
B,138.489796,139,1.0,0.489796,53.49775
B,138.510204,139,1.0,0.510204,53.54573
B,138.530612,139,1.0,0.530612,53.59824
B,138.55102,139,1.0,0.55102,53.65598
B,138.571429,139,1.0,0.571429,53.71958
B,138.591837,139,1.0,0.591837,53.78966
B,138.612245,139,1.0,0.612245,53.86685
B,138.632653,139,1.0,0.632653,53.95174
B,138.653061,139,1.0,0.653061,54.04494
B,138.673469,139,1.0,0.673469,54.14706
B,138.693878,139,1.0,0.693878,54.25871
B,138.714286,139,1.0,0.714286,54.38051
B,138.734694,139,1.0,0.734694,54.51311
B,138.755102,139,1.0,0.755102,54.65714
B,138.77551,139,1.0,0.77551,54.81327
B,138.795918,139,1.0,0.795918,54.98218
B,138.816327,139,1.0,0.816327,55.16455
B,138.836735,139,1.0,0.836735,55.3611
B,138.857143,139,1.0,0.857143,55.57254
B,138.877551,139,1.0,0.877551,55.79962
B,138.897959,139,1.0,0.897959,56.0431
B,138.918367,139,1.0,0.918367,56.30374
B,138.938776,139,1.0,0.938776,56.58234
B,138.959184,139,1.0,0.959184,56.87972
B,138.979592,139,1.0,0.979592,57.19668
B,139.0,139,1.0,1.0,57.53409
B,139.0,140,-1.0,0.0,-44.33911
B,139.020408,140,-1.0,0.020408,-46.38393
B,139.040816,140,-1.0,0.040816,-47.96834
B,139.061224,140,-1.0,0.061224,-49.19604
B,139.081633,140,-1.0,0.081633,-50.1474
B,139.102041,140,-1.0,0.102041,-50.88472
B,139.122449,140,-1.0,0.122449,-51.45631
B,139.142857,140,-1.0,0.142857,-51.89963
B,139.163265,140,-1.0,0.163265,-52.24376
B,139.183673,140,-1.0,0.183673,-52.51125
B,139.204082,140,-1.0,0.204082,-52.71965
B,139.22449,140,-1.0,0.22449,-52.88259
B,139.244898,140,-1.0,0.244898,-53.0107
B,139.265306,140,-1.0,0.265306,-53.11226
B,139.285714,140,-1.0,0.285714,-53.19376
B,139.306122,140,-1.0,0.306122,-53.2603
B,139.326531,140,-1.0,0.326531,-53.3159
B,139.346939,140,-1.0,0.346939,-53.36375
B,139.367347,140,-1.0,0.367347,-53.4064
B,139.387755,140,-1.0,0.387755,-53.44591
B,139.408163,140,-1.0,0.408163,-53.48397
B,139.428571,140,-1.0,0.428571,-53.52198
B,139.44898,140,-1.0,0.44898,-53.5611
B,139.469388,140,-1.0,0.469388,-53.60237
B,139.489796,140,-1.0,0.489796,-53.64666
B,139.510204,140,-1.0,0.510204,-53.69477
B,139.530612,140,-1.0,0.530612,-53.74743
B,139.55102,140,-1.0,0.55102,-53.80533
B,139.571429,140,-1.0,0.571429,-53.8691
B,139.591837,140,-1.0,0.591837,-53.93938
B,139.612245,140,-1.0,0.612245,-54.01679
B,139.632653,140,-1.0,0.632653,-54.10191
B,139.653061,140,-1.0,0.653061,-54.19537
B,139.673469,140,-1.0,0.673469,-54.29777
B,139.693878,140,-1.0,0.693878,-54.40973
B,139.714286,140,-1.0,0.714286,-54.53188
B,139.734694,140,-1.0,0.734694,-54.66484
B,139.755102,140,-1.0,0.755102,-54.80927
B,139.77551,140,-1.0,0.77551,-54.96584
B,139.795918,140,-1.0,0.795918,-55.13522
B,139.816327,140,-1.0,0.816327,-55.3181
B,139.836735,140,-1.0,0.836735,-55.51519
B,139.857143,140,-1.0,0.857143,-55.72722
B,139.877551,140,-1.0,0.877551,-55.95494
B,139.897959,140,-1.0,0.897959,-56.19909
B,139.918367,140,-1.0,0.918367,-56.46046
B,139.938776,140,-1.0,0.938776,-56.73984
B,139.959184,140,-1.0,0.959184,-57.03804
B,139.979592,140,-1.0,0.979592,-57.35589
B,140.0,140,-1.0,1.0,-57.69423
B,140.0,141,1.0,0.0,44.39087
B,140.020408,141,1.0,0.020408,46.43807
B,140.040816,141,1.0,0.040816,48.02433
B,140.061224,141,1.0,0.061224,49.25347
B,140.081633,141,1.0,0.081633,50.20594
B,140.102041,141,1.0,0.102041,50.94412
B,140.122449,141,1.0,0.122449,51.51638
B,140.142857,141,1.0,0.142857,51.96022
B,140.163265,141,1.0,0.163265,52.30475
B,140.183673,141,1.0,0.183673,52.57255
B,140.204082,141,1.0,0.204082,52.78119
B,140.22449,141,1.0,0.22449,52.94433
B,140.244898,141,1.0,0.244898,53.07258
B,140.265306,141,1.0,0.265306,53.17426
B,140.285714,141,1.0,0.285714,53.25586
B,140.306122,141,1.0,0.306122,53.32248
B,140.326531,141,1.0,0.326531,53.37814
B,140.346939,141,1.0,0.346939,53.42605
B,140.367347,141,1.0,0.367347,53.46875
B,140.387755,141,1.0,0.387755,53.50831
B,140.408163,141,1.0,0.408163,53.54641
B,140.428571,141,1.0,0.428571,53.58446
B,140.44898,141,1.0,0.44898,53.62363
B,140.469388,141,1.0,0.469388,53.66494
B,140.489796,141,1.0,0.489796,53.70928
B,140.510204,141,1.0,0.510204,53.75745
B,140.530612,141,1.0,0.530612,53.81017
B,140.55102,141,1.0,0.55102,53.86814
B,140.571429,141,1.0,0.571429,53.93199
B,140.591837,141,1.0,0.591837,54.00235
B,140.612245,141,1.0,0.612245,54.07984
B,140.632653,141,1.0,0.632653,54.16507
B,140.653061,141,1.0,0.653061,54.25864
B,140.673469,141,1.0,0.673469,54.36116
B,140.693878,141,1.0,0.693878,54.47325
B,140.714286,141,1.0,0.714286,54.59553
B,140.734694,141,1.0,0.734694,54.72865
B,140.755102,141,1.0,0.755102,54.87326
B,140.77551,141,1.0,0.77551,55.03
B,140.795918,141,1.0,0.795918,55.19958
B,140.816327,141,1.0,0.816327,55.38267
B,140.836735,141,1.0,0.836735,55.58
B,140.857143,141,1.0,0.857143,55.79228
B,140.877551,141,1.0,0.877551,56.02025
B,140.897959,141,1.0,0.897959,56.26469
B,140.918367,141,1.0,0.918367,56.52637
B,140.938776,141,1.0,0.938776,56.80607
B,140.959184,141,1.0,0.959184,57.10462
B,140.979592,141,1.0,0.979592,57.42284
B,141.0,141,1.0,1.0,57.76158
B,141.0,142,-1.0,0.0,-44.39107
B,141.020408,142,-1.0,0.020408,-46.43829
B,141.040816,142,-1.0,0.040816,-48.02455
B,141.061224,142,-1.0,0.061224,-49.25369
B,141.081633,142,-1.0,0.081633,-50.20617
B,141.102041,142,-1.0,0.102041,-50.94435
B,141.122449,142,-1.0,0.122449,-51.51661
B,141.142857,142,-1.0,0.142857,-51.96046
B,141.163265,142,-1.0,0.163265,-52.30499
B,141.183673,142,-1.0,0.183673,-52.57279
B,141.204082,142,-1.0,0.204082,-52.78144
B,141.22449,142,-1.0,0.22449,-52.94457
B,141.244898,142,-1.0,0.244898,-53.07282
B,141.265306,142,-1.0,0.265306,-53.1745
B,141.285714,142,-1.0,0.285714,-53.2561
B,141.306122,142,-1.0,0.306122,-53.32272
B,141.326531,142,-1.0,0.326531,-53.37839
B,141.346939,142,-1.0,0.346939,-53.42629
B,141.367347,142,-1.0,0.367347,-53.46899
B,141.387755,142,-1.0,0.387755,-53.50855
B,141.408163,142,-1.0,0.408163,-53.54665
B,141.428571,142,-1.0,0.428571,-53.5847
B,141.44898,142,-1.0,0.44898,-53.62387
B,141.469388,142,-1.0,0.469388,-53.66519
B,141.489796,142,-1.0,0.489796,-53.70953
B,141.510204,142,-1.0,0.510204,-53.75769
B,141.530612,142,-1.0,0.530612,-53.81042
B,141.55102,142,-1.0,0.55102,-53.86838
B,141.571429,142,-1.0,0.571429,-53.93223
B,141.591837,142,-1.0,0.591837,-54.0026
B,141.612245,142,-1.0,0.612245,-54.08009
B,141.632653,142,-1.0,0.632653,-54.16532
B,141.653061,142,-1.0,0.653061,-54.25889
B,141.673469,142,-1.0,0.673469,-54.36141
B,141.693878,142,-1.0,0.693878,-54.4735
B,141.714286,142,-1.0,0.714286,-54.59579
B,141.734694,142,-1.0,0.734694,-54.7289
B,141.755102,142,-1.0,0.755102,-54.87351
B,141.77551,142,-1.0,0.77551,-55.03026
B,141.795918,142,-1.0,0.795918,-55.19983
B,141.816327,142,-1.0,0.816327,-55.38293
B,141.836735,142,-1.0,0.836735,-55.58025
B,141.857143,142,-1.0,0.857143,-55.79253
B,141.877551,142,-1.0,0.877551,-56.02051
B,141.897959,142,-1.0,0.897959,-56.26495
B,141.918367,142,-1.0,0.918367,-56.52663
B,141.938776,142,-1.0,0.938776,-56.80633
B,141.959184,142,-1.0,0.959184,-57.10488
B,141.979592,142,-1.0,0.979592,-57.4231
B,142.0,142,-1.0,1.0,-57.76184
B,142.0,143,1.0,0.0,44.48724
B,142.020408,143,1.0,0.020408,46.53889
B,142.040816,143,1.0,0.040816,48.12859
B,142.061224,143,1.0,0.061224,49.36039
B,142.081633,143,1.0,0.081633,50.31493
B,142.102041,143,1.0,0.102041,51.05471
B,142.122449,143,1.0,0.122449,51.62821
B,142.142857,143,1.0,0.142857,52.07302
B,142.163265,143,1.0,0.163265,52.41829
B,142.183673,143,1.0,0.183673,52.68668
B,142.204082,143,1.0,0.204082,52.89578
B,142.22449,143,1.0,0.22449,53.05926
B,142.244898,143,1.0,0.244898,53.1878
B,142.265306,143,1.0,0.265306,53.28969
B,142.285714,143,1.0,0.285714,53.37147
B,142.306122,143,1.0,0.306122,53.43824
B,142.326531,143,1.0,0.326531,53.49402
B,142.346939,143,1.0,0.346939,53.54203
B,142.367347,143,1.0,0.367347,53.58482
B,142.387755,143,1.0,0.387755,53.62447
B,142.408163,143,1.0,0.408163,53.66265
B,142.428571,143,1.0,0.428571,53.70078
B,142.44898,143,1.0,0.44898,53.74004
B,142.469388,143,1.0,0.469388,53.78144
B,142.489796,143,1.0,0.489796,53.82588
B,142.510204,143,1.0,0.510204,53.87415
B,142.530612,143,1.0,0.530612,53.92699
B,142.55102,143,1.0,0.55102,53.98508
B,142.571429,143,1.0,0.571429,54.04907
B,142.591837,143,1.0,0.591837,54.11958
B,142.612245,143,1.0,0.612245,54.19725
B,142.632653,143,1.0,0.632653,54.28266
B,142.653061,143,1.0,0.653061,54.37643
B,142.673469,143,1.0,0.673469,54.47917
B,142.693878,143,1.0,0.693878,54.59151
B,142.714286,143,1.0,0.714286,54.71406
B,142.734694,143,1.0,0.734694,54.84746
B,142.755102,143,1.0,0.755102,54.99238
B,142.77551,143,1.0,0.77551,55.14947
B,142.795918,143,1.0,0.795918,55.31941
B,142.816327,143,1.0,0.816327,55.5029
B,142.836735,143,1.0,0.836735,55.70065
B,142.857143,143,1.0,0.857143,55.9134
B,142.877551,143,1.0,0.877551,56.14187
B,142.897959,143,1.0,0.897959,56.38684
B,142.918367,143,1.0,0.918367,56.64908
B,142.938776,143,1.0,0.938776,56.92939
B,142.959184,143,1.0,0.959184,57.22859
B,142.979592,143,1.0,0.979592,57.5475
B,143.0,143,1.0,1.0,57.88697
B,143.0,144,-1.0,0.0,-44.77597
B,143.020408,144,-1.0,0.020408,-46.84093
B,143.040816,144,-1.0,0.040816,-48.44095
B,143.061224,144,-1.0,0.061224,-49.68075
B,143.081633,144,-1.0,0.081633,-50.64148
B,143.102041,144,-1.0,0.102041,-51.38607
B,143.122449,144,-1.0,0.122449,-51.96329
B,143.142857,144,-1.0,0.142857,-52.41098
B,143.163265,144,-1.0,0.163265,-52.7585
B,143.183673,144,-1.0,0.183673,-53.02863
B,143.204082,144,-1.0,0.204082,-53.23908
B,143.22449,144,-1.0,0.22449,-53.40363
B,143.244898,144,-1.0,0.244898,-53.53299
B,143.265306,144,-1.0,0.265306,-53.63555
B,143.285714,144,-1.0,0.285714,-53.71786
B,143.306122,144,-1.0,0.306122,-53.78506
B,143.326531,144,-1.0,0.326531,-53.84121
B,143.346939,144,-1.0,0.346939,-53.88953
B,143.367347,144,-1.0,0.367347,-53.9326
B,143.387755,144,-1.0,0.387755,-53.9725
B,143.408163,144,-1.0,0.408163,-54.01093
B,143.428571,144,-1.0,0.428571,-54.04931
B,143.44898,144,-1.0,0.44898,-54.08882
B,143.469388,144,-1.0,0.469388,-54.13049
B,143.489796,144,-1.0,0.489796,-54.17522
B,143.510204,144,-1.0,0.510204,-54.2238
B,143.530612,144,-1.0,0.530612,-54.27698
B,143.55102,144,-1.0,0.55102,-54.33545
B,143.571429,144,-1.0,0.571429,-54.39985
B,143.591837,144,-1.0,0.591837,-54.47083
B,143.612245,144,-1.0,0.612245,-54.54899
B,143.632653,144,-1.0,0.632653,-54.63496
B,143.653061,144,-1.0,0.653061,-54.72934
B,143.673469,144,-1.0,0.673469,-54.83275
B,143.693878,144,-1.0,0.693878,-54.94581
B,143.714286,144,-1.0,0.714286,-55.06916
B,143.734694,144,-1.0,0.734694,-55.20343
B,143.755102,144,-1.0,0.755102,-55.34929
B,143.77551,144,-1.0,0.77551,-55.5074
B,143.795918,144,-1.0,0.795918,-55.67844
B,143.816327,144,-1.0,0.816327,-55.86313
B,143.836735,144,-1.0,0.836735,-56.06216
B,143.857143,144,-1.0,0.857143,-56.27628
B,143.877551,144,-1.0,0.877551,-56.50624
B,143.897959,144,-1.0,0.897959,-56.7528
B,143.918367,144,-1.0,0.918367,-57.01674
B,143.938776,144,-1.0,0.938776,-57.29887
B,143.959184,144,-1.0,0.959184,-57.60001
B,143.979592,144,-1.0,0.979592,-57.92099
B,144.0,144,-1.0,1.0,-58.26267
B,144.0,145,1.0,0.0,44.65444
B,144.020408,145,1.0,0.020408,46.71379
B,144.040816,145,1.0,0.040816,48.30947
B,144.061224,145,1.0,0.061224,49.5459
B,144.081633,145,1.0,0.081633,50.50403
B,144.102041,145,1.0,0.102041,51.2466
B,144.122449,145,1.0,0.122449,51.82225
B,144.142857,145,1.0,0.142857,52.26873
B,144.163265,145,1.0,0.163265,52.6153
B,144.183673,145,1.0,0.183673,52.8847
B,144.204082,145,1.0,0.204082,53.09458
B,144.22449,145,1.0,0.22449,53.25868
B,144.244898,145,1.0,0.244898,53.38769
B,144.265306,145,1.0,0.265306,53.48998
B,144.285714,145,1.0,0.285714,53.57206
B,144.306122,145,1.0,0.306122,53.63907
B,144.326531,145,1.0,0.326531,53.69507
B,144.346939,145,1.0,0.346939,53.74326
B,144.367347,145,1.0,0.367347,53.78621
B,144.387755,145,1.0,0.387755,53.82601
B,144.408163,145,1.0,0.408163,53.86434
B,144.428571,145,1.0,0.428571,53.90261
B,144.44898,145,1.0,0.44898,53.94201
B,144.469388,145,1.0,0.469388,53.98357
B,144.489796,145,1.0,0.489796,54.02817
B,144.510204,145,1.0,0.510204,54.07663
B,144.530612,145,1.0,0.530612,54.12967
B,144.55102,145,1.0,0.55102,54.18797
B,144.571429,145,1.0,0.571429,54.2522
B,144.591837,145,1.0,0.591837,54.32299
B,144.612245,145,1.0,0.612245,54.40094
B,144.632653,145,1.0,0.632653,54.48667
B,144.653061,145,1.0,0.653061,54.58079
B,144.673469,145,1.0,0.673469,54.68392
B,144.693878,145,1.0,0.693878,54.79668
B,144.714286,145,1.0,0.714286,54.91969
B,144.734694,145,1.0,0.734694,55.0536
B,144.755102,145,1.0,0.755102,55.19906
B,144.77551,145,1.0,0.77551,55.35674
B,144.795918,145,1.0,0.795918,55.52732
B,144.816327,145,1.0,0.816327,55.7115
B,144.836735,145,1.0,0.836735,55.91
B,144.857143,145,1.0,0.857143,56.12354
B,144.877551,145,1.0,0.877551,56.35287
B,144.897959,145,1.0,0.897959,56.59876
B,144.918367,145,1.0,0.918367,56.86199
B,144.938776,145,1.0,0.938776,57.14335
B,144.959184,145,1.0,0.959184,57.44367
B,144.979592,145,1.0,0.979592,57.76378
B,145.0,145,1.0,1.0,58.10453
B,145.0,146,-1.0,0.0,-44.5942
B,145.020408,146,-1.0,0.020408,-46.65078
B,145.040816,146,-1.0,0.040816,-48.24431
B,145.061224,146,-1.0,0.061224,-49.47907
B,145.081633,146,-1.0,0.081633,-50.4359
B,145.102041,146,-1.0,0.102041,-51.17747
B,145.122449,146,-1.0,0.122449,-51.75235
B,145.142857,146,-1.0,0.142857,-52.19822
B,145.163265,146,-1.0,0.163265,-52.54433
B,145.183673,146,-1.0,0.183673,-52.81336
B,145.204082,146,-1.0,0.204082,-53.02296
B,145.22449,146,-1.0,0.22449,-53.18684
B,145.244898,146,-1.0,0.244898,-53.31568
B,145.265306,146,-1.0,0.265306,-53.41782
B,145.285714,146,-1.0,0.285714,-53.4998
B,145.306122,146,-1.0,0.306122,-53.56672
B,145.326531,146,-1.0,0.326531,-53.62264
B,145.346939,146,-1.0,0.346939,-53.67076
B,145.367347,146,-1.0,0.367347,-53.71366
B,145.387755,146,-1.0,0.387755,-53.7534
B,145.408163,146,-1.0,0.408163,-53.79168
B,145.428571,146,-1.0,0.428571,-53.8299
B,145.44898,146,-1.0,0.44898,-53.86925
B,145.469388,146,-1.0,0.469388,-53.91075
B,145.489796,146,-1.0,0.489796,-53.95529
B,145.510204,146,-1.0,0.510204,-54.00368
B,145.530612,146,-1.0,0.530612,-54.05665
B,145.55102,146,-1.0,0.55102,-54.11488
B,145.571429,146,-1.0,0.571429,-54.17902
B,145.591837,146,-1.0,0.591837,-54.24971
B,145.612245,146,-1.0,0.612245,-54.32755
B,145.632653,146,-1.0,0.632653,-54.41317
B,145.653061,146,-1.0,0.653061,-54.50717
B,145.673469,146,-1.0,0.673469,-54.61016
B,145.693878,146,-1.0,0.693878,-54.72276
B,145.714286,146,-1.0,0.714286,-54.84561
B,145.734694,146,-1.0,0.734694,-54.97934
B,145.755102,146,-1.0,0.755102,-55.1246
B,145.77551,146,-1.0,0.77551,-55.28207
B,145.795918,146,-1.0,0.795918,-55.45242
B,145.816327,146,-1.0,0.816327,-55.63635
B,145.836735,146,-1.0,0.836735,-55.83458
B,145.857143,146,-1.0,0.857143,-56.04783
B,145.877551,146,-1.0,0.877551,-56.27685
B,145.897959,146,-1.0,0.897959,-56.52241
B,145.918367,146,-1.0,0.918367,-56.78529
B,145.938776,146,-1.0,0.938776,-57.06627
B,145.959184,146,-1.0,0.959184,-57.36619
B,145.979592,146,-1.0,0.979592,-57.68587
B,146.0,146,-1.0,1.0,-58.02616
B,146.0,147,1.0,0.0,45.03161
B,146.020408,147,1.0,0.020408,47.10836
B,146.040816,147,1.0,0.040816,48.71752
B,146.061224,147,1.0,0.061224,49.96439
B,146.081633,147,1.0,0.081633,50.93061
B,146.102041,147,1.0,0.102041,51.67945
B,146.122449,147,1.0,0.122449,52.25997
B,146.142857,147,1.0,0.142857,52.71022
B,146.163265,147,1.0,0.163265,53.05972
B,146.183673,147,1.0,0.183673,53.33139
B,146.204082,147,1.0,0.204082,53.54304
B,146.22449,147,1.0,0.22449,53.70853
B,146.244898,147,1.0,0.244898,53.83863
B,146.265306,147,1.0,0.265306,53.94178
B,146.285714,147,1.0,0.285714,54.02456
B,146.306122,147,1.0,0.306122,54.09214
B,146.326531,147,1.0,0.326531,54.14861
B,146.346939,147,1.0,0.346939,54.1972
B,146.367347,147,1.0,0.367347,54.24052
B,146.387755,147,1.0,0.387755,54.28065
B,146.408163,147,1.0,0.408163,54.3193
B,146.428571,147,1.0,0.428571,54.3579
B,146.44898,147,1.0,0.44898,54.39764
B,146.469388,147,1.0,0.469388,54.43954
B,146.489796,147,1.0,0.489796,54.48452
B,146.510204,147,1.0,0.510204,54.53339
B,146.530612,147,1.0,0.530612,54.58687
B,146.55102,147,1.0,0.55102,54.64567
B,146.571429,147,1.0,0.571429,54.71044
B,146.591837,147,1.0,0.591837,54.78182
B,146.612245,147,1.0,0.612245,54.86044
B,146.632653,147,1.0,0.632653,54.94689
B,146.653061,147,1.0,0.653061,55.04181
B,146.673469,147,1.0,0.673469,55.14581
B,146.693878,147,1.0,0.693878,55.25952
B,146.714286,147,1.0,0.714286,55.38357
B,146.734694,147,1.0,0.734694,55.51861
B,146.755102,147,1.0,0.755102,55.6653
B,146.77551,147,1.0,0.77551,55.82431
B,146.795918,147,1.0,0.795918,55.99633
B,146.816327,147,1.0,0.816327,56.18207
B,146.836735,147,1.0,0.836735,56.38224
B,146.857143,147,1.0,0.857143,56.59759
B,146.877551,147,1.0,0.877551,56.82886
B,146.897959,147,1.0,0.897959,57.07682
B,146.918367,147,1.0,0.918367,57.34227
B,146.938776,147,1.0,0.938776,57.62602
B,146.959184,147,1.0,0.959184,57.92887
B,146.979592,147,1.0,0.979592,58.25169
B,147.0,147,1.0,1.0,58.59531
B,147.0,148,-1.0,0.0,-44.88722
B,147.020408,148,-1.0,0.020408,-46.95731
B,147.040816,148,-1.0,0.040816,-48.56131
B,147.061224,148,-1.0,0.061224,-49.80418
B,147.081633,148,-1.0,0.081633,-50.7673
B,147.102041,148,-1.0,0.102041,-51.51374
B,147.122449,148,-1.0,0.122449,-52.0924
B,147.142857,148,-1.0,0.142857,-52.5412
B,147.163265,148,-1.0,0.163265,-52.88958
B,147.183673,148,-1.0,0.183673,-53.16038
B,147.204082,148,-1.0,0.204082,-53.37136
B,147.22449,148,-1.0,0.22449,-53.53631
B,147.244898,148,-1.0,0.244898,-53.666
B,147.265306,148,-1.0,0.265306,-53.76882
B,147.285714,148,-1.0,0.285714,-53.85133
B,147.306122,148,-1.0,0.306122,-53.91869
B,147.326531,148,-1.0,0.326531,-53.97498
B,147.346939,148,-1.0,0.346939,-54.02342
B,147.367347,148,-1.0,0.367347,-54.0666
B,147.387755,148,-1.0,0.387755,-54.1066
B,147.408163,148,-1.0,0.408163,-54.14513
B,147.428571,148,-1.0,0.428571,-54.1836
B,147.44898,148,-1.0,0.44898,-54.22321
B,147.469388,148,-1.0,0.469388,-54.26498
B,147.489796,148,-1.0,0.489796,-54.30982
B,147.510204,148,-1.0,0.510204,-54.35853
B,147.530612,148,-1.0,0.530612,-54.41184
B,147.55102,148,-1.0,0.55102,-54.47045
B,147.571429,148,-1.0,0.571429,-54.53502
B,147.591837,148,-1.0,0.591837,-54.60617
B,147.612245,148,-1.0,0.612245,-54.68453
B,147.632653,148,-1.0,0.632653,-54.77071
B,147.653061,148,-1.0,0.653061,-54.86532
B,147.673469,148,-1.0,0.673469,-54.96899
B,147.693878,148,-1.0,0.693878,-55.08233
B,147.714286,148,-1.0,0.714286,-55.20598
B,147.734694,148,-1.0,0.734694,-55.34059
B,147.755102,148,-1.0,0.755102,-55.48681
B,147.77551,148,-1.0,0.77551,-55.64531
B,147.795918,148,-1.0,0.795918,-55.81678
B,147.816327,148,-1.0,0.816327,-56.00192
B,147.836735,148,-1.0,0.836735,-56.20145
B,147.857143,148,-1.0,0.857143,-56.41611
B,147.877551,148,-1.0,0.877551,-56.64663
B,147.897959,148,-1.0,0.897959,-56.89381
B,147.918367,148,-1.0,0.918367,-57.15841
B,147.938776,148,-1.0,0.938776,-57.44124
B,147.959184,148,-1.0,0.959184,-57.74312
B,147.979592,148,-1.0,0.979592,-58.0649
B,148.0,148,-1.0,1.0,-58.40743
B,148.0,149,1.0,0.0,45.04956
B,148.020408,149,1.0,0.020408,47.12714
B,148.040816,149,1.0,0.040816,48.73693
B,148.061224,149,1.0,0.061224,49.98431
B,148.081633,149,1.0,0.081633,50.95091
B,148.102041,149,1.0,0.102041,51.70005
B,148.122449,149,1.0,0.122449,52.2808
B,148.142857,149,1.0,0.142857,52.73122
B,148.163265,149,1.0,0.163265,53.08086
B,148.183673,149,1.0,0.183673,53.35264
B,148.204082,149,1.0,0.204082,53.56438
B,148.22449,149,1.0,0.22449,53.72993
B,148.244898,149,1.0,0.244898,53.86009
B,148.265306,149,1.0,0.265306,53.96328
B,148.285714,149,1.0,0.285714,54.04609
B,148.306122,149,1.0,0.306122,54.1137
B,148.326531,149,1.0,0.326531,54.17019
B,148.346939,149,1.0,0.346939,54.2188
B,148.367347,149,1.0,0.367347,54.26214
B,148.387755,149,1.0,0.387755,54.30228
B,148.408163,149,1.0,0.408163,54.34095
B,148.428571,149,1.0,0.428571,54.37956
B,148.44898,149,1.0,0.44898,54.41931
B,148.469388,149,1.0,0.469388,54.46124
B,148.489796,149,1.0,0.489796,54.50624
B,148.510204,149,1.0,0.510204,54.55512
B,148.530612,149,1.0,0.530612,54.60863
B,148.55102,149,1.0,0.55102,54.66745
B,148.571429,149,1.0,0.571429,54.73225
B,148.591837,149,1.0,0.591837,54.80366
B,148.612245,149,1.0,0.612245,54.8823
B,148.632653,149,1.0,0.632653,54.96879
B,148.653061,149,1.0,0.653061,55.06375
B,148.673469,149,1.0,0.673469,55.16779
B,148.693878,149,1.0,0.693878,55.28154
B,148.714286,149,1.0,0.714286,55.40564
B,148.734694,149,1.0,0.734694,55.54074
B,148.755102,149,1.0,0.755102,55.68748
B,148.77551,149,1.0,0.77551,55.84656
B,148.795918,149,1.0,0.795918,56.01865
B,148.816327,149,1.0,0.816327,56.20446
B,148.836735,149,1.0,0.836735,56.40471
B,148.857143,149,1.0,0.857143,56.62014
B,148.877551,149,1.0,0.877551,56.8515
B,148.897959,149,1.0,0.897959,57.09957
B,148.918367,149,1.0,0.918367,57.36513
B,148.938776,149,1.0,0.938776,57.64898
B,148.959184,149,1.0,0.959184,57.95196
B,148.979592,149,1.0,0.979592,58.2749
B,149.0,149,1.0,1.0,58.61867
B,149.0,150,-1.0,0.0,-45.20754
B,149.020408,150,-1.0,0.020408,-47.2924
B,149.040816,150,-1.0,0.040816,-48.90785
B,149.061224,150,-1.0,0.061224,-50.15959
B,149.081633,150,-1.0,0.081633,-51.12959
B,149.102041,150,-1.0,0.102041,-51.88135
B,149.122449,150,-1.0,0.122449,-52.46414
B,149.142857,150,-1.0,0.142857,-52.91614
B,149.163265,150,-1.0,0.163265,-53.26701
B,149.183673,150,-1.0,0.183673,-53.53974
B,149.204082,150,-1.0,0.204082,-53.75222
B,149.22449,150,-1.0,0.22449,-53.91835
B,149.244898,150,-1.0,0.244898,-54.04897
B,149.265306,150,-1.0,0.265306,-54.15252
B,149.285714,150,-1.0,0.285714,-54.23562
B,149.306122,150,-1.0,0.306122,-54.30346
B,149.326531,150,-1.0,0.326531,-54.36015
B,149.346939,150,-1.0,0.346939,-54.40894
B,149.367347,150,-1.0,0.367347,-54.45242
B,149.387755,150,-1.0,0.387755,-54.49271
B,149.408163,150,-1.0,0.408163,-54.53151
B,149.428571,150,-1.0,0.428571,-54.57026
B,149.44898,150,-1.0,0.44898,-54.61015
B,149.469388,150,-1.0,0.469388,-54.65223
B,149.489796,150,-1.0,0.489796,-54.69738
B,149.510204,150,-1.0,0.510204,-54.74644
B,149.530612,150,-1.0,0.530612,-54.80013
B,149.55102,150,-1.0,0.55102,-54.85916
B,149.571429,150,-1.0,0.571429,-54.92419
B,149.591837,150,-1.0,0.591837,-54.99584
B,149.612245,150,-1.0,0.612245,-55.07476
B,149.632653,150,-1.0,0.632653,-55.16156
B,149.653061,150,-1.0,0.653061,-55.25685
B,149.673469,150,-1.0,0.673469,-55.36125
B,149.693878,150,-1.0,0.693878,-55.47541
B,149.714286,150,-1.0,0.714286,-55.59994
B,149.734694,150,-1.0,0.734694,-55.73551
B,149.755102,150,-1.0,0.755102,-55.88277
B,149.77551,150,-1.0,0.77551,-56.0424
B,149.795918,150,-1.0,0.795918,-56.2151
B,149.816327,150,-1.0,0.816327,-56.40156
B,149.836735,150,-1.0,0.836735,-56.60251
B,149.857143,150,-1.0,0.857143,-56.8187
B,149.877551,150,-1.0,0.877551,-57.05087
B,149.897959,150,-1.0,0.897959,-57.29981
B,149.918367,150,-1.0,0.918367,-57.5663
B,149.938776,150,-1.0,0.938776,-57.85115
B,149.959184,150,-1.0,0.959184,-58.15519
B,149.979592,150,-1.0,0.979592,-58.47926
B,150.0,150,-1.0,1.0,-58.82423
B,150.0,151,1.0,0.0,45.40395
B,150.020408,151,1.0,0.020408,47.49787
B,150.040816,151,1.0,0.040816,49.12033
B,150.061224,151,1.0,0.061224,50.37752
B,150.081633,151,1.0,0.081633,51.35173
B,150.102041,151,1.0,0.102041,52.10676
B,150.122449,151,1.0,0.122449,52.69207
B,150.142857,151,1.0,0.142857,53.14604
B,150.163265,151,1.0,0.163265,53.49843
B,150.183673,151,1.0,0.183673,53.77235
B,150.204082,151,1.0,0.204082,53.98576
B,150.22449,151,1.0,0.22449,54.15261
B,150.244898,151,1.0,0.244898,54.28379
B,150.265306,151,1.0,0.265306,54.38779
B,150.285714,151,1.0,0.285714,54.47125
B,150.306122,151,1.0,0.306122,54.53939
B,150.326531,151,1.0,0.326531,54.59633
B,150.346939,151,1.0,0.346939,54.64533
B,150.367347,151,1.0,0.367347,54.689
B,150.387755,151,1.0,0.387755,54.72946
B,150.408163,151,1.0,0.408163,54.76843
B,150.428571,151,1.0,0.428571,54.80735
B,150.44898,151,1.0,0.44898,54.84742
B,150.469388,151,1.0,0.469388,54.88967
B,150.489796,151,1.0,0.489796,54.93502
B,150.510204,151,1.0,0.510204,54.98429
B,150.530612,151,1.0,0.530612,55.03822
B,150.55102,151,1.0,0.55102,55.0975
B,150.571429,151,1.0,0.571429,55.16281
B,150.591837,151,1.0,0.591837,55.23478
B,150.612245,151,1.0,0.612245,55.31404
B,150.632653,151,1.0,0.632653,55.40121
B,150.653061,151,1.0,0.653061,55.49692
B,150.673469,151,1.0,0.673469,55.60178
B,150.693878,151,1.0,0.693878,55.71643
B,150.714286,151,1.0,0.714286,55.8415
B,150.734694,151,1.0,0.734694,55.97766
B,150.755102,151,1.0,0.755102,56.12556
B,150.77551,151,1.0,0.77551,56.28589
B,150.795918,151,1.0,0.795918,56.45933
B,150.816327,151,1.0,0.816327,56.6466
B,150.836735,151,1.0,0.836735,56.84843
B,150.857143,151,1.0,0.857143,57.06556
B,150.877551,151,1.0,0.877551,57.29874
B,150.897959,151,1.0,0.897959,57.54875
B,150.918367,151,1.0,0.918367,57.8164
B,150.938776,151,1.0,0.938776,58.10249
B,150.959184,151,1.0,0.959184,58.40785
B,150.979592,151,1.0,0.979592,58.73333
B,151.0,151,1.0,1.0,59.0798
B,151.0,152,-1.0,0.0,-45.41766
B,151.020408,152,-1.0,0.020408,-47.51221
B,151.040816,152,-1.0,0.040816,-49.13516
B,151.061224,152,-1.0,0.061224,-50.39273
B,151.081633,152,-1.0,0.081633,-51.36723
B,151.102041,152,-1.0,0.102041,-52.12249
B,151.122449,152,-1.0,0.122449,-52.70798
B,151.142857,152,-1.0,0.142857,-53.16209
B,151.163265,152,-1.0,0.163265,-53.51459
B,151.183673,152,-1.0,0.183673,-53.78859
B,151.204082,152,-1.0,0.204082,-54.00206
B,151.22449,152,-1.0,0.22449,-54.16896
B,151.244898,152,-1.0,0.244898,-54.30018
B,151.265306,152,-1.0,0.265306,-54.40421
B,151.285714,152,-1.0,0.285714,-54.4877
B,151.306122,152,-1.0,0.306122,-54.55586
B,151.326531,152,-1.0,0.326531,-54.61281
B,151.346939,152,-1.0,0.346939,-54.66182
B,151.367347,152,-1.0,0.367347,-54.70551
B,151.387755,152,-1.0,0.387755,-54.74598
B,151.408163,152,-1.0,0.408163,-54.78497
B,151.428571,152,-1.0,0.428571,-54.8239
B,151.44898,152,-1.0,0.44898,-54.86397
B,151.469388,152,-1.0,0.469388,-54.90624
B,151.489796,152,-1.0,0.489796,-54.95161
B,151.510204,152,-1.0,0.510204,-55.00089
B,151.530612,152,-1.0,0.530612,-55.05483
B,151.55102,152,-1.0,0.55102,-55.11414
B,151.571429,152,-1.0,0.571429,-55.17947
B,151.591837,152,-1.0,0.591837,-55.25146
B,151.612245,152,-1.0,0.612245,-55.33074
B,151.632653,152,-1.0,0.632653,-55.41794
B,151.653061,152,-1.0,0.653061,-55.51367
B,151.673469,152,-1.0,0.673469,-55.61857
B,151.693878,152,-1.0,0.693878,-55.73325
B,151.714286,152,-1.0,0.714286,-55.85836
B,151.734694,152,-1.0,0.734694,-55.99456
B,151.755102,152,-1.0,0.755102,-56.14251
B,151.77551,152,-1.0,0.77551,-56.30288
B,151.795918,152,-1.0,0.795918,-56.47638
B,151.816327,152,-1.0,0.816327,-56.66371
B,151.836735,152,-1.0,0.836735,-56.86559
B,151.857143,152,-1.0,0.857143,-57.08278
B,151.877551,152,-1.0,0.877551,-57.31604
B,151.897959,152,-1.0,0.897959,-57.56613
B,151.918367,152,-1.0,0.918367,-57.83386
B,151.938776,152,-1.0,0.938776,-58.12003
B,151.959184,152,-1.0,0.959184,-58.42548
B,151.979592,152,-1.0,0.979592,-58.75107
B,152.0,152,-1.0,1.0,-59.09764
B,152.0,153,1.0,0.0,45.41715
B,152.020408,153,1.0,0.020408,47.51168
B,152.040816,153,1.0,0.040816,49.13462
B,152.061224,153,1.0,0.061224,50.39217
B,152.081633,153,1.0,0.081633,51.36666
B,152.102041,153,1.0,0.102041,52.12191
B,152.122449,153,1.0,0.122449,52.7074
B,152.142857,153,1.0,0.142857,53.1615
B,152.163265,153,1.0,0.163265,53.51399
B,152.183673,153,1.0,0.183673,53.78799
B,152.204082,153,1.0,0.204082,54.00145
B,152.22449,153,1.0,0.22449,54.16836
B,152.244898,153,1.0,0.244898,54.29958
B,152.265306,153,1.0,0.265306,54.40361
B,152.285714,153,1.0,0.285714,54.48709
B,152.306122,153,1.0,0.306122,54.55525
B,152.326531,153,1.0,0.326531,54.6122
B,152.346939,153,1.0,0.346939,54.66122
B,152.367347,153,1.0,0.367347,54.7049
B,152.387755,153,1.0,0.387755,54.74538
B,152.408163,153,1.0,0.408163,54.78436
B,152.428571,153,1.0,0.428571,54.82329
B,152.44898,153,1.0,0.44898,54.86336
B,152.469388,153,1.0,0.469388,54.90563
B,152.489796,153,1.0,0.489796,54.951
B,152.510204,153,1.0,0.510204,55.00028
B,152.530612,153,1.0,0.530612,55.05422
B,152.55102,153,1.0,0.55102,55.11352
B,152.571429,153,1.0,0.571429,55.17885
B,152.591837,153,1.0,0.591837,55.25084
B,152.612245,153,1.0,0.612245,55.33013
B,152.632653,153,1.0,0.632653,55.41732
B,152.653061,153,1.0,0.653061,55.51306
B,152.673469,153,1.0,0.673469,55.61795
B,152.693878,153,1.0,0.693878,55.73263
B,152.714286,153,1.0,0.714286,55.85774
B,152.734694,153,1.0,0.734694,55.99394
B,152.755102,153,1.0,0.755102,56.14188
B,152.77551,153,1.0,0.77551,56.30225
B,152.795918,153,1.0,0.795918,56.47575
B,152.816327,153,1.0,0.816327,56.66308
B,152.836735,153,1.0,0.836735,56.86496
B,152.857143,153,1.0,0.857143,57.08215
B,152.877551,153,1.0,0.877551,57.3154
B,152.897959,153,1.0,0.897959,57.56549
B,152.918367,153,1.0,0.918367,57.83321
B,152.938776,153,1.0,0.938776,58.11938
B,152.959184,153,1.0,0.959184,58.42483
B,152.979592,153,1.0,0.979592,58.75041
B,153.0,153,1.0,1.0,59.09698
B,153.0,154,-1.0,0.0,-45.57893
B,153.020408,154,-1.0,0.020408,-47.68092
B,153.040816,154,-1.0,0.040816,-49.30964
B,153.061224,154,-1.0,0.061224,-50.57167
B,153.081633,154,-1.0,0.081633,-51.54963
B,153.102041,154,-1.0,0.102041,-52.30757
B,153.122449,154,-1.0,0.122449,-52.89514
B,153.142857,154,-1.0,0.142857,-53.35086
B,153.163265,154,-1.0,0.163265,-53.70461
B,153.183673,154,-1.0,0.183673,-53.97959
B,153.204082,154,-1.0,0.204082,-54.19381
B,153.22449,154,-1.0,0.22449,-54.36131
B,153.244898,154,-1.0,0.244898,-54.493
B,153.265306,154,-1.0,0.265306,-54.5974
B,153.285714,154,-1.0,0.285714,-54.68118
B,153.306122,154,-1.0,0.306122,-54.74958
B,153.326531,154,-1.0,0.326531,-54.80674
B,153.346939,154,-1.0,0.346939,-54.85592
B,153.367347,154,-1.0,0.367347,-54.89977
B,153.387755,154,-1.0,0.387755,-54.94038
B,153.408163,154,-1.0,0.408163,-54.97951
B,153.428571,154,-1.0,0.428571,-55.01857
B,153.44898,154,-1.0,0.44898,-55.05879
B,153.469388,154,-1.0,0.469388,-55.10121
B,153.489796,154,-1.0,0.489796,-55.14674
B,153.510204,154,-1.0,0.510204,-55.19619
B,153.530612,154,-1.0,0.530612,-55.25033
B,153.55102,154,-1.0,0.55102,-55.30984
B,153.571429,154,-1.0,0.571429,-55.3754
B,153.591837,154,-1.0,0.591837,-55.44765
B,153.612245,154,-1.0,0.612245,-55.52722
B,153.632653,154,-1.0,0.632653,-55.61472
B,153.653061,154,-1.0,0.653061,-55.7108
B,153.673469,154,-1.0,0.673469,-55.81606
B,153.693878,154,-1.0,0.693878,-55.93115
B,153.714286,154,-1.0,0.714286,-56.05671
B,153.734694,154,-1.0,0.734694,-56.19339
B,153.755102,154,-1.0,0.755102,-56.34186
B,153.77551,154,-1.0,0.77551,-56.50281
B,153.795918,154,-1.0,0.795918,-56.67692
B,153.816327,154,-1.0,0.816327,-56.86491
B,153.836735,154,-1.0,0.836735,-57.06752
B,153.857143,154,-1.0,0.857143,-57.28548
B,153.877551,154,-1.0,0.877551,-57.51956
B,153.897959,154,-1.0,0.897959,-57.77054
B,153.918367,154,-1.0,0.918367,-58.03922
B,153.938776,154,-1.0,0.938776,-58.32641
B,153.959184,154,-1.0,0.959184,-58.63295
B,153.979592,154,-1.0,0.979592,-58.95969
B,154.0,154,-1.0,1.0,-59.30749
B,154.0,155,1.0,0.0,45.63578
B,154.020408,155,1.0,0.020408,47.7404
B,154.040816,155,1.0,0.040816,49.37114
B,154.061224,155,1.0,0.061224,50.63475
B,154.081633,155,1.0,0.081633,51.61393
B,154.102041,155,1.0,0.102041,52.37282
B,154.122449,155,1.0,0.122449,52.96112
B,154.142857,155,1.0,0.142857,53.41741
B,154.163265,155,1.0,0.163265,53.7716
B,154.183673,155,1.0,0.183673,54.04692
B,154.204082,155,1.0,0.204082,54.26141
B,154.22449,155,1.0,0.22449,54.42912
B,154.244898,155,1.0,0.244898,54.56097
B,154.265306,155,1.0,0.265306,54.6655
B,154.285714,155,1.0,0.285714,54.74938
B,154.306122,155,1.0,0.306122,54.81787
B,154.326531,155,1.0,0.326531,54.8751
B,154.346939,155,1.0,0.346939,54.92435
B,154.367347,155,1.0,0.367347,54.96825
B,154.387755,155,1.0,0.387755,55.00891
B,154.408163,155,1.0,0.408163,55.04808
B,154.428571,155,1.0,0.428571,55.0872
B,154.44898,155,1.0,0.44898,55.12747
B,154.469388,155,1.0,0.469388,55.16994
B,154.489796,155,1.0,0.489796,55.21552
B,154.510204,155,1.0,0.510204,55.26504
B,154.530612,155,1.0,0.530612,55.31924
B,154.55102,155,1.0,0.55102,55.37883
B,154.571429,155,1.0,0.571429,55.44448
B,154.591837,155,1.0,0.591837,55.51681
B,154.612245,155,1.0,0.612245,55.59648
B,154.632653,155,1.0,0.632653,55.6841
B,154.653061,155,1.0,0.653061,55.78029
B,154.673469,155,1.0,0.673469,55.88568
B,154.693878,155,1.0,0.693878,56.00092
B,154.714286,155,1.0,0.714286,56.12663
B,154.734694,155,1.0,0.734694,56.26348
B,154.755102,155,1.0,0.755102,56.41214
B,154.77551,155,1.0,0.77551,56.57329
B,154.795918,155,1.0,0.795918,56.74762
B,154.816327,155,1.0,0.816327,56.93584
B,154.836735,155,1.0,0.836735,57.1387
B,154.857143,155,1.0,0.857143,57.35694
B,154.877551,155,1.0,0.877551,57.59131
B,154.897959,155,1.0,0.897959,57.8426
B,154.918367,155,1.0,0.918367,58.11161
B,154.938776,155,1.0,0.938776,58.39916
B,154.959184,155,1.0,0.959184,58.70608
B,154.979592,155,1.0,0.979592,59.03323
B,155.0,155,1.0,1.0,59.38147
B,155.0,156,-1.0,0.0,-45.31649
B,155.020408,156,-1.0,0.020408,-47.40638
B,155.040816,156,-1.0,0.040816,-49.02572
B,155.061224,156,-1.0,0.061224,-50.28048
B,155.081633,156,-1.0,0.081633,-51.25281
B,155.102041,156,-1.0,0.102041,-52.00639
B,155.122449,156,-1.0,0.122449,-52.59058
B,155.142857,156,-1.0,0.142857,-53.04368
B,155.163265,156,-1.0,0.163265,-53.39539
B,155.183673,156,-1.0,0.183673,-53.66878
B,155.204082,156,-1.0,0.204082,-53.88177
B,155.22449,156,-1.0,0.22449,-54.0483
B,155.244898,156,-1.0,0.244898,-54.17923
B,155.265306,156,-1.0,0.265306,-54.28303
B,155.285714,156,-1.0,0.285714,-54.36633
B,155.306122,156,-1.0,0.306122,-54.43434
B,155.326531,156,-1.0,0.326531,-54.49117
B,155.346939,156,-1.0,0.346939,-54.54007
B,155.367347,156,-1.0,0.367347,-54.58366
B,155.387755,156,-1.0,0.387755,-54.62404
B,155.408163,156,-1.0,0.408163,-54.66294
B,155.428571,156,-1.0,0.428571,-54.70178
B,155.44898,156,-1.0,0.44898,-54.74177
B,155.469388,156,-1.0,0.469388,-54.78394
B,155.489796,156,-1.0,0.489796,-54.82921
B,155.510204,156,-1.0,0.510204,-54.87838
B,155.530612,156,-1.0,0.530612,-54.9322
B,155.55102,156,-1.0,0.55102,-54.99138
B,155.571429,156,-1.0,0.571429,-55.05656
B,155.591837,156,-1.0,0.591837,-55.12839
B,155.612245,156,-1.0,0.612245,-55.2075
B,155.632653,156,-1.0,0.632653,-55.2945
B,155.653061,156,-1.0,0.653061,-55.39002
B,155.673469,156,-1.0,0.673469,-55.49468
B,155.693878,156,-1.0,0.693878,-55.60911
B,155.714286,156,-1.0,0.714286,-55.73394
B,155.734694,156,-1.0,0.734694,-55.86984
B,155.755102,156,-1.0,0.755102,-56.01745
B,155.77551,156,-1.0,0.77551,-56.17747
B,155.795918,156,-1.0,0.795918,-56.35058
B,155.816327,156,-1.0,0.816327,-56.53749
B,155.836735,156,-1.0,0.836735,-56.73893
B,155.857143,156,-1.0,0.857143,-56.95564
B,155.877551,156,-1.0,0.877551,-57.18837
B,155.897959,156,-1.0,0.897959,-57.43791
B,155.918367,156,-1.0,0.918367,-57.70504
B,155.938776,156,-1.0,0.938776,-57.99057
B,155.959184,156,-1.0,0.959184,-58.29535
B,155.979592,156,-1.0,0.979592,-58.6202
B,156.0,156,-1.0,1.0,-58.96601
B,156.0,157,1.0,0.0,45.27734
B,156.020408,157,1.0,0.020408,47.36543
B,156.040816,157,1.0,0.040816,48.98336
B,156.061224,157,1.0,0.061224,50.23704
B,156.081633,157,1.0,0.081633,51.20853
B,156.102041,157,1.0,0.102041,51.96146
B,156.122449,157,1.0,0.122449,52.54514
B,156.142857,157,1.0,0.142857,52.99785
B,156.163265,157,1.0,0.163265,53.34926
B,156.183673,157,1.0,0.183673,53.62241
B,156.204082,157,1.0,0.204082,53.83522
B,156.22449,157,1.0,0.22449,54.00161
B,156.244898,157,1.0,0.244898,54.13242
B,156.265306,157,1.0,0.265306,54.23613
B,156.285714,157,1.0,0.285714,54.31936
B,156.306122,157,1.0,0.306122,54.38731
B,156.326531,157,1.0,0.326531,54.44409
B,156.346939,157,1.0,0.346939,54.49295
B,156.367347,157,1.0,0.367347,54.5365
B,156.387755,157,1.0,0.387755,54.57685
B,156.408163,157,1.0,0.408163,54.61571
B,156.428571,157,1.0,0.428571,54.65452
B,156.44898,157,1.0,0.44898,54.69448
B,156.469388,157,1.0,0.469388,54.73661
B,156.489796,157,1.0,0.489796,54.78184
B,156.510204,157,1.0,0.510204,54.83097
B,156.530612,157,1.0,0.530612,54.88475
B,156.55102,157,1.0,0.55102,54.94387
B,156.571429,157,1.0,0.571429,55.00899
B,156.591837,157,1.0,0.591837,55.08076
B,156.612245,157,1.0,0.612245,55.1598
B,156.632653,157,1.0,0.632653,55.24673
B,156.653061,157,1.0,0.653061,55.34217
B,156.673469,157,1.0,0.673469,55.44674
B,156.693878,157,1.0,0.693878,55.56106
B,156.714286,157,1.0,0.714286,55.68579
B,156.734694,157,1.0,0.734694,55.82157
B,156.755102,157,1.0,0.755102,55.96906
B,156.77551,157,1.0,0.77551,56.12894
B,156.795918,157,1.0,0.795918,56.3019
B,156.816327,157,1.0,0.816327,56.48865
B,156.836735,157,1.0,0.836735,56.68991
B,156.857143,157,1.0,0.857143,56.90643
B,156.877551,157,1.0,0.877551,57.13896
B,156.897959,157,1.0,0.897959,57.38828
B,156.918367,157,1.0,0.918367,57.65518
B,156.938776,157,1.0,0.938776,57.94047
B,156.959184,157,1.0,0.959184,58.24498
B,156.979592,157,1.0,0.979592,58.56956
B,157.0,157,1.0,1.0,58.91506
B,157.0,158,-1.0,0.0,-44.92545
B,157.020408,158,-1.0,0.020408,-46.99731
B,157.040816,158,-1.0,0.040816,-48.60267
B,157.061224,158,-1.0,0.061224,-49.84661
B,157.081633,158,-1.0,0.081633,-50.81055
B,157.102041,158,-1.0,0.102041,-51.55762
B,157.122449,158,-1.0,0.122449,-52.13677
B,157.142857,158,-1.0,0.142857,-52.58596
B,157.163265,158,-1.0,0.163265,-52.93463
B,157.183673,158,-1.0,0.183673,-53.20567
B,157.204082,158,-1.0,0.204082,-53.41682
B,157.22449,158,-1.0,0.22449,-53.58192
B,157.244898,158,-1.0,0.244898,-53.71172
B,157.265306,158,-1.0,0.265306,-53.81462
B,157.285714,158,-1.0,0.285714,-53.8972
B,157.306122,158,-1.0,0.306122,-53.96462
B,157.326531,158,-1.0,0.326531,-54.02096
B,157.346939,158,-1.0,0.346939,-54.06944
B,157.367347,158,-1.0,0.367347,-54.11265
B,157.387755,158,-1.0,0.387755,-54.15269
B,157.408163,158,-1.0,0.408163,-54.19125
B,157.428571,158,-1.0,0.428571,-54.22976
B,157.44898,158,-1.0,0.44898,-54.2694
B,157.469388,158,-1.0,0.469388,-54.31121
B,157.489796,158,-1.0,0.489796,-54.35608
B,157.510204,158,-1.0,0.510204,-54.40483
B,157.530612,158,-1.0,0.530612,-54.45819
B,157.55102,158,-1.0,0.55102,-54.51685
B,157.571429,158,-1.0,0.571429,-54.58147
B,157.591837,158,-1.0,0.591837,-54.65268
B,157.612245,158,-1.0,0.612245,-54.73111
B,157.632653,158,-1.0,0.632653,-54.81736
B,157.653061,158,-1.0,0.653061,-54.91206
B,157.673469,158,-1.0,0.673469,-55.01581
B,157.693878,158,-1.0,0.693878,-55.12925
B,157.714286,158,-1.0,0.714286,-55.25301
B,157.734694,158,-1.0,0.734694,-55.38773
B,157.755102,158,-1.0,0.755102,-55.53408
B,157.77551,158,-1.0,0.77551,-55.69271
B,157.795918,158,-1.0,0.795918,-55.86433
B,157.816327,158,-1.0,0.816327,-56.04963
B,157.836735,158,-1.0,0.836735,-56.24933
B,157.857143,158,-1.0,0.857143,-56.46416
B,157.877551,158,-1.0,0.877551,-56.69489
B,157.897959,158,-1.0,0.897959,-56.94227
B,157.918367,158,-1.0,0.918367,-57.2071
B,157.938776,158,-1.0,0.938776,-57.49017
B,157.959184,158,-1.0,0.959184,-57.79231
B,157.979592,158,-1.0,0.979592,-58.11437
B,158.0,158,-1.0,1.0,-58.45718
B,158.0,159,1.0,0.0,44.97935
B,158.020408,159,1.0,0.020408,47.05369
B,158.040816,159,1.0,0.040816,48.66098
B,158.061224,159,1.0,0.061224,49.90641
B,158.081633,159,1.0,0.081633,50.87151
B,158.102041,159,1.0,0.102041,51.61948
B,158.122449,159,1.0,0.122449,52.19932
B,158.142857,159,1.0,0.142857,52.64905
B,158.163265,159,1.0,0.163265,52.99814
B,158.183673,159,1.0,0.183673,53.2695
B,158.204082,159,1.0,0.204082,53.48091
B,158.22449,159,1.0,0.22449,53.6462
B,158.244898,159,1.0,0.244898,53.77615
B,158.265306,159,1.0,0.265306,53.87918
B,158.285714,159,1.0,0.285714,53.96186
B,158.306122,159,1.0,0.306122,54.02936
B,158.326531,159,1.0,0.326531,54.08577
B,158.346939,159,1.0,0.346939,54.13431
B,158.367347,159,1.0,0.367347,54.17757
B,158.387755,159,1.0,0.387755,54.21766
B,158.408163,159,1.0,0.408163,54.25626
B,158.428571,159,1.0,0.428571,54.29482
B,158.44898,159,1.0,0.44898,54.33451
B,158.469388,159,1.0,0.469388,54.37637
B,158.489796,159,1.0,0.489796,54.42129
B,158.510204,159,1.0,0.510204,54.4701
B,158.530612,159,1.0,0.530612,54.52352
B,158.55102,159,1.0,0.55102,54.58226
B,158.571429,159,1.0,0.571429,54.64695
B,158.591837,159,1.0,0.591837,54.71825
B,158.612245,159,1.0,0.612245,54.79677
B,158.632653,159,1.0,0.632653,54.88313
B,158.653061,159,1.0,0.653061,54.97794
B,158.673469,159,1.0,0.673469,55.08182
B,158.693878,159,1.0,0.693878,55.19539
B,158.714286,159,1.0,0.714286,55.3193
B,158.734694,159,1.0,0.734694,55.45418
B,158.755102,159,1.0,0.755102,55.6007
B,158.77551,159,1.0,0.77551,55.75953
B,158.795918,159,1.0,0.795918,55.93135
B,158.816327,159,1.0,0.816327,56.11687
B,158.836735,159,1.0,0.836735,56.31681
B,158.857143,159,1.0,0.857143,56.5319
B,158.877551,159,1.0,0.877551,56.76291
B,158.897959,159,1.0,0.897959,57.01058
B,158.918367,159,1.0,0.918367,57.27573
B,158.938776,159,1.0,0.938776,57.55914
B,158.959184,159,1.0,0.959184,57.86165
B,158.979592,159,1.0,0.979592,58.18408
B,159.0,159,1.0,1.0,58.52731
B,159.0,160,-1.0,0.0,-44.92855
B,159.020408,160,-1.0,0.020408,-47.00055
B,159.040816,160,-1.0,0.040816,-48.60602
B,159.061224,160,-1.0,0.061224,-49.85004
B,159.081633,160,-1.0,0.081633,-50.81405
B,159.102041,160,-1.0,0.102041,-51.56117
B,159.122449,160,-1.0,0.122449,-52.14036
B,159.142857,160,-1.0,0.142857,-52.58958
B,159.163265,160,-1.0,0.163265,-52.93828
B,159.183673,160,-1.0,0.183673,-53.20933
B,159.204082,160,-1.0,0.204082,-53.4205
B,159.22449,160,-1.0,0.22449,-53.58561
B,159.244898,160,-1.0,0.244898,-53.71542
B,159.265306,160,-1.0,0.265306,-53.81833
B,159.285714,160,-1.0,0.285714,-53.90091
B,159.306122,160,-1.0,0.306122,-53.96834
B,159.326531,160,-1.0,0.326531,-54.02468
B,159.346939,160,-1.0,0.346939,-54.07316
B,159.367347,160,-1.0,0.367347,-54.11638
B,159.387755,160,-1.0,0.387755,-54.15642
B,159.408163,160,-1.0,0.408163,-54.19498
B,159.428571,160,-1.0,0.428571,-54.23349
B,159.44898,160,-1.0,0.44898,-54.27314
B,159.469388,160,-1.0,0.469388,-54.31495
B,159.489796,160,-1.0,0.489796,-54.35983
B,159.510204,160,-1.0,0.510204,-54.40858
B,159.530612,160,-1.0,0.530612,-54.46194
B,159.55102,160,-1.0,0.55102,-54.52061
B,159.571429,160,-1.0,0.571429,-54.58523
B,159.591837,160,-1.0,0.591837,-54.65645
B,159.612245,160,-1.0,0.612245,-54.73488
B,159.632653,160,-1.0,0.632653,-54.82114
B,159.653061,160,-1.0,0.653061,-54.91584
B,159.673469,160,-1.0,0.673469,-55.0196
B,159.693878,160,-1.0,0.693878,-55.13305
B,159.714286,160,-1.0,0.714286,-55.25682
B,159.734694,160,-1.0,0.734694,-55.39155
B,159.755102,160,-1.0,0.755102,-55.5379
B,159.77551,160,-1.0,0.77551,-55.69655
B,159.795918,160,-1.0,0.795918,-55.86818
B,159.816327,160,-1.0,0.816327,-56.05349
B,159.836735,160,-1.0,0.836735,-56.2532
B,159.857143,160,-1.0,0.857143,-56.46805
B,159.877551,160,-1.0,0.877551,-56.69879
B,159.897959,160,-1.0,0.897959,-56.94619
B,159.918367,160,-1.0,0.918367,-57.21104
B,159.938776,160,-1.0,0.938776,-57.49413
B,159.959184,160,-1.0,0.959184,-57.79629
B,159.979592,160,-1.0,0.979592,-58.11837
B,160.0,160,-1.0,1.0,-58.46121
B,160.0,161,1.0,0.0,45.10645
B,160.020408,161,1.0,0.020408,47.18665
B,160.040816,161,1.0,0.040816,48.79848
B,160.061224,161,1.0,0.061224,50.04743
B,160.081633,161,1.0,0.081633,51.01525
B,160.102041,161,1.0,0.102041,51.76534
B,160.122449,161,1.0,0.122449,52.34682
B,160.142857,161,1.0,0.142857,52.79781
B,160.163265,161,1.0,0.163265,53.1479
B,160.183673,161,1.0,0.183673,53.42002
B,160.204082,161,1.0,0.204082,53.63203
B,160.22449,161,1.0,0.22449,53.79779
B,160.244898,161,1.0,0.244898,53.92811
B,160.265306,161,1.0,0.265306,54.03143
B,160.285714,161,1.0,0.285714,54.11434
B,160.306122,161,1.0,0.306122,54.18203
B,160.326531,161,1.0,0.326531,54.2386
B,160.346939,161,1.0,0.346939,54.28727
B,160.367347,161,1.0,0.367347,54.33066
B,160.387755,161,1.0,0.387755,54.37086
B,160.408163,161,1.0,0.408163,54.40957
B,160.428571,161,1.0,0.428571,54.44823
B,160.44898,161,1.0,0.44898,54.48804
B,160.469388,161,1.0,0.469388,54.53002
B,160.489796,161,1.0,0.489796,54.57507
B,160.510204,161,1.0,0.510204,54.62402
B,160.530612,161,1.0,0.530612,54.67759
B,160.55102,161,1.0,0.55102,54.73649
B,160.571429,161,1.0,0.571429,54.80137
B,160.591837,161,1.0,0.591837,54.87287
B,160.612245,161,1.0,0.612245,54.95161
B,160.632653,161,1.0,0.632653,55.03821
B,160.653061,161,1.0,0.653061,55.13329
B,160.673469,161,1.0,0.673469,55.23746
B,160.693878,161,1.0,0.693878,55.35136
B,160.714286,161,1.0,0.714286,55.47561
B,160.734694,161,1.0,0.734694,55.61088
B,160.755102,161,1.0,0.755102,55.75781
B,160.77551,161,1.0,0.77551,55.91709
B,160.795918,161,1.0,0.795918,56.08939
B,160.816327,161,1.0,0.816327,56.27544
B,160.836735,161,1.0,0.836735,56.47594
B,160.857143,161,1.0,0.857143,56.69164
B,160.877551,161,1.0,0.877551,56.9233
B,160.897959,161,1.0,0.897959,57.17168
B,160.918367,161,1.0,0.918367,57.43757
B,160.938776,161,1.0,0.938776,57.72178
B,160.959184,161,1.0,0.959184,58.02514
B,160.979592,161,1.0,0.979592,58.34849
B,161.0,161,1.0,1.0,58.69269
B,161.0,162,-1.0,0.0,-45.60908
B,161.020408,162,-1.0,0.020408,-47.71246
B,161.040816,162,-1.0,0.040816,-49.34225
B,161.061224,162,-1.0,0.061224,-50.60512
B,161.081633,162,-1.0,0.081633,-51.58373
B,161.102041,162,-1.0,0.102041,-52.34217
B,161.122449,162,-1.0,0.122449,-52.93013
B,161.142857,162,-1.0,0.142857,-53.38615
B,161.163265,162,-1.0,0.163265,-53.74013
B,161.183673,162,-1.0,0.183673,-54.01529
B,161.204082,162,-1.0,0.204082,-54.22966
B,161.22449,162,-1.0,0.22449,-54.39727
B,161.244898,162,-1.0,0.244898,-54.52904
B,161.265306,162,-1.0,0.265306,-54.63351
B,161.285714,162,-1.0,0.285714,-54.71735
B,161.306122,162,-1.0,0.306122,-54.7858
B,161.326531,162,-1.0,0.326531,-54.84299
B,161.346939,162,-1.0,0.346939,-54.89221
B,161.367347,162,-1.0,0.367347,-54.93608
B,161.387755,162,-1.0,0.387755,-54.97672
B,161.408163,162,-1.0,0.408163,-55.01587
B,161.428571,162,-1.0,0.428571,-55.05496
B,161.44898,162,-1.0,0.44898,-55.09521
B,161.469388,162,-1.0,0.469388,-55.13766
B,161.489796,162,-1.0,0.489796,-55.18321
B,161.510204,162,-1.0,0.510204,-55.2327
B,161.530612,162,-1.0,0.530612,-55.28687
B,161.55102,162,-1.0,0.55102,-55.34643
B,161.571429,162,-1.0,0.571429,-55.41203
B,161.591837,162,-1.0,0.591837,-55.48433
B,161.612245,162,-1.0,0.612245,-55.56395
B,161.632653,162,-1.0,0.632653,-55.65151
B,161.653061,162,-1.0,0.653061,-55.74765
B,161.673469,162,-1.0,0.673469,-55.85298
B,161.693878,162,-1.0,0.693878,-55.96815
B,161.714286,162,-1.0,0.714286,-56.09379
B,161.734694,162,-1.0,0.734694,-56.23056
B,161.755102,162,-1.0,0.755102,-56.37913
B,161.77551,162,-1.0,0.77551,-56.54018
B,161.795918,162,-1.0,0.795918,-56.71441
B,161.816327,162,-1.0,0.816327,-56.90253
B,161.836735,162,-1.0,0.836735,-57.10527
B,161.857143,162,-1.0,0.857143,-57.32337
B,161.877551,162,-1.0,0.877551,-57.55761
B,161.897959,162,-1.0,0.897959,-57.80875
B,161.918367,162,-1.0,0.918367,-58.07761
B,161.938776,162,-1.0,0.938776,-58.36499
B,161.959184,162,-1.0,0.959184,-58.67173
B,161.979592,162,-1.0,0.979592,-58.99868
B,162.0,162,-1.0,1.0,-59.34672
B,162.0,163,1.0,0.0,45.72376
B,162.020408,163,1.0,0.020408,47.83243
B,162.040816,163,1.0,0.040816,49.46632
B,162.061224,163,1.0,0.061224,50.73236
B,162.081633,163,1.0,0.081633,51.71343
B,162.102041,163,1.0,0.102041,52.47378
B,162.122449,163,1.0,0.122449,53.06322
B,162.142857,163,1.0,0.142857,53.52038
B,162.163265,163,1.0,0.163265,53.87526
B,162.183673,163,1.0,0.183673,54.15111
B,162.204082,163,1.0,0.204082,54.36601
B,162.22449,163,1.0,0.22449,54.53404
B,162.244898,163,1.0,0.244898,54.66615
B,162.265306,163,1.0,0.265306,54.77088
B,162.285714,163,1.0,0.285714,54.85493
B,162.306122,163,1.0,0.306122,54.92355
B,162.326531,163,1.0,0.326531,54.98088
B,162.346939,163,1.0,0.346939,55.03023
B,162.367347,163,1.0,0.367347,55.07421
B,162.387755,163,1.0,0.387755,55.11495
B,162.408163,163,1.0,0.408163,55.1542
B,162.428571,163,1.0,0.428571,55.19339
B,162.44898,163,1.0,0.44898,55.23374
B,162.469388,163,1.0,0.469388,55.27629
B,162.489796,163,1.0,0.489796,55.32196
B,162.510204,163,1.0,0.510204,55.37158
B,162.530612,163,1.0,0.530612,55.42589
B,162.55102,163,1.0,0.55102,55.48559
B,162.571429,163,1.0,0.571429,55.55136
B,162.591837,163,1.0,0.591837,55.62383
B,162.612245,163,1.0,0.612245,55.70365
B,162.632653,163,1.0,0.632653,55.79144
B,162.653061,163,1.0,0.653061,55.88782
B,162.673469,163,1.0,0.673469,55.99342
B,162.693878,163,1.0,0.693878,56.10887
B,162.714286,163,1.0,0.714286,56.23483
B,162.734694,163,1.0,0.734694,56.37195
B,162.755102,163,1.0,0.755102,56.52089
B,162.77551,163,1.0,0.77551,56.68234
B,162.795918,163,1.0,0.795918,56.85701
B,162.816327,163,1.0,0.816327,57.0456
B,162.836735,163,1.0,0.836735,57.24885
B,162.857143,163,1.0,0.857143,57.4675
B,162.877551,163,1.0,0.877551,57.70233
B,162.897959,163,1.0,0.897959,57.95411
B,162.918367,163,1.0,0.918367,58.22364
B,162.938776,163,1.0,0.938776,58.51174
B,162.959184,163,1.0,0.959184,58.81925
B,162.979592,163,1.0,0.979592,59.14703
B,163.0,163,1.0,1.0,59.49594
B,163.0,164,-1.0,0.0,-45.64177
B,163.020408,164,-1.0,0.020408,-47.74666
B,163.040816,164,-1.0,0.040816,-49.37762
B,163.061224,164,-1.0,0.061224,-50.64138
B,163.081633,164,-1.0,0.081633,-51.6207
B,163.102041,164,-1.0,0.102041,-52.37968
B,163.122449,164,-1.0,0.122449,-52.96806
B,163.142857,164,-1.0,0.142857,-53.42441
B,163.163265,164,-1.0,0.163265,-53.77865
B,163.183673,164,-1.0,0.183673,-54.054
B,163.204082,164,-1.0,0.204082,-54.26852
B,163.22449,164,-1.0,0.22449,-54.43625
B,163.244898,164,-1.0,0.244898,-54.56812
B,163.265306,164,-1.0,0.265306,-54.67266
B,163.285714,164,-1.0,0.285714,-54.75656
B,163.306122,164,-1.0,0.306122,-54.82506
B,163.326531,164,-1.0,0.326531,-54.88229
B,163.346939,164,-1.0,0.346939,-54.93155
B,163.367347,164,-1.0,0.367347,-54.97545
B,163.387755,164,-1.0,0.387755,-55.01612
B,163.408163,164,-1.0,0.408163,-55.0553
B,163.428571,164,-1.0,0.428571,-55.09442
B,163.44898,164,-1.0,0.44898,-55.13469
B,163.469388,164,-1.0,0.469388,-55.17717
B,163.489796,164,-1.0,0.489796,-55.22276
B,163.510204,164,-1.0,0.510204,-55.27229
B,163.530612,164,-1.0,0.530612,-55.3265
B,163.55102,164,-1.0,0.55102,-55.38609
B,163.571429,164,-1.0,0.571429,-55.45174
B,163.591837,164,-1.0,0.591837,-55.52409
B,163.612245,164,-1.0,0.612245,-55.60377
B,163.632653,164,-1.0,0.632653,-55.69139
B,163.653061,164,-1.0,0.653061,-55.7876
B,163.673469,164,-1.0,0.673469,-55.89301
B,163.693878,164,-1.0,0.693878,-56.00826
B,163.714286,164,-1.0,0.714286,-56.13399
B,163.734694,164,-1.0,0.734694,-56.27086
B,163.755102,164,-1.0,0.755102,-56.41954
B,163.77551,164,-1.0,0.77551,-56.5807
B,163.795918,164,-1.0,0.795918,-56.75505
B,163.816327,164,-1.0,0.816327,-56.94331
B,163.836735,164,-1.0,0.836735,-57.14619
B,163.857143,164,-1.0,0.857143,-57.36445
B,163.877551,164,-1.0,0.877551,-57.59886
B,163.897959,164,-1.0,0.897959,-57.85018
B,163.918367,164,-1.0,0.918367,-58.11923
B,163.938776,164,-1.0,0.938776,-58.40682
B,163.959184,164,-1.0,0.959184,-58.71378
B,163.979592,164,-1.0,0.979592,-59.04097
B,164.0,164,-1.0,1.0,-59.38925
B,164.0,165,1.0,0.0,45.36612
B,164.020408,165,1.0,0.020408,47.4583
B,164.040816,165,1.0,0.040816,49.07941
B,164.061224,165,1.0,0.061224,50.33555
B,164.081633,165,1.0,0.081633,51.30894
B,164.102041,165,1.0,0.102041,52.06334
B,164.122449,165,1.0,0.122449,52.64817
B,164.142857,165,1.0,0.142857,53.10177
B,164.163265,165,1.0,0.163265,53.45386
B,164.183673,165,1.0,0.183673,53.72755
B,164.204082,165,1.0,0.204082,53.94078
B,164.22449,165,1.0,0.22449,54.10749
B,164.244898,165,1.0,0.244898,54.23857
B,164.265306,165,1.0,0.265306,54.34248
B,164.285714,165,1.0,0.285714,54.42587
B,164.306122,165,1.0,0.306122,54.49395
B,164.326531,165,1.0,0.326531,54.55084
B,164.346939,165,1.0,0.346939,54.5998
B,164.367347,165,1.0,0.367347,54.64344
B,164.387755,165,1.0,0.387755,54.68386
B,164.408163,165,1.0,0.408163,54.7228
B,164.428571,165,1.0,0.428571,54.76169
B,164.44898,165,1.0,0.44898,54.80172
B,164.469388,165,1.0,0.469388,54.84394
B,164.489796,165,1.0,0.489796,54.88926
B,164.510204,165,1.0,0.510204,54.93848
B,164.530612,165,1.0,0.530612,54.99236
B,164.55102,165,1.0,0.55102,55.0516
B,164.571429,165,1.0,0.571429,55.11685
B,164.591837,165,1.0,0.591837,55.18876
B,164.612245,165,1.0,0.612245,55.26796
B,164.632653,165,1.0,0.632653,55.35506
B,164.653061,165,1.0,0.653061,55.45068
B,164.673469,165,1.0,0.673469,55.55546
B,164.693878,165,1.0,0.693878,55.67001
B,164.714286,165,1.0,0.714286,55.79498
B,164.734694,165,1.0,0.734694,55.93102
B,164.755102,165,1.0,0.755102,56.0788
B,164.77551,165,1.0,0.77551,56.23899
B,164.795918,165,1.0,0.795918,56.41229
B,164.816327,165,1.0,0.816327,56.59941
B,164.836735,165,1.0,0.836735,56.80107
B,164.857143,165,1.0,0.857143,57.01801
B,164.877551,165,1.0,0.877551,57.251
B,164.897959,165,1.0,0.897959,57.50081
B,164.918367,165,1.0,0.918367,57.76823
B,164.938776,165,1.0,0.938776,58.05408
B,164.959184,165,1.0,0.959184,58.35919
B,164.979592,165,1.0,0.979592,58.6844
B,165.0,165,1.0,1.0,59.03058
B,165.0,166,-1.0,0.0,-45.52392
B,165.020408,166,-1.0,0.020408,-47.62337
B,165.040816,166,-1.0,0.040816,-49.25012
B,165.061224,166,-1.0,0.061224,-50.51063
B,165.081633,166,-1.0,0.081633,-51.48741
B,165.102041,166,-1.0,0.102041,-52.24443
B,165.122449,166,-1.0,0.122449,-52.8313
B,165.142857,166,-1.0,0.142857,-53.28647
B,165.163265,166,-1.0,0.163265,-53.63979
B,165.183673,166,-1.0,0.183673,-53.91443
B,165.204082,166,-1.0,0.204082,-54.1284
B,165.22449,166,-1.0,0.22449,-54.29569
B,165.244898,166,-1.0,0.244898,-54.42722
B,165.265306,166,-1.0,0.265306,-54.5315
B,165.285714,166,-1.0,0.285714,-54.61518
B,165.306122,166,-1.0,0.306122,-54.6835
B,165.326531,166,-1.0,0.326531,-54.74058
B,165.346939,166,-1.0,0.346939,-54.78971
B,165.367347,166,-1.0,0.367347,-54.8335
B,165.387755,166,-1.0,0.387755,-54.87407
B,165.408163,166,-1.0,0.408163,-54.91315
B,165.428571,166,-1.0,0.428571,-54.95216
B,165.44898,166,-1.0,0.44898,-54.99234
B,165.469388,166,-1.0,0.469388,-55.0347
B,165.489796,166,-1.0,0.489796,-55.08017
B,165.510204,166,-1.0,0.510204,-55.12957
B,165.530612,166,-1.0,0.530612,-55.18364
B,165.55102,166,-1.0,0.55102,-55.24308
B,165.571429,166,-1.0,0.571429,-55.30856
B,165.591837,166,-1.0,0.591837,-55.38073
B,165.612245,166,-1.0,0.612245,-55.4602
B,165.632653,166,-1.0,0.632653,-55.5476
B,165.653061,166,-1.0,0.653061,-55.64355
B,165.673469,166,-1.0,0.673469,-55.74869
B,165.693878,166,-1.0,0.693878,-55.86364
B,165.714286,166,-1.0,0.714286,-55.98905
B,165.734694,166,-1.0,0.734694,-56.12557
B,165.755102,166,-1.0,0.755102,-56.27386
B,165.77551,166,-1.0,0.77551,-56.43461
B,165.795918,166,-1.0,0.795918,-56.60851
B,165.816327,166,-1.0,0.816327,-56.79628
B,165.836735,166,-1.0,0.836735,-56.99864
B,165.857143,166,-1.0,0.857143,-57.21634
B,165.877551,166,-1.0,0.877551,-57.45014
B,165.897959,166,-1.0,0.897959,-57.70081
B,165.918367,166,-1.0,0.918367,-57.96917
B,165.938776,166,-1.0,0.938776,-58.25601
B,165.959184,166,-1.0,0.959184,-58.56218
B,165.979592,166,-1.0,0.979592,-58.88852
B,166.0,166,-1.0,1.0,-59.23591
B,166.0,167,1.0,0.0,45.4925
B,166.020408,167,1.0,0.020408,47.59051
B,166.040816,167,1.0,0.040816,49.21614
B,166.061224,167,1.0,0.061224,50.47577
B,166.081633,167,1.0,0.081633,51.45188
B,166.102041,167,1.0,0.102041,52.20838
B,166.122449,167,1.0,0.122449,52.79484
B,166.142857,167,1.0,0.142857,53.2497
B,166.163265,167,1.0,0.163265,53.60277
B,166.183673,167,1.0,0.183673,53.87723
B,166.204082,167,1.0,0.204082,54.09105
B,166.22449,167,1.0,0.22449,54.25823
B,166.244898,167,1.0,0.244898,54.38966
B,166.265306,167,1.0,0.265306,54.49387
B,166.285714,167,1.0,0.285714,54.57749
B,166.306122,167,1.0,0.306122,54.64576
B,166.326531,167,1.0,0.326531,54.70281
B,166.346939,167,1.0,0.346939,54.7519
B,166.367347,167,1.0,0.367347,54.79566
B,166.387755,167,1.0,0.387755,54.8362
B,166.408163,167,1.0,0.408163,54.87525
B,166.428571,167,1.0,0.428571,54.91424
B,166.44898,167,1.0,0.44898,54.95439
B,166.469388,167,1.0,0.469388,54.99672
B,166.489796,167,1.0,0.489796,55.04216
B,166.510204,167,1.0,0.510204,55.09153
B,166.530612,167,1.0,0.530612,55.14556
B,166.55102,167,1.0,0.55102,55.20496
B,166.571429,167,1.0,0.571429,55.2704
B,166.591837,167,1.0,0.591837,55.34251
B,166.612245,167,1.0,0.612245,55.42192
B,166.632653,167,1.0,0.632653,55.50927
B,166.653061,167,1.0,0.653061,55.60516
B,166.673469,167,1.0,0.673469,55.71022
B,166.693878,167,1.0,0.693878,55.82509
B,166.714286,167,1.0,0.714286,55.95041
B,166.734694,167,1.0,0.734694,56.08684
B,166.755102,167,1.0,0.755102,56.23503
B,166.77551,167,1.0,0.77551,56.39566
B,166.795918,167,1.0,0.795918,56.56945
B,166.816327,167,1.0,0.816327,56.75708
B,166.836735,167,1.0,0.836735,56.9593
B,166.857143,167,1.0,0.857143,57.17685
B,166.877551,167,1.0,0.877551,57.41049
B,166.897959,167,1.0,0.897959,57.66099
B,166.918367,167,1.0,0.918367,57.92916
B,166.938776,167,1.0,0.938776,58.21581
B,166.959184,167,1.0,0.959184,58.52177
B,166.979592,167,1.0,0.979592,58.84788
B,167.0,167,1.0,1.0,59.19503
B,167.0,168,-1.0,0.0,-45.394
B,167.020408,168,-1.0,0.020408,-47.48747
B,167.040816,168,-1.0,0.040816,-49.10957
B,167.061224,168,-1.0,0.061224,-50.36648
B,167.081633,168,-1.0,0.081633,-51.34048
B,167.102041,168,-1.0,0.102041,-52.09534
B,167.122449,168,-1.0,0.122449,-52.68053
B,167.142857,168,-1.0,0.142857,-53.1344
B,167.163265,168,-1.0,0.163265,-53.48671
B,167.183673,168,-1.0,0.183673,-53.76057
B,167.204082,168,-1.0,0.204082,-53.97393
B,167.22449,168,-1.0,0.22449,-54.14075
B,167.244898,168,-1.0,0.244898,-54.2719
B,167.265306,168,-1.0,0.265306,-54.37588
B,167.285714,168,-1.0,0.285714,-54.45932
B,167.306122,168,-1.0,0.306122,-54.52744
B,167.326531,168,-1.0,0.326531,-54.58437
B,167.346939,168,-1.0,0.346939,-54.63335
B,167.367347,168,-1.0,0.367347,-54.67702
B,167.387755,168,-1.0,0.387755,-54.71747
B,167.408163,168,-1.0,0.408163,-54.75644
B,167.428571,168,-1.0,0.428571,-54.79534
B,167.44898,168,-1.0,0.44898,-54.8354
B,167.469388,168,-1.0,0.469388,-54.87764
B,167.489796,168,-1.0,0.489796,-54.92299
B,167.510204,168,-1.0,0.510204,-54.97224
B,167.530612,168,-1.0,0.530612,-55.02616
B,167.55102,168,-1.0,0.55102,-55.08543
B,167.571429,168,-1.0,0.571429,-55.15073
B,167.591837,168,-1.0,0.591837,-55.22268
B,167.612245,168,-1.0,0.612245,-55.30192
B,167.632653,168,-1.0,0.632653,-55.38908
B,167.653061,168,-1.0,0.653061,-55.48476
B,167.673469,168,-1.0,0.673469,-55.5896
B,167.693878,168,-1.0,0.693878,-55.70422
B,167.714286,168,-1.0,0.714286,-55.82927
B,167.734694,168,-1.0,0.734694,-55.9654
B,167.755102,168,-1.0,0.755102,-56.11327
B,167.77551,168,-1.0,0.77551,-56.27356
B,167.795918,168,-1.0,0.795918,-56.44696
B,167.816327,168,-1.0,0.816327,-56.63419
B,167.836735,168,-1.0,0.836735,-56.83598
B,167.857143,168,-1.0,0.857143,-57.05305
B,167.877551,168,-1.0,0.877551,-57.28618
B,167.897959,168,-1.0,0.897959,-57.53615
B,167.918367,168,-1.0,0.918367,-57.80373
B,167.938776,168,-1.0,0.938776,-58.08976
B,167.959184,168,-1.0,0.959184,-58.39505
B,167.979592,168,-1.0,0.979592,-58.72047
B,168.0,168,-1.0,1.0,-59.06686
B,168.0,169,1.0,0.0,45.70538
B,168.020408,169,1.0,0.020408,47.81321
B,168.040816,169,1.0,0.040816,49.44644
B,168.061224,169,1.0,0.061224,50.71197
B,168.081633,169,1.0,0.081633,51.69264
B,168.102041,169,1.0,0.102041,52.45269
B,168.122449,169,1.0,0.122449,53.04189
B,168.142857,169,1.0,0.142857,53.49887
B,168.163265,169,1.0,0.163265,53.8536
B,168.183673,169,1.0,0.183673,54.12934
B,168.204082,169,1.0,0.204082,54.34416
B,168.22449,169,1.0,0.22449,54.51212
B,168.244898,169,1.0,0.244898,54.64418
B,168.265306,169,1.0,0.265306,54.74887
B,168.285714,169,1.0,0.285714,54.83288
B,168.306122,169,1.0,0.306122,54.90147
B,168.326531,169,1.0,0.326531,54.95879
B,168.346939,169,1.0,0.346939,55.00811
B,168.367347,169,1.0,0.367347,55.05207
B,168.387755,169,1.0,0.387755,55.0928
B,168.408163,169,1.0,0.408163,55.13204
B,168.428571,169,1.0,0.428571,55.17121
B,168.44898,169,1.0,0.44898,55.21154
B,168.469388,169,1.0,0.469388,55.25408
B,168.489796,169,1.0,0.489796,55.29973
B,168.510204,169,1.0,0.510204,55.34932
B,168.530612,169,1.0,0.530612,55.40361
B,168.55102,169,1.0,0.55102,55.46329
B,168.571429,169,1.0,0.571429,55.52903
B,168.591837,169,1.0,0.591837,55.60148
B,168.612245,169,1.0,0.612245,55.68127
B,168.632653,169,1.0,0.632653,55.76902
B,168.653061,169,1.0,0.653061,55.86536
B,168.673469,169,1.0,0.673469,55.97091
B,168.693878,169,1.0,0.693878,56.08632
B,168.714286,169,1.0,0.714286,56.21223
B,168.734694,169,1.0,0.734694,56.34929
B,168.755102,169,1.0,0.755102,56.49817
B,168.77551,169,1.0,0.77551,56.65956
B,168.795918,169,1.0,0.795918,56.83416
B,168.816327,169,1.0,0.816327,57.02268
B,168.836735,169,1.0,0.836735,57.22584
B,168.857143,169,1.0,0.857143,57.44441
B,168.877551,169,1.0,0.877551,57.67914
B,168.897959,169,1.0,0.897959,57.93081
B,168.918367,169,1.0,0.918367,58.20024
B,168.938776,169,1.0,0.938776,58.48823
B,168.959184,169,1.0,0.959184,58.79561
B,168.979592,169,1.0,0.979592,59.12326
B,169.0,169,1.0,1.0,59.47203
B,169.0,170,-1.0,0.0,-46.225
B,169.020408,170,-1.0,0.020408,-48.35679
B,169.040816,170,-1.0,0.040816,-50.00859
B,169.061224,170,-1.0,0.061224,-51.28851
B,169.081633,170,-1.0,0.081633,-52.28034
B,169.102041,170,-1.0,0.102041,-53.04902
B,169.122449,170,-1.0,0.122449,-53.64492
B,169.142857,170,-1.0,0.142857,-54.1071
B,169.163265,170,-1.0,0.163265,-54.46586
B,169.183673,170,-1.0,0.183673,-54.74474
B,169.204082,170,-1.0,0.204082,-54.962
B,169.22449,170,-1.0,0.22449,-55.13187
B,169.244898,170,-1.0,0.244898,-55.26542
B,169.265306,170,-1.0,0.265306,-55.3713
B,169.285714,170,-1.0,0.285714,-55.45627
B,169.306122,170,-1.0,0.306122,-55.52565
B,169.326531,170,-1.0,0.326531,-55.58361
B,169.346939,170,-1.0,0.346939,-55.6335
B,169.367347,170,-1.0,0.367347,-55.67796
B,169.387755,170,-1.0,0.387755,-55.71915
B,169.408163,170,-1.0,0.408163,-55.75883
B,169.428571,170,-1.0,0.428571,-55.79845
B,169.44898,170,-1.0,0.44898,-55.83924
B,169.469388,170,-1.0,0.469388,-55.88226
B,169.489796,170,-1.0,0.489796,-55.92843
B,169.510204,170,-1.0,0.510204,-55.97859
B,169.530612,170,-1.0,0.530612,-56.03349
B,169.55102,170,-1.0,0.55102,-56.09385
B,169.571429,170,-1.0,0.571429,-56.16034
B,169.591837,170,-1.0,0.591837,-56.23361
B,169.612245,170,-1.0,0.612245,-56.31431
B,169.632653,170,-1.0,0.632653,-56.40305
B,169.653061,170,-1.0,0.653061,-56.50049
B,169.673469,170,-1.0,0.673469,-56.60725
B,169.693878,170,-1.0,0.693878,-56.72397
B,169.714286,170,-1.0,0.714286,-56.8513
B,169.734694,170,-1.0,0.734694,-56.98992
B,169.755102,170,-1.0,0.755102,-57.1405
B,169.77551,170,-1.0,0.77551,-57.30373
B,169.795918,170,-1.0,0.795918,-57.48031
B,169.816327,170,-1.0,0.816327,-57.67096
B,169.836735,170,-1.0,0.836735,-57.87644
B,169.857143,170,-1.0,0.857143,-58.09749
B,169.877551,170,-1.0,0.877551,-58.33489
B,169.897959,170,-1.0,0.897959,-58.58943
B,169.918367,170,-1.0,0.918367,-58.86192
B,169.938776,170,-1.0,0.938776,-59.15318
B,169.959184,170,-1.0,0.959184,-59.46406
B,169.979592,170,-1.0,0.979592,-59.79543
B,170.0,170,-1.0,1.0,-60.14816
B,170.0,171,1.0,0.0,46.13348
B,170.020408,171,1.0,0.020408,48.26105
B,170.040816,171,1.0,0.040816,49.90958
B,170.061224,171,1.0,0.061224,51.18697
B,170.081633,171,1.0,0.081633,52.17683
B,170.102041,171,1.0,0.102041,52.94399
B,170.122449,171,1.0,0.122449,53.53871
B,170.142857,171,1.0,0.142857,53.99998
B,170.163265,171,1.0,0.163265,54.35803
B,170.183673,171,1.0,0.183673,54.63635
B,170.204082,171,1.0,0.204082,54.85318
B,170.22449,171,1.0,0.22449,55.02272
B,170.244898,171,1.0,0.244898,55.156
B,170.265306,171,1.0,0.265306,55.26167
B,170.285714,171,1.0,0.285714,55.34648
B,170.306122,171,1.0,0.306122,55.41571
B,170.326531,171,1.0,0.326531,55.47356
B,170.346939,171,1.0,0.346939,55.52335
B,170.367347,171,1.0,0.367347,55.56772
B,170.387755,171,1.0,0.387755,55.60884
B,170.408163,171,1.0,0.408163,55.64843
B,170.428571,171,1.0,0.428571,55.68798
B,170.44898,171,1.0,0.44898,55.72869
B,170.469388,171,1.0,0.469388,55.77162
B,170.489796,171,1.0,0.489796,55.8177
B,170.510204,171,1.0,0.510204,55.86776
B,170.530612,171,1.0,0.530612,55.92255
B,170.55102,171,1.0,0.55102,55.98279
B,170.571429,171,1.0,0.571429,56.04915
B,170.591837,171,1.0,0.591837,56.12228
B,170.612245,171,1.0,0.612245,56.20281
B,170.632653,171,1.0,0.632653,56.29138
B,170.653061,171,1.0,0.653061,56.38862
B,170.673469,171,1.0,0.673469,56.49517
B,170.693878,171,1.0,0.693878,56.61166
B,170.714286,171,1.0,0.714286,56.73875
B,170.734694,171,1.0,0.734694,56.87709
B,170.755102,171,1.0,0.755102,57.02737
B,170.77551,171,1.0,0.77551,57.19027
B,170.795918,171,1.0,0.795918,57.3665
B,170.816327,171,1.0,0.816327,57.55678
B,170.836735,171,1.0,0.836735,57.76185
B,170.857143,171,1.0,0.857143,57.98247
B,170.877551,171,1.0,0.877551,58.21939
B,170.897959,171,1.0,0.897959,58.47343
B,170.918367,171,1.0,0.918367,58.74537
B,170.938776,171,1.0,0.938776,59.03606
B,170.959184,171,1.0,0.959184,59.34633
B,170.979592,171,1.0,0.979592,59.67704
B,171.0,171,1.0,1.0,60.02908
B,171.0,172,-1.0,0.0,-46.18418
B,171.020408,172,-1.0,0.020408,-48.31409
B,171.040816,172,-1.0,0.040816,-49.96443
B,171.061224,172,-1.0,0.061224,-51.24322
B,171.081633,172,-1.0,0.081633,-52.23417
B,171.102041,172,-1.0,0.102041,-53.00217
B,171.122449,172,-1.0,0.122449,-53.59755
B,171.142857,172,-1.0,0.142857,-54.05932
B,171.163265,172,-1.0,0.163265,-54.41776
B,171.183673,172,-1.0,0.183673,-54.69639
B,171.204082,172,-1.0,0.204082,-54.91346
B,171.22449,172,-1.0,0.22449,-55.08318
B,171.244898,172,-1.0,0.244898,-55.21662
B,171.265306,172,-1.0,0.265306,-55.3224
B,171.285714,172,-1.0,0.285714,-55.4073
B,171.306122,172,-1.0,0.306122,-55.47661
B,171.326531,172,-1.0,0.326531,-55.53452
B,171.346939,172,-1.0,0.346939,-55.58436
B,171.367347,172,-1.0,0.367347,-55.62879
B,171.387755,172,-1.0,0.387755,-55.66994
B,171.408163,172,-1.0,0.408163,-55.70959
B,171.428571,172,-1.0,0.428571,-55.74917
B,171.44898,172,-1.0,0.44898,-55.78993
B,171.469388,172,-1.0,0.469388,-55.83291
B,171.489796,172,-1.0,0.489796,-55.87904
B,171.510204,172,-1.0,0.510204,-55.92915
B,171.530612,172,-1.0,0.530612,-55.98401
B,171.55102,172,-1.0,0.55102,-56.04431
B,171.571429,172,-1.0,0.571429,-56.11074
B,171.591837,172,-1.0,0.591837,-56.18395
B,171.612245,172,-1.0,0.612245,-56.26457
B,171.632653,172,-1.0,0.632653,-56.35324
B,171.653061,172,-1.0,0.653061,-56.45059
B,171.673469,172,-1.0,0.673469,-56.55725
B,171.693878,172,-1.0,0.693878,-56.67387
B,171.714286,172,-1.0,0.714286,-56.8011
B,171.734694,172,-1.0,0.734694,-56.93959
B,171.755102,172,-1.0,0.755102,-57.09004
B,171.77551,172,-1.0,0.77551,-57.25312
B,171.795918,172,-1.0,0.795918,-57.42954
B,171.816327,172,-1.0,0.816327,-57.62003
B,171.836735,172,-1.0,0.836735,-57.82533
B,171.857143,172,-1.0,0.857143,-58.04618
B,171.877551,172,-1.0,0.877551,-58.28337
B,171.897959,172,-1.0,0.897959,-58.53769
B,171.918367,172,-1.0,0.918367,-58.80993
B,171.938776,172,-1.0,0.938776,-59.10094
B,171.959184,172,-1.0,0.959184,-59.41154
B,171.979592,172,-1.0,0.979592,-59.74262
B,172.0,172,-1.0,1.0,-60.09504
B,172.0,173,1.0,0.0,46.07522
B,172.020408,173,1.0,0.020408,48.2001
B,172.040816,173,1.0,0.040816,49.84655
B,172.061224,173,1.0,0.061224,51.12232
B,172.081633,173,1.0,0.081633,52.11093
B,172.102041,173,1.0,0.102041,52.87712
B,172.122449,173,1.0,0.122449,53.4711
B,172.142857,173,1.0,0.142857,53.93178
B,172.163265,173,1.0,0.163265,54.28938
B,172.183673,173,1.0,0.183673,54.56735
B,172.204082,173,1.0,0.204082,54.78391
B,172.22449,173,1.0,0.22449,54.95323
B,172.244898,173,1.0,0.244898,55.08635
B,172.265306,173,1.0,0.265306,55.19188
B,172.285714,173,1.0,0.285714,55.27658
B,172.306122,173,1.0,0.306122,55.34573
B,172.326531,173,1.0,0.326531,55.4035
B,172.346939,173,1.0,0.346939,55.45323
B,172.367347,173,1.0,0.367347,55.49755
B,172.387755,173,1.0,0.387755,55.53861
B,172.408163,173,1.0,0.408163,55.57815
B,172.428571,173,1.0,0.428571,55.61765
B,172.44898,173,1.0,0.44898,55.6583
B,172.469388,173,1.0,0.469388,55.70118
B,172.489796,173,1.0,0.489796,55.74721
B,172.510204,173,1.0,0.510204,55.7972
B,172.530612,173,1.0,0.530612,55.85193
B,172.55102,173,1.0,0.55102,55.91209
B,172.571429,173,1.0,0.571429,55.97836
B,172.591837,173,1.0,0.591837,56.0514
B,172.612245,173,1.0,0.612245,56.13183
B,172.632653,173,1.0,0.632653,56.22029
B,172.653061,173,1.0,0.653061,56.31741
B,172.673469,173,1.0,0.673469,56.42382
B,172.693878,173,1.0,0.693878,56.54016
B,172.714286,173,1.0,0.714286,56.66709
B,172.734694,173,1.0,0.734694,56.80526
B,172.755102,173,1.0,0.755102,56.95535
B,172.77551,173,1.0,0.77551,57.11804
B,172.795918,173,1.0,0.795918,57.29405
B,172.816327,173,1.0,0.816327,57.48409
B,172.836735,173,1.0,0.836735,57.6889
B,172.857143,173,1.0,0.857143,57.90924
B,172.877551,173,1.0,0.877551,58.14587
B,172.897959,173,1.0,0.897959,58.39958
B,172.918367,173,1.0,0.918367,58.67118
B,172.938776,173,1.0,0.938776,58.9615
B,172.959184,173,1.0,0.959184,59.27138
B,172.979592,173,1.0,0.979592,59.60167
B,173.0,173,1.0,1.0,59.95326
B,173.0,174,-1.0,0.0,-45.78855
B,173.020408,174,-1.0,0.020408,-47.90021
B,173.040816,174,-1.0,0.040816,-49.53642
B,173.061224,174,-1.0,0.061224,-50.80425
B,173.081633,174,-1.0,0.081633,-51.78671
B,173.102041,174,-1.0,0.102041,-52.54814
B,173.122449,174,-1.0,0.122449,-53.13841
B,173.142857,174,-1.0,0.142857,-53.59623
B,173.163265,174,-1.0,0.163265,-53.95161
B,173.183673,174,-1.0,0.183673,-54.22784
B,173.204082,174,-1.0,0.204082,-54.44306
B,173.22449,174,-1.0,0.22449,-54.61132
B,173.244898,174,-1.0,0.244898,-54.74362
B,173.265306,174,-1.0,0.265306,-54.8485
B,173.285714,174,-1.0,0.285714,-54.93266
B,173.306122,174,-1.0,0.306122,-55.00138
B,173.326531,174,-1.0,0.326531,-55.0588
B,173.346939,174,-1.0,0.346939,-55.10821
B,173.367347,174,-1.0,0.367347,-55.15226
B,173.387755,174,-1.0,0.387755,-55.19306
B,173.408163,174,-1.0,0.408163,-55.23236
B,173.428571,174,-1.0,0.428571,-55.27161
B,173.44898,174,-1.0,0.44898,-55.31201
B,173.469388,174,-1.0,0.469388,-55.35463
B,173.489796,174,-1.0,0.489796,-55.40036
B,173.510204,174,-1.0,0.510204,-55.45005
B,173.530612,174,-1.0,0.530612,-55.50443
B,173.55102,174,-1.0,0.55102,-55.56422
B,173.571429,174,-1.0,0.571429,-55.63008
B,173.591837,174,-1.0,0.591837,-55.70266
B,173.612245,174,-1.0,0.612245,-55.78259
B,173.632653,174,-1.0,0.632653,-55.8705
B,173.653061,174,-1.0,0.653061,-55.96702
B,173.673469,174,-1.0,0.673469,-56.07277
B,173.693878,174,-1.0,0.693878,-56.18839
B,173.714286,174,-1.0,0.714286,-56.31452
B,173.734694,174,-1.0,0.734694,-56.45183
B,173.755102,174,-1.0,0.755102,-56.60099
B,173.77551,174,-1.0,0.77551,-56.76267
B,173.795918,174,-1.0,0.795918,-56.93758
B,173.816327,174,-1.0,0.816327,-57.12644
B,173.836735,174,-1.0,0.836735,-57.32998
B,173.857143,174,-1.0,0.857143,-57.54894
B,173.877551,174,-1.0,0.877551,-57.7841
B,173.897959,174,-1.0,0.897959,-58.03623
B,173.918367,174,-1.0,0.918367,-58.30615
B,173.938776,174,-1.0,0.938776,-58.59466
B,173.959184,174,-1.0,0.959184,-58.90261
B,173.979592,174,-1.0,0.979592,-59.23085
B,174.0,174,-1.0,1.0,-59.58025
B,174.0,175,1.0,0.0,45.66872
B,174.020408,175,1.0,0.020408,47.77486
B,174.040816,175,1.0,0.040816,49.40678
B,174.061224,175,1.0,0.061224,50.67129
B,174.081633,175,1.0,0.081633,51.65118
B,174.102041,175,1.0,0.102041,52.41062
B,174.122449,175,1.0,0.122449,52.99935
B,174.142857,175,1.0,0.142857,53.45596
B,174.163265,175,1.0,0.163265,53.81041
B,174.183673,175,1.0,0.183673,54.08593
B,174.204082,175,1.0,0.204082,54.30057
B,174.22449,175,1.0,0.22449,54.4684
B,174.244898,175,1.0,0.244898,54.60035
B,174.265306,175,1.0,0.265306,54.70495
B,174.285714,175,1.0,0.285714,54.7889
B,174.306122,175,1.0,0.306122,54.85744
B,174.326531,175,1.0,0.326531,54.91471
B,174.346939,175,1.0,0.346939,54.96399
B,174.367347,175,1.0,0.367347,55.00792
B,174.387755,175,1.0,0.387755,55.04861
B,174.408163,175,1.0,0.408163,55.08781
B,174.428571,175,1.0,0.428571,55.12696
B,174.44898,175,1.0,0.44898,55.16726
B,174.469388,175,1.0,0.469388,55.20976
B,174.489796,175,1.0,0.489796,55.25537
B,174.510204,175,1.0,0.510204,55.30493
B,174.530612,175,1.0,0.530612,55.35917
B,174.55102,175,1.0,0.55102,55.4188
B,174.571429,175,1.0,0.571429,55.48449
B,174.591837,175,1.0,0.591837,55.55688
B,174.612245,175,1.0,0.612245,55.6366
B,174.632653,175,1.0,0.632653,55.72428
B,174.653061,175,1.0,0.653061,55.82055
B,174.673469,175,1.0,0.673469,55.92602
B,174.693878,175,1.0,0.693878,56.04134
B,174.714286,175,1.0,0.714286,56.16714
B,174.734694,175,1.0,0.734694,56.30409
B,174.755102,175,1.0,0.755102,56.45286
B,174.77551,175,1.0,0.77551,56.61412
B,174.795918,175,1.0,0.795918,56.78857
B,174.816327,175,1.0,0.816327,56.97694
B,174.836735,175,1.0,0.836735,57.17994
B,174.857143,175,1.0,0.857143,57.39833
B,174.877551,175,1.0,0.877551,57.63287
B,174.897959,175,1.0,0.897959,57.88435
B,174.918367,175,1.0,0.918367,58.15356
B,174.938776,175,1.0,0.938776,58.44131
B,174.959184,175,1.0,0.959184,58.74845
B,174.979592,175,1.0,0.979592,59.07584
B,175.0,175,1.0,1.0,59.42433
B,175.0,176,-1.0,0.0,-45.86872
B,175.020408,176,-1.0,0.020408,-47.98408
B,175.040816,176,-1.0,0.040816,-49.62315
B,175.061224,176,-1.0,0.061224,-50.89321
B,175.081633,176,-1.0,0.081633,-51.87739
B,175.102041,176,-1.0,0.102041,-52.64014
B,175.122449,176,-1.0,0.122449,-53.23145
B,175.142857,176,-1.0,0.142857,-53.69007
B,175.163265,176,-1.0,0.163265,-54.04607
B,175.183673,176,-1.0,0.183673,-54.32279
B,175.204082,176,-1.0,0.204082,-54.53838
B,175.22449,176,-1.0,0.22449,-54.70694
B,175.244898,176,-1.0,0.244898,-54.83947
B,175.265306,176,-1.0,0.265306,-54.94453
B,175.285714,176,-1.0,0.285714,-55.02884
B,175.306122,176,-1.0,0.306122,-55.09768
B,175.326531,176,-1.0,0.326531,-55.1552
B,175.346939,176,-1.0,0.346939,-55.2047
B,175.367347,176,-1.0,0.367347,-55.24882
B,175.387755,176,-1.0,0.387755,-55.2897
B,175.408163,176,-1.0,0.408163,-55.32907
B,175.428571,176,-1.0,0.428571,-55.36838
B,175.44898,176,-1.0,0.44898,-55.40886
B,175.469388,176,-1.0,0.469388,-55.45155
B,175.489796,176,-1.0,0.489796,-55.49736
B,175.510204,176,-1.0,0.510204,-55.54713
B,175.530612,176,-1.0,0.530612,-55.60161
B,175.55102,176,-1.0,0.55102,-55.66151
B,175.571429,176,-1.0,0.571429,-55.72748
B,175.591837,176,-1.0,0.591837,-55.80019
B,175.612245,176,-1.0,0.612245,-55.88026
B,175.632653,176,-1.0,0.632653,-55.96833
B,175.653061,176,-1.0,0.653061,-56.06501
B,175.673469,176,-1.0,0.673469,-56.17094
B,175.693878,176,-1.0,0.693878,-56.28677
B,175.714286,176,-1.0,0.714286,-56.41312
B,175.734694,176,-1.0,0.734694,-56.55067
B,175.755102,176,-1.0,0.755102,-56.70009
B,175.77551,176,-1.0,0.77551,-56.86206
B,175.795918,176,-1.0,0.795918,-57.03728
B,175.816327,176,-1.0,0.816327,-57.22646
B,175.836735,176,-1.0,0.836735,-57.43036
B,175.857143,176,-1.0,0.857143,-57.6497
B,175.877551,176,-1.0,0.877551,-57.88527
B,175.897959,176,-1.0,0.897959,-58.13785
B,175.918367,176,-1.0,0.918367,-58.40824
B,175.938776,176,-1.0,0.938776,-58.69725
B,175.959184,176,-1.0,0.959184,-59.00574
B,175.979592,176,-1.0,0.979592,-59.33455
B,176.0,176,-1.0,1.0,-59.68457
B,176.0,177,1.0,0.0,45.92108
B,176.020408,177,1.0,0.020408,48.03885
B,176.040816,177,1.0,0.040816,49.67979
B,176.061224,177,1.0,0.061224,50.95129
B,176.081633,177,1.0,0.081633,51.9366
B,176.102041,177,1.0,0.102041,52.70023
B,176.122449,177,1.0,0.122449,53.29221
B,176.142857,177,1.0,0.142857,53.75135
B,176.163265,177,1.0,0.163265,54.10776
B,176.183673,177,1.0,0.183673,54.38479
B,176.204082,177,1.0,0.204082,54.60063
B,176.22449,177,1.0,0.22449,54.76938
B,176.244898,177,1.0,0.244898,54.90206
B,176.265306,177,1.0,0.265306,55.00724
B,176.285714,177,1.0,0.285714,55.09165
B,176.306122,177,1.0,0.306122,55.16057
B,176.326531,177,1.0,0.326531,55.21815
B,176.346939,177,1.0,0.346939,55.26771
B,176.367347,177,1.0,0.367347,55.31188
B,176.387755,177,1.0,0.387755,55.3528
B,176.408163,177,1.0,0.408163,55.39222
B,176.428571,177,1.0,0.428571,55.43158
B,176.44898,177,1.0,0.44898,55.4721
B,176.469388,177,1.0,0.469388,55.51484
B,176.489796,177,1.0,0.489796,55.56071
B,176.510204,177,1.0,0.510204,55.61053
B,176.530612,177,1.0,0.530612,55.66508
B,176.55102,177,1.0,0.55102,55.72504
B,176.571429,177,1.0,0.571429,55.79109
B,176.591837,177,1.0,0.591837,55.86388
B,176.612245,177,1.0,0.612245,55.94404
B,176.632653,177,1.0,0.632653,56.03221
B,176.653061,177,1.0,0.653061,56.129
B,176.673469,177,1.0,0.673469,56.23506
B,176.693878,177,1.0,0.693878,56.35101
B,176.714286,177,1.0,0.714286,56.47751
B,176.734694,177,1.0,0.734694,56.61522
B,176.755102,177,1.0,0.755102,56.7648
B,176.77551,177,1.0,0.77551,56.92696
B,176.795918,177,1.0,0.795918,57.10238
B,176.816327,177,1.0,0.816327,57.29178
B,176.836735,177,1.0,0.836735,57.49591
B,176.857143,177,1.0,0.857143,57.7155
B,176.877551,177,1.0,0.877551,57.95134
B,176.897959,177,1.0,0.897959,58.20421
B,176.918367,177,1.0,0.918367,58.4749
B,176.938776,177,1.0,0.938776,58.76425
B,176.959184,177,1.0,0.959184,59.07309
B,176.979592,177,1.0,0.979592,59.40228
B,177.0,177,1.0,1.0,59.75269
B,177.0,178,-1.0,0.0,-45.53262
B,177.020408,178,-1.0,0.020408,-47.63247
B,177.040816,178,-1.0,0.040816,-49.25953
B,177.061224,178,-1.0,0.061224,-50.52028
B,177.081633,178,-1.0,0.081633,-51.49725
B,177.102041,178,-1.0,0.102041,-52.25442
B,177.122449,178,-1.0,0.122449,-52.84139
B,177.142857,178,-1.0,0.142857,-53.29665
B,177.163265,178,-1.0,0.163265,-53.65004
B,177.183673,178,-1.0,0.183673,-53.92473
B,177.204082,178,-1.0,0.204082,-54.13874
B,177.22449,178,-1.0,0.22449,-54.30607
B,177.244898,178,-1.0,0.244898,-54.43762
B,177.265306,178,-1.0,0.265306,-54.54192
B,177.285714,178,-1.0,0.285714,-54.62561
B,177.306122,178,-1.0,0.306122,-54.69395
B,177.326531,178,-1.0,0.326531,-54.75104
B,177.346939,178,-1.0,0.346939,-54.80018
B,177.367347,178,-1.0,0.367347,-54.84398
B,177.387755,178,-1.0,0.387755,-54.88455
B,177.408163,178,-1.0,0.408163,-54.92364
B,177.428571,178,-1.0,0.428571,-54.96266
B,177.44898,178,-1.0,0.44898,-55.00284
B,177.469388,178,-1.0,0.469388,-55.04522
B,177.489796,178,-1.0,0.489796,-55.0907
B,177.510204,178,-1.0,0.510204,-55.1401
B,177.530612,178,-1.0,0.530612,-55.19418
B,177.55102,178,-1.0,0.55102,-55.25364
B,177.571429,178,-1.0,0.571429,-55.31913
B,177.591837,178,-1.0,0.591837,-55.39131
B,177.612245,178,-1.0,0.612245,-55.47079
B,177.632653,178,-1.0,0.632653,-55.55821
B,177.653061,178,-1.0,0.653061,-55.65419
B,177.673469,178,-1.0,0.673469,-55.75934
B,177.693878,178,-1.0,0.693878,-55.87432
B,177.714286,178,-1.0,0.714286,-55.99975
B,177.734694,178,-1.0,0.734694,-56.13629
B,177.755102,178,-1.0,0.755102,-56.28461
B,177.77551,178,-1.0,0.77551,-56.44539
B,177.795918,178,-1.0,0.795918,-56.61933
B,177.816327,178,-1.0,0.816327,-56.80713
B,177.836735,178,-1.0,0.836735,-57.00953
B,177.857143,178,-1.0,0.857143,-57.22727
B,177.877551,178,-1.0,0.877551,-57.46111
B,177.897959,178,-1.0,0.897959,-57.71184
B,177.918367,178,-1.0,0.918367,-57.98024
B,177.938776,178,-1.0,0.938776,-58.26714
B,177.959184,178,-1.0,0.959184,-58.57337
B,177.979592,178,-1.0,0.979592,-58.89977
B,178.0,178,-1.0,1.0,-59.24722
B,178.0,179,1.0,0.0,45.65888
B,178.020408,179,1.0,0.020408,47.76456
B,178.040816,179,1.0,0.040816,49.39613
B,178.061224,179,1.0,0.061224,50.66037
B,178.081633,179,1.0,0.081633,51.64005
B,178.102041,179,1.0,0.102041,52.39932
B,178.122449,179,1.0,0.122449,52.98793
B,178.142857,179,1.0,0.142857,53.44444
B,178.163265,179,1.0,0.163265,53.79881
B,178.183673,179,1.0,0.183673,54.07427
B,178.204082,179,1.0,0.204082,54.28887
B,178.22449,179,1.0,0.22449,54.45666
B,178.244898,179,1.0,0.244898,54.58858
B,178.265306,179,1.0,0.265306,54.69316
B,178.285714,179,1.0,0.285714,54.77709
B,178.306122,179,1.0,0.306122,54.84562
B,178.326531,179,1.0,0.326531,54.90287
B,178.346939,179,1.0,0.346939,54.95215
B,178.367347,179,1.0,0.367347,54.99606
B,178.387755,179,1.0,0.387755,55.03675
B,178.408163,179,1.0,0.408163,55.07594
B,178.428571,179,1.0,0.428571,55.11508
B,178.44898,179,1.0,0.44898,55.15537
B,178.469388,179,1.0,0.469388,55.19786
B,178.489796,179,1.0,0.489796,55.24347
B,178.510204,179,1.0,0.510204,55.29301
B,178.530612,179,1.0,0.530612,55.34724
B,178.55102,179,1.0,0.55102,55.40686
B,178.571429,179,1.0,0.571429,55.47254
B,178.591837,179,1.0,0.591837,55.54491
B,178.612245,179,1.0,0.612245,55.62462
B,178.632653,179,1.0,0.632653,55.71228
B,178.653061,179,1.0,0.653061,55.80852
B,178.673469,179,1.0,0.673469,55.91397
B,178.693878,179,1.0,0.693878,56.02926
B,178.714286,179,1.0,0.714286,56.15504
B,178.734694,179,1.0,0.734694,56.29196
B,178.755102,179,1.0,0.755102,56.44069
B,178.77551,179,1.0,0.77551,56.60192
B,178.795918,179,1.0,0.795918,56.77634
B,178.816327,179,1.0,0.816327,56.96466
B,178.836735,179,1.0,0.836735,57.16762
B,178.857143,179,1.0,0.857143,57.38596
B,178.877551,179,1.0,0.877551,57.62045
B,178.897959,179,1.0,0.897959,57.87188
B,178.918367,179,1.0,0.918367,58.14102
B,178.938776,179,1.0,0.938776,58.42872
B,178.959184,179,1.0,0.959184,58.7358
B,178.979592,179,1.0,0.979592,59.06311
B,179.0,179,1.0,1.0,59.41152
B,179.0,180,-1.0,0.0,-45.59783
B,179.020408,180,-1.0,0.020408,-47.7007
B,179.040816,180,-1.0,0.040816,-49.33009
B,179.061224,180,-1.0,0.061224,-50.59264
B,179.081633,180,-1.0,0.081633,-51.57101
B,179.102041,180,-1.0,0.102041,-52.32926
B,179.122449,180,-1.0,0.122449,-52.91708
B,179.142857,180,-1.0,0.142857,-53.37299
B,179.163265,180,-1.0,0.163265,-53.72688
B,179.183673,180,-1.0,0.183673,-54.00197
B,179.204082,180,-1.0,0.204082,-54.21629
B,179.22449,180,-1.0,0.22449,-54.38385
B,179.244898,180,-1.0,0.244898,-54.5156
B,179.265306,180,-1.0,0.265306,-54.62004
B,179.285714,180,-1.0,0.285714,-54.70386
B,179.306122,180,-1.0,0.306122,-54.77229
B,179.326531,180,-1.0,0.326531,-54.82947
B,179.346939,180,-1.0,0.346939,-54.87867
B,179.367347,180,-1.0,0.367347,-54.92254
B,179.387755,180,-1.0,0.387755,-54.96317
B,179.408163,180,-1.0,0.408163,-55.00231
B,179.428571,180,-1.0,0.428571,-55.04139
B,179.44898,180,-1.0,0.44898,-55.08163
B,179.469388,180,-1.0,0.469388,-55.12406
B,179.489796,180,-1.0,0.489796,-55.16961
B,179.510204,180,-1.0,0.510204,-55.21908
B,179.530612,180,-1.0,0.530612,-55.27324
B,179.55102,180,-1.0,0.55102,-55.33278
B,179.571429,180,-1.0,0.571429,-55.39837
B,179.591837,180,-1.0,0.591837,-55.47065
B,179.612245,180,-1.0,0.612245,-55.55025
B,179.632653,180,-1.0,0.632653,-55.63779
B,179.653061,180,-1.0,0.653061,-55.7339
B,179.673469,180,-1.0,0.673469,-55.83921
B,179.693878,180,-1.0,0.693878,-55.95435
B,179.714286,180,-1.0,0.714286,-56.07996
B,179.734694,180,-1.0,0.734694,-56.2167
B,179.755102,180,-1.0,0.755102,-56.36523
B,179.77551,180,-1.0,0.77551,-56.52624
B,179.795918,180,-1.0,0.795918,-56.70043
B,179.816327,180,-1.0,0.816327,-56.8885
B,179.836735,180,-1.0,0.836735,-57.09119
B,179.857143,180,-1.0,0.857143,-57.30924
B,179.877551,180,-1.0,0.877551,-57.54342
B,179.897959,180,-1.0,0.897959,-57.7945
B,179.918367,180,-1.0,0.918367,-58.06329
B,179.938776,180,-1.0,0.938776,-58.3506
B,179.959184,180,-1.0,0.959184,-58.65727
B,179.979592,180,-1.0,0.979592,-58.98414
B,180.0,180,-1.0,1.0,-59.33209
B,180.0,181,1.0,0.0,45.78562
B,180.020408,181,1.0,0.020408,47.89715
B,180.040816,181,1.0,0.040816,49.53325
B,180.061224,181,1.0,0.061224,50.801
B,180.081633,181,1.0,0.081633,51.7834
B,180.102041,181,1.0,0.102041,52.54478
B,180.122449,181,1.0,0.122449,53.13501
B,180.142857,181,1.0,0.142857,53.5928
B,180.163265,181,1.0,0.163265,53.94815
B,180.183673,181,1.0,0.183673,54.22438
B,180.204082,181,1.0,0.204082,54.43957
B,180.22449,181,1.0,0.22449,54.60783
B,180.244898,181,1.0,0.244898,54.74011
B,180.265306,181,1.0,0.265306,54.84499
B,180.285714,181,1.0,0.285714,54.92915
B,180.306122,181,1.0,0.306122,54.99786
B,180.326531,181,1.0,0.326531,55.05528
B,180.346939,181,1.0,0.346939,55.10469
B,180.367347,181,1.0,0.367347,55.14873
B,180.387755,181,1.0,0.387755,55.18953
B,180.408163,181,1.0,0.408163,55.22883
B,180.428571,181,1.0,0.428571,55.26807
B,180.44898,181,1.0,0.44898,55.30848
B,180.469388,181,1.0,0.469388,55.35108
B,180.489796,181,1.0,0.489796,55.39682
B,180.510204,181,1.0,0.510204,55.4465
B,180.530612,181,1.0,0.530612,55.50088
B,180.55102,181,1.0,0.55102,55.56067
B,180.571429,181,1.0,0.571429,55.62652
B,180.591837,181,1.0,0.591837,55.6991
B,180.612245,181,1.0,0.612245,55.77902
B,180.632653,181,1.0,0.632653,55.86693
B,180.653061,181,1.0,0.653061,55.96344
B,180.673469,181,1.0,0.673469,56.06918
B,180.693878,181,1.0,0.693878,56.18479
B,180.714286,181,1.0,0.714286,56.31092
B,180.734694,181,1.0,0.734694,56.44822
B,180.755102,181,1.0,0.755102,56.59737
B,180.77551,181,1.0,0.77551,56.75904
B,180.795918,181,1.0,0.795918,56.93394
B,180.816327,181,1.0,0.816327,57.12279
B,180.836735,181,1.0,0.836735,57.32631
B,180.857143,181,1.0,0.857143,57.54526
B,180.877551,181,1.0,0.877551,57.7804
B,180.897959,181,1.0,0.897959,58.03252
B,180.918367,181,1.0,0.918367,58.30242
B,180.938776,181,1.0,0.938776,58.59091
B,180.959184,181,1.0,0.959184,58.89884
B,180.979592,181,1.0,0.979592,59.22706
B,181.0,181,1.0,1.0,59.57644
B,181.0,182,-1.0,0.0,-45.82645
B,181.020408,182,-1.0,0.020408,-47.93986
B,181.040816,182,-1.0,0.040816,-49.57742
B,181.061224,182,-1.0,0.061224,-50.8463
B,181.081633,182,-1.0,0.081633,-51.82958
B,181.102041,182,-1.0,0.102041,-52.59163
B,181.122449,182,-1.0,0.122449,-53.1824
B,181.142857,182,-1.0,0.142857,-53.64059
B,181.163265,182,-1.0,0.163265,-53.99626
B,181.183673,182,-1.0,0.183673,-54.27273
B,181.204082,182,-1.0,0.204082,-54.48812
B,181.22449,182,-1.0,0.22449,-54.65652
B,181.244898,182,-1.0,0.244898,-54.78892
B,181.265306,182,-1.0,0.265306,-54.89389
B,181.285714,182,-1.0,0.285714,-54.97813
B,181.306122,182,-1.0,0.306122,-55.0469
B,181.326531,182,-1.0,0.326531,-55.10437
B,181.346939,182,-1.0,0.346939,-55.15382
B,181.367347,182,-1.0,0.367347,-55.1979
B,181.387755,182,-1.0,0.387755,-55.23874
B,181.408163,182,-1.0,0.408163,-55.27808
B,181.428571,182,-1.0,0.428571,-55.31736
B,181.44898,182,-1.0,0.44898,-55.35779
B,181.469388,182,-1.0,0.469388,-55.40044
B,181.489796,182,-1.0,0.489796,-55.44622
B,181.510204,182,-1.0,0.510204,-55.49594
B,181.530612,182,-1.0,0.530612,-55.55037
B,181.55102,182,-1.0,0.55102,-55.61021
B,181.571429,182,-1.0,0.571429,-55.67612
B,181.591837,182,-1.0,0.591837,-55.74876
B,181.612245,182,-1.0,0.612245,-55.82876
B,181.632653,182,-1.0,0.632653,-55.91675
B,181.653061,182,-1.0,0.653061,-56.01334
B,181.673469,182,-1.0,0.673469,-56.11918
B,181.693878,182,-1.0,0.693878,-56.23489
B,181.714286,182,-1.0,0.714286,-56.36113
B,181.734694,182,-1.0,0.734694,-56.49856
B,181.755102,182,-1.0,0.755102,-56.64783
B,181.77551,182,-1.0,0.77551,-56.80965
B,181.795918,182,-1.0,0.795918,-56.98471
B,181.816327,182,-1.0,0.816327,-57.17372
B,181.836735,182,-1.0,0.836735,-57.37743
B,181.857143,182,-1.0,0.857143,-57.59657
B,181.877551,182,-1.0,0.877551,-57.83193
B,181.897959,182,-1.0,0.897959,-58.08427
B,181.918367,182,-1.0,0.918367,-58.35441
B,181.938776,182,-1.0,0.938776,-58.64316
B,181.959184,182,-1.0,0.959184,-58.95136
B,181.979592,182,-1.0,0.979592,-59.27987
B,182.0,182,-1.0,1.0,-59.62957
B,182.0,183,1.0,0.0,45.9494
B,182.020408,183,1.0,0.020408,48.06848
B,182.040816,183,1.0,0.040816,49.71043
B,182.061224,183,1.0,0.061224,50.98272
B,182.081633,183,1.0,0.081633,51.96863
B,182.102041,183,1.0,0.102041,52.73273
B,182.122449,183,1.0,0.122449,53.32508
B,182.142857,183,1.0,0.142857,53.78451
B,182.163265,183,1.0,0.163265,54.14113
B,182.183673,183,1.0,0.183673,54.41834
B,182.204082,183,1.0,0.204082,54.63431
B,182.22449,183,1.0,0.22449,54.80317
B,182.244898,183,1.0,0.244898,54.93592
B,182.265306,183,1.0,0.265306,55.04117
B,182.285714,183,1.0,0.285714,55.12564
B,182.306122,183,1.0,0.306122,55.19459
B,182.326531,183,1.0,0.326531,55.25221
B,182.346939,183,1.0,0.346939,55.3018
B,182.367347,183,1.0,0.367347,55.346
B,182.387755,183,1.0,0.387755,55.38695
B,182.408163,183,1.0,0.408163,55.42639
B,182.428571,183,1.0,0.428571,55.46577
B,182.44898,183,1.0,0.44898,55.50632
B,182.469388,183,1.0,0.469388,55.54908
B,182.489796,183,1.0,0.489796,55.59498
B,182.510204,183,1.0,0.510204,55.64484
B,182.530612,183,1.0,0.530612,55.69941
B,182.55102,183,1.0,0.55102,55.75941
B,182.571429,183,1.0,0.571429,55.8255
B,182.591837,183,1.0,0.591837,55.89834
B,182.612245,183,1.0,0.612245,55.97855
B,182.632653,183,1.0,0.632653,56.06677
B,182.653061,183,1.0,0.653061,56.16362
B,182.673469,183,1.0,0.673469,56.26974
B,182.693878,183,1.0,0.693878,56.38577
B,182.714286,183,1.0,0.714286,56.51235
B,182.734694,183,1.0,0.734694,56.65014
B,182.755102,183,1.0,0.755102,56.79982
B,182.77551,183,1.0,0.77551,56.96207
B,182.795918,183,1.0,0.795918,57.1376
B,182.816327,183,1.0,0.816327,57.32712
B,182.836735,183,1.0,0.836735,57.53137
B,182.857143,183,1.0,0.857143,57.75111
B,182.877551,183,1.0,0.877551,57.98709
B,182.897959,183,1.0,0.897959,58.24011
B,182.918367,183,1.0,0.918367,58.51097
B,182.938776,183,1.0,0.938776,58.8005
B,182.959184,183,1.0,0.959184,59.10953
B,182.979592,183,1.0,0.979592,59.43892
B,183.0,183,1.0,1.0,59.78955
B,183.0,184,-1.0,0.0,-45.89996
B,183.020408,184,-1.0,0.020408,-48.01675
B,183.040816,184,-1.0,0.040816,-49.65694
B,183.061224,184,-1.0,0.061224,-50.92786
B,183.081633,184,-1.0,0.081633,-51.91271
B,183.102041,184,-1.0,0.102041,-52.67599
B,183.122449,184,-1.0,0.122449,-53.2677
B,183.142857,184,-1.0,0.142857,-53.72663
B,183.163265,184,-1.0,0.163265,-54.08287
B,183.183673,184,-1.0,0.183673,-54.35978
B,183.204082,184,-1.0,0.204082,-54.57551
B,183.22449,184,-1.0,0.22449,-54.74419
B,183.244898,184,-1.0,0.244898,-54.8768
B,183.265306,184,-1.0,0.265306,-54.98194
B,183.285714,184,-1.0,0.285714,-55.06631
B,183.306122,184,-1.0,0.306122,-55.1352
B,183.326531,184,-1.0,0.326531,-55.19276
B,183.346939,184,-1.0,0.346939,-55.24229
B,183.367347,184,-1.0,0.367347,-55.28644
B,183.387755,184,-1.0,0.387755,-55.32734
B,183.408163,184,-1.0,0.408163,-55.36674
B,183.428571,184,-1.0,0.428571,-55.40608
B,183.44898,184,-1.0,0.44898,-55.44659
B,183.469388,184,-1.0,0.469388,-55.4893
B,183.489796,184,-1.0,0.489796,-55.53515
B,183.510204,184,-1.0,0.510204,-55.58495
B,183.530612,184,-1.0,0.530612,-55.63947
B,183.55102,184,-1.0,0.55102,-55.69941
B,183.571429,184,-1.0,0.571429,-55.76543
B,183.591837,184,-1.0,0.591837,-55.83818
B,183.612245,184,-1.0,0.612245,-55.91831
B,183.632653,184,-1.0,0.632653,-56.00643
B,183.653061,184,-1.0,0.653061,-56.10318
B,183.673469,184,-1.0,0.673469,-56.20919
B,183.693878,184,-1.0,0.693878,-56.32509
B,183.714286,184,-1.0,0.714286,-56.45153
B,183.734694,184,-1.0,0.734694,-56.58918
B,183.755102,184,-1.0,0.755102,-56.73869
B,183.77551,184,-1.0,0.77551,-56.90077
B,183.795918,184,-1.0,0.795918,-57.07611
B,183.816327,184,-1.0,0.816327,-57.26543
B,183.836735,184,-1.0,0.836735,-57.46946
B,183.857143,184,-1.0,0.857143,-57.68896
B,183.877551,184,-1.0,0.877551,-57.92469
B,183.897959,184,-1.0,0.897959,-58.17743
B,183.918367,184,-1.0,0.918367,-58.448
B,183.938776,184,-1.0,0.938776,-58.73722
B,183.959184,184,-1.0,0.959184,-59.04592
B,183.979592,184,-1.0,0.979592,-59.37495
B,184.0,184,-1.0,1.0,-59.72521
B,184.0,185,1.0,0.0,46.30904
B,184.020408,185,1.0,0.020408,48.44471
B,184.040816,185,1.0,0.040816,50.09951
B,184.061224,185,1.0,0.061224,51.38176
B,184.081633,185,1.0,0.081633,52.37538
B,184.102041,185,1.0,0.102041,53.14547
B,184.122449,185,1.0,0.122449,53.74245
B,184.142857,185,1.0,0.142857,54.20547
B,184.163265,185,1.0,0.163265,54.56489
B,184.183673,185,1.0,0.183673,54.84426
B,184.204082,185,1.0,0.204082,55.06192
B,184.22449,185,1.0,0.22449,55.2321
B,184.244898,185,1.0,0.244898,55.3659
B,184.265306,185,1.0,0.265306,55.47197
B,184.285714,185,1.0,0.285714,55.5571
B,184.306122,185,1.0,0.306122,55.62659
B,184.326531,185,1.0,0.326531,55.68466
B,184.346939,185,1.0,0.346939,55.73464
B,184.367347,185,1.0,0.367347,55.77918
B,184.387755,185,1.0,0.387755,55.82045
B,184.408163,185,1.0,0.408163,55.8602
B,184.428571,185,1.0,0.428571,55.89989
B,184.44898,185,1.0,0.44898,55.94076
B,184.469388,185,1.0,0.469388,55.98385
B,184.489796,185,1.0,0.489796,56.03011
B,184.510204,185,1.0,0.510204,56.08036
B,184.530612,185,1.0,0.530612,56.13536
B,184.55102,185,1.0,0.55102,56.19583
B,184.571429,185,1.0,0.571429,56.26244
B,184.591837,185,1.0,0.591837,56.33585
B,184.612245,185,1.0,0.612245,56.41669
B,184.632653,185,1.0,0.632653,56.5056
B,184.653061,185,1.0,0.653061,56.60321
B,184.673469,185,1.0,0.673469,56.71016
B,184.693878,185,1.0,0.693878,56.82709
B,184.714286,185,1.0,0.714286,56.95466
B,184.734694,185,1.0,0.734694,57.09353
B,184.755102,185,1.0,0.755102,57.24438
B,184.77551,185,1.0,0.77551,57.4079
B,184.795918,185,1.0,0.795918,57.58481
B,184.816327,185,1.0,0.816327,57.77581
B,184.836735,185,1.0,0.836735,57.98166
B,184.857143,185,1.0,0.857143,58.20312
B,184.877551,185,1.0,0.877551,58.44095
B,184.897959,185,1.0,0.897959,58.69595
B,184.918367,185,1.0,0.918367,58.96893
B,184.938776,185,1.0,0.938776,59.26072
B,184.959184,185,1.0,0.959184,59.57217
B,184.979592,185,1.0,0.979592,59.90414
B,185.0,185,1.0,1.0,60.25751
B,185.0,186,-1.0,0.0,-46.23248
B,185.020408,186,-1.0,0.020408,-48.36462
B,185.040816,186,-1.0,0.040816,-50.01668
B,185.061224,186,-1.0,0.061224,-51.29681
B,185.081633,186,-1.0,0.081633,-52.28879
B,185.102041,186,-1.0,0.102041,-53.0576
B,185.122449,186,-1.0,0.122449,-53.6536
B,185.142857,186,-1.0,0.142857,-54.11586
B,185.163265,186,-1.0,0.163265,-54.47468
B,185.183673,186,-1.0,0.183673,-54.75359
B,185.204082,186,-1.0,0.204082,-54.97089
B,185.22449,186,-1.0,0.22449,-55.14079
B,185.244898,186,-1.0,0.244898,-55.27436
B,185.265306,186,-1.0,0.265306,-55.38026
B,185.285714,186,-1.0,0.285714,-55.46525
B,185.306122,186,-1.0,0.306122,-55.53463
B,185.326531,186,-1.0,0.326531,-55.5926
B,185.346939,186,-1.0,0.346939,-55.6425
B,185.367347,186,-1.0,0.367347,-55.68697
B,185.387755,186,-1.0,0.387755,-55.72817
B,185.408163,186,-1.0,0.408163,-55.76785
B,185.428571,186,-1.0,0.428571,-55.80748
B,185.44898,186,-1.0,0.44898,-55.84827
B,185.469388,186,-1.0,0.469388,-55.8913
B,185.489796,186,-1.0,0.489796,-55.93748
B,185.510204,186,-1.0,0.510204,-55.98765
B,185.530612,186,-1.0,0.530612,-56.04256
B,185.55102,186,-1.0,0.55102,-56.10293
B,185.571429,186,-1.0,0.571429,-56.16942
B,185.591837,186,-1.0,0.591837,-56.24271
B,185.612245,186,-1.0,0.612245,-56.32342
B,185.632653,186,-1.0,0.632653,-56.41218
B,185.653061,186,-1.0,0.653061,-56.50963
B,185.673469,186,-1.0,0.673469,-56.6164
B,185.693878,186,-1.0,0.693878,-56.73314
B,185.714286,186,-1.0,0.714286,-56.8605
B,185.734694,186,-1.0,0.734694,-56.99914
B,185.755102,186,-1.0,0.755102,-57.14974
B,185.77551,186,-1.0,0.77551,-57.313
B,185.795918,186,-1.0,0.795918,-57.4896
B,185.816327,186,-1.0,0.816327,-57.68029
B,185.836735,186,-1.0,0.836735,-57.8858
B,185.857143,186,-1.0,0.857143,-58.10689
B,185.877551,186,-1.0,0.877551,-58.34433
B,185.897959,186,-1.0,0.897959,-58.59891
B,185.918367,186,-1.0,0.918367,-58.87144
B,185.938776,186,-1.0,0.938776,-59.16275
B,185.959184,186,-1.0,0.959184,-59.47368
B,185.979592,186,-1.0,0.979592,-59.8051
B,186.0,186,-1.0,1.0,-60.15789
B,186.0,187,1.0,0.0,46.49565
B,186.020408,187,1.0,0.020408,48.63992
B,186.040816,187,1.0,0.040816,50.30139
B,186.061224,187,1.0,0.061224,51.5888
B,186.081633,187,1.0,0.081633,52.58643
B,186.102041,187,1.0,0.102041,53.35962
B,186.122449,187,1.0,0.122449,53.95901
B,186.142857,187,1.0,0.142857,54.42389
B,186.163265,187,1.0,0.163265,54.78476
B,186.183673,187,1.0,0.183673,55.06526
B,186.204082,187,1.0,0.204082,55.2838
B,186.22449,187,1.0,0.22449,55.45466
B,186.244898,187,1.0,0.244898,55.589
B,186.265306,187,1.0,0.265306,55.6955
B,186.285714,187,1.0,0.285714,55.78097
B,186.306122,187,1.0,0.306122,55.85074
B,186.326531,187,1.0,0.326531,55.90905
B,186.346939,187,1.0,0.346939,55.95923
B,186.367347,187,1.0,0.367347,56.00395
B,186.387755,187,1.0,0.387755,56.04538
B,186.408163,187,1.0,0.408163,56.08529
B,186.428571,187,1.0,0.428571,56.12515
B,186.44898,187,1.0,0.44898,56.16617
B,186.469388,187,1.0,0.469388,56.20944
B,186.489796,187,1.0,0.489796,56.25589
B,186.510204,187,1.0,0.510204,56.30634
B,186.530612,187,1.0,0.530612,56.36156
B,186.55102,187,1.0,0.55102,56.42228
B,186.571429,187,1.0,0.571429,56.48915
B,186.591837,187,1.0,0.591837,56.56285
B,186.612245,187,1.0,0.612245,56.64402
B,186.632653,187,1.0,0.632653,56.73329
B,186.653061,187,1.0,0.653061,56.83129
B,186.673469,187,1.0,0.673469,56.93868
B,186.693878,187,1.0,0.693878,57.05608
B,186.714286,187,1.0,0.714286,57.18416
B,186.734694,187,1.0,0.734694,57.32359
B,186.755102,187,1.0,0.755102,57.47505
B,186.77551,187,1.0,0.77551,57.63923
B,186.795918,187,1.0,0.795918,57.81685
B,186.816327,187,1.0,0.816327,58.00862
B,186.836735,187,1.0,0.836735,58.2153
B,186.857143,187,1.0,0.857143,58.43765
B,186.877551,187,1.0,0.877551,58.67644
B,186.897959,187,1.0,0.897959,58.93246
B,186.918367,187,1.0,0.918367,59.20655
B,186.938776,187,1.0,0.938776,59.49951
B,186.959184,187,1.0,0.959184,59.81222
B,186.979592,187,1.0,0.979592,60.14553
B,187.0,187,1.0,1.0,60.50033
B,187.0,188,-1.0,0.0,-46.28579
B,187.020408,188,-1.0,0.020408,-48.42038
B,187.040816,188,-1.0,0.040816,-50.07435
B,187.061224,188,-1.0,0.061224,-51.35595
B,187.081633,188,-1.0,0.081633,-52.34908
B,187.102041,188,-1.0,0.102041,-53.11878
B,187.122449,188,-1.0,0.122449,-53.71546
B,187.142857,188,-1.0,0.142857,-54.17825
B,187.163265,188,-1.0,0.163265,-54.53748
B,187.183673,188,-1.0,0.183673,-54.81672
B,187.204082,188,-1.0,0.204082,-55.03427
B,187.22449,188,-1.0,0.22449,-55.20436
B,187.244898,188,-1.0,0.244898,-55.33809
B,187.265306,188,-1.0,0.265306,-55.44411
B,187.285714,188,-1.0,0.285714,-55.52919
B,187.306122,188,-1.0,0.306122,-55.59866
B,187.326531,188,-1.0,0.326531,-55.6567
B,187.346939,188,-1.0,0.346939,-55.70665
B,187.367347,188,-1.0,0.367347,-55.75117
B,187.387755,188,-1.0,0.387755,-55.79242
B,187.408163,188,-1.0,0.408163,-55.83215
B,187.428571,188,-1.0,0.428571,-55.87182
B,187.44898,188,-1.0,0.44898,-55.91266
B,187.469388,188,-1.0,0.469388,-55.95574
B,187.489796,188,-1.0,0.489796,-56.00197
B,187.510204,188,-1.0,0.510204,-56.0522
B,187.530612,188,-1.0,0.530612,-56.10717
B,187.55102,188,-1.0,0.55102,-56.16761
B,187.571429,188,-1.0,0.571429,-56.23419
B,187.591837,188,-1.0,0.591837,-56.30755
B,187.612245,188,-1.0,0.612245,-56.38835
B,187.632653,188,-1.0,0.632653,-56.47722
B,187.653061,188,-1.0,0.653061,-56.57478
B,187.673469,188,-1.0,0.673469,-56.68168
B,187.693878,188,-1.0,0.693878,-56.79855
B,187.714286,188,-1.0,0.714286,-56.92606
B,187.734694,188,-1.0,0.734694,-57.06486
B,187.755102,188,-1.0,0.755102,-57.21563
B,187.77551,188,-1.0,0.77551,-57.37907
B,187.795918,188,-1.0,0.795918,-57.55589
B,187.816327,188,-1.0,0.816327,-57.7468
B,187.836735,188,-1.0,0.836735,-57.95254
B,187.857143,188,-1.0,0.857143,-58.17389
B,187.877551,188,-1.0,0.877551,-58.4116
B,187.897959,188,-1.0,0.897959,-58.66647
B,187.918367,188,-1.0,0.918367,-58.93931
B,187.938776,188,-1.0,0.938776,-59.23096
B,187.959184,188,-1.0,0.959184,-59.54225
B,187.979592,188,-1.0,0.979592,-59.87405
B,188.0,188,-1.0,1.0,-60.22725
B,188.0,189,1.0,0.0,46.02711
B,188.020408,189,1.0,0.020408,48.14977
B,188.040816,189,1.0,0.040816,49.7945
B,188.061224,189,1.0,0.061224,51.06894
B,188.081633,189,1.0,0.081633,52.05652
B,188.102041,189,1.0,0.102041,52.82191
B,188.122449,189,1.0,0.122449,53.41526
B,188.142857,189,1.0,0.142857,53.87546
B,188.163265,189,1.0,0.163265,54.23269
B,188.183673,189,1.0,0.183673,54.51037
B,188.204082,189,1.0,0.204082,54.7267
B,188.22449,189,1.0,0.22449,54.89584
B,188.244898,189,1.0,0.244898,55.02883
B,188.265306,189,1.0,0.265306,55.13425
B,188.285714,189,1.0,0.285714,55.21886
B,188.306122,189,1.0,0.306122,55.28794
B,188.326531,189,1.0,0.326531,55.34565
B,188.346939,189,1.0,0.346939,55.39532
B,188.367347,189,1.0,0.367347,55.4396
B,188.387755,189,1.0,0.387755,55.48061
B,188.408163,189,1.0,0.408163,55.52012
B,188.428571,189,1.0,0.428571,55.55957
B,188.44898,189,1.0,0.44898,55.60019
B,188.469388,189,1.0,0.469388,55.64302
B,188.489796,189,1.0,0.489796,55.689
B,188.510204,189,1.0,0.510204,55.73894
B,188.530612,189,1.0,0.530612,55.79361
B,188.55102,189,1.0,0.55102,55.85371
B,188.571429,189,1.0,0.571429,55.91991
B,188.591837,189,1.0,0.591837,55.99287
B,188.612245,189,1.0,0.612245,56.07322
B,188.632653,189,1.0,0.632653,56.16159
B,188.653061,189,1.0,0.653061,56.2586
B,188.673469,189,1.0,0.673469,56.3649
B,188.693878,189,1.0,0.693878,56.48112
B,188.714286,189,1.0,0.714286,56.60792
B,188.734694,189,1.0,0.734694,56.74594
B,188.755102,189,1.0,0.755102,56.89587
B,188.77551,189,1.0,0.77551,57.0584
B,188.795918,189,1.0,0.795918,57.23423
B,188.816327,189,1.0,0.816327,57.42407
B,188.836735,189,1.0,0.836735,57.62867
B,188.857143,189,1.0,0.857143,57.84877
B,188.877551,189,1.0,0.877551,58.08515
B,188.897959,189,1.0,0.897959,58.3386
B,188.918367,189,1.0,0.918367,58.60992
B,188.938776,189,1.0,0.938776,58.89994
B,188.959184,189,1.0,0.959184,59.20949
B,188.979592,189,1.0,0.979592,59.53944
B,189.0,189,1.0,1.0,59.89066
B,189.0,190,-1.0,0.0,-46.24068
B,189.020408,190,-1.0,0.020408,-48.37319
B,189.040816,190,-1.0,0.040816,-50.02555
B,189.061224,190,-1.0,0.061224,-51.3059
B,189.081633,190,-1.0,0.081633,-52.29806
B,189.102041,190,-1.0,0.102041,-53.06701
B,189.122449,190,-1.0,0.122449,-53.66311
B,189.142857,190,-1.0,0.142857,-54.12545
B,189.163265,190,-1.0,0.163265,-54.48433
B,189.183673,190,-1.0,0.183673,-54.7633
B,189.204082,190,-1.0,0.204082,-54.98064
B,189.22449,190,-1.0,0.22449,-55.15056
B,189.244898,190,-1.0,0.244898,-55.28416
B,189.265306,190,-1.0,0.265306,-55.39008
B,189.285714,190,-1.0,0.285714,-55.47508
B,189.306122,190,-1.0,0.306122,-55.54447
B,189.326531,190,-1.0,0.326531,-55.60246
B,189.346939,190,-1.0,0.346939,-55.65236
B,189.367347,190,-1.0,0.367347,-55.69684
B,189.387755,190,-1.0,0.387755,-55.73804
B,189.408163,190,-1.0,0.408163,-55.77774
B,189.428571,190,-1.0,0.428571,-55.81737
B,189.44898,190,-1.0,0.44898,-55.85817
B,189.469388,190,-1.0,0.469388,-55.90121
B,189.489796,190,-1.0,0.489796,-55.94739
B,189.510204,190,-1.0,0.510204,-55.99757
B,189.530612,190,-1.0,0.530612,-56.05249
B,189.55102,190,-1.0,0.55102,-56.11287
B,189.571429,190,-1.0,0.571429,-56.17938
B,189.591837,190,-1.0,0.591837,-56.25268
B,189.612245,190,-1.0,0.612245,-56.3334
B,189.632653,190,-1.0,0.632653,-56.42218
B,189.653061,190,-1.0,0.653061,-56.51965
B,189.673469,190,-1.0,0.673469,-56.62644
B,189.693878,190,-1.0,0.693878,-56.7432
B,189.714286,190,-1.0,0.714286,-56.87058
B,189.734694,190,-1.0,0.734694,-57.00925
B,189.755102,190,-1.0,0.755102,-57.15987
B,189.77551,190,-1.0,0.77551,-57.32315
B,189.795918,190,-1.0,0.795918,-57.49979
B,189.816327,190,-1.0,0.816327,-57.69052
B,189.836735,190,-1.0,0.836735,-57.89606
B,189.857143,190,-1.0,0.857143,-58.11719
B,189.877551,190,-1.0,0.877551,-58.35467
B,189.897959,190,-1.0,0.897959,-58.60929
B,189.918367,190,-1.0,0.918367,-58.88187
B,189.938776,190,-1.0,0.938776,-59.17323
B,189.959184,190,-1.0,0.959184,-59.48422
B,189.979592,190,-1.0,0.979592,-59.8157
B,190.0,190,-1.0,1.0,-60.16856
B,190.0,191,1.0,0.0,46.28382
B,190.020408,191,1.0,0.020408,48.41833
B,190.040816,191,1.0,0.040816,50.07223
B,190.061224,191,1.0,0.061224,51.35378
B,190.081633,191,1.0,0.081633,52.34686
B,190.102041,191,1.0,0.102041,53.11652
B,190.122449,191,1.0,0.122449,53.71318
B,190.142857,191,1.0,0.142857,54.17595
B,190.163265,191,1.0,0.163265,54.53517
B,190.183673,191,1.0,0.183673,54.8144
B,190.204082,191,1.0,0.204082,55.03194
B,190.22449,191,1.0,0.22449,55.20202
B,190.244898,191,1.0,0.244898,55.33575
B,190.265306,191,1.0,0.265306,55.44176
B,190.285714,191,1.0,0.285714,55.52684
B,190.306122,191,1.0,0.306122,55.5963
B,190.326531,191,1.0,0.326531,55.65434
B,190.346939,191,1.0,0.346939,55.70429
B,190.367347,191,1.0,0.367347,55.74881
B,190.387755,191,1.0,0.387755,55.79005
B,190.408163,191,1.0,0.408163,55.82978
B,190.428571,191,1.0,0.428571,55.86945
B,190.44898,191,1.0,0.44898,55.91029
B,190.469388,191,1.0,0.469388,55.95337
B,190.489796,191,1.0,0.489796,55.9996
B,190.510204,191,1.0,0.510204,56.04982
B,190.530612,191,1.0,0.530612,56.10479
B,190.55102,191,1.0,0.55102,56.16523
B,190.571429,191,1.0,0.571429,56.2318
B,190.591837,191,1.0,0.591837,56.30517
B,190.612245,191,1.0,0.612245,56.38596
B,190.632653,191,1.0,0.632653,56.47483
B,190.653061,191,1.0,0.653061,56.57238
B,190.673469,191,1.0,0.673469,56.67928
B,190.693878,191,1.0,0.693878,56.79615
B,190.714286,191,1.0,0.714286,56.92365
B,190.734694,191,1.0,0.734694,57.06244
B,190.755102,191,1.0,0.755102,57.21321
B,190.77551,191,1.0,0.77551,57.37664
B,190.795918,191,1.0,0.795918,57.55345
B,190.816327,191,1.0,0.816327,57.74435
B,190.836735,191,1.0,0.836735,57.95009
B,190.857143,191,1.0,0.857143,58.17142
B,190.877551,191,1.0,0.877551,58.40912
B,190.897959,191,1.0,0.897959,58.66398
B,190.918367,191,1.0,0.918367,58.93682
B,190.938776,191,1.0,0.938776,59.22845
B,190.959184,191,1.0,0.959184,59.53973
B,190.979592,191,1.0,0.979592,59.87152
B,191.0,191,1.0,1.0,60.2247
B,191.0,192,-1.0,0.0,-46.65876
B,191.020408,192,-1.0,0.020408,-48.81056
B,191.040816,192,-1.0,0.040816,-50.47786
B,191.061224,192,-1.0,0.061224,-51.76979
B,191.081633,192,-1.0,0.081633,-52.77092
B,191.102041,192,-1.0,0.102041,-53.54681
B,191.122449,192,-1.0,0.122449,-54.14831
B,191.142857,192,-1.0,0.142857,-54.61482
B,191.163265,192,-1.0,0.163265,-54.97695
B,191.183673,192,-1.0,0.183673,-55.25844
B,191.204082,192,-1.0,0.204082,-55.47774
B,191.22449,192,-1.0,0.22449,-55.64921
B,191.244898,192,-1.0,0.244898,-55.78402
B,191.265306,192,-1.0,0.265306,-55.89089
B,191.285714,192,-1.0,0.285714,-55.97666
B,191.306122,192,-1.0,0.306122,-56.04668
B,191.326531,192,-1.0,0.326531,-56.10519
B,191.346939,192,-1.0,0.346939,-56.15554
B,191.367347,192,-1.0,0.367347,-56.20042
B,191.387755,192,-1.0,0.387755,-56.242
B,191.408163,192,-1.0,0.408163,-56.28205
B,191.428571,192,-1.0,0.428571,-56.32204
B,191.44898,192,-1.0,0.44898,-56.36322
B,191.469388,192,-1.0,0.469388,-56.40664
B,191.489796,192,-1.0,0.489796,-56.45324
B,191.510204,192,-1.0,0.510204,-56.50387
B,191.530612,192,-1.0,0.530612,-56.55929
B,191.55102,192,-1.0,0.55102,-56.62022
B,191.571429,192,-1.0,0.571429,-56.68733
B,191.591837,192,-1.0,0.591837,-56.76129
B,191.612245,192,-1.0,0.612245,-56.84274
B,191.632653,192,-1.0,0.632653,-56.93232
B,191.653061,192,-1.0,0.653061,-57.03067
B,191.673469,192,-1.0,0.673469,-57.13843
B,191.693878,192,-1.0,0.693878,-57.25624
B,191.714286,192,-1.0,0.714286,-57.38478
B,191.734694,192,-1.0,0.734694,-57.5247
B,191.755102,192,-1.0,0.755102,-57.67669
B,191.77551,192,-1.0,0.77551,-57.84144
B,191.795918,192,-1.0,0.795918,-58.01968
B,191.816327,192,-1.0,0.816327,-58.21213
B,191.836735,192,-1.0,0.836735,-58.41953
B,191.857143,192,-1.0,0.857143,-58.64266
B,191.877551,192,-1.0,0.877551,-58.88228
B,191.897959,192,-1.0,0.897959,-59.13921
B,191.918367,192,-1.0,0.918367,-59.41425
B,191.938776,192,-1.0,0.938776,-59.70825
B,191.959184,192,-1.0,0.959184,-60.02205
B,191.979592,192,-1.0,0.979592,-60.35653
B,192.0,192,-1.0,1.0,-60.71257
B,192.0,193,1.0,0.0,46.45602
B,192.020408,193,1.0,0.020408,48.59846
B,192.040816,193,1.0,0.040816,50.25852
B,192.061224,193,1.0,0.061224,51.54483
B,192.081633,193,1.0,0.081633,52.54161
B,192.102041,193,1.0,0.102041,53.31414
B,192.122449,193,1.0,0.122449,53.91302
B,192.142857,193,1.0,0.142857,54.37751
B,192.163265,193,1.0,0.163265,54.73806
B,192.183673,193,1.0,0.183673,55.01833
B,192.204082,193,1.0,0.204082,55.23668
B,192.22449,193,1.0,0.22449,55.4074
B,192.244898,193,1.0,0.244898,55.54162
B,192.265306,193,1.0,0.265306,55.64803
B,192.285714,193,1.0,0.285714,55.73342
B,192.306122,193,1.0,0.306122,55.80314
B,192.326531,193,1.0,0.326531,55.8614
B,192.346939,193,1.0,0.346939,55.91153
B,192.367347,193,1.0,0.367347,55.95622
B,192.387755,193,1.0,0.387755,55.99762
B,192.408163,193,1.0,0.408163,56.03749
B,192.428571,193,1.0,0.428571,56.07731
B,192.44898,193,1.0,0.44898,56.1183
B,192.469388,193,1.0,0.469388,56.16154
B,192.489796,193,1.0,0.489796,56.20794
B,192.510204,193,1.0,0.510204,56.25835
B,192.530612,193,1.0,0.530612,56.31353
B,192.55102,193,1.0,0.55102,56.37419
B,192.571429,193,1.0,0.571429,56.44101
B,192.591837,193,1.0,0.591837,56.51464
B,192.612245,193,1.0,0.612245,56.59574
B,192.632653,193,1.0,0.632653,56.68493
B,192.653061,193,1.0,0.653061,56.78286
B,192.673469,193,1.0,0.673469,56.89015
B,192.693878,193,1.0,0.693878,57.00745
B,192.714286,193,1.0,0.714286,57.13542
B,192.734694,193,1.0,0.734694,57.27474
B,192.755102,193,1.0,0.755102,57.42607
B,192.77551,193,1.0,0.77551,57.59011
B,192.795918,193,1.0,0.795918,57.76757
B,192.816327,193,1.0,0.816327,57.95918
B,192.836735,193,1.0,0.836735,58.16568
B,192.857143,193,1.0,0.857143,58.38784
B,192.877551,193,1.0,0.877551,58.62643
B,192.897959,193,1.0,0.897959,58.88224
B,192.918367,193,1.0,0.918367,59.15608
B,192.938776,193,1.0,0.938776,59.4488
B,192.959184,193,1.0,0.959184,59.76124
B,192.979592,193,1.0,0.979592,60.09426
B,193.0,193,1.0,1.0,60.44876
B,193.0,194,-1.0,0.0,-46.75584
B,193.020408,194,-1.0,0.020408,-48.91211
B,193.040816,194,-1.0,0.040816,-50.58288
B,193.061224,194,-1.0,0.061224,-51.8775
B,193.081633,194,-1.0,0.081633,-52.88071
B,193.102041,194,-1.0,0.102041,-53.65822
B,193.122449,194,-1.0,0.122449,-54.26097
B,193.142857,194,-1.0,0.142857,-54.72846
B,193.163265,194,-1.0,0.163265,-55.09134
B,193.183673,194,-1.0,0.183673,-55.37341
B,193.204082,194,-1.0,0.204082,-55.59317
B,193.22449,194,-1.0,0.22449,-55.76499
B,193.244898,194,-1.0,0.244898,-55.90008
B,193.265306,194,-1.0,0.265306,-56.00717
B,193.285714,194,-1.0,0.285714,-56.09312
B,193.306122,194,-1.0,0.306122,-56.16329
B,193.326531,194,-1.0,0.326531,-56.22192
B,193.346939,194,-1.0,0.346939,-56.27238
B,193.367347,194,-1.0,0.367347,-56.31735
B,193.387755,194,-1.0,0.387755,-56.35902
B,193.408163,194,-1.0,0.408163,-56.39915
B,193.428571,194,-1.0,0.428571,-56.43923
B,193.44898,194,-1.0,0.44898,-56.48049
B,193.469388,194,-1.0,0.469388,-56.524
B,193.489796,194,-1.0,0.489796,-56.5707
B,193.510204,194,-1.0,0.510204,-56.62143
B,193.530612,194,-1.0,0.530612,-56.67697
B,193.55102,194,-1.0,0.55102,-56.73802
B,193.571429,194,-1.0,0.571429,-56.80527
B,193.591837,194,-1.0,0.591837,-56.87938
B,193.612245,194,-1.0,0.612245,-56.96101
B,193.632653,194,-1.0,0.632653,-57.05077
B,193.653061,194,-1.0,0.653061,-57.14933
B,193.673469,194,-1.0,0.673469,-57.25731
B,193.693878,194,-1.0,0.693878,-57.37537
B,193.714286,194,-1.0,0.714286,-57.50417
B,193.734694,194,-1.0,0.734694,-57.64438
B,193.755102,194,-1.0,0.755102,-57.79669
B,193.77551,194,-1.0,0.77551,-57.96179
B,193.795918,194,-1.0,0.795918,-58.1404
B,193.816327,194,-1.0,0.816327,-58.33324
B,193.836735,194,-1.0,0.836735,-58.54108
B,193.857143,194,-1.0,0.857143,-58.76467
B,193.877551,194,-1.0,0.877551,-59.00479
B,193.897959,194,-1.0,0.897959,-59.26226
B,193.918367,194,-1.0,0.918367,-59.53787
B,193.938776,194,-1.0,0.938776,-59.83248
B,193.959184,194,-1.0,0.959184,-60.14693
B,193.979592,194,-1.0,0.979592,-60.4821
B,194.0,194,-1.0,1.0,-60.83889
B,194.0,195,1.0,0.0,46.83841
B,194.020408,195,1.0,0.020408,48.99849
B,194.040816,195,1.0,0.040816,50.67221
B,194.061224,195,1.0,0.061224,51.96911
B,194.081633,195,1.0,0.081633,52.9741
B,194.102041,195,1.0,0.102041,53.75298
B,194.122449,195,1.0,0.122449,54.35679
B,194.142857,195,1.0,0.142857,54.8251
B,194.163265,195,1.0,0.163265,55.18863
B,194.183673,195,1.0,0.183673,55.4712
B,194.204082,195,1.0,0.204082,55.69134
B,194.22449,195,1.0,0.22449,55.86347
B,194.244898,195,1.0,0.244898,55.99879
B,194.265306,195,1.0,0.265306,56.10608
B,194.285714,195,1.0,0.285714,56.19218
B,194.306122,195,1.0,0.306122,56.26247
B,194.326531,195,1.0,0.326531,56.32121
B,194.346939,195,1.0,0.346939,56.37175
B,194.367347,195,1.0,0.367347,56.41681
B,194.387755,195,1.0,0.387755,56.45854
B,194.408163,195,1.0,0.408163,56.49875
B,194.428571,195,1.0,0.428571,56.53889
B,194.44898,195,1.0,0.44898,56.58023
B,194.469388,195,1.0,0.469388,56.62382
B,194.489796,195,1.0,0.489796,56.6706
B,194.510204,195,1.0,0.510204,56.72142
B,194.530612,195,1.0,0.530612,56.77706
B,194.55102,195,1.0,0.55102,56.83821
B,194.571429,195,1.0,0.571429,56.90559
B,194.591837,195,1.0,0.591837,56.97983
B,194.612245,195,1.0,0.612245,57.06159
B,194.632653,195,1.0,0.632653,57.15152
B,194.653061,195,1.0,0.653061,57.25025
B,194.673469,195,1.0,0.673469,57.35842
B,194.693878,195,1.0,0.693878,57.47669
B,194.714286,195,1.0,0.714286,57.60572
B,194.734694,195,1.0,0.734694,57.74618
B,194.755102,195,1.0,0.755102,57.89875
B,194.77551,195,1.0,0.77551,58.06414
B,194.795918,195,1.0,0.795918,58.24307
B,194.816327,195,1.0,0.816327,58.43626
B,194.836735,195,1.0,0.836735,58.64446
B,194.857143,195,1.0,0.857143,58.86844
B,194.877551,195,1.0,0.877551,59.10899
B,194.897959,195,1.0,0.897959,59.36691
B,194.918367,195,1.0,0.918367,59.64301
B,194.938776,195,1.0,0.938776,59.93814
B,194.959184,195,1.0,0.959184,60.25315
B,194.979592,195,1.0,0.979592,60.58891
B,195.0,195,1.0,1.0,60.94633
B,195.0,196,-1.0,0.0,-46.92816
B,195.020408,196,-1.0,0.020408,-49.09238
B,195.040816,196,-1.0,0.040816,-50.76931
B,195.061224,196,-1.0,0.061224,-52.06869
B,195.081633,196,-1.0,0.081633,-53.07561
B,195.102041,196,-1.0,0.102041,-53.85598
B,195.122449,196,-1.0,0.122449,-54.46095
B,195.142857,196,-1.0,0.142857,-54.93016
B,195.163265,196,-1.0,0.163265,-55.29438
B,195.183673,196,-1.0,0.183673,-55.57749
B,195.204082,196,-1.0,0.204082,-55.79806
B,195.22449,196,-1.0,0.22449,-55.97052
B,195.244898,196,-1.0,0.244898,-56.1061
B,195.265306,196,-1.0,0.265306,-56.21359
B,195.285714,196,-1.0,0.285714,-56.29986
B,195.306122,196,-1.0,0.306122,-56.37028
B,195.326531,196,-1.0,0.326531,-56.42913
B,195.346939,196,-1.0,0.346939,-56.47977
B,195.367347,196,-1.0,0.367347,-56.52491
B,195.387755,196,-1.0,0.387755,-56.56673
B,195.408163,196,-1.0,0.408163,-56.60701
B,195.428571,196,-1.0,0.428571,-56.64724
B,195.44898,196,-1.0,0.44898,-56.68865
B,195.469388,196,-1.0,0.469388,-56.73232
B,195.489796,196,-1.0,0.489796,-56.7792
B,195.510204,196,-1.0,0.510204,-56.83012
B,195.530612,196,-1.0,0.530612,-56.88585
B,195.55102,196,-1.0,0.55102,-56.94713
B,195.571429,196,-1.0,0.571429,-57.01463
B,195.591837,196,-1.0,0.591837,-57.08902
B,195.612245,196,-1.0,0.612245,-57.17094
B,195.632653,196,-1.0,0.632653,-57.26104
B,195.653061,196,-1.0,0.653061,-57.35995
B,195.673469,196,-1.0,0.673469,-57.46833
B,195.693878,196,-1.0,0.693878,-57.58683
B,195.714286,196,-1.0,0.714286,-57.71611
B,195.734694,196,-1.0,0.734694,-57.85683
B,195.755102,196,-1.0,0.755102,-58.0097
B,195.77551,196,-1.0,0.77551,-58.17541
B,195.795918,196,-1.0,0.795918,-58.35468
B,195.816327,196,-1.0,0.816327,-58.54823
B,195.836735,196,-1.0,0.836735,-58.75684
B,195.857143,196,-1.0,0.857143,-58.98125
B,195.877551,196,-1.0,0.877551,-59.22226
B,195.897959,196,-1.0,0.897959,-59.48067
B,195.918367,196,-1.0,0.918367,-59.7573
B,195.938776,196,-1.0,0.938776,-60.05299
B,195.959184,196,-1.0,0.959184,-60.36861
B,195.979592,196,-1.0,0.979592,-60.70502
B,196.0,196,-1.0,1.0,-61.06312
B,196.0,197,1.0,0.0,46.7754
B,196.020408,197,1.0,0.020408,48.93258
B,196.040816,197,1.0,0.040816,50.60405
B,196.061224,197,1.0,0.061224,51.8992
B,196.081633,197,1.0,0.081633,52.90284
B,196.102041,197,1.0,0.102041,53.68067
B,196.122449,197,1.0,0.122449,54.28367
B,196.142857,197,1.0,0.142857,54.75135
B,196.163265,197,1.0,0.163265,55.11439
B,196.183673,197,1.0,0.183673,55.39658
B,196.204082,197,1.0,0.204082,55.61643
B,196.22449,197,1.0,0.22449,55.78832
B,196.244898,197,1.0,0.244898,55.92347
B,196.265306,197,1.0,0.265306,56.03061
B,196.285714,197,1.0,0.285714,56.11659
B,196.306122,197,1.0,0.306122,56.18679
B,196.326531,197,1.0,0.326531,56.24545
B,196.346939,197,1.0,0.346939,56.29592
B,196.367347,197,1.0,0.367347,56.34092
B,196.387755,197,1.0,0.387755,56.3826
B,196.408163,197,1.0,0.408163,56.42275
B,196.428571,197,1.0,0.428571,56.46284
B,196.44898,197,1.0,0.44898,56.50412
B,196.469388,197,1.0,0.469388,56.54765
B,196.489796,197,1.0,0.489796,56.59437
B,196.510204,197,1.0,0.510204,56.64513
B,196.530612,197,1.0,0.530612,56.70068
B,196.55102,197,1.0,0.55102,56.76176
B,196.571429,197,1.0,0.571429,56.82904
B,196.591837,197,1.0,0.591837,56.90318
B,196.612245,197,1.0,0.612245,56.98484
B,196.632653,197,1.0,0.632653,57.07464
B,196.653061,197,1.0,0.653061,57.17324
B,196.673469,197,1.0,0.673469,57.28127
B,196.693878,197,1.0,0.693878,57.39938
B,196.714286,197,1.0,0.714286,57.52823
B,196.734694,197,1.0,0.734694,57.6685
B,196.755102,197,1.0,0.755102,57.82087
B,196.77551,197,1.0,0.77551,57.98604
B,196.795918,197,1.0,0.795918,58.16472
B,196.816327,197,1.0,0.816327,58.35765
B,196.836735,197,1.0,0.836735,58.56557
B,196.857143,197,1.0,0.857143,58.78926
B,196.877551,197,1.0,0.877551,59.02948
B,196.897959,197,1.0,0.897959,59.28705
B,196.918367,197,1.0,0.918367,59.56278
B,196.938776,197,1.0,0.938776,59.85751
B,196.959184,197,1.0,0.959184,60.1721
B,196.979592,197,1.0,0.979592,60.50741
B,197.0,197,1.0,1.0,60.86435
B,197.0,198,-1.0,0.0,-47.02415
B,197.020408,198,-1.0,0.020408,-49.19279
B,197.040816,198,-1.0,0.040816,-50.87315
B,197.061224,198,-1.0,0.061224,-52.1752
B,197.081633,198,-1.0,0.081633,-53.18417
B,197.102041,198,-1.0,0.102041,-53.96614
B,197.122449,198,-1.0,0.122449,-54.57235
B,197.142857,198,-1.0,0.142857,-55.04252
B,197.163265,198,-1.0,0.163265,-55.40748
B,197.183673,198,-1.0,0.183673,-55.69117
B,197.204082,198,-1.0,0.204082,-55.91219
B,197.22449,198,-1.0,0.22449,-56.085
B,197.244898,198,-1.0,0.244898,-56.22086
B,197.265306,198,-1.0,0.265306,-56.32857
B,197.285714,198,-1.0,0.285714,-56.41501
B,197.306122,198,-1.0,0.306122,-56.48559
B,197.326531,198,-1.0,0.326531,-56.54455
B,197.346939,198,-1.0,0.346939,-56.5953
B,197.367347,198,-1.0,0.367347,-56.64053
B,197.387755,198,-1.0,0.387755,-56.68244
B,197.408163,198,-1.0,0.408163,-56.7228
B,197.428571,198,-1.0,0.428571,-56.7631
B,197.44898,198,-1.0,0.44898,-56.8046
B,197.469388,198,-1.0,0.469388,-56.84836
B,197.489796,198,-1.0,0.489796,-56.89533
B,197.510204,198,-1.0,0.510204,-56.94636
B,197.530612,198,-1.0,0.530612,-57.00221
B,197.55102,198,-1.0,0.55102,-57.06361
B,197.571429,198,-1.0,0.571429,-57.13125
B,197.591837,198,-1.0,0.591837,-57.20579
B,197.612245,198,-1.0,0.612245,-57.28788
B,197.632653,198,-1.0,0.632653,-57.37816
B,197.653061,198,-1.0,0.653061,-57.47728
B,197.673469,198,-1.0,0.673469,-57.58588
B,197.693878,198,-1.0,0.693878,-57.70462
B,197.714286,198,-1.0,0.714286,-57.83416
B,197.734694,198,-1.0,0.734694,-57.97518
B,197.755102,198,-1.0,0.755102,-58.12836
B,197.77551,198,-1.0,0.77551,-58.2944
B,197.795918,198,-1.0,0.795918,-58.47404
B,197.816327,198,-1.0,0.816327,-58.66799
B,197.836735,198,-1.0,0.836735,-58.87702
B,197.857143,198,-1.0,0.857143,-59.10189
B,197.877551,198,-1.0,0.877551,-59.3434
B,197.897959,198,-1.0,0.897959,-59.60233
B,197.918367,198,-1.0,0.918367,-59.87953
B,197.938776,198,-1.0,0.938776,-60.17583
B,197.959184,198,-1.0,0.959184,-60.49209
B,197.979592,198,-1.0,0.979592,-60.82918
B,198.0,198,-1.0,1.0,-61.18802
B,198.0,199,1.0,0.0,46.9895
B,198.020408,199,1.0,0.020408,49.15655
B,198.040816,199,1.0,0.040816,50.83567
B,198.061224,199,1.0,0.061224,52.13675
B,198.081633,199,1.0,0.081633,53.14498
B,198.102041,199,1.0,0.102041,53.92638
B,198.122449,199,1.0,0.122449,54.53213
B,198.142857,199,1.0,0.142857,55.00196
B,198.163265,199,1.0,0.163265,55.36665
B,198.183673,199,1.0,0.183673,55.65014
B,198.204082,199,1.0,0.204082,55.87099
B,198.22449,199,1.0,0.22449,56.04367
B,198.244898,199,1.0,0.244898,56.17944
B,198.265306,199,1.0,0.265306,56.28707
B,198.285714,199,1.0,0.285714,56.37344
B,198.306122,199,1.0,0.306122,56.44396
B,198.326531,199,1.0,0.326531,56.50289
B,198.346939,199,1.0,0.346939,56.5536
B,198.367347,199,1.0,0.367347,56.5988
B,198.387755,199,1.0,0.387755,56.64067
B,198.408163,199,1.0,0.408163,56.681
B,198.428571,199,1.0,0.428571,56.72128
B,198.44898,199,1.0,0.44898,56.76274
B,198.469388,199,1.0,0.469388,56.80647
B,198.489796,199,1.0,0.489796,56.85341
B,198.510204,199,1.0,0.510204,56.9044
B,198.530612,199,1.0,0.530612,56.96021
B,198.55102,199,1.0,0.55102,57.02156
B,198.571429,199,1.0,0.571429,57.08915
B,198.591837,199,1.0,0.591837,57.16364
B,198.612245,199,1.0,0.612245,57.24566
B,198.632653,199,1.0,0.632653,57.33588
B,198.653061,199,1.0,0.653061,57.43493
B,198.673469,199,1.0,0.673469,57.54345
B,198.693878,199,1.0,0.693878,57.6621
B,198.714286,199,1.0,0.714286,57.79155
B,198.734694,199,1.0,0.734694,57.93246
B,198.755102,199,1.0,0.755102,58.08552
B,198.77551,199,1.0,0.77551,58.25145
B,198.795918,199,1.0,0.795918,58.43095
B,198.816327,199,1.0,0.816327,58.62476
B,198.836735,199,1.0,0.836735,58.83364
B,198.857143,199,1.0,0.857143,59.05834
B,198.877551,199,1.0,0.877551,59.29967
B,198.897959,199,1.0,0.897959,59.55842
B,198.918367,199,1.0,0.918367,59.83541
B,198.938776,199,1.0,0.938776,60.13149
B,198.959184,199,1.0,0.959184,60.44751
B,198.979592,199,1.0,0.979592,60.78436
B,199.0,199,1.0,1.0,61.14293
B,199.0,200,-1.0,0.0,-47.29747
B,199.020408,200,-1.0,0.020408,-49.47872
B,199.040816,200,-1.0,0.040816,-51.16884
B,199.061224,200,-1.0,0.061224,-52.47846
B,199.081633,200,-1.0,0.081633,-53.49329
B,199.102041,200,-1.0,0.102041,-54.27981
B,199.122449,200,-1.0,0.122449,-54.88954
B,199.142857,200,-1.0,0.142857,-55.36244
B,199.163265,200,-1.0,0.163265,-55.72953
B,199.183673,200,-1.0,0.183673,-56.01487
B,199.204082,200,-1.0,0.204082,-56.23717
B,199.22449,200,-1.0,0.22449,-56.41099
B,199.244898,200,-1.0,0.244898,-56.54764
B,199.265306,200,-1.0,0.265306,-56.65597
B,199.285714,200,-1.0,0.285714,-56.74292
B,199.306122,200,-1.0,0.306122,-56.8139
B,199.326531,200,-1.0,0.326531,-56.87321
B,199.346939,200,-1.0,0.346939,-56.92425
B,199.367347,200,-1.0,0.367347,-56.96974
B,199.387755,200,-1.0,0.387755,-57.01189
B,199.408163,200,-1.0,0.408163,-57.05249
B,199.428571,200,-1.0,0.428571,-57.09303
B,199.44898,200,-1.0,0.44898,-57.13477
B,199.469388,200,-1.0,0.469388,-57.17878
B,199.489796,200,-1.0,0.489796,-57.22603
B,199.510204,200,-1.0,0.510204,-57.27735
B,199.530612,200,-1.0,0.530612,-57.33353
B,199.55102,200,-1.0,0.55102,-57.39528
B,199.571429,200,-1.0,0.571429,-57.46332
B,199.591837,200,-1.0,0.591837,-57.53829
B,199.612245,200,-1.0,0.612245,-57.62085
B,199.632653,200,-1.0,0.632653,-57.71166
B,199.653061,200,-1.0,0.653061,-57.81136
B,199.673469,200,-1.0,0.673469,-57.92059
B,199.693878,200,-1.0,0.693878,-58.04002
B,199.714286,200,-1.0,0.714286,-58.17031
B,199.734694,200,-1.0,0.734694,-58.31215
B,199.755102,200,-1.0,0.755102,-58.46622
B,199.77551,200,-1.0,0.77551,-58.63323
B,199.795918,200,-1.0,0.795918,-58.81391
B,199.816327,200,-1.0,0.816327,-59.00899
B,199.836735,200,-1.0,0.836735,-59.21923
B,199.857143,200,-1.0,0.857143,-59.44541
B,199.877551,200,-1.0,0.877551,-59.68832
B,199.897959,200,-1.0,0.897959,-59.94876
B,199.918367,200,-1.0,0.918367,-60.22757
B,199.938776,200,-1.0,0.938776,-60.52559
B,199.959184,200,-1.0,0.959184,-60.84369
B,199.979592,200,-1.0,0.979592,-61.18274
B,200.0,200,-1.0,1.0,-61.54366
