time_min,voltage_V,current_mA,passed_charge_mAh,equilibrium_model_V,rc_polarization_V
0.0,3.2240300120664247,0.1,0.0,3.190030012066425,0.0
0.2,3.2295641339164995,0.1,0.0003333333333333334,3.192231236244447,0.0033328976720525304
0.4,3.2349676208861786,0.1,0.0006666666666666668,3.194432510329043,0.006535110557135964
0.6000000000000001,3.2402455992315633,0.1,0.0010000000000000002,3.1966338363525217,0.00961176287904162
0.8,3.245402994367637,0.1,0.0013333333333333335,3.198835216429765,0.012567777937872046
1.0,3.250444538749938,0.1,0.0016666666666666668,3.2010366527615663,0.015407885988371554
1.2000000000000002,3.2553747794474464,0.1,0.0020000000000000005,3.2032381476381038,0.018136631809342975
1.4000000000000001,3.260198085418817,0.1,0.0023333333333333335,3.2054397034425537,0.02075838197626335
1.6,3.2649186545035804,0.1,0.002666666666666667,3.2076413226548444,0.023277331848736288
1.8,3.2695405201395285,0.1,0.0030000000000000005,3.209843007855566,0.025697512283962377
2.0,3.2740675578170007,0.1,0.0033333333333333335,3.2120447617300303,0.028022796086970676
2.2,3.2785034912804294,0.1,0.003666666666666667,3.2142465870724966,0.030256904207933002
2.4000000000000004,3.2828518984870416,0.1,0.004000000000000001,3.2164484867905636,0.03240341169647805
2.6,3.2871162173322723,0.1,0.004333333333333333,3.218650463909739,0.034465753422533496
2.8000000000000003,3.291299751151037,0.1,0.004666666666666667,3.2208525215781862,0.03644722957285075
3.0,3.2954056740036717,0.1,0.005000000000000001,3.223054663071664,0.03835101093200776
3.2,3.2994370357550022,0.1,0.005333333333333334,3.2252568917986615,0.04018014395634088
3.4000000000000004,3.303396766954656,0.1,0.005666666666666668,3.227459211305731,0.041937555648924894
3.6,3.307287683526445,0.1,0.006000000000000001,3.229661625283043,0.04362605824340242
3.8000000000000003,3.3111124912743044,0.1,0.006333333333333334,3.2318641375701467,0.04524835370415773
4.0,3.314873790212008,0.1,0.006666666666666667,3.2340667521619717,0.04680703805003617
4.2,3.3185740787235845,0.1,0.007000000000000001,3.2362694732150565,0.048304605508528234
4.4,3.322215757561092,0.1,0.007333333333333334,3.2384723050540267,0.0497434525070656
4.6000000000000005,3.3258011336861424,0.1,0.007666666666666668,3.240675252178326,0.051125881507816315
4.800000000000001,3.329332423961327,0.1,0.008000000000000002,3.2428783192692117,0.0524541046921155
5.0,3.3328117586974533,0.1,0.008333333333333333,3.245081511197026,0.05373024750042742
5.2,3.3362411850622515,0.1,0.008666666666666666,3.247284833028748,0.05495635203350371
5.4,3.339622670356024,0.1,0.009000000000000001,3.2494882900358437,0.05613438032018019
5.6000000000000005,3.3429581051594615,0.1,0.009333333333333334,3.25169188770242,0.05726621745704167
5.800000000000001,3.346249306358677,0.1,0.009666666666666667,3.2538956317336987,0.05835367462497858
6.0,3.3154980200522735,0.0,0.010000000000000002,3.2560995280648104,0.059398491987462845
6.2,3.3131689718679387,0.0,0.010000000000000002,3.2560995280648104,0.057069443803128186
6.4,3.3109312469691528,0.0,0.010000000000000002,3.2560995280648104,0.054831718904342554
6.6000000000000005,3.3087812645186716,0.0,0.010000000000000002,3.2560995280648104,0.052681736453861115
6.800000000000001,3.306715584085886,0.0,0.010000000000000002,3.2560995280648104,0.05061605602107572
7.0,3.3047309001414025,0.0,0.010000000000000002,3.2560995280648104,0.04863137207659192
7.2,3.302824036767487,0.0,0.010000000000000002,3.2560995280648104,0.0467245087026767
7.4,3.300991942575923,0.0,0.010000000000000002,3.2560995280648104,0.04489241451111259
7.6000000000000005,3.299231685825136,0.0,0.010000000000000002,3.2560995280648104,0.04313215776032548
7.800000000000001,3.2975404497287832,0.0,0.010000000000000002,3.2560995280648104,0.04144092166397264
8.0,3.295915527948294,0.0,0.010000000000000002,3.2560995280648104,0.03981599988348364
8.200000000000001,3.2943543202621517,0.0,0.010000000000000002,3.2560995280648104,0.0382547921973412
8.4,3.2928543284049825,0.0,0.010000000000000002,3.2560995280648104,0.03675480034017213
8.6,3.2914131520698,0.0,0.010000000000000002,3.2560995280648104,0.03531362400498961
8.8,3.2900284850670003,0.0,0.010000000000000002,3.2560995280648104,0.03392895700218997
9.0,3.288698111633968,0.0,0.010000000000000002,3.2560995280648104,0.0325985835691574
9.200000000000001,3.2874199028893814,0.0,0.010000000000000002,3.2560995280648104,0.03132037482457087
9.4,3.28619181342655,0.0,0.010000000000000002,3.2560995280648104,0.030092285361739992
9.600000000000001,3.2850118780403283,0.0,0.010000000000000002,3.2560995280648104,0.028912349975517823
9.8,3.283878208582364,0.0,0.010000000000000002,3.2560995280648104,0.027778680517553462
10.0,3.2827889909396624,0.0,0.010000000000000002,3.2560995280648104,0.026689462874851765
10.200000000000001,3.281742482131616,0.0,0.010000000000000002,3.2560995280648104,0.02564295406680557
10.4,3.2807370075208655,0.0,0.010000000000000002,3.2560995280648104,0.024637479456054913
10.600000000000001,3.27977095813352,0.0,0.010000000000000002,3.2560995280648104,0.02367143006870988
10.8,3.2788427880844595,0.0,0.010000000000000002,3.2560995280648104,0.022743260019649207
11.0,3.2779510121035846,0.0,0.010000000000000002,3.2560995280648104,0.02185148403877422
11.200000000000001,3.2770942031590704,0.0,0.010000000000000002,3.2560995280648104,0.02099467509425982
11.4,3.2762709901738094,0.0,0.010000000000000002,3.2560995280648104,0.020171462108999144
11.600000000000001,3.275480055831398,0.0,0.010000000000000002,3.2560995280648104,0.01938052776658762
11.8,3.2747201344681462,0.0,0.010000000000000002,3.2560995280648104,0.01862060640333575
12.0,3.2739900100477475,0.0,0.010000000000000002,3.2560995280648104,0.017890481982937117
12.200000000000001,3.2732885142153614,0.0,0.010000000000000002,3.2560995280648104,0.01718898615055089
12.4,3.272614524427995,0.0,0.010000000000000002,3.2560995280648104,0.016514996363184844
12.600000000000001,3.2719669621581975,0.0,0.010000000000000002,3.2560995280648104,0.01586743409338702
12.8,3.271344791168182,0.0,0.010000000000000002,3.2560995280648104,0.01524526310337177
13.0,3.2707470158516285,0.0,0.010000000000000002,3.2560995280648104,0.014647487786818172
13.200000000000001,3.2701726796404977,0.0,0.010000000000000002,3.2560995280648104,0.014073151575687531
13.4,3.2696208634743207,0.0,0.010000000000000002,3.2560995280648104,0.01352133540951046
13.600000000000001,3.2690906843295044,0.0,0.010000000000000002,3.2560995280648104,0.012991156264694
13.8,3.268581293806306,0.0,0.010000000000000002,3.2560995280648104,0.012481765741495541
14.0,3.2680918767712126,0.0,0.010000000000000002,3.2560995280648104,0.011992348706402185
14.200000000000001,3.2676216500525537,0.0,0.010000000000000002,3.2560995280648104,0.011522121987743241
14.4,3.267169861187259,0.0,0.010000000000000002,3.2560995280648104,0.011070333122448482
14.600000000000001,3.2667357872167573,0.0,0.010000000000000002,3.2560995280648104,0.01063625915194666
14.8,3.266318733530088,0.0,0.010000000000000002,3.2560995280648104,0.010219205465277598
15.0,3.265918032752377,0.0,0.010000000000000002,3.2560995280648104,0.009818504687566421
15.200000000000001,3.265533043676892,0.0,0.010000000000000002,3.2560995280648104,0.009433515612081396
15.4,3.2651631502389766,0.0,0.010000000000000002,3.2560995280648104,0.009063622174166371
15.600000000000001,3.2648077605302164,0.0,0.010000000000000002,3.2560995280648104,0.008708232465405865
15.8,3.264466305851256,0.0,0.010000000000000002,3.2560995280648104,0.008366777786445356
16.0,3.2641382398017615,0.0,0.010000000000000002,3.2560995280648104,0.00803871173695095
16.2,3.2638230374060626,0.0,0.010000000000000002,3.2560995280648104,0.007723509341252303
16.400000000000002,3.26352019427308,0.0,0.010000000000000002,3.2560995280648104,0.007420666208269525
16.6,3.2632292257891904,0.0,0.010000000000000002,3.2560995280648104,0.0071296977243798755
16.8,3.262949666342743,0.0,0.010000000000000002,3.2560995280648104,0.006850138277932537
17.0,3.262681068578981,0.0,0.010000000000000002,3.2560995280648104,0.006581540514170665
17.2,3.2624230026841787,0.0,0.010000000000000002,3.2560995280648104,0.006323474619368327
17.400000000000002,3.2621750556978473,0.0,0.010000000000000002,3.2560995280648104,0.006075527633036842
17.6,3.2619368308519103,0.0,0.010000000000000002,3.2560995280648104,0.00583730278709991
17.8,3.2617079469357906,0.0,0.010000000000000002,3.2560995280648104,0.005608418870980017
18.0,3.2614880376863904,0.0,0.010000000000000002,3.2560995280648104,0.0053885096215801976
18.2,3.2612767512019953,0.0,0.010000000000000002,3.2560995280648104,0.005177223137184936
18.400000000000002,3.2610737493791526,0.0,0.010000000000000002,3.2560995280648104,0.004974221314342343
18.6,3.2608787073716368,0.0,0.010000000000000002,3.2560995280648104,0.004779179306826513
18.8,3.2606913130706245,0.0,0.010000000000000002,3.2560995280648104,0.004591785005814235
19.0,3.260511266605255,0.0,0.010000000000000002,3.2560995280648104,0.004411738540444307
19.200000000000003,3.2603382798627707,0.0,0.010000000000000002,3.2560995280648104,0.004238751797960172
19.400000000000002,3.2601720760274784,0.0,0.010000000000000002,3.2560995280648104,0.004072547962668056
19.6,3.260012389137783,0.0,0.010000000000000002,3.2560995280648104,0.003912861072972778
19.8,3.259858963660593,0.0,0.010000000000000002,3.2560995280648104,0.003759435595782474
20.0,3.2597115540824113,0.0,0.010000000000000002,3.2560995280648104,0.003612026017601124
20.200000000000003,3.259569924516465,0.0,0.010000000000000002,3.2560995280648104,0.0034703964516545815
20.400000000000002,3.259433848325232,0.0,0.010000000000000002,3.2560995280648104,0.0033343202604214184
20.6,3.2593031077577748,0.0,0.010000000000000002,3.2560995280648104,0.0032035796929645232
20.8,3.2591774936012934,0.0,0.010000000000000002,3.2560995280648104,0.0030779655364831567
21.0,3.259056804846338,0.0,0.010000000000000002,3.2560995280648104,0.0029572767815278325
21.200000000000003,3.2589408483651527,0.0,0.010000000000000002,3.2560995280648104,0.002841320300342312
21.400000000000002,3.2588294386026284,0.0,0.010000000000000002,3.2560995280648104,0.002729910537818001
21.6,3.2587223972793766,0.0,0.010000000000000002,3.2560995280648104,0.0026228692145661746
21.8,3.2586195531064432,0.0,0.010000000000000002,3.2560995280648104,0.0025200250416329297
22.0,3.2585207415112105,0.0,0.010000000000000002,3.2560995280648104,0.0024212134464003127
22.200000000000003,3.2584258043740455,0.0,0.010000000000000002,3.2560995280648104,0.0023262763092350186
22.400000000000002,3.2583345897752736,0.0,0.010000000000000002,3.2560995280648104,0.0022350617104632503
22.6,3.2582469517520773,0.0,0.010000000000000002,3.2560995280648104,0.002147423687266819
22.8,3.2581627500649217,0.0,0.010000000000000002,3.2560995280648104,0.002063222000111501
23.0,3.258081849973144,0.0,0.010000000000000002,3.2560995280648104,0.001982321908333864
23.200000000000003,3.258004122019338,0.0,0.010000000000000002,3.2560995280648104,0.001904593954527455
23.400000000000002,3.257929441822194,0.0,0.010000000000000002,3.2560995280648104,0.001829913757383339
23.6,3.257857689877464,0.0,0.010000000000000002,3.2560995280648104,0.0017581618126534591
23.8,3.257788751366729,0.0,0.010000000000000002,3.2560995280648104,0.0016892233019183494
24.0,3.2577225159736636,0.0,0.010000000000000002,3.2560995280648104,0.0016229879088531668
24.200000000000003,3.2576588777075086,0.0,0.010000000000000002,3.2560995280648104,0.001559349642698035
24.400000000000002,3.257597734733461,0.0,0.010000000000000002,3.2560995280648104,0.0014982066686502209
24.6,3.257538989209717,0.0,0.010000000000000002,3.2560995280648104,0.0014394611449067166
24.8,3.257482547130907,0.0,0.010000000000000002,3.2560995280648104,0.0013830190660964856
25.0,3.2574283181776624,0.0,0.010000000000000002,3.2560995280648104,0.0013287901128518124
25.200000000000003,3.2573762155720885,0.0,0.010000000000000002,3.2560995280648104,0.0012766875072780443
25.400000000000002,3.257326155938901,0.0,0.010000000000000002,3.2560995280648104,0.00122662787409045
25.6,3.2572780591720063,0.0,0.010000000000000002,3.2560995280648104,0.0011785311071959702
25.8,3.2572318483063167,0.0,0.010000000000000002,3.2560995280648104,0.001132320241506383
26.0,3.2571874493945883,0.0,0.010000000000000002,3.2560995280648104,0.001087921329777741
26.200000000000003,3.257144791389089,0.0,0.010000000000000002,3.2560995280648104,0.001045263324279005
26.400000000000002,3.257103806027911,0.0,0.010000000000000002,3.2560995280648104,0.0010042779631005184
26.6,3.2570644277257306,0.0,0.010000000000000002,3.2560995280648104,0.0009648996609203848
26.8,3.2570265934688645,0.0,0.010000000000000002,3.2560995280648104,0.0009270654040539635
27.0,3.256990242714429,0.0,0.010000000000000002,3.2560995280648104,0.0008907146496185297
27.200000000000003,3.256955317293462,0.0,0.010000000000000002,3.2560995280648104,0.0008557892286517447
27.400000000000002,3.256921761317839,0.0,0.010000000000000002,3.2560995280648104,0.0008222332530289093
27.6,3.2568895210908404,0.0,0.010000000000000002,3.2560995280648104,0.0007899930260300361
27.8,3.256858545021224,0.0,0.010000000000000002,3.2560995280648104,0.0007590169564136452
28.0,3.25682878354067,0.0,0.010000000000000002,3.2560995280648104,0.0007292554758597696
28.200000000000003,3.2568001890244607,0.0,0.010000000000000002,3.2560995280648104,0.0007006609596500682
28.400000000000002,3.2567727157152686,0.0,0.010000000000000002,3.2560995280648104,0.0006731876504581177
28.6,3.256746319649938,0.0,0.010000000000000002,3.2560995280648104,0.0006467915851279252
28.8,3.256720958589134,0.0,0.010000000000000002,3.2560995280648104,0.0006214305243235016
29.0,3.2566965919497473,0.0,0.010000000000000002,3.2560995280648104,0.0005970638849369113
29.200000000000003,3.256673180739957,0.0,0.010000000000000002,3.2560995280648104,0.0005736526751466418
29.400000000000002,3.256650687496833,0.0,0.010000000000000002,3.2560995280648104,0.0005511594320223719
29.6,3.2566290762263868,0.0,0.010000000000000002,3.2560995280648104,0.0005295481615762879
29.8,3.2566083123459753,0.0,0.010000000000000002,3.2560995280648104,0.0005087842811650256
30.0,3.2905883626289603,0.1,0.010000000000000002,3.2560995280648104,0.000488834564150063
30.200000000000003,3.296106147628725,0.1,0.010333333333333338,3.2583035828699445,0.0038025647587805866
30.400000000000002,3.3014941643058164,0.1,0.01066666666666667,3.260507802571835,0.006986361733981701
30.6,3.3067575140957848,0.1,0.011000000000000003,3.262712193851625,0.010045320244160043
30.8,3.31190109893465,0.1,0.011333333333333336,3.2649167636591057,0.01298433527554452
31.0,3.3169296291025514,0.1,0.011666666666666667,3.267121519223343,0.01580810987920866
31.200000000000003,3.3218476307606783,0.1,0.012000000000000005,3.269326468063723,0.018521162696955758
31.400000000000002,3.326659453193512,0.1,0.012333333333333337,3.2715316180014025,0.02112783519210957
31.6,3.3313692757679925,0.1,0.01266666666666667,3.2737369771712106,0.023632298596782186
31.8,3.3359811146207217,0.1,0.013000000000000003,3.275942554033987,0.026038560586735107
32.0,3.3404988290839137,0.1,0.013333333333333334,3.2781483573893984,0.028350471694515527
32.2,3.3449261278603584,0.1,0.01366666666666667,3.2803543963892285,0.03057173147112995
32.4,3.3492665749572876,0.1,0.013999999999999997,3.282560680551173,0.032705894406114856
32.6,3.353523595388621,0.1,0.014333333333333337,3.2847672197731423,0.03475637561547875
32.800000000000004,3.357700480654723,0.1,0.014666666666666673,3.2869740243481074,0.03672645630661586
33.0,3.361800394008421,0.1,0.015000000000000001,3.289181104979483,0.03861928902893825
33.2,3.3658263755157174,0.1,0.01533333333333334,3.29138847279709,0.0404379027186276
33.4,3.3697813469192774,0.1,0.015666666666666666,3.2935961393736988,0.04218520754557891
33.6,3.3736681163124684,0.1,0.016000000000000004,3.295804116742175,0.04386399957029367
33.800000000000004,3.37748938263143,0.1,0.016333333333333342,3.2980124174132572,0.045476965218172745
34.0,3.3812477399723364,0.1,0.016666666666666666,3.3002210543939663,0.0470266855783704
34.2,3.3849456817407777,0.1,0.017000000000000005,3.3024300412066903,0.04851564053408769
34.4,3.388585604639854,0.1,0.01733333333333333,3.30463939190894,0.049946212730914326
34.6,3.392169812503387,0.1,0.01766666666666667,3.3068491211138165,0.05132069138957034
34.800000000000004,3.3957005199803425,0.1,0.01800000000000001,3.3090592440111952,0.0526412759691473
35.0,3.3991798560763686,0.1,0.018333333333333333,3.311269776389657,0.0539100796867122
35.2,3.4026098675580867,0.1,0.01866666666666667,3.3134807346591812,0.05512913289890581
35.4,3.4059925222255716,0.1,0.019,3.3156921358746256,0.056300386350946106
35.6,3.4093297120582453,0.1,0.019333333333333334,3.317903997760008,0.05742571429823717
35.800000000000004,3.4126232562391943,0.1,0.019666666666666673,3.3201163387336172,0.05850691750557738
36.0,3.3818749040627347,0.0,0.020000000000000004,3.3223291779339674,0.059545726128767434
36.2,3.3795400827451436,0.0,0.020000000000000004,3.3223291779339674,0.057210904811176265
36.4,3.3772968110808943,0.0,0.020000000000000004,3.3223291779339674,0.05496763314692704
36.6,3.375141499356734,0.0,0.020000000000000004,3.3223291779339674,0.05281232142276665
36.800000000000004,3.3730706986140797,0.0,0.020000000000000004,3.3223291779339674,0.050741520680112166
37.0,3.3710810951299486,0.0,0.020000000000000004,3.3223291779339674,0.04875191719598102
37.2,3.3691695051142947,0.0,0.020000000000000004,3.3223291779339674,0.04684032718032708
37.4,3.3673328696152653,0.0,0.020000000000000004,3.3223291779339674,0.045003691681297815
37.6,3.3655682496242254,0.0,0.020000000000000004,3.3223291779339674,0.043239071690258174
37.800000000000004,3.3638728213727176,0.0,0.020000000000000004,3.3223291779339674,0.04154364343875022
38.0,3.3622438718138286,0.0,0.020000000000000004,3.3223291779339674,0.039914693879860956
38.2,3.3606787942807355,0.0,0.020000000000000004,3.3223291779339674,0.03834961634676825
38.400000000000006,3.3591750843154857,0.0,0.020000000000000004,3.3223291779339674,0.03684590638151821
38.6,3.3577303356613255,0.0,0.020000000000000004,3.3223291779339674,0.03540115772735792
38.800000000000004,3.3563422364121784,0.0,0.020000000000000004,3.3223291779339674,0.03401305847821113
39.0,3.355008565313103,0.0,0.020000000000000004,3.3223291779339674,0.03267938737913567
39.2,3.353727188205809,0.0,0.020000000000000004,3.3223291779339674,0.031398010271841255
39.400000000000006,3.3524960546135487,0.0,0.020000000000000004,3.3223291779339674,0.030166876679581223
39.6,3.3513131944599195,0.0,0.020000000000000004,3.3223291779339674,0.02898401652595217
39.800000000000004,3.350176714916319,0.0,0.020000000000000004,3.3223291779339674,0.027847536982351234
40.0,3.3490847973730142,0.0,0.020000000000000004,3.3223291779339674,0.026755619439046845
40.2,3.348035694528982,0.0,0.020000000000000004,3.3223291779339674,0.0257065165950148
40.400000000000006,3.3470277275958518,0.0,0.020000000000000004,3.3223291779339674,0.024698549661884145
40.6,3.346059283611485,0.0,0.020000000000000004,3.3223291779339674,0.02373010567751749
40.800000000000004,3.3451288128588947,0.0,0.020000000000000004,3.3223291779339674,0.022799634924927377
41.0,3.344234826386366,0.0,0.020000000000000004,3.3223291779339674,0.021905648452398715
41.2,3.3433758936248155,0.0,0.020000000000000004,3.3223291779339674,0.021046715690848105
41.400000000000006,3.3425506400985756,0.0,0.020000000000000004,3.3223291779339674,0.02022146216460834
41.6,3.3417577452259413,0.0,0.020000000000000004,3.3223291779339674,0.019428567291973987
41.800000000000004,3.340995940205956,0.0,0.020000000000000004,3.3223291779339674,0.018666762271988848
42.0,3.3402640059880615,0.0,0.020000000000000004,3.3223291779339674,0.017934828054093927
42.2,3.3395607713213535,0.0,0.020000000000000004,3.3223291779339674,0.017231593387386245
42.400000000000006,3.338885110880335,0.0,0.020000000000000004,3.3223291779339674,0.016555932946367702
42.6,3.3382359434641513,0.0,0.020000000000000004,3.3223291779339674,0.015906765530184108
42.800000000000004,3.3376122302664406,0.0,0.020000000000000004,3.3223291779339674,0.015283052332473087
43.0,3.33701297321302,0.0,0.020000000000000004,3.3223291779339674,0.014683795279052435
43.2,3.3364372133647557,0.0,0.020000000000000004,3.3223291779339674,0.014108035430788313
43.400000000000006,3.3358840293830556,0.0,0.020000000000000004,3.3223291779339674,0.013554851449088199
43.6,3.33535253605553,0.0,0.020000000000000004,3.3223291779339674,0.013023358121562518
43.800000000000004,3.3348418828794633,0.0,0.020000000000000004,3.3223291779339674,0.012512704945495896
44.0,3.334351252700829,0.0,0.020000000000000004,3.3223291779339674,0.012022074766861514
44.2,3.3338798604066677,0.0,0.020000000000000004,3.3223291779339674,0.011550682472700163
44.400000000000006,3.3334269516687396,0.0,0.020000000000000004,3.3223291779339674,0.011097773734772153
44.6,3.3329918017364384,0.0,0.020000000000000004,3.3223291779339674,0.010662623802471129
44.800000000000004,3.3325737142770357,0.0,0.020000000000000004,3.3223291779339674,0.010244536343068442
45.0,3.3321720202613996,0.0,0.020000000000000004,3.3223291779339674,0.009842842327432329
45.2,3.331786076893406,0.0,0.020000000000000004,3.3223291779339674,0.009456898959438449
45.400000000000006,3.3314152665813266,0.0,0.020000000000000004,3.3223291779339674,0.009086088647359051
45.6,3.331058995949552,0.0,0.020000000000000004,3.3223291779339674,0.008729818015584402
45.800000000000004,3.3307166948890625,0.0,0.020000000000000004,3.3223291779339674,0.00838751695509518
46.0,3.330387815645134,0.0,0.020000000000000004,3.3223291779339674,0.008058637711166506
46.2,3.3300718319408107,0.0,0.020000000000000004,3.3223291779339674,0.007742654006843424
46.400000000000006,3.329768238134753,0.0,0.020000000000000004,3.3223291779339674,0.007439060200785577
46.6,3.3294765484121007,0.0,0.020000000000000004,3.3223291779339674,0.00714737047813315
46.800000000000004,3.329196296007067,0.0,0.020000000000000004,3.3223291779339674,0.006867118073099417
47.0,3.3289270324560136,0.0,0.020000000000000004,3.3223291779339674,0.006597854522045978
47.2,3.3286683268798125,0.0,0.020000000000000004,3.3223291779339674,0.006339148945845171
47.400000000000006,3.328419765294349,0.0,0.020000000000000004,3.3223291779339674,0.006090587360381618
47.6,3.328180949948057,0.0,0.020000000000000004,3.3223291779339674,0.005851772014089289
47.800000000000004,3.3279514986854317,0.0,0.020000000000000004,3.3223291779339674,0.005622320751464105
48.0,3.327731044335501,0.0,0.020000000000000004,3.3223291779339674,0.00540186640153367
48.2,3.3275192341242725,0.0,0.020000000000000004,3.3223291779339674,0.00519005619030531
48.400000000000006,3.3273157291102198,0.0,0.020000000000000004,3.3223291779339674,0.004986551176252479
48.6,3.327120203641903,0.0,0.020000000000000004,3.3223291779339674,0.0047910257079359815
48.800000000000004,3.3269323448368597,0.0,0.020000000000000004,3.3223291779339674,0.004603166902892171
49.0,3.3267518520809216,0.0,0.020000000000000004,3.3223291779339674,0.0044226741469543095
49.2,3.326578436547173,0.0,0.020000000000000004,3.3223291779339674,0.004249258613205708
49.400000000000006,3.3264118207337625,0.0,0.020000000000000004,3.3223291779339674,0.004082642799795089
49.6,3.3262517380198418,0.0,0.020000000000000004,3.3223291779339674,0.003922560085874397
49.800000000000004,3.326097932238916,0.0,0.020000000000000004,3.3223291779339674,0.0037687543049485486
50.0,3.325950157268922,0.0,0.020000000000000004,3.3223291779339674,0.003620979334954423
50.2,3.3258081766383802,0.0,0.020000000000000004,3.3223291779339674,0.00347899870441301
50.400000000000006,3.325671763147992,0.0,0.020000000000000004,3.3223291779339674,0.003342585214024633
50.6,3.325540698507069,0.0,0.020000000000000004,3.3223291779339674,0.003211520573101578
50.800000000000004,3.325414772984224,0.0,0.020000000000000004,3.3223291779339674,0.003085595050256411
51.0,3.3252937850717545,0.0,0.020000000000000004,3.3223291779339674,0.0029646071377870445
51.2,3.325177541163189,0.0,0.020000000000000004,3.3223291779339674,0.002848363229221387
51.400000000000006,3.3250658552434733,0.0,0.020000000000000004,3.3223291779339674,0.002736677309505715
51.6,3.3249585485913085,0.0,0.020000000000000004,3.3223291779339674,0.0026293706573408872
51.800000000000004,3.3248554494931577,0.0,0.020000000000000004,3.3223291779339674,0.002526271559190125
52.0,3.3247563929684683,0.0,0.020000000000000004,3.3223291779339674,0.0024272150345007472
52.2,3.3246612205056674,0.0,0.020000000000000004,3.3223291779339674,0.0023320425717000583
52.400000000000006,3.3245697798085105,0.0,0.020000000000000004,3.3223291779339674,0.002240601874543039
52.6,3.3244819245523733,0.0,0.020000000000000004,3.3223291779339674,0.0021527466184058527
52.800000000000004,3.3243975141501028,0.0,0.020000000000000004,3.3223291779339674,0.0020683362161352183
53.0,3.3243164135270464,0.0,0.020000000000000004,3.3223291779339674,0.0019872355930789965
53.2,3.324238492904905,0.0,0.020000000000000004,3.3223291779339674,0.0019093149709379022
53.400000000000006,3.32416362759406,0.0,0.020000000000000004,3.3223291779339674,0.0018344496600925602
53.6,3.324091697794041,0.0,0.020000000000000004,3.3223291779339674,0.0017625198600735024
53.800000000000004,3.324022588401822,0.0,0.020000000000000004,3.3223291779339674,0.0016934104678548506
54.0,3.3239561888276326,0.0,0.020000000000000004,3.3223291779339674,0.0016270108936649367
54.2,3.3238923928179864,0.0,0.020000000000000004,3.3223291779339674,0.0015632148840190538
54.400000000000006,3.3238310982856585,0.0,0.020000000000000004,3.3223291779339674,0.0015019203516912296
54.6,3.3237722071463205,0.0,0.020000000000000004,3.3223291779339674,0.0014430292123528779
54.800000000000004,3.3237156251615843,0.0,0.020000000000000004,3.3223291779339674,0.0013864472276169395
55.0,3.323661261788204,0.0,0.020000000000000004,3.3223291779339674,0.0013320838542363739
55.2,3.323609030033183,0.0,0.020000000000000004,3.3223291779339674,0.00127985209921563
55.400000000000006,3.3235588463145707,0.0,0.020000000000000004,3.3223291779339674,0.001229668380603308
55.6,3.3235106303277107,0.0,0.020000000000000004,3.3223291779339674,0.0011814523937431988
55.800000000000004,3.323464304916737,0.0,0.020000000000000004,3.3223291779339674,0.001135126982769697
56.0,3.3234197959511094,0.0,0.020000000000000004,3.3223291779339674,0.001090618017141967
56.2,3.3233770322069867,0.0,0.020000000000000004,3.3223291779339674,0.0010478542730192485
56.400000000000006,3.323335945253255,0.0,0.020000000000000004,3.3223291779339674,0.0010067673192875285
56.6,3.3232964693420226,0.0,0.020000000000000004,3.3223291779339674,0.0009672914080551533
56.800000000000004,3.3232585413034097,0.0,0.020000000000000004,3.3223291779339674,0.0009293633694421712
57.0,3.3232221004444624,0.0,0.020000000000000004,3.3223291779339674,0.0008929225104950578
57.2,3.3231870884520323,0.0,0.020000000000000004,3.3223291779339674,0.0008579105180650305
57.400000000000006,3.323153449299462,0.0,0.020000000000000004,3.3223291779339674,0.0008242713654945792
57.6,3.3231211291569305,0.0,0.020000000000000004,3.3223291779339674,0.000791951222962857
57.800000000000004,3.3230900763053137,0.0,0.020000000000000004,3.3223291779339674,0.0007608983713464794
58.0,3.323060241053425,0.0,0.020000000000000004,3.3223291779339674,0.0007310631194579007
58.2,3.3230315756584963,0.0,0.020000000000000004,3.3223291779339674,0.0007023977245289039
58.400000000000006,3.3230040342497795,0.0,0.020000000000000004,3.3223291779339674,0.0006748563158119931
58.6,3.322977572755145,0.0,0.020000000000000004,3.3223291779339674,0.0006483948211774086
58.800000000000004,3.322952148830556,0.0,0.020000000000000004,3.3223291779339674,0.0006229708965883129
59.0,3.3229277217923086,0.0,0.020000000000000004,3.3223291779339674,0.0005985438583413056
59.2,3.3229042525519312,0.0,0.020000000000000004,3.3223291779339674,0.0005750746179638102
59.400000000000006,3.3228817035536315,0.0,0.020000000000000004,3.3223291779339674,0.0005525256196641854
59.6,3.322860038714202,0.0,0.020000000000000004,3.3223291779339674,0.000530860780234443
59.800000000000004,3.322839223365277,0.0,0.020000000000000004,3.3223291779339674,0.0005100454313094149
60.0,3.3568192241978574,0.1,0.020000000000000004,3.3223291779339674,0.000490046263889978
60.2,3.3623462641937154,0.1,0.02033333333333334,3.3245425352466214,0.0038037289470941203
60.400000000000006,3.3677439116057193,0.1,0.020666666666666677,3.326756431331901,0.006987480273818592
60.6,3.3730172825789193,0.1,0.021000000000000005,3.328970887653497,0.010046394925422548
60.800000000000004,3.378171294325967,0.1,0.02133333333333334,3.3311859265080153,0.012985367817952048
61.0,3.383210672990506,0.1,0.021666666666666667,3.333401571055457,0.01580910193504924
61.2,3.3881399612043963,0.1,0.022000000000000006,3.335617845350666,0.018522115853730432
61.400000000000006,3.3929635253508224,0.1,0.022333333333333347,3.33783477437575,0.021128750975072583
61.6,3.3976855625448836,0.1,0.022666666666666672,3.3400523840735024,0.02363317847138156
61.800000000000004,3.4023101073427857,0.1,0.02300000000000001,3.342270701381828,0.026039405960958013
62.0,3.4068410381903305,0.1,0.023333333333333334,3.3444897542691896,0.028351283921140988
62.2,3.4112820836209927,0.1,0.023666666666666673,3.346709571771099,0.03057251184989389
62.400000000000006,3.415636828213426,0.1,0.02400000000000001,3.3489301840276364,0.03270664418578986
62.6,3.4199087183179095,0.1,0.024333333333333335,3.3511516223220377,0.03475709599587212
62.800000000000004,3.4241010675608154,0.1,0.024666666666666674,3.3533739191203256,0.03672714844048999
63.0,3.4282170621358694,0.1,0.025,3.3555971081120144,0.03861995402385499
63.2,3.432259765890586,0.1,0.02533333333333334,3.3578212242518655,0.040438541638720696
63.400000000000006,3.4362321252159655,0.1,0.025666666666666678,3.360046303802709,0.04218582141325688
63.6,3.4401369737471863,0.1,0.026000000000000006,3.362272384379311,0.043864589367875635
63.800000000000004,3.443977036882751,0.1,0.02633333333333334,3.36449950499329,0.04547753188946074
64.0,3.447754936129216,0.1,0.02666666666666667,3.366727706099057,0.04702723003015938
64.2,3.451473193278377,0.1,0.027000000000000007,3.3689570296407605,0.04851616363761667
64.4,3.4551342344234866,0.1,0.02733333333333334,3.3711875191002263,0.0499467153232606
64.60000000000001,3.4587403938208303,0.1,0.027666666666666683,3.3734192195458417,0.05132117427498885
64.8,3.4622939176027194,0.1,0.027999999999999994,3.375652177682362,0.05264173992035762
65.0,3.465796967347732,0.1,0.028333333333333335,3.3778864419015964,0.05391052544613541
65.2,3.4692516235137685,0.1,0.028666666666666674,3.3801220623339168,0.05512956117985203
65.4,3.4726598887392885,0.1,0.029000000000000012,3.3823590909005325,0.056300797838756265
65.60000000000001,3.4760236910178524,0.1,0.029333333333333347,3.384597581366473,0.0574261096513795
65.8,3.479344886750895,0.1,0.029666666666666664,3.386837589394194,0.05850729735670119
66.0,3.448625263683441,0.0,0.030000000000000002,3.3890791725977256,0.05954609108571568
66.2,3.4462904280556836,0.0,0.030000000000000002,3.3890791725977256,0.05721125545795788
66.4,3.4440471426423773,0.0,0.030000000000000002,3.3890791725977256,0.054967970044651614
66.60000000000001,3.4418918177082682,0.0,0.030000000000000002,3.3890791725977256,0.0528126451105425
66.8,3.4398210042736346,0.0,0.030000000000000002,3.3890791725977256,0.05074183167590893
67.0,3.4378313885951837,0.0,0.030000000000000002,3.3890791725977256,0.0487522159974581
67.2,3.4359197868633564,0.0,0.030000000000000002,3.3890791725977256,0.04684061426563066
67.4,3.434083140107551,0.0,0.030000000000000002,3.3890791725977256,0.04500396750982556
67.60000000000001,3.4323185093011204,0.0,0.030000000000000002,3.3890791725977256,0.04323933670339465
67.8,3.4306230706582985,0.0,0.030000000000000002,3.3890791725977256,0.041543898060573105
68.0,3.428994111115545,0.0,0.030000000000000002,3.3890791725977256,0.0399149385178193
68.2,3.4274290239900607,0.0,0.030000000000000002,3.3890791725977256,0.038349851392335044
68.4,3.4259253048085423,0.0,0.030000000000000002,3.3890791725977256,0.03684613221081651
68.60000000000001,3.4244805472994884,0.0,0.030000000000000002,3.3890791725977256,0.035401374701762724
68.8,3.4230924395426534,0.0,0.030000000000000002,3.3890791725977256,0.03401326694492793
69.0,3.4217587602694812,0.0,0.030000000000000002,3.3890791725977256,0.032679587671755536
69.2,3.4204773753086006,0.0,0.030000000000000002,3.3890791725977256,0.03139820271087516
69.4,3.419246234170698,0.0,0.030000000000000002,3.3890791725977256,0.030167061572972678
69.60000000000001,3.4180633667672957,0.0,0.030000000000000002,3.3890791725977256,0.02898419416957
69.8,3.4169268802581887,0.0,0.030000000000000002,3.3890791725977256,0.027847707660463263
70.0,3.4158349560225,0.0,0.030000000000000002,3.3890791725977256,0.026755783424774335
70.2,3.4147858467484955,0.0,0.030000000000000002,3.3890791725977256,0.025706674150769944
70.4,3.4137778736375153,0.0,0.030000000000000002,3.3890791725977256,0.024698701039789765
70.60000000000001,3.412809423717536,0.0,0.030000000000000002,3.3890791725977256,0.023730251119810496
70.8,3.411878947262072,0.0,0.030000000000000002,3.3890791725977256,0.02279977466434657
71.0,3.4109849553102825,0.0,0.030000000000000002,3.3890791725977256,0.021905782712556873
71.2,3.4101260172843157,0.0,0.030000000000000002,3.3890791725977256,0.021046844686590162
71.4,3.4093007587000805,0.0,0.030000000000000002,3.3890791725977256,0.020221586102355003
71.60000000000001,3.4085078589677775,0.0,0.030000000000000002,3.3890791725977256,0.019428686370052066
71.8,3.4077460492786744,0.0,0.030000000000000002,3.3890791725977256,0.018666876680948755
72.0,3.40701411057474,0.0,0.030000000000000002,3.3890791725977256,0.017934937977014325
72.2,3.406310871597893,0.0,0.030000000000000002,3.3890791725977256,0.017231699000167286
72.4,3.405635207015738,0.0,0.030000000000000002,3.3890791725977256,0.016556034418012365
72.60000000000001,3.4049860356207944,0.0,0.030000000000000002,3.3890791725977256,0.01590686302306865
72.8,3.4043623186003327,0.0,0.030000000000000002,3.3890791725977256,0.015283146002606994
73.0,3.4037630578740536,0.0,0.030000000000000002,3.3890791725977256,0.014683885276327835
73.2,3.403187294496946,0.0,0.030000000000000002,3.3890791725977256,0.014108121899220068
73.4,3.40263410712477,0.0,0.030000000000000002,3.3890791725977256,0.01355493452704425
73.60000000000001,3.402102610539711,0.0,0.030000000000000002,3.3890791725977256,0.013023437941985298
73.8,3.4015919542338406,0.0,0.030000000000000002,3.3890791725977256,0.01251278163611517
74.0,3.4011013210481242,0.0,0.030000000000000002,3.3890791725977256,0.012022148450398576
74.2,3.40062992586479,0.0,0.030000000000000002,3.3890791725977256,0.011550753267064413
74.4,3.4001770143509753,0.0,0.030000000000000002,3.3890791725977256,0.011097841753249675
74.60000000000001,3.3997418617516315,0.0,0.030000000000000002,3.3890791725977256,0.010662689153905985
74.8,3.3993237717297626,0.0,0.030000000000000002,3.3890791725977256,0.010244599132036914
75.0,3.398922075252136,0.0,0.030000000000000002,3.3890791725977256,0.009842902654410119
75.2,3.3985361295186873,0.0,0.030000000000000002,3.3890791725977256,0.009456956920961606
75.4,3.398165316933904,0.0,0.030000000000000002,3.3890791725977256,0.009086144336178378
75.60000000000001,3.3978090441185396,0.0,0.030000000000000002,3.3890791725977256,0.008729871520813877
75.8,3.39746674096008,0.0,0.030000000000000002,3.3890791725977256,0.008387568362354622
76.0,3.397137859700444,0.0,0.030000000000000002,3.3890791725977256,0.008058687102718462
76.2,3.3968218740594507,0.0,0.030000000000000002,3.3890791725977256,0.007742701461724927
76.4,3.39651827839266,0.0,0.030000000000000002,3.3890791725977256,0.0074391057949345606
76.60000000000001,3.3962265868822357,0.0,0.030000000000000002,3.3890791725977256,0.00714741428450997
76.80000000000001,3.395946332759529,0.0,0.030000000000000002,3.3890791725977256,0.006867160161803633
77.0,3.3956770675581542,0.0,0.030000000000000002,3.3890791725977256,0.006597894960428504
77.2,3.3954183603963415,0.0,0.030000000000000002,3.3890791725977256,0.006339187798616038
77.4,3.3951697972874393,0.0,0.030000000000000002,3.3890791725977256,0.00609062468971355
77.60000000000001,3.394930980477443,0.0,0.030000000000000002,3.3890791725977256,0.005851807879717171
77.80000000000001,3.394701527808506,0.0,0.030000000000000002,3.3890791725977256,0.005622355210780603
78.0,3.3944810721074066,0.0,0.030000000000000002,3.3890791725977256,0.00540189950968105
78.2,3.3942692605979894,0.0,0.030000000000000002,3.3890791725977256,0.005190088000263662
78.4,3.3940657543366504,0.0,0.030000000000000002,3.3890791725977256,0.0049865817389245235
78.60000000000001,3.393870227669954,0.0,0.030000000000000002,3.3890791725977256,0.004791055072228507
78.80000000000001,3.3936823677135197,0.0,0.030000000000000002,3.3890791725977256,0.004603195115794318
79.0,3.3935018738513385,0.0,0.030000000000000002,3.3890791725977256,0.0044227012536127465
79.2,3.3933284572547224,0.0,0.030000000000000002,3.3890791725977256,0.004249284656996865
79.4,3.3931618404201203,0.0,0.030000000000000002,3.3890791725977256,0.004082667822394587
79.60000000000001,3.3930017567250492,0.0,0.030000000000000002,3.3890791725977256,0.0039225841273237295
79.80000000000001,3.392847950001445,0.0,0.030000000000000002,3.3890791725977256,0.003768777403719169
80.0,3.3927001741257348,0.0,0.030000000000000002,3.3890791725977256,0.0036210015280092973
80.2,3.3925581926249913,0.0,0.030000000000000002,3.3890791725977256,0.003479020027265756
80.4,3.392421778298522,0.0,0.030000000000000002,3.3890791725977256,0.003342605700796364
80.60000000000001,3.392290712854301,0.0,0.030000000000000002,3.3890791725977256,0.003211540256575495
80.80000000000001,3.392164786559656,0.0,0.030000000000000002,3.3890791725977256,0.003085613961930276
81.0,3.3920437979056492,0.0,0.030000000000000002,3.3890791725977256,0.0029646253079235745
81.2,3.3919275532846225,0.0,0.030000000000000002,3.3890791725977256,0.002848380686896673
81.4,3.3918158666803815,0.0,0.030000000000000002,3.3890791725977256,0.002736694082655762
81.60000000000001,3.391708559370532,0.0,0.030000000000000002,3.3890791725977256,0.0026293867728063094
81.80000000000001,3.3916054596404845,0.0,0.030000000000000002,3.3890791725977256,0.0025262870427591095
82.0,3.391506402508676,0.0,0.030000000000000002,3.3890791725977256,0.0024272299109503116
82.2,3.391411229462561,0.0,0.030000000000000002,3.3890791725977256,0.002332056864835692
82.4,3.3913197882049624,0.0,0.030000000000000002,3.3890791725977256,0.0022406156072368086
82.60000000000001,3.3912319324103586,0.0,0.030000000000000002,3.3890791725977256,0.002152759812632994
82.80000000000001,3.3911475214907347,0.0,0.030000000000000002,3.3890791725977256,0.0020683488930093134
83.0,3.3910664203706116,0.0,0.030000000000000002,3.3890791725977256,0.001987247772885751
83.2,3.390988499270893,0.0,0.030000000000000002,3.3890791725977256,0.001909326673167603
83.4,3.3909136335011967,0.0,0.030000000000000002,3.3890791725977256,0.0018344609034712713
83.60000000000001,3.390841703260319,0.0,0.030000000000000002,3.3890791725977256,0.0017625306625930258
83.80000000000001,3.390772593444527,0.0,0.030000000000000002,3.3890791725977256,0.001693420846801525
84.0,3.390706193463373,0.0,0.030000000000000002,3.3890791725977256,0.001627020865647293
84.2,3.39064239706272,0.0,0.030000000000000002,3.3890791725977256,0.0015632244649943891
84.4,3.3905811021547168,0.0,0.030000000000000002,3.3890791725977256,0.0015019295569911487
84.60000000000001,3.3905222106544333,0.0,0.030000000000000002,3.3890791725977256,0.001443038056707822
84.80000000000001,3.3904656283229055,0.0,0.030000000000000002,3.3890791725977256,0.0013864557251797658
85.0,3.3904112646163305,0.0,0.030000000000000002,3.3890791725977256,0.0013320920186049977
85.2,3.3903590325411805,0.0,0.030000000000000002,3.3890791725977256,0.001279859943454781
85.4,3.3903088485149913,0.0,0.030000000000000002,3.3890791725977256,0.0012296759172654424
85.60000000000001,3.3902606322326143,0.0,0.030000000000000002,3.3890791725977256,0.0011814596348885822
85.80000000000001,3.3902143065377115,0.0,0.030000000000000002,3.3890791725977256,0.0011351339399857088
86.0,3.3901697972992872,0.0,0.030000000000000002,3.3890791725977256,0.0010906247015616385
86.2,3.390127033293065,0.0,0.030000000000000002,3.3890791725977256,0.0010478606953390759
86.4,3.39008594608751,0.0,0.030000000000000002,3.3890791725977256,0.0010067734897845936
86.60000000000001,3.390046469934329,0.0,0.030000000000000002,3.3890791725977256,0.0009672973366035663
86.80000000000001,3.3900085416632546,0.0,0.030000000000000002,3.3890791725977256,0.0009293690655288759
87.0,3.3899721005809607,0.0,0.030000000000000002,3.3890791725977256,0.0008929279832350094
87.2,3.3899370883739413,0.0,0.030000000000000002,3.3890791725977256,0.0008579157762157793
87.4,3.389903449015196,0.0,0.030000000000000002,3.3890791725977256,0.000824276417470288
87.60000000000001,3.3898711286745735,0.0,0.030000000000000002,3.3890791725977256,0.0007919560768477637
87.80000000000001,3.3898400756326335,0.0,0.030000000000000002,3.3890791725977256,0.0007609030349078367
88.0,3.389810240197884,0.0,0.030000000000000002,3.3890791725977256,0.0007310676001584026
88.2,3.389781574627264,0.0,0.030000000000000002,3.3890791725977256,0.0007024020295386261
88.4,3.3897540330497455,0.0,0.030000000000000002,3.3890791725977256,0.0006748604520198697
88.60000000000001,3.389727571392928,0.0,0.030000000000000002,3.3890791725977256,0.0006483987952022536
88.80000000000001,3.389702147312515,0.0,0.030000000000000002,3.3890791725977256,0.0006229747147894149
89.0,3.389677720124554,0.0,0.030000000000000002,3.3890791725977256,0.0005985475268286018
89.2,3.389654250740333,0.0,0.030000000000000002,3.3890791725977256,0.0005750781426076621
89.4,3.38963170160383,0.0,0.030000000000000002,3.3890791725977256,0.0005525290061047752
89.60000000000001,3.389610036631616,0.0,0.030000000000000002,3.3890791725977256,0.0005308640338907972
89.80000000000001,3.3895892211551137,0.0,0.030000000000000002,3.3890791725977256,0.0005100485573880787
90.0,3.423569221865119,0.1,0.030000000000000002,3.3890791725977256,0.0004900492673933448
90.2,3.42912612243009,0.1,0.030333333333333337,3.391322390597262,0.0038037318328284354
90.4,3.434554788120493,0.1,0.03066666666666668,3.3935673050740918,0.006987483046401646
90.60000000000001,3.4398603774150387,0.1,0.031000000000000017,3.3958139798257476,0.010046397589291177
90.80000000000001,3.445047851198597,0.1,0.03133333333333335,3.3980624808212285,0.012985370377368893
91.0,3.4501219806502776,0.1,0.03166666666666667,3.400312876256168,0.01580910439410982
91.2,3.455087354824138,0.1,0.03200000000000001,3.402565236607768,0.01852211821636987
91.4,3.4599483879343995,0.1,0.032333333333333346,3.404819634689328,0.021128753245071605
91.60000000000001,3.4647093263565374,0.1,0.032666666666666684,3.4070761457041647,0.023633180652372743
91.80000000000001,3.469374255355152,0.1,0.03300000000000002,3.409334847298721,0.026039408056431308
92.0,3.473947105549062,0.1,0.03333333333333333,3.4115958196146123,0.02835128593444952
92.2,3.4784316591236286,0.1,0.03366666666666667,3.4138591453393694,0.030572513784259465
92.4,3.4828315557999003,0.1,0.03400000000000001,3.4161249097555926,0.03270664604430788
92.60000000000001,3.4871502985697345,0.1,0.03433333333333335,3.418393200788218,0.03475709778151668
92.80000000000001,3.491391259205699,0.1,0.03466666666666669,3.4206641090495804,0.036727150156118424
93.0,3.4955576835541198,0.1,0.035,3.4229377278819073,0.0386199556722126
93.2,3.4996526966193344,0.1,0.03533333333333334,3.4252141533968894,0.040438543222445285
93.4,3.5036793074467867,0.1,0.03566666666666667,3.427493484511904,0.04218582293488274
93.60000000000001,3.5076404138123167,0.1,0.03600000000000002,3.4297758229824793,0.04386459082983775
93.80000000000001,3.5115388067246154,0.1,0.03633333333333335,3.432061273430517,0.045477533294098496
94.0,3.5153771747475266,0.1,0.03666666666666667,3.434349943367806,0.04702723137972044
94.2,3.519158108148549,0.1,0.037000000000000005,3.4366419432142883,0.04851616493426068
94.4,3.5228841028795848,0.1,0.03733333333333334,3.4389373863105224,0.04994671656906248
94.60000000000001,3.5265575643957106,0.1,0.03766666666666669,3.4412363889237687,0.051321175471942135
94.80000000000001,3.530180811317445,0.1,0.03800000000000002,3.443539070247067,0.05264174107037779
95.0,3.5337560789417166,0.1,0.03833333333333334,3.4458455523906544,0.05391052655106255
95.2,3.5372855226064956,0.1,0.03866666666666667,3.4481559603650416,0.055129562241454357
95.4,3.5407712209137583,0.1,0.039000000000000014,3.4504704220550257,0.05630079885873257
95.60000000000001,3.544215178815246,0.1,0.039333333333333345,3.4527890681838844,0.057426110631361965
95.80000000000001,3.5476193305652344,0.1,0.03966666666666669,3.4551120322669764,0.05850729829825807
96.0,3.516985542544286,0.0,0.04000000000000001,3.4574394505539323,0.05954609199035351
96.2,3.514650706881057,0.0,0.04000000000000001,3.4574394505539323,0.05721125632712436
96.4,3.51240742143367,0.0,0.04000000000000001,3.4574394505539323,0.05496797087973758
96.60000000000001,3.5102520964668167,0.0,0.04000000000000001,3.4574394505539323,0.05281264591288427
96.80000000000001,3.5081812830007224,0.0,0.04000000000000001,3.4574394505539323,0.050741832446790286
97.0,3.506191667292045,0.0,0.04000000000000001,3.4574394505539323,0.048752216738112905
97.2,3.504280065531176,0.0,0.04000000000000001,3.4574394505539323,0.046840614977243976
97.4,3.5024434187474682,0.0,0.04000000000000001,3.4574394505539323,0.04500396819353612
97.60000000000001,3.5006787879142287,0.0,0.04000000000000001,3.4574394505539323,0.04323933736029654
97.80000000000001,3.4989833492456497,0.0,0.04000000000000001,3.4574394505539323,0.04154389869171738
98.0,3.4973543896781485,0.0,0.04000000000000001,3.4574394505539323,0.03991493912421617
98.2,3.495789302528887,0.0,0.04000000000000001,3.4574394505539323,0.03834985197495475
98.4,3.494285583324524,0.0,0.04000000000000001,3.4574394505539323,0.03684613277059137
98.60000000000001,3.492840825793521,0.0,0.04000000000000001,3.4574394505539323,0.0354013752395885
98.80000000000001,3.4914527180155974,0.0,0.04000000000000001,3.4574394505539323,0.03401326746166516
99.0,3.4901190387221637,0.0,0.04000000000000001,3.4574394505539323,0.032679588168231306
99.2,3.488837653741816,0.0,0.04000000000000001,3.4574394505539323,0.03139820318788383
99.4,3.48760651258521,0.0,0.04000000000000001,3.4574394505539323,0.030167062031277576
99.60000000000001,3.486423645163837,0.0,0.04000000000000001,3.4574394505539323,0.028984194609904507
99.80000000000001,3.485287158637464,0.0,0.04000000000000001,3.4574394505539323,0.027847708083531923
100.0,3.4841952343851865,0.0,0.04000000000000001,3.4574394505539323,0.026755783831254314
100.2,3.483146125095244,0.0,0.04000000000000001,3.4574394505539323,0.025706674541311612
100.4,3.4821381519689503,0.0,0.04000000000000001,3.4574394505539323,0.024698701415018075
100.60000000000001,3.4811697020342582,0.0,0.04000000000000001,3.4574394505539323,0.023730251480325894
100.80000000000001,3.480239225564658,0.0,0.04000000000000001,3.4574394505539323,0.02279977501072589
101.0,3.479345233599287,0.0,0.04000000000000001,3.4574394505539323,0.02190578304535453
101.2,3.478486295560271,0.0,0.04000000000000001,3.4574394505539323,0.021046845006338636
101.4,3.4776610369634984,0.0,0.04000000000000001,3.4574394505539323,0.02022158640956596
101.60000000000001,3.4768681372191494,0.0,0.04000000000000001,3.4574394505539323,0.019428686665217108
101.80000000000001,3.4761063275184725,0.0,0.04000000000000001,3.4574394505539323,0.018666876964540155
102.0,3.4753743888034183,0.0,0.04000000000000001,3.4574394505539323,0.017934938249486
102.2,3.4746711498158875,0.0,0.04000000000000001,3.4574394505539323,0.017231699261955193
102.4,3.4739954852234676,0.0,0.04000000000000001,3.4574394505539323,0.01655603466953542
102.60000000000001,3.4733463138186615,0.0,0.04000000000000001,3.4574394505539323,0.015906863264729346
102.80000000000001,3.4727225967887243,0.0,0.04000000000000001,3.4574394505539323,0.015283146234791992
103.0,3.472123336053341,0.0,0.04000000000000001,3.4574394505539323,0.014683885499408772
103.2,3.471547572667486,0.0,0.04000000000000001,3.4574394505539323,0.014108122113553877
103.4,3.470994385286906,0.0,0.04000000000000001,3.4574394505539323,0.01355493473297391
103.60000000000001,3.4704628886937727,0.0,0.04000000000000001,3.4574394505539323,0.01302343813984034
103.80000000000001,3.4699522323801446,0.0,0.04000000000000001,3.4574394505539323,0.012512781826212169
104.0,3.469461599186974,0.0,0.04000000000000001,3.4574394505539323,0.0120221486330418
104.2,3.4689902039964786,0.0,0.04000000000000001,3.4574394505539323,0.011550753442546092
104.4,3.468537292475783,0.0,0.04000000000000001,3.4574394505539323,0.011097841921850619
104.60000000000001,3.468102139869828,0.0,0.04000000000000001,3.4574394505539323,0.010662689315895991
104.80000000000001,3.4676840498416075,0.0,0.04000000000000001,3.4574394505539323,0.010244599287675172
105.0,3.467282353357878,0.0,0.04000000000000001,3.4574394505539323,0.00984290280394574
105.2,3.466896407618566,0.0,0.04000000000000001,3.4574394505539323,0.009456957064633852
105.4,3.4665255950281493,0.0,0.04000000000000001,3.4574394505539323,0.009086144474217154
105.60000000000001,3.466169322207372,0.0,0.04000000000000001,3.4574394505539323,0.008729871653440075
105.80000000000001,3.465827019043713,0.0,0.04000000000000001,3.4574394505539323,0.008387568489780449
106.0,3.4654981377790803,0.0,0.04000000000000001,3.4574394505539323,0.008058687225147874
106.2,3.465182152133286,0.0,0.04000000000000001,3.4574394505539323,0.0077427015793538135
106.4,3.4648785564618834,0.0,0.04000000000000001,3.4574394505539323,0.007439105907951153
106.60000000000001,3.4645868649470275,0.0,0.04000000000000001,3.4574394505539323,0.0071474143930951185
106.80000000000001,3.4643066108200635,0.0,0.04000000000000001,3.4574394505539323,0.006867160266131097
107.0,3.4640373456145976,0.0,0.04000000000000001,3.4574394505539323,0.00659789506066523
107.2,3.4637786384488547,0.0,0.04000000000000001,3.4574394505539323,0.006339187894922426
107.4,3.463530075336176,0.0,0.04000000000000001,3.4574394505539323,0.00609062478224371
107.60000000000001,3.4632912585225517,0.0,0.04000000000000001,3.4574394505539323,0.0058518079686191715
107.80000000000001,3.463061805850129,0.0,0.04000000000000001,3.4574394505539323,0.005622355296196706
108.0,3.46284135014568,0.0,0.04000000000000001,3.4574394505539323,0.00540189959174794
108.2,3.462629538633045,0.0,0.04000000000000001,3.4574394505539323,0.005190088079112663
108.4,3.4624260323686142,0.0,0.04000000000000001,3.4574394505539323,0.004986581814681811
108.60000000000001,3.4622305056989475,0.0,0.04000000000000001,3.4574394505539323,0.004791055145015309
108.80000000000001,3.4620426457396594,0.0,0.04000000000000001,3.4574394505539323,0.004603195185727108
109.0,3.461862151874736,0.0,0.04000000000000001,3.4574394505539323,0.004422701320803433
109.2,3.4616887352754855,0.0,0.04000000000000001,3.4574394505539323,0.0042492847215529666
109.4,3.4615221184383516,0.0,0.04000000000000001,3.4574394505539323,0.004082667884419408
109.60000000000001,3.4613620347408487,0.0,0.04000000000000001,3.4574394505539323,0.003922584186916523
109.80000000000001,3.4612082280149075,0.0,0.04000000000000001,3.4574394505539323,0.0037687774609752953
110.0,3.4610604521369526,0.0,0.04000000000000001,3.4574394505539323,0.003621001583020379
110.2,3.460918470634052,0.0,0.04000000000000001,3.4574394505539323,0.0034790200801198224
110.4,3.4607820563055105,0.0,0.04000000000000001,3.4574394505539323,0.0033426057515779928
110.60000000000001,3.4606509908592984,0.0,0.04000000000000001,3.4574394505539323,0.0032115403053659475
110.80000000000001,3.46052506456274,0.0,0.04000000000000001,3.4574394505539323,0.0030856140088076278
111.0,3.460404075906895,0.0,0.04000000000000001,3.4574394505539323,0.0029646253529628393
111.2,3.460287831284102,0.0,0.04000000000000001,3.4574394505539323,0.002848380730169923
111.4,3.4601761446781647,0.0,0.04000000000000001,3.4574394505539323,0.0027366941242322434
111.60000000000001,3.460068837366685,0.0,0.04000000000000001,3.4574394505539323,0.002629386812752554
111.80000000000001,3.459965737635071,0.0,0.04000000000000001,3.4574394505539323,0.0025262870811390394
112.0,3.4598666805017575,0.0,0.04000000000000001,3.4574394505539323,0.002427229947825343
112.2,3.4597715074541973,0.0,0.04000000000000001,3.4574394505539323,0.0023320569002648326
112.4,3.459680066195209,0.0,0.04000000000000001,3.4574394505539323,0.0022406156412767527
112.60000000000001,3.4595922103992707,0.0,0.04000000000000001,3.4574394505539323,0.002152759845338213
112.80000000000001,3.4595077994783643,0.0,0.04000000000000001,3.4574394505539323,0.002068348924432142
113.0,3.459426698357009,0.0,0.04000000000000001,3.4574394505539323,0.0019872478030764735
113.2,3.459348777256107,0.0,0.04000000000000001,3.4574394505539323,0.0019093267021745304
113.4,3.459273911485273,0.0,0.04000000000000001,3.4574394505539323,0.0018344609313408207
113.60000000000001,3.459201981243302,0.0,0.04000000000000001,3.4574394505539323,0.0017625306893697945
113.80000000000001,3.4591328714264606,0.0,0.04000000000000001,3.4574394505539323,0.0016934208725283614
114.0,3.459066471444298,0.0,0.04000000000000001,3.4574394505539323,0.001627020890365366
114.2,3.4590026750426754,0.0,0.04000000000000001,3.4574394505539323,0.0015632244887432525
114.4,3.458941380133741,0.0,0.04000000000000001,3.4574394505539323,0.0015019295798088057
114.60000000000001,3.4588824886325633,0.0,0.04000000000000001,3.4574394505539323,0.0014430380786307861
114.80000000000001,3.4588259063001754,0.0,0.04000000000000001,3.4574394505539323,0.0013864557462431183
115.0,3.4587715425927748,0.0,0.04000000000000001,3.4574394505539323,0.0013320920388424445
115.2,3.4587193105168312,0.0,0.04000000000000001,3.4574394505539323,0.0012798599628987062
115.4,3.4586691264898795,0.0,0.04000000000000001,3.4574394505539323,0.0012296759359469605
115.60000000000001,3.4586209102067698,0.0,0.04000000000000001,3.4574394505539323,0.0011814596528375875
115.80000000000001,3.458574584511163,0.0,0.04000000000000001,3.4574394505539323,0.0011351339572309234
116.0,3.458530075272063,0.0,0.04000000000000001,3.4574394505539323,0.0010906247181306586
116.2,3.458487311265191,0.0,0.04000000000000001,3.4574394505539323,0.0010478607112584153
116.4,3.458446224059012,0.0,0.04000000000000001,3.4574394505539323,0.0010067735050797266
116.60000000000001,3.458406747905231,0.0,0.04000000000000001,3.4574394505539323,0.0009672973512989685
116.80000000000001,3.4583688196335802,0.0,0.04000000000000001,3.4574394505539323,0.0009293690796480632
117.0,3.458332378550733,0.0,0.04000000000000001,3.4574394505539323,0.0008929279968005754
117.2,3.458297366343182,0.0,0.04000000000000001,3.4574394505539323,0.0008579157892494318
117.4,3.458263726983925,0.0,0.04000000000000001,3.4574394505539323,0.0008242764299928837
117.60000000000001,3.4582314066428115,0.0,0.04000000000000001,3.4574394505539323,0.0007919560888793415
117.80000000000001,3.4582003536004,0.0,0.04000000000000001,3.4574394505539323,0.0007609030464676494
118.0,3.4581705181651974,0.0,0.04000000000000001,3.4574394505539323,0.0007310676112649487
118.2,3.458141852594142,0.0,0.04000000000000001,3.4574394505539323,0.0007024020402096782
118.4,3.458114311016205,0.0,0.04000000000000001,3.4574394505539323,0.0006748604622725039
118.60000000000001,3.4580878493589853,0.0,0.04000000000000001,3.4574394505539323,0.0006483988050528763
118.80000000000001,3.458062425278186,0.0,0.04000000000000001,3.4574394505539323,0.0006229747242537892
119.0,3.4580379980898543,0.0,0.04000000000000001,3.4574394505539323,0.0005985475359218727
119.2,3.458014528705277,0.0,0.04000000000000001,3.4574394505539323,0.0005750781513443807
119.4,3.457991979568431,0.0,0.04000000000000001,3.4574394505539323,0.0005525290144989221
119.60000000000001,3.457970314595888,0.0,0.04000000000000001,3.4574394505539323,0.0005308640419558049
119.80000000000001,3.4579494991190693,0.0,0.04000000000000001,3.4574394505539323,0.0005100485651368528
120.0,3.49192949982877,0.1,0.04000000000000001,3.4574394505539323,0.0004900492748382852
120.2,3.4975751937985717,0.1,0.04033333333333334,3.4597714619585904,0.003803731839981456
120.4,3.50309569102909,0.1,0.04066666666666668,3.462108207975816,0.006987483053274192
120.60000000000001,3.5084962301802047,0.1,0.041000000000000016,3.4644498325843105,0.010046397595894247
120.80000000000001,3.5137818525182185,0.1,0.041333333333333354,3.4667964821345056,0.012985370383713054
121.0,3.518957409620806,0.1,0.041666666666666664,3.469148305220601,0.015809104400205224
121.2,3.5240275707580513,0.1,0.04200000000000001,3.4715054525358253,0.01852211822222627
121.4,3.52899682996066,0.1,0.04233333333333335,3.473868076709962,0.021128753250698372
121.60000000000001,3.5338695127859783,0.1,0.04266666666666668,3.4762363321281997,0.02363318065777888
121.80000000000001,3.5386497827919943,0.1,0.043000000000000024,3.478610374730369,0.02603940806162547
122.0,3.543341647729075,0.1,0.043333333333333335,3.4809903617896354,0.028351285939440016
122.2,3.5479489654588097,0.1,0.04366666666666667,3.4833764516697556,0.03057251378905428
122.4,3.552475449608928,0.1,0.04400000000000001,3.485768803560014,0.032706646048914684
122.60000000000001,3.5569246749729726,0.1,0.04433333333333335,3.48816757718703,0.03475709778594284
122.80000000000001,3.5613000826630126,0.1,0.044666666666666695,3.4905729325026416,0.03672715016037103
123.0,3.5656049850234797,0.1,0.045000000000000005,3.4929850293471816,0.03861995567629846
123.2,3.569842570313866,0.1,0.045333333333333344,3.495404027087495,0.04043854322637093
123.4,3.5740159071678463,0.1,0.045666666666666675,3.497830084229192,0.04218582293865446
123.60000000000001,3.578127948836146,0.1,0.04600000000000002,3.5002633580026847,0.04386459083346158
123.80000000000001,3.5821815372203134,0.1,0.04633333333333335,3.5027040039227333,0.04547753329758024
124.0,3.5861794067043924,0.1,0.04666666666666667,3.505152175321327,0.04702723138306566
124.2,3.590124187791388,0.1,0.04700000000000001,3.5076080228539137,0.04851616493747473
124.4,3.5940184105512953,0.1,0.047333333333333345,3.510071693979145,0.0499467165721505
124.60000000000001,3.597864507887433,0.1,0.047666666666666684,3.512543332412524,0.051321175474909074
124.80000000000001,3.6016648186277562,0.1,0.04800000000000002,3.515023077554528,0.0526417410732284
125.0,3.605421590447831,0.1,0.04833333333333334,3.5175110638940295,0.05391052655380139
125.2,3.609136982632169,0.1,0.04866666666666667,3.520007420388083,0.05512956224408581
125.4,3.6128130686806603,0.1,0.049000000000000016,3.5225122698193996,0.05630079886126084
125.60000000000001,3.6164518387669182,0.1,0.04933333333333335,3.5250257281331274,0.0574261106337911
125.80000000000001,3.620055202055434,0.1,0.049666666666666685,3.5275479037548423,0.05850729830059195
126.0,3.5896249888845606,0.0,0.05,3.5300788968919647,0.05954609199259588
126.2,3.5872901532212436,0.0,0.05,3.5300788968919647,0.05721125632927881
126.4,3.585046867773772,0.0,0.05,3.5300788968919647,0.054967970881807555
126.60000000000001,3.5828915428068377,0.0,0.05,3.5300788968919647,0.052812645914873085
126.80000000000001,3.5808207293406658,0.0,0.05,3.5300788968919647,0.05074183244870111
127.0,3.5788311136319138,0.0,0.05,3.5300788968919647,0.048752216739948805
127.2,3.5769195118709725,0.0,0.05,3.5300788968919647,0.046840614979007884
127.4,3.5750828650871957,0.0,0.05,3.5300788968919647,0.045003968195230865
127.60000000000001,3.5733182342538896,0.0,0.05,3.5300788968919647,0.043239337361924826
127.80000000000001,3.5716227955852466,0.0,0.05,3.5300788968919647,0.041543898693281824
128.0,3.569993836017684,0.0,0.05,3.5300788968919647,0.039914939125719265
128.20000000000002,3.5684287488683637,0.0,0.05,3.5300788968919647,0.038349851976398806
128.4,3.5669250296639436,0.0,0.05,3.5300788968919647,0.03684613277197891
128.6,3.5654802721328864,0.0,0.05,3.5300788968919647,0.03540137524092173
128.8,3.5640921643549106,0.0,0.05,3.5300788968919647,0.034013267462946015
129.0,3.5627584850614267,0.0,0.05,3.5300788968919647,0.03267958816946194
129.20000000000002,3.561477100081031,0.0,0.05,3.5300788968919647,0.03139820318906613
129.4,3.5602459589243782,0.0,0.05,3.5300788968919647,0.0301670620324136
129.6,3.559063091502961,0.0,0.05,3.5300788968919647,0.028984194610996074
129.8,3.5579266049765454,0.0,0.05,3.5300788968919647,0.027847708084580612
130.0,3.5568346807242266,0.0,0.05,3.5300788968919647,0.026755783832261883
130.20000000000002,3.5557855714342446,0.0,0.05,3.5300788968919647,0.025706674542279605
130.4,3.554777598307913,0.0,0.05,3.5300788968919647,0.024698701415948182
130.6,3.553809148373184,0.0,0.05,3.5300788968919647,0.0237302514812196
130.8,3.5528786719035494,0.0,0.05,3.5300788968919647,0.022799775011584488
131.0,3.551984679938144,0.0,0.05,3.5300788968919647,0.021905783046179465
131.20000000000002,3.551125741899096,0.0,0.05,3.5300788968919647,0.021046845007131165
131.4,3.5503004833022924,0.0,0.05,3.5300788968919647,0.020221586410327473
131.6,3.5495075835579137,0.0,0.05,3.5300788968919647,0.019428686665948817
131.8,3.548745773857208,0.0,0.05,3.5300788968919647,0.01866687696524312
132.0,3.548013835142126,0.0,0.05,3.5300788968919647,0.0179349382501614
132.20000000000002,3.547310596154569,0.0,0.05,3.5300788968919647,0.017231699262604063
132.4,3.5466349315621235,0.0,0.05,3.5300788968919647,0.016556034670158898
132.6,3.545985760157293,0.0,0.05,3.5300788968919647,0.015906863265328423
132.8,3.5453620431273323,0.0,0.05,3.5300788968919647,0.015283146235367535
133.0,3.5447627823919263,0.0,0.05,3.5300788968919647,0.014683885499961748
133.20000000000002,3.54418701900605,0.0,0.05,3.5300788968919647,0.014108122114085131
133.4,3.543633831625449,0.0,0.05,3.5300788968919647,0.013554934733484372
133.6,3.5431023350322954,0.0,0.05,3.5300788968919647,0.013023438140330825
133.8,3.542591678718648,0.0,0.05,3.5300788968919647,0.012512781826683386
134.0,3.542101045525459,0.0,0.05,3.5300788968919647,0.01202214863349454
134.20000000000002,3.541629650334946,0.0,0.05,3.5300788968919647,0.011550753442981048
134.4,3.5411767388142334,0.0,0.05,3.5300788968919647,0.011097841922268552
134.6,3.5407415862082625,0.0,0.05,3.5300788968919647,0.010662689316297567
134.8,3.540323496180026,0.0,0.05,3.5300788968919647,0.010244599288060974
135.0,3.5399217996962813,0.0,0.05,3.5300788968919647,0.009842902804316416
135.20000000000002,3.539535853956955,0.0,0.05,3.5300788968919647,0.009456957064989967
135.4,3.539165041366524,0.0,0.05,3.5300788968919647,0.009086144474559332
135.6,3.5388087685457337,0.0,0.05,3.5300788968919647,0.00872987165376886
135.8,3.538466465382061,0.0,0.05,3.5300788968919647,0.00838756849009632
136.0,3.538137584117416,0.0,0.05,3.5300788968919647,0.008058687225451359
136.20000000000002,3.53782159847161,0.0,0.05,3.5300788968919647,0.007742701579645377
136.4,3.537518002800196,0.0,0.05,3.5300788968919647,0.007439105908231306
136.6,3.537226311285329,0.0,0.05,3.5300788968919647,0.007147414393364307
136.8,3.5369460571583544,0.0,0.05,3.5300788968919647,0.006867160266389711
137.0,3.5366767919528783,0.0,0.05,3.5300788968919647,0.006597895060913704
137.20000000000002,3.536418084787126,0.0,0.05,3.5300788968919647,0.006339187895161139
137.4,3.536169521674438,0.0,0.05,3.5300788968919647,0.006090624782473081
137.6,3.5359307048608044,0.0,0.05,3.5300788968919647,0.0058518079688395655
137.8,3.5357012521883733,0.0,0.05,3.5300788968919647,0.005622355296408443
138.0,3.5354807964839163,0.0,0.05,3.5300788968919647,0.005401899591951374
138.20000000000002,3.535268984971273,0.0,0.05,3.5300788968919647,0.005190088079308107
138.4,3.5350654787068345,0.0,0.05,3.5300788968919647,0.004986581814869605
138.6,3.5348699520371607,0.0,0.05,3.5300788968919647,0.004791055145195753
138.8,3.534682092077865,0.0,0.05,3.5300788968919647,0.004603195185900464
139.0,3.534501598212935,0.0,0.05,3.5300788968919647,0.004422701320969991
139.20000000000002,3.534328181613678,0.0,0.05,3.5300788968919647,0.004249284721712983
139.4,3.534161564776538,0.0,0.05,3.5300788968919647,0.004082667884573162
139.6,3.534001481079029,0.0,0.05,3.5300788968919647,0.003922584187064259
139.8,3.533847674353082,0.0,0.05,3.5300788968919647,0.0037687774611172282
140.0,3.5336998984751213,0.0,0.05,3.5300788968919647,0.0036210015831567464
140.20000000000002,3.5335579169722156,0.0,0.05,3.5300788968919647,0.003479020080250833
140.4,3.5334215026436686,0.0,0.05,3.5300788968919647,0.003342605751703876
140.6,3.5332904371974516,0.0,0.05,3.5300788968919647,0.003211540305486904
140.8,3.5331645109008885,0.0,0.05,3.5300788968919647,0.003085614008923833
141.0,3.5330435222450394,0.0,0.05,3.5300788968919647,0.002964625353074488
141.20000000000002,3.532927277622242,0.0,0.05,3.5300788968919647,0.0028483807302771857
141.4,3.5328155910163,0.0,0.05,3.5300788968919647,0.002736694124335308
141.6,3.5327082837048165,0.0,0.05,3.5300788968919647,0.002629386812851585
141.8,3.532605183973199,0.0,0.05,3.5300788968919647,0.0025262870812341807
142.0,3.5325061268398814,0.0,0.05,3.5300788968919647,0.0024272299479167537
142.20000000000002,3.5324109537923176,0.0,0.05,3.5300788968919647,0.0023320569003526526
142.4,3.5323195125333258,0.0,0.05,3.5300788968919647,0.0022406156413611353
142.6,3.532231656737384,0.0,0.05,3.5300788968919647,0.002152759845419293
142.8,3.532147245816475,0.0,0.05,3.5300788968919647,0.0020683489245100373
143.0,3.5320661446951163,0.0,0.05,3.5300788968919647,0.0019872478031513143
143.20000000000002,3.5319882235942113,0.0,0.05,3.5300788968919647,0.0019093267022464312
143.4,3.531913357823375,0.0,0.05,3.5300788968919647,0.0018344609314099075
143.6,3.531841427581401,0.0,0.05,3.5300788968919647,0.0017625306894361774
143.8,3.531772317764557,0.0,0.05,3.5300788968919647,0.0016934208725921367
144.0,3.5317059177823915,0.0,0.05,3.5300788968919647,0.0016270208904266405
144.20000000000002,3.531642121380767,0.0,0.05,3.5300788968919647,0.00156322448880212
144.4,3.53158082647183,0.0,0.05,3.5300788968919647,0.0015019295798653696
144.6,3.53152193497065,0.0,0.05,3.5300788968919647,0.001443038078685136
144.8,3.5314653526382602,0.0,0.05,3.5300788968919647,0.0013864557462953332
145.0,3.5314109889308574,0.0,0.05,3.5300788968919647,0.001332092038892612
145.20000000000002,3.5313587568549116,0.0,0.05,3.5300788968919647,0.0012798599629469031
145.4,3.531308572827958,0.0,0.05,3.5300788968919647,0.0012296759359932711
145.6,3.531260356544847,0.0,0.05,3.5300788968919647,0.0011814596528820858
145.8,3.5312140308492386,0.0,0.05,3.5300788968919647,0.0011351339572736737
146.0,3.5311695216101366,0.0,0.05,3.5300788968919647,0.0010906247181717327
146.20000000000002,3.531126757603263,0.0,0.05,3.5300788968919647,0.0010478607112978761
146.4,3.5310856703970823,0.0,0.05,3.5300788968919647,0.0010067735051176431
146.6,3.5310461942433,0.0,0.05,3.5300788968919647,0.0009672973513354011
146.8,3.5310082659716477,0.0,0.05,3.5300788968919647,0.0009293690796830646
147.0,3.530971824888799,0.0,0.05,3.5300788968919647,0.0008929279968342044
147.20000000000002,3.5309368126812464,0.0,0.05,3.5300788968919647,0.0008579157892817398
147.4,3.5309031733219887,0.0,0.05,3.5300788968919647,0.0008242764300239274
147.6,3.530870852980874,0.0,0.05,3.5300788968919647,0.0007919560889091702
147.8,3.530839799938461,0.0,0.05,3.5300788968919647,0.0007609030464963064
148.0,3.5308099645032573,0.0,0.05,3.5300788968919647,0.000731067611292482
148.20000000000002,3.530781298932201,0.0,0.05,3.5300788968919647,0.00070240204023613
148.4,3.5307537573542627,0.0,0.05,3.5300788968919647,0.0006748604622979205
148.6,3.530727295697042,0.0,0.05,3.5300788968919647,0.0006483988050772981
148.8,3.530701871616242,0.0,0.05,3.5300788968919647,0.0006229747242772517
149.0,3.530677444427909,0.0,0.05,3.5300788968919647,0.0005985475359444152
149.20000000000002,3.530653975043331,0.0,0.05,3.5300788968919647,0.0005750781513660378
149.4,3.5306314259064844,0.0,0.05,3.5300788968919647,0.0005525290145197315
149.6,3.5306097609339404,0.0,0.05,3.5300788968919647,0.0005308640419757999
149.8,3.530588945457121,0.0,0.05,3.5300788968919647,0.0005100485651560625
150.0,3.5645689461668213,0.1,0.05,3.5300788968919647,0.0004900492748567416
150.20000000000002,3.5704225306611397,0.1,0.05033333333333336,3.5326187988211406,0.003803731839999414
150.4,3.576155174217731,0.1,0.05066666666666668,3.53516769116444,0.006987483053291221
150.6,3.581772042753489,0.1,0.051,3.537725645157579,0.010046397595910393
150.8,3.5872780912974167,0.1,0.051333333333333356,3.5402927209136883,0.012985370383728765
151.0,3.5926780710867052,0.1,0.051666666666666666,3.542868966686485,0.01580910440022032
151.20000000000002,3.5979765363592864,0.1,0.05200000000000003,3.5454544181370458,0.01852211822224096
151.4,3.6031778508593777,0.1,0.05233333333333334,3.5480490976086654,0.021128753250712298
151.6,3.6082861940724054,0.1,0.05266666666666666,3.5506530134146135,0.023633180657792085
151.8,3.613305567205494,0.1,0.053000000000000026,3.553266159143856,0.026039408061638316
152.0,3.618239798929511,0.1,0.05333333333333334,3.555888512990059,0.02835128593945236
152.20000000000002,3.623092550898492,0.1,0.0536666666666667,3.558520037109426,0.03057251378906629
152.4,3.6278673230619893,0.1,0.05400000000000001,3.5611606770130635,0.03270664604892608
152.6,3.6325674587856938,0.1,0.05433333333333333,3.5638103609997405,0.03475709778595364
152.8,3.6371961497953267,0.1,0.05466666666666668,3.5664689996349455,0.03672715016038155
153.0,3.6417564409585084,0.1,0.05500000000000001,3.5691364852822,0.03861995567630856
153.20000000000002,3.6462512349189176,0.1,0.055333333333333366,3.571812691692537,0.04043854322638076
153.4,3.6506832965966045,0.1,0.05566666666666668,3.574497473657941,0.042185822938663776
153.60000000000002,3.6550552575678568,0.1,0.05600000000000004,3.5771906667343862,0.04386459083347065
153.8,3.6593696203374364,0.1,0.05633333333333335,3.579892087039848,0.045477533297588836
154.0,3.663628762515417,0.1,0.05666666666666667,3.5826015311323434,0.04702723138307392
154.20000000000002,3.6678349409101414,0.1,0.05700000000000003,3.585318775972659,0.04851616493748278
154.4,3.6719902955480928,0.1,0.05733333333333335,3.5880435789759346,0.049946716572158135
154.60000000000002,3.6760968536306557,0.1,0.05766666666666671,3.5907756781557394,0.051321175474916506
154.8,3.6801565334368567,0.1,0.058000000000000024,3.5935147923636213,0.052641741073235444
155.0,3.68417114818026,0.1,0.058333333333333334,3.596260621626452,0.05391052655380815
155.20000000000002,3.688142409827199,0.1,0.05866666666666669,3.5990128475831065,0.05512956224409239
155.4,3.6920719328824756,0.1,0.05900000000000002,3.6017711340212086,0.056300798861267085
155.60000000000002,3.6959612381476425,0.1,0.05933333333333337,3.6045351275138455,0.05742611063379718
155.8,3.699811756455807,0.1,0.05966666666666669,3.6073044581552094,0.05850729830059772
156.0,3.6696248323858547,0.0,0.060000000000000005,3.610078740393253,0.05954609199260142
156.20000000000002,3.667289996722537,0.0,0.060000000000000005,3.610078740393253,0.05721125632928397
156.4,3.6650467112750658,0.0,0.060000000000000005,3.610078740393253,0.05496797088181267
156.60000000000002,3.662891386308131,0.0,0.060000000000000005,3.610078740393253,0.05281264591487785
156.8,3.660820572841959,0.0,0.060000000000000005,3.610078740393253,0.050741832448705844
157.0,3.6588309571332065,0.0,0.060000000000000005,3.610078740393253,0.048752216739953357
157.20000000000002,3.656919355372265,0.0,0.060000000000000005,3.610078740393253,0.04684061497901213
157.4,3.655082708588488,0.0,0.060000000000000005,3.610078740393253,0.045003968195235076
157.60000000000002,3.653318077755182,0.0,0.060000000000000005,3.610078740393253,0.043239337361928754
157.8,3.651622639086539,0.0,0.060000000000000005,3.610078740393253,0.041543898693285716
158.0,3.649993679518976,0.0,0.060000000000000005,3.610078740393253,0.039914939125723005
158.20000000000002,3.6484285923696556,0.0,0.060000000000000005,3.610078740393253,0.0383498519764024
158.4,3.6469248731652355,0.0,0.060000000000000005,3.610078740393253,0.036846132771982364
158.60000000000002,3.645480115634178,0.0,0.060000000000000005,3.610078740393253,0.03540137524092485
158.8,3.6440920078562025,0.0,0.060000000000000005,3.610078740393253,0.03401326746294921
159.0,3.642758328562718,0.0,0.060000000000000005,3.610078740393253,0.03267958816946501
159.20000000000002,3.641476943582322,0.0,0.060000000000000005,3.610078740393253,0.03139820318906907
159.4,3.6402458024256696,0.0,0.060000000000000005,3.610078740393253,0.03016706203241643
159.60000000000002,3.639062935004252,0.0,0.060000000000000005,3.610078740393253,0.028984194610998625
159.8,3.6379264484778364,0.0,0.060000000000000005,3.610078740393253,0.02784770808458322
160.0,3.6368345242255176,0.0,0.060000000000000005,3.610078740393253,0.02675578383226439
160.20000000000002,3.635785414935535,0.0,0.060000000000000005,3.610078740393253,0.025706674542282013
160.4,3.6347774418092036,0.0,0.060000000000000005,3.610078740393253,0.024698701415950496
160.60000000000002,3.6338089918744747,0.0,0.060000000000000005,3.610078740393253,0.02373025148122169
160.8,3.6328785154048395,0.0,0.060000000000000005,3.610078740393253,0.022799775011586625
161.0,3.6319845234394346,0.0,0.060000000000000005,3.610078740393253,0.02190578304618152
161.20000000000002,3.6311255854003863,0.0,0.060000000000000005,3.610078740393253,0.02104684500713314
161.4,3.6303003268035825,0.0,0.060000000000000005,3.610078740393253,0.020221586410329367
161.60000000000002,3.6295074270592034,0.0,0.060000000000000005,3.610078740393253,0.019428686665950528
161.8,3.628745617358498,0.0,0.060000000000000005,3.610078740393253,0.01866687696524487
162.0,3.6280136786434163,0.0,0.060000000000000005,3.610078740393253,0.01793493825016308
162.20000000000002,3.627310439655859,0.0,0.060000000000000005,3.610078740393253,0.017231699262605676
162.4,3.6266347750634136,0.0,0.060000000000000005,3.610078740393253,0.01655603467016045
162.60000000000002,3.6259856036585827,0.0,0.060000000000000005,3.610078740393253,0.01590686326532982
162.8,3.625361886628622,0.0,0.060000000000000005,3.610078740393253,0.015283146235368967
163.0,3.624762625893216,0.0,0.060000000000000005,3.610078740393253,0.014683885499963122
163.20000000000002,3.6241868625073397,0.0,0.060000000000000005,3.610078740393253,0.014108122114086451
163.4,3.623633675126739,0.0,0.060000000000000005,3.610078740393253,0.013554934733485641
163.60000000000002,3.623102178533585,0.0,0.060000000000000005,3.610078740393253,0.013023438140331972
163.8,3.6225915222199374,0.0,0.060000000000000005,3.610078740393253,0.012512781826684558
164.0,3.6221008890267488,0.0,0.060000000000000005,3.610078740393253,0.012022148633495667
164.20000000000002,3.621629493836235,0.0,0.060000000000000005,3.610078740393253,0.011550753442982132
164.4,3.6211765823155226,0.0,0.060000000000000005,3.610078740393253,0.011097841922269595
164.60000000000002,3.6207414297095517,0.0,0.060000000000000005,3.610078740393253,0.010662689316298508
164.8,3.620323339681315,0.0,0.060000000000000005,3.610078740393253,0.010244599288061935
165.0,3.6199216431975705,0.0,0.060000000000000005,3.610078740393253,0.009842902804317339
165.20000000000002,3.619535697458244,0.0,0.060000000000000005,3.610078740393253,0.009456957064990853
165.4,3.6191648848678133,0.0,0.060000000000000005,3.610078740393253,0.009086144474560184
165.60000000000002,3.618808612047023,0.0,0.060000000000000005,3.610078740393253,0.00872987165376963
165.8,3.61846630888335,0.0,0.060000000000000005,3.610078740393253,0.008387568490097107
166.0,3.6181374276187053,0.0,0.060000000000000005,3.610078740393253,0.008058687225452115
166.20000000000002,3.6178214419728993,0.0,0.060000000000000005,3.610078740393253,0.007742701579646103
166.4,3.617517846301485,0.0,0.060000000000000005,3.610078740393253,0.007439105908232003
166.60000000000002,3.617226154786618,0.0,0.060000000000000005,3.610078740393253,0.0071474143933649365
166.8,3.6169459006596436,0.0,0.060000000000000005,3.610078740393253,0.006867160266390356
167.0,3.6166766354541675,0.0,0.060000000000000005,3.610078740393253,0.006597895060914323
167.20000000000002,3.616417928288415,0.0,0.060000000000000005,3.610078740393253,0.006339187895161734
167.4,3.6161693651757267,0.0,0.060000000000000005,3.610078740393253,0.006090624782473653
167.60000000000002,3.615930548362093,0.0,0.060000000000000005,3.610078740393253,0.005851807968840082
167.8,3.615701095689662,0.0,0.060000000000000005,3.610078740393253,0.00562235529640897
168.0,3.615480639985205,0.0,0.060000000000000005,3.610078740393253,0.005401899591951881
168.20000000000002,3.6152688284725616,0.0,0.060000000000000005,3.610078740393253,0.005190088079308593
168.4,3.6150653222081233,0.0,0.060000000000000005,3.610078740393253,0.004986581814870073
168.60000000000002,3.614869795538449,0.0,0.060000000000000005,3.610078740393253,0.004791055145196175
168.8,3.6146819355791537,0.0,0.060000000000000005,3.610078740393253,0.004603195185900896
169.0,3.6145014417142236,0.0,0.060000000000000005,3.610078740393253,0.004422701320970407
169.20000000000002,3.6143280251149665,0.0,0.060000000000000005,3.610078740393253,0.004249284721713382
169.4,3.6141614082778264,0.0,0.060000000000000005,3.610078740393253,0.004082667884573545
169.60000000000002,3.6140013245803178,0.0,0.060000000000000005,3.610078740393253,0.003922584187064605
169.8,3.6138475178543708,0.0,0.060000000000000005,3.610078740393253,0.003768777461117582
170.0,3.61369974197641,0.0,0.060000000000000005,3.610078740393253,0.0036210015831570864
170.20000000000002,3.6135577604735043,0.0,0.060000000000000005,3.610078740393253,0.0034790200802511597
170.4,3.6134213461449574,0.0,0.060000000000000005,3.610078740393253,0.0033426057517041896
170.60000000000002,3.6132902806987404,0.0,0.060000000000000005,3.610078740393253,0.0032115403054871873
170.8,3.613164354402177,0.0,0.060000000000000005,3.610078740393253,0.0030856140089241227
171.0,3.6130433657463277,0.0,0.060000000000000005,3.610078740393253,0.0029646253530747663
171.20000000000002,3.6129271211235303,0.0,0.060000000000000005,3.610078740393253,0.0028483807302774533
171.4,3.6128154345175885,0.0,0.060000000000000005,3.610078740393253,0.0027366941243355653
171.60000000000002,3.612708127206105,0.0,0.060000000000000005,3.610078740393253,0.002629386812851817
171.8,3.6126050274744874,0.0,0.060000000000000005,3.610078740393253,0.002526287081234418
172.0,3.61250597034117,0.0,0.060000000000000005,3.610078740393253,0.0024272299479169814
172.20000000000002,3.612410797293606,0.0,0.060000000000000005,3.610078740393253,0.002332056900352871
172.4,3.6123193560346145,0.0,0.060000000000000005,3.610078740393253,0.0022406156413613456
172.60000000000002,3.6122315002386727,0.0,0.060000000000000005,3.610078740393253,0.002152759845419483
172.8,3.612147089317763,0.0,0.060000000000000005,3.610078740393253,0.0020683489245102316
173.0,3.6120659881964046,0.0,0.060000000000000005,3.610078740393253,0.0019872478031515007
173.20000000000002,3.6119880670954996,0.0,0.060000000000000005,3.610078740393253,0.0019093267022466103
173.4,3.611913201324663,0.0,0.060000000000000005,3.610078740393253,0.0018344609314100797
173.60000000000002,3.6118412710826893,0.0,0.060000000000000005,3.610078740393253,0.001762530689436333
173.8,3.6117721612658453,0.0,0.060000000000000005,3.610078740393253,0.0016934208725922957
174.0,3.61170576128368,0.0,0.060000000000000005,3.610078740393253,0.0016270208904267934
174.20000000000002,3.6116419648820552,0.0,0.060000000000000005,3.610078740393253,0.001563224488802267
174.4,3.6115806699731188,0.0,0.060000000000000005,3.610078740393253,0.0015019295798655108
174.60000000000002,3.6115217784719382,0.0,0.060000000000000005,3.610078740393253,0.0014430380786852636
174.8,3.6114651961395485,0.0,0.060000000000000005,3.610078740393253,0.0013864557462954636
175.0,3.6114108324321457,0.0,0.060000000000000005,3.610078740393253,0.0013320920388927371
175.20000000000002,3.6113586003562,0.0,0.060000000000000005,3.610078740393253,0.0012798599629470233
175.4,3.6113084163292464,0.0,0.060000000000000005,3.610078740393253,0.0012296759359933865
175.60000000000002,3.6112602000461353,0.0,0.060000000000000005,3.610078740393253,0.0011814596528821899
175.8,3.611213874350527,0.0,0.060000000000000005,3.610078740393253,0.0011351339572737802
176.0,3.611169365111425,0.0,0.060000000000000005,3.610078740393253,0.001090624718171835
176.20000000000002,3.611126601104551,0.0,0.060000000000000005,3.610078740393253,0.0010478607112979744
176.4,3.6110855138983706,0.0,0.060000000000000005,3.610078740393253,0.0010067735051177377
176.60000000000002,3.6110460377445883,0.0,0.060000000000000005,3.610078740393253,0.0009672973513354865
176.8,3.611008109472936,0.0,0.060000000000000005,3.610078740393253,0.000929369079683152
177.0,3.6109716683900874,0.0,0.060000000000000005,3.610078740393253,0.0008929279968342885
177.20000000000002,3.6109366561825347,0.0,0.060000000000000005,3.610078740393253,0.0008579157892818206
177.4,3.610903016823277,0.0,0.060000000000000005,3.610078740393253,0.000824276430024005
177.60000000000002,3.6108706964821624,0.0,0.060000000000000005,3.610078740393253,0.0007919560889092402
177.8,3.6108396434397494,0.0,0.060000000000000005,3.610078740393253,0.0007609030464963781
178.0,3.6108098080045457,0.0,0.060000000000000005,3.610078740393253,0.0007310676112925509
178.20000000000002,3.6107811424334892,0.0,0.060000000000000005,3.610078740393253,0.0007024020402361963
178.4,3.610753600855551,0.0,0.060000000000000005,3.610078740393253,0.0006748604622979842
178.60000000000002,3.6107271391983304,0.0,0.060000000000000005,3.610078740393253,0.0006483988050773556
178.8,3.6107017151175302,0.0,0.060000000000000005,3.610078740393253,0.0006229747242773104
179.0,3.6106772879291977,0.0,0.060000000000000005,3.610078740393253,0.0005985475359444716
179.20000000000002,3.6106538185446193,0.0,0.060000000000000005,3.610078740393253,0.0005750781513660919
179.4,3.6106312694077727,0.0,0.060000000000000005,3.610078740393253,0.0005525290145197836
179.60000000000002,3.6106096044352287,0.0,0.060000000000000005,3.610078740393253,0.0005308640419758469
179.8,3.610588788958409,0.0,0.060000000000000005,3.610078740393253,0.0005100485651561104
180.0,3.6445687896681096,0.1,0.060000000000000005,3.610078740393253,0.0004900492748567876
180.20000000000002,3.6506613057964796,0.1,0.060333333333333364,3.6128575739564806,0.0038037318399994583
180.4,3.656628027924366,0.1,0.060666666666666674,3.615640544871075,0.006987483053291263
180.60000000000002,3.6624736241595572,0.1,0.06100000000000004,3.6184272265636466,0.010046397595910857
180.8,3.6682025514276972,0.1,0.06133333333333336,3.621217181043969,0.012985370383728805
181.0,3.6738190645614717,0.1,0.06166666666666667,3.6240099601612514,0.015809104400220358
181.20000000000002,3.6793272251489073,0.1,0.062000000000000034,3.6268051069266667,0.018522118222240997
181.4,3.6847309101448382,0.1,0.062333333333333345,3.629602156894126,0.021128753250712336
181.60000000000002,3.6900338202484577,0.1,0.0626666666666667,3.6324006395906654,0.023633180657792466
181.8,3.6952394880488404,0.1,0.06300000000000001,3.6352000799872024,0.02603940806163835
182.0,3.7003512859394525,0.1,0.06333333333333334,3.6380000000000003,0.028351285939452395
182.20000000000002,3.7053724338018648,0.1,0.0636666666666667,3.6407999200127987,0.030572513789066325
182.4,3.710306006458261,0.1,0.06400000000000002,3.6435993604093353,0.03270664604892611
182.60000000000002,3.7151549408918285,0.1,0.06433333333333338,3.646397843105875,0.03475709778595396
182.8,3.7199220432337157,0.1,0.06466666666666669,3.6491948930733344,0.036727150160381576
183.0,3.724609995515057,0.1,0.065,3.651990039838749,0.03861995567630859
183.20000000000002,3.7292213621824124,0.1,0.06533333333333337,3.654782818956032,0.04043854322638079
183.4,3.7337585963750177,0.1,0.06566666666666668,3.657572773436354,0.042185822938663804
183.60000000000002,3.7382240459623963,0.1,0.06600000000000004,3.660359455128926,0.043864590833470676
183.8,3.7426199593411087,0.1,0.06633333333333336,3.66314242604352,0.045477533297588864
184.0,3.746948490989821,0.1,0.06666666666666667,3.665921259606747,0.04702723138307394
184.20000000000002,3.751211706782274,0.1,0.06700000000000003,3.6686955418447913,0.0485161649374828
184.4,3.7554115890583133,0.1,0.06733333333333334,3.671464872486155,0.04994671657215815
184.60000000000002,3.7595500414537084,0.1,0.06766666666666671,3.674228865978792,0.05132117547491652
184.8,3.7636288934901296,0.1,0.06800000000000002,3.6769871524168942,0.05264174107323546
185.0,3.767649904927356,0.1,0.06833333333333334,3.679739378373548,0.053910526553808166
185.20000000000002,3.7716147698804723,0.1,0.0686666666666667,3.68248520763638,0.055129562244092406
185.4,3.7755251207055283,0.1,0.069,3.6852243218442613,0.0563007988612671
185.60000000000002,3.779382531657863,0.1,0.06933333333333339,3.687956421024066,0.05742611063379719
185.8,3.783188522327939,0.1,0.0696666666666667,3.6906812240273417,0.05850729830059773
186.0,3.752944560860259,0.0,0.07,3.6933984688676573,0.059546091992601434
186.20000000000002,3.7506097251969415,0.0,0.07,3.6933984688676573,0.057211256329283984
186.4,3.74836643974947,0.0,0.07,3.6933984688676573,0.05496797088181268
186.60000000000002,3.746211114782535,0.0,0.07,3.6933984688676573,0.05281264591487786
186.8,3.744140301316363,0.0,0.07,3.6933984688676573,0.05074183244870585
187.0,3.7421506856076108,0.0,0.07,3.6933984688676573,0.04875221673995336
187.20000000000002,3.7402390838466695,0.0,0.07,3.6933984688676573,0.04684061497901214
187.4,3.7384024370628923,0.0,0.07,3.6933984688676573,0.04500396819523508
187.60000000000002,3.736637806229586,0.0,0.07,3.6933984688676573,0.04323933736192876
187.8,3.734942367560943,0.0,0.07,3.6933984688676573,0.04154389869328572
188.0,3.7333134079933803,0.0,0.07,3.6933984688676573,0.03991493912572301
188.20000000000002,3.73174832084406,0.0,0.07,3.6933984688676573,0.03834985197640241
188.4,3.73024460163964,0.0,0.07,3.6933984688676573,0.036846132771982364
188.60000000000002,3.728799844108582,0.0,0.07,3.6933984688676573,0.03540137524092485
188.8,3.7274117363306067,0.0,0.07,3.6933984688676573,0.03401326746294921
189.0,3.7260780570371224,0.0,0.07,3.6933984688676573,0.03267958816946501
189.20000000000002,3.7247966720567263,0.0,0.07,3.6933984688676573,0.03139820318906907
189.4,3.723565530900074,0.0,0.07,3.6933984688676573,0.03016706203241643
189.60000000000002,3.722382663478656,0.0,0.07,3.6933984688676573,0.028984194610998625
189.8,3.7212461769522407,0.0,0.07,3.6933984688676573,0.02784770808458322
190.0,3.720154252699922,0.0,0.07,3.6933984688676573,0.02675578383226439
190.20000000000002,3.7191051434099394,0.0,0.07,3.6933984688676573,0.025706674542282013
190.4,3.718097170283608,0.0,0.07,3.6933984688676573,0.024698701415950496
190.60000000000002,3.717128720348879,0.0,0.07,3.6933984688676573,0.02373025148122169
190.8,3.716198243879244,0.0,0.07,3.6933984688676573,0.022799775011586625
191.0,3.715304251913839,0.0,0.07,3.6933984688676573,0.02190578304618152
191.20000000000002,3.7144453138747906,0.0,0.07,3.6933984688676573,0.02104684500713314
191.4,3.7136200552779868,0.0,0.07,3.6933984688676573,0.020221586410329367
191.60000000000002,3.7128271555336076,0.0,0.07,3.6933984688676573,0.019428686665950528
191.8,3.7120653458329023,0.0,0.07,3.6933984688676573,0.01866687696524487
192.0,3.7113334071178206,0.0,0.07,3.6933984688676573,0.01793493825016308
192.20000000000002,3.710630168130263,0.0,0.07,3.6933984688676573,0.017231699262605676
192.4,3.709954503537818,0.0,0.07,3.6933984688676573,0.01655603467016045
192.60000000000002,3.709305332132987,0.0,0.07,3.6933984688676573,0.01590686326532982
192.8,3.708681615103026,0.0,0.07,3.6933984688676573,0.015283146235368967
193.0,3.7080823543676202,0.0,0.07,3.6933984688676573,0.014683885499963122
193.20000000000002,3.707506590981744,0.0,0.07,3.6933984688676573,0.014108122114086451
193.4,3.706953403601143,0.0,0.07,3.6933984688676573,0.013554934733485641
193.60000000000002,3.7064219070079893,0.0,0.07,3.6933984688676573,0.013023438140331972
193.8,3.7059112506943417,0.0,0.07,3.6933984688676573,0.012512781826684558
194.0,3.705420617501153,0.0,0.07,3.6933984688676573,0.012022148633495667
194.20000000000002,3.7049492223106393,0.0,0.07,3.6933984688676573,0.011550753442982132
194.4,3.704496310789927,0.0,0.07,3.6933984688676573,0.011097841922269595
194.60000000000002,3.704061158183956,0.0,0.07,3.6933984688676573,0.010662689316298508
194.8,3.7036430681557193,0.0,0.07,3.6933984688676573,0.010244599288061935
195.0,3.7032413716719748,0.0,0.07,3.6933984688676573,0.009842902804317339
195.20000000000002,3.7028554259326483,0.0,0.07,3.6933984688676573,0.009456957064990853
195.4,3.7024846133422176,0.0,0.07,3.6933984688676573,0.009086144474560184
195.60000000000002,3.702128340521427,0.0,0.07,3.6933984688676573,0.00872987165376963
195.8,3.7017860373577545,0.0,0.07,3.6933984688676573,0.008387568490097107
196.0,3.7014571560931095,0.0,0.07,3.6933984688676573,0.008058687225452115
196.20000000000002,3.7011411704473036,0.0,0.07,3.6933984688676573,0.007742701579646103
196.4,3.7008375747758895,0.0,0.07,3.6933984688676573,0.007439105908232003
196.60000000000002,3.700545883261022,0.0,0.07,3.6933984688676573,0.0071474143933649365
196.8,3.700265629134048,0.0,0.07,3.6933984688676573,0.006867160266390356
197.0,3.699996363928572,0.0,0.07,3.6933984688676573,0.006597895060914323
197.20000000000002,3.699737656762819,0.0,0.07,3.6933984688676573,0.006339187895161734
197.4,3.699489093650131,0.0,0.07,3.6933984688676573,0.006090624782473653
197.60000000000002,3.6992502768364974,0.0,0.07,3.6933984688676573,0.005851807968840082
197.8,3.6990208241640663,0.0,0.07,3.6933984688676573,0.00562235529640897
198.0,3.6988003684596094,0.0,0.07,3.6933984688676573,0.005401899591951881
198.20000000000002,3.698588556946966,0.0,0.07,3.6933984688676573,0.005190088079308593
198.4,3.6983850506825275,0.0,0.07,3.6933984688676573,0.004986581814870073
198.60000000000002,3.6981895240128533,0.0,0.07,3.6933984688676573,0.004791055145196175
198.8,3.698001664053558,0.0,0.07,3.6933984688676573,0.004603195185900896
199.0,3.697821170188628,0.0,0.07,3.6933984688676573,0.004422701320970407
199.20000000000002,3.697647753589371,0.0,0.07,3.6933984688676573,0.004249284721713382
199.4,3.6974811367522307,0.0,0.07,3.6933984688676573,0.004082667884573545
199.60000000000002,3.697321053054722,0.0,0.07,3.6933984688676573,0.003922584187064605
199.8,3.697167246328775,0.0,0.07,3.6933984688676573,0.003768777461117582
200.0,3.6970194704508144,0.0,0.07,3.6933984688676573,0.0036210015831570864
200.20000000000002,3.6968774889479086,0.0,0.07,3.6933984688676573,0.0034790200802511597
200.4,3.6967410746193616,0.0,0.07,3.6933984688676573,0.0033426057517041896
200.60000000000002,3.6966100091731446,0.0,0.07,3.6933984688676573,0.0032115403054871873
200.8,3.6964840828765815,0.0,0.07,3.6933984688676573,0.0030856140089241227
201.0,3.696363094220732,0.0,0.07,3.6933984688676573,0.0029646253530747663
201.20000000000002,3.6962468495979346,0.0,0.07,3.6933984688676573,0.0028483807302774533
201.4,3.6961351629919927,0.0,0.07,3.6933984688676573,0.0027366941243355653
201.60000000000002,3.696027855680509,0.0,0.07,3.6933984688676573,0.002629386812851817
201.8,3.6959247559488917,0.0,0.07,3.6933984688676573,0.002526287081234418
202.0,3.6958256988155744,0.0,0.07,3.6933984688676573,0.0024272299479169814
202.20000000000002,3.69573052576801,0.0,0.07,3.6933984688676573,0.002332056900352871
202.4,3.695639084509019,0.0,0.07,3.6933984688676573,0.0022406156413613456
202.60000000000002,3.695551228713077,0.0,0.07,3.6933984688676573,0.002152759845419483
202.8,3.6954668177921675,0.0,0.07,3.6933984688676573,0.0020683489245102316
203.0,3.695385716670809,0.0,0.07,3.6933984688676573,0.0019872478031515007
203.20000000000002,3.695307795569904,0.0,0.07,3.6933984688676573,0.0019093267022466103
203.4,3.6952329297990674,0.0,0.07,3.6933984688676573,0.0018344609314100797
203.60000000000002,3.6951609995570935,0.0,0.07,3.6933984688676573,0.001762530689436333
203.8,3.6950918897402496,0.0,0.07,3.6933984688676573,0.0016934208725922957
204.0,3.695025489758084,0.0,0.07,3.6933984688676573,0.0016270208904267934
204.20000000000002,3.6949616933564595,0.0,0.07,3.6933984688676573,0.001563224488802267
204.4,3.694900398447523,0.0,0.07,3.6933984688676573,0.0015019295798655108
204.60000000000002,3.6948415069463425,0.0,0.07,3.6933984688676573,0.0014430380786852636
204.8,3.694784924613953,0.0,0.07,3.6933984688676573,0.0013864557462954636
205.0,3.69473056090655,0.0,0.07,3.6933984688676573,0.0013320920388927371
205.20000000000002,3.694678328830604,0.0,0.07,3.6933984688676573,0.0012798599629470233
205.4,3.6946281448036506,0.0,0.07,3.6933984688676573,0.0012296759359933865
205.60000000000002,3.6945799285205396,0.0,0.07,3.6933984688676573,0.0011814596528821899
205.8,3.694533602824931,0.0,0.07,3.6933984688676573,0.0011351339572737802
206.0,3.694489093585829,0.0,0.07,3.6933984688676573,0.001090624718171835
206.20000000000002,3.6944463295789554,0.0,0.07,3.6933984688676573,0.0010478607112979744
206.4,3.694405242372775,0.0,0.07,3.6933984688676573,0.0010067735051177377
206.60000000000002,3.6943657662189926,0.0,0.07,3.6933984688676573,0.0009672973513354865
206.8,3.6943278379473403,0.0,0.07,3.6933984688676573,0.000929369079683152
207.0,3.6942913968644917,0.0,0.07,3.6933984688676573,0.0008929279968342885
207.20000000000002,3.694256384656939,0.0,0.07,3.6933984688676573,0.0008579157892818206
207.4,3.6942227452976812,0.0,0.07,3.6933984688676573,0.000824276430024005
207.60000000000002,3.6941904249565667,0.0,0.07,3.6933984688676573,0.0007919560889092402
207.8,3.6941593719141537,0.0,0.07,3.6933984688676573,0.0007609030464963781
208.0,3.69412953647895,0.0,0.07,3.6933984688676573,0.0007310676112925509
208.20000000000002,3.6941008709078935,0.0,0.07,3.6933984688676573,0.0007024020402361963
208.4,3.6940733293299552,0.0,0.07,3.6933984688676573,0.0006748604622979842
208.60000000000002,3.6940468676727347,0.0,0.07,3.6933984688676573,0.0006483988050773556
208.8,3.6940214435919345,0.0,0.07,3.6933984688676573,0.0006229747242773104
209.0,3.693997016403602,0.0,0.07,3.6933984688676573,0.0005985475359444716
209.20000000000002,3.6939735470190236,0.0,0.07,3.6933984688676573,0.0005750781513660919
209.4,3.693950997882177,0.0,0.07,3.6933984688676573,0.0005525290145197836
209.60000000000002,3.693929332909633,0.0,0.07,3.6933984688676573,0.0005308640419758469
209.8,3.6939085174328135,0.0,0.07,3.6933984688676573,0.0005100485651561104
210.0,3.727888518142514,0.1,0.07,3.6933984688676573,0.0004900492748567876
210.20000000000002,3.733911644800152,0.1,0.07033333333333336,3.696107912960153,0.0038037318399994583
210.4,3.7397968163189055,0.1,0.07066666666666668,3.6988093332656145,0.006987483053291263
210.60000000000002,3.7455489239379705,0.1,0.07100000000000004,3.70150252634206,0.010046397595910857
210.8,3.751172678691192,0.1,0.07133333333333335,3.7041873083074637,0.012985370383728805
211.0,3.7566726191180204,0.1,0.07166666666666667,3.7068635147178,0.015809104400220358
211.20000000000002,3.762053118587296,0.1,0.07200000000000004,3.7095310003650552,0.018522118222240997
211.4,3.767318392250972,0.1,0.07233333333333335,3.7121896390002598,0.021128753250712336
211.60000000000002,3.7724725036447295,0.1,0.0726666666666667,3.714839322986937,0.023633180657792466
211.8,3.7775193709522132,0.1,0.07300000000000002,3.7174799628905753,0.02603940806163835
212.0,3.7824627729493936,0.1,0.07333333333333333,3.7201114870099414,0.028351285939452395
212.20000000000002,3.787306354645211,0.1,0.0736666666666667,3.722733840856145,0.030572513789066325
212.4,3.7920536326343126,0.1,0.07400000000000001,3.7253469865853868,0.03270664604892611
212.60000000000002,3.7967080001772895,0.1,0.07433333333333338,3.7279509023913358,0.03475709778595396
212.8,3.8012727320233357,0.1,0.07466666666666669,3.7305455818629545,0.036727150160381576
213.0,3.8057509889898236,0.1,0.075,3.7331310333135153,0.03861995567630859
213.20000000000002,3.810145822312693,0.1,0.07533333333333338,3.7357072790863124,0.04043854322638079
213.4,3.814460177781085,0.1,0.07566666666666669,3.7382743548424213,0.042185822938663804
213.60000000000002,3.8186968996690314,0.1,0.07600000000000004,3.740832308835561,0.043864590833470676
213.8,3.8228587344764486,0.1,0.07633333333333335,3.74338120117886,0.045477533297588864
214.0,3.8269483344911093,0.1,0.07666666666666667,3.7459211031080355,0.04702723138307394
214.20000000000002,3.830968261182641,0.1,0.07700000000000003,3.7484520962451584,0.0485161649374828
214.4,3.8349209884390314,0.1,0.07733333333333334,3.7509742718668733,0.04994671657215815
214.60000000000002,3.8388089056555175,0.1,0.07766666666666672,3.753487730180601,0.05132117547491652
214.8,3.842634320685153,0.1,0.07800000000000003,3.7559925796119176,0.05264174107323546
215.0,3.846399462659779,0.1,0.07833333333333334,3.758488936105971,0.053910526553808166
215.20000000000002,3.850106484689565,0.1,0.07866666666666669,3.7609769224454728,0.055129562244092406
215.4,3.8537574664487435,0.1,0.07900000000000001,3.7634566675874765,0.0563007988612671
215.60000000000002,3.8573544166546525,0.1,0.07933333333333338,3.7659283060208555,0.05742611063379719
215.8,3.860899275446684,0.1,0.07966666666666669,3.7683919771460865,0.05850729830059773
216.0,3.830393916671275,0.0,0.08000000000000002,3.770847824678673,0.059546091992601434
216.20000000000002,3.8280590810079573,0.0,0.08000000000000002,3.770847824678673,0.057211256329283984
216.4,3.825815795560486,0.0,0.08000000000000002,3.770847824678673,0.05496797088181268
216.60000000000002,3.823660470593551,0.0,0.08000000000000002,3.770847824678673,0.05281264591487786
216.8,3.821589657127379,0.0,0.08000000000000002,3.770847824678673,0.05074183244870585
217.0,3.8196000414186266,0.0,0.08000000000000002,3.770847824678673,0.04875221673995336
217.20000000000002,3.8176884396576853,0.0,0.08000000000000002,3.770847824678673,0.04684061497901214
217.4,3.815851792873908,0.0,0.08000000000000002,3.770847824678673,0.04500396819523508
217.60000000000002,3.814087162040602,0.0,0.08000000000000002,3.770847824678673,0.04323933736192876
217.8,3.812391723371959,0.0,0.08000000000000002,3.770847824678673,0.04154389869328572
218.0,3.810762763804396,0.0,0.08000000000000002,3.770847824678673,0.03991493912572301
218.20000000000002,3.8091976766550757,0.0,0.08000000000000002,3.770847824678673,0.03834985197640241
218.4,3.8076939574506556,0.0,0.08000000000000002,3.770847824678673,0.036846132771982364
218.60000000000002,3.806249199919598,0.0,0.08000000000000002,3.770847824678673,0.03540137524092485
218.8,3.8048610921416226,0.0,0.08000000000000002,3.770847824678673,0.03401326746294921
219.0,3.8035274128481382,0.0,0.08000000000000002,3.770847824678673,0.03267958816946501
219.20000000000002,3.802246027867742,0.0,0.08000000000000002,3.770847824678673,0.03139820318906907
219.4,3.80101488671109,0.0,0.08000000000000002,3.770847824678673,0.03016706203241643
219.60000000000002,3.799832019289672,0.0,0.08000000000000002,3.770847824678673,0.028984194610998625
219.8,3.7986955327632566,0.0,0.08000000000000002,3.770847824678673,0.02784770808458322
220.0,3.7976036085109377,0.0,0.08000000000000002,3.770847824678673,0.02675578383226439
220.20000000000002,3.7965544992209552,0.0,0.08000000000000002,3.770847824678673,0.025706674542282013
220.4,3.7955465260946237,0.0,0.08000000000000002,3.770847824678673,0.024698701415950496
220.60000000000002,3.794578076159895,0.0,0.08000000000000002,3.770847824678673,0.02373025148122169
220.8,3.7936475996902597,0.0,0.08000000000000002,3.770847824678673,0.022799775011586625
221.0,3.7927536077248547,0.0,0.08000000000000002,3.770847824678673,0.02190578304618152
221.20000000000002,3.7918946696858065,0.0,0.08000000000000002,3.770847824678673,0.02104684500713314
221.4,3.7910694110890026,0.0,0.08000000000000002,3.770847824678673,0.020221586410329367
221.60000000000002,3.7902765113446235,0.0,0.08000000000000002,3.770847824678673,0.019428686665950528
221.8,3.789514701643918,0.0,0.08000000000000002,3.770847824678673,0.01866687696524487
222.0,3.7887827629288364,0.0,0.08000000000000002,3.770847824678673,0.01793493825016308
222.20000000000002,3.788079523941279,0.0,0.08000000000000002,3.770847824678673,0.017231699262605676
222.4,3.7874038593488337,0.0,0.08000000000000002,3.770847824678673,0.01655603467016045
222.60000000000002,3.786754687944003,0.0,0.08000000000000002,3.770847824678673,0.01590686326532982
222.8,3.786130970914042,0.0,0.08000000000000002,3.770847824678673,0.015283146235368967
223.0,3.785531710178636,0.0,0.08000000000000002,3.770847824678673,0.014683885499963122
223.20000000000002,3.78495594679276,0.0,0.08000000000000002,3.770847824678673,0.014108122114086451
223.4,3.784402759412159,0.0,0.08000000000000002,3.770847824678673,0.013554934733485641
223.60000000000002,3.783871262819005,0.0,0.08000000000000002,3.770847824678673,0.013023438140331972
223.8,3.7833606065053575,0.0,0.08000000000000002,3.770847824678673,0.012512781826684558
224.0,3.782869973312169,0.0,0.08000000000000002,3.770847824678673,0.012022148633495667
224.20000000000002,3.782398578121655,0.0,0.08000000000000002,3.770847824678673,0.011550753442982132
224.4,3.781945666600943,0.0,0.08000000000000002,3.770847824678673,0.011097841922269595
224.60000000000002,3.781510513994972,0.0,0.08000000000000002,3.770847824678673,0.010662689316298508
224.8,3.781092423966735,0.0,0.08000000000000002,3.770847824678673,0.010244599288061935
225.0,3.7806907274829906,0.0,0.08000000000000002,3.770847824678673,0.009842902804317339
225.20000000000002,3.780304781743664,0.0,0.08000000000000002,3.770847824678673,0.009456957064990853
225.4,3.7799339691532334,0.0,0.08000000000000002,3.770847824678673,0.009086144474560184
225.60000000000002,3.779577696332443,0.0,0.08000000000000002,3.770847824678673,0.00872987165376963
225.8,3.7792353931687703,0.0,0.08000000000000002,3.770847824678673,0.008387568490097107
226.0,3.7789065119041254,0.0,0.08000000000000002,3.770847824678673,0.008058687225452115
226.20000000000002,3.7785905262583195,0.0,0.08000000000000002,3.770847824678673,0.007742701579646103
226.4,3.7782869305869053,0.0,0.08000000000000002,3.770847824678673,0.007439105908232003
226.60000000000002,3.777995239072038,0.0,0.08000000000000002,3.770847824678673,0.0071474143933649365
226.8,3.7777149849450637,0.0,0.08000000000000002,3.770847824678673,0.006867160266390356
227.0,3.7774457197395876,0.0,0.08000000000000002,3.770847824678673,0.006597895060914323
227.20000000000002,3.777187012573835,0.0,0.08000000000000002,3.770847824678673,0.006339187895161734
227.4,3.776938449461147,0.0,0.08000000000000002,3.770847824678673,0.006090624782473653
227.60000000000002,3.7766996326475133,0.0,0.08000000000000002,3.770847824678673,0.005851807968840082
227.8,3.776470179975082,0.0,0.08000000000000002,3.770847824678673,0.00562235529640897
228.0,3.776249724270625,0.0,0.08000000000000002,3.770847824678673,0.005401899591951881
228.20000000000002,3.7760379127579817,0.0,0.08000000000000002,3.770847824678673,0.005190088079308593
228.4,3.7758344064935434,0.0,0.08000000000000002,3.770847824678673,0.004986581814870073
228.60000000000002,3.775638879823869,0.0,0.08000000000000002,3.770847824678673,0.004791055145196175
228.8,3.775451019864574,0.0,0.08000000000000002,3.770847824678673,0.004603195185900896
229.0,3.7752705259996437,0.0,0.08000000000000002,3.770847824678673,0.004422701320970407
229.20000000000002,3.7750971094003867,0.0,0.08000000000000002,3.770847824678673,0.004249284721713382
229.4,3.7749304925632465,0.0,0.08000000000000002,3.770847824678673,0.004082667884573545
229.60000000000002,3.774770408865738,0.0,0.08000000000000002,3.770847824678673,0.003922584187064605
229.8,3.774616602139791,0.0,0.08000000000000002,3.770847824678673,0.003768777461117582
230.0,3.7744688262618302,0.0,0.08000000000000002,3.770847824678673,0.0036210015831570864
230.20000000000002,3.7743268447589244,0.0,0.08000000000000002,3.770847824678673,0.0034790200802511597
230.4,3.7741904304303775,0.0,0.08000000000000002,3.770847824678673,0.0033426057517041896
230.60000000000002,3.7740593649841605,0.0,0.08000000000000002,3.770847824678673,0.0032115403054871873
230.8,3.7739334386875973,0.0,0.08000000000000002,3.770847824678673,0.0030856140089241227
231.0,3.773812450031748,0.0,0.08000000000000002,3.770847824678673,0.0029646253530747663
231.20000000000002,3.7736962054089505,0.0,0.08000000000000002,3.770847824678673,0.0028483807302774533
231.4,3.7735845188030086,0.0,0.08000000000000002,3.770847824678673,0.0027366941243355653
231.60000000000002,3.773477211491525,0.0,0.08000000000000002,3.770847824678673,0.002629386812851817
231.8,3.7733741117599076,0.0,0.08000000000000002,3.770847824678673,0.002526287081234418
232.0,3.7732750546265903,0.0,0.08000000000000002,3.770847824678673,0.0024272299479169814
232.20000000000002,3.773179881579026,0.0,0.08000000000000002,3.770847824678673,0.002332056900352871
232.4,3.7730884403200347,0.0,0.08000000000000002,3.770847824678673,0.0022406156413613456
232.60000000000002,3.773000584524093,0.0,0.08000000000000002,3.770847824678673,0.002152759845419483
232.8,3.7729161736031833,0.0,0.08000000000000002,3.770847824678673,0.0020683489245102316
233.0,3.7728350724818247,0.0,0.08000000000000002,3.770847824678673,0.0019872478031515007
233.20000000000002,3.7727571513809197,0.0,0.08000000000000002,3.770847824678673,0.0019093267022466103
233.4,3.7726822856100832,0.0,0.08000000000000002,3.770847824678673,0.0018344609314100797
233.60000000000002,3.7726103553681094,0.0,0.08000000000000002,3.770847824678673,0.001762530689436333
233.8,3.7725412455512655,0.0,0.08000000000000002,3.770847824678673,0.0016934208725922957
234.0,3.7724748455691,0.0,0.08000000000000002,3.770847824678673,0.0016270208904267934
234.20000000000002,3.7724110491674754,0.0,0.08000000000000002,3.770847824678673,0.001563224488802267
234.4,3.772349754258539,0.0,0.08000000000000002,3.770847824678673,0.0015019295798655108
234.60000000000002,3.7722908627573584,0.0,0.08000000000000002,3.770847824678673,0.0014430380786852636
234.8,3.7722342804249687,0.0,0.08000000000000002,3.770847824678673,0.0013864557462954636
235.0,3.772179916717566,0.0,0.08000000000000002,3.770847824678673,0.0013320920388927371
235.20000000000002,3.77212768464162,0.0,0.08000000000000002,3.770847824678673,0.0012798599629470233
235.4,3.7720775006146665,0.0,0.08000000000000002,3.770847824678673,0.0012296759359933865
235.60000000000002,3.7720292843315555,0.0,0.08000000000000002,3.770847824678673,0.0011814596528821899
235.8,3.771982958635947,0.0,0.08000000000000002,3.770847824678673,0.0011351339572737802
236.0,3.771938449396845,0.0,0.08000000000000002,3.770847824678673,0.001090624718171835
236.20000000000002,3.771895685389971,0.0,0.08000000000000002,3.770847824678673,0.0010478607112979744
236.4,3.7718545981837908,0.0,0.08000000000000002,3.770847824678673,0.0010067735051177377
236.60000000000002,3.7718151220300085,0.0,0.08000000000000002,3.770847824678673,0.0009672973513354865
236.8,3.771777193758356,0.0,0.08000000000000002,3.770847824678673,0.000929369079683152
237.0,3.7717407526755076,0.0,0.08000000000000002,3.770847824678673,0.0008929279968342885
237.20000000000002,3.771705740467955,0.0,0.08000000000000002,3.770847824678673,0.0008579157892818206
237.4,3.771672101108697,0.0,0.08000000000000002,3.770847824678673,0.000824276430024005
237.60000000000002,3.7716397807675826,0.0,0.08000000000000002,3.770847824678673,0.0007919560889092402
237.8,3.7716087277251695,0.0,0.08000000000000002,3.770847824678673,0.0007609030464963781
238.0,3.771578892289966,0.0,0.08000000000000002,3.770847824678673,0.0007310676112925509
238.20000000000002,3.7715502267189094,0.0,0.08000000000000002,3.770847824678673,0.0007024020402361963
238.4,3.771522685140971,0.0,0.08000000000000002,3.770847824678673,0.0006748604622979842
238.60000000000002,3.7714962234837506,0.0,0.08000000000000002,3.770847824678673,0.0006483988050773556
238.8,3.7714707994029504,0.0,0.08000000000000002,3.770847824678673,0.0006229747242773104
239.0,3.771446372214618,0.0,0.08000000000000002,3.770847824678673,0.0005985475359444716
239.20000000000002,3.7714229028300394,0.0,0.08000000000000002,3.770847824678673,0.0005750781513660919
239.4,3.771400353693193,0.0,0.08000000000000002,3.770847824678673,0.0005525290145197836
239.60000000000002,3.771378688720649,0.0,0.08000000000000002,3.770847824678673,0.0005308640419758469
239.8,3.7713578732438293,0.0,0.08000000000000002,3.770847824678673,0.0005100485651561104
240.0,3.8053378739535297,0.1,0.08000000000000002,3.770847824678673,0.0004900492748567876
240.20000000000002,3.8110997279172665,0.1,0.08033333333333337,3.7732959960772674,0.0038037318399994583
240.4,3.8167241250506065,0.1,0.08066666666666668,3.7757366419973155,0.006987483053291263
240.60000000000002,3.8222163133667193,0.1,0.08100000000000004,3.7781699157708086,0.010046397595910857
240.8,3.8275813432962336,0.1,0.08133333333333335,3.780595972912505,0.012985370383728805
241.0,3.8328240750530393,0.1,0.08166666666666668,3.783014970652819,0.015809104400220358
241.20000000000002,3.8379491857195998,0.1,0.08200000000000003,3.785427067497359,0.018522118222240997
241.4,3.842961176063683,0.1,0.08233333333333336,3.7878324228129707,0.021128753250712336
241.60000000000002,3.847864377097779,0.1,0.08266666666666671,3.790231196439987,0.023633180657792466
241.8,3.852662956391883,0.1,0.08300000000000002,3.792623548330245,0.02603940806163835
242.0,3.857360924149817,0.1,0.08333333333333333,3.795009638210365,0.028351285939452395
242.20000000000002,3.8619621390586976,0.1,0.08366666666666671,3.7973896252696315,0.030572513789066325
242.4,3.8664703139207264,0.1,0.08400000000000002,3.7997636678718005,0.03270664604892611
242.60000000000002,3.870889021075992,0.1,0.08433333333333337,3.8021319232900384,0.03475709778595396
242.8,3.8752216976245566,0.1,0.0846666666666667,3.8044945474641754,0.036727150160381576
243.0,3.8794716504557076,0.1,0.085,3.8068516947793993,0.03861995567630859
243.20000000000002,3.8836420610918756,0.1,0.08533333333333336,3.809203517865495,0.04043854322638079
243.4,3.8877359903543534,0.1,0.08566666666666668,3.8115501674156897,0.042185822938663804
243.60000000000002,3.8917563828576553,0.1,0.08600000000000005,3.813891792024185,0.043864590833470676
243.8,3.895706071338999,0.1,0.08633333333333336,3.8162285380414103,0.045477533297588864
244.0,3.8995877808291417,0.1,0.08666666666666667,3.818560549446068,0.04702723138307394
244.20000000000002,3.903404132670507,0.1,0.08700000000000004,3.8208879677330243,0.0485161649374828
244.4,3.9071576483882744,0.1,0.08733333333333335,3.8232109318161163,0.04994671657215815
244.60000000000002,3.9108507534198913,0.1,0.08766666666666671,3.825529577944975,0.05132117547491652
244.8,3.914485780708194,0.1,0.08800000000000002,3.8278440396349587,0.05264174107323546
245.0,3.918064974163154,0.1,0.08833333333333335,3.830154447609346,0.053910526553808166
245.20000000000002,3.921590491997026,0.1,0.0886666666666667,3.8324609297529335,0.055129562244092406
245.4,3.925064409937499,0.1,0.08900000000000001,3.834763611076232,0.0563007988612671
245.60000000000002,3.9284887243232753,0.1,0.08933333333333339,3.8370626136894783,0.05742611063379719
245.8,3.93186535508631,0.1,0.0896666666666667,3.8393580567857124,0.05850729830059773
246.0,3.9011961486247957,0.0,0.09000000000000001,3.841650056632194,0.059546091992601434
246.20000000000002,3.898861312961478,0.0,0.09000000000000001,3.841650056632194,0.057211256329283984
246.4,3.8966180275140068,0.0,0.09000000000000001,3.841650056632194,0.05496797088181268
246.60000000000002,3.894462702547072,0.0,0.09000000000000001,3.841650056632194,0.05281264591487786
246.8,3.8923918890809,0.0,0.09000000000000001,3.841650056632194,0.05074183244870585
247.0,3.8904022733721475,0.0,0.09000000000000001,3.841650056632194,0.04875221673995336
247.20000000000002,3.888490671611206,0.0,0.09000000000000001,3.841650056632194,0.04684061497901214
247.4,3.886654024827429,0.0,0.09000000000000001,3.841650056632194,0.04500396819523508
247.60000000000002,3.884889393994123,0.0,0.09000000000000001,3.841650056632194,0.04323933736192876
247.8,3.88319395532548,0.0,0.09000000000000001,3.841650056632194,0.04154389869328572
248.0,3.881564995757917,0.0,0.09000000000000001,3.841650056632194,0.03991493912572301
248.20000000000002,3.8799999086085966,0.0,0.09000000000000001,3.841650056632194,0.03834985197640241
248.4,3.8784961894041765,0.0,0.09000000000000001,3.841650056632194,0.036846132771982364
248.60000000000002,3.877051431873119,0.0,0.09000000000000001,3.841650056632194,0.03540137524092485
248.8,3.8756633240951435,0.0,0.09000000000000001,3.841650056632194,0.03401326746294921
249.0,3.874329644801659,0.0,0.09000000000000001,3.841650056632194,0.03267958816946501
249.20000000000002,3.873048259821263,0.0,0.09000000000000001,3.841650056632194,0.03139820318906907
249.4,3.8718171186646106,0.0,0.09000000000000001,3.841650056632194,0.03016706203241643
249.60000000000002,3.870634251243193,0.0,0.09000000000000001,3.841650056632194,0.028984194610998625
249.8,3.8694977647167774,0.0,0.09000000000000001,3.841650056632194,0.02784770808458322
250.0,3.8684058404644586,0.0,0.09000000000000001,3.841650056632194,0.02675578383226439
250.20000000000002,3.867356731174476,0.0,0.09000000000000001,3.841650056632194,0.025706674542282013
250.4,3.8663487580481446,0.0,0.09000000000000001,3.841650056632194,0.024698701415950496
250.60000000000002,3.8653803081134157,0.0,0.09000000000000001,3.841650056632194,0.02373025148122169
250.8,3.8644498316437805,0.0,0.09000000000000001,3.841650056632194,0.022799775011586625
251.0,3.8635558396783756,0.0,0.09000000000000001,3.841650056632194,0.02190578304618152
251.20000000000002,3.8626969016393273,0.0,0.09000000000000001,3.841650056632194,0.02104684500713314
251.4,3.8618716430425235,0.0,0.09000000000000001,3.841650056632194,0.020221586410329367
251.60000000000002,3.8610787432981444,0.0,0.09000000000000001,3.841650056632194,0.019428686665950528
251.8,3.860316933597439,0.0,0.09000000000000001,3.841650056632194,0.01866687696524487
252.0,3.8595849948823573,0.0,0.09000000000000001,3.841650056632194,0.01793493825016308
252.20000000000002,3.8588817558948,0.0,0.09000000000000001,3.841650056632194,0.017231699262605676
252.4,3.8582060913023546,0.0,0.09000000000000001,3.841650056632194,0.01655603467016045
252.60000000000002,3.8575569198975237,0.0,0.09000000000000001,3.841650056632194,0.01590686326532982
252.8,3.856933202867563,0.0,0.09000000000000001,3.841650056632194,0.015283146235368967
253.0,3.856333942132157,0.0,0.09000000000000001,3.841650056632194,0.014683885499963122
253.20000000000002,3.8557581787462807,0.0,0.09000000000000001,3.841650056632194,0.014108122114086451
253.4,3.85520499136568,0.0,0.09000000000000001,3.841650056632194,0.013554934733485641
253.60000000000002,3.854673494772526,0.0,0.09000000000000001,3.841650056632194,0.013023438140331972
253.8,3.8541628384588784,0.0,0.09000000000000001,3.841650056632194,0.012512781826684558
254.0,3.8536722052656898,0.0,0.09000000000000001,3.841650056632194,0.012022148633495667
254.20000000000002,3.853200810075176,0.0,0.09000000000000001,3.841650056632194,0.011550753442982132
254.4,3.8527478985544636,0.0,0.09000000000000001,3.841650056632194,0.011097841922269595
254.60000000000002,3.8523127459484927,0.0,0.09000000000000001,3.841650056632194,0.010662689316298508
254.8,3.851894655920256,0.0,0.09000000000000001,3.841650056632194,0.010244599288061935
255.0,3.8514929594365115,0.0,0.09000000000000001,3.841650056632194,0.009842902804317339
255.20000000000002,3.851107013697185,0.0,0.09000000000000001,3.841650056632194,0.009456957064990853
255.4,3.8507362011067543,0.0,0.09000000000000001,3.841650056632194,0.009086144474560184
255.60000000000002,3.850379928285964,0.0,0.09000000000000001,3.841650056632194,0.00872987165376963
255.8,3.850037625122291,0.0,0.09000000000000001,3.841650056632194,0.008387568490097107
256.0,3.8497087438576463,0.0,0.09000000000000001,3.841650056632194,0.008058687225452115
256.2,3.8493927582118403,0.0,0.09000000000000001,3.841650056632194,0.007742701579646147
256.40000000000003,3.849089162540426,0.0,0.09000000000000001,3.841650056632194,0.0074391059082319615
256.6,3.848797471025559,0.0,0.09000000000000001,3.841650056632194,0.0071474143933649365
256.8,3.8485172168985846,0.0,0.09000000000000001,3.841650056632194,0.006867160266390356
257.0,3.8482479516931085,0.0,0.09000000000000001,3.841650056632194,0.006597895060914323
257.2,3.847989244527356,0.0,0.09000000000000001,3.841650056632194,0.006339187895161771
257.40000000000003,3.8477406814146677,0.0,0.09000000000000001,3.841650056632194,0.006090624782473619
257.6,3.847501864601034,0.0,0.09000000000000001,3.841650056632194,0.0058518079688400825
257.8,3.847272411928603,0.0,0.09000000000000001,3.841650056632194,0.005622355296408971
258.0,3.847051956224146,0.0,0.09000000000000001,3.841650056632194,0.0054018995919518815
258.2,3.8468401447115026,0.0,0.09000000000000001,3.841650056632194,0.005190088079308624
258.40000000000003,3.8466366384470643,0.0,0.09000000000000001,3.841650056632194,0.004986581814870046
258.6,3.84644111177739,0.0,0.09000000000000001,3.841650056632194,0.004791055145196176
258.8,3.8462532518180947,0.0,0.09000000000000001,3.841650056632194,0.004603195185900897
259.0,3.8460727579531646,0.0,0.09000000000000001,3.841650056632194,0.004422701320970408
259.2,3.8458993413539075,0.0,0.09000000000000001,3.841650056632194,0.004249284721713407
259.40000000000003,3.8457327245167674,0.0,0.09000000000000001,3.841650056632194,0.004082667884573523
259.6,3.8455726408192588,0.0,0.09000000000000001,3.841650056632194,0.003922584187064606
259.8,3.8454188340933118,0.0,0.09000000000000001,3.841650056632194,0.003768777461117583
260.0,3.845271058215351,0.0,0.09000000000000001,3.841650056632194,0.0036210015831570873
260.2,3.8451290767124453,0.0,0.09000000000000001,3.841650056632194,0.00347902008025118
260.40000000000003,3.8449926623838984,0.0,0.09000000000000001,3.841650056632194,0.0033426057517041714
260.6,3.8448615969376814,0.0,0.09000000000000001,3.841650056632194,0.0032115403054871878
260.8,3.844735670641118,0.0,0.09000000000000001,3.841650056632194,0.0030856140089241227
261.0,3.8446146819852687,0.0,0.09000000000000001,3.841650056632194,0.0029646253530747663
261.2,3.8444984373624713,0.0,0.09000000000000001,3.841650056632194,0.0028483807302774693
261.40000000000003,3.8443867507565295,0.0,0.09000000000000001,3.841650056632194,0.0027366941243355497
261.6,3.844279443445046,0.0,0.09000000000000001,3.841650056632194,0.002629386812851817
261.8,3.8441763437134284,0.0,0.09000000000000001,3.841650056632194,0.002526287081234418
262.0,3.844077286580111,0.0,0.09000000000000001,3.841650056632194,0.0024272299479169814
262.2,3.843982113532547,0.0,0.09000000000000001,3.841650056632194,0.0023320569003528846
262.40000000000003,3.8438906722735555,0.0,0.09000000000000001,3.841650056632194,0.002240615641361333
262.6,3.8438028164776137,0.0,0.09000000000000001,3.841650056632194,0.002152759845419483
262.8,3.843718405556704,0.0,0.09000000000000001,3.841650056632194,0.0020683489245102316
263.0,3.8436373044353456,0.0,0.09000000000000001,3.841650056632194,0.0019872478031515007
263.2,3.8435593833344406,0.0,0.09000000000000001,3.841650056632194,0.0019093267022466211
263.40000000000003,3.843484517563604,0.0,0.09000000000000001,3.841650056632194,0.0018344609314100693
263.6,3.8434125873216303,0.0,0.09000000000000001,3.841650056632194,0.001762530689436333
263.8,3.8433434775047863,0.0,0.09000000000000001,3.841650056632194,0.0016934208725922957
264.0,3.843277077522621,0.0,0.09000000000000001,3.841650056632194,0.0016270208904267934
264.2,3.8432132811209962,0.0,0.09000000000000001,3.841650056632194,0.0015632244888022758
264.40000000000003,3.84315198621206,0.0,0.09000000000000001,3.841650056632194,0.0015019295798655021
264.6,3.8430930947108792,0.0,0.09000000000000001,3.841650056632194,0.0014430380786852636
264.8,3.8430365123784895,0.0,0.09000000000000001,3.841650056632194,0.0013864557462954636
265.0,3.8429821486710867,0.0,0.09000000000000001,3.841650056632194,0.0013320920388927371
265.2,3.842929916595141,0.0,0.09000000000000001,3.841650056632194,0.0012798599629470304
265.40000000000003,3.8428797325681874,0.0,0.09000000000000001,3.841650056632194,0.0012296759359933793
265.6,3.8428315162850764,0.0,0.09000000000000001,3.841650056632194,0.0011814596528821897
265.8,3.842785190589468,0.0,0.09000000000000001,3.841650056632194,0.00113513395727378
266.0,3.842740681350366,0.0,0.09000000000000001,3.841650056632194,0.0010906247181718348
266.2,3.842697917343492,0.0,0.09000000000000001,3.841650056632194,0.0010478607112979802
266.40000000000003,3.8426568301373116,0.0,0.09000000000000001,3.841650056632194,0.0010067735051177318
266.6,3.8426173539835293,0.0,0.09000000000000001,3.841650056632194,0.0009672973513354863
266.8,3.842579425711877,0.0,0.09000000000000001,3.841650056632194,0.0009293690796831518
267.0,3.8425429846290284,0.0,0.09000000000000001,3.841650056632194,0.0008929279968342882
267.2,3.8425079724214757,0.0,0.09000000000000001,3.841650056632194,0.0008579157892818252
267.40000000000003,3.842474333062218,0.0,0.09000000000000001,3.841650056632194,0.0008242764300240001
267.6,3.8424420127211034,0.0,0.09000000000000001,3.841650056632194,0.00079195608890924
267.8,3.8424109596786904,0.0,0.09000000000000001,3.841650056632194,0.0007609030464963779
268.0,3.8423811242434867,0.0,0.09000000000000001,3.841650056632194,0.0007310676112925507
268.2,3.8423524586724302,0.0,0.09000000000000001,3.841650056632194,0.0007024020402362
268.40000000000003,3.842324917094492,0.0,0.09000000000000001,3.841650056632194,0.0006748604622979801
268.6,3.8422984554372714,0.0,0.09000000000000001,3.841650056632194,0.0006483988050773553
268.8,3.8422730313564712,0.0,0.09000000000000001,3.841650056632194,0.0006229747242773101
269.0,3.8422486041681387,0.0,0.09000000000000001,3.841650056632194,0.0005985475359444714
269.2,3.8422251347835603,0.0,0.09000000000000001,3.841650056632194,0.0005750781513660949
269.40000000000003,3.8422025856467137,0.0,0.09000000000000001,3.841650056632194,0.0005525290145197802
269.6,3.8421809206741697,0.0,0.09000000000000001,3.841650056632194,0.0005308640419758467
269.8,3.84216010519735,0.0,0.09000000000000001,3.841650056632194,0.0005100485651561102
270.0,3.8761401059070506,0.1,0.09000000000000001,3.841650056632194,0.0004900492748567874
270.2,3.8817424584094824,0.1,0.09033333333333332,3.8439387265694838,0.0038037318399989977
270.40000000000003,3.887211660070813,0.1,0.09066666666666673,3.8462241770175214,0.006987483053291705
270.6,3.8925529130840073,0.1,0.09100000000000004,3.8485065154880966,0.010046397595910857
270.8,3.8977712169868397,0.1,0.09133333333333335,3.8507858466031113,0.012985370383728805
271.0,3.902871376518313,0.1,0.09166666666666666,3.853062272118093,0.015809104400220358
271.2,3.9078580091726605,0.1,0.092,3.85533589095042,0.01852211822224062
271.40000000000003,3.912735552462495,0.1,0.09233333333333339,3.8576067992117826,0.021128753250712694
271.6,3.9175082709022004,0.1,0.0926666666666667,3.859875090244408,0.023633180657792463
271.8,3.922180262722269,0.1,0.09300000000000003,3.862140854660631,0.026039408061638347
272.0,3.9267554663248405,0.1,0.09333333333333334,3.8644041803853884,0.02835128593945239
272.2,3.9312376664903455,0.1,0.09366666666666665,3.8666651527012794,0.030572513789066013
272.40000000000003,3.9356305003447627,0.1,0.09400000000000007,3.8689238542958364,0.032706646048926404
272.6,3.9399374630966264,0.1,0.09433333333333338,3.8711803653106727,0.034757097785953955
272.8,3.9441619135526134,0.1,0.09466666666666669,3.873434763392232,0.03672715016038157
273.0,3.948307079420141,0.1,0.095,3.8756871237438326,0.03861995567630858
273.2,3.9523760624051527,0.1,0.09533333333333331,3.877937519178772,0.040438543226380526
273.40000000000003,3.956371843112917,0.1,0.09566666666666673,3.880186020174253,0.04218582293866404
273.6,3.960297285759379,0.1,0.09600000000000004,3.8824326949259085,0.04386459083347066
273.8,3.9641551427003274,0.1,0.09633333333333335,3.884677609402739,0.04547753329758885
274.0,3.9679480587853484,0.1,0.09666666666666668,3.8869208274022746,0.047027231383073936
274.2,3.971678575543288,0.1,0.09699999999999999,3.8891624106058056,0.048516164937482585
274.40000000000003,3.975349135205686,0.1,0.0973333333333334,3.8914024186335276,0.04994671657215835
274.6,3.9789620845743845,0.1,0.09766666666666672,3.893640909099468,0.05132117547491652
274.8,3.9825196787393193,0.1,0.09800000000000003,3.895877937666084,0.05264174107323546
275.0,3.986024084652212,0.1,0.09833333333333334,3.898113558098404,0.053910526553808166
275.2,3.9894773845617304,0.1,0.09866666666666665,3.9003478223176384,0.05512956224409223
275.40000000000003,3.9928815793154264,0.1,0.09900000000000006,3.9025807804541595,0.05630079886126726
275.6,3.9962385915335714,0.1,0.09933333333333337,3.9048124808997744,0.05742611063379719
275.8,3.999550268659837,0.1,0.0996666666666667,3.9070429703592398,0.05850729830059773
276.0,3.968818385893545,0.0,0.1,3.909272293900943,0.059546091992601434
276.2,3.9664835502302274,0.0,0.1,3.909272293900943,0.0572112563292843
276.40000000000003,3.9642402647827555,0.0,0.1,3.909272293900943,0.05496797088181237
276.6,3.962084939815821,0.0,0.1,3.909272293900943,0.05281264591487786
276.8,3.960014126349649,0.0,0.1,3.909272293900943,0.05074183244870585
277.0,3.9580245106408967,0.0,0.1,3.909272293900943,0.04875221673995336
277.2,3.956112908879956,0.0,0.1,3.909272293900943,0.0468406149790124
277.40000000000003,3.954276262096178,0.0,0.1,3.909272293900943,0.04500396819523483
277.6,3.952511631262872,0.0,0.1,3.909272293900943,0.04323933736192876
277.8,3.950816192594229,0.0,0.1,3.909272293900943,0.04154389869328572
278.0,3.949187233026666,0.0,0.1,3.909272293900943,0.03991493912572301
278.2,3.9476221458773457,0.0,0.1,3.909272293900943,0.03834985197640262
278.40000000000003,3.9461184266729252,0.0,0.1,3.909272293900943,0.036846132771982155
278.6,3.944673669141868,0.0,0.1,3.909272293900943,0.035401375240924855
278.8,3.9432855613638926,0.0,0.1,3.909272293900943,0.034013267462949213
279.0,3.9419518820704083,0.0,0.1,3.909272293900943,0.032679588169465014
279.2,3.9406704970900126,0.0,0.1,3.909272293900943,0.03139820318906926
279.40000000000003,3.9394393559333594,0.0,0.1,3.909272293900943,0.030167062032416266
279.6,3.938256488511942,0.0,0.1,3.909272293900943,0.028984194610998635
279.8,3.9371200019855266,0.0,0.1,3.909272293900943,0.02784770808458323
280.0,3.9360280777332077,0.0,0.1,3.909272293900943,0.0267557838322644
280.2,3.9349789684432253,0.0,0.1,3.909272293900943,0.02570667454228217
280.40000000000003,3.9339709953168938,0.0,0.1,3.909272293900943,0.024698701415950368
280.6,3.933002545382165,0.0,0.1,3.909272293900943,0.0237302514812217
280.8,3.9320720689125297,0.0,0.1,3.909272293900943,0.022799775011586636
281.0,3.9311780769471247,0.0,0.1,3.909272293900943,0.021905783046181525
281.2,3.9303191389080765,0.0,0.1,3.909272293900943,0.021046845007133268
281.40000000000003,3.9294938803112727,0.0,0.1,3.909272293900943,0.020221586410329263
281.6,3.9287009805668935,0.0,0.1,3.909272293900943,0.01942868666595054
281.8,3.927939170866188,0.0,0.1,3.909272293900943,0.01866687696524488
282.0,3.9272072321511065,0.0,0.1,3.909272293900943,0.01793493825016309
282.2,3.926503993163549,0.0,0.1,3.909272293900943,0.017231699262605784
282.40000000000003,3.9258283285711038,0.0,0.1,3.909272293900943,0.016556034670160362
282.6,3.925179157166273,0.0,0.1,3.909272293900943,0.015906863265329828
282.8,3.924555440136312,0.0,0.1,3.909272293900943,0.015283146235368974
283.0,3.923956179400906,0.0,0.1,3.909272293900943,0.014683885499963129
283.2,3.92338041601503,0.0,0.1,3.909272293900943,0.014108122114086538
283.40000000000003,3.922827228634429,0.0,0.1,3.909272293900943,0.01355493473348557
283.6,3.9222957320412752,0.0,0.1,3.909272293900943,0.013023438140331977
283.8,3.9217850757276276,0.0,0.1,3.909272293900943,0.012512781826684563
284.0,3.921294442534439,0.0,0.1,3.909272293900943,0.01202214863349567
284.2,3.9208230473439256,0.0,0.1,3.909272293900943,0.0115507534429822
284.40000000000003,3.920370135823213,0.0,0.1,3.909272293900943,0.011097841922269534
284.6,3.919934983217242,0.0,0.1,3.909272293900943,0.010662689316298511
284.8,3.919516893189005,0.0,0.1,3.909272293900943,0.010244599288061939
285.0,3.9191151967052607,0.0,0.1,3.909272293900943,0.009842902804317342
285.2,3.918729250965934,0.0,0.1,3.909272293900943,0.00945695706499091
285.40000000000003,3.9183584383755035,0.0,0.1,3.909272293900943,0.009086144474560135
285.6,3.918002165554713,0.0,0.1,3.909272293900943,0.008729871653769632
285.8,3.9176598623910404,0.0,0.1,3.909272293900943,0.008387568490097108
286.0,3.9173309811263954,0.0,0.1,3.909272293900943,0.008058687225452117
286.2,3.9170149954805895,0.0,0.1,3.909272293900943,0.007742701579646149
286.40000000000003,3.9167113998091754,0.0,0.1,3.909272293900943,0.007439105908231963
286.6,3.916419708294308,0.0,0.1,3.909272293900943,0.007147414393364938
286.8,3.9161394541673338,0.0,0.1,3.909272293900943,0.0068671602663903574
287.0,3.9158701889618577,0.0,0.1,3.909272293900943,0.006597895060914325
287.2,3.915611481796105,0.0,0.1,3.909272293900943,0.006339187895161772
287.40000000000003,3.915362918683417,0.0,0.1,3.909272293900943,0.006090624782473621
287.6,3.9151241018697833,0.0,0.1,3.909272293900943,0.005851807968840084
287.8,3.914894649197352,0.0,0.1,3.909272293900943,0.005622355296408973
288.0,3.9146741934928952,0.0,0.1,3.909272293900943,0.005401899591951883
288.2,3.9144623819802518,0.0,0.1,3.909272293900943,0.0051900880793086255
288.40000000000003,3.9142588757158134,0.0,0.1,3.909272293900943,0.004986581814870048
288.6,3.9140633490461396,0.0,0.1,3.909272293900943,0.004791055145196178
288.8,3.913875489086844,0.0,0.1,3.909272293900943,0.004603195185900899
289.0,3.9136949952219138,0.0,0.1,3.909272293900943,0.0044227013209704085
289.2,3.9135215786226567,0.0,0.1,3.909272293900943,0.004249284721713408
289.40000000000003,3.9133549617855166,0.0,0.1,3.909272293900943,0.004082667884573524
289.6,3.913194878088008,0.0,0.1,3.909272293900943,0.003922584187064607
289.8,3.913041071362061,0.0,0.1,3.909272293900943,0.003768777461117584
290.0,3.9128932954841003,0.0,0.1,3.909272293900943,0.003621001583157088
290.2,3.9127513139811945,0.0,0.1,3.909272293900943,0.003479020080251181
290.40000000000003,3.9126148996526475,0.0,0.1,3.909272293900943,0.0033426057517041722
290.6,3.9124838342064305,0.0,0.1,3.909272293900943,0.0032115403054871886
290.8,3.9123579079098674,0.0,0.1,3.909272293900943,0.0030856140089241236
291.0,3.912236919254018,0.0,0.1,3.909272293900943,0.002964625353074767
291.2,3.9121206746312205,0.0,0.1,3.909272293900943,0.00284838073027747
291.40000000000003,3.9120089880252786,0.0,0.1,3.909272293900943,0.0027366941243355506
291.6,3.911901680713795,0.0,0.1,3.909272293900943,0.002629386812851818
291.8,3.9117985809821776,0.0,0.1,3.909272293900943,0.002526287081234419
292.0,3.9116995238488603,0.0,0.1,3.909272293900943,0.0024272299479169823
292.2,3.911604350801296,0.0,0.1,3.909272293900943,0.0023320569003528854
292.40000000000003,3.9115129095423047,0.0,0.1,3.909272293900943,0.002240615641361334
292.6,3.911425053746363,0.0,0.1,3.909272293900943,0.0021527598454194837
292.8,3.9113406428254534,0.0,0.1,3.909272293900943,0.0020683489245102325
293.0,3.9112595417040947,0.0,0.1,3.909272293900943,0.0019872478031515016
293.2,3.9111816206031897,0.0,0.1,3.909272293900943,0.001909326702246622
293.40000000000003,3.9111067548323533,0.0,0.1,3.909272293900943,0.0018344609314100702
293.6,3.9110348245903794,0.0,0.1,3.909272293900943,0.0017625306894363338
293.8,3.9109657147735355,0.0,0.1,3.909272293900943,0.0016934208725922965
294.0,3.91089931479137,0.0,0.1,3.909272293900943,0.001627020890426794
294.2,3.9108355183897454,0.0,0.1,3.909272293900943,0.0015632244888022764
294.40000000000003,3.910774223480809,0.0,0.1,3.909272293900943,0.0015019295798655028
294.6,3.9107153319796284,0.0,0.1,3.909272293900943,0.001443038078685264
294.8,3.9106587496472387,0.0,0.1,3.909272293900943,0.001386455746295464
295.0,3.910604385939836,0.0,0.1,3.909272293900943,0.0013320920388927376
295.2,3.91055215386389,0.0,0.1,3.909272293900943,0.0012798599629470309
295.40000000000003,3.9105019698369365,0.0,0.1,3.909272293900943,0.0012296759359933798
295.6,3.9104537535538255,0.0,0.1,3.909272293900943,0.00118145965288219
295.8,3.910407427858217,0.0,0.1,3.909272293900943,0.0011351339572737804
296.0,3.910362918619115,0.0,0.1,3.909272293900943,0.0010906247181718353
296.2,3.9103201546122413,0.0,0.1,3.909272293900943,0.0010478607112979807
296.40000000000003,3.910279067406061,0.0,0.1,3.909272293900943,0.0010067735051177322
296.6,3.9102395912522785,0.0,0.1,3.909272293900943,0.0009672973513354867
296.8,3.910201662980626,0.0,0.1,3.909272293900943,0.0009293690796831522
297.0,3.9101652218977776,0.0,0.1,3.909272293900943,0.0008929279968342886
297.2,3.910130209690225,0.0,0.1,3.909272293900943,0.0008579157892818256
297.40000000000003,3.910096570330967,0.0,0.1,3.909272293900943,0.0008242764300240004
297.6,3.9100642499898526,0.0,0.1,3.909272293900943,0.0007919560889092403
297.8,3.9100331969474396,0.0,0.1,3.909272293900943,0.0007609030464963782
298.0,3.910003361512236,0.0,0.1,3.909272293900943,0.0007310676112925509
298.2,3.9099746959411794,0.0,0.1,3.909272293900943,0.0007024020402362002
298.40000000000003,3.909947154363241,0.0,0.1,3.909272293900943,0.0006748604622979803
298.6,3.9099206927060206,0.0,0.1,3.909272293900943,0.0006483988050773555
298.8,3.9098952686252204,0.0,0.1,3.909272293900943,0.0006229747242773103
299.0,3.909870841436888,0.0,0.1,3.909272293900943,0.0005985475359444716
299.2,3.9098473720523095,0.0,0.1,3.909272293900943,0.0005750781513660951
299.40000000000003,3.909824822915463,0.0,0.1,3.909272293900943,0.0005525290145197804
299.6,3.909803157942919,0.0,0.1,3.909272293900943,0.0005308640419758469
299.8,3.9097823424660993,0.0,0.1,3.909272293900943,0.0005100485651561104
300.0,3.9437623431757998,0.1,0.1,3.909272293900943,0.0004900492748567876
300.2,3.9493042268467087,0.1,0.10033333333333333,3.91150049500671,0.003803731839998998
300.40000000000003,3.954715098673981,0.1,0.10066666666666672,3.9137276156206897,0.006987483053291705
300.6,3.9600000937932025,0.1,0.10100000000000003,3.915953696197292,0.010046397595910857
300.8,3.965164146131863,0.1,0.10133333333333336,3.918178775748135,0.012985370383728805
301.0,3.970211996288206,0.1,0.10166666666666667,3.920402891887986,0.015809104400220358
301.2,3.9751481991019153,0.1,0.102,3.9226260808796747,0.01852211822224062
301.40000000000003,3.9799771309286753,0.1,0.1023333333333334,3.924848377677963,0.021128753250712694
301.6,3.9847029966301566,0.1,0.10266666666666671,3.9270698159723643,0.023633180657792463
301.8,3.9893298362905396,0.1,0.10300000000000002,3.9292904282289016,0.026039408061638347
302.0,3.993861531670263,0.1,0.10333333333333333,3.9315102457308106,0.02835128593945239
302.2,3.9983018124072385,0.1,0.10366666666666664,3.9337292986181724,0.030572513789066013
302.40000000000003,4.002654261975424,0.1,0.10400000000000006,3.9359476159264983,0.032706646048926404
302.6,4.006922323410205,0.1,0.10433333333333338,3.9381652256242505,0.034757097785953955
302.8,4.0111093048097155,0.1,0.10466666666666669,3.9403821546493343,0.03672715016038157
303.0,4.015218384620852,0.1,0.10500000000000001,3.9425984289445433,0.03861995567630858
303.2,4.019252616718365,0.1,0.10533333333333332,3.944814073491985,0.040438543226380526
303.40000000000003,4.023214935285168,0.1,0.10566666666666673,3.9470291123465038,0.04218582293866404
303.6,4.02710815950157,0.1,0.10600000000000005,3.9492435686681,0.04386459083347066
303.8,4.030934998050967,0.1,0.10633333333333336,3.951457464753379,0.04547753329758885
304.0,4.034698053449107,0.1,0.10666666666666667,3.9536708220660333,0.047027231383073936
304.2,4.038399826203865,0.1,0.10699999999999998,3.955883661266383,0.048516164937482585
304.40000000000003,4.0420427188121515,0.1,0.1073333333333334,3.958096002239993,0.04994671657215835
304.6,4.045629039600291,0.1,0.10766666666666672,3.960307864125375,0.05132117547491652
304.8,4.049161006414055,0.1,0.10800000000000003,3.9625192653408194,0.05264174107323546
305.0,4.0526407501641515,0.1,0.10833333333333334,3.9647302236103434,0.053910526553808166
305.2,4.056070318232897,0.1,0.10866666666666666,3.966940755988805,0.05512956224409223
305.40000000000003,4.059451677747451,0.1,0.10900000000000006,3.9691508788861842,0.05630079886126726
305.6,4.062786718724857,0.1,0.10933333333333337,3.9713606080910604,0.05742611063379719
305.8,4.066077257093909,0.1,0.1096666666666667,3.9735699587933104,0.05850729830059773
306.0,4.035325037598636,0.0,0.11000000000000001,3.975778945606034,0.059546091992601434
306.2,4.032990201935318,0.0,0.11000000000000001,3.975778945606034,0.0572112563292843
306.40000000000003,4.030746916487846,0.0,0.11000000000000001,3.975778945606034,0.05496797088181237
306.6,4.028591591520912,0.0,0.11000000000000001,3.975778945606034,0.05281264591487786
306.8,4.026520778054739,0.0,0.11000000000000001,3.975778945606034,0.05074183244870585
307.0,4.024531162345987,0.0,0.11000000000000001,3.975778945606034,0.04875221673995336
307.20000000000005,4.022619560585046,0.0,0.11000000000000001,3.975778945606034,0.046840614979011874
307.40000000000003,4.020782913801269,0.0,0.11000000000000001,3.975778945606034,0.045003968195234834
307.6,4.019018282967963,0.0,0.11000000000000001,3.975778945606034,0.04323933736192877
307.8,4.017322844299319,0.0,0.11000000000000001,3.975778945606034,0.04154389869328573
308.0,4.015693884731757,0.0,0.11000000000000001,3.975778945606034,0.03991493912572302
308.20000000000005,4.014128797582436,0.0,0.11000000000000001,3.975778945606034,0.03834985197640219
308.40000000000003,4.012625078378016,0.0,0.11000000000000001,3.975778945606034,0.03684613277198216
308.6,4.011180320846959,0.0,0.11000000000000001,3.975778945606034,0.035401375240924855
308.8,4.009792213068983,0.0,0.11000000000000001,3.975778945606034,0.034013267462949213
309.0,4.0084585337754985,0.0,0.11000000000000001,3.975778945606034,0.032679588169465014
309.20000000000005,4.007177148795103,0.0,0.11000000000000001,3.975778945606034,0.031398203189068906
309.40000000000003,4.0059460076384505,0.0,0.11000000000000001,3.975778945606034,0.03016706203241627
309.6,4.004763140217032,0.0,0.11000000000000001,3.975778945606034,0.028984194610998635
309.8,4.003626653690617,0.0,0.11000000000000001,3.975778945606034,0.02784770808458323
310.0,4.002534729438298,0.0,0.11000000000000001,3.975778945606034,0.0267557838322644
310.20000000000005,4.0014856201483155,0.0,0.11000000000000001,3.975778945606034,0.025706674542281878
310.40000000000003,4.0004776470219845,0.0,0.11000000000000001,3.975778945606034,0.024698701415950368
310.6,3.9995091970872556,0.0,0.11000000000000001,3.975778945606034,0.0237302514812217
310.8,3.9985787206176204,0.0,0.11000000000000001,3.975778945606034,0.022799775011586636
311.0,3.9976847286522155,0.0,0.11000000000000001,3.975778945606034,0.021905783046181525
311.20000000000005,3.996825790613167,0.0,0.11000000000000001,3.975778945606034,0.02104684500713303
311.40000000000003,3.9960005320163634,0.0,0.11000000000000001,3.975778945606034,0.020221586410329263
311.6,3.9952076322719843,0.0,0.11000000000000001,3.975778945606034,0.01942868666595054
311.8,3.994445822571279,0.0,0.11000000000000001,3.975778945606034,0.01866687696524488
312.0,3.993713883856197,0.0,0.11000000000000001,3.975778945606034,0.01793493825016309
312.20000000000005,3.9930106448686393,0.0,0.11000000000000001,3.975778945606034,0.017231699262605586
312.40000000000003,3.9923349802761945,0.0,0.11000000000000001,3.975778945606034,0.016556034670160362
312.6,3.9916858088713636,0.0,0.11000000000000001,3.975778945606034,0.015906863265329828
312.8,3.991062091841403,0.0,0.11000000000000001,3.975778945606034,0.015283146235368974
313.0,3.990462831105997,0.0,0.11000000000000001,3.975778945606034,0.014683885499963129
313.20000000000005,3.98988706772012,0.0,0.11000000000000001,3.975778945606034,0.014108122114086378
313.40000000000003,3.9893338803395197,0.0,0.11000000000000001,3.975778945606034,0.01355493473348557
313.6,3.988802383746366,0.0,0.11000000000000001,3.975778945606034,0.013023438140331977
313.8,3.9882917274327183,0.0,0.11000000000000001,3.975778945606034,0.012512781826684563
314.0,3.9878010942395297,0.0,0.11000000000000001,3.975778945606034,0.01202214863349567
314.20000000000005,3.987329699049016,0.0,0.11000000000000001,3.975778945606034,0.01155075344298207
314.40000000000003,3.9868767875283035,0.0,0.11000000000000001,3.975778945606034,0.011097841922269534
314.6,3.9864416349223326,0.0,0.11000000000000001,3.975778945606034,0.010662689316298511
314.8,3.986023544894096,0.0,0.11000000000000001,3.975778945606034,0.010244599288061939
315.0,3.9856218484103514,0.0,0.11000000000000001,3.975778945606034,0.009842902804317342
315.20000000000005,3.985235902671025,0.0,0.11000000000000001,3.975778945606034,0.009456957064990803
315.40000000000003,3.984865090080594,0.0,0.11000000000000001,3.975778945606034,0.009086144474560135
315.6,3.9845088172598038,0.0,0.11000000000000001,3.975778945606034,0.008729871653769632
315.8,3.984166514096131,0.0,0.11000000000000001,3.975778945606034,0.008387568490097108
316.0,3.983837632831486,0.0,0.11000000000000001,3.975778945606034,0.008058687225452117
316.20000000000005,3.98352164718568,0.0,0.11000000000000001,3.975778945606034,0.0077427015796460615
316.40000000000003,3.983218051514266,0.0,0.11000000000000001,3.975778945606034,0.007439105908231963
316.6,3.9829263599993987,0.0,0.11000000000000001,3.975778945606034,0.007147414393364938
316.8,3.9826461058724245,0.0,0.11000000000000001,3.975778945606034,0.0068671602663903574
317.0,3.9823768406669484,0.0,0.11000000000000001,3.975778945606034,0.006597895060914325
317.20000000000005,3.9821181335011957,0.0,0.11000000000000001,3.975778945606034,0.0063391878951617004
317.40000000000003,3.9818695703885076,0.0,0.11000000000000001,3.975778945606034,0.00609062478247362
317.6,3.981630753574874,0.0,0.11000000000000001,3.975778945606034,0.005851807968840083
317.8,3.981401300902443,0.0,0.11000000000000001,3.975778945606034,0.005622355296408972
318.0,3.981180845197986,0.0,0.11000000000000001,3.975778945606034,0.005401899591951882
318.20000000000005,3.9809690336853425,0.0,0.11000000000000001,3.975778945606034,0.005190088079308566
318.40000000000003,3.980765527420904,0.0,0.11000000000000001,3.975778945606034,0.004986581814870047
318.6,3.9805700007512304,0.0,0.11000000000000001,3.975778945606034,0.004791055145196177
318.8,3.9803821407919346,0.0,0.11000000000000001,3.975778945606034,0.004603195185900898
319.0,3.9802016469270045,0.0,0.11000000000000001,3.975778945606034,0.004422701320970408
319.20000000000005,3.9800282303277474,0.0,0.11000000000000001,3.975778945606034,0.004249284721713358
319.40000000000003,3.9798616134906073,0.0,0.11000000000000001,3.975778945606034,0.004082667884573523
319.6,3.9797015297930987,0.0,0.11000000000000001,3.975778945606034,0.003922584187064606
319.8,3.9795477230671517,0.0,0.11000000000000001,3.975778945606034,0.003768777461117583
320.0,3.979399947189191,0.0,0.11000000000000001,3.975778945606034,0.0036210015831570873
320.20000000000005,3.979257965686285,0.0,0.11000000000000001,3.975778945606034,0.003479020080251141
320.40000000000003,3.9791215513577383,0.0,0.11000000000000001,3.975778945606034,0.003342605751704172
320.6,3.9789904859115213,0.0,0.11000000000000001,3.975778945606034,0.003211540305487188
320.8,3.978864559614958,0.0,0.11000000000000001,3.975778945606034,0.003085614008924123
321.0,3.9787435709591086,0.0,0.11000000000000001,3.975778945606034,0.0029646253530747667
321.20000000000005,3.978627326336311,0.0,0.11000000000000001,3.975778945606034,0.0028483807302774377
321.40000000000003,3.9785156397303694,0.0,0.11000000000000001,3.975778945606034,0.0027366941243355506
321.6,3.9784083324188857,0.0,0.11000000000000001,3.975778945606034,0.002629386812851818
321.8,3.9783052326872683,0.0,0.11000000000000001,3.975778945606034,0.002526287081234419
322.0,3.978206175553951,0.0,0.11000000000000001,3.975778945606034,0.0024272299479169823
322.20000000000005,3.978111002506387,0.0,0.11000000000000001,3.975778945606034,0.002332056900352859
322.40000000000003,3.9780195612473954,0.0,0.11000000000000001,3.975778945606034,0.002240615641361334
322.6,3.9779317054514536,0.0,0.11000000000000001,3.975778945606034,0.0021527598454194837
322.8,3.977847294530544,0.0,0.11000000000000001,3.975778945606034,0.0020683489245102325
323.0,3.9777661934091855,0.0,0.11000000000000001,3.975778945606034,0.0019872478031515016
323.20000000000005,3.9776882723082805,0.0,0.11000000000000001,3.975778945606034,0.0019093267022466003
323.40000000000003,3.977613406537444,0.0,0.11000000000000001,3.975778945606034,0.0018344609314100702
323.6,3.97754147629547,0.0,0.11000000000000001,3.975778945606034,0.0017625306894363338
323.8,3.9774723664786262,0.0,0.11000000000000001,3.975778945606034,0.0016934208725922965
324.0,3.9774059664964607,0.0,0.11000000000000001,3.975778945606034,0.001627020890426794
324.20000000000005,3.977342170094836,0.0,0.11000000000000001,3.975778945606034,0.0015632244888022589
324.40000000000003,3.9772808751858997,0.0,0.11000000000000001,3.975778945606034,0.0015019295798655028
324.6,3.977221983684719,0.0,0.11000000000000001,3.975778945606034,0.001443038078685264
324.8,3.9771654013523294,0.0,0.11000000000000001,3.975778945606034,0.001386455746295464
325.0,3.9771110376449266,0.0,0.11000000000000001,3.975778945606034,0.0013320920388927376
325.20000000000005,3.977058805568981,0.0,0.11000000000000001,3.975778945606034,0.0012798599629470166
325.40000000000003,3.9770086215420273,0.0,0.11000000000000001,3.975778945606034,0.00122967593599338
325.6,3.9769604052589163,0.0,0.11000000000000001,3.975778945606034,0.0011814596528821903
325.8,3.976914079563308,0.0,0.11000000000000001,3.975778945606034,0.0011351339572737806
326.0,3.976869570324206,0.0,0.11000000000000001,3.975778945606034,0.0010906247181718355
326.20000000000005,3.976826806317332,0.0,0.11000000000000001,3.975778945606034,0.001047860711297969
326.40000000000003,3.9767857191111515,0.0,0.11000000000000001,3.975778945606034,0.0010067735051177324
326.6,3.9767462429573692,0.0,0.11000000000000001,3.975778945606034,0.000967297351335487
326.8,3.976708314685717,0.0,0.11000000000000001,3.975778945606034,0.0009293690796831523
327.0,3.9766718736028683,0.0,0.11000000000000001,3.975778945606034,0.0008929279968342887
327.20000000000005,3.9766368613953156,0.0,0.11000000000000001,3.975778945606034,0.0008579157892818159
327.40000000000003,3.976603222036058,0.0,0.11000000000000001,3.975778945606034,0.0008242764300240004
327.6,3.9765709016949433,0.0,0.11000000000000001,3.975778945606034,0.0007919560889092403
327.8,3.9765398486525303,0.0,0.11000000000000001,3.975778945606034,0.0007609030464963782
328.0,3.9765100132173266,0.0,0.11000000000000001,3.975778945606034,0.0007310676112925509
328.20000000000005,3.97648134764627,0.0,0.11000000000000001,3.975778945606034,0.0007024020402361923
328.40000000000003,3.976453806068332,0.0,0.11000000000000001,3.975778945606034,0.0006748604622979803
328.6,3.9764273444111113,0.0,0.11000000000000001,3.975778945606034,0.0006483988050773555
328.8,3.976401920330311,0.0,0.11000000000000001,3.975778945606034,0.0006229747242773103
329.0,3.9763774931419786,0.0,0.11000000000000001,3.975778945606034,0.0005985475359444716
329.20000000000005,3.9763540237574,0.0,0.11000000000000001,3.975778945606034,0.0005750781513660886
329.40000000000003,3.9763314746205536,0.0,0.11000000000000001,3.975778945606034,0.0005525290145197804
329.6,3.9763098096480096,0.0,0.11000000000000001,3.975778945606034,0.0005308640419758469
329.8,3.97628899417119,0.0,0.11000000000000001,3.975778945606034,0.0005100485651561104
330.0,4.010268994880891,0.1,0.11000000000000001,3.975778945606034,0.0004900492748567876
330.20000000000005,4.015791314426743,0.1,0.11033333333333341,3.977987582586744,0.0038037318399999176
330.40000000000003,4.021183366311118,0.1,0.11066666666666673,3.9801958832578257,0.006987483053291705
330.6,4.026450258222213,0.1,0.11100000000000004,3.982403860626302,0.010046397595910857
330.8,4.031596897586639,0.1,0.11133333333333335,3.984611527202911,0.012985370383728805
331.0,4.0366279994207375,0.1,0.11166666666666666,3.9868188950205177,0.015809104400220358
331.20000000000005,4.041548093874135,0.1,0.11200000000000009,3.9890259756518933,0.018522118222241372
331.40000000000003,4.046361533477571,0.1,0.1123333333333334,3.991232780226858,0.021128753250712697
331.6,4.05107250010662,0.1,0.1126666666666667,3.993439319448828,0.023633180657792466
331.8,4.05568501167241,0.1,0.11300000000000002,3.9956456036107717,0.02603940806163835
332.0,4.060202928550054,0.1,0.11333333333333334,3.997851642610602,0.028351285939452395
332.20000000000005,4.064629959755081,0.1,0.11366666666666675,4.000057445966014,0.03057251378906663
332.40000000000003,4.068969668877717,0.1,0.11400000000000006,4.0022630228287905,0.032706646048926404
332.6,4.073225479784552,0.1,0.11433333333333338,4.004468381998598,0.034757097785953955
332.8,4.077400682096659,0.1,0.1146666666666667,4.006673531936277,0.03672715016038157
333.0,4.081498436452965,0.1,0.115,4.008878480776657,0.03861995567630858
333.20000000000005,4.0855217795672765,0.1,0.11533333333333343,4.0110832363408955,0.04043854322638104
333.40000000000003,4.089473629087039,0.1,0.11566666666666674,4.013287806148376,0.04218582293866405
333.6,4.0933567882616355,0.1,0.11600000000000005,4.015492197428165,0.04386459083347067
333.8,4.097173950427645,0.1,0.11633333333333336,4.017696417130056,0.04547753329758886
334.0,4.100927703318263,0.1,0.11666666666666667,4.019900471935189,0.04702723138307394
334.20000000000005,4.104620533203786,0.1,0.11700000000000008,4.0221043682663025,0.04851616493748301
334.40000000000003,4.108254828869739,0.1,0.11733333333333339,4.024308112297581,0.04994671657215835
334.6,4.111832885439073,0.1,0.11766666666666671,4.026511709964157,0.05132117547491652
334.8,4.115356908044488,0.1,0.11800000000000004,4.028715166971253,0.05264174107323546
335.0,4.118829015356782,0.1,0.11833333333333335,4.030918488802975,0.053910526553808166
335.20000000000005,4.1222512429748805,0.1,0.11866666666666674,4.033121680730789,0.05512956224409257
335.40000000000003,4.125625546682942,0.1,0.11900000000000006,4.035324747821675,0.05630079886126726
335.6,4.12895380557977,0.1,0.11933333333333337,4.0375276949459735,0.05742611063379719
335.8,4.132237825085541,0.1,0.11966666666666669,4.039730526784943,0.05850729830059773
336.0,4.10147933983063,0.0,0.12000000000000001,4.0419332478380285,0.059546091992601434
336.20000000000005,4.099144504167312,0.0,0.12000000000000001,4.0419332478380285,0.05721125632928366
336.40000000000003,4.096901218719841,0.0,0.12000000000000001,4.0419332478380285,0.05496797088181237
336.6,4.094745893752906,0.0,0.12000000000000001,4.0419332478380285,0.05281264591487786
336.8,4.092675080286734,0.0,0.12000000000000001,4.0419332478380285,0.05074183244870585
337.0,4.090685464577982,0.0,0.12000000000000001,4.0419332478380285,0.04875221673995336
337.20000000000005,4.088773862817041,0.0,0.12000000000000001,4.0419332478380285,0.046840614979011874
337.40000000000003,4.086937216033263,0.0,0.12000000000000001,4.0419332478380285,0.045003968195234834
337.6,4.085172585199957,0.0,0.12000000000000001,4.0419332478380285,0.04323933736192877
337.8,4.083477146531314,0.0,0.12000000000000001,4.0419332478380285,0.04154389869328573
338.0,4.081848186963752,0.0,0.12000000000000001,4.0419332478380285,0.03991493912572302
338.20000000000005,4.080283099814431,0.0,0.12000000000000001,4.0419332478380285,0.03834985197640219
338.40000000000003,4.078779380610011,0.0,0.12000000000000001,4.0419332478380285,0.03684613277198216
338.6,4.077334623078953,0.0,0.12000000000000001,4.0419332478380285,0.035401375240924855
338.8,4.075946515300978,0.0,0.12000000000000001,4.0419332478380285,0.034013267462949213
339.0,4.074612836007494,0.0,0.12000000000000001,4.0419332478380285,0.032679588169465014
339.20000000000005,4.073331451027097,0.0,0.12000000000000001,4.0419332478380285,0.031398203189068906
339.40000000000003,4.072100309870445,0.0,0.12000000000000001,4.0419332478380285,0.03016706203241627
339.6,4.070917442449027,0.0,0.12000000000000001,4.0419332478380285,0.028984194610998635
339.8,4.069780955922612,0.0,0.12000000000000001,4.0419332478380285,0.02784770808458323
340.0,4.068689031670293,0.0,0.12000000000000001,4.0419332478380285,0.0267557838322644
340.20000000000005,4.067639922380311,0.0,0.12000000000000001,4.0419332478380285,0.025706674542281878
340.40000000000003,4.066631949253979,0.0,0.12000000000000001,4.0419332478380285,0.024698701415950368
340.6,4.065663499319251,0.0,0.12000000000000001,4.0419332478380285,0.0237302514812217
340.8,4.064733022849615,0.0,0.12000000000000001,4.0419332478380285,0.022799775011586636
341.0,4.0638390308842105,0.0,0.12000000000000001,4.0419332478380285,0.021905783046181525
341.20000000000005,4.062980092845161,0.0,0.12000000000000001,4.0419332478380285,0.02104684500713303
341.40000000000003,4.062154834248358,0.0,0.12000000000000001,4.0419332478380285,0.020221586410329263
341.6,4.061361934503979,0.0,0.12000000000000001,4.0419332478380285,0.01942868666595054
341.8,4.0606001248032735,0.0,0.12000000000000001,4.0419332478380285,0.01866687696524488
342.0,4.059868186088192,0.0,0.12000000000000001,4.0419332478380285,0.01793493825016309
342.20000000000005,4.059164947100634,0.0,0.12000000000000001,4.0419332478380285,0.017231699262605586
342.40000000000003,4.058489282508189,0.0,0.12000000000000001,4.0419332478380285,0.016556034670160362
342.6,4.057840111103358,0.0,0.12000000000000001,4.0419332478380285,0.015906863265329828
342.8,4.057216394073397,0.0,0.12000000000000001,4.0419332478380285,0.015283146235368974
343.0,4.0566171333379915,0.0,0.12000000000000001,4.0419332478380285,0.014683885499963129
343.20000000000005,4.056041369952115,0.0,0.12000000000000001,4.0419332478380285,0.014108122114086378
343.40000000000003,4.055488182571514,0.0,0.12000000000000001,4.0419332478380285,0.01355493473348557
343.6,4.05495668597836,0.0,0.12000000000000001,4.0419332478380285,0.013023438140331977
343.8,4.054446029664713,0.0,0.12000000000000001,4.0419332478380285,0.012512781826684563
344.0,4.053955396471524,0.0,0.12000000000000001,4.0419332478380285,0.01202214863349567
344.20000000000005,4.053484001281011,0.0,0.12000000000000001,4.0419332478380285,0.01155075344298207
344.40000000000003,4.053031089760298,0.0,0.12000000000000001,4.0419332478380285,0.011097841922269534
344.6,4.052595937154327,0.0,0.12000000000000001,4.0419332478380285,0.010662689316298511
344.8,4.0521778471260905,0.0,0.12000000000000001,4.0419332478380285,0.010244599288061939
345.0,4.051776150642346,0.0,0.12000000000000001,4.0419332478380285,0.009842902804317342
345.20000000000005,4.0513902049030195,0.0,0.12000000000000001,4.0419332478380285,0.009456957064990803
345.40000000000003,4.051019392312589,0.0,0.12000000000000001,4.0419332478380285,0.009086144474560135
345.6,4.050663119491798,0.0,0.12000000000000001,4.0419332478380285,0.008729871653769632
345.8,4.050320816328125,0.0,0.12000000000000001,4.0419332478380285,0.008387568490097108
346.0,4.04999193506348,0.0,0.12000000000000001,4.0419332478380285,0.008058687225452117
346.20000000000005,4.049675949417675,0.0,0.12000000000000001,4.0419332478380285,0.0077427015796460615
346.40000000000003,4.049372353746261,0.0,0.12000000000000001,4.0419332478380285,0.007439105908231963
346.6,4.049080662231393,0.0,0.12000000000000001,4.0419332478380285,0.007147414393364938
346.8,4.048800408104419,0.0,0.12000000000000001,4.0419332478380285,0.0068671602663903574
347.0,4.048531142898943,0.0,0.12000000000000001,4.0419332478380285,0.006597895060914325
347.20000000000005,4.04827243573319,0.0,0.12000000000000001,4.0419332478380285,0.0063391878951617004
347.40000000000003,4.048023872620502,0.0,0.12000000000000001,4.0419332478380285,0.00609062478247362
347.6,4.047785055806869,0.0,0.12000000000000001,4.0419332478380285,0.005851807968840083
347.8,4.0475556031344375,0.0,0.12000000000000001,4.0419332478380285,0.005622355296408972
348.0,4.047335147429981,0.0,0.12000000000000001,4.0419332478380285,0.005401899591951882
348.20000000000005,4.0471233359173375,0.0,0.12000000000000001,4.0419332478380285,0.005190088079308566
348.40000000000003,4.046919829652898,0.0,0.12000000000000001,4.0419332478380285,0.004986581814870047
348.6,4.0467243029832245,0.0,0.12000000000000001,4.0419332478380285,0.004791055145196177
348.8,4.046536443023929,0.0,0.12000000000000001,4.0419332478380285,0.004603195185900898
349.0,4.046355949158999,0.0,0.12000000000000001,4.0419332478380285,0.004422701320970408
349.20000000000005,4.046182532559742,0.0,0.12000000000000001,4.0419332478380285,0.004249284721713358
349.40000000000003,4.046015915722602,0.0,0.12000000000000001,4.0419332478380285,0.004082667884573523
349.6,4.045855832025093,0.0,0.12000000000000001,4.0419332478380285,0.003922584187064606
349.8,4.045702025299146,0.0,0.12000000000000001,4.0419332478380285,0.003768777461117583
350.0,4.045554249421186,0.0,0.12000000000000001,4.0419332478380285,0.0036210015831570873
350.20000000000005,4.045412267918279,0.0,0.12000000000000001,4.0419332478380285,0.003479020080251141
350.40000000000003,4.045275853589732,0.0,0.12000000000000001,4.0419332478380285,0.003342605751704172
350.6,4.045144788143515,0.0,0.12000000000000001,4.0419332478380285,0.003211540305487188
350.8,4.045018861846953,0.0,0.12000000000000001,4.0419332478380285,0.003085614008924123
351.0,4.044897873191103,0.0,0.12000000000000001,4.0419332478380285,0.0029646253530747667
351.20000000000005,4.044781628568306,0.0,0.12000000000000001,4.0419332478380285,0.0028483807302774377
351.40000000000003,4.044669941962364,0.0,0.12000000000000001,4.0419332478380285,0.0027366941243355506
351.6,4.04456263465088,0.0,0.12000000000000001,4.0419332478380285,0.002629386812851818
351.8,4.044459534919263,0.0,0.12000000000000001,4.0419332478380285,0.002526287081234419
352.0,4.044360477785945,0.0,0.12000000000000001,4.0419332478380285,0.0024272299479169823
352.20000000000005,4.044265304738381,0.0,0.12000000000000001,4.0419332478380285,0.002332056900352859
352.40000000000003,4.04417386347939,0.0,0.12000000000000001,4.0419332478380285,0.002240615641361334
352.6,4.044086007683448,0.0,0.12000000000000001,4.0419332478380285,0.0021527598454194837
352.8,4.044001596762539,0.0,0.12000000000000001,4.0419332478380285,0.0020683489245102325
353.0,4.04392049564118,0.0,0.12000000000000001,4.0419332478380285,0.0019872478031515016
353.20000000000005,4.0438425745402755,0.0,0.12000000000000001,4.0419332478380285,0.0019093267022466003
353.40000000000003,4.043767708769439,0.0,0.12000000000000001,4.0419332478380285,0.0018344609314100702
353.6,4.043695778527465,0.0,0.12000000000000001,4.0419332478380285,0.0017625306894363338
353.8,4.043626668710621,0.0,0.12000000000000001,4.0419332478380285,0.0016934208725922965
354.0,4.043560268728456,0.0,0.12000000000000001,4.0419332478380285,0.001627020890426794
354.20000000000005,4.043496472326831,0.0,0.12000000000000001,4.0419332478380285,0.0015632244888022589
354.40000000000003,4.043435177417894,0.0,0.12000000000000001,4.0419332478380285,0.0015019295798655028
354.6,4.043376285916714,0.0,0.12000000000000001,4.0419332478380285,0.001443038078685264
354.8,4.043319703584324,0.0,0.12000000000000001,4.0419332478380285,0.001386455746295464
355.0,4.043265339876921,0.0,0.12000000000000001,4.0419332478380285,0.0013320920388927376
355.20000000000005,4.043213107800976,0.0,0.12000000000000001,4.0419332478380285,0.0012798599629470166
355.40000000000003,4.043162923774022,0.0,0.12000000000000001,4.0419332478380285,0.00122967593599338
355.6,4.04311470749091,0.0,0.12000000000000001,4.0419332478380285,0.0011814596528821903
355.8,4.043068381795302,0.0,0.12000000000000001,4.0419332478380285,0.0011351339572737806
356.0,4.0430238725562,0.0,0.12000000000000001,4.0419332478380285,0.0010906247181718355
356.20000000000005,4.042981108549326,0.0,0.12000000000000001,4.0419332478380285,0.001047860711297969
356.40000000000003,4.042940021343147,0.0,0.12000000000000001,4.0419332478380285,0.0010067735051177324
356.6,4.042900545189364,0.0,0.12000000000000001,4.0419332478380285,0.000967297351335487
356.8,4.042862616917712,0.0,0.12000000000000001,4.0419332478380285,0.0009293690796831523
357.0,4.042826175834863,0.0,0.12000000000000001,4.0419332478380285,0.0008929279968342887
357.20000000000005,4.04279116362731,0.0,0.12000000000000001,4.0419332478380285,0.0008579157892818159
357.40000000000003,4.042757524268053,0.0,0.12000000000000001,4.0419332478380285,0.0008242764300240004
357.6,4.0427252039269375,0.0,0.12000000000000001,4.0419332478380285,0.0007919560889092403
357.8,4.042694150884525,0.0,0.12000000000000001,4.0419332478380285,0.0007609030464963782
358.0,4.042664315449321,0.0,0.12000000000000001,4.0419332478380285,0.0007310676112925509
358.20000000000005,4.042635649878265,0.0,0.12000000000000001,4.0419332478380285,0.0007024020402361923
358.40000000000003,4.0426081083003265,0.0,0.12000000000000001,4.0419332478380285,0.0006748604622979803
358.6,4.0425816466431055,0.0,0.12000000000000001,4.0419332478380285,0.0006483988050773555
358.8,4.042556222562306,0.0,0.12000000000000001,4.0419332478380285,0.0006229747242773103
359.0,4.042531795373973,0.0,0.12000000000000001,4.0419332478380285,0.0005985475359444716
359.20000000000005,4.042508325989394,0.0,0.12000000000000001,4.0419332478380285,0.0005750781513660886
359.40000000000003,4.042485776852549,0.0,0.12000000000000001,4.0419332478380285,0.0005525290145197804
359.6,4.042464111880005,0.0,0.12000000000000001,4.0419332478380285,0.0005308640419758469
359.8,4.042443296403184,0.0,0.12000000000000001,4.0419332478380285,0.0005100485651561104
360.0,4.042423297112886,0.0,0.12000000000000001,4.0419332478380285,0.0004900492748567876
