stage,time_h,voltage_V,current_density_mA_cm2,passed_stage_capacity_mAh_cm2,active_inventory_mAh_cm2,trapped_inventory_mAh_cm2,cumulative_plated_mAh_cm2,cumulative_stripped_mAh_cm2
formation plate,0.0,-0.035,-0.5,0.0,0.0,0.0,0.0,0.0
formation plate,0.03333333333333333,-0.03516666666666667,-0.5,0.016666666666666666,0.016166666666666666,0.0005000000000000004,0.016666666666666666,0.0
formation plate,0.06666666666666667,-0.035333333333333335,-0.5,0.03333333333333333,0.03233333333333333,0.0010000000000000009,0.03333333333333333,0.0
formation plate,0.1,-0.035500000000000004,-0.5,0.05,0.0485,0.0015000000000000013,0.05,0.0
formation plate,0.13333333333333333,-0.03566666666666667,-0.5,0.06666666666666667,0.06466666666666666,0.0020000000000000018,0.06666666666666667,0.0
formation plate,0.16666666666666666,-0.035833333333333335,-0.5,0.08333333333333333,0.08083333333333333,0.0025000000000000022,0.08333333333333333,0.0
formation plate,0.2,-0.036000000000000004,-0.5,0.1,0.097,0.0030000000000000027,0.1,0.0
formation plate,0.23333333333333334,-0.03616666666666667,-0.5,0.11666666666666667,0.11316666666666667,0.003500000000000003,0.11666666666666667,0.0
formation plate,0.26666666666666666,-0.036333333333333336,-0.5,0.13333333333333333,0.12933333333333333,0.0040000000000000036,0.13333333333333333,0.0
formation plate,0.3,-0.036500000000000005,-0.5,0.15,0.1455,0.004500000000000004,0.15,0.0
formation plate,0.3333333333333333,-0.03666666666666667,-0.5,0.16666666666666666,0.16166666666666665,0.0050000000000000044,0.16666666666666666,0.0
formation plate,0.36666666666666664,-0.036833333333333336,-0.5,0.18333333333333332,0.17783333333333332,0.005500000000000005,0.18333333333333332,0.0
formation plate,0.4,-0.037000000000000005,-0.5,0.2,0.194,0.006000000000000005,0.2,0.0
formation plate,0.43333333333333335,-0.03716666666666667,-0.5,0.21666666666666667,0.21016666666666667,0.006500000000000006,0.21666666666666667,0.0
formation plate,0.4666666666666667,-0.037333333333333336,-0.5,0.23333333333333334,0.22633333333333333,0.007000000000000006,0.23333333333333334,0.0
formation plate,0.5,-0.037500000000000006,-0.5,0.25,0.2425,0.007500000000000007,0.25,0.0
formation plate,0.5333333333333333,-0.03766666666666667,-0.5,0.26666666666666666,0.25866666666666666,0.008000000000000007,0.26666666666666666,0.0
formation plate,0.5666666666666667,-0.03783333333333334,-0.5,0.2833333333333333,0.2748333333333333,0.008500000000000008,0.2833333333333333,0.0
formation plate,0.6,-0.038000000000000006,-0.5,0.3,0.291,0.009000000000000008,0.3,0.0
formation plate,0.6333333333333333,-0.03816666666666667,-0.5,0.31666666666666665,0.30716666666666664,0.009500000000000008,0.31666666666666665,0.0
formation plate,0.6666666666666666,-0.03833333333333334,-0.5,0.3333333333333333,0.3233333333333333,0.010000000000000009,0.3333333333333333,0.0
formation plate,0.7,-0.038500000000000006,-0.5,0.35,0.33949999999999997,0.01050000000000001,0.35,0.0
formation plate,0.7333333333333333,-0.03866666666666667,-0.5,0.36666666666666664,0.35566666666666663,0.01100000000000001,0.36666666666666664,0.0
formation plate,0.7666666666666667,-0.03883333333333334,-0.5,0.38333333333333336,0.37183333333333335,0.01150000000000001,0.38333333333333336,0.0
formation plate,0.8,-0.03900000000000001,-0.5,0.4,0.388,0.01200000000000001,0.4,0.0
formation plate,0.8333333333333334,-0.03916666666666667,-0.5,0.4166666666666667,0.4041666666666667,0.012500000000000011,0.4166666666666667,0.0
formation plate,0.8666666666666667,-0.03933333333333334,-0.5,0.43333333333333335,0.42033333333333334,0.013000000000000012,0.43333333333333335,0.0
formation plate,0.9,-0.03950000000000001,-0.5,0.45,0.4365,0.013500000000000012,0.45,0.0
formation plate,0.9333333333333333,-0.03966666666666667,-0.5,0.4666666666666667,0.45266666666666666,0.014000000000000012,0.4666666666666667,0.0
formation plate,0.9666666666666667,-0.03983333333333334,-0.5,0.48333333333333334,0.4688333333333333,0.014500000000000013,0.48333333333333334,0.0
formation plate,1.0,-0.04,-0.5,0.5,0.485,0.015000000000000013,0.5,0.0
formation plate,1.0333333333333334,-0.04016666666666667,-0.5,0.5166666666666667,0.5011666666666666,0.015500000000000016,0.5166666666666667,0.0
formation plate,1.0666666666666667,-0.04033333333333334,-0.5,0.5333333333333333,0.5173333333333333,0.016000000000000014,0.5333333333333333,0.0
formation plate,1.1,-0.0405,-0.5,0.55,0.5335,0.016500000000000015,0.55,0.0
formation plate,1.1333333333333333,-0.04066666666666667,-0.5,0.5666666666666667,0.5496666666666666,0.017000000000000015,0.5666666666666667,0.0
formation plate,1.1666666666666667,-0.04083333333333334,-0.5,0.5833333333333334,0.5658333333333333,0.017500000000000016,0.5833333333333334,0.0
formation plate,1.2,-0.041,-0.5,0.6,0.582,0.018000000000000016,0.6,0.0
formation plate,1.2333333333333334,-0.04116666666666667,-0.5,0.6166666666666667,0.5981666666666666,0.018500000000000016,0.6166666666666667,0.0
formation plate,1.2666666666666666,-0.04133333333333333,-0.5,0.6333333333333333,0.6143333333333333,0.019000000000000017,0.6333333333333333,0.0
formation plate,1.3,-0.0415,-0.5,0.65,0.6305,0.019500000000000017,0.65,0.0
formation plate,1.3333333333333333,-0.04166666666666667,-0.5,0.6666666666666666,0.6466666666666666,0.020000000000000018,0.6666666666666666,0.0
formation plate,1.3666666666666667,-0.041833333333333333,-0.5,0.6833333333333333,0.6628333333333333,0.020500000000000018,0.6833333333333333,0.0
formation plate,1.4,-0.042,-0.5,0.7,0.6789999999999999,0.02100000000000002,0.7,0.0
formation plate,1.4333333333333333,-0.04216666666666667,-0.5,0.7166666666666667,0.6951666666666666,0.02150000000000002,0.7166666666666667,0.0
formation plate,1.4666666666666666,-0.042333333333333334,-0.5,0.7333333333333333,0.7113333333333333,0.02200000000000002,0.7333333333333333,0.0
formation plate,1.5,-0.0425,-0.5,0.75,0.7275,0.02250000000000002,0.75,0.0
formation plate,1.5333333333333334,-0.04266666666666667,-0.5,0.7666666666666667,0.7436666666666667,0.02300000000000002,0.7666666666666667,0.0
formation plate,1.5666666666666667,-0.042833333333333334,-0.5,0.7833333333333333,0.7598333333333334,0.02350000000000002,0.7833333333333333,0.0
formation plate,1.6,-0.043000000000000003,-0.5,0.8,0.776,0.02400000000000002,0.8,0.0
formation plate,1.6333333333333333,-0.04316666666666667,-0.5,0.8166666666666667,0.7921666666666667,0.024500000000000022,0.8166666666666667,0.0
formation plate,1.6666666666666667,-0.043333333333333335,-0.5,0.8333333333333334,0.8083333333333333,0.025000000000000022,0.8333333333333334,0.0
formation plate,1.7,-0.043500000000000004,-0.5,0.85,0.8245,0.025500000000000023,0.85,0.0
formation plate,1.7333333333333334,-0.04366666666666667,-0.5,0.8666666666666667,0.8406666666666667,0.026000000000000023,0.8666666666666667,0.0
formation plate,1.7666666666666666,-0.043833333333333335,-0.5,0.8833333333333333,0.8568333333333333,0.026500000000000024,0.8833333333333333,0.0
formation plate,1.8,-0.044000000000000004,-0.5,0.9,0.873,0.027000000000000024,0.9,0.0
formation plate,1.8333333333333333,-0.044166666666666674,-0.5,0.9166666666666666,0.8891666666666667,0.027500000000000024,0.9166666666666666,0.0
formation plate,1.8666666666666667,-0.044333333333333336,-0.5,0.9333333333333333,0.9053333333333333,0.028000000000000025,0.9333333333333333,0.0
formation plate,1.9,-0.044500000000000005,-0.5,0.95,0.9215,0.028500000000000025,0.95,0.0
formation plate,1.9333333333333333,-0.044666666666666674,-0.5,0.9666666666666667,0.9376666666666666,0.029000000000000026,0.9666666666666667,0.0
formation plate,1.9666666666666666,-0.044833333333333336,-0.5,0.9833333333333333,0.9538333333333333,0.029500000000000026,0.9833333333333333,0.0
formation strip,2.0,0.05,0.5,0.0,0.97,0.030000000000000027,1.0,0.0
formation strip,2.0323333333333333,0.05,0.5,0.016166666666666666,0.9538333333333333,0.030000000000000027,1.0,0.016166666666666666
formation strip,2.0646666666666667,0.05,0.5,0.03233333333333333,0.9376666666666666,0.030000000000000027,1.0,0.03233333333333333
formation strip,2.097,0.05000000000000023,0.5,0.0485,0.9215,0.030000000000000027,1.0,0.0485
formation strip,2.1293333333333333,0.05000000000000732,0.5,0.06466666666666666,0.9053333333333333,0.030000000000000027,1.0,0.06466666666666666
formation strip,2.1616666666666666,0.05000000000010655,0.5,0.08083333333333333,0.8891666666666667,0.030000000000000027,1.0,0.08083333333333333
formation strip,2.194,0.05000000000095,0.5,0.097,0.873,0.030000000000000027,1.0,0.097
formation strip,2.2263333333333333,0.05000000000604067,0.5,0.11316666666666667,0.8568333333333333,0.030000000000000027,1.0,0.11316666666666667
formation strip,2.2586666666666666,0.05000000002999083,0.5,0.12933333333333333,0.8406666666666667,0.030000000000000027,1.0,0.12933333333333333
formation strip,2.291,0.050000000123259024,0.5,0.1455,0.8245,0.030000000000000027,1.0,0.1455
formation strip,2.3233333333333333,0.050000000436423976,0.5,0.16166666666666665,0.8083333333333333,0.030000000000000027,1.0,0.16166666666666665
formation strip,2.3556666666666666,0.05000000136968539,0.5,0.17783333333333332,0.7921666666666667,0.030000000000000027,1.0,0.17783333333333332
formation strip,2.388,0.050000003891200004,0.5,0.194,0.776,0.030000000000000027,1.0,0.194
formation strip,2.4203333333333332,0.050000010167842925,0.5,0.21016666666666667,0.7598333333333334,0.030000000000000027,1.0,0.21016666666666667
formation strip,2.4526666666666666,0.050000024742582604,0.5,0.22633333333333333,0.7436666666666667,0.030000000000000027,1.0,0.22633333333333333
formation strip,2.485,0.05000005662441254,0.5,0.2425,0.7275,0.030000000000000027,1.0,0.2425
formation strip,2.517333333333333,0.05000012284242823,0.5,0.25866666666666666,0.7113333333333334,0.030000000000000027,1.0,0.25866666666666666
formation strip,2.5496666666666665,0.05000025427031275,0.5,0.2748333333333333,0.6951666666666667,0.030000000000000027,1.0,0.2748333333333333
formation strip,2.582,0.05000050486895,0.5,0.291,0.679,0.030000000000000027,1.0,0.291
formation strip,2.614333333333333,0.05000096594369512,0.5,0.30716666666666664,0.6628333333333334,0.030000000000000027,1.0,0.30716666666666664
formation strip,2.6466666666666665,0.050001787592602,0.5,0.3233333333333333,0.6466666666666667,0.030000000000000027,1.0,0.3233333333333333
formation strip,2.679,0.05000321025948266,0.5,0.33949999999999997,0.6305000000000001,0.030000000000000027,1.0,0.33949999999999997
formation strip,2.711333333333333,0.05000561023134814,0.5,0.35566666666666663,0.6143333333333334,0.030000000000000027,1.0,0.35566666666666663
formation strip,2.743666666666667,0.0500095640675074,0.5,0.37183333333333335,0.5981666666666666,0.030000000000000027,1.0,0.37183333333333335
formation strip,2.776,0.050015938355200004,0.5,0.388,0.582,0.030000000000000027,1.0,0.388
formation strip,2.8083333333333336,0.05002601289600718,0.5,0.4041666666666667,0.5658333333333333,0.030000000000000027,1.0,0.4041666666666667
formation strip,2.8406666666666665,0.05004164748460574,0.5,0.42033333333333334,0.5496666666666666,0.030000000000000027,1.0,0.42033333333333334
formation strip,2.873,0.05006550489737719,0.5,0.4365,0.5335,0.030000000000000027,1.0,0.4365
formation strip,2.905333333333333,0.05010134561834057,0.5,0.45266666666666666,0.5173333333333333,0.030000000000000027,1.0,0.45266666666666666
formation strip,2.937666666666667,0.05015441325413493,0.5,0.4688333333333333,0.5011666666666666,0.030000000000000027,1.0,0.4688333333333333
formation strip,2.9699999999999998,0.05023193359375,0.5,0.485,0.485,0.030000000000000027,1.0,0.485
formation strip,3.0023333333333335,0.050343754923137675,0.5,0.5011666666666666,0.4688333333333333,0.030000000000000027,1.0,0.5011666666666666
formation strip,3.0346666666666664,0.050503162586016365,0.5,0.5173333333333333,0.45266666666666666,0.030000000000000027,1.0,0.5173333333333333
formation strip,3.067,0.050727906972139886,0.5,0.5335,0.4365,0.030000000000000027,1.0,0.5335
formation strip,3.099333333333333,0.05104149120103318,0.5,0.5496666666666666,0.42033333333333334,0.030000000000000027,1.0,0.5496666666666666
formation strip,3.131666666666667,0.05147477284685841,0.5,0.5658333333333333,0.4041666666666667,0.030000000000000027,1.0,0.5658333333333333
formation strip,3.1639999999999997,0.052067943219200004,0.5,0.582,0.388,0.030000000000000027,1.0,0.582
formation strip,3.1963333333333335,0.05287295808226737,0.5,0.5981666666666666,0.37183333333333335,0.030000000000000027,1.0,0.5981666666666666
formation strip,3.2286666666666664,0.05395650537522106,0.5,0.6143333333333333,0.3556666666666667,0.030000000000000027,1.0,0.6143333333333333
formation strip,3.261,0.05540360860995043,0.5,0.6305,0.3395,0.030000000000000027,1.0,0.6305
formation strip,3.293333333333333,0.05732197929779599,0.5,0.6466666666666666,0.32333333333333336,0.030000000000000027,1.0,0.6466666666666666
formation strip,3.3256666666666668,0.05984724812896859,0.5,0.6628333333333333,0.3071666666666667,0.030000000000000027,1.0,0.6628333333333333
formation strip,3.3579999999999997,0.06314922284095,0.5,0.6789999999999999,0.29100000000000004,0.030000000000000027,1.0,0.6789999999999999
formation strip,3.3903333333333334,0.06743934091598558,0.5,0.6951666666666666,0.2748333333333334,0.030000000000000027,1.0,0.6951666666666666
formation strip,3.4226666666666663,0.07297950760196663,0.5,0.7113333333333333,0.2586666666666667,0.030000000000000027,1.0,0.7113333333333333
formation strip,3.455,0.08009253442287445,0.5,0.7275,0.24249999999999994,0.030000000000000027,1.0,0.7275
formation strip,3.4873333333333334,0.08917442051030938,0.5,0.7436666666666667,0.22633333333333328,0.030000000000000027,1.0,0.7436666666666667
formation strip,3.5196666666666667,0.10070874893092717,0.5,0.7598333333333334,0.2101666666666666,0.030000000000000027,1.0,0.7598333333333334
formation strip,3.552,0.11528350289920004,0.5,0.776,0.19399999999999995,0.030000000000000027,1.0,0.776
formation strip,3.5843333333333334,0.13361064255325622,0.5,0.7921666666666667,0.1778333333333333,0.030000000000000027,1.0,0.7921666666666667
formation strip,3.6166666666666667,0.1565488220453844,0.5,0.8083333333333333,0.16166666666666663,0.030000000000000027,1.0,0.8083333333333333
formation strip,3.649,0.18512966927936347,0.5,0.8245,0.14549999999999996,0.030000000000000027,1.0,0.8245
formation strip,3.6813333333333333,0.22058809694509474,0.5,0.8406666666666667,0.1293333333333333,0.030000000000000027,1.0,0.8406666666666667
formation strip,3.7136666666666667,0.2643971637979562,0.5,0.8568333333333333,0.11316666666666664,0.030000000000000027,1.0,0.8568333333333333
formation strip,3.746,0.3183080596569501,0.5,0.873,0.09699999999999998,0.030000000000000027,1.0,0.873
formation strip,3.7783333333333333,0.38439584661343007,0.5,0.8891666666666667,0.08083333333333331,0.030000000000000027,1.0,0.8891666666666667
formation strip,3.8106666666666666,0.4651116527229774,0.5,0.9053333333333333,0.06466666666666665,0.030000000000000027,1.0,0.9053333333333333
formation strip,3.843,0.5633420832795049,0.5,0.9215,0.04849999999999999,0.030000000000000027,1.0,0.9215
formation strip,3.8753333333333333,0.6824766889366752,0.5,0.9376666666666666,0.032333333333333325,0.030000000000000027,1.0,0.9376666666666666
formation strip,3.9076666666666666,0.826484409752007,0.5,0.9538333333333333,0.016166666666666663,0.030000000000000027,1.0,0.9538333333333333
reservoir plate,3.94,-0.035,-0.5,0.0,0.0,0.030000000000000027,1.0,0.97
reservoir plate,4.006666666666667,-0.03516666666666667,-0.5,0.03333333333333333,0.033166666666666664,0.030166666666666692,1.0333333333333334,0.97
reservoir plate,4.073333333333333,-0.035333333333333335,-0.5,0.06666666666666667,0.06633333333333333,0.03033333333333336,1.0666666666666667,0.97
reservoir plate,4.14,-0.035500000000000004,-0.5,0.1,0.0995,0.030500000000000027,1.1,0.97
reservoir plate,4.206666666666667,-0.03566666666666667,-0.5,0.13333333333333333,0.13266666666666665,0.030666666666666693,1.1333333333333333,0.97
reservoir plate,4.273333333333333,-0.035833333333333335,-0.5,0.16666666666666666,0.16583333333333333,0.030833333333333362,1.1666666666666667,0.97
reservoir plate,4.34,-0.036000000000000004,-0.5,0.2,0.199,0.031000000000000028,1.2,0.97
reservoir plate,4.406666666666666,-0.03616666666666667,-0.5,0.23333333333333334,0.23216666666666666,0.031166666666666693,1.2333333333333334,0.97
reservoir plate,4.473333333333334,-0.036333333333333336,-0.5,0.26666666666666666,0.2653333333333333,0.03133333333333336,1.2666666666666666,0.97
reservoir plate,4.54,-0.036500000000000005,-0.5,0.3,0.2985,0.03150000000000003,1.3,0.97
reservoir plate,4.6066666666666665,-0.03666666666666667,-0.5,0.3333333333333333,0.33166666666666667,0.0316666666666667,1.3333333333333333,0.97
reservoir plate,4.673333333333333,-0.036833333333333336,-0.5,0.36666666666666664,0.3648333333333333,0.03183333333333336,1.3666666666666667,0.97
reservoir plate,4.74,-0.037000000000000005,-0.5,0.4,0.398,0.03200000000000003,1.4,0.97
reservoir plate,4.806666666666667,-0.03716666666666667,-0.5,0.43333333333333335,0.4311666666666667,0.0321666666666667,1.4333333333333333,0.97
reservoir plate,4.873333333333333,-0.037333333333333336,-0.5,0.4666666666666667,0.4643333333333333,0.03233333333333336,1.4666666666666668,0.97
reservoir plate,4.9399999999999995,-0.037500000000000006,-0.5,0.5,0.4975,0.03250000000000003,1.5,0.97
reservoir plate,5.006666666666667,-0.03766666666666667,-0.5,0.5333333333333333,0.5306666666666666,0.0326666666666667,1.5333333333333332,0.97
reservoir plate,5.073333333333333,-0.03783333333333334,-0.5,0.5666666666666667,0.5638333333333333,0.03283333333333336,1.5666666666666667,0.97
reservoir plate,5.14,-0.038000000000000006,-0.5,0.6,0.597,0.03300000000000003,1.6,0.97
reservoir plate,5.206666666666667,-0.03816666666666667,-0.5,0.6333333333333333,0.6301666666666667,0.0331666666666667,1.6333333333333333,0.97
reservoir plate,5.273333333333333,-0.03833333333333334,-0.5,0.6666666666666666,0.6633333333333333,0.03333333333333336,1.6666666666666665,0.97
reservoir plate,5.34,-0.038500000000000006,-0.5,0.7,0.6965,0.03350000000000003,1.7,0.97
reservoir plate,5.406666666666666,-0.03866666666666667,-0.5,0.7333333333333333,0.7296666666666666,0.0336666666666667,1.7333333333333334,0.97
reservoir plate,5.473333333333334,-0.03883333333333334,-0.5,0.7666666666666667,0.7628333333333334,0.03383333333333336,1.7666666666666666,0.97
reservoir plate,5.54,-0.03900000000000001,-0.5,0.8,0.796,0.03400000000000003,1.8,0.97
reservoir plate,5.6066666666666665,-0.03916666666666667,-0.5,0.8333333333333334,0.8291666666666667,0.0341666666666667,1.8333333333333335,0.97
reservoir plate,5.673333333333334,-0.03933333333333334,-0.5,0.8666666666666667,0.8623333333333334,0.03433333333333336,1.8666666666666667,0.97
reservoir plate,5.74,-0.03950000000000001,-0.5,0.9,0.8955,0.03450000000000003,1.9,0.97
reservoir plate,5.806666666666667,-0.03966666666666667,-0.5,0.9333333333333333,0.9286666666666666,0.0346666666666667,1.9333333333333333,0.97
reservoir plate,5.873333333333333,-0.03983333333333334,-0.5,0.9666666666666667,0.9618333333333333,0.03483333333333336,1.9666666666666668,0.97
reservoir plate,5.9399999999999995,-0.04,-0.5,1.0,0.995,0.03500000000000003,2.0,0.97
reservoir plate,6.006666666666667,-0.04016666666666667,-0.5,1.0333333333333334,1.0281666666666667,0.0351666666666667,2.033333333333333,0.97
reservoir plate,6.073333333333333,-0.04033333333333334,-0.5,1.0666666666666667,1.0613333333333332,0.03533333333333336,2.0666666666666664,0.97
reservoir plate,6.140000000000001,-0.0405,-0.5,1.1,1.0945,0.03550000000000003,2.1,0.97
reservoir plate,6.206666666666667,-0.04066666666666667,-0.5,1.1333333333333333,1.1276666666666666,0.0356666666666667,2.1333333333333333,0.97
reservoir plate,6.273333333333333,-0.04083333333333334,-0.5,1.1666666666666667,1.1608333333333334,0.03583333333333336,2.166666666666667,0.97
reservoir plate,6.34,-0.041,-0.5,1.2,1.194,0.03600000000000003,2.2,0.97
reservoir plate,6.406666666666666,-0.04116666666666667,-0.5,1.2333333333333334,1.2271666666666667,0.0361666666666667,2.2333333333333334,0.97
reservoir plate,6.473333333333333,-0.04133333333333333,-0.5,1.2666666666666666,1.2603333333333333,0.03633333333333336,2.2666666666666666,0.97
reservoir plate,6.54,-0.0415,-0.5,1.3,1.2935,0.03650000000000003,2.3,0.97
reservoir plate,6.6066666666666665,-0.04166666666666667,-0.5,1.3333333333333333,1.3266666666666667,0.0366666666666667,2.333333333333333,0.97
reservoir plate,6.673333333333334,-0.041833333333333333,-0.5,1.3666666666666667,1.3598333333333334,0.036833333333333364,2.3666666666666667,0.97
reservoir plate,6.74,-0.042,-0.5,1.4,1.393,0.03700000000000003,2.4,0.97
reservoir plate,6.806666666666667,-0.04216666666666667,-0.5,1.4333333333333333,1.4261666666666666,0.0371666666666667,2.4333333333333336,0.97
reservoir plate,6.873333333333333,-0.042333333333333334,-0.5,1.4666666666666666,1.4593333333333331,0.037333333333333364,2.466666666666667,0.97
reservoir plate,6.9399999999999995,-0.0425,-0.5,1.5,1.4925,0.03750000000000003,2.5,0.97
reservoir plate,7.006666666666667,-0.04266666666666667,-0.5,1.5333333333333334,1.5256666666666667,0.0376666666666667,2.533333333333333,0.97
reservoir plate,7.073333333333333,-0.042833333333333334,-0.5,1.5666666666666667,1.5588333333333333,0.037833333333333365,2.5666666666666664,0.97
reservoir plate,7.140000000000001,-0.043000000000000003,-0.5,1.6,1.592,0.038000000000000034,2.6,0.97
reservoir plate,7.206666666666667,-0.04316666666666667,-0.5,1.6333333333333333,1.6251666666666666,0.0381666666666667,2.6333333333333333,0.97
reservoir plate,7.273333333333333,-0.043333333333333335,-0.5,1.6666666666666667,1.6583333333333334,0.03833333333333337,2.666666666666667,0.97
reservoir plate,7.34,-0.043500000000000004,-0.5,1.7,1.6915,0.038500000000000034,2.7,0.97
reservoir plate,7.406666666666666,-0.04366666666666667,-0.5,1.7333333333333334,1.7246666666666668,0.0386666666666667,2.7333333333333334,0.97
reservoir plate,7.473333333333333,-0.043833333333333335,-0.5,1.7666666666666666,1.7578333333333334,0.038833333333333366,2.7666666666666666,0.97
reservoir plate,7.54,-0.044000000000000004,-0.5,1.8,1.791,0.039000000000000035,2.8,0.97
reservoir plate,7.6066666666666665,-0.044166666666666674,-0.5,1.8333333333333333,1.8241666666666665,0.0391666666666667,2.833333333333333,0.97
reservoir plate,7.673333333333334,-0.044333333333333336,-0.5,1.8666666666666667,1.8573333333333333,0.039333333333333366,2.8666666666666667,0.97
reservoir plate,7.74,-0.044500000000000005,-0.5,1.9,1.8904999999999998,0.039500000000000035,2.9,0.97
reservoir plate,7.806666666666667,-0.044666666666666674,-0.5,1.9333333333333333,1.9236666666666666,0.039666666666666704,2.9333333333333336,0.97
reservoir plate,7.873333333333333,-0.044833333333333336,-0.5,1.9666666666666666,1.9568333333333332,0.039833333333333366,2.966666666666667,0.97
partial cycles,7.9399999999999995,0.05,0.5,0.0,1.99,0.040000000000000036,3.0,0.97
partial cycles,7.948333333333333,0.0502,0.5,0.004166666666666667,1.9858333333333333,0.040000000000000036,3.0,0.9741666666666666
partial cycles,7.956666666666666,0.0504,0.5,0.008333333333333333,1.9816666666666667,0.040000000000000036,3.0,0.9783333333333333
partial cycles,7.965,0.050600000000000006,0.5,0.0125,1.9775,0.040000000000000036,3.0,0.9824999999999999
partial cycles,7.973333333333333,0.050800000000000005,0.5,0.016666666666666666,1.9733333333333334,0.040000000000000036,3.0,0.9866666666666667
partial cycles,7.9816666666666665,0.051000000000000004,0.5,0.020833333333333332,1.9691666666666667,0.040000000000000036,3.0,0.9908333333333333
partial cycles,7.989999999999999,0.0512,0.5,0.025,1.965,0.040000000000000036,3.0,0.995
partial cycles,7.998333333333333,0.0514,0.5,0.029166666666666667,1.9608333333333334,0.040000000000000036,3.0,0.9991666666666666
partial cycles,8.006666666666666,0.0516,0.5,0.03333333333333333,1.9566666666666666,0.040000000000000036,3.0,1.0033333333333334
partial cycles,8.014999999999999,0.051800000000000006,0.5,0.0375,1.9525,0.040000000000000036,3.0,1.0075
partial cycles,8.023333333333333,0.052000000000000005,0.5,0.041666666666666664,1.9483333333333333,0.040000000000000036,3.0,1.0116666666666667
partial cycles,8.031666666666666,0.0522,0.5,0.04583333333333333,1.9441666666666666,0.040000000000000036,3.0,1.0158333333333334
partial cycles,8.04,0.0524,0.5,0.05,1.94,0.040000000000000036,3.0,1.02
partial cycles,8.048333333333332,0.0526,0.5,0.05416666666666667,1.9358333333333333,0.040000000000000036,3.0,1.0241666666666667
partial cycles,8.056666666666667,0.0528,0.5,0.058333333333333334,1.9316666666666666,0.040000000000000036,3.0,1.0283333333333333
partial cycles,8.065,0.053000000000000005,0.5,0.0625,1.9275,0.040000000000000036,3.0,1.0325
partial cycles,8.073333333333332,0.053200000000000004,0.5,0.06666666666666667,1.9233333333333333,0.040000000000000036,3.0,1.0366666666666666
partial cycles,8.081666666666667,0.0534,0.5,0.07083333333333333,1.9191666666666667,0.040000000000000036,3.0,1.0408333333333333
partial cycles,8.09,0.0536,0.5,0.075,1.915,0.040000000000000036,3.0,1.045
partial cycles,8.098333333333333,0.0538,0.5,0.07916666666666666,1.9108333333333334,0.040000000000000036,3.0,1.0491666666666666
partial cycles,8.106666666666666,0.054000000000000006,0.5,0.08333333333333333,1.9066666666666667,0.040000000000000036,3.0,1.0533333333333332
partial cycles,8.115,0.054200000000000005,0.5,0.0875,1.9025,0.040000000000000036,3.0,1.0574999999999999
partial cycles,8.123333333333333,0.054400000000000004,0.5,0.09166666666666666,1.8983333333333334,0.040000000000000036,3.0,1.0616666666666665
partial cycles,8.131666666666666,0.0546,0.5,0.09583333333333334,1.8941666666666666,0.040000000000000036,3.0,1.0658333333333334
partial cycles,8.139999999999999,0.0548,0.5,0.1,1.89,0.040000000000000036,3.0,1.07
partial cycles,8.148333333333333,0.055,0.5,0.10416666666666667,1.8858333333333333,0.040000000000000036,3.0,1.0741666666666667
partial cycles,8.156666666666666,0.055200000000000006,0.5,0.10833333333333334,1.8816666666666666,0.040000000000000036,3.0,1.0783333333333334
partial cycles,8.165,0.055400000000000005,0.5,0.1125,1.8775,0.040000000000000036,3.0,1.0825
partial cycles,8.173333333333332,0.055600000000000004,0.5,0.11666666666666667,1.8733333333333333,0.040000000000000036,3.0,1.0866666666666667
partial cycles,8.181666666666667,0.0558,0.5,0.12083333333333333,1.8691666666666666,0.040000000000000036,3.0,1.0908333333333333
partial cycles,8.19,0.056,0.5,0.125,1.865,0.040000000000000036,3.0,1.095
partial cycles,8.198333333333332,0.0562,0.5,0.12916666666666668,1.8608333333333333,0.040000000000000036,3.0,1.0991666666666666
partial cycles,8.206666666666667,0.056400000000000006,0.5,0.13333333333333333,1.8566666666666667,0.040000000000000036,3.0,1.1033333333333333
partial cycles,8.215,0.056600000000000004,0.5,0.1375,1.8525,0.040000000000000036,3.0,1.1075
partial cycles,8.223333333333333,0.0568,0.5,0.14166666666666666,1.8483333333333334,0.040000000000000036,3.0,1.1116666666666666
partial cycles,8.231666666666666,0.057,0.5,0.14583333333333334,1.8441666666666667,0.040000000000000036,3.0,1.1158333333333332
partial cycles,8.24,0.0572,0.5,0.15,1.84,0.040000000000000036,3.0,1.1199999999999999
partial cycles,8.248333333333333,0.05740000000000001,0.5,0.15416666666666667,1.8358333333333334,0.040000000000000036,3.0,1.1241666666666665
partial cycles,8.256666666666666,0.057600000000000005,0.5,0.15833333333333333,1.8316666666666666,0.040000000000000036,3.0,1.1283333333333334
partial cycles,8.264999999999999,0.057800000000000004,0.5,0.1625,1.8275,0.040000000000000036,3.0,1.1325
partial cycles,8.273333333333333,0.058,0.5,0.16666666666666666,1.8233333333333333,0.040000000000000036,3.0,1.1366666666666667
partial cycles,8.281666666666666,0.0582,0.5,0.17083333333333334,1.8191666666666666,0.040000000000000036,3.0,1.1408333333333334
partial cycles,8.29,0.0584,0.5,0.175,1.815,0.040000000000000036,3.0,1.145
partial cycles,8.298333333333332,0.0586,0.5,0.17916666666666667,1.8108333333333333,0.040000000000000036,3.0,1.1491666666666667
partial cycles,8.306666666666667,0.058800000000000005,0.5,0.18333333333333332,1.8066666666666666,0.040000000000000036,3.0,1.1533333333333333
partial cycles,8.315,0.059000000000000004,0.5,0.1875,1.8025,0.040000000000000036,3.0,1.1575
partial cycles,8.323333333333332,0.0592,0.5,0.19166666666666668,1.7983333333333333,0.040000000000000036,3.0,1.1616666666666666
partial cycles,8.331666666666667,0.0594,0.5,0.19583333333333333,1.7941666666666667,0.040000000000000036,3.0,1.1658333333333333
partial cycles,8.34,0.0596,0.5,0.2,1.79,0.040000000000000036,3.0,1.17
partial cycles,8.348333333333333,0.059800000000000006,0.5,0.20416666666666666,1.7858333333333334,0.040000000000000036,3.0,1.1741666666666666
partial cycles,8.356666666666666,0.060000000000000005,0.5,0.20833333333333334,1.7816666666666667,0.040000000000000036,3.0,1.1783333333333332
partial cycles,8.365,0.060200000000000004,0.5,0.2125,1.7775,0.040000000000000036,3.0,1.1824999999999999
partial cycles,8.373333333333333,0.0604,0.5,0.21666666666666667,1.7733333333333334,0.040000000000000036,3.0,1.1866666666666665
partial cycles,8.381666666666666,0.0606,0.5,0.22083333333333333,1.7691666666666666,0.040000000000000036,3.0,1.1908333333333334
partial cycles,8.389999999999999,0.06080000000000001,0.5,0.225,1.765,0.040000000000000036,3.0,1.195
partial cycles,8.398333333333333,0.061,0.5,0.22916666666666666,1.7608333333333333,0.040000000000000036,3.0,1.1991666666666667
partial cycles,8.406666666666666,0.061200000000000004,0.5,0.23333333333333334,1.7566666666666666,0.040000000000000036,3.0,1.2033333333333334
partial cycles,8.415,0.0614,0.5,0.2375,1.7525,0.040000000000000036,3.0,1.2075
partial cycles,8.423333333333332,0.0616,0.5,0.24166666666666667,1.7483333333333333,0.040000000000000036,3.0,1.2116666666666667
partial cycles,8.431666666666667,0.0618,0.5,0.24583333333333332,1.7441666666666666,0.040000000000000036,3.0,1.2158333333333333
partial cycles,8.44,-0.035,-0.5,0.0,1.74,0.040000000000000036,3.0,1.22
partial cycles,8.448333333333332,-0.03516666666666667,-0.5,0.004166666666666667,1.7441458333333333,0.04002083333333337,3.004166666666667,1.22
partial cycles,8.456666666666667,-0.035333333333333335,-0.5,0.008333333333333333,1.7482916666666666,0.040041666666666705,3.0083333333333333,1.22
partial cycles,8.465,-0.035500000000000004,-0.5,0.0125,1.7524375,0.040062500000000036,3.0125,1.22
partial cycles,8.473333333333333,-0.03566666666666667,-0.5,0.016666666666666666,1.7565833333333334,0.04008333333333337,3.0166666666666666,1.22
partial cycles,8.481666666666666,-0.035833333333333335,-0.5,0.020833333333333332,1.7607291666666667,0.040104166666666705,3.0208333333333335,1.22
partial cycles,8.49,-0.036000000000000004,-0.5,0.025,1.764875,0.040125000000000036,3.025,1.22
partial cycles,8.498333333333333,-0.03616666666666667,-0.5,0.029166666666666667,1.7690208333333333,0.04014583333333337,3.029166666666667,1.22
partial cycles,8.506666666666666,-0.036333333333333336,-0.5,0.03333333333333333,1.7731666666666666,0.040166666666666705,3.033333333333333,1.22
partial cycles,8.514999999999999,-0.036500000000000005,-0.5,0.0375,1.7773125,0.040187500000000036,3.0375,1.22
partial cycles,8.523333333333333,-0.03666666666666667,-0.5,0.041666666666666664,1.7814583333333334,0.04020833333333337,3.0416666666666665,1.22
partial cycles,8.531666666666666,-0.036833333333333336,-0.5,0.04583333333333333,1.7856041666666667,0.040229166666666705,3.0458333333333334,1.22
partial cycles,8.54,-0.037000000000000005,-0.5,0.05,1.78975,0.040250000000000036,3.05,1.22
partial cycles,8.548333333333332,-0.03716666666666667,-0.5,0.05416666666666667,1.7938958333333332,0.04027083333333337,3.0541666666666667,1.22
partial cycles,8.556666666666667,-0.037333333333333336,-0.5,0.058333333333333334,1.7980416666666668,0.040291666666666705,3.058333333333333,1.22
partial cycles,8.565,-0.037500000000000006,-0.5,0.0625,1.8021875,0.040312500000000036,3.0625,1.22
partial cycles,8.573333333333332,-0.03766666666666667,-0.5,0.06666666666666667,1.8063333333333333,0.04033333333333337,3.066666666666667,1.22
partial cycles,8.581666666666667,-0.03783333333333334,-0.5,0.07083333333333333,1.8104791666666666,0.040354166666666705,3.0708333333333333,1.22
partial cycles,8.59,-0.038000000000000006,-0.5,0.075,1.814625,0.040375000000000036,3.075,1.22
partial cycles,8.598333333333333,-0.03816666666666667,-0.5,0.07916666666666666,1.8187708333333332,0.04039583333333337,3.0791666666666666,1.22
partial cycles,8.606666666666666,-0.03833333333333334,-0.5,0.08333333333333333,1.8229166666666667,0.040416666666666705,3.0833333333333335,1.22
partial cycles,8.615,-0.038500000000000006,-0.5,0.0875,1.8270625,0.040437500000000036,3.0875,1.22
partial cycles,8.623333333333333,-0.03866666666666667,-0.5,0.09166666666666666,1.8312083333333333,0.04045833333333337,3.091666666666667,1.22
partial cycles,8.631666666666666,-0.03883333333333334,-0.5,0.09583333333333334,1.8353541666666666,0.040479166666666705,3.095833333333333,1.22
partial cycles,8.639999999999999,-0.03900000000000001,-0.5,0.1,1.8395,0.040500000000000036,3.1,1.22
partial cycles,8.648333333333333,-0.03916666666666667,-0.5,0.10416666666666667,1.8436458333333334,0.04052083333333337,3.1041666666666665,1.22
partial cycles,8.656666666666666,-0.03933333333333334,-0.5,0.10833333333333334,1.8477916666666667,0.040541666666666705,3.1083333333333334,1.22
partial cycles,8.665,-0.03950000000000001,-0.5,0.1125,1.8519375,0.040562500000000036,3.1125,1.22
partial cycles,8.673333333333332,-0.03966666666666667,-0.5,0.11666666666666667,1.8560833333333333,0.04058333333333337,3.1166666666666667,1.22
partial cycles,8.681666666666667,-0.03983333333333334,-0.5,0.12083333333333333,1.8602291666666666,0.040604166666666705,3.120833333333333,1.22
partial cycles,8.69,-0.04,-0.5,0.125,1.864375,0.040625000000000036,3.125,1.22
partial cycles,8.698333333333332,-0.04016666666666667,-0.5,0.12916666666666668,1.8685208333333334,0.04064583333333337,3.129166666666667,1.22
partial cycles,8.706666666666667,-0.04033333333333334,-0.5,0.13333333333333333,1.8726666666666667,0.040666666666666705,3.1333333333333333,1.22
partial cycles,8.715,-0.0405,-0.5,0.1375,1.8768125,0.040687500000000036,3.1375,1.22
partial cycles,8.723333333333333,-0.04066666666666667,-0.5,0.14166666666666666,1.8809583333333333,0.04070833333333337,3.1416666666666666,1.22
partial cycles,8.731666666666666,-0.04083333333333334,-0.5,0.14583333333333334,1.8851041666666666,0.040729166666666705,3.1458333333333335,1.22
partial cycles,8.74,-0.041,-0.5,0.15,1.88925,0.040750000000000036,3.15,1.22
partial cycles,8.748333333333333,-0.04116666666666667,-0.5,0.15416666666666667,1.8933958333333334,0.04077083333333337,3.154166666666667,1.22
partial cycles,8.756666666666666,-0.04133333333333333,-0.5,0.15833333333333333,1.8975416666666667,0.040791666666666705,3.158333333333333,1.22
partial cycles,8.764999999999999,-0.0415,-0.5,0.1625,1.9016875,0.040812500000000036,3.1625,1.22
partial cycles,8.773333333333333,-0.04166666666666667,-0.5,0.16666666666666666,1.9058333333333333,0.04083333333333337,3.1666666666666665,1.22
partial cycles,8.781666666666666,-0.041833333333333333,-0.5,0.17083333333333334,1.9099791666666666,0.040854166666666705,3.1708333333333334,1.22
partial cycles,8.79,-0.042,-0.5,0.175,1.914125,0.040875000000000036,3.175,1.22
partial cycles,8.798333333333332,-0.04216666666666667,-0.5,0.17916666666666667,1.9182708333333334,0.04089583333333337,3.1791666666666667,1.22
partial cycles,8.806666666666667,-0.042333333333333334,-0.5,0.18333333333333332,1.9224166666666667,0.040916666666666705,3.183333333333333,1.22
partial cycles,8.815,-0.0425,-0.5,0.1875,1.9265625,0.040937500000000036,3.1875,1.22
partial cycles,8.823333333333332,-0.04266666666666667,-0.5,0.19166666666666668,1.9307083333333332,0.04095833333333337,3.191666666666667,1.22
partial cycles,8.831666666666667,-0.042833333333333334,-0.5,0.19583333333333333,1.9348541666666668,0.040979166666666705,3.1958333333333333,1.22
partial cycles,8.84,-0.043000000000000003,-0.5,0.2,1.939,0.041000000000000036,3.2,1.22
partial cycles,8.848333333333333,-0.04316666666666667,-0.5,0.20416666666666666,1.9431458333333333,0.04102083333333337,3.2041666666666666,1.22
partial cycles,8.856666666666666,-0.043333333333333335,-0.5,0.20833333333333334,1.9472916666666666,0.041041666666666705,3.2083333333333335,1.22
partial cycles,8.865,-0.043500000000000004,-0.5,0.2125,1.9514375,0.041062500000000036,3.2125,1.22
partial cycles,8.873333333333333,-0.04366666666666667,-0.5,0.21666666666666667,1.9555833333333332,0.04108333333333337,3.216666666666667,1.22
partial cycles,8.881666666666666,-0.043833333333333335,-0.5,0.22083333333333333,1.9597291666666667,0.041104166666666705,3.220833333333333,1.22
partial cycles,8.889999999999999,-0.044000000000000004,-0.5,0.225,1.963875,0.041125000000000037,3.225,1.22
partial cycles,8.898333333333333,-0.044166666666666674,-0.5,0.22916666666666666,1.9680208333333333,0.04114583333333337,3.2291666666666665,1.22
partial cycles,8.906666666666666,-0.044333333333333336,-0.5,0.23333333333333334,1.9721666666666666,0.041166666666666706,3.2333333333333334,1.22
partial cycles,8.915,-0.044500000000000005,-0.5,0.2375,1.9763125,0.04118750000000004,3.2375,1.22
partial cycles,8.923333333333332,-0.044666666666666674,-0.5,0.24166666666666667,1.9804583333333334,0.04120833333333337,3.2416666666666667,1.22
partial cycles,8.931666666666667,-0.044833333333333336,-0.5,0.24583333333333332,1.9846041666666667,0.041229166666666706,3.245833333333333,1.22
partial cycles,8.94,0.05,0.5,0.0,1.98875,0.04125000000000004,3.25,1.22
partial cycles,8.948333333333332,0.0502,0.5,0.004166666666666667,1.9845833333333334,0.04125000000000004,3.25,1.2241666666666666
partial cycles,8.956666666666667,0.0504,0.5,0.008333333333333333,1.9804166666666667,0.04125000000000004,3.25,1.2283333333333333
partial cycles,8.965,0.050600000000000006,0.5,0.0125,1.97625,0.04125000000000004,3.25,1.2325
partial cycles,8.973333333333333,0.050800000000000005,0.5,0.016666666666666666,1.9720833333333334,0.04125000000000004,3.25,1.2366666666666666
partial cycles,8.981666666666666,0.051000000000000004,0.5,0.020833333333333332,1.9679166666666668,0.04125000000000004,3.25,1.2408333333333332
partial cycles,8.99,0.0512,0.5,0.025,1.96375,0.04125000000000004,3.25,1.2449999999999999
partial cycles,8.998333333333333,0.0514,0.5,0.029166666666666667,1.9595833333333335,0.04125000000000004,3.25,1.2491666666666665
partial cycles,9.006666666666666,0.0516,0.5,0.03333333333333333,1.9554166666666666,0.04125000000000004,3.25,1.2533333333333334
partial cycles,9.014999999999999,0.051800000000000006,0.5,0.0375,1.95125,0.04125000000000004,3.25,1.2575
partial cycles,9.023333333333333,0.052000000000000005,0.5,0.041666666666666664,1.9470833333333333,0.04125000000000004,3.25,1.2616666666666667
partial cycles,9.031666666666666,0.0522,0.5,0.04583333333333333,1.9429166666666666,0.04125000000000004,3.25,1.2658333333333334
partial cycles,9.04,0.0524,0.5,0.05,1.93875,0.04125000000000004,3.25,1.27
partial cycles,9.048333333333332,0.0526,0.5,0.05416666666666667,1.9345833333333333,0.04125000000000004,3.25,1.2741666666666667
partial cycles,9.056666666666667,0.0528,0.5,0.058333333333333334,1.9304166666666667,0.04125000000000004,3.25,1.2783333333333333
partial cycles,9.065,0.053000000000000005,0.5,0.0625,1.92625,0.04125000000000004,3.25,1.2825
partial cycles,9.073333333333332,0.053200000000000004,0.5,0.06666666666666667,1.9220833333333334,0.04125000000000004,3.25,1.2866666666666666
partial cycles,9.081666666666667,0.0534,0.5,0.07083333333333333,1.9179166666666667,0.04125000000000004,3.25,1.2908333333333333
partial cycles,9.09,0.0536,0.5,0.075,1.91375,0.04125000000000004,3.25,1.295
partial cycles,9.098333333333333,0.0538,0.5,0.07916666666666666,1.9095833333333334,0.04125000000000004,3.25,1.2991666666666666
partial cycles,9.106666666666666,0.054000000000000006,0.5,0.08333333333333333,1.9054166666666668,0.04125000000000004,3.25,1.3033333333333332
partial cycles,9.115,0.054200000000000005,0.5,0.0875,1.90125,0.04125000000000004,3.25,1.3074999999999999
partial cycles,9.123333333333333,0.054400000000000004,0.5,0.09166666666666666,1.8970833333333335,0.04125000000000004,3.25,1.3116666666666665
partial cycles,9.131666666666666,0.0546,0.5,0.09583333333333334,1.8929166666666666,0.04125000000000004,3.25,1.3158333333333334
partial cycles,9.139999999999999,0.0548,0.5,0.1,1.88875,0.04125000000000004,3.25,1.32
partial cycles,9.148333333333333,0.055,0.5,0.10416666666666667,1.8845833333333333,0.04125000000000004,3.25,1.3241666666666667
partial cycles,9.156666666666666,0.055200000000000006,0.5,0.10833333333333334,1.8804166666666666,0.04125000000000004,3.25,1.3283333333333334
partial cycles,9.165,0.055400000000000005,0.5,0.1125,1.87625,0.04125000000000004,3.25,1.3325
partial cycles,9.173333333333332,0.055600000000000004,0.5,0.11666666666666667,1.8720833333333333,0.04125000000000004,3.25,1.3366666666666667
partial cycles,9.181666666666667,0.0558,0.5,0.12083333333333333,1.8679166666666667,0.04125000000000004,3.25,1.3408333333333333
partial cycles,9.19,0.056,0.5,0.125,1.86375,0.04125000000000004,3.25,1.345
partial cycles,9.198333333333332,0.0562,0.5,0.12916666666666668,1.8595833333333334,0.04125000000000004,3.25,1.3491666666666666
partial cycles,9.206666666666667,0.056400000000000006,0.5,0.13333333333333333,1.8554166666666667,0.04125000000000004,3.25,1.3533333333333333
partial cycles,9.215,0.056600000000000004,0.5,0.1375,1.85125,0.04125000000000004,3.25,1.3575
partial cycles,9.223333333333333,0.0568,0.5,0.14166666666666666,1.8470833333333334,0.04125000000000004,3.25,1.3616666666666666
partial cycles,9.231666666666666,0.057,0.5,0.14583333333333334,1.8429166666666668,0.04125000000000004,3.25,1.3658333333333332
partial cycles,9.24,0.0572,0.5,0.15,1.83875,0.04125000000000004,3.25,1.3699999999999999
partial cycles,9.248333333333333,0.05740000000000001,0.5,0.15416666666666667,1.8345833333333332,0.04125000000000004,3.25,1.3741666666666665
partial cycles,9.256666666666666,0.057600000000000005,0.5,0.15833333333333333,1.8304166666666668,0.04125000000000004,3.25,1.3783333333333334
partial cycles,9.264999999999999,0.057800000000000004,0.5,0.1625,1.82625,0.04125000000000004,3.25,1.3825
partial cycles,9.273333333333333,0.058,0.5,0.16666666666666666,1.8220833333333333,0.04125000000000004,3.25,1.3866666666666667
partial cycles,9.281666666666666,0.0582,0.5,0.17083333333333334,1.8179166666666666,0.04125000000000004,3.25,1.3908333333333334
partial cycles,9.29,0.0584,0.5,0.175,1.81375,0.04125000000000004,3.25,1.395
partial cycles,9.298333333333332,0.0586,0.5,0.17916666666666667,1.8095833333333333,0.04125000000000004,3.25,1.3991666666666667
partial cycles,9.306666666666667,0.058800000000000005,0.5,0.18333333333333332,1.8054166666666667,0.04125000000000004,3.25,1.4033333333333333
partial cycles,9.315,0.059000000000000004,0.5,0.1875,1.80125,0.04125000000000004,3.25,1.4075
partial cycles,9.323333333333332,0.0592,0.5,0.19166666666666668,1.7970833333333334,0.04125000000000004,3.25,1.4116666666666666
partial cycles,9.331666666666667,0.0594,0.5,0.19583333333333333,1.7929166666666667,0.04125000000000004,3.25,1.4158333333333333
partial cycles,9.34,0.0596,0.5,0.2,1.78875,0.04125000000000004,3.25,1.42
partial cycles,9.348333333333333,0.059800000000000006,0.5,0.20416666666666666,1.7845833333333334,0.04125000000000004,3.25,1.4241666666666666
partial cycles,9.356666666666666,0.060000000000000005,0.5,0.20833333333333334,1.7804166666666668,0.04125000000000004,3.25,1.4283333333333332
partial cycles,9.365,0.060200000000000004,0.5,0.2125,1.77625,0.04125000000000004,3.25,1.4324999999999999
partial cycles,9.373333333333333,0.0604,0.5,0.21666666666666667,1.7720833333333332,0.04125000000000004,3.25,1.4366666666666665
partial cycles,9.381666666666666,0.0606,0.5,0.22083333333333333,1.7679166666666668,0.04125000000000004,3.25,1.4408333333333334
partial cycles,9.389999999999999,0.06080000000000001,0.5,0.225,1.76375,0.04125000000000004,3.25,1.445
partial cycles,9.398333333333333,0.061,0.5,0.22916666666666666,1.7595833333333333,0.04125000000000004,3.25,1.4491666666666667
partial cycles,9.406666666666666,0.061200000000000004,0.5,0.23333333333333334,1.7554166666666666,0.04125000000000004,3.25,1.4533333333333334
partial cycles,9.415,0.0614,0.5,0.2375,1.75125,0.04125000000000004,3.25,1.4575
partial cycles,9.423333333333332,0.0616,0.5,0.24166666666666667,1.7470833333333333,0.04125000000000004,3.25,1.4616666666666667
partial cycles,9.431666666666667,0.0618,0.5,0.24583333333333332,1.7429166666666667,0.04125000000000004,3.25,1.4658333333333333
partial cycles,9.44,-0.035,-0.5,0.0,1.73875,0.04125000000000004,3.25,1.47
partial cycles,9.448333333333332,-0.03516666666666667,-0.5,0.004166666666666667,1.7428958333333333,0.04127083333333337,3.254166666666667,1.47
partial cycles,9.456666666666667,-0.035333333333333335,-0.5,0.008333333333333333,1.7470416666666666,0.041291666666666706,3.2583333333333333,1.47
partial cycles,9.465,-0.035500000000000004,-0.5,0.0125,1.7511875000000001,0.04131250000000004,3.2625,1.47
partial cycles,9.473333333333333,-0.03566666666666667,-0.5,0.016666666666666666,1.7553333333333334,0.04133333333333337,3.2666666666666666,1.47
partial cycles,9.481666666666666,-0.035833333333333335,-0.5,0.020833333333333332,1.7594791666666667,0.041354166666666706,3.2708333333333335,1.47
partial cycles,9.49,-0.036000000000000004,-0.5,0.025,1.763625,0.04137500000000004,3.275,1.47
partial cycles,9.498333333333333,-0.03616666666666667,-0.5,0.029166666666666667,1.7677708333333333,0.04139583333333337,3.279166666666667,1.47
partial cycles,9.506666666666666,-0.036333333333333336,-0.5,0.03333333333333333,1.7719166666666666,0.041416666666666706,3.283333333333333,1.47
partial cycles,9.514999999999999,-0.036500000000000005,-0.5,0.0375,1.7760625,0.04143750000000004,3.2875,1.47
partial cycles,9.523333333333333,-0.03666666666666667,-0.5,0.041666666666666664,1.7802083333333334,0.04145833333333337,3.2916666666666665,1.47
partial cycles,9.531666666666666,-0.036833333333333336,-0.5,0.04583333333333333,1.7843541666666667,0.041479166666666706,3.2958333333333334,1.47
partial cycles,9.54,-0.037000000000000005,-0.5,0.05,1.7885,0.04150000000000004,3.3,1.47
partial cycles,9.548333333333332,-0.03716666666666667,-0.5,0.05416666666666667,1.7926458333333333,0.04152083333333337,3.3041666666666667,1.47
partial cycles,9.556666666666667,-0.037333333333333336,-0.5,0.058333333333333334,1.7967916666666668,0.041541666666666706,3.308333333333333,1.47
partial cycles,9.565,-0.037500000000000006,-0.5,0.0625,1.8009375,0.04156250000000004,3.3125,1.47
partial cycles,9.573333333333332,-0.03766666666666667,-0.5,0.06666666666666667,1.8050833333333334,0.04158333333333337,3.316666666666667,1.47
partial cycles,9.581666666666667,-0.03783333333333334,-0.5,0.07083333333333333,1.8092291666666667,0.041604166666666706,3.3208333333333333,1.47
partial cycles,9.59,-0.038000000000000006,-0.5,0.075,1.813375,0.04162500000000004,3.325,1.47
partial cycles,9.598333333333333,-0.03816666666666667,-0.5,0.07916666666666666,1.8175208333333333,0.04164583333333337,3.3291666666666666,1.47
partial cycles,9.606666666666666,-0.03833333333333334,-0.5,0.08333333333333333,1.8216666666666668,0.041666666666666706,3.3333333333333335,1.47
partial cycles,9.615,-0.038500000000000006,-0.5,0.0875,1.8258125,0.04168750000000004,3.3375,1.47
partial cycles,9.623333333333333,-0.03866666666666667,-0.5,0.09166666666666666,1.8299583333333334,0.04170833333333337,3.341666666666667,1.47
partial cycles,9.631666666666666,-0.03883333333333334,-0.5,0.09583333333333334,1.8341041666666666,0.041729166666666706,3.345833333333333,1.47
partial cycles,9.639999999999999,-0.03900000000000001,-0.5,0.1,1.83825,0.04175000000000004,3.35,1.47
partial cycles,9.648333333333333,-0.03916666666666667,-0.5,0.10416666666666667,1.8423958333333335,0.04177083333333337,3.3541666666666665,1.47
partial cycles,9.656666666666666,-0.03933333333333334,-0.5,0.10833333333333334,1.8465416666666667,0.041791666666666706,3.3583333333333334,1.47
partial cycles,9.665,-0.03950000000000001,-0.5,0.1125,1.8506875,0.04181250000000004,3.3625,1.47
partial cycles,9.673333333333332,-0.03966666666666667,-0.5,0.11666666666666667,1.8548333333333333,0.04183333333333337,3.3666666666666667,1.47
partial cycles,9.681666666666667,-0.03983333333333334,-0.5,0.12083333333333333,1.8589791666666666,0.041854166666666706,3.370833333333333,1.47
partial cycles,9.69,-0.04,-0.5,0.125,1.863125,0.04187500000000004,3.375,1.47
partial cycles,9.698333333333332,-0.04016666666666667,-0.5,0.12916666666666668,1.8672708333333334,0.04189583333333337,3.379166666666667,1.47
partial cycles,9.706666666666667,-0.04033333333333334,-0.5,0.13333333333333333,1.8714166666666667,0.041916666666666706,3.3833333333333333,1.47
partial cycles,9.715,-0.0405,-0.5,0.1375,1.8755625,0.04193750000000004,3.3875,1.47
partial cycles,9.723333333333333,-0.04066666666666667,-0.5,0.14166666666666666,1.8797083333333333,0.04195833333333337,3.3916666666666666,1.47
partial cycles,9.731666666666666,-0.04083333333333334,-0.5,0.14583333333333334,1.8838541666666666,0.041979166666666706,3.3958333333333335,1.47
partial cycles,9.74,-0.041,-0.5,0.15,1.888,0.04200000000000004,3.4,1.47
partial cycles,9.748333333333333,-0.04116666666666667,-0.5,0.15416666666666667,1.8921458333333334,0.04202083333333337,3.404166666666667,1.47
partial cycles,9.756666666666666,-0.04133333333333333,-0.5,0.15833333333333333,1.8962916666666667,0.042041666666666706,3.408333333333333,1.47
partial cycles,9.764999999999999,-0.0415,-0.5,0.1625,1.9004375,0.04206250000000004,3.4125,1.47
partial cycles,9.773333333333333,-0.04166666666666667,-0.5,0.16666666666666666,1.9045833333333333,0.04208333333333337,3.4166666666666665,1.47
partial cycles,9.781666666666666,-0.041833333333333333,-0.5,0.17083333333333334,1.9087291666666668,0.042104166666666706,3.4208333333333334,1.47
partial cycles,9.79,-0.042,-0.5,0.175,1.912875,0.04212500000000004,3.425,1.47
partial cycles,9.798333333333332,-0.04216666666666667,-0.5,0.17916666666666667,1.9170208333333334,0.04214583333333337,3.4291666666666667,1.47
partial cycles,9.806666666666667,-0.042333333333333334,-0.5,0.18333333333333332,1.9211666666666667,0.042166666666666706,3.433333333333333,1.47
partial cycles,9.815,-0.0425,-0.5,0.1875,1.9253125,0.04218750000000004,3.4375,1.47
partial cycles,9.823333333333332,-0.04266666666666667,-0.5,0.19166666666666668,1.9294583333333333,0.04220833333333337,3.441666666666667,1.47
partial cycles,9.831666666666667,-0.042833333333333334,-0.5,0.19583333333333333,1.9336041666666666,0.042229166666666706,3.4458333333333333,1.47
partial cycles,9.84,-0.043000000000000003,-0.5,0.2,1.93775,0.04225000000000004,3.45,1.47
partial cycles,9.848333333333333,-0.04316666666666667,-0.5,0.20416666666666666,1.9418958333333334,0.04227083333333337,3.4541666666666666,1.47
partial cycles,9.856666666666666,-0.043333333333333335,-0.5,0.20833333333333334,1.9460416666666667,0.04229166666666671,3.4583333333333335,1.47
partial cycles,9.865,-0.043500000000000004,-0.5,0.2125,1.9501875,0.04231250000000004,3.4625,1.47
partial cycles,9.873333333333333,-0.04366666666666667,-0.5,0.21666666666666667,1.9543333333333335,0.04233333333333337,3.466666666666667,1.47
partial cycles,9.881666666666666,-0.043833333333333335,-0.5,0.22083333333333333,1.9584791666666668,0.04235416666666671,3.470833333333333,1.47
partial cycles,9.889999999999999,-0.044000000000000004,-0.5,0.225,1.962625,0.04237500000000004,3.475,1.47
partial cycles,9.898333333333333,-0.044166666666666674,-0.5,0.22916666666666666,1.9667708333333334,0.04239583333333337,3.4791666666666665,1.47
partial cycles,9.906666666666666,-0.044333333333333336,-0.5,0.23333333333333334,1.9709166666666667,0.04241666666666671,3.4833333333333334,1.47
partial cycles,9.915,-0.044500000000000005,-0.5,0.2375,1.9750625,0.04243750000000004,3.4875,1.47
partial cycles,9.923333333333332,-0.044666666666666674,-0.5,0.24166666666666667,1.9792083333333332,0.04245833333333337,3.4916666666666667,1.47
partial cycles,9.931666666666667,-0.044833333333333336,-0.5,0.24583333333333332,1.9833541666666668,0.04247916666666671,3.495833333333333,1.47
partial cycles,9.94,0.05,0.5,0.0,1.9875,0.04250000000000004,3.5,1.47
partial cycles,9.948333333333332,0.0502,0.5,0.004166666666666667,1.9833333333333334,0.04250000000000004,3.5,1.4741666666666666
partial cycles,9.956666666666667,0.0504,0.5,0.008333333333333333,1.9791666666666667,0.04250000000000004,3.5,1.4783333333333333
partial cycles,9.965,0.050600000000000006,0.5,0.0125,1.975,0.04250000000000004,3.5,1.4825
partial cycles,9.973333333333333,0.050800000000000005,0.5,0.016666666666666666,1.9708333333333334,0.04250000000000004,3.5,1.4866666666666666
partial cycles,9.981666666666666,0.051000000000000004,0.5,0.020833333333333332,1.9666666666666668,0.04250000000000004,3.5,1.4908333333333332
partial cycles,9.99,0.0512,0.5,0.025,1.9625000000000001,0.04250000000000004,3.5,1.4949999999999999
partial cycles,9.998333333333333,0.0514,0.5,0.029166666666666667,1.9583333333333335,0.04250000000000004,3.5,1.4991666666666665
partial cycles,10.006666666666666,0.0516,0.5,0.03333333333333333,1.9541666666666666,0.04250000000000004,3.5,1.5033333333333334
partial cycles,10.014999999999999,0.051800000000000006,0.5,0.0375,1.95,0.04250000000000004,3.5,1.5075
partial cycles,10.023333333333333,0.052000000000000005,0.5,0.041666666666666664,1.9458333333333333,0.04250000000000004,3.5,1.5116666666666667
partial cycles,10.031666666666666,0.0522,0.5,0.04583333333333333,1.9416666666666667,0.04250000000000004,3.5,1.5158333333333334
partial cycles,10.04,0.0524,0.5,0.05,1.9375,0.04250000000000004,3.5,1.52
partial cycles,10.048333333333332,0.0526,0.5,0.05416666666666667,1.9333333333333333,0.04250000000000004,3.5,1.5241666666666667
partial cycles,10.056666666666667,0.0528,0.5,0.058333333333333334,1.9291666666666667,0.04250000000000004,3.5,1.5283333333333333
partial cycles,10.065,0.053000000000000005,0.5,0.0625,1.925,0.04250000000000004,3.5,1.5325
partial cycles,10.073333333333332,0.053200000000000004,0.5,0.06666666666666667,1.9208333333333334,0.04250000000000004,3.5,1.5366666666666666
partial cycles,10.081666666666667,0.0534,0.5,0.07083333333333333,1.9166666666666667,0.04250000000000004,3.5,1.5408333333333333
partial cycles,10.09,0.0536,0.5,0.075,1.9125,0.04250000000000004,3.5,1.545
partial cycles,10.098333333333333,0.0538,0.5,0.07916666666666666,1.9083333333333334,0.04250000000000004,3.5,1.5491666666666666
partial cycles,10.106666666666666,0.054000000000000006,0.5,0.08333333333333333,1.9041666666666668,0.04250000000000004,3.5,1.5533333333333332
partial cycles,10.115,0.054200000000000005,0.5,0.0875,1.9000000000000001,0.04250000000000004,3.5,1.5574999999999999
partial cycles,10.123333333333333,0.054400000000000004,0.5,0.09166666666666666,1.8958333333333335,0.04250000000000004,3.5,1.5616666666666665
partial cycles,10.131666666666666,0.0546,0.5,0.09583333333333334,1.8916666666666666,0.04250000000000004,3.5,1.5658333333333334
partial cycles,10.139999999999999,0.0548,0.5,0.1,1.8875,0.04250000000000004,3.5,1.57
partial cycles,10.148333333333333,0.055,0.5,0.10416666666666667,1.8833333333333333,0.04250000000000004,3.5,1.5741666666666667
partial cycles,10.156666666666666,0.055200000000000006,0.5,0.10833333333333334,1.8791666666666667,0.04250000000000004,3.5,1.5783333333333334
partial cycles,10.165,0.055400000000000005,0.5,0.1125,1.875,0.04250000000000004,3.5,1.5825
partial cycles,10.173333333333332,0.055600000000000004,0.5,0.11666666666666667,1.8708333333333333,0.04250000000000004,3.5,1.5866666666666667
partial cycles,10.181666666666667,0.0558,0.5,0.12083333333333333,1.8666666666666667,0.04250000000000004,3.5,1.5908333333333333
partial cycles,10.19,0.056,0.5,0.125,1.8625,0.04250000000000004,3.5,1.595
partial cycles,10.198333333333332,0.0562,0.5,0.12916666666666668,1.8583333333333334,0.04250000000000004,3.5,1.5991666666666666
partial cycles,10.206666666666667,0.056400000000000006,0.5,0.13333333333333333,1.8541666666666667,0.04250000000000004,3.5,1.6033333333333333
partial cycles,10.215,0.056600000000000004,0.5,0.1375,1.85,0.04250000000000004,3.5,1.6075
partial cycles,10.223333333333333,0.0568,0.5,0.14166666666666666,1.8458333333333334,0.04250000000000004,3.5,1.6116666666666666
partial cycles,10.231666666666666,0.057,0.5,0.14583333333333334,1.8416666666666668,0.04250000000000004,3.5,1.6158333333333332
partial cycles,10.24,0.0572,0.5,0.15,1.8375000000000001,0.04250000000000004,3.5,1.6199999999999999
partial cycles,10.248333333333333,0.05740000000000001,0.5,0.15416666666666667,1.8333333333333335,0.04250000000000004,3.5,1.6241666666666665
partial cycles,10.256666666666666,0.057600000000000005,0.5,0.15833333333333333,1.8291666666666666,0.04250000000000004,3.5,1.6283333333333334
partial cycles,10.264999999999999,0.057800000000000004,0.5,0.1625,1.825,0.04250000000000004,3.5,1.6325
partial cycles,10.273333333333333,0.058,0.5,0.16666666666666666,1.8208333333333333,0.04250000000000004,3.5,1.6366666666666667
partial cycles,10.281666666666666,0.0582,0.5,0.17083333333333334,1.8166666666666667,0.04250000000000004,3.5,1.6408333333333334
partial cycles,10.29,0.0584,0.5,0.175,1.8125,0.04250000000000004,3.5,1.645
partial cycles,10.298333333333332,0.0586,0.5,0.17916666666666667,1.8083333333333333,0.04250000000000004,3.5,1.6491666666666667
partial cycles,10.306666666666667,0.058800000000000005,0.5,0.18333333333333332,1.8041666666666667,0.04250000000000004,3.5,1.6533333333333333
partial cycles,10.315,0.059000000000000004,0.5,0.1875,1.8,0.04250000000000004,3.5,1.6575
partial cycles,10.323333333333332,0.0592,0.5,0.19166666666666668,1.7958333333333334,0.04250000000000004,3.5,1.6616666666666666
partial cycles,10.331666666666667,0.0594,0.5,0.19583333333333333,1.7916666666666667,0.04250000000000004,3.5,1.6658333333333333
partial cycles,10.34,0.0596,0.5,0.2,1.7875,0.04250000000000004,3.5,1.67
partial cycles,10.348333333333333,0.059800000000000006,0.5,0.20416666666666666,1.7833333333333334,0.04250000000000004,3.5,1.6741666666666666
partial cycles,10.356666666666666,0.060000000000000005,0.5,0.20833333333333334,1.7791666666666668,0.04250000000000004,3.5,1.6783333333333332
partial cycles,10.365,0.060200000000000004,0.5,0.2125,1.7750000000000001,0.04250000000000004,3.5,1.6824999999999999
partial cycles,10.373333333333333,0.0604,0.5,0.21666666666666667,1.7708333333333335,0.04250000000000004,3.5,1.6866666666666665
partial cycles,10.381666666666666,0.0606,0.5,0.22083333333333333,1.7666666666666666,0.04250000000000004,3.5,1.6908333333333334
partial cycles,10.389999999999999,0.06080000000000001,0.5,0.225,1.7625,0.04250000000000004,3.5,1.695
partial cycles,10.398333333333333,0.061,0.5,0.22916666666666666,1.7583333333333333,0.04250000000000004,3.5,1.6991666666666667
partial cycles,10.406666666666666,0.061200000000000004,0.5,0.23333333333333334,1.7541666666666667,0.04250000000000004,3.5,1.7033333333333334
partial cycles,10.415,0.0614,0.5,0.2375,1.75,0.04250000000000004,3.5,1.7075
partial cycles,10.423333333333332,0.0616,0.5,0.24166666666666667,1.7458333333333333,0.04250000000000004,3.5,1.7116666666666667
partial cycles,10.431666666666667,0.0618,0.5,0.24583333333333332,1.7416666666666667,0.04250000000000004,3.5,1.7158333333333333
partial cycles,10.44,-0.035,-0.5,0.0,1.7375,0.04250000000000004,3.5,1.72
partial cycles,10.448333333333332,-0.03516666666666667,-0.5,0.004166666666666667,1.7416458333333333,0.04252083333333337,3.504166666666667,1.72
partial cycles,10.456666666666667,-0.035333333333333335,-0.5,0.008333333333333333,1.7457916666666666,0.04254166666666671,3.5083333333333333,1.72
partial cycles,10.465,-0.035500000000000004,-0.5,0.0125,1.7499375000000001,0.04256250000000004,3.5125,1.72
partial cycles,10.473333333333333,-0.03566666666666667,-0.5,0.016666666666666666,1.7540833333333334,0.04258333333333337,3.5166666666666666,1.72
partial cycles,10.481666666666666,-0.035833333333333335,-0.5,0.020833333333333332,1.7582291666666667,0.04260416666666671,3.5208333333333335,1.72
partial cycles,10.49,-0.036000000000000004,-0.5,0.025,1.762375,0.04262500000000004,3.525,1.72
partial cycles,10.498333333333333,-0.03616666666666667,-0.5,0.029166666666666667,1.7665208333333333,0.04264583333333337,3.529166666666667,1.72
partial cycles,10.506666666666666,-0.036333333333333336,-0.5,0.03333333333333333,1.7706666666666666,0.04266666666666671,3.533333333333333,1.72
partial cycles,10.514999999999999,-0.036500000000000005,-0.5,0.0375,1.7748125000000001,0.04268750000000004,3.5375,1.72
partial cycles,10.523333333333333,-0.03666666666666667,-0.5,0.041666666666666664,1.7789583333333334,0.04270833333333337,3.5416666666666665,1.72
partial cycles,10.531666666666666,-0.036833333333333336,-0.5,0.04583333333333333,1.7831041666666667,0.04272916666666671,3.5458333333333334,1.72
partial cycles,10.54,-0.037000000000000005,-0.5,0.05,1.78725,0.04275000000000004,3.55,1.72
partial cycles,10.548333333333332,-0.03716666666666667,-0.5,0.05416666666666667,1.7913958333333333,0.04277083333333337,3.5541666666666667,1.72
partial cycles,10.556666666666667,-0.037333333333333336,-0.5,0.058333333333333334,1.7955416666666668,0.04279166666666671,3.558333333333333,1.72
partial cycles,10.565,-0.037500000000000006,-0.5,0.0625,1.7996875,0.04281250000000004,3.5625,1.72
partial cycles,10.573333333333332,-0.03766666666666667,-0.5,0.06666666666666667,1.8038333333333334,0.04283333333333337,3.566666666666667,1.72
partial cycles,10.581666666666667,-0.03783333333333334,-0.5,0.07083333333333333,1.8079791666666667,0.04285416666666671,3.5708333333333333,1.72
partial cycles,10.59,-0.038000000000000006,-0.5,0.075,1.812125,0.04287500000000004,3.575,1.72
partial cycles,10.598333333333333,-0.03816666666666667,-0.5,0.07916666666666666,1.8162708333333333,0.04289583333333337,3.5791666666666666,1.72
partial cycles,10.606666666666666,-0.03833333333333334,-0.5,0.08333333333333333,1.8204166666666668,0.04291666666666671,3.5833333333333335,1.72
partial cycles,10.615,-0.038500000000000006,-0.5,0.0875,1.8245625,0.04293750000000004,3.5875,1.72
partial cycles,10.623333333333333,-0.03866666666666667,-0.5,0.09166666666666666,1.8287083333333334,0.04295833333333337,3.591666666666667,1.72
partial cycles,10.631666666666666,-0.03883333333333334,-0.5,0.09583333333333334,1.8328541666666667,0.04297916666666671,3.595833333333333,1.72
partial cycles,10.639999999999999,-0.03900000000000001,-0.5,0.1,1.837,0.04300000000000004,3.6,1.72
partial cycles,10.648333333333333,-0.03916666666666667,-0.5,0.10416666666666667,1.8411458333333335,0.04302083333333337,3.6041666666666665,1.72
partial cycles,10.656666666666666,-0.03933333333333334,-0.5,0.10833333333333334,1.8452916666666668,0.04304166666666671,3.6083333333333334,1.72
partial cycles,10.665,-0.03950000000000001,-0.5,0.1125,1.8494375,0.04306250000000004,3.6125,1.72
partial cycles,10.673333333333332,-0.03966666666666667,-0.5,0.11666666666666667,1.8535833333333334,0.04308333333333337,3.6166666666666667,1.72
partial cycles,10.681666666666667,-0.03983333333333334,-0.5,0.12083333333333333,1.8577291666666667,0.04310416666666671,3.620833333333333,1.72
partial cycles,10.69,-0.04,-0.5,0.125,1.861875,0.04312500000000004,3.625,1.72
partial cycles,10.698333333333332,-0.04016666666666667,-0.5,0.12916666666666668,1.8660208333333335,0.04314583333333337,3.629166666666667,1.72
partial cycles,10.706666666666667,-0.04033333333333334,-0.5,0.13333333333333333,1.8701666666666668,0.04316666666666671,3.6333333333333333,1.72
partial cycles,10.715,-0.0405,-0.5,0.1375,1.8743125,0.04318750000000004,3.6375,1.72
partial cycles,10.723333333333333,-0.04066666666666667,-0.5,0.14166666666666666,1.8784583333333333,0.04320833333333337,3.6416666666666666,1.72
partial cycles,10.731666666666666,-0.04083333333333334,-0.5,0.14583333333333334,1.8826041666666666,0.04322916666666671,3.6458333333333335,1.72
partial cycles,10.74,-0.041,-0.5,0.15,1.8867500000000001,0.04325000000000004,3.65,1.72
partial cycles,10.748333333333333,-0.04116666666666667,-0.5,0.15416666666666667,1.8908958333333334,0.04327083333333337,3.654166666666667,1.72
partial cycles,10.756666666666666,-0.04133333333333333,-0.5,0.15833333333333333,1.8950416666666667,0.04329166666666671,3.658333333333333,1.72
partial cycles,10.764999999999999,-0.0415,-0.5,0.1625,1.8991875,0.04331250000000004,3.6625,1.72
partial cycles,10.773333333333333,-0.04166666666666667,-0.5,0.16666666666666666,1.9033333333333333,0.04333333333333337,3.6666666666666665,1.72
partial cycles,10.781666666666666,-0.041833333333333333,-0.5,0.17083333333333334,1.9074791666666666,0.04335416666666671,3.6708333333333334,1.72
partial cycles,10.79,-0.042,-0.5,0.175,1.9116250000000001,0.04337500000000004,3.675,1.72
partial cycles,10.798333333333332,-0.04216666666666667,-0.5,0.17916666666666667,1.9157708333333334,0.04339583333333337,3.6791666666666667,1.72
partial cycles,10.806666666666667,-0.042333333333333334,-0.5,0.18333333333333332,1.9199166666666667,0.04341666666666671,3.683333333333333,1.72
partial cycles,10.815,-0.0425,-0.5,0.1875,1.9240625,0.04343750000000004,3.6875,1.72
partial cycles,10.823333333333332,-0.04266666666666667,-0.5,0.19166666666666668,1.9282083333333333,0.04345833333333337,3.691666666666667,1.72
partial cycles,10.831666666666667,-0.042833333333333334,-0.5,0.19583333333333333,1.9323541666666668,0.04347916666666671,3.6958333333333333,1.72
partial cycles,10.84,-0.043000000000000003,-0.5,0.2,1.9365,0.04350000000000004,3.7,1.72
partial cycles,10.848333333333333,-0.04316666666666667,-0.5,0.20416666666666666,1.9406458333333334,0.04352083333333337,3.7041666666666666,1.72
partial cycles,10.856666666666666,-0.043333333333333335,-0.5,0.20833333333333334,1.9447916666666667,0.04354166666666671,3.7083333333333335,1.72
partial cycles,10.865,-0.043500000000000004,-0.5,0.2125,1.9489375,0.04356250000000004,3.7125,1.72
partial cycles,10.873333333333333,-0.04366666666666667,-0.5,0.21666666666666667,1.9530833333333333,0.04358333333333337,3.716666666666667,1.72
partial cycles,10.881666666666666,-0.043833333333333335,-0.5,0.22083333333333333,1.9572291666666668,0.04360416666666671,3.720833333333333,1.72
partial cycles,10.889999999999999,-0.044000000000000004,-0.5,0.225,1.961375,0.04362500000000004,3.725,1.72
partial cycles,10.898333333333333,-0.044166666666666674,-0.5,0.22916666666666666,1.9655208333333334,0.04364583333333337,3.7291666666666665,1.72
partial cycles,10.906666666666666,-0.044333333333333336,-0.5,0.23333333333333334,1.9696666666666667,0.04366666666666671,3.7333333333333334,1.72
partial cycles,10.915,-0.044500000000000005,-0.5,0.2375,1.9738125,0.04368750000000004,3.7375,1.72
partial cycles,10.923333333333332,-0.044666666666666674,-0.5,0.24166666666666667,1.9779583333333335,0.04370833333333337,3.7416666666666667,1.72
partial cycles,10.931666666666667,-0.044833333333333336,-0.5,0.24583333333333332,1.9821041666666668,0.04372916666666671,3.745833333333333,1.72
partial cycles,10.94,0.05,0.5,0.0,1.98625,0.04375000000000004,3.75,1.72
partial cycles,10.948333333333332,0.0502,0.5,0.004166666666666667,1.9820833333333334,0.04375000000000004,3.75,1.7241666666666666
partial cycles,10.956666666666667,0.0504,0.5,0.008333333333333333,1.9779166666666668,0.04375000000000004,3.75,1.7283333333333333
partial cycles,10.965,0.050600000000000006,0.5,0.0125,1.9737500000000001,0.04375000000000004,3.75,1.7325
partial cycles,10.973333333333333,0.050800000000000005,0.5,0.016666666666666666,1.9695833333333335,0.04375000000000004,3.75,1.7366666666666666
partial cycles,10.981666666666666,0.051000000000000004,0.5,0.020833333333333332,1.9654166666666668,0.04375000000000004,3.75,1.7408333333333332
partial cycles,10.99,0.0512,0.5,0.025,1.9612500000000002,0.04375000000000004,3.75,1.7449999999999999
partial cycles,10.998333333333333,0.0514,0.5,0.029166666666666667,1.9570833333333335,0.04375000000000004,3.75,1.7491666666666665
partial cycles,11.006666666666666,0.0516,0.5,0.03333333333333333,1.9529166666666666,0.04375000000000004,3.75,1.7533333333333334
partial cycles,11.014999999999999,0.051800000000000006,0.5,0.0375,1.94875,0.04375000000000004,3.75,1.7575
partial cycles,11.023333333333333,0.052000000000000005,0.5,0.041666666666666664,1.9445833333333333,0.04375000000000004,3.75,1.7616666666666667
partial cycles,11.031666666666666,0.0522,0.5,0.04583333333333333,1.9404166666666667,0.04375000000000004,3.75,1.7658333333333334
partial cycles,11.04,0.0524,0.5,0.05,1.93625,0.04375000000000004,3.75,1.77
partial cycles,11.048333333333332,0.0526,0.5,0.05416666666666667,1.9320833333333334,0.04375000000000004,3.75,1.7741666666666667
partial cycles,11.056666666666667,0.0528,0.5,0.058333333333333334,1.9279166666666667,0.04375000000000004,3.75,1.7783333333333333
partial cycles,11.065,0.053000000000000005,0.5,0.0625,1.92375,0.04375000000000004,3.75,1.7825
partial cycles,11.073333333333332,0.053200000000000004,0.5,0.06666666666666667,1.9195833333333334,0.04375000000000004,3.75,1.7866666666666666
partial cycles,11.081666666666667,0.0534,0.5,0.07083333333333333,1.9154166666666668,0.04375000000000004,3.75,1.7908333333333333
partial cycles,11.09,0.0536,0.5,0.075,1.9112500000000001,0.04375000000000004,3.75,1.795
partial cycles,11.098333333333333,0.0538,0.5,0.07916666666666666,1.9070833333333335,0.04375000000000004,3.75,1.7991666666666666
partial cycles,11.106666666666666,0.054000000000000006,0.5,0.08333333333333333,1.9029166666666668,0.04375000000000004,3.75,1.8033333333333332
partial cycles,11.115,0.054200000000000005,0.5,0.0875,1.8987500000000002,0.04375000000000004,3.75,1.8074999999999999
partial cycles,11.123333333333333,0.054400000000000004,0.5,0.09166666666666666,1.8945833333333335,0.04375000000000004,3.75,1.8116666666666665
partial cycles,11.131666666666666,0.0546,0.5,0.09583333333333334,1.8904166666666666,0.04375000000000004,3.75,1.8158333333333334
partial cycles,11.139999999999999,0.0548,0.5,0.1,1.88625,0.04375000000000004,3.75,1.82
partial cycles,11.148333333333333,0.055,0.5,0.10416666666666667,1.8820833333333333,0.04375000000000004,3.75,1.8241666666666667
partial cycles,11.156666666666666,0.055200000000000006,0.5,0.10833333333333334,1.8779166666666667,0.04375000000000004,3.75,1.8283333333333334
partial cycles,11.165,0.055400000000000005,0.5,0.1125,1.87375,0.04375000000000004,3.75,1.8325
partial cycles,11.173333333333332,0.055600000000000004,0.5,0.11666666666666667,1.8695833333333334,0.04375000000000004,3.75,1.8366666666666667
partial cycles,11.181666666666667,0.0558,0.5,0.12083333333333333,1.8654166666666667,0.04375000000000004,3.75,1.8408333333333333
partial cycles,11.19,0.056,0.5,0.125,1.86125,0.04375000000000004,3.75,1.845
partial cycles,11.198333333333332,0.0562,0.5,0.12916666666666668,1.8570833333333334,0.04375000000000004,3.75,1.8491666666666666
partial cycles,11.206666666666667,0.056400000000000006,0.5,0.13333333333333333,1.8529166666666668,0.04375000000000004,3.75,1.8533333333333333
partial cycles,11.215,0.056600000000000004,0.5,0.1375,1.8487500000000001,0.04375000000000004,3.75,1.8575
partial cycles,11.223333333333333,0.0568,0.5,0.14166666666666666,1.8445833333333335,0.04375000000000004,3.75,1.8616666666666666
partial cycles,11.231666666666666,0.057,0.5,0.14583333333333334,1.8404166666666668,0.04375000000000004,3.75,1.8658333333333332
partial cycles,11.24,0.0572,0.5,0.15,1.8362500000000002,0.04375000000000004,3.75,1.8699999999999999
partial cycles,11.248333333333333,0.05740000000000001,0.5,0.15416666666666667,1.8320833333333333,0.04375000000000004,3.75,1.8741666666666665
partial cycles,11.256666666666666,0.057600000000000005,0.5,0.15833333333333333,1.8279166666666669,0.04375000000000004,3.75,1.8783333333333334
partial cycles,11.264999999999999,0.057800000000000004,0.5,0.1625,1.82375,0.04375000000000004,3.75,1.8825
partial cycles,11.273333333333333,0.058,0.5,0.16666666666666666,1.8195833333333333,0.04375000000000004,3.75,1.8866666666666667
partial cycles,11.281666666666666,0.0582,0.5,0.17083333333333334,1.8154166666666667,0.04375000000000004,3.75,1.8908333333333334
partial cycles,11.29,0.0584,0.5,0.175,1.81125,0.04375000000000004,3.75,1.895
partial cycles,11.298333333333332,0.0586,0.5,0.17916666666666667,1.8070833333333334,0.04375000000000004,3.75,1.8991666666666667
partial cycles,11.306666666666667,0.058800000000000005,0.5,0.18333333333333332,1.8029166666666667,0.04375000000000004,3.75,1.9033333333333333
partial cycles,11.315,0.059000000000000004,0.5,0.1875,1.79875,0.04375000000000004,3.75,1.9075
partial cycles,11.323333333333332,0.0592,0.5,0.19166666666666668,1.7945833333333334,0.04375000000000004,3.75,1.9116666666666666
partial cycles,11.331666666666667,0.0594,0.5,0.19583333333333333,1.7904166666666668,0.04375000000000004,3.75,1.9158333333333333
partial cycles,11.34,0.0596,0.5,0.2,1.7862500000000001,0.04375000000000004,3.75,1.92
partial cycles,11.348333333333333,0.059800000000000006,0.5,0.20416666666666666,1.7820833333333335,0.04375000000000004,3.75,1.9241666666666666
partial cycles,11.356666666666666,0.060000000000000005,0.5,0.20833333333333334,1.7779166666666668,0.04375000000000004,3.75,1.9283333333333332
partial cycles,11.365,0.060200000000000004,0.5,0.2125,1.7737500000000002,0.04375000000000004,3.75,1.9324999999999999
partial cycles,11.373333333333333,0.0604,0.5,0.21666666666666667,1.7695833333333333,0.04375000000000004,3.75,1.9366666666666665
partial cycles,11.381666666666666,0.0606,0.5,0.22083333333333333,1.7654166666666669,0.04375000000000004,3.75,1.9408333333333334
partial cycles,11.389999999999999,0.06080000000000001,0.5,0.225,1.76125,0.04375000000000004,3.75,1.945
partial cycles,11.398333333333333,0.061,0.5,0.22916666666666666,1.7570833333333333,0.04375000000000004,3.75,1.9491666666666667
partial cycles,11.406666666666666,0.061200000000000004,0.5,0.23333333333333334,1.7529166666666667,0.04375000000000004,3.75,1.9533333333333334
partial cycles,11.415,0.0614,0.5,0.2375,1.74875,0.04375000000000004,3.75,1.9575
partial cycles,11.423333333333332,0.0616,0.5,0.24166666666666667,1.7445833333333334,0.04375000000000004,3.75,1.9616666666666667
partial cycles,11.431666666666667,0.0618,0.5,0.24583333333333332,1.7404166666666667,0.04375000000000004,3.75,1.9658333333333333
partial cycles,11.44,-0.035,-0.5,0.0,1.73625,0.04375000000000004,3.75,1.97
partial cycles,11.448333333333332,-0.03516666666666667,-0.5,0.004166666666666667,1.7403958333333334,0.04377083333333337,3.754166666666667,1.97
partial cycles,11.456666666666667,-0.035333333333333335,-0.5,0.008333333333333333,1.7445416666666667,0.04379166666666671,3.7583333333333333,1.97
partial cycles,11.465,-0.035500000000000004,-0.5,0.0125,1.7486875000000002,0.04381250000000004,3.7625,1.97
partial cycles,11.473333333333333,-0.03566666666666667,-0.5,0.016666666666666666,1.7528333333333335,0.04383333333333337,3.7666666666666666,1.97
partial cycles,11.481666666666666,-0.035833333333333335,-0.5,0.020833333333333332,1.7569791666666668,0.04385416666666671,3.7708333333333335,1.97
partial cycles,11.49,-0.036000000000000004,-0.5,0.025,1.761125,0.04387500000000004,3.775,1.97
partial cycles,11.498333333333333,-0.03616666666666667,-0.5,0.029166666666666667,1.7652708333333333,0.04389583333333337,3.779166666666667,1.97
partial cycles,11.506666666666666,-0.036333333333333336,-0.5,0.03333333333333333,1.7694166666666666,0.04391666666666671,3.783333333333333,1.97
partial cycles,11.514999999999999,-0.036500000000000005,-0.5,0.0375,1.7735625000000002,0.04393750000000004,3.7875,1.97
partial cycles,11.523333333333333,-0.03666666666666667,-0.5,0.041666666666666664,1.7777083333333334,0.04395833333333337,3.7916666666666665,1.97
partial cycles,11.531666666666666,-0.036833333333333336,-0.5,0.04583333333333333,1.7818541666666667,0.04397916666666671,3.7958333333333334,1.97
partial cycles,11.54,-0.037000000000000005,-0.5,0.05,1.786,0.04400000000000004,3.8,1.97
partial cycles,11.548333333333332,-0.03716666666666667,-0.5,0.05416666666666667,1.7901458333333333,0.04402083333333337,3.8041666666666667,1.97
partial cycles,11.556666666666667,-0.037333333333333336,-0.5,0.058333333333333334,1.7942916666666668,0.04404166666666671,3.808333333333333,1.97
partial cycles,11.565,-0.037500000000000006,-0.5,0.0625,1.7984375000000001,0.04406250000000004,3.8125,1.97
partial cycles,11.573333333333332,-0.03766666666666667,-0.5,0.06666666666666667,1.8025833333333334,0.04408333333333337,3.816666666666667,1.97
partial cycles,11.581666666666667,-0.03783333333333334,-0.5,0.07083333333333333,1.8067291666666667,0.04410416666666671,3.8208333333333333,1.97
partial cycles,11.59,-0.038000000000000006,-0.5,0.075,1.810875,0.04412500000000004,3.825,1.97
partial cycles,11.598333333333333,-0.03816666666666667,-0.5,0.07916666666666666,1.8150208333333333,0.04414583333333337,3.8291666666666666,1.97
partial cycles,11.606666666666666,-0.03833333333333334,-0.5,0.08333333333333333,1.8191666666666668,0.04416666666666671,3.8333333333333335,1.97
partial cycles,11.615,-0.038500000000000006,-0.5,0.0875,1.8233125000000001,0.04418750000000004,3.8375,1.97
partial cycles,11.623333333333333,-0.03866666666666667,-0.5,0.09166666666666666,1.8274583333333334,0.04420833333333337,3.841666666666667,1.97
partial cycles,11.631666666666666,-0.03883333333333334,-0.5,0.09583333333333334,1.8316041666666667,0.04422916666666671,3.845833333333333,1.97
partial cycles,11.639999999999999,-0.03900000000000001,-0.5,0.1,1.83575,0.04425000000000004,3.85,1.97
partial cycles,11.648333333333333,-0.03916666666666667,-0.5,0.10416666666666667,1.8398958333333335,0.04427083333333337,3.8541666666666665,1.97
partial cycles,11.656666666666666,-0.03933333333333334,-0.5,0.10833333333333334,1.8440416666666668,0.04429166666666671,3.8583333333333334,1.97
partial cycles,11.665,-0.03950000000000001,-0.5,0.1125,1.8481875,0.04431250000000004,3.8625,1.97
partial cycles,11.673333333333332,-0.03966666666666667,-0.5,0.11666666666666667,1.8523333333333334,0.04433333333333337,3.8666666666666667,1.97
partial cycles,11.681666666666667,-0.03983333333333334,-0.5,0.12083333333333333,1.8564791666666667,0.04435416666666671,3.870833333333333,1.97
partial cycles,11.69,-0.04,-0.5,0.125,1.860625,0.04437500000000004,3.875,1.97
partial cycles,11.698333333333332,-0.04016666666666667,-0.5,0.12916666666666668,1.8647708333333335,0.04439583333333337,3.879166666666667,1.97
partial cycles,11.706666666666667,-0.04033333333333334,-0.5,0.13333333333333333,1.8689166666666668,0.04441666666666671,3.8833333333333333,1.97
partial cycles,11.715,-0.0405,-0.5,0.1375,1.8730625,0.04443750000000004,3.8875,1.97
partial cycles,11.723333333333333,-0.04066666666666667,-0.5,0.14166666666666666,1.8772083333333334,0.04445833333333337,3.8916666666666666,1.97
partial cycles,11.731666666666666,-0.04083333333333334,-0.5,0.14583333333333334,1.8813541666666667,0.04447916666666671,3.8958333333333335,1.97
partial cycles,11.74,-0.041,-0.5,0.15,1.8855,0.04450000000000004,3.9,1.97
partial cycles,11.748333333333333,-0.04116666666666667,-0.5,0.15416666666666667,1.8896458333333335,0.04452083333333337,3.904166666666667,1.97
partial cycles,11.756666666666666,-0.04133333333333333,-0.5,0.15833333333333333,1.8937916666666668,0.04454166666666671,3.908333333333333,1.97
partial cycles,11.764999999999999,-0.0415,-0.5,0.1625,1.8979375,0.04456250000000004,3.9125,1.97
partial cycles,11.773333333333333,-0.04166666666666667,-0.5,0.16666666666666666,1.9020833333333333,0.04458333333333337,3.9166666666666665,1.97
partial cycles,11.781666666666666,-0.041833333333333333,-0.5,0.17083333333333334,1.9062291666666669,0.04460416666666671,3.9208333333333334,1.97
partial cycles,11.79,-0.042,-0.5,0.175,1.9103750000000002,0.04462500000000004,3.925,1.97
partial cycles,11.798333333333332,-0.04216666666666667,-0.5,0.17916666666666667,1.9145208333333334,0.04464583333333337,3.9291666666666667,1.97
partial cycles,11.806666666666667,-0.042333333333333334,-0.5,0.18333333333333332,1.9186666666666667,0.04466666666666671,3.933333333333333,1.97
partial cycles,11.815,-0.0425,-0.5,0.1875,1.9228125,0.04468750000000004,3.9375,1.97
partial cycles,11.823333333333332,-0.04266666666666667,-0.5,0.19166666666666668,1.9269583333333333,0.04470833333333337,3.941666666666667,1.97
partial cycles,11.831666666666667,-0.042833333333333334,-0.5,0.19583333333333333,1.9311041666666666,0.04472916666666671,3.9458333333333333,1.97
partial cycles,11.84,-0.043000000000000003,-0.5,0.2,1.9352500000000001,0.04475000000000004,3.95,1.97
partial cycles,11.848333333333333,-0.04316666666666667,-0.5,0.20416666666666666,1.9393958333333334,0.04477083333333337,3.9541666666666666,1.97
partial cycles,11.856666666666666,-0.043333333333333335,-0.5,0.20833333333333334,1.9435416666666667,0.04479166666666671,3.9583333333333335,1.97
partial cycles,11.865,-0.043500000000000004,-0.5,0.2125,1.9476875,0.04481250000000004,3.9625,1.97
partial cycles,11.873333333333333,-0.04366666666666667,-0.5,0.21666666666666667,1.9518333333333335,0.04483333333333337,3.966666666666667,1.97
partial cycles,11.881666666666666,-0.043833333333333335,-0.5,0.22083333333333333,1.9559791666666668,0.04485416666666671,3.970833333333333,1.97
partial cycles,11.889999999999999,-0.044000000000000004,-0.5,0.225,1.9601250000000001,0.04487500000000004,3.975,1.97
partial cycles,11.898333333333333,-0.044166666666666674,-0.5,0.22916666666666666,1.9642708333333334,0.04489583333333337,3.9791666666666665,1.97
partial cycles,11.906666666666666,-0.044333333333333336,-0.5,0.23333333333333334,1.9684166666666667,0.04491666666666671,3.9833333333333334,1.97
partial cycles,11.915,-0.044500000000000005,-0.5,0.2375,1.9725625,0.04493750000000004,3.9875,1.97
partial cycles,11.923333333333332,-0.044666666666666674,-0.5,0.24166666666666667,1.9767083333333333,0.04495833333333337,3.9916666666666667,1.97
partial cycles,11.931666666666667,-0.044833333333333336,-0.5,0.24583333333333332,1.9808541666666668,0.04497916666666671,3.995833333333333,1.97
partial cycles,11.94,0.05,0.5,0.0,1.985,0.04500000000000004,4.0,1.97
partial cycles,11.948333333333332,0.0502,0.5,0.004166666666666667,1.9808333333333334,0.04500000000000004,4.0,1.9741666666666666
partial cycles,11.956666666666667,0.0504,0.5,0.008333333333333333,1.9766666666666668,0.04500000000000004,4.0,1.9783333333333333
partial cycles,11.965,0.050600000000000006,0.5,0.0125,1.9725000000000001,0.04500000000000004,4.0,1.9825
partial cycles,11.973333333333333,0.050800000000000005,0.5,0.016666666666666666,1.9683333333333335,0.04500000000000004,4.0,1.9866666666666666
partial cycles,11.981666666666666,0.051000000000000004,0.5,0.020833333333333332,1.9641666666666668,0.04500000000000004,4.0,1.9908333333333332
partial cycles,11.99,0.0512,0.5,0.025,1.9600000000000002,0.04500000000000004,4.0,1.9949999999999999
partial cycles,11.998333333333333,0.0514,0.5,0.029166666666666667,1.9558333333333335,0.04500000000000004,4.0,1.9991666666666665
partial cycles,12.006666666666666,0.0516,0.5,0.03333333333333333,1.9516666666666667,0.04500000000000004,4.0,2.0033333333333334
partial cycles,12.014999999999999,0.051800000000000006,0.5,0.0375,1.9475,0.04500000000000004,4.0,2.0075
partial cycles,12.023333333333333,0.052000000000000005,0.5,0.041666666666666664,1.9433333333333334,0.04500000000000004,4.0,2.0116666666666667
partial cycles,12.031666666666666,0.0522,0.5,0.04583333333333333,1.9391666666666667,0.04500000000000004,4.0,2.015833333333333
partial cycles,12.04,0.0524,0.5,0.05,1.935,0.04500000000000004,4.0,2.02
partial cycles,12.048333333333332,0.0526,0.5,0.05416666666666667,1.9308333333333334,0.04500000000000004,4.0,2.0241666666666664
partial cycles,12.056666666666667,0.0528,0.5,0.058333333333333334,1.9266666666666667,0.04500000000000004,4.0,2.0283333333333333
partial cycles,12.065,0.053000000000000005,0.5,0.0625,1.9225,0.04500000000000004,4.0,2.0324999999999998
partial cycles,12.073333333333332,0.053200000000000004,0.5,0.06666666666666667,1.9183333333333334,0.04500000000000004,4.0,2.0366666666666666
partial cycles,12.081666666666667,0.0534,0.5,0.07083333333333333,1.9141666666666668,0.04500000000000004,4.0,2.0408333333333335
partial cycles,12.09,0.0536,0.5,0.075,1.9100000000000001,0.04500000000000004,4.0,2.045
partial cycles,12.098333333333333,0.0538,0.5,0.07916666666666666,1.9058333333333335,0.04500000000000004,4.0,2.049166666666667
partial cycles,12.106666666666666,0.054000000000000006,0.5,0.08333333333333333,1.9016666666666668,0.04500000000000004,4.0,2.0533333333333332
partial cycles,12.115,0.054200000000000005,0.5,0.0875,1.8975000000000002,0.04500000000000004,4.0,2.0575
partial cycles,12.123333333333333,0.054400000000000004,0.5,0.09166666666666666,1.8933333333333335,0.04500000000000004,4.0,2.0616666666666665
partial cycles,12.131666666666666,0.0546,0.5,0.09583333333333334,1.8891666666666667,0.04500000000000004,4.0,2.0658333333333334
partial cycles,12.139999999999999,0.0548,0.5,0.1,1.885,0.04500000000000004,4.0,2.07
partial cycles,12.148333333333333,0.055,0.5,0.10416666666666667,1.8808333333333334,0.04500000000000004,4.0,2.0741666666666667
partial cycles,12.156666666666666,0.055200000000000006,0.5,0.10833333333333334,1.8766666666666667,0.04500000000000004,4.0,2.078333333333333
partial cycles,12.165,0.055400000000000005,0.5,0.1125,1.8725,0.04500000000000004,4.0,2.0825
partial cycles,12.173333333333332,0.055600000000000004,0.5,0.11666666666666667,1.8683333333333334,0.04500000000000004,4.0,2.0866666666666664
partial cycles,12.181666666666667,0.0558,0.5,0.12083333333333333,1.8641666666666667,0.04500000000000004,4.0,2.0908333333333333
partial cycles,12.19,0.056,0.5,0.125,1.86,0.04500000000000004,4.0,2.0949999999999998
partial cycles,12.198333333333332,0.0562,0.5,0.12916666666666668,1.8558333333333334,0.04500000000000004,4.0,2.0991666666666666
partial cycles,12.206666666666667,0.056400000000000006,0.5,0.13333333333333333,1.8516666666666668,0.04500000000000004,4.0,2.1033333333333335
partial cycles,12.215,0.056600000000000004,0.5,0.1375,1.8475000000000001,0.04500000000000004,4.0,2.1075
partial cycles,12.223333333333333,0.0568,0.5,0.14166666666666666,1.8433333333333335,0.04500000000000004,4.0,2.111666666666667
partial cycles,12.231666666666666,0.057,0.5,0.14583333333333334,1.8391666666666668,0.04500000000000004,4.0,2.1158333333333332
partial cycles,12.24,0.0572,0.5,0.15,1.8350000000000002,0.04500000000000004,4.0,2.12
partial cycles,12.248333333333333,0.05740000000000001,0.5,0.15416666666666667,1.8308333333333335,0.04500000000000004,4.0,2.1241666666666665
partial cycles,12.256666666666666,0.057600000000000005,0.5,0.15833333333333333,1.8266666666666667,0.04500000000000004,4.0,2.1283333333333334
partial cycles,12.264999999999999,0.057800000000000004,0.5,0.1625,1.8225,0.04500000000000004,4.0,2.1325
partial cycles,12.273333333333333,0.058,0.5,0.16666666666666666,1.8183333333333334,0.04500000000000004,4.0,2.1366666666666667
partial cycles,12.281666666666666,0.0582,0.5,0.17083333333333334,1.8141666666666667,0.04500000000000004,4.0,2.140833333333333
partial cycles,12.29,0.0584,0.5,0.175,1.81,0.04500000000000004,4.0,2.145
partial cycles,12.298333333333332,0.0586,0.5,0.17916666666666667,1.8058333333333334,0.04500000000000004,4.0,2.1491666666666664
partial cycles,12.306666666666667,0.058800000000000005,0.5,0.18333333333333332,1.8016666666666667,0.04500000000000004,4.0,2.1533333333333333
partial cycles,12.315,0.059000000000000004,0.5,0.1875,1.7975,0.04500000000000004,4.0,2.1574999999999998
partial cycles,12.323333333333332,0.0592,0.5,0.19166666666666668,1.7933333333333334,0.04500000000000004,4.0,2.1616666666666666
partial cycles,12.331666666666667,0.0594,0.5,0.19583333333333333,1.7891666666666668,0.04500000000000004,4.0,2.1658333333333335
partial cycles,12.34,0.0596,0.5,0.2,1.7850000000000001,0.04500000000000004,4.0,2.17
partial cycles,12.348333333333333,0.059800000000000006,0.5,0.20416666666666666,1.7808333333333335,0.04500000000000004,4.0,2.174166666666667
partial cycles,12.356666666666666,0.060000000000000005,0.5,0.20833333333333334,1.7766666666666668,0.04500000000000004,4.0,2.1783333333333332
partial cycles,12.365,0.060200000000000004,0.5,0.2125,1.7725000000000002,0.04500000000000004,4.0,2.1825
partial cycles,12.373333333333333,0.0604,0.5,0.21666666666666667,1.7683333333333335,0.04500000000000004,4.0,2.1866666666666665
partial cycles,12.381666666666666,0.0606,0.5,0.22083333333333333,1.7641666666666667,0.04500000000000004,4.0,2.1908333333333334
partial cycles,12.389999999999999,0.06080000000000001,0.5,0.225,1.76,0.04500000000000004,4.0,2.195
partial cycles,12.398333333333333,0.061,0.5,0.22916666666666666,1.7558333333333334,0.04500000000000004,4.0,2.1991666666666667
partial cycles,12.406666666666666,0.061200000000000004,0.5,0.23333333333333334,1.7516666666666667,0.04500000000000004,4.0,2.203333333333333
partial cycles,12.415,0.0614,0.5,0.2375,1.7475,0.04500000000000004,4.0,2.2075
partial cycles,12.423333333333332,0.0616,0.5,0.24166666666666667,1.7433333333333334,0.04500000000000004,4.0,2.2116666666666664
partial cycles,12.431666666666667,0.0618,0.5,0.24583333333333332,1.7391666666666667,0.04500000000000004,4.0,2.2158333333333333
partial cycles,12.44,-0.035,-0.5,0.0,1.735,0.04500000000000004,4.0,2.2199999999999998
partial cycles,12.448333333333332,-0.03516666666666667,-0.5,0.004166666666666667,1.7391458333333334,0.04502083333333337,4.004166666666666,2.2199999999999998
partial cycles,12.456666666666667,-0.035333333333333335,-0.5,0.008333333333333333,1.7432916666666667,0.04504166666666671,4.008333333333334,2.2199999999999998
partial cycles,12.465,-0.035500000000000004,-0.5,0.0125,1.7474375000000002,0.04506250000000004,4.0125,2.2199999999999998
partial cycles,12.473333333333333,-0.03566666666666667,-0.5,0.016666666666666666,1.7515833333333335,0.04508333333333337,4.016666666666667,2.2199999999999998
partial cycles,12.481666666666666,-0.035833333333333335,-0.5,0.020833333333333332,1.7557291666666668,0.04510416666666671,4.020833333333333,2.2199999999999998
partial cycles,12.49,-0.036000000000000004,-0.5,0.025,1.759875,0.04512500000000004,4.025,2.2199999999999998
partial cycles,12.498333333333333,-0.03616666666666667,-0.5,0.029166666666666667,1.7640208333333334,0.04514583333333337,4.029166666666667,2.2199999999999998
partial cycles,12.506666666666666,-0.036333333333333336,-0.5,0.03333333333333333,1.7681666666666667,0.04516666666666671,4.033333333333333,2.2199999999999998
partial cycles,12.514999999999999,-0.036500000000000005,-0.5,0.0375,1.7723125000000002,0.04518750000000004,4.0375,2.2199999999999998
partial cycles,12.523333333333333,-0.03666666666666667,-0.5,0.041666666666666664,1.7764583333333335,0.04520833333333337,4.041666666666667,2.2199999999999998
partial cycles,12.531666666666666,-0.036833333333333336,-0.5,0.04583333333333333,1.7806041666666668,0.04522916666666671,4.045833333333333,2.2199999999999998
partial cycles,12.54,-0.037000000000000005,-0.5,0.05,1.78475,0.04525000000000004,4.05,2.2199999999999998
partial cycles,12.548333333333332,-0.03716666666666667,-0.5,0.05416666666666667,1.7888958333333334,0.04527083333333337,4.054166666666666,2.2199999999999998
partial cycles,12.556666666666667,-0.037333333333333336,-0.5,0.058333333333333334,1.7930416666666669,0.04529166666666671,4.058333333333334,2.2199999999999998
partial cycles,12.565,-0.037500000000000006,-0.5,0.0625,1.7971875000000002,0.04531250000000004,4.0625,2.2199999999999998
partial cycles,12.573333333333332,-0.03766666666666667,-0.5,0.06666666666666667,1.8013333333333335,0.04533333333333337,4.066666666666666,2.2199999999999998
partial cycles,12.581666666666667,-0.03783333333333334,-0.5,0.07083333333333333,1.8054791666666667,0.04535416666666671,4.070833333333334,2.2199999999999998
partial cycles,12.59,-0.038000000000000006,-0.5,0.075,1.809625,0.04537500000000004,4.075,2.2199999999999998
partial cycles,12.598333333333333,-0.03816666666666667,-0.5,0.07916666666666666,1.8137708333333333,0.04539583333333337,4.079166666666667,2.2199999999999998
partial cycles,12.606666666666666,-0.03833333333333334,-0.5,0.08333333333333333,1.8179166666666668,0.04541666666666671,4.083333333333333,2.2199999999999998
partial cycles,12.615,-0.038500000000000006,-0.5,0.0875,1.8220625000000001,0.04543750000000004,4.0875,2.2199999999999998
partial cycles,12.623333333333333,-0.03866666666666667,-0.5,0.09166666666666666,1.8262083333333334,0.04545833333333337,4.091666666666667,2.2199999999999998
partial cycles,12.631666666666666,-0.03883333333333334,-0.5,0.09583333333333334,1.8303541666666667,0.04547916666666671,4.095833333333333,2.2199999999999998
partial cycles,12.639999999999999,-0.03900000000000001,-0.5,0.1,1.8345,0.04550000000000004,4.1,2.2199999999999998
partial cycles,12.648333333333333,-0.03916666666666667,-0.5,0.10416666666666667,1.8386458333333335,0.04552083333333337,4.104166666666667,2.2199999999999998
partial cycles,12.656666666666666,-0.03933333333333334,-0.5,0.10833333333333334,1.8427916666666668,0.04554166666666671,4.108333333333333,2.2199999999999998
partial cycles,12.665,-0.03950000000000001,-0.5,0.1125,1.8469375000000001,0.04556250000000004,4.1125,2.2199999999999998
partial cycles,12.673333333333332,-0.03966666666666667,-0.5,0.11666666666666667,1.8510833333333334,0.04558333333333337,4.116666666666666,2.2199999999999998
partial cycles,12.681666666666667,-0.03983333333333334,-0.5,0.12083333333333333,1.8552291666666667,0.04560416666666671,4.120833333333334,2.2199999999999998
partial cycles,12.69,-0.04,-0.5,0.125,1.859375,0.04562500000000004,4.125,2.2199999999999998
partial cycles,12.698333333333332,-0.04016666666666667,-0.5,0.12916666666666668,1.8635208333333335,0.04564583333333337,4.129166666666666,2.2199999999999998
partial cycles,12.706666666666667,-0.04033333333333334,-0.5,0.13333333333333333,1.8676666666666668,0.04566666666666671,4.133333333333334,2.2199999999999998
partial cycles,12.715,-0.0405,-0.5,0.1375,1.8718125,0.04568750000000004,4.1375,2.2199999999999998
partial cycles,12.723333333333333,-0.04066666666666667,-0.5,0.14166666666666666,1.8759583333333334,0.04570833333333337,4.141666666666667,2.2199999999999998
partial cycles,12.731666666666666,-0.04083333333333334,-0.5,0.14583333333333334,1.8801041666666667,0.04572916666666671,4.145833333333333,2.2199999999999998
partial cycles,12.74,-0.041,-0.5,0.15,1.8842500000000002,0.04575000000000004,4.15,2.2199999999999998
partial cycles,12.748333333333333,-0.04116666666666667,-0.5,0.15416666666666667,1.8883958333333335,0.04577083333333337,4.154166666666667,2.2199999999999998
partial cycles,12.756666666666666,-0.04133333333333333,-0.5,0.15833333333333333,1.8925416666666668,0.04579166666666671,4.158333333333333,2.2199999999999998
partial cycles,12.764999999999999,-0.0415,-0.5,0.1625,1.8966875,0.04581250000000004,4.1625,2.2199999999999998
partial cycles,12.773333333333333,-0.04166666666666667,-0.5,0.16666666666666666,1.9008333333333334,0.04583333333333337,4.166666666666667,2.2199999999999998
partial cycles,12.781666666666666,-0.041833333333333333,-0.5,0.17083333333333334,1.9049791666666667,0.04585416666666671,4.170833333333333,2.2199999999999998
partial cycles,12.79,-0.042,-0.5,0.175,1.9091250000000002,0.04587500000000004,4.175,2.2199999999999998
partial cycles,12.798333333333332,-0.04216666666666667,-0.5,0.17916666666666667,1.9132708333333335,0.04589583333333337,4.179166666666666,2.2199999999999998
partial cycles,12.806666666666667,-0.042333333333333334,-0.5,0.18333333333333332,1.9174166666666668,0.04591666666666671,4.183333333333334,2.2199999999999998
partial cycles,12.815,-0.0425,-0.5,0.1875,1.9215625,0.04593750000000004,4.1875,2.2199999999999998
partial cycles,12.823333333333332,-0.04266666666666667,-0.5,0.19166666666666668,1.9257083333333334,0.04595833333333337,4.191666666666666,2.2199999999999998
partial cycles,12.831666666666667,-0.042833333333333334,-0.5,0.19583333333333333,1.9298541666666669,0.04597916666666671,4.195833333333334,2.2199999999999998
partial cycles,12.84,-0.043000000000000003,-0.5,0.2,1.9340000000000002,0.04600000000000004,4.2,2.2199999999999998
partial cycles,12.848333333333333,-0.04316666666666667,-0.5,0.20416666666666666,1.9381458333333335,0.04602083333333337,4.204166666666667,2.2199999999999998
partial cycles,12.856666666666666,-0.043333333333333335,-0.5,0.20833333333333334,1.9422916666666667,0.04604166666666671,4.208333333333333,2.2199999999999998
partial cycles,12.865,-0.043500000000000004,-0.5,0.2125,1.9464375,0.04606250000000004,4.2125,2.2199999999999998
partial cycles,12.873333333333333,-0.04366666666666667,-0.5,0.21666666666666667,1.9505833333333333,0.04608333333333337,4.216666666666667,2.2199999999999998
partial cycles,12.881666666666666,-0.043833333333333335,-0.5,0.22083333333333333,1.9547291666666669,0.04610416666666671,4.220833333333333,2.2199999999999998
partial cycles,12.889999999999999,-0.044000000000000004,-0.5,0.225,1.9588750000000001,0.04612500000000004,4.225,2.2199999999999998
partial cycles,12.898333333333333,-0.044166666666666674,-0.5,0.22916666666666666,1.9630208333333334,0.04614583333333337,4.229166666666667,2.2199999999999998
partial cycles,12.906666666666666,-0.044333333333333336,-0.5,0.23333333333333334,1.9671666666666667,0.04616666666666671,4.233333333333333,2.2199999999999998
partial cycles,12.915,-0.044500000000000005,-0.5,0.2375,1.9713125,0.04618750000000004,4.2375,2.2199999999999998
partial cycles,12.923333333333332,-0.044666666666666674,-0.5,0.24166666666666667,1.9754583333333335,0.04620833333333337,4.241666666666666,2.2199999999999998
partial cycles,12.931666666666667,-0.044833333333333336,-0.5,0.24583333333333332,1.9796041666666668,0.04622916666666671,4.245833333333334,2.2199999999999998
partial cycles,12.94,0.05,0.5,0.0,1.9837500000000001,0.04625000000000004,4.25,2.2199999999999998
partial cycles,12.948333333333332,0.0502,0.5,0.004166666666666667,1.9795833333333335,0.04625000000000004,4.25,2.2241666666666666
partial cycles,12.956666666666667,0.0504,0.5,0.008333333333333333,1.9754166666666668,0.04625000000000004,4.25,2.228333333333333
partial cycles,12.965,0.050600000000000006,0.5,0.0125,1.9712500000000002,0.04625000000000004,4.25,2.2325
partial cycles,12.973333333333333,0.050800000000000005,0.5,0.016666666666666666,1.9670833333333335,0.04625000000000004,4.25,2.2366666666666664
partial cycles,12.981666666666666,0.051000000000000004,0.5,0.020833333333333332,1.9629166666666669,0.04625000000000004,4.25,2.2408333333333332
partial cycles,12.99,0.0512,0.5,0.025,1.9587500000000002,0.04625000000000004,4.25,2.2449999999999997
partial cycles,12.998333333333333,0.0514,0.5,0.029166666666666667,1.9545833333333336,0.04625000000000004,4.25,2.2491666666666665
partial cycles,13.006666666666666,0.0516,0.5,0.03333333333333333,1.9504166666666667,0.04625000000000004,4.25,2.253333333333333
partial cycles,13.014999999999999,0.051800000000000006,0.5,0.0375,1.94625,0.04625000000000004,4.25,2.2575
partial cycles,13.023333333333333,0.052000000000000005,0.5,0.041666666666666664,1.9420833333333334,0.04625000000000004,4.25,2.2616666666666663
partial cycles,13.031666666666666,0.0522,0.5,0.04583333333333333,1.9379166666666667,0.04625000000000004,4.25,2.265833333333333
partial cycles,13.04,0.0524,0.5,0.05,1.93375,0.04625000000000004,4.25,2.2699999999999996
partial cycles,13.048333333333332,0.0526,0.5,0.05416666666666667,1.9295833333333334,0.04625000000000004,4.25,2.2741666666666664
partial cycles,13.056666666666667,0.0528,0.5,0.058333333333333334,1.9254166666666668,0.04625000000000004,4.25,2.278333333333333
partial cycles,13.065,0.053000000000000005,0.5,0.0625,1.9212500000000001,0.04625000000000004,4.25,2.2824999999999998
partial cycles,13.073333333333332,0.053200000000000004,0.5,0.06666666666666667,1.9170833333333335,0.04625000000000004,4.25,2.2866666666666666
partial cycles,13.081666666666667,0.0534,0.5,0.07083333333333333,1.9129166666666668,0.04625000000000004,4.25,2.290833333333333
partial cycles,13.09,0.0536,0.5,0.075,1.9087500000000002,0.04625000000000004,4.25,2.295
partial cycles,13.098333333333333,0.0538,0.5,0.07916666666666666,1.9045833333333335,0.04625000000000004,4.25,2.2991666666666664
partial cycles,13.106666666666666,0.054000000000000006,0.5,0.08333333333333333,1.9004166666666669,0.04625000000000004,4.25,2.3033333333333332
partial cycles,13.115,0.054200000000000005,0.5,0.0875,1.8962500000000002,0.04625000000000004,4.25,2.3074999999999997
partial cycles,13.123333333333333,0.054400000000000004,0.5,0.09166666666666666,1.8920833333333336,0.04625000000000004,4.25,2.3116666666666665
partial cycles,13.131666666666666,0.0546,0.5,0.09583333333333334,1.8879166666666667,0.04625000000000004,4.25,2.315833333333333
partial cycles,13.139999999999999,0.0548,0.5,0.1,1.88375,0.04625000000000004,4.25,2.32
partial cycles,13.148333333333333,0.055,0.5,0.10416666666666667,1.8795833333333334,0.04625000000000004,4.25,2.3241666666666663
partial cycles,13.156666666666666,0.055200000000000006,0.5,0.10833333333333334,1.8754166666666667,0.04625000000000004,4.25,2.328333333333333
partial cycles,13.165,0.055400000000000005,0.5,0.1125,1.87125,0.04625000000000004,4.25,2.3324999999999996
partial cycles,13.173333333333332,0.055600000000000004,0.5,0.11666666666666667,1.8670833333333334,0.04625000000000004,4.25,2.3366666666666664
partial cycles,13.181666666666667,0.0558,0.5,0.12083333333333333,1.8629166666666668,0.04625000000000004,4.25,2.340833333333333
partial cycles,13.19,0.056,0.5,0.125,1.8587500000000001,0.04625000000000004,4.25,2.3449999999999998
partial cycles,13.198333333333332,0.0562,0.5,0.12916666666666668,1.8545833333333335,0.04625000000000004,4.25,2.3491666666666666
partial cycles,13.206666666666667,0.056400000000000006,0.5,0.13333333333333333,1.8504166666666668,0.04625000000000004,4.25,2.353333333333333
partial cycles,13.215,0.056600000000000004,0.5,0.1375,1.8462500000000002,0.04625000000000004,4.25,2.3575
partial cycles,13.223333333333333,0.0568,0.5,0.14166666666666666,1.8420833333333335,0.04625000000000004,4.25,2.3616666666666664
partial cycles,13.231666666666666,0.057,0.5,0.14583333333333334,1.8379166666666669,0.04625000000000004,4.25,2.3658333333333332
partial cycles,13.24,0.0572,0.5,0.15,1.8337500000000002,0.04625000000000004,4.25,2.3699999999999997
partial cycles,13.248333333333333,0.05740000000000001,0.5,0.15416666666666667,1.8295833333333333,0.04625000000000004,4.25,2.3741666666666665
partial cycles,13.256666666666666,0.057600000000000005,0.5,0.15833333333333333,1.825416666666667,0.04625000000000004,4.25,2.378333333333333
partial cycles,13.264999999999999,0.057800000000000004,0.5,0.1625,1.82125,0.04625000000000004,4.25,2.3825
partial cycles,13.273333333333333,0.058,0.5,0.16666666666666666,1.8170833333333334,0.04625000000000004,4.25,2.3866666666666663
partial cycles,13.281666666666666,0.0582,0.5,0.17083333333333334,1.8129166666666667,0.04625000000000004,4.25,2.390833333333333
partial cycles,13.29,0.0584,0.5,0.175,1.80875,0.04625000000000004,4.25,2.3949999999999996
partial cycles,13.298333333333332,0.0586,0.5,0.17916666666666667,1.8045833333333334,0.04625000000000004,4.25,2.3991666666666664
partial cycles,13.306666666666667,0.058800000000000005,0.5,0.18333333333333332,1.8004166666666668,0.04625000000000004,4.25,2.403333333333333
partial cycles,13.315,0.059000000000000004,0.5,0.1875,1.7962500000000001,0.04625000000000004,4.25,2.4074999999999998
partial cycles,13.323333333333332,0.0592,0.5,0.19166666666666668,1.7920833333333335,0.04625000000000004,4.25,2.4116666666666666
partial cycles,13.331666666666667,0.0594,0.5,0.19583333333333333,1.7879166666666668,0.04625000000000004,4.25,2.415833333333333
partial cycles,13.34,0.0596,0.5,0.2,1.7837500000000002,0.04625000000000004,4.25,2.42
partial cycles,13.348333333333333,0.059800000000000006,0.5,0.20416666666666666,1.7795833333333335,0.04625000000000004,4.25,2.4241666666666664
partial cycles,13.356666666666666,0.060000000000000005,0.5,0.20833333333333334,1.7754166666666669,0.04625000000000004,4.25,2.4283333333333332
partial cycles,13.365,0.060200000000000004,0.5,0.2125,1.7712500000000002,0.04625000000000004,4.25,2.4324999999999997
partial cycles,13.373333333333333,0.0604,0.5,0.21666666666666667,1.7670833333333333,0.04625000000000004,4.25,2.4366666666666665
partial cycles,13.381666666666666,0.0606,0.5,0.22083333333333333,1.762916666666667,0.04625000000000004,4.25,2.440833333333333
partial cycles,13.389999999999999,0.06080000000000001,0.5,0.225,1.75875,0.04625000000000004,4.25,2.445
partial cycles,13.398333333333333,0.061,0.5,0.22916666666666666,1.7545833333333334,0.04625000000000004,4.25,2.4491666666666663
partial cycles,13.406666666666666,0.061200000000000004,0.5,0.23333333333333334,1.7504166666666667,0.04625000000000004,4.25,2.453333333333333
partial cycles,13.415,0.0614,0.5,0.2375,1.74625,0.04625000000000004,4.25,2.4574999999999996
partial cycles,13.423333333333332,0.0616,0.5,0.24166666666666667,1.7420833333333334,0.04625000000000004,4.25,2.4616666666666664
partial cycles,13.431666666666667,0.0618,0.5,0.24583333333333332,1.7379166666666668,0.04625000000000004,4.25,2.465833333333333
partial cycles,13.44,-0.035,-0.5,0.0,1.7337500000000001,0.04625000000000004,4.25,2.4699999999999998
partial cycles,13.448333333333332,-0.03516666666666667,-0.5,0.004166666666666667,1.7378958333333334,0.04627083333333337,4.254166666666666,2.4699999999999998
partial cycles,13.456666666666667,-0.035333333333333335,-0.5,0.008333333333333333,1.7420416666666667,0.04629166666666671,4.258333333333334,2.4699999999999998
partial cycles,13.465,-0.035500000000000004,-0.5,0.0125,1.7461875000000002,0.04631250000000004,4.2625,2.4699999999999998
partial cycles,13.473333333333333,-0.03566666666666667,-0.5,0.016666666666666666,1.7503333333333335,0.04633333333333337,4.266666666666667,2.4699999999999998
partial cycles,13.481666666666666,-0.035833333333333335,-0.5,0.020833333333333332,1.7544791666666668,0.04635416666666671,4.270833333333333,2.4699999999999998
partial cycles,13.49,-0.036000000000000004,-0.5,0.025,1.758625,0.04637500000000004,4.275,2.4699999999999998
partial cycles,13.498333333333333,-0.03616666666666667,-0.5,0.029166666666666667,1.7627708333333334,0.04639583333333337,4.279166666666667,2.4699999999999998
partial cycles,13.506666666666666,-0.036333333333333336,-0.5,0.03333333333333333,1.7669166666666667,0.04641666666666671,4.283333333333333,2.4699999999999998
partial cycles,13.514999999999999,-0.036500000000000005,-0.5,0.0375,1.7710625000000002,0.04643750000000004,4.2875,2.4699999999999998
partial cycles,13.523333333333333,-0.03666666666666667,-0.5,0.041666666666666664,1.7752083333333335,0.04645833333333337,4.291666666666667,2.4699999999999998
partial cycles,13.531666666666666,-0.036833333333333336,-0.5,0.04583333333333333,1.7793541666666668,0.04647916666666671,4.295833333333333,2.4699999999999998
partial cycles,13.54,-0.037000000000000005,-0.5,0.05,1.7835,0.04650000000000004,4.3,2.4699999999999998
partial cycles,13.548333333333332,-0.03716666666666667,-0.5,0.05416666666666667,1.7876458333333334,0.04652083333333337,4.304166666666666,2.4699999999999998
partial cycles,13.556666666666667,-0.037333333333333336,-0.5,0.058333333333333334,1.791791666666667,0.04654166666666671,4.308333333333334,2.4699999999999998
partial cycles,13.565,-0.037500000000000006,-0.5,0.0625,1.7959375000000002,0.04656250000000004,4.3125,2.4699999999999998
partial cycles,13.573333333333332,-0.03766666666666667,-0.5,0.06666666666666667,1.8000833333333335,0.04658333333333337,4.316666666666666,2.4699999999999998
partial cycles,13.581666666666667,-0.03783333333333334,-0.5,0.07083333333333333,1.8042291666666668,0.04660416666666671,4.320833333333334,2.4699999999999998
partial cycles,13.59,-0.038000000000000006,-0.5,0.075,1.808375,0.04662500000000004,4.325,2.4699999999999998
partial cycles,13.598333333333333,-0.03816666666666667,-0.5,0.07916666666666666,1.8125208333333334,0.04664583333333337,4.329166666666667,2.4699999999999998
partial cycles,13.606666666666666,-0.03833333333333334,-0.5,0.08333333333333333,1.8166666666666669,0.04666666666666671,4.333333333333333,2.4699999999999998
partial cycles,13.615,-0.038500000000000006,-0.5,0.0875,1.8208125000000002,0.04668750000000004,4.3375,2.4699999999999998
partial cycles,13.623333333333333,-0.03866666666666667,-0.5,0.09166666666666666,1.8249583333333335,0.04670833333333337,4.341666666666667,2.4699999999999998
partial cycles,13.631666666666666,-0.03883333333333334,-0.5,0.09583333333333334,1.8291041666666668,0.04672916666666671,4.345833333333333,2.4699999999999998
partial cycles,13.639999999999999,-0.03900000000000001,-0.5,0.1,1.83325,0.04675000000000004,4.35,2.4699999999999998
partial cycles,13.648333333333333,-0.03916666666666667,-0.5,0.10416666666666667,1.8373958333333336,0.04677083333333337,4.354166666666667,2.4699999999999998
partial cycles,13.656666666666666,-0.03933333333333334,-0.5,0.10833333333333334,1.8415416666666669,0.04679166666666671,4.358333333333333,2.4699999999999998
partial cycles,13.665,-0.03950000000000001,-0.5,0.1125,1.8456875000000001,0.04681250000000004,4.3625,2.4699999999999998
partial cycles,13.673333333333332,-0.03966666666666667,-0.5,0.11666666666666667,1.8498333333333334,0.04683333333333337,4.366666666666666,2.4699999999999998
partial cycles,13.681666666666667,-0.03983333333333334,-0.5,0.12083333333333333,1.8539791666666667,0.04685416666666671,4.370833333333334,2.4699999999999998
partial cycles,13.69,-0.04,-0.5,0.125,1.858125,0.04687500000000004,4.375,2.4699999999999998
partial cycles,13.698333333333332,-0.04016666666666667,-0.5,0.12916666666666668,1.8622708333333335,0.04689583333333337,4.379166666666666,2.4699999999999998
partial cycles,13.706666666666667,-0.04033333333333334,-0.5,0.13333333333333333,1.8664166666666668,0.04691666666666671,4.383333333333334,2.4699999999999998
partial cycles,13.715,-0.0405,-0.5,0.1375,1.8705625000000001,0.04693750000000004,4.3875,2.4699999999999998
partial cycles,13.723333333333333,-0.04066666666666667,-0.5,0.14166666666666666,1.8747083333333334,0.04695833333333337,4.391666666666667,2.4699999999999998
partial cycles,13.731666666666666,-0.04083333333333334,-0.5,0.14583333333333334,1.8788541666666667,0.04697916666666671,4.395833333333333,2.4699999999999998
partial cycles,13.74,-0.041,-0.5,0.15,1.883,0.04700000000000004,4.4,2.4699999999999998
partial cycles,13.748333333333333,-0.04116666666666667,-0.5,0.15416666666666667,1.8871458333333335,0.04702083333333337,4.404166666666667,2.4699999999999998
partial cycles,13.756666666666666,-0.04133333333333333,-0.5,0.15833333333333333,1.8912916666666668,0.04704166666666671,4.408333333333333,2.4699999999999998
partial cycles,13.764999999999999,-0.0415,-0.5,0.1625,1.8954375,0.04706250000000004,4.4125,2.4699999999999998
partial cycles,13.773333333333333,-0.04166666666666667,-0.5,0.16666666666666666,1.8995833333333334,0.04708333333333337,4.416666666666667,2.4699999999999998
partial cycles,13.781666666666666,-0.041833333333333333,-0.5,0.17083333333333334,1.903729166666667,0.04710416666666671,4.420833333333333,2.4699999999999998
partial cycles,13.79,-0.042,-0.5,0.175,1.9078750000000002,0.04712500000000004,4.425,2.4699999999999998
partial cycles,13.798333333333332,-0.04216666666666667,-0.5,0.17916666666666667,1.9120208333333335,0.04714583333333337,4.429166666666666,2.4699999999999998
partial cycles,13.806666666666667,-0.042333333333333334,-0.5,0.18333333333333332,1.9161666666666668,0.04716666666666671,4.433333333333334,2.4699999999999998
partial cycles,13.815,-0.0425,-0.5,0.1875,1.9203125,0.04718750000000004,4.4375,2.4699999999999998
partial cycles,13.823333333333332,-0.04266666666666667,-0.5,0.19166666666666668,1.9244583333333334,0.04720833333333337,4.441666666666666,2.4699999999999998
partial cycles,13.831666666666667,-0.042833333333333334,-0.5,0.19583333333333333,1.9286041666666667,0.04722916666666671,4.445833333333334,2.4699999999999998
partial cycles,13.84,-0.043000000000000003,-0.5,0.2,1.9327500000000002,0.04725000000000004,4.45,2.4699999999999998
partial cycles,13.848333333333333,-0.04316666666666667,-0.5,0.20416666666666666,1.9368958333333335,0.04727083333333337,4.454166666666667,2.4699999999999998
partial cycles,13.856666666666666,-0.043333333333333335,-0.5,0.20833333333333334,1.9410416666666668,0.04729166666666671,4.458333333333333,2.4699999999999998
partial cycles,13.865,-0.043500000000000004,-0.5,0.2125,1.9451875,0.04731250000000004,4.4625,2.4699999999999998
partial cycles,13.873333333333333,-0.04366666666666667,-0.5,0.21666666666666667,1.9493333333333336,0.04733333333333337,4.466666666666667,2.4699999999999998
partial cycles,13.881666666666666,-0.043833333333333335,-0.5,0.22083333333333333,1.9534791666666669,0.04735416666666671,4.470833333333333,2.4699999999999998
partial cycles,13.889999999999999,-0.044000000000000004,-0.5,0.225,1.9576250000000002,0.04737500000000004,4.475,2.4699999999999998
partial cycles,13.898333333333333,-0.044166666666666674,-0.5,0.22916666666666666,1.9617708333333335,0.04739583333333337,4.479166666666667,2.4699999999999998
partial cycles,13.906666666666666,-0.044333333333333336,-0.5,0.23333333333333334,1.9659166666666668,0.04741666666666671,4.483333333333333,2.4699999999999998
partial cycles,13.915,-0.044500000000000005,-0.5,0.2375,1.9700625,0.04743750000000004,4.4875,2.4699999999999998
partial cycles,13.923333333333332,-0.044666666666666674,-0.5,0.24166666666666667,1.9742083333333333,0.04745833333333337,4.491666666666666,2.4699999999999998
partial cycles,13.931666666666667,-0.044833333333333336,-0.5,0.24583333333333332,1.9783541666666669,0.04747916666666671,4.495833333333334,2.4699999999999998
partial cycles,13.94,0.05,0.5,0.0,1.9825000000000002,0.04750000000000004,4.5,2.4699999999999998
partial cycles,13.948333333333332,0.0502,0.5,0.004166666666666667,1.9783333333333335,0.04750000000000004,4.5,2.4741666666666666
partial cycles,13.956666666666667,0.0504,0.5,0.008333333333333333,1.9741666666666668,0.04750000000000004,4.5,2.478333333333333
partial cycles,13.965,0.050600000000000006,0.5,0.0125,1.9700000000000002,0.04750000000000004,4.5,2.4825
partial cycles,13.973333333333333,0.050800000000000005,0.5,0.016666666666666666,1.9658333333333335,0.04750000000000004,4.5,2.4866666666666664
partial cycles,13.981666666666666,0.051000000000000004,0.5,0.020833333333333332,1.961666666666667,0.04750000000000004,4.5,2.4908333333333332
partial cycles,13.99,0.0512,0.5,0.025,1.9575000000000002,0.04750000000000004,4.5,2.4949999999999997
partial cycles,13.998333333333333,0.0514,0.5,0.029166666666666667,1.9533333333333336,0.04750000000000004,4.5,2.4991666666666665
partial cycles,14.006666666666666,0.0516,0.5,0.03333333333333333,1.9491666666666667,0.04750000000000004,4.5,2.503333333333333
partial cycles,14.014999999999999,0.051800000000000006,0.5,0.0375,1.945,0.04750000000000004,4.5,2.5075
partial cycles,14.023333333333333,0.052000000000000005,0.5,0.041666666666666664,1.9408333333333334,0.04750000000000004,4.5,2.5116666666666663
partial cycles,14.031666666666666,0.0522,0.5,0.04583333333333333,1.9366666666666668,0.04750000000000004,4.5,2.515833333333333
partial cycles,14.04,0.0524,0.5,0.05,1.9325,0.04750000000000004,4.5,2.5199999999999996
partial cycles,14.048333333333332,0.0526,0.5,0.05416666666666667,1.9283333333333335,0.04750000000000004,4.5,2.5241666666666664
partial cycles,14.056666666666667,0.0528,0.5,0.058333333333333334,1.9241666666666668,0.04750000000000004,4.5,2.528333333333333
partial cycles,14.065,0.053000000000000005,0.5,0.0625,1.9200000000000002,0.04750000000000004,4.5,2.5324999999999998
partial cycles,14.073333333333332,0.053200000000000004,0.5,0.06666666666666667,1.9158333333333335,0.04750000000000004,4.5,2.5366666666666666
partial cycles,14.081666666666667,0.0534,0.5,0.07083333333333333,1.9116666666666668,0.04750000000000004,4.5,2.540833333333333
partial cycles,14.09,0.0536,0.5,0.075,1.9075000000000002,0.04750000000000004,4.5,2.545
partial cycles,14.098333333333333,0.0538,0.5,0.07916666666666666,1.9033333333333335,0.04750000000000004,4.5,2.5491666666666664
partial cycles,14.106666666666666,0.054000000000000006,0.5,0.08333333333333333,1.899166666666667,0.04750000000000004,4.5,2.5533333333333332
partial cycles,14.115,0.054200000000000005,0.5,0.0875,1.8950000000000002,0.04750000000000004,4.5,2.5574999999999997
partial cycles,14.123333333333333,0.054400000000000004,0.5,0.09166666666666666,1.8908333333333336,0.04750000000000004,4.5,2.5616666666666665
partial cycles,14.131666666666666,0.0546,0.5,0.09583333333333334,1.8866666666666667,0.04750000000000004,4.5,2.565833333333333
partial cycles,14.139999999999999,0.0548,0.5,0.1,1.8825,0.04750000000000004,4.5,2.57
partial cycles,14.148333333333333,0.055,0.5,0.10416666666666667,1.8783333333333334,0.04750000000000004,4.5,2.5741666666666663
partial cycles,14.156666666666666,0.055200000000000006,0.5,0.10833333333333334,1.8741666666666668,0.04750000000000004,4.5,2.578333333333333
partial cycles,14.165,0.055400000000000005,0.5,0.1125,1.87,0.04750000000000004,4.5,2.5824999999999996
partial cycles,14.173333333333332,0.055600000000000004,0.5,0.11666666666666667,1.8658333333333335,0.04750000000000004,4.5,2.5866666666666664
partial cycles,14.181666666666667,0.0558,0.5,0.12083333333333333,1.8616666666666668,0.04750000000000004,4.5,2.590833333333333
partial cycles,14.19,0.056,0.5,0.125,1.8575000000000002,0.04750000000000004,4.5,2.5949999999999998
partial cycles,14.198333333333332,0.0562,0.5,0.12916666666666668,1.8533333333333335,0.04750000000000004,4.5,2.5991666666666666
partial cycles,14.206666666666667,0.056400000000000006,0.5,0.13333333333333333,1.8491666666666668,0.04750000000000004,4.5,2.603333333333333
partial cycles,14.215,0.056600000000000004,0.5,0.1375,1.8450000000000002,0.04750000000000004,4.5,2.6075
partial cycles,14.223333333333333,0.0568,0.5,0.14166666666666666,1.8408333333333335,0.04750000000000004,4.5,2.6116666666666664
partial cycles,14.231666666666666,0.057,0.5,0.14583333333333334,1.836666666666667,0.04750000000000004,4.5,2.6158333333333332
partial cycles,14.24,0.0572,0.5,0.15,1.8325000000000002,0.04750000000000004,4.5,2.6199999999999997
partial cycles,14.248333333333333,0.05740000000000001,0.5,0.15416666666666667,1.8283333333333336,0.04750000000000004,4.5,2.6241666666666665
partial cycles,14.256666666666666,0.057600000000000005,0.5,0.15833333333333333,1.8241666666666667,0.04750000000000004,4.5,2.628333333333333
partial cycles,14.264999999999999,0.057800000000000004,0.5,0.1625,1.82,0.04750000000000004,4.5,2.6325
partial cycles,14.273333333333333,0.058,0.5,0.16666666666666666,1.8158333333333334,0.04750000000000004,4.5,2.6366666666666663
partial cycles,14.281666666666666,0.0582,0.5,0.17083333333333334,1.8116666666666668,0.04750000000000004,4.5,2.640833333333333
partial cycles,14.29,0.0584,0.5,0.175,1.8075,0.04750000000000004,4.5,2.6449999999999996
partial cycles,14.298333333333332,0.0586,0.5,0.17916666666666667,1.8033333333333335,0.04750000000000004,4.5,2.6491666666666664
partial cycles,14.306666666666667,0.058800000000000005,0.5,0.18333333333333332,1.7991666666666668,0.04750000000000004,4.5,2.653333333333333
partial cycles,14.315,0.059000000000000004,0.5,0.1875,1.7950000000000002,0.04750000000000004,4.5,2.6574999999999998
partial cycles,14.323333333333332,0.0592,0.5,0.19166666666666668,1.7908333333333335,0.04750000000000004,4.5,2.6616666666666666
partial cycles,14.331666666666667,0.0594,0.5,0.19583333333333333,1.7866666666666668,0.04750000000000004,4.5,2.665833333333333
partial cycles,14.34,0.0596,0.5,0.2,1.7825000000000002,0.04750000000000004,4.5,2.67
partial cycles,14.348333333333333,0.059800000000000006,0.5,0.20416666666666666,1.7783333333333335,0.04750000000000004,4.5,2.6741666666666664
partial cycles,14.356666666666666,0.060000000000000005,0.5,0.20833333333333334,1.774166666666667,0.04750000000000004,4.5,2.6783333333333332
partial cycles,14.365,0.060200000000000004,0.5,0.2125,1.7700000000000002,0.04750000000000004,4.5,2.6824999999999997
partial cycles,14.373333333333333,0.0604,0.5,0.21666666666666667,1.7658333333333336,0.04750000000000004,4.5,2.6866666666666665
partial cycles,14.381666666666666,0.0606,0.5,0.22083333333333333,1.7616666666666667,0.04750000000000004,4.5,2.690833333333333
partial cycles,14.389999999999999,0.06080000000000001,0.5,0.225,1.7575,0.04750000000000004,4.5,2.695
partial cycles,14.398333333333333,0.061,0.5,0.22916666666666666,1.7533333333333334,0.04750000000000004,4.5,2.6991666666666663
partial cycles,14.406666666666666,0.061200000000000004,0.5,0.23333333333333334,1.7491666666666668,0.04750000000000004,4.5,2.703333333333333
partial cycles,14.415,0.0614,0.5,0.2375,1.745,0.04750000000000004,4.5,2.7074999999999996
partial cycles,14.423333333333332,0.0616,0.5,0.24166666666666667,1.7408333333333335,0.04750000000000004,4.5,2.7116666666666664
partial cycles,14.431666666666667,0.0618,0.5,0.24583333333333332,1.7366666666666668,0.04750000000000004,4.5,2.715833333333333
partial cycles,14.44,-0.035,-0.5,0.0,1.7325000000000002,0.04750000000000004,4.5,2.7199999999999998
partial cycles,14.448333333333332,-0.03516666666666667,-0.5,0.004166666666666667,1.7366458333333334,0.04752083333333337,4.504166666666666,2.7199999999999998
partial cycles,14.456666666666667,-0.035333333333333335,-0.5,0.008333333333333333,1.7407916666666667,0.04754166666666671,4.508333333333334,2.7199999999999998
partial cycles,14.465,-0.035500000000000004,-0.5,0.0125,1.7449375000000003,0.04756250000000004,4.5125,2.7199999999999998
partial cycles,14.473333333333333,-0.03566666666666667,-0.5,0.016666666666666666,1.7490833333333335,0.04758333333333337,4.516666666666667,2.7199999999999998
partial cycles,14.481666666666666,-0.035833333333333335,-0.5,0.020833333333333332,1.7532291666666668,0.04760416666666671,4.520833333333333,2.7199999999999998
partial cycles,14.49,-0.036000000000000004,-0.5,0.025,1.7573750000000001,0.04762500000000004,4.525,2.7199999999999998
partial cycles,14.498333333333333,-0.03616666666666667,-0.5,0.029166666666666667,1.7615208333333334,0.04764583333333337,4.529166666666667,2.7199999999999998
partial cycles,14.506666666666666,-0.036333333333333336,-0.5,0.03333333333333333,1.7656666666666667,0.04766666666666671,4.533333333333333,2.7199999999999998
partial cycles,14.514999999999999,-0.036500000000000005,-0.5,0.0375,1.7698125000000002,0.04768750000000004,4.5375,2.7199999999999998
partial cycles,14.523333333333333,-0.03666666666666667,-0.5,0.041666666666666664,1.7739583333333335,0.04770833333333337,4.541666666666667,2.7199999999999998
partial cycles,14.531666666666666,-0.036833333333333336,-0.5,0.04583333333333333,1.7781041666666668,0.04772916666666671,4.545833333333333,2.7199999999999998
partial cycles,14.54,-0.037000000000000005,-0.5,0.05,1.7822500000000001,0.04775000000000004,4.55,2.7199999999999998
partial cycles,14.548333333333332,-0.03716666666666667,-0.5,0.05416666666666667,1.7863958333333334,0.04777083333333337,4.554166666666666,2.7199999999999998
partial cycles,14.556666666666667,-0.037333333333333336,-0.5,0.058333333333333334,1.790541666666667,0.04779166666666671,4.558333333333334,2.7199999999999998
partial cycles,14.565,-0.037500000000000006,-0.5,0.0625,1.7946875000000002,0.04781250000000004,4.5625,2.7199999999999998
partial cycles,14.573333333333332,-0.03766666666666667,-0.5,0.06666666666666667,1.7988333333333335,0.047833333333333374,4.566666666666666,2.7199999999999998
partial cycles,14.581666666666667,-0.03783333333333334,-0.5,0.07083333333333333,1.8029791666666668,0.04785416666666671,4.570833333333334,2.7199999999999998
partial cycles,14.59,-0.038000000000000006,-0.5,0.075,1.807125,0.04787500000000004,4.575,2.7199999999999998
partial cycles,14.598333333333333,-0.03816666666666667,-0.5,0.07916666666666666,1.8112708333333334,0.047895833333333374,4.579166666666667,2.7199999999999998
partial cycles,14.606666666666666,-0.03833333333333334,-0.5,0.08333333333333333,1.815416666666667,0.04791666666666671,4.583333333333333,2.7199999999999998
partial cycles,14.615,-0.038500000000000006,-0.5,0.0875,1.8195625000000002,0.04793750000000004,4.5875,2.7199999999999998
partial cycles,14.623333333333333,-0.03866666666666667,-0.5,0.09166666666666666,1.8237083333333335,0.047958333333333374,4.591666666666667,2.7199999999999998
partial cycles,14.631666666666666,-0.03883333333333334,-0.5,0.09583333333333334,1.8278541666666668,0.04797916666666671,4.595833333333333,2.7199999999999998
partial cycles,14.639999999999999,-0.03900000000000001,-0.5,0.1,1.832,0.04800000000000004,4.6,2.7199999999999998
partial cycles,14.648333333333333,-0.03916666666666667,-0.5,0.10416666666666667,1.8361458333333336,0.048020833333333374,4.604166666666667,2.7199999999999998
partial cycles,14.656666666666666,-0.03933333333333334,-0.5,0.10833333333333334,1.8402916666666669,0.04804166666666671,4.608333333333333,2.7199999999999998
partial cycles,14.665,-0.03950000000000001,-0.5,0.1125,1.8444375000000002,0.04806250000000004,4.6125,2.7199999999999998
partial cycles,14.673333333333332,-0.03966666666666667,-0.5,0.11666666666666667,1.8485833333333335,0.048083333333333374,4.616666666666666,2.7199999999999998
partial cycles,14.681666666666667,-0.03983333333333334,-0.5,0.12083333333333333,1.8527291666666668,0.04810416666666671,4.620833333333334,2.7199999999999998
partial cycles,14.69,-0.04,-0.5,0.125,1.856875,0.04812500000000004,4.625,2.7199999999999998
partial cycles,14.698333333333332,-0.04016666666666667,-0.5,0.12916666666666668,1.8610208333333336,0.048145833333333374,4.629166666666666,2.7199999999999998
partial cycles,14.706666666666667,-0.04033333333333334,-0.5,0.13333333333333333,1.8651666666666669,0.04816666666666671,4.633333333333334,2.7199999999999998
partial cycles,14.715,-0.0405,-0.5,0.1375,1.8693125000000002,0.04818750000000004,4.6375,2.7199999999999998
partial cycles,14.723333333333333,-0.04066666666666667,-0.5,0.14166666666666666,1.8734583333333334,0.048208333333333374,4.641666666666667,2.7199999999999998
partial cycles,14.731666666666666,-0.04083333333333334,-0.5,0.14583333333333334,1.8776041666666667,0.04822916666666671,4.645833333333333,2.7199999999999998
partial cycles,14.74,-0.041,-0.5,0.15,1.8817500000000003,0.04825000000000004,4.65,2.7199999999999998
partial cycles,14.748333333333333,-0.04116666666666667,-0.5,0.15416666666666667,1.8858958333333335,0.048270833333333374,4.654166666666667,2.7199999999999998
partial cycles,14.756666666666666,-0.04133333333333333,-0.5,0.15833333333333333,1.8900416666666668,0.04829166666666671,4.658333333333333,2.7199999999999998
partial cycles,14.764999999999999,-0.0415,-0.5,0.1625,1.8941875000000001,0.04831250000000004,4.6625,2.7199999999999998
partial cycles,14.773333333333333,-0.04166666666666667,-0.5,0.16666666666666666,1.8983333333333334,0.048333333333333374,4.666666666666667,2.7199999999999998
partial cycles,14.781666666666666,-0.041833333333333333,-0.5,0.17083333333333334,1.9024791666666667,0.04835416666666671,4.670833333333333,2.7199999999999998
partial cycles,14.79,-0.042,-0.5,0.175,1.9066250000000002,0.04837500000000004,4.675,2.7199999999999998
partial cycles,14.798333333333332,-0.04216666666666667,-0.5,0.17916666666666667,1.9107708333333335,0.048395833333333374,4.679166666666666,2.7199999999999998
partial cycles,14.806666666666667,-0.042333333333333334,-0.5,0.18333333333333332,1.9149166666666668,0.04841666666666671,4.683333333333334,2.7199999999999998
partial cycles,14.815,-0.0425,-0.5,0.1875,1.9190625000000001,0.04843750000000004,4.6875,2.7199999999999998
partial cycles,14.823333333333332,-0.04266666666666667,-0.5,0.19166666666666668,1.9232083333333334,0.048458333333333374,4.691666666666666,2.7199999999999998
partial cycles,14.831666666666667,-0.042833333333333334,-0.5,0.19583333333333333,1.927354166666667,0.04847916666666671,4.695833333333334,2.7199999999999998
partial cycles,14.84,-0.043000000000000003,-0.5,0.2,1.9315000000000002,0.04850000000000004,4.7,2.7199999999999998
partial cycles,14.848333333333333,-0.04316666666666667,-0.5,0.20416666666666666,1.9356458333333335,0.048520833333333374,4.704166666666667,2.7199999999999998
partial cycles,14.856666666666666,-0.043333333333333335,-0.5,0.20833333333333334,1.9397916666666668,0.04854166666666671,4.708333333333333,2.7199999999999998
partial cycles,14.865,-0.043500000000000004,-0.5,0.2125,1.9439375,0.04856250000000004,4.7125,2.7199999999999998
partial cycles,14.873333333333333,-0.04366666666666667,-0.5,0.21666666666666667,1.9480833333333334,0.048583333333333374,4.716666666666667,2.7199999999999998
partial cycles,14.881666666666666,-0.043833333333333335,-0.5,0.22083333333333333,1.952229166666667,0.04860416666666671,4.720833333333333,2.7199999999999998
partial cycles,14.889999999999999,-0.044000000000000004,-0.5,0.225,1.9563750000000002,0.04862500000000004,4.725,2.7199999999999998
partial cycles,14.898333333333333,-0.044166666666666674,-0.5,0.22916666666666666,1.9605208333333335,0.048645833333333374,4.729166666666667,2.7199999999999998
partial cycles,14.906666666666666,-0.044333333333333336,-0.5,0.23333333333333334,1.9646666666666668,0.04866666666666671,4.733333333333333,2.7199999999999998
partial cycles,14.915,-0.044500000000000005,-0.5,0.2375,1.9688125,0.04868750000000004,4.7375,2.7199999999999998
partial cycles,14.923333333333332,-0.044666666666666674,-0.5,0.24166666666666667,1.9729583333333336,0.048708333333333374,4.741666666666666,2.7199999999999998
partial cycles,14.931666666666667,-0.044833333333333336,-0.5,0.24583333333333332,1.9771041666666669,0.04872916666666671,4.745833333333334,2.7199999999999998
partial cycles,14.94,0.05,0.5,0.0,1.9812500000000002,0.04875000000000004,4.75,2.7199999999999998
partial cycles,14.948333333333332,0.0502,0.5,0.004166666666666667,1.9770833333333335,0.04875000000000004,4.75,2.7241666666666666
partial cycles,14.956666666666667,0.0504,0.5,0.008333333333333333,1.9729166666666669,0.04875000000000004,4.75,2.728333333333333
partial cycles,14.965,0.050600000000000006,0.5,0.0125,1.9687500000000002,0.04875000000000004,4.75,2.7325
partial cycles,14.973333333333333,0.050800000000000005,0.5,0.016666666666666666,1.9645833333333336,0.04875000000000004,4.75,2.7366666666666664
partial cycles,14.981666666666666,0.051000000000000004,0.5,0.020833333333333332,1.960416666666667,0.04875000000000004,4.75,2.7408333333333332
partial cycles,14.99,0.0512,0.5,0.025,1.9562500000000003,0.04875000000000004,4.75,2.7449999999999997
partial cycles,14.998333333333333,0.0514,0.5,0.029166666666666667,1.9520833333333336,0.04875000000000004,4.75,2.7491666666666665
partial cycles,15.006666666666666,0.0516,0.5,0.03333333333333333,1.9479166666666667,0.04875000000000004,4.75,2.753333333333333
partial cycles,15.014999999999999,0.051800000000000006,0.5,0.0375,1.94375,0.04875000000000004,4.75,2.7575
partial cycles,15.023333333333333,0.052000000000000005,0.5,0.041666666666666664,1.9395833333333334,0.04875000000000004,4.75,2.7616666666666663
partial cycles,15.031666666666666,0.0522,0.5,0.04583333333333333,1.9354166666666668,0.04875000000000004,4.75,2.765833333333333
partial cycles,15.04,0.0524,0.5,0.05,1.9312500000000001,0.04875000000000004,4.75,2.7699999999999996
partial cycles,15.048333333333332,0.0526,0.5,0.05416666666666667,1.9270833333333335,0.04875000000000004,4.75,2.7741666666666664
partial cycles,15.056666666666667,0.0528,0.5,0.058333333333333334,1.9229166666666668,0.04875000000000004,4.75,2.778333333333333
partial cycles,15.065,0.053000000000000005,0.5,0.0625,1.9187500000000002,0.04875000000000004,4.75,2.7824999999999998
partial cycles,15.073333333333332,0.053200000000000004,0.5,0.06666666666666667,1.9145833333333335,0.04875000000000004,4.75,2.7866666666666666
partial cycles,15.081666666666667,0.0534,0.5,0.07083333333333333,1.9104166666666669,0.04875000000000004,4.75,2.790833333333333
partial cycles,15.09,0.0536,0.5,0.075,1.9062500000000002,0.04875000000000004,4.75,2.795
partial cycles,15.098333333333333,0.0538,0.5,0.07916666666666666,1.9020833333333336,0.04875000000000004,4.75,2.7991666666666664
partial cycles,15.106666666666666,0.054000000000000006,0.5,0.08333333333333333,1.897916666666667,0.04875000000000004,4.75,2.8033333333333332
partial cycles,15.115,0.054200000000000005,0.5,0.0875,1.8937500000000003,0.04875000000000004,4.75,2.8074999999999997
partial cycles,15.123333333333333,0.054400000000000004,0.5,0.09166666666666666,1.8895833333333336,0.04875000000000004,4.75,2.8116666666666665
partial cycles,15.131666666666666,0.0546,0.5,0.09583333333333334,1.8854166666666667,0.04875000000000004,4.75,2.815833333333333
partial cycles,15.139999999999999,0.0548,0.5,0.1,1.88125,0.04875000000000004,4.75,2.82
partial cycles,15.148333333333333,0.055,0.5,0.10416666666666667,1.8770833333333334,0.04875000000000004,4.75,2.8241666666666663
partial cycles,15.156666666666666,0.055200000000000006,0.5,0.10833333333333334,1.8729166666666668,0.04875000000000004,4.75,2.828333333333333
partial cycles,15.165,0.055400000000000005,0.5,0.1125,1.8687500000000001,0.04875000000000004,4.75,2.8324999999999996
partial cycles,15.173333333333332,0.055600000000000004,0.5,0.11666666666666667,1.8645833333333335,0.04875000000000004,4.75,2.8366666666666664
partial cycles,15.181666666666667,0.0558,0.5,0.12083333333333333,1.8604166666666668,0.04875000000000004,4.75,2.840833333333333
partial cycles,15.19,0.056,0.5,0.125,1.8562500000000002,0.04875000000000004,4.75,2.8449999999999998
partial cycles,15.198333333333332,0.0562,0.5,0.12916666666666668,1.8520833333333335,0.04875000000000004,4.75,2.8491666666666666
partial cycles,15.206666666666667,0.056400000000000006,0.5,0.13333333333333333,1.8479166666666669,0.04875000000000004,4.75,2.853333333333333
partial cycles,15.215,0.056600000000000004,0.5,0.1375,1.8437500000000002,0.04875000000000004,4.75,2.8575
partial cycles,15.223333333333333,0.0568,0.5,0.14166666666666666,1.8395833333333336,0.04875000000000004,4.75,2.8616666666666664
partial cycles,15.231666666666666,0.057,0.5,0.14583333333333334,1.835416666666667,0.04875000000000004,4.75,2.8658333333333332
partial cycles,15.24,0.0572,0.5,0.15,1.8312500000000003,0.04875000000000004,4.75,2.8699999999999997
partial cycles,15.248333333333333,0.05740000000000001,0.5,0.15416666666666667,1.8270833333333334,0.04875000000000004,4.75,2.8741666666666665
partial cycles,15.256666666666666,0.057600000000000005,0.5,0.15833333333333333,1.822916666666667,0.04875000000000004,4.75,2.878333333333333
partial cycles,15.264999999999999,0.057800000000000004,0.5,0.1625,1.81875,0.04875000000000004,4.75,2.8825
partial cycles,15.273333333333333,0.058,0.5,0.16666666666666666,1.8145833333333334,0.04875000000000004,4.75,2.8866666666666663
partial cycles,15.281666666666666,0.0582,0.5,0.17083333333333334,1.8104166666666668,0.04875000000000004,4.75,2.890833333333333
partial cycles,15.29,0.0584,0.5,0.175,1.8062500000000001,0.04875000000000004,4.75,2.8949999999999996
partial cycles,15.298333333333332,0.0586,0.5,0.17916666666666667,1.8020833333333335,0.04875000000000004,4.75,2.8991666666666664
partial cycles,15.306666666666667,0.058800000000000005,0.5,0.18333333333333332,1.7979166666666668,0.04875000000000004,4.75,2.903333333333333
partial cycles,15.315,0.059000000000000004,0.5,0.1875,1.7937500000000002,0.04875000000000004,4.75,2.9074999999999998
partial cycles,15.323333333333332,0.0592,0.5,0.19166666666666668,1.7895833333333335,0.04875000000000004,4.75,2.9116666666666666
partial cycles,15.331666666666667,0.0594,0.5,0.19583333333333333,1.7854166666666669,0.04875000000000004,4.75,2.915833333333333
partial cycles,15.34,0.0596,0.5,0.2,1.7812500000000002,0.04875000000000004,4.75,2.92
partial cycles,15.348333333333333,0.059800000000000006,0.5,0.20416666666666666,1.7770833333333336,0.04875000000000004,4.75,2.9241666666666664
partial cycles,15.356666666666666,0.060000000000000005,0.5,0.20833333333333334,1.772916666666667,0.04875000000000004,4.75,2.9283333333333332
partial cycles,15.365,0.060200000000000004,0.5,0.2125,1.7687500000000003,0.04875000000000004,4.75,2.9324999999999997
partial cycles,15.373333333333333,0.0604,0.5,0.21666666666666667,1.7645833333333334,0.04875000000000004,4.75,2.9366666666666665
partial cycles,15.381666666666666,0.0606,0.5,0.22083333333333333,1.760416666666667,0.04875000000000004,4.75,2.940833333333333
partial cycles,15.389999999999999,0.06080000000000001,0.5,0.225,1.75625,0.04875000000000004,4.75,2.945
partial cycles,15.398333333333333,0.061,0.5,0.22916666666666666,1.7520833333333334,0.04875000000000004,4.75,2.9491666666666663
partial cycles,15.406666666666666,0.061200000000000004,0.5,0.23333333333333334,1.7479166666666668,0.04875000000000004,4.75,2.953333333333333
partial cycles,15.415,0.0614,0.5,0.2375,1.7437500000000001,0.04875000000000004,4.75,2.9574999999999996
partial cycles,15.423333333333332,0.0616,0.5,0.24166666666666667,1.7395833333333335,0.04875000000000004,4.75,2.9616666666666664
partial cycles,15.431666666666667,0.0618,0.5,0.24583333333333332,1.7354166666666668,0.04875000000000004,4.75,2.965833333333333
partial cycles,15.44,-0.035,-0.5,0.0,1.7312500000000002,0.04875000000000004,4.75,2.9699999999999998
partial cycles,15.448333333333332,-0.03516666666666667,-0.5,0.004166666666666667,1.7353958333333335,0.048770833333333374,4.754166666666666,2.9699999999999998
partial cycles,15.456666666666667,-0.035333333333333335,-0.5,0.008333333333333333,1.7395416666666668,0.04879166666666671,4.758333333333334,2.9699999999999998
partial cycles,15.465,-0.035500000000000004,-0.5,0.0125,1.7436875000000003,0.04881250000000004,4.7625,2.9699999999999998
partial cycles,15.473333333333333,-0.03566666666666667,-0.5,0.016666666666666666,1.7478333333333336,0.048833333333333374,4.766666666666667,2.9699999999999998
partial cycles,15.481666666666666,-0.035833333333333335,-0.5,0.020833333333333332,1.7519791666666669,0.04885416666666671,4.770833333333333,2.9699999999999998
partial cycles,15.49,-0.036000000000000004,-0.5,0.025,1.7561250000000002,0.04887500000000004,4.775,2.9699999999999998
partial cycles,15.498333333333333,-0.03616666666666667,-0.5,0.029166666666666667,1.7602708333333335,0.048895833333333374,4.779166666666667,2.9699999999999998
partial cycles,15.506666666666666,-0.036333333333333336,-0.5,0.03333333333333333,1.7644166666666667,0.04891666666666671,4.783333333333333,2.9699999999999998
partial cycles,15.514999999999999,-0.036500000000000005,-0.5,0.0375,1.7685625000000003,0.04893750000000004,4.7875,2.9699999999999998
partial cycles,15.523333333333333,-0.03666666666666667,-0.5,0.041666666666666664,1.7727083333333336,0.048958333333333375,4.791666666666667,2.9699999999999998
partial cycles,15.531666666666666,-0.036833333333333336,-0.5,0.04583333333333333,1.7768541666666668,0.04897916666666671,4.795833333333333,2.9699999999999998
partial cycles,15.54,-0.037000000000000005,-0.5,0.05,1.7810000000000001,0.049000000000000044,4.8,2.9699999999999998
partial cycles,15.548333333333332,-0.03716666666666667,-0.5,0.05416666666666667,1.7851458333333334,0.049020833333333375,4.804166666666666,2.9699999999999998
partial cycles,15.556666666666667,-0.037333333333333336,-0.5,0.058333333333333334,1.789291666666667,0.04904166666666671,4.808333333333334,2.9699999999999998
partial cycles,15.565,-0.037500000000000006,-0.5,0.0625,1.7934375000000002,0.049062500000000044,4.8125,2.9699999999999998
partial cycles,15.573333333333332,-0.03766666666666667,-0.5,0.06666666666666667,1.7975833333333335,0.049083333333333375,4.816666666666666,2.9699999999999998
partial cycles,15.581666666666667,-0.03783333333333334,-0.5,0.07083333333333333,1.8017291666666668,0.04910416666666671,4.820833333333334,2.9699999999999998
partial cycles,15.59,-0.038000000000000006,-0.5,0.075,1.8058750000000001,0.049125000000000044,4.825,2.9699999999999998
partial cycles,15.598333333333333,-0.03816666666666667,-0.5,0.07916666666666666,1.8100208333333334,0.049145833333333375,4.829166666666667,2.9699999999999998
partial cycles,15.606666666666666,-0.03833333333333334,-0.5,0.08333333333333333,1.814166666666667,0.04916666666666671,4.833333333333333,2.9699999999999998
partial cycles,15.615,-0.038500000000000006,-0.5,0.0875,1.8183125000000002,0.049187500000000044,4.8375,2.9699999999999998
partial cycles,15.623333333333333,-0.03866666666666667,-0.5,0.09166666666666666,1.8224583333333335,0.049208333333333375,4.841666666666667,2.9699999999999998
partial cycles,15.631666666666666,-0.03883333333333334,-0.5,0.09583333333333334,1.8266041666666668,0.04922916666666671,4.845833333333333,2.9699999999999998
partial cycles,15.639999999999999,-0.03900000000000001,-0.5,0.1,1.83075,0.049250000000000044,4.85,2.9699999999999998
partial cycles,15.648333333333333,-0.03916666666666667,-0.5,0.10416666666666667,1.8348958333333336,0.049270833333333375,4.854166666666667,2.9699999999999998
partial cycles,15.656666666666666,-0.03933333333333334,-0.5,0.10833333333333334,1.839041666666667,0.04929166666666671,4.858333333333333,2.9699999999999998
partial cycles,15.665,-0.03950000000000001,-0.5,0.1125,1.8431875000000002,0.049312500000000044,4.8625,2.9699999999999998
partial cycles,15.673333333333332,-0.03966666666666667,-0.5,0.11666666666666667,1.8473333333333335,0.049333333333333375,4.866666666666666,2.9699999999999998
partial cycles,15.681666666666667,-0.03983333333333334,-0.5,0.12083333333333333,1.8514791666666668,0.04935416666666671,4.870833333333334,2.9699999999999998
partial cycles,15.69,-0.04,-0.5,0.125,1.855625,0.049375000000000044,4.875,2.9699999999999998
partial cycles,15.698333333333332,-0.04016666666666667,-0.5,0.12916666666666668,1.8597708333333336,0.049395833333333375,4.879166666666666,2.9699999999999998
partial cycles,15.706666666666667,-0.04033333333333334,-0.5,0.13333333333333333,1.8639166666666669,0.04941666666666671,4.883333333333334,2.9699999999999998
partial cycles,15.715,-0.0405,-0.5,0.1375,1.8680625000000002,0.049437500000000044,4.8875,2.9699999999999998
partial cycles,15.723333333333333,-0.04066666666666667,-0.5,0.14166666666666666,1.8722083333333335,0.049458333333333375,4.891666666666667,2.9699999999999998
partial cycles,15.731666666666666,-0.04083333333333334,-0.5,0.14583333333333334,1.8763541666666668,0.04947916666666671,4.895833333333333,2.9699999999999998
partial cycles,15.74,-0.041,-0.5,0.15,1.8805,0.049500000000000044,4.9,2.9699999999999998
partial cycles,15.748333333333333,-0.04116666666666667,-0.5,0.15416666666666667,1.8846458333333336,0.049520833333333375,4.904166666666667,2.9699999999999998
partial cycles,15.756666666666666,-0.04133333333333333,-0.5,0.15833333333333333,1.8887916666666669,0.04954166666666671,4.908333333333333,2.9699999999999998
partial cycles,15.764999999999999,-0.0415,-0.5,0.1625,1.8929375000000002,0.049562500000000044,4.9125,2.9699999999999998
partial cycles,15.773333333333333,-0.04166666666666667,-0.5,0.16666666666666666,1.8970833333333335,0.049583333333333375,4.916666666666667,2.9699999999999998
partial cycles,15.781666666666666,-0.041833333333333333,-0.5,0.17083333333333334,1.901229166666667,0.04960416666666671,4.920833333333333,2.9699999999999998
partial cycles,15.79,-0.042,-0.5,0.175,1.9053750000000003,0.049625000000000044,4.925,2.9699999999999998
partial cycles,15.798333333333332,-0.04216666666666667,-0.5,0.17916666666666667,1.9095208333333336,0.049645833333333375,4.929166666666666,2.9699999999999998
partial cycles,15.806666666666667,-0.042333333333333334,-0.5,0.18333333333333332,1.9136666666666668,0.04966666666666671,4.933333333333334,2.9699999999999998
partial cycles,15.815,-0.0425,-0.5,0.1875,1.9178125000000001,0.049687500000000044,4.9375,2.9699999999999998
partial cycles,15.823333333333332,-0.04266666666666667,-0.5,0.19166666666666668,1.9219583333333334,0.049708333333333375,4.941666666666666,2.9699999999999998
partial cycles,15.831666666666667,-0.042833333333333334,-0.5,0.19583333333333333,1.9261041666666667,0.04972916666666671,4.945833333333334,2.9699999999999998
partial cycles,15.84,-0.043000000000000003,-0.5,0.2,1.9302500000000002,0.049750000000000044,4.95,2.9699999999999998
partial cycles,15.848333333333333,-0.04316666666666667,-0.5,0.20416666666666666,1.9343958333333335,0.049770833333333375,4.954166666666667,2.9699999999999998
partial cycles,15.856666666666666,-0.043333333333333335,-0.5,0.20833333333333334,1.9385416666666668,0.04979166666666671,4.958333333333333,2.9699999999999998
partial cycles,15.865,-0.043500000000000004,-0.5,0.2125,1.9426875000000001,0.049812500000000044,4.9625,2.9699999999999998
partial cycles,15.873333333333333,-0.04366666666666667,-0.5,0.21666666666666667,1.9468333333333336,0.049833333333333375,4.966666666666667,2.9699999999999998
partial cycles,15.881666666666666,-0.043833333333333335,-0.5,0.22083333333333333,1.950979166666667,0.04985416666666671,4.970833333333333,2.9699999999999998
partial cycles,15.889999999999999,-0.044000000000000004,-0.5,0.225,1.9551250000000002,0.049875000000000044,4.975,2.9699999999999998
partial cycles,15.898333333333333,-0.044166666666666674,-0.5,0.22916666666666666,1.9592708333333335,0.049895833333333375,4.979166666666667,2.9699999999999998
partial cycles,15.906666666666666,-0.044333333333333336,-0.5,0.23333333333333334,1.9634166666666668,0.04991666666666671,4.983333333333333,2.9699999999999998
partial cycles,15.915,-0.044500000000000005,-0.5,0.2375,1.9675625,0.049937500000000044,4.9875,2.9699999999999998
partial cycles,15.923333333333332,-0.044666666666666674,-0.5,0.24166666666666667,1.9717083333333334,0.049958333333333375,4.991666666666666,2.9699999999999998
partial cycles,15.931666666666667,-0.044833333333333336,-0.5,0.24583333333333332,1.975854166666667,0.04997916666666671,4.995833333333334,2.9699999999999998
partial cycles,15.94,0.05,0.5,0.0,1.9800000000000002,0.050000000000000044,5.0,2.9699999999999998
partial cycles,15.948333333333332,0.0502,0.5,0.004166666666666667,1.9758333333333336,0.050000000000000044,5.0,2.9741666666666666
partial cycles,15.956666666666667,0.0504,0.5,0.008333333333333333,1.971666666666667,0.050000000000000044,5.0,2.978333333333333
partial cycles,15.965,0.050600000000000006,0.5,0.0125,1.9675000000000002,0.050000000000000044,5.0,2.9825
partial cycles,15.973333333333333,0.050800000000000005,0.5,0.016666666666666666,1.9633333333333336,0.050000000000000044,5.0,2.9866666666666664
partial cycles,15.981666666666666,0.051000000000000004,0.5,0.020833333333333332,1.959166666666667,0.050000000000000044,5.0,2.9908333333333332
partial cycles,15.99,0.0512,0.5,0.025,1.9550000000000003,0.050000000000000044,5.0,2.9949999999999997
partial cycles,15.998333333333333,0.0514,0.5,0.029166666666666667,1.9508333333333336,0.050000000000000044,5.0,2.9991666666666665
partial cycles,16.006666666666668,0.0516,0.5,0.03333333333333333,1.9466666666666668,0.050000000000000044,5.0,3.003333333333333
partial cycles,16.015,0.051800000000000006,0.5,0.0375,1.9425000000000001,0.050000000000000044,5.0,3.0075
partial cycles,16.023333333333333,0.052000000000000005,0.5,0.041666666666666664,1.9383333333333335,0.050000000000000044,5.0,3.0116666666666663
partial cycles,16.031666666666666,0.0522,0.5,0.04583333333333333,1.9341666666666668,0.050000000000000044,5.0,3.015833333333333
partial cycles,16.04,0.0524,0.5,0.05,1.9300000000000002,0.050000000000000044,5.0,3.0199999999999996
partial cycles,16.048333333333332,0.0526,0.5,0.05416666666666667,1.9258333333333335,0.050000000000000044,5.0,3.0241666666666664
partial cycles,16.056666666666665,0.0528,0.5,0.058333333333333334,1.9216666666666669,0.050000000000000044,5.0,3.028333333333333
partial cycles,16.064999999999998,0.053000000000000005,0.5,0.0625,1.9175000000000002,0.050000000000000044,5.0,3.0324999999999998
partial cycles,16.073333333333334,0.053200000000000004,0.5,0.06666666666666667,1.9133333333333336,0.050000000000000044,5.0,3.0366666666666666
partial cycles,16.081666666666667,0.0534,0.5,0.07083333333333333,1.909166666666667,0.050000000000000044,5.0,3.040833333333333
partial cycles,16.09,0.0536,0.5,0.075,1.9050000000000002,0.050000000000000044,5.0,3.045
partial cycles,16.098333333333333,0.0538,0.5,0.07916666666666666,1.9008333333333336,0.050000000000000044,5.0,3.0491666666666664
partial cycles,16.106666666666666,0.054000000000000006,0.5,0.08333333333333333,1.896666666666667,0.050000000000000044,5.0,3.0533333333333332
partial cycles,16.115,0.054200000000000005,0.5,0.0875,1.8925000000000003,0.050000000000000044,5.0,3.0574999999999997
partial cycles,16.12333333333333,0.054400000000000004,0.5,0.09166666666666666,1.8883333333333336,0.050000000000000044,5.0,3.0616666666666665
partial cycles,16.131666666666668,0.0546,0.5,0.09583333333333334,1.8841666666666668,0.050000000000000044,5.0,3.065833333333333
partial cycles,16.14,0.0548,0.5,0.1,1.8800000000000001,0.050000000000000044,5.0,3.07
partial cycles,16.148333333333333,0.055,0.5,0.10416666666666667,1.8758333333333335,0.050000000000000044,5.0,3.0741666666666663
partial cycles,16.156666666666666,0.055200000000000006,0.5,0.10833333333333334,1.8716666666666668,0.050000000000000044,5.0,3.078333333333333
partial cycles,16.165,0.055400000000000005,0.5,0.1125,1.8675000000000002,0.050000000000000044,5.0,3.0824999999999996
partial cycles,16.173333333333332,0.055600000000000004,0.5,0.11666666666666667,1.8633333333333335,0.050000000000000044,5.0,3.0866666666666664
partial cycles,16.181666666666665,0.0558,0.5,0.12083333333333333,1.8591666666666669,0.050000000000000044,5.0,3.090833333333333
partial cycles,16.189999999999998,0.056,0.5,0.125,1.8550000000000002,0.050000000000000044,5.0,3.0949999999999998
partial cycles,16.198333333333334,0.0562,0.5,0.12916666666666668,1.8508333333333336,0.050000000000000044,5.0,3.0991666666666666
partial cycles,16.206666666666667,0.056400000000000006,0.5,0.13333333333333333,1.846666666666667,0.050000000000000044,5.0,3.103333333333333
partial cycles,16.215,0.056600000000000004,0.5,0.1375,1.8425000000000002,0.050000000000000044,5.0,3.1075
partial cycles,16.223333333333333,0.0568,0.5,0.14166666666666666,1.8383333333333336,0.050000000000000044,5.0,3.1116666666666664
partial cycles,16.231666666666666,0.057,0.5,0.14583333333333334,1.834166666666667,0.050000000000000044,5.0,3.1158333333333332
partial cycles,16.24,0.0572,0.5,0.15,1.8300000000000003,0.050000000000000044,5.0,3.1199999999999997
partial cycles,16.24833333333333,0.05740000000000001,0.5,0.15416666666666667,1.8258333333333336,0.050000000000000044,5.0,3.1241666666666665
partial cycles,16.256666666666668,0.057600000000000005,0.5,0.15833333333333333,1.8216666666666668,0.050000000000000044,5.0,3.128333333333333
partial cycles,16.265,0.057800000000000004,0.5,0.1625,1.8175000000000001,0.050000000000000044,5.0,3.1325
partial cycles,16.273333333333333,0.058,0.5,0.16666666666666666,1.8133333333333335,0.050000000000000044,5.0,3.1366666666666663
partial cycles,16.281666666666666,0.0582,0.5,0.17083333333333334,1.8091666666666668,0.050000000000000044,5.0,3.140833333333333
partial cycles,16.29,0.0584,0.5,0.175,1.8050000000000002,0.050000000000000044,5.0,3.1449999999999996
partial cycles,16.298333333333332,0.0586,0.5,0.17916666666666667,1.8008333333333335,0.050000000000000044,5.0,3.1491666666666664
partial cycles,16.306666666666665,0.058800000000000005,0.5,0.18333333333333332,1.7966666666666669,0.050000000000000044,5.0,3.153333333333333
partial cycles,16.314999999999998,0.059000000000000004,0.5,0.1875,1.7925000000000002,0.050000000000000044,5.0,3.1574999999999998
partial cycles,16.323333333333334,0.0592,0.5,0.19166666666666668,1.7883333333333336,0.050000000000000044,5.0,3.1616666666666666
partial cycles,16.331666666666667,0.0594,0.5,0.19583333333333333,1.784166666666667,0.050000000000000044,5.0,3.165833333333333
partial cycles,16.34,0.0596,0.5,0.2,1.7800000000000002,0.050000000000000044,5.0,3.17
partial cycles,16.348333333333333,0.059800000000000006,0.5,0.20416666666666666,1.7758333333333336,0.050000000000000044,5.0,3.1741666666666664
partial cycles,16.356666666666666,0.060000000000000005,0.5,0.20833333333333334,1.771666666666667,0.050000000000000044,5.0,3.1783333333333332
partial cycles,16.365,0.060200000000000004,0.5,0.2125,1.7675000000000003,0.050000000000000044,5.0,3.1824999999999997
partial cycles,16.37333333333333,0.0604,0.5,0.21666666666666667,1.7633333333333336,0.050000000000000044,5.0,3.1866666666666665
partial cycles,16.381666666666668,0.0606,0.5,0.22083333333333333,1.7591666666666668,0.050000000000000044,5.0,3.190833333333333
partial cycles,16.39,0.06080000000000001,0.5,0.225,1.7550000000000001,0.050000000000000044,5.0,3.195
partial cycles,16.398333333333333,0.061,0.5,0.22916666666666666,1.7508333333333335,0.050000000000000044,5.0,3.1991666666666663
partial cycles,16.406666666666666,0.061200000000000004,0.5,0.23333333333333334,1.7466666666666668,0.050000000000000044,5.0,3.203333333333333
partial cycles,16.415,0.0614,0.5,0.2375,1.7425000000000002,0.050000000000000044,5.0,3.2074999999999996
partial cycles,16.423333333333332,0.0616,0.5,0.24166666666666667,1.7383333333333335,0.050000000000000044,5.0,3.2116666666666664
partial cycles,16.431666666666665,0.0618,0.5,0.24583333333333332,1.7341666666666669,0.050000000000000044,5.0,3.215833333333333
partial cycles,16.439999999999998,-0.035,-0.5,0.0,1.7300000000000002,0.050000000000000044,5.0,3.2199999999999998
partial cycles,16.44833333333333,-0.03516666666666667,-0.5,0.004166666666666667,1.7341458333333335,0.050020833333333375,5.004166666666666,3.2199999999999998
partial cycles,16.456666666666663,-0.035333333333333335,-0.5,0.008333333333333333,1.7382916666666668,0.05004166666666671,5.008333333333334,3.2199999999999998
partial cycles,16.464999999999996,-0.035500000000000004,-0.5,0.0125,1.7424375000000003,0.050062500000000044,5.0125,3.2199999999999998
partial cycles,16.473333333333333,-0.03566666666666667,-0.5,0.016666666666666666,1.7465833333333336,0.050083333333333376,5.016666666666667,3.2199999999999998
partial cycles,16.481666666666666,-0.035833333333333335,-0.5,0.020833333333333332,1.750729166666667,0.050104166666666713,5.020833333333333,3.2199999999999998
partial cycles,16.49,-0.036000000000000004,-0.5,0.025,1.7548750000000002,0.050125000000000045,5.025,3.2199999999999998
partial cycles,16.49833333333333,-0.03616666666666667,-0.5,0.029166666666666667,1.7590208333333335,0.050145833333333376,5.029166666666667,3.2199999999999998
partial cycles,16.506666666666664,-0.036333333333333336,-0.5,0.03333333333333333,1.7631666666666668,0.050166666666666714,5.033333333333333,3.2199999999999998
partial cycles,16.514999999999997,-0.036500000000000005,-0.5,0.0375,1.7673125000000003,0.050187500000000045,5.0375,3.2199999999999998
partial cycles,16.52333333333333,-0.03666666666666667,-0.5,0.041666666666666664,1.7714583333333336,0.050208333333333376,5.041666666666667,3.2199999999999998
partial cycles,16.531666666666663,-0.036833333333333336,-0.5,0.04583333333333333,1.7756041666666669,0.050229166666666714,5.045833333333333,3.2199999999999998
partial cycles,16.54,-0.037000000000000005,-0.5,0.05,1.7797500000000002,0.050250000000000045,5.05,3.2199999999999998
partial cycles,16.548333333333332,-0.03716666666666667,-0.5,0.05416666666666667,1.7838958333333335,0.050270833333333376,5.054166666666666,3.2199999999999998
partial cycles,16.556666666666665,-0.037333333333333336,-0.5,0.058333333333333334,1.788041666666667,0.050291666666666714,5.058333333333334,3.2199999999999998
partial cycles,16.564999999999998,-0.037500000000000006,-0.5,0.0625,1.7921875000000003,0.050312500000000045,5.0625,3.2199999999999998
partial cycles,16.57333333333333,-0.03766666666666667,-0.5,0.06666666666666667,1.7963333333333336,0.050333333333333376,5.066666666666666,3.2199999999999998
partial cycles,16.581666666666663,-0.03783333333333334,-0.5,0.07083333333333333,1.8004791666666669,0.050354166666666714,5.070833333333334,3.2199999999999998
partial cycles,16.589999999999996,-0.038000000000000006,-0.5,0.075,1.8046250000000001,0.050375000000000045,5.075,3.2199999999999998
partial cycles,16.598333333333333,-0.03816666666666667,-0.5,0.07916666666666666,1.8087708333333334,0.050395833333333376,5.079166666666667,3.2199999999999998
partial cycles,16.606666666666666,-0.03833333333333334,-0.5,0.08333333333333333,1.812916666666667,0.050416666666666714,5.083333333333333,3.2199999999999998
partial cycles,16.615,-0.038500000000000006,-0.5,0.0875,1.8170625000000002,0.050437500000000045,5.0875,3.2199999999999998
partial cycles,16.62333333333333,-0.03866666666666667,-0.5,0.09166666666666666,1.8212083333333335,0.050458333333333376,5.091666666666667,3.2199999999999998
partial cycles,16.631666666666664,-0.03883333333333334,-0.5,0.09583333333333334,1.8253541666666668,0.050479166666666714,5.095833333333333,3.2199999999999998
partial cycles,16.639999999999997,-0.03900000000000001,-0.5,0.1,1.8295000000000001,0.050500000000000045,5.1,3.2199999999999998
partial cycles,16.64833333333333,-0.03916666666666667,-0.5,0.10416666666666667,1.8336458333333336,0.050520833333333376,5.104166666666667,3.2199999999999998
partial cycles,16.656666666666663,-0.03933333333333334,-0.5,0.10833333333333334,1.837791666666667,0.050541666666666714,5.108333333333333,3.2199999999999998
partial cycles,16.665,-0.03950000000000001,-0.5,0.1125,1.8419375000000002,0.050562500000000045,5.1125,3.2199999999999998
partial cycles,16.673333333333332,-0.03966666666666667,-0.5,0.11666666666666667,1.8460833333333335,0.050583333333333376,5.116666666666666,3.2199999999999998
partial cycles,16.681666666666665,-0.03983333333333334,-0.5,0.12083333333333333,1.8502291666666668,0.050604166666666714,5.120833333333334,3.2199999999999998
partial cycles,16.689999999999998,-0.04,-0.5,0.125,1.854375,0.050625000000000045,5.125,3.2199999999999998
partial cycles,16.69833333333333,-0.04016666666666667,-0.5,0.12916666666666668,1.8585208333333336,0.050645833333333376,5.129166666666666,3.2199999999999998
partial cycles,16.706666666666663,-0.04033333333333334,-0.5,0.13333333333333333,1.862666666666667,0.050666666666666714,5.133333333333334,3.2199999999999998
partial cycles,16.714999999999996,-0.0405,-0.5,0.1375,1.8668125000000002,0.050687500000000045,5.1375,3.2199999999999998
partial cycles,16.723333333333333,-0.04066666666666667,-0.5,0.14166666666666666,1.8709583333333335,0.050708333333333376,5.141666666666667,3.2199999999999998
partial cycles,16.731666666666666,-0.04083333333333334,-0.5,0.14583333333333334,1.8751041666666668,0.050729166666666714,5.145833333333333,3.2199999999999998
partial cycles,16.74,-0.041,-0.5,0.15,1.8792500000000003,0.050750000000000045,5.15,3.2199999999999998
partial cycles,16.74833333333333,-0.04116666666666667,-0.5,0.15416666666666667,1.8833958333333336,0.050770833333333376,5.154166666666667,3.2199999999999998
partial cycles,16.756666666666664,-0.04133333333333333,-0.5,0.15833333333333333,1.887541666666667,0.050791666666666714,5.158333333333333,3.2199999999999998
partial cycles,16.764999999999997,-0.0415,-0.5,0.1625,1.8916875000000002,0.050812500000000045,5.1625,3.2199999999999998
partial cycles,16.77333333333333,-0.04166666666666667,-0.5,0.16666666666666666,1.8958333333333335,0.050833333333333376,5.166666666666667,3.2199999999999998
partial cycles,16.781666666666663,-0.041833333333333333,-0.5,0.17083333333333334,1.8999791666666668,0.050854166666666714,5.170833333333333,3.2199999999999998
partial cycles,16.79,-0.042,-0.5,0.175,1.9041250000000003,0.050875000000000045,5.175,3.2199999999999998
partial cycles,16.798333333333332,-0.04216666666666667,-0.5,0.17916666666666667,1.9082708333333336,0.050895833333333376,5.179166666666666,3.2199999999999998
partial cycles,16.806666666666665,-0.042333333333333334,-0.5,0.18333333333333332,1.9124166666666669,0.050916666666666714,5.183333333333334,3.2199999999999998
partial cycles,16.814999999999998,-0.0425,-0.5,0.1875,1.9165625000000002,0.050937500000000045,5.1875,3.2199999999999998
partial cycles,16.82333333333333,-0.04266666666666667,-0.5,0.19166666666666668,1.9207083333333335,0.050958333333333376,5.191666666666666,3.2199999999999998
partial cycles,16.831666666666663,-0.042833333333333334,-0.5,0.19583333333333333,1.924854166666667,0.050979166666666714,5.195833333333334,3.2199999999999998
partial cycles,16.839999999999996,-0.043000000000000003,-0.5,0.2,1.9290000000000003,0.051000000000000045,5.2,3.2199999999999998
partial cycles,16.848333333333333,-0.04316666666666667,-0.5,0.20416666666666666,1.9331458333333336,0.051020833333333376,5.204166666666667,3.2199999999999998
partial cycles,16.856666666666666,-0.043333333333333335,-0.5,0.20833333333333334,1.9372916666666669,0.051041666666666714,5.208333333333333,3.2199999999999998
partial cycles,16.865,-0.043500000000000004,-0.5,0.2125,1.9414375000000001,0.051062500000000045,5.2125,3.2199999999999998
partial cycles,16.87333333333333,-0.04366666666666667,-0.5,0.21666666666666667,1.9455833333333334,0.051083333333333376,5.216666666666667,3.2199999999999998
partial cycles,16.881666666666664,-0.043833333333333335,-0.5,0.22083333333333333,1.949729166666667,0.051104166666666714,5.220833333333333,3.2199999999999998
partial cycles,16.889999999999997,-0.044000000000000004,-0.5,0.225,1.9538750000000003,0.051125000000000045,5.225,3.2199999999999998
partial cycles,16.89833333333333,-0.044166666666666674,-0.5,0.22916666666666666,1.9580208333333335,0.051145833333333376,5.229166666666667,3.2199999999999998
partial cycles,16.906666666666663,-0.044333333333333336,-0.5,0.23333333333333334,1.9621666666666668,0.051166666666666714,5.233333333333333,3.2199999999999998
partial cycles,16.915,-0.044500000000000005,-0.5,0.2375,1.9663125000000001,0.051187500000000045,5.2375,3.2199999999999998
partial cycles,16.923333333333332,-0.044666666666666674,-0.5,0.24166666666666667,1.9704583333333336,0.051208333333333377,5.241666666666666,3.2199999999999998
partial cycles,16.931666666666665,-0.044833333333333336,-0.5,0.24583333333333332,1.974604166666667,0.051229166666666714,5.245833333333334,3.2199999999999998
partial cycles,16.939999999999998,0.05,0.5,0.0,1.9787500000000002,0.051250000000000046,5.25,3.2199999999999998
partial cycles,16.94833333333333,0.0502,0.5,0.004166666666666667,1.9745833333333336,0.051250000000000046,5.25,3.2241666666666666
partial cycles,16.956666666666663,0.0504,0.5,0.008333333333333333,1.970416666666667,0.051250000000000046,5.25,3.228333333333333
partial cycles,16.964999999999996,0.050600000000000006,0.5,0.0125,1.9662500000000003,0.051250000000000046,5.25,3.2325
partial cycles,16.973333333333333,0.050800000000000005,0.5,0.016666666666666666,1.9620833333333336,0.051250000000000046,5.25,3.2366666666666664
partial cycles,16.981666666666666,0.051000000000000004,0.5,0.020833333333333332,1.957916666666667,0.051250000000000046,5.25,3.2408333333333332
partial cycles,16.99,0.0512,0.5,0.025,1.9537500000000003,0.051250000000000046,5.25,3.2449999999999997
partial cycles,16.99833333333333,0.0514,0.5,0.029166666666666667,1.9495833333333337,0.051250000000000046,5.25,3.2491666666666665
partial cycles,17.006666666666664,0.0516,0.5,0.03333333333333333,1.9454166666666668,0.051250000000000046,5.25,3.253333333333333
partial cycles,17.014999999999997,0.051800000000000006,0.5,0.0375,1.9412500000000001,0.051250000000000046,5.25,3.2575
partial cycles,17.02333333333333,0.052000000000000005,0.5,0.041666666666666664,1.9370833333333335,0.051250000000000046,5.25,3.2616666666666663
partial cycles,17.031666666666663,0.0522,0.5,0.04583333333333333,1.9329166666666668,0.051250000000000046,5.25,3.265833333333333
partial cycles,17.04,0.0524,0.5,0.05,1.9287500000000002,0.051250000000000046,5.25,3.2699999999999996
partial cycles,17.048333333333332,0.0526,0.5,0.05416666666666667,1.9245833333333335,0.051250000000000046,5.25,3.2741666666666664
partial cycles,17.056666666666665,0.0528,0.5,0.058333333333333334,1.9204166666666669,0.051250000000000046,5.25,3.278333333333333
partial cycles,17.064999999999998,0.053000000000000005,0.5,0.0625,1.9162500000000002,0.051250000000000046,5.25,3.2824999999999998
partial cycles,17.07333333333333,0.053200000000000004,0.5,0.06666666666666667,1.9120833333333336,0.051250000000000046,5.25,3.2866666666666666
partial cycles,17.081666666666663,0.0534,0.5,0.07083333333333333,1.907916666666667,0.051250000000000046,5.25,3.290833333333333
partial cycles,17.089999999999996,0.0536,0.5,0.075,1.9037500000000003,0.051250000000000046,5.25,3.295
partial cycles,17.098333333333333,0.0538,0.5,0.07916666666666666,1.8995833333333336,0.051250000000000046,5.25,3.2991666666666664
partial cycles,17.106666666666666,0.054000000000000006,0.5,0.08333333333333333,1.895416666666667,0.051250000000000046,5.25,3.3033333333333332
partial cycles,17.115,0.054200000000000005,0.5,0.0875,1.8912500000000003,0.051250000000000046,5.25,3.3074999999999997
partial cycles,17.12333333333333,0.054400000000000004,0.5,0.09166666666666666,1.8870833333333337,0.051250000000000046,5.25,3.3116666666666665
partial cycles,17.131666666666664,0.0546,0.5,0.09583333333333334,1.8829166666666668,0.051250000000000046,5.25,3.315833333333333
partial cycles,17.139999999999997,0.0548,0.5,0.1,1.8787500000000001,0.051250000000000046,5.25,3.32
partial cycles,17.14833333333333,0.055,0.5,0.10416666666666667,1.8745833333333335,0.051250000000000046,5.25,3.3241666666666663
partial cycles,17.156666666666663,0.055200000000000006,0.5,0.10833333333333334,1.8704166666666668,0.051250000000000046,5.25,3.328333333333333
partial cycles,17.165,0.055400000000000005,0.5,0.1125,1.8662500000000002,0.051250000000000046,5.25,3.3324999999999996
partial cycles,17.173333333333332,0.055600000000000004,0.5,0.11666666666666667,1.8620833333333335,0.051250000000000046,5.25,3.3366666666666664
partial cycles,17.181666666666665,0.0558,0.5,0.12083333333333333,1.8579166666666669,0.051250000000000046,5.25,3.340833333333333
partial cycles,17.189999999999998,0.056,0.5,0.125,1.8537500000000002,0.051250000000000046,5.25,3.3449999999999998
partial cycles,17.19833333333333,0.0562,0.5,0.12916666666666668,1.8495833333333336,0.051250000000000046,5.25,3.3491666666666666
partial cycles,17.206666666666663,0.056400000000000006,0.5,0.13333333333333333,1.845416666666667,0.051250000000000046,5.25,3.353333333333333
partial cycles,17.214999999999996,0.056600000000000004,0.5,0.1375,1.8412500000000003,0.051250000000000046,5.25,3.3575
partial cycles,17.223333333333333,0.0568,0.5,0.14166666666666666,1.8370833333333336,0.051250000000000046,5.25,3.3616666666666664
partial cycles,17.231666666666666,0.057,0.5,0.14583333333333334,1.832916666666667,0.051250000000000046,5.25,3.3658333333333332
partial cycles,17.24,0.0572,0.5,0.15,1.8287500000000003,0.051250000000000046,5.25,3.3699999999999997
partial cycles,17.24833333333333,0.05740000000000001,0.5,0.15416666666666667,1.8245833333333334,0.051250000000000046,5.25,3.3741666666666665
partial cycles,17.256666666666664,0.057600000000000005,0.5,0.15833333333333333,1.820416666666667,0.051250000000000046,5.25,3.378333333333333
partial cycles,17.264999999999997,0.057800000000000004,0.5,0.1625,1.8162500000000001,0.051250000000000046,5.25,3.3825
partial cycles,17.27333333333333,0.058,0.5,0.16666666666666666,1.8120833333333335,0.051250000000000046,5.25,3.3866666666666663
partial cycles,17.281666666666663,0.0582,0.5,0.17083333333333334,1.8079166666666668,0.051250000000000046,5.25,3.390833333333333
partial cycles,17.29,0.0584,0.5,0.175,1.8037500000000002,0.051250000000000046,5.25,3.3949999999999996
partial cycles,17.298333333333332,0.0586,0.5,0.17916666666666667,1.7995833333333335,0.051250000000000046,5.25,3.3991666666666664
partial cycles,17.306666666666665,0.058800000000000005,0.5,0.18333333333333332,1.7954166666666669,0.051250000000000046,5.25,3.403333333333333
partial cycles,17.314999999999998,0.059000000000000004,0.5,0.1875,1.7912500000000002,0.051250000000000046,5.25,3.4074999999999998
partial cycles,17.32333333333333,0.0592,0.5,0.19166666666666668,1.7870833333333336,0.051250000000000046,5.25,3.4116666666666666
partial cycles,17.331666666666663,0.0594,0.5,0.19583333333333333,1.782916666666667,0.051250000000000046,5.25,3.415833333333333
partial cycles,17.339999999999996,0.0596,0.5,0.2,1.7787500000000003,0.051250000000000046,5.25,3.42
partial cycles,17.348333333333333,0.059800000000000006,0.5,0.20416666666666666,1.7745833333333336,0.051250000000000046,5.25,3.4241666666666664
partial cycles,17.356666666666666,0.060000000000000005,0.5,0.20833333333333334,1.770416666666667,0.051250000000000046,5.25,3.4283333333333332
partial cycles,17.365,0.060200000000000004,0.5,0.2125,1.7662500000000003,0.051250000000000046,5.25,3.4324999999999997
partial cycles,17.37333333333333,0.0604,0.5,0.21666666666666667,1.7620833333333334,0.051250000000000046,5.25,3.4366666666666665
partial cycles,17.381666666666664,0.0606,0.5,0.22083333333333333,1.757916666666667,0.051250000000000046,5.25,3.440833333333333
partial cycles,17.389999999999997,0.06080000000000001,0.5,0.225,1.7537500000000001,0.051250000000000046,5.25,3.445
partial cycles,17.39833333333333,0.061,0.5,0.22916666666666666,1.7495833333333335,0.051250000000000046,5.25,3.4491666666666663
partial cycles,17.406666666666663,0.061200000000000004,0.5,0.23333333333333334,1.7454166666666668,0.051250000000000046,5.25,3.453333333333333
partial cycles,17.415,0.0614,0.5,0.2375,1.7412500000000002,0.051250000000000046,5.25,3.4574999999999996
partial cycles,17.423333333333332,0.0616,0.5,0.24166666666666667,1.7370833333333335,0.051250000000000046,5.25,3.4616666666666664
partial cycles,17.431666666666665,0.0618,0.5,0.24583333333333332,1.7329166666666669,0.051250000000000046,5.25,3.465833333333333
partial cycles,17.439999999999998,-0.035,-0.5,0.0,1.7287500000000002,0.051250000000000046,5.25,3.4699999999999998
partial cycles,17.44833333333333,-0.03516666666666667,-0.5,0.004166666666666667,1.7328958333333335,0.05127083333333338,5.254166666666666,3.4699999999999998
partial cycles,17.456666666666663,-0.035333333333333335,-0.5,0.008333333333333333,1.7370416666666668,0.051291666666666715,5.258333333333334,3.4699999999999998
partial cycles,17.464999999999996,-0.035500000000000004,-0.5,0.0125,1.7411875000000003,0.051312500000000046,5.2625,3.4699999999999998
partial cycles,17.473333333333333,-0.03566666666666667,-0.5,0.016666666666666666,1.7453333333333336,0.05133333333333338,5.266666666666667,3.4699999999999998
partial cycles,17.481666666666666,-0.035833333333333335,-0.5,0.020833333333333332,1.749479166666667,0.051354166666666715,5.270833333333333,3.4699999999999998
partial cycles,17.49,-0.036000000000000004,-0.5,0.025,1.7536250000000002,0.051375000000000046,5.275,3.4699999999999998
partial cycles,17.49833333333333,-0.03616666666666667,-0.5,0.029166666666666667,1.7577708333333335,0.05139583333333338,5.279166666666667,3.4699999999999998
partial cycles,17.506666666666664,-0.036333333333333336,-0.5,0.03333333333333333,1.7619166666666668,0.051416666666666715,5.283333333333333,3.4699999999999998
partial cycles,17.514999999999997,-0.036500000000000005,-0.5,0.0375,1.7660625000000003,0.051437500000000046,5.2875,3.4699999999999998
partial cycles,17.52333333333333,-0.03666666666666667,-0.5,0.041666666666666664,1.7702083333333336,0.05145833333333338,5.291666666666667,3.4699999999999998
partial cycles,17.531666666666663,-0.036833333333333336,-0.5,0.04583333333333333,1.774354166666667,0.051479166666666715,5.295833333333333,3.4699999999999998
partial cycles,17.54,-0.037000000000000005,-0.5,0.05,1.7785000000000002,0.051500000000000046,5.3,3.4699999999999998
partial cycles,17.548333333333332,-0.03716666666666667,-0.5,0.05416666666666667,1.7826458333333335,0.05152083333333338,5.304166666666666,3.4699999999999998
partial cycles,17.556666666666665,-0.037333333333333336,-0.5,0.058333333333333334,1.786791666666667,0.051541666666666715,5.308333333333334,3.4699999999999998
partial cycles,17.564999999999998,-0.037500000000000006,-0.5,0.0625,1.7909375000000003,0.051562500000000046,5.3125,3.4699999999999998
partial cycles,17.57333333333333,-0.03766666666666667,-0.5,0.06666666666666667,1.7950833333333336,0.05158333333333338,5.316666666666666,3.4699999999999998
partial cycles,17.581666666666663,-0.03783333333333334,-0.5,0.07083333333333333,1.7992291666666669,0.051604166666666715,5.320833333333334,3.4699999999999998
partial cycles,17.589999999999996,-0.038000000000000006,-0.5,0.075,1.8033750000000002,0.051625000000000046,5.325,3.4699999999999998
partial cycles,17.598333333333333,-0.03816666666666667,-0.5,0.07916666666666666,1.8075208333333335,0.05164583333333338,5.329166666666667,3.4699999999999998
partial cycles,17.606666666666666,-0.03833333333333334,-0.5,0.08333333333333333,1.811666666666667,0.051666666666666715,5.333333333333333,3.4699999999999998
partial cycles,17.615,-0.038500000000000006,-0.5,0.0875,1.8158125000000003,0.051687500000000046,5.3375,3.4699999999999998
partial cycles,17.62333333333333,-0.03866666666666667,-0.5,0.09166666666666666,1.8199583333333336,0.05170833333333338,5.341666666666667,3.4699999999999998
partial cycles,17.631666666666664,-0.03883333333333334,-0.5,0.09583333333333334,1.8241041666666669,0.051729166666666715,5.345833333333333,3.4699999999999998
partial cycles,17.639999999999997,-0.03900000000000001,-0.5,0.1,1.8282500000000002,0.051750000000000046,5.35,3.4699999999999998
partial cycles,17.64833333333333,-0.03916666666666667,-0.5,0.10416666666666667,1.8323958333333337,0.05177083333333338,5.354166666666667,3.4699999999999998
partial cycles,17.656666666666663,-0.03933333333333334,-0.5,0.10833333333333334,1.836541666666667,0.051791666666666715,5.358333333333333,3.4699999999999998
partial cycles,17.665,-0.03950000000000001,-0.5,0.1125,1.8406875000000003,0.051812500000000046,5.3625,3.4699999999999998
partial cycles,17.673333333333332,-0.03966666666666667,-0.5,0.11666666666666667,1.8448333333333335,0.05183333333333338,5.366666666666666,3.4699999999999998
partial cycles,17.681666666666665,-0.03983333333333334,-0.5,0.12083333333333333,1.8489791666666668,0.051854166666666715,5.370833333333334,3.4699999999999998
partial cycles,17.689999999999998,-0.04,-0.5,0.125,1.8531250000000001,0.051875000000000046,5.375,3.4699999999999998
partial cycles,17.69833333333333,-0.04016666666666667,-0.5,0.12916666666666668,1.8572708333333336,0.05189583333333338,5.379166666666666,3.4699999999999998
partial cycles,17.706666666666663,-0.04033333333333334,-0.5,0.13333333333333333,1.861416666666667,0.051916666666666715,5.383333333333334,3.4699999999999998
partial cycles,17.714999999999996,-0.0405,-0.5,0.1375,1.8655625000000002,0.051937500000000046,5.3875,3.4699999999999998
partial cycles,17.723333333333333,-0.04066666666666667,-0.5,0.14166666666666666,1.8697083333333335,0.05195833333333338,5.391666666666667,3.4699999999999998
partial cycles,17.731666666666666,-0.04083333333333334,-0.5,0.14583333333333334,1.8738541666666668,0.051979166666666715,5.395833333333333,3.4699999999999998
partial cycles,17.74,-0.041,-0.5,0.15,1.8780000000000001,0.052000000000000046,5.4,3.4699999999999998
partial cycles,17.74833333333333,-0.04116666666666667,-0.5,0.15416666666666667,1.8821458333333336,0.05202083333333338,5.404166666666667,3.4699999999999998
partial cycles,17.756666666666664,-0.04133333333333333,-0.5,0.15833333333333333,1.886291666666667,0.052041666666666715,5.408333333333333,3.4699999999999998
partial cycles,17.764999999999997,-0.0415,-0.5,0.1625,1.8904375000000002,0.052062500000000046,5.4125,3.4699999999999998
partial cycles,17.77333333333333,-0.04166666666666667,-0.5,0.16666666666666666,1.8945833333333335,0.05208333333333338,5.416666666666667,3.4699999999999998
partial cycles,17.781666666666663,-0.041833333333333333,-0.5,0.17083333333333334,1.898729166666667,0.052104166666666715,5.420833333333333,3.4699999999999998
partial cycles,17.79,-0.042,-0.5,0.175,1.9028750000000003,0.052125000000000046,5.425,3.4699999999999998
partial cycles,17.798333333333332,-0.04216666666666667,-0.5,0.17916666666666667,1.9070208333333336,0.05214583333333338,5.429166666666666,3.4699999999999998
partial cycles,17.806666666666665,-0.042333333333333334,-0.5,0.18333333333333332,1.911166666666667,0.052166666666666715,5.433333333333334,3.4699999999999998
partial cycles,17.814999999999998,-0.0425,-0.5,0.1875,1.9153125000000002,0.052187500000000046,5.4375,3.4699999999999998
partial cycles,17.82333333333333,-0.04266666666666667,-0.5,0.19166666666666668,1.9194583333333335,0.05220833333333338,5.441666666666666,3.4699999999999998
partial cycles,17.831666666666663,-0.042833333333333334,-0.5,0.19583333333333333,1.9236041666666668,0.052229166666666715,5.445833333333334,3.4699999999999998
partial cycles,17.839999999999996,-0.043000000000000003,-0.5,0.2,1.9277500000000003,0.052250000000000046,5.45,3.4699999999999998
partial cycles,17.848333333333333,-0.04316666666666667,-0.5,0.20416666666666666,1.9318958333333336,0.05227083333333338,5.454166666666667,3.4699999999999998
partial cycles,17.856666666666666,-0.043333333333333335,-0.5,0.20833333333333334,1.9360416666666669,0.052291666666666715,5.458333333333333,3.4699999999999998
partial cycles,17.865,-0.043500000000000004,-0.5,0.2125,1.9401875000000002,0.052312500000000046,5.4625,3.4699999999999998
partial cycles,17.87333333333333,-0.04366666666666667,-0.5,0.21666666666666667,1.9443333333333337,0.05233333333333338,5.466666666666667,3.4699999999999998
partial cycles,17.881666666666664,-0.043833333333333335,-0.5,0.22083333333333333,1.948479166666667,0.052354166666666715,5.470833333333333,3.4699999999999998
partial cycles,17.889999999999997,-0.044000000000000004,-0.5,0.225,1.9526250000000003,0.052375000000000047,5.475,3.4699999999999998
partial cycles,17.89833333333333,-0.044166666666666674,-0.5,0.22916666666666666,1.9567708333333336,0.05239583333333338,5.479166666666667,3.4699999999999998
partial cycles,17.906666666666663,-0.044333333333333336,-0.5,0.23333333333333334,1.9609166666666669,0.052416666666666716,5.483333333333333,3.4699999999999998
partial cycles,17.915,-0.044500000000000005,-0.5,0.2375,1.9650625000000002,0.05243750000000005,5.4875,3.4699999999999998
partial cycles,17.923333333333332,-0.044666666666666674,-0.5,0.24166666666666667,1.9692083333333334,0.05245833333333338,5.491666666666666,3.4699999999999998
partial cycles,17.931666666666665,-0.044833333333333336,-0.5,0.24583333333333332,1.973354166666667,0.052479166666666716,5.495833333333334,3.4699999999999998
final strip,17.939999999999998,0.05,0.5,0.0,1.9775000000000003,0.05250000000000005,5.5,3.4699999999999998
final strip,18.005916666666664,0.05,0.5,0.03295833333333334,1.9445416666666668,0.05250000000000005,5.5,3.502958333333333
final strip,18.07183333333333,0.05,0.5,0.06591666666666668,1.9115833333333336,0.05250000000000005,5.5,3.5359166666666666
final strip,18.137749999999997,0.05000000000000023,0.5,0.09887500000000002,1.8786250000000002,0.05250000000000005,5.5,3.568875
final strip,18.203666666666663,0.05000000000000732,0.5,0.13183333333333336,1.8456666666666668,0.05250000000000005,5.5,3.601833333333333
final strip,18.26958333333333,0.05000000000010655,0.5,0.16479166666666667,1.8127083333333336,0.05250000000000005,5.5,3.6347916666666666
final strip,18.335499999999996,0.05000000000095,0.5,0.19775000000000004,1.7797500000000002,0.05250000000000005,5.5,3.66775
final strip,18.401416666666666,0.05000000000604067,0.5,0.23070833333333338,1.746791666666667,0.05250000000000005,5.5,3.700708333333333
final strip,18.467333333333332,0.05000000002999083,0.5,0.2636666666666667,1.7138333333333335,0.05250000000000005,5.5,3.7336666666666662
final strip,18.53325,0.050000000123259024,0.5,0.296625,1.6808750000000003,0.05250000000000005,5.5,3.766625
final strip,18.599166666666665,0.050000000436423976,0.5,0.32958333333333334,1.647916666666667,0.05250000000000005,5.5,3.799583333333333
final strip,18.66508333333333,0.05000000136968539,0.5,0.3625416666666667,1.6149583333333335,0.05250000000000005,5.5,3.8325416666666663
final strip,18.730999999999998,0.050000003891200004,0.5,0.3955000000000001,1.5820000000000003,0.05250000000000005,5.5,3.8655
final strip,18.796916666666664,0.050000010167842925,0.5,0.4284583333333334,1.5490416666666669,0.05250000000000005,5.5,3.898458333333333
final strip,18.86283333333333,0.050000024742582604,0.5,0.46141666666666675,1.5160833333333334,0.05250000000000005,5.5,3.9314166666666663
final strip,18.928749999999997,0.05000005662441254,0.5,0.49437500000000006,1.4831250000000002,0.05250000000000005,5.5,3.964375
final strip,18.994666666666664,0.05000012284242823,0.5,0.5273333333333334,1.4501666666666668,0.05250000000000005,5.5,3.997333333333333
final strip,19.06058333333333,0.05000025427031275,0.5,0.5602916666666667,1.4172083333333334,0.05250000000000005,5.5,4.030291666666667
final strip,19.126499999999997,0.05000050486895,0.5,0.59325,1.3842500000000002,0.05250000000000005,5.5,4.06325
final strip,19.192416666666663,0.05000096594369512,0.5,0.6262083333333334,1.351291666666667,0.05250000000000005,5.5,4.096208333333333
final strip,19.258333333333333,0.050001787592602,0.5,0.6591666666666667,1.3183333333333336,0.05250000000000005,5.5,4.129166666666666
final strip,19.32425,0.05000321025948266,0.5,0.6921250000000001,1.2853750000000002,0.05250000000000005,5.5,4.162125
final strip,19.390166666666666,0.05000561023134814,0.5,0.7250833333333334,1.252416666666667,0.05250000000000005,5.5,4.195083333333333
final strip,19.456083333333332,0.0500095640675074,0.5,0.7580416666666668,1.2194583333333333,0.05250000000000005,5.5,4.228041666666667
final strip,19.522,0.050015938355200004,0.5,0.7910000000000001,1.1865,0.05250000000000005,5.5,4.261
final strip,19.587916666666665,0.05002601289600718,0.5,0.8239583333333335,1.153541666666667,0.05250000000000005,5.5,4.293958333333333
final strip,19.65383333333333,0.05004164748460574,0.5,0.8569166666666668,1.1205833333333335,0.05250000000000005,5.5,4.3269166666666665
final strip,19.719749999999998,0.05006550489737719,0.5,0.8898750000000001,1.087625,0.05250000000000005,5.5,4.359875
final strip,19.785666666666664,0.05010134561834057,0.5,0.9228333333333335,1.0546666666666669,0.05250000000000005,5.5,4.392833333333333
final strip,19.85158333333333,0.05015441325413493,0.5,0.9557916666666668,1.0217083333333334,0.05250000000000005,5.5,4.425791666666667
final strip,19.917499999999997,0.05023193359375,0.5,0.9887500000000001,0.9887500000000001,0.05250000000000005,5.5,4.45875
final strip,19.983416666666663,0.050343754923137675,0.5,1.0217083333333337,0.9557916666666666,0.05250000000000005,5.5,4.491708333333333
final strip,20.04933333333333,0.050503162586016365,0.5,1.0546666666666669,0.9228333333333334,0.05250000000000005,5.5,4.524666666666667
final strip,20.11525,0.050727906972139886,0.5,1.0876250000000003,0.889875,0.05250000000000005,5.5,4.557625
final strip,20.181166666666666,0.05104149120103318,0.5,1.1205833333333335,0.8569166666666668,0.05250000000000005,5.5,4.590583333333333
final strip,20.247083333333332,0.05147477284685841,0.5,1.153541666666667,0.8239583333333333,0.05250000000000005,5.5,4.623541666666666
final strip,20.313,0.052067943219200004,0.5,1.1865,0.7910000000000001,0.05250000000000005,5.5,4.656499999999999
final strip,20.378916666666665,0.05287295808226737,0.5,1.2194583333333335,0.7580416666666667,0.05250000000000005,5.5,4.6894583333333335
final strip,20.44483333333333,0.05395650537522106,0.5,1.2524166666666667,0.7250833333333335,0.05250000000000005,5.5,4.722416666666667
final strip,20.510749999999998,0.05540360860995043,0.5,1.2853750000000002,0.6921250000000001,0.05250000000000005,5.5,4.755375
final strip,20.576666666666664,0.05732197929779599,0.5,1.3183333333333334,0.6591666666666669,0.05250000000000005,5.5,4.788333333333333
final strip,20.64258333333333,0.05984724812896859,0.5,1.3512916666666668,0.6262083333333335,0.05250000000000005,5.5,4.821291666666666
final strip,20.708499999999997,0.06314922284095,0.5,1.3842500000000002,0.59325,0.05250000000000005,5.5,4.85425
final strip,20.774416666666664,0.06743934091598558,0.5,1.4172083333333336,0.5602916666666666,0.05250000000000005,5.5,4.887208333333334
final strip,20.84033333333333,0.07297950760196663,0.5,1.4501666666666668,0.5273333333333334,0.05250000000000005,5.5,4.920166666666667
final strip,20.90625,0.08009253442287445,0.5,1.4831250000000002,0.494375,0.05250000000000005,5.5,4.953125
final strip,20.972166666666666,0.08917442051030938,0.5,1.5160833333333337,0.4614166666666666,0.05250000000000005,5.5,4.986083333333333
final strip,21.038083333333333,0.10070874893092717,0.5,1.5490416666666669,0.4284583333333334,0.05250000000000005,5.5,5.019041666666666
final strip,21.104,0.11528350289920004,0.5,1.5820000000000003,0.39549999999999996,0.05250000000000005,5.5,5.052
final strip,21.169916666666666,0.13361064255325622,0.5,1.6149583333333335,0.36254166666666676,0.05250000000000005,5.5,5.084958333333333
final strip,21.235833333333332,0.1565488220453844,0.5,1.647916666666667,0.32958333333333334,0.05250000000000005,5.5,5.117916666666667
final strip,21.30175,0.18512966927936347,0.5,1.6808750000000001,0.29662500000000014,0.05250000000000005,5.5,5.150875
final strip,21.367666666666665,0.22058809694509474,0.5,1.7138333333333335,0.2636666666666667,0.05250000000000005,5.5,5.183833333333333
final strip,21.43358333333333,0.2643971637979562,0.5,1.7467916666666667,0.23070833333333352,0.05250000000000005,5.5,5.2167916666666665
final strip,21.499499999999998,0.3183080596569501,0.5,1.7797500000000002,0.1977500000000001,0.05250000000000005,5.5,5.24975
final strip,21.565416666666664,0.38439584661343007,0.5,1.8127083333333336,0.16479166666666667,0.05250000000000005,5.5,5.282708333333334
final strip,21.63133333333333,0.4651116527229774,0.5,1.845666666666667,0.13183333333333325,0.05250000000000005,5.5,5.315666666666667
final strip,21.697249999999997,0.5633420832795049,0.5,1.8786250000000002,0.09887500000000005,0.05250000000000005,5.5,5.348625
final strip,21.763166666666663,0.6824766889366752,0.5,1.9115833333333336,0.06591666666666662,0.05250000000000005,5.5,5.381583333333333
final strip,21.82908333333333,0.826484409752007,0.5,1.9445416666666668,0.03295833333333342,0.05250000000000005,5.5,5.414541666666667
final strip,21.895,1.0,0.5,1.9775000000000003,0.0,0.05250000000000005,5.5,5.4475
