pair,distance_A,g_r,coordination_number
Li-O (solvent),0.5,0.0,0.0
Li-O (solvent),0.507832422586521,0.0,0.0
Li-O (solvent),0.5156648451730419,0.0,0.0
Li-O (solvent),0.5234972677595628,0.0,0.0
Li-O (solvent),0.5313296903460838,0.0,0.0
Li-O (solvent),0.5391621129326047,0.0,0.0
Li-O (solvent),0.5469945355191257,0.0,0.0
Li-O (solvent),0.5548269581056466,0.0,0.0
Li-O (solvent),0.5626593806921676,0.0,0.0
Li-O (solvent),0.5704918032786885,0.0,0.0
Li-O (solvent),0.5783242258652095,0.0,0.0
Li-O (solvent),0.5861566484517304,0.0,0.0
Li-O (solvent),0.5939890710382514,0.0,0.0
Li-O (solvent),0.6018214936247723,0.0,0.0
Li-O (solvent),0.6096539162112933,0.0,0.0
Li-O (solvent),0.6174863387978142,0.0,0.0
Li-O (solvent),0.6253187613843352,0.0,0.0
Li-O (solvent),0.6331511839708561,0.0,0.0
Li-O (solvent),0.6409836065573771,0.0,0.0
Li-O (solvent),0.648816029143898,0.0,0.0
Li-O (solvent),0.656648451730419,0.0,0.0
Li-O (solvent),0.6644808743169399,0.0,0.0
Li-O (solvent),0.6723132969034609,0.0,0.0
Li-O (solvent),0.6801457194899818,0.0,0.0
Li-O (solvent),0.6879781420765028,0.0,0.0
Li-O (solvent),0.6958105646630237,0.0,0.0
Li-O (solvent),0.7036429872495447,0.0,0.0
Li-O (solvent),0.7114754098360656,0.0,0.0
Li-O (solvent),0.7193078324225866,0.0,0.0
Li-O (solvent),0.7271402550091075,0.0,0.0
Li-O (solvent),0.7349726775956285,0.0,0.0
Li-O (solvent),0.7428051001821494,0.0,0.0
Li-O (solvent),0.7506375227686704,0.0,0.0
Li-O (solvent),0.7584699453551913,0.0,0.0
Li-O (solvent),0.7663023679417122,0.0,0.0
Li-O (solvent),0.7741347905282332,0.0,0.0
Li-O (solvent),0.7819672131147541,0.0,0.0
Li-O (solvent),0.7897996357012751,0.0,0.0
Li-O (solvent),0.797632058287796,0.0,0.0
Li-O (solvent),0.805464480874317,0.0,0.0
Li-O (solvent),0.8132969034608379,0.0,0.0
Li-O (solvent),0.8211293260473589,0.0,0.0
Li-O (solvent),0.8289617486338798,0.0,0.0
Li-O (solvent),0.8367941712204008,0.0,0.0
Li-O (solvent),0.8446265938069217,0.0,0.0
Li-O (solvent),0.8524590163934427,0.0,0.0
Li-O (solvent),0.8602914389799636,0.0,0.0
Li-O (solvent),0.8681238615664846,0.0,0.0
Li-O (solvent),0.8759562841530054,0.0,0.0
Li-O (solvent),0.8837887067395264,0.0,0.0
Li-O (solvent),0.8916211293260473,0.0,0.0
Li-O (solvent),0.8994535519125683,0.0,0.0
Li-O (solvent),0.9072859744990892,0.0,0.0
Li-O (solvent),0.9151183970856102,0.0,0.0
Li-O (solvent),0.9229508196721311,0.0,0.0
Li-O (solvent),0.930783242258652,0.0,0.0
Li-O (solvent),0.938615664845173,0.0,0.0
Li-O (solvent),0.946448087431694,0.0,0.0
Li-O (solvent),0.9542805100182149,0.0,0.0
Li-O (solvent),0.9621129326047358,0.0,0.0
Li-O (solvent),0.9699453551912568,0.0,0.0
Li-O (solvent),0.9777777777777777,0.0,0.0
Li-O (solvent),0.9856102003642987,0.0,0.0
Li-O (solvent),0.9934426229508196,0.0,0.0
Li-O (solvent),1.0012750455373407,0.0,0.0
Li-O (solvent),1.0091074681238617,0.0,0.0
Li-O (solvent),1.0169398907103826,0.0,0.0
Li-O (solvent),1.0247723132969035,0.0,0.0
Li-O (solvent),1.0326047358834245,0.0,0.0
Li-O (solvent),1.0404371584699454,0.0,0.0
Li-O (solvent),1.0482695810564664,0.0,0.0
Li-O (solvent),1.0561020036429873,0.0,0.0
Li-O (solvent),1.0639344262295083,0.0,0.0
Li-O (solvent),1.0717668488160292,0.0,0.0
Li-O (solvent),1.0795992714025502,0.0,0.0
Li-O (solvent),1.0874316939890711,0.0,0.0
Li-O (solvent),1.095264116575592,0.0,0.0
Li-O (solvent),1.103096539162113,0.0,0.0
Li-O (solvent),1.110928961748634,0.0,0.0
Li-O (solvent),1.118761384335155,0.0,0.0
Li-O (solvent),1.1265938069216759,0.0,0.0
Li-O (solvent),1.1344262295081968,0.0,0.0
Li-O (solvent),1.1422586520947178,0.0,0.0
Li-O (solvent),1.1500910746812387,0.0,0.0
Li-O (solvent),1.1579234972677597,0.0,0.0
Li-O (solvent),1.1657559198542806,0.0,0.0
Li-O (solvent),1.1735883424408016,0.0,0.0
Li-O (solvent),1.1814207650273225,0.0,0.0
Li-O (solvent),1.1892531876138435,0.0,0.0
Li-O (solvent),1.1970856102003644,0.0,0.0
Li-O (solvent),1.2049180327868854,0.0,0.0
Li-O (solvent),1.2127504553734063,0.0,0.0
Li-O (solvent),1.2205828779599273,0.0,0.0
Li-O (solvent),1.2284153005464482,0.0,0.0
Li-O (solvent),1.2362477231329692,0.0,0.0
Li-O (solvent),1.24408014571949,0.0,0.0
Li-O (solvent),1.2519125683060108,0.0,0.0
Li-O (solvent),1.2597449908925318,0.0,0.0
Li-O (solvent),1.2675774134790527,0.0,0.0
Li-O (solvent),1.2754098360655737,0.0,0.0
Li-O (solvent),1.2832422586520946,0.0,0.0
Li-O (solvent),1.2910746812386156,0.0,0.0
Li-O (solvent),1.2989071038251365,0.0,0.0
Li-O (solvent),1.3067395264116575,0.0,0.0
Li-O (solvent),1.3145719489981784,0.0,0.0
Li-O (solvent),1.3224043715846994,0.0,0.0
Li-O (solvent),1.3302367941712203,0.0,0.0
Li-O (solvent),1.3380692167577413,0.0,0.0
Li-O (solvent),1.3459016393442622,0.0,0.0
Li-O (solvent),1.3537340619307832,0.0,0.0
Li-O (solvent),1.361566484517304,0.0,0.0
Li-O (solvent),1.369398907103825,0.0,0.0
Li-O (solvent),1.377231329690346,0.0,0.0
Li-O (solvent),1.385063752276867,0.0,0.0
Li-O (solvent),1.392896174863388,0.0,0.0
Li-O (solvent),1.4007285974499089,0.030553688890470103,7.375434849063949e-05
Li-O (solvent),1.4085610200364298,0.03484496288906156,0.00023256516134139826
Li-O (solvent),1.4163934426229507,0.039665565268640096,0.00041552495278436607
Li-O (solvent),1.4242258652094717,0.045069446365242204,0.0006259032661141021
Li-O (solvent),1.4320582877959926,0.051114448967513104,0.0008673459840757163
Li-O (solvent),1.4398907103825136,0.05786237303998926,0.0011439085945679558
Li-O (solvent),1.4477231329690345,0.06537900933575552,0.0014600909660518677
Li-O (solvent),1.4555555555555555,0.07373413731355677,0.0018208734936207504
Li-O (solvent),1.4633879781420764,0.08300148266638545,0.002231754439562141
Li-O (solvent),1.4712204007285974,0.09325862972170883,0.002698788252332355
Li-O (solvent),1.4790528233151183,0.10458688399671923,0.003228624605430271
Li-O (solvent),1.4868852459016393,0.11707108029389386,0.0038285478530450047
Li-O (solvent),1.4947176684881602,0.13079933191087348,0.004506516552995409
Li-O (solvent),1.5025500910746812,0.14586271682164031,0.00527120265990315
Li-O (solvent),1.5103825136612021,0.16235489706963105,0.006132029943363635
Li-O (solvent),1.518214936247723,0.1803716681029945,0.007099211137811447
Li-O (solvent),1.526047358834244,0.20001043538140925,0.0081837832836207
Li-O (solvent),1.533879781420765,0.22136961629470947,0.009397640673623265
Li-O (solvent),1.541712204007286,0.24454796625597658,0.010753564776634722
Li-O (solvent),1.5495446265938069,0.26964382876352455,0.012265250470783653
Li-O (solvent),1.5573770491803278,0.29675431026264315,0.013947327885534417
Li-O (solvent),1.5652094717668488,0.3259743817718092,0.01581537912340733
Li-O (solvent),1.5730418943533697,0.3573959104593709,0.017885949111685742
Li-O (solvent),1.5808743169398907,0.3911066256526873,0.020176549822010472
Li-O (solvent),1.5887067395264116,0.427189025116841,0.022705657092830116
Li-O (solvent),1.5965391621129326,0.4657192288360592,0.02549269929728516
Li-O (solvent),1.6043715846994535,0.5067657889470163,0.028558037118263966
Li-O (solvent),1.6122040072859745,0.5503884658859401,0.03192293372398622
Li-O (solvent),1.6200364298724954,0.5966369821955321,0.03560951468231863
Li-O (solvent),1.6278688524590164,0.6455497667659225,0.0396407170107212
Li-O (solvent),1.6357012750455373,0.6971527035277072,0.04404022683168331
Li-O (solvent),1.6435336976320583,0.7514578997451407,0.04883240519094218
Li-O (solvent),1.6513661202185792,0.8084624900441647,0.05404220169764513
Li-O (solvent),1.6591985428051002,0.8681474931237314,0.059695055761619355
Li-O (solvent),1.667030965391621,0.9304767387115556,0.06581678533246405
Li-O (solvent),1.674863387978142,0.9953958827102588,0.07243346318739735
Li-O (solvent),1.682695810564663,1.062831528612633,0.07957128096848817
Li-O (solvent),1.690528233151184,1.1326904731242349,0.08725640133358438
Li-O (solvent),1.698360655737705,1.2048590935003207,0.0955147987571162
Li-O (solvent),1.7061930783242258,1.2792028933693222,0.104372089694914
Li-O (solvent),1.7140255009107468,1.3555662227686287,0.11385335300886702
Li-O (solvent),1.7218579234972677,1.43377218675806,0.12398294173004913
Li-O (solvent),1.7296903460837887,1.5136227553055728,0.13478428742001863
Li-O (solvent),1.7375227686703096,1.5948990851683174,0.14627969856635642
Li-O (solvent),1.7453551912568306,1.67736206223639,0.15849015461700708
Li-O (solvent),1.7531876138433515,1.7607530702893073,0.1714350974154242
Li-O (solvent),1.7610200364298725,1.8447949893655236,0.1851322219416695
Li-O (solvent),1.7688524590163934,1.92919342399845,0.19959726839030129
Li-O (solvent),1.7766848816029144,2.0136381584695395,0.21484381772104633
Li-O (solvent),1.7845173041894353,2.0978048330160375,0.2308830928999985
Li-O (solvent),1.7923497267759563,2.181356831658704,0.247723768104792
Li-O (solvent),1.8001821493624772,2.2639473690371315,0.26537178819453655
Li-O (solvent),1.8080145719489982,2.345221760414024,0.28383020074233317
Li-O (solvent),1.8158469945355191,2.424819855893078,0.30309900289340297
Li-O (solvent),1.82367941712204,2.5023786169463813,0.3231750052442393
Li-O (solvent),1.831511839708561,2.5775348106242135,0.34405171483724467
Li-O (solvent),1.839344262295082,2.6499277943780393,0.3657192392311174
Li-O (solvent),1.847176684881603,2.719202362318519,0.38816421344047264
Li-O (solvent),1.8550091074681239,2.7850116220017767,0.41136975134009623
Li-O (solvent),1.8628415300546448,2.8470198695306133,0.43531542290169367
Li-O (solvent),1.8706739526411658,2.9049054299075974,0.4599772583764971
Li-O (solvent),1.8785063752276867,2.9583634292109857,0.48532778025862533
Li-O (solvent),1.8863387978142077,3.0071084653006985,0.5113360635652305
Li-O (solvent),1.8941712204007286,3.050877144409382,0.5379678246542153
Li-O (solvent),1.9020036429872496,3.089430452132718,0.5651855384730974
Li-O (solvent),1.9098360655737705,3.1225559289935485,0.5929485837982057
Li-O (solvent),1.9176684881602915,3.1500696228964014,0.621213415686818
Li-O (solvent),1.9255009107468124,3.1718177933833527,0.6499337640312737
Li-O (solvent),1.9333333333333333,3.1876783456106446,0.6790608567787545
Li-O (solvent),1.9411657559198543,3.19756197534151,0.7085436660685223
Li-O (solvent),1.9489981785063752,3.2014130099401568,0.7383291752449913
Li-O (solvent),1.9568306010928962,3.1992099342943714,0.7683626644349311
Li-O (solvent),1.9646630236794171,3.190965594724066,0.7985880121348166
Li-O (solvent),1.972495446265938,3.176727078180681,0.828948010043946
Li-O (solvent),1.980327868852459,3.1565752683358013,0.8593846882039679
Li-O (solvent),1.98816029143898,3.1306240844235664,0.8898396473688851
Li-O (solvent),1.995992714025501,3.0990194128681776,0.9202543954337479
Li-O (solvent),2.0038251366120217,3.06193774572468,0.9505706846967477
Li-O (solvent),2.0116575591985426,3.0195845437214017,0.9807308467191961
Li-O (solvent),2.0194899817850636,2.972192345154081,1.0106781215810428
Li-O (solvent),2.0273224043715845,2.920018644988952,1.0403569784056381
Li-O (solvent),2.0351548269581055,2.863343571236359,1.0697134241449524
Li-O (solvent),2.0429872495446264,2.8024673879173383,1.0986952977734994
Li-O (solvent),2.0508196721311474,2.7377078557314767,1.1272525472330048
Li-O (solvent),2.0586520947176683,2.669397482823071,1.1553374866971429
Li-O (solvent),2.0664845173041893,2.5978806988216214,1.1829050319825805
Li-O (solvent),2.07431693989071,2.5235109855993216,1.209912912214816
Li-O (solvent),2.082149362477231,2.4466479979493023,1.2363218561602045
Li-O (solvent),2.089981785063752,2.3676547066601574,1.2620957519541574
Li-O (solvent),2.097814207650273,2.2868945952695503,1.287201779284683
Li-O (solvent),2.105646630236794,2.204728940155403,1.311610513424951
Li-O (solvent),2.113479052823315,2.1215142016071664,1.335296000843261
Li-O (solvent),2.121311475409836,2.0375995511580607,1.3582358064485756
Li-O (solvent),2.129143897996357,1.9533245578028164,1.38041103284981
Li-O (solvent),2.136976320582878,1.869017052829042,1.4018063123127746
Li-O (solvent),2.1448087431693987,1.7849911899110673,1.4224097723858729
Li-O (solvent),2.1526411657559197,1.7015457139112804,1.4422129764306229
Li-O (solvent),2.1604735883424406,1.6189624485639842,1.4612108405325646
Li-O (solvent),2.1683060109289616,1.5375050099378458,1.4794015284794262
Li-O (solvent),2.1761384335154825,1.4574177493399298,1.4967863266744552
Li-O (solvent),2.1839708561020035,1.3789249261886276,1.5133695010020252
Li-O (solvent),2.1918032786885244,1.3022301083919434,1.5291581377790966
Li-O (solvent),2.1996357012750454,1.2275157949638327,1.544161971009487
Li-O (solvent),2.2074681238615663,1.1549432530315096,1.55839319820845
Li-O (solvent),2.2153005464480873,1.0846525590615301,1.5718662870835214
Li-O (solvent),2.223132969034608,1.0167628320864897,1.584597775345272
Li-O (solvent),2.230965391621129,0.9513726449652379,1.5966060658802248
Li-O (solvent),2.23879781420765,0.8885605982691315,1.607911219449891
Li-O (solvent),2.246630236794171,0.8283860402601072,1.6185347469871185
Li-O (solvent),2.254462659380692,0.7708899156123465,1.6284994034464668
Li-O (solvent),2.262295081967213,0.716095725021506,1.6378289850321006
Li-O (solvent),2.270127504553734,0.6640105776320708,1.6465481314777823
Li-O (solvent),2.277959927140255,0.6146263182781435,1.6546821348921412
Li-O (solvent),2.285792349726776,0.5679207118555062,1.6622567565116788
Li-O (solvent),2.2936247723132968,0.5238586676996425,1.6692980525270418
Li-O (solvent),2.3014571948998177,0.4823934876093858,1.6758322099680243
Li-O (solvent),2.3092896174863387,0.4434681221009991,1.681885393452393
Li-O (solvent),2.3171220400728596,0.40701642057366716,1.6874836034256648
Li-O (solvent),2.3249544626593805,0.3729643622848915,1.6926525463458495
Li-O (solvent),2.3327868852459015,0.34123125634367013,1.697417517101103
Li-O (solvent),2.3406193078324224,0.3117309003017668,1.7018032937911163
Li-O (solvent),2.3484517304189434,0.2843726883312922,1.7058340448565354
Li-O (solvent),2.3562841530054643,0.2590626613943052,1.7095332484060617
Li-O (solvent),2.3641165755919853,0.23570449321336856,1.712923623469153
Li-O (solvent),2.3719489981785062,0.2142004072194059,1.716027072794147
Li-O (solvent),2.379781420765027,0.194452020965917,1.7188646367175955
Li-O (solvent),2.387613843351548,0.17636111574030292,1.721456457550811
Li-O (solvent),2.395446265938069,0.15983033026032653,1.7238217538639686
Li-O (solvent),2.40327868852459,0.14476377840586402,1.725978803996332
Li-O (solvent),2.411111111111111,0.1310675918951826,1.7279449380826943
Li-O (solvent),2.418943533697632,0.11865038966565386,1.7297365378603515
Li-O (solvent),2.426775956284153,0.10742367645825464,1.7313690435069575
Li-O (solvent),2.434608378870674,0.09730217373283981,1.7328569667565643
Li-O (solvent),2.4424408014571948,0.08820408655847253,1.7342139095479752
Li-O (solvent),2.4502732240437157,0.08005131053339008,1.735452587475151
Li-O (solvent),2.4581056466302367,0.07276958309731037,1.7365848573327072
Li-O (solvent),2.4659380692167576,0.06628858381092022,1.737621748079369
Li-O (solvent),2.4737704918032786,0.06054198830071814,1.7385734945775104
Li-O (solvent),2.4816029143897995,0.05546748060989557,1.7394495735065034
Li-O (solvent),2.4894353369763205,0.05100672866613904,1.740258740890492
Li-O (solvent),2.4972677595628414,0.04710532748394468,1.7410090707264108
Li-O (solvent),2.5051001821493624,0.04371271457118492,1.7417079942446747
Li-O (solvent),2.5129326047358833,0.040782061816085555,1.7423623393821452
Li-O (solvent),2.5207650273224043,0.038270147900061606,1.7429783700939852
Li-O (solvent),2.528597449908925,0.036137215022222016,1.7435618251771898
Li-O (solvent),2.536429872495446,0.03434681344050435,1.744117956323367
Li-O (solvent),2.544262295081967,0.03286563703945774,1.7446515651612515
Li-O (solvent),2.552094717668488,0.03166335283213914,1.7451670390900909
Li-O (solvent),2.559927140255009,0.03071242699919658,1.7456683857431476
Li-O (solvent),2.56775956284153,0.02998794976705329,1.7461592659558534
Li-O (solvent),2.575591985428051,0.02946746113351932,1.7466430251455394
Li-O (solvent),2.583424408014572,0.029130779166774794,1.7471227230390063
Li-O (solvent),2.591256830601093,0.02895983233544149,1.747601161710498
Li-O (solvent),2.5990892531876137,0.028938497075681857,1.748080911915925
Li-O (solvent),2.6069216757741347,0.029052441567632002,1.7485643377295064
Li-O (solvent),2.6147540983606556,0.029288976479125713,1.7490536195064874
Li-O (solvent),2.6225865209471766,0.029636913240240672,1.7495507752103692
Li-O (solvent),2.6304189435336975,0.030086430237897376,1.7500576801553327
Li-O (solvent),2.6382513661202185,0.03062894716538487,1.7505760852244256
Li-O (solvent),2.6460837887067394,0.03125700762677441,1.751107633631799
Li-O (solvent),2.6539162112932604,0.03196416997994411,1.7516538763030352
Li-O (solvent),2.6617486338797813,0.0327449063033976,1.7522162859516073
Li-O (solvent),2.6695810564663023,0.03359450929007718,1.7527962699319344
Li-O (solvent),2.6774134790528232,0.03450900680469413,1.753395181950566
Li-O (solvent),2.685245901639344,0.0354850837883983,1.7540143327169162
Li-O (solvent),2.693078324225865,0.03652001115452243,1.7546549996138527
Li-O (solvent),2.700910746812386,0.03761158129029658,1.7553184354665066
Li-O (solvent),2.708743169398907,0.03875804976048736,1.7560058764850404
Li-O (solvent),2.716575591985428,0.03995808279857496,1.7567185494539583
Li-O (solvent),2.724408014571949,0.04121071016809753,1.7574576782369682
Li-O (solvent),2.73224043715847,0.04251528298000394,1.758224489662543
Li-O (solvent),2.740072859744991,0.04387143606018219,1.7590202188512645
Li-O (solvent),2.7479052823315118,0.04527905447378545,1.7598461140418604
Li-O (solvent),2.7557377049180327,0.0467382438286673,1.7607034409686388
Li-O (solvent),2.7635701275045537,0.048249303998367,1.7615934868388377
Li-O (solvent),2.7714025500910746,0.04981270592495122,1.7625175639543045
Li-O (solvent),2.7792349726775956,0.05142907118301189,1.7634770130179378
Li-O (solvent),2.7870673952641165,0.053099154007717204,1.7644732061614794
Li-O (solvent),2.7948998178506375,0.05482382551157313,1.7655075497275952
Li-O (solvent),2.8027322404371584,0.0566040598361127,1.7665814868357106
Li-O (solvent),2.8105646630236794,0.05844092200579201,1.7676964997578075
Li-O (solvent),2.8183970856102003,0.06033555727170379,1.768854112127335
Li-O (solvent),2.8262295081967213,0.0622891817521431,1.770055891001546
Li-O (solvent),2.834061930783242,0.06430307419544631,1.7713034487949428
Li-O (solvent),2.841894353369763,0.06637856870778742,1.7725984450990833
Li-O (solvent),2.849726775956284,0.06851704830470448,1.773942588401774
Li-O (solvent),2.857559198542805,0.07071993916002284,1.7753376377166303
Li-O (solvent),2.865391621129326,0.07298870543954739,1.7767854041321274
Li-O (solvent),2.873224043715847,0.07532484461943481,1.778287752287554
Li-O (solvent),2.881056466302368,0.07772988320057463,1.7798466017817598
Li-O (solvent),2.888888888888889,0.08020537274065334,1.7814639285191645
Li-O (solvent),2.89672131147541,0.08275288613491508,1.7831417659962512
Li-O (solvent),2.9045537340619307,0.08537401408502934,1.784882206530608
Li-O (solvent),2.9123861566484517,0.08807036170300774,1.786687402433547
Li-O (solvent),2.9202185792349726,0.09084354520384527,1.7885595671264023
Li-O (solvent),2.9280510018214936,0.09369518864657672,1.7905009761997537
Li-O (solvent),2.9358834244080145,0.09662692068880169,1.7925139684140647
Li-O (solvent),2.9437158469945355,0.09964037132451671,1.7946009466395376
Li-O (solvent),2.9515482695810564,0.1027371685793633,1.7967643787323577
Li-O (solvent),2.9593806921675774,0.10591893514122092,1.7990067983439524
Li-O (solvent),2.9672131147540983,0.10918728490750226,1.8013308056593782
Li-O (solvent),2.9750455373406193,0.11254381943359824,1.8037390680604979
Li-O (solvent),2.98287795992714,0.11599012426972227,1.8062343207092102
Li-O (solvent),2.990710382513661,0.11952776517596324,1.8088193670456338
Li-O (solvent),2.998542805100182,0.1231582842077137,1.8114970791958287
Li-O (solvent),3.006375227686703,0.1268831956658318,1.814270398283371
Li-O (solvent),3.014207650273224,0.13070398190795385,1.8171423346388516
Li-O (solvent),3.022040072859745,0.1346220890193266,1.8201159679011847
Li-O (solvent),3.029872495446266,0.13863892234340133,1.823194447004451
Li-O (solvent),3.037704918032787,0.14275584187424134,1.8263809900438834
Li-O (solvent),3.045537340619308,0.14697415751456244,1.8296788840145315
Li-O (solvent),3.0533697632058288,0.15129512420496263,1.83309148441611
Li-O (solvent),3.0612021857923497,0.1557199369316143,1.8366222147175335
Li-O (solvent),3.0690346083788707,0.16024972562139805,1.840274565674713
Li-O (solvent),3.0768670309653916,0.16488554993515392,1.8440520944952712
Li-O (solvent),3.0846994535519126,0.16962839397141785,1.8479584238439937
Li-O (solvent),3.0925318761384335,0.17447916089469753,1.8519972406830283
Li-O (solvent),3.1003642987249544,0.17943866750401782,1.85617229494109
Li-O (solvent),3.1081967213114754,0.18450763875912807,1.8604873980062369
Li-O (solvent),3.1160291438979963,0.1896867022834042,1.864946421037136
Li-O (solvent),3.1238615664845173,0.19497638286408714,1.8695532930881522
Li-O (solvent),3.1316939890710382,0.20037709697206676,1.8743119990440626
Li-O (solvent),3.139526411657559,0.20588914732493013,1.879226577360731
Li-O (solvent),3.14735883424408,0.21151271751843592,1.884301117608652
Li-O (solvent),3.155191256830601,0.21724786675293134,1.8895397578169348
Li-O (solvent),3.163023679417122,0.22309452468248112,1.8949466816159855
Li-O (solvent),3.170856102003643,0.2290524864156113,1.9005261151779074
Li-O (solvent),3.178688524590164,0.23512140769756285,1.90628232395446
Li-O (solvent),3.186520947176685,0.24130080030478537,1.9122196092132742
Li-O (solvent),3.194353369763206,0.24759002768306096,1.9183423043739434
Li-O (solvent),3.202185792349727,0.25398830086110663,1.9246547711465676
Li-O (solvent),3.2100182149362477,0.2604946746717547,1.9311613954763391
Li-O (solvent),3.2178506375227687,0.26710804431282253,1.9378665832987936
Li-O (solvent),3.2256830601092896,0.2738271422795513,1.9447747561114266
Li-O (solvent),3.2335154826958106,0.2806505356999947,1.9518903463684738
Li-O (solvent),3.2413479052823315,0.28757662410396595,1.9592177927067698
Li-O (solvent),3.2491803278688525,0.29460363765509173,1.9667615350117258
Li-O (solvent),3.2570127504553734,0.301729635874163,1.9745260093336006
Li-O (solvent),3.2648451730418944,0.30895250688032055,1.9825156426653538
Li-O (solvent),3.2726775956284153,0.31626996717465305,1.990734847594486
Li-O (solvent),3.2805100182149363,0.32367956198852904,1.9991880168423424
Li-O (solvent),3.288342440801457,0.33117866621643194,2.007879517705415
Li-O (solvent),3.296174863387978,0.33876448595022945,2.016813686414158
Li-O (solvent),3.304007285974499,0.34643406062870313,2.025994822425798
Li-O (solvent),3.31183970856102,0.3541842658127993,2.035427182668479
Li-O (solvent),3.319672131147541,0.3620118165934718,2.04511497575489
Li-O (solvent),3.327504553734062,0.36991327163518756,2.055062356184241
Li-O (solvent),3.335336976320583,0.3778850378541937,2.0652734185520627
Li-O (solvent),3.343169398907104,0.385923375726528,2.0757521917878248
Li-O (solvent),3.351001821493625,0.39402440521653537,2.086502633440771
Li-O (solvent),3.3588342440801457,0.40218411231236556,2.097528624034645
Li-O (solvent),3.3666666666666667,0.41039835615062387,2.10883396151214
Li-O (solvent),3.3744990892531876,0.41866287670805424,2.120422355789925
Li-O (solvent),3.3823315118397086,0.4269733030339219,2.132297423445005
Li-O (solvent),3.3901639344262295,0.4353251619926526,2.1444626825528945
Li-O (solvent),3.3979963570127505,0.443713887482342,2.156921547697729
Li-O (solvent),3.4058287795992714,0.4521348300910106,2.1696773251738892
Li-O (solvent),3.4136612021857924,0.46058326714898484,2.1827332083980577
Li-O (solvent),3.4214936247723133,0.4690544131325936,2.1960922735498274
Li-O (solvent),3.4293260473588343,0.47754343037149244,2.209757475458056
Li-O (solvent),3.4371584699453552,0.48604544000943234,2.223731643749103
Li-O (solvent),3.444990892531876,0.4945555331661818,2.23801747927193
Li-O (solvent),3.452823315118397,0.5030687822466309,2.252617550813752
Li-O (solvent),3.460655737704918,0.511580252341869,2.2675342921185697
Li-O (solvent),3.468488160291439,0.5200850126662537,2.2827699992194517
Li-O (solvent),3.47632058287796,0.5285781479741872,2.298326828093889
Li-O (solvent),3.484153005464481,0.5370547699004817,2.314206792649972
Li-O (solvent),3.491985428051002,0.5455100281688469,2.3304117630494683
Li-O (solvent),3.499817850637523,0.5539391216141341,2.3469434643722322
Li-O (solvent),3.5076502732240433,0.5623373089655365,2.3638034756246515
Li-O (solvent),3.5154826958105643,0.5706999193399301,2.3809932290931606
Li-O (solvent),3.523315118397085,0.5790223623969334,2.3985140100421276
Li-O (solvent),3.531147540983606,0.5873001381100381,2.4163669567537798
Li-O (solvent),3.538979963570127,0.5955288461112722,2.4345530609061776
Li-O (solvent),3.546812386156648,0.6037041945702629,2.4530731682836695
Li-O (solvent),3.554644808743169,0.6118220085722514,2.471927979812737
Li-O (solvent),3.56247723132969,0.6198782379634985,2.4911180529146915
Li-O (solvent),3.570309653916211,0.6278689646365843,2.510643803165311
Li-O (solvent),3.578142076502732,0.6357904092323005,2.530505506250242
Li-O (solvent),3.585974499089253,0.6436389372391045,2.550703300203811
Li-O (solvent),3.5938069216757738,0.6514110644754078,2.5712371879178297
Li-O (solvent),3.6016393442622947,0.6591034619442729,2.592107039906028
Li-O (solvent),3.6094717668488157,0.6667129600543312,2.613312597308907
Li-O (solvent),3.6173041894353366,0.6742365522048839,2.6348534751231054
Li-O (solvent),3.6251366120218576,0.6816713977371656,2.656729165638771
Li-O (solvent),3.6329690346083785,0.6890148242576015,2.6789390420679515
Li-O (solvent),3.6408014571948994,0.6962643293425402,2.701482362346693
Li-O (solvent),3.6486338797814204,0.7034175816373731,2.7243582730932885
Li-O (solvent),3.6564663023679413,0.7104724213661361,2.747565813705001
Li-O (solvent),3.6642987249544623,0.7174268602705974,2.771103920575605
Li-O (solvent),3.6721311475409832,0.724279081000475,2.794971431416169
Li-O (solvent),3.679963570127504,0.7310274359787639,2.8191670896617285
Li-O (solvent),3.687795992714025,0.737670445768199,2.843689548946787
Li-O (solvent),3.695628415300546,0.7442067969666172,2.8685373776329706
Li-O (solvent),3.703460837887067,0.7506353396604278,2.8937090633726337
Li-O (solvent),3.711293260473588,0.7569550844665386,2.9192030176927495
Li-O (solvent),3.719125683060109,0.7631651991939459,2.945017580584022
Li-O (solvent),3.72695810564663,0.7692650051567709,2.971151025080813
Li-O (solvent),3.734790528233151,0.7752539731708322,2.9976015618181933
Li-O (solvent),3.742622950819672,0.7811317192659094,3.0243673435531697
Li-O (solvent),3.7504553734061927,0.7868980001456675,3.0514464696379107
Li-O (solvent),3.7582877959927137,0.7925527084268228,3.078836990433619
Li-O (solvent),3.7661202185792346,0.7980958676885352,3.1065369116544974
Li-O (solvent),3.7739526411657556,0.8035276273622358,3.134544198632102
Li-O (solvent),3.7817850637522765,0.8088482574911692,3.162856780491208
Li-O (solvent),3.7896174863387975,0.8140581433878515,3.1914725542291476
Li-O (solvent),3.7974499089253184,0.8191577802164552,3.2203893886913986
Li-O (solvent),3.8052823315118394,0.8241477675258354,3.2496051284370306
Li-O (solvent),3.8131147540983603,0.8290288037575319,3.279117597488396
Li-O (solvent),3.8209471766848813,0.833801680751648,3.308924602960234
Li-O (solvent),3.828779599271402,0.8384672782720086,3.339023938564104
Li-O (solvent),3.836612021857923,0.8430265585704914,3.369413387984783
Li-O (solvent),3.844444444444444,0.847480561008879,3.4000907281259583
Li-O (solvent),3.852276867030965,0.8518303967550513,3.4310537322231864
Li-O (solvent),3.860109289617486,0.8560772435688041,3.462300172822732
Li-O (solvent),3.867941712204007,0.8602223406910743,3.493827824625471
Li-O (solvent),3.875774134790528,0.8642669838488813,3.5256344671955935
Li-O (solvent),3.883606557377049,0.8682125203868541,3.5577178875343614
Li-O (solvent),3.89143897996357,0.8720603445348272,3.5900758825196304
Li-O (solvent),3.8992714025500907,0.8758118928196617,3.622706261212311
Li-O (solvent),3.9071038251366117,0.879468639628164,3.655606847031306
Li-O (solvent),3.9149362477231326,0.8830320929267736,3.6887754797988594
Li-O (solvent),3.9227686703096536,0.8865037901425383,3.7222100176585484
Li-O (solvent),3.9306010928961745,0.8898852942088296,3.7559083388684633
Li-O (solvent),3.9384335154826955,0.8931781897782387,3.7898683434723703
Li-O (solvent),3.9462659380692164,0.8963840796041627,3.82408795485187
Li-O (solvent),3.9540983606557374,0.899504581091729,3.8585651211627816
Li-O (solvent),3.9619307832422583,0.9025413230179113,3.893297816659126
Li-O (solvent),3.9697632058287793,0.9054959424199661,3.9282840429082326
Li-O (solvent),3.9775956284153002,0.9083700816506673,3.963521829900612
Li-O (solvent),3.985428051001821,0.9111653855982226,3.9990092370583046
Li-O (solvent),3.993260473588342,0.9138834990682273,4.034744354145509
Li-O (solvent),4.001092896174863,0.9165260643245496,4.070725302085318
Li-O (solvent),4.008925318761384,0.9190947187856255,4.106950233686417
Li-O (solvent),4.016757741347905,0.9215910928722963,4.143417334283626
Li-O (solvent),4.024590163934426,0.9240168080030101,4.180124822296126
Li-O (solvent),4.032422586520947,0.9263734747319606,4.217070949707222
Li-O (solvent),4.040255009107468,0.9286626910255299,4.254254002469425
Li-O (solvent),4.048087431693989,0.9308860406722251,4.291672300838617
Li-O (solvent),4.05591985428051,0.9330450918211863,4.329324199640973
Li-O (solvent),4.063752276867031,0.9351413956442385,4.367208088476274
Li-O (solvent),4.071584699453552,0.9371764851164083,4.4053223918611435
Li-O (solvent),4.079417122040073,0.9391518739097947,4.44366556931568
Li-O (solvent),4.0872495446265935,0.9410690553956832,4.482236115396835
Li-O (solvent),4.0950819672131145,0.9429295017498114,4.52103255968183
Li-O (solvent),4.102914389799635,0.944734663155743,4.560053466704775
Li-O (solvent),4.110746812386156,0.9464859671013622,4.5992974358495635
Li-O (solvent),4.118579234972677,0.9481848177635944,4.638763101202009
Li-O (solvent),4.126411657559198,0.9498325954765343,4.67844913136409
Li-O (solvent),4.134244080145719,0.9514306562782909,4.7183542292330305
Li-O (solvent),4.14207650273224,0.952980331531961,4.7584771317479
Li-O (solvent),4.149908925318761,0.9544829276162805,4.798816609606224
Li-O (solvent),4.157741347905282,0.9559397256816288,4.839371466953056
Li-O (solvent),4.165573770491803,0.9573519814672133,4.880140541044818
Li-O (solvent),4.173406193078324,0.9587209251753955,4.921122701890127
Li-O (solvent),4.181238615664845,0.9600477613992757,4.962316851869709
Li-O (solvent),4.189071038251366,0.9613336690998021,5.003721925337406
Li-O (solvent),4.196903460837887,0.9625798016288244,5.045336888204179
Li-O (solvent),4.204735883424408,0.9637872867946593,5.087160737506912
Li-O (solvent),4.212568306010929,0.9649572269668968,5.129192500963723
Li-O (solvent),4.22040072859745,0.9660906992173149,5.171431236517402
Li-O (solvent),4.228233151183971,0.9671887554939332,5.213876031868499
Li-O (solvent),4.2360655737704915,0.9682524228253714,5.25652600399949
Li-O (solvent),4.2438979963570125,0.9692827035528297,5.299380298691389
Li-O (solvent),4.251730418943533,0.970280575587147,5.342438090034068
Li-O (solvent),4.259562841530054,0.971246992688529,5.385698579931474
Li-O (solvent),4.267395264116575,0.9721828847666754,5.429160997602865
Li-O (solvent),4.275227686703096,0.9730891581991614,5.472824599081109
Li-O (solvent),4.283060109289617,0.9739666961660567,5.516688666709014
Li-O (solvent),4.290892531876138,0.9748163589988846,5.560752508634602
Li-O (solvent),4.298724954462659,0.9756389845421438,5.605015458306172
Li-O (solvent),4.30655737704918,0.9764353885257205,5.649476873967925
Li-O (solvent),4.314389799635701,0.9772063649466386,5.694136138156888
Li-O (solvent),4.322222222222222,0.9779526864586825,5.738992657201804
Li-O (solvent),4.330054644808743,0.9786751047685426,5.784045860724603
Li-O (solvent),4.337887067395264,0.9793743510372137,5.8292952011450145
Li-O (solvent),4.345719489981785,0.9800511362854775,5.874740153188867
Li-O (solvent),4.353551912568306,0.9807061518023751,5.920380213400522
Li-O (solvent),4.361384335154827,0.9813400695556694,5.966214899659887
Li-O (solvent),4.369216757741348,0.9819535426033599,6.012243750704419
Li-O (solvent),4.377049180327869,0.9825472055053992,6.058466325656441
Li-O (solvent),4.3848816029143896,0.9831216747348193,6.104882203556119
Li-O (solvent),4.3927140255009105,0.9836775490875465,6.151490982900387
Li-O (solvent),4.4005464480874315,0.984215410090246,6.198292281188046
Li-O (solvent),4.408378870673952,0.9847358224055881,6.245285734471306
Li-O (solvent),4.416211293260473,0.9852393342343964,6.292470996913941
Li-O (solvent),4.424043715846994,0.9857264777141724,6.339847740356237
Li-O (solvent),4.431876138433515,0.9861977693135556,6.387415653886881
Li-O (solvent),4.439708561020036,0.9866537102223122,6.435174443421928
Li-O (solvent),4.447540983606557,0.9870947867364929,6.483123831290924
Li-O (solvent),4.455373406193078,0.987521470638441,6.531263555830316
Li-O (solvent),4.463205828779599,0.9879342195713631,6.579593370984155
Li-O (solvent),4.47103825136612,0.9883334774082181,6.6281130459122
Li-O (solvent),4.478870673952641,0.9887196746147037,6.676822364605418
Li-O (solvent),4.486703096539162,0.9890932286061562,6.725721125508922
Li-O (solvent),4.494535519125683,0.9894545440982031,6.774809141152333
Li-O (solvent),4.502367941712204,0.9898040134510363,6.824086237787583
Li-O (solvent),4.510200364298725,0.9901420170071954,6.87355225503412
Li-O (solvent),4.518032786885246,0.9904689234227764,6.923207045531499
Li-O (solvent),4.525865209471767,0.9907850899919961,6.9730504745993125
Li-O (solvent),4.533697632058288,0.9910908629650661,7.023082419904425
Li-O (solvent),4.5415300546448085,0.9913865778593453,7.073302771135439
Li-O (solvent),4.5493624772313295,0.9916725597637577,7.123711429684352
Li-O (solvent),4.55719489981785,0.991949123636472,7.174308308335311
Li-O (solvent),4.565027322404371,0.9922165745958607,7.22509333096041
Li-O (solvent),4.572859744990892,0.9924752082047575,7.276066432222444
Li-O (solvent),4.580692167577413,0.9927253107480594,7.327227557284518
Li-O (solvent),4.588524590163934,0.9929671595037064,7.378576661526453
Li-O (solvent),4.596357012750455,0.9932010230071083,7.430113710267867
Li-O (solvent),4.604189435336976,0.9934271613090698,7.481838678497844
Li-O (solvent),4.612021857923497,0.9936458262272936,7.5337515506111075
Li-O (solvent),4.619854280510018,0.9938572615915321,7.585852320150554
Li-O (solvent),4.627686703096539,0.9940617034824769,7.6381409895561
Li-O (solvent),4.63551912568306,0.9942593804644678,7.6906175699196835
Li-O (solvent),4.643351548269581,0.9944505138121195,7.743282080746344
Li-O (solvent),4.651183970856102,0.994635317730959,7.796134549721262
Li-O (solvent),4.659016393442623,0.9948139995721741,7.849175012482651
Li-O (solvent),4.666848816029144,0.9949867600415774,7.902403512400387
Li-O (solvent),4.674681238615665,0.9951537934028879,7.955820100360269
Li-O (solvent),4.682513661202186,0.9953152876754414,8.009424834553798
Li-O (solvent),4.6903460837887065,0.9954714248264328,8.063217780273371
Li-O (solvent),4.6981785063752275,0.9956223809578042,8.117199009712763
Li-O (solvent),4.706010928961748,0.9957683264878902,8.171368601772803
Li-O (solvent),4.713843351548269,0.9959094263279261,8.225726641872125
Li-O (solvent),4.72167577413479,0.9960458400535371,8.280273221762894
Li-O (solvent),4.729508196721311,0.9961777220713166,8.33500843935138
Li-O (solvent),4.737340619307832,0.9963052217806033,8.389932398523305
Li-O (solvent),4.745173041894353,0.9964284837305735,8.445045208973816
Li-O (solvent),4.753005464480874,0.9965476477727543,8.500346986042018
Li-O (solvent),4.760837887067395,0.9966628492090677,8.555837850549926
Li-O (solvent),4.768670309653916,0.9967742189355172,8.611517928645776
Li-O (solvent),4.776502732240437,0.9968818835816221,8.667387351651554
Li-O (solvent),4.784335154826958,0.9969859656457059,8.723446255914652
Li-O (solvent),4.792167577413479,0.9970865836261465,8.779694782663585
Li-O (solvent),4.8,0.9971838521486875,8.836133077867624
Li-O (anion),0.5,0.0,0.0
Li-O (anion),0.507832422586521,0.0,0.0
Li-O (anion),0.5156648451730419,0.0,0.0
Li-O (anion),0.5234972677595628,0.0,0.0
Li-O (anion),0.5313296903460838,0.0,0.0
Li-O (anion),0.5391621129326047,0.0,0.0
Li-O (anion),0.5469945355191257,0.0,0.0
Li-O (anion),0.5548269581056466,0.0,0.0
Li-O (anion),0.5626593806921676,0.0,0.0
Li-O (anion),0.5704918032786885,0.0,0.0
Li-O (anion),0.5783242258652095,0.0,0.0
Li-O (anion),0.5861566484517304,0.0,0.0
Li-O (anion),0.5939890710382514,0.0,0.0
Li-O (anion),0.6018214936247723,0.0,0.0
Li-O (anion),0.6096539162112933,0.0,0.0
Li-O (anion),0.6174863387978142,0.0,0.0
Li-O (anion),0.6253187613843352,0.0,0.0
Li-O (anion),0.6331511839708561,0.0,0.0
Li-O (anion),0.6409836065573771,0.0,0.0
Li-O (anion),0.648816029143898,0.0,0.0
Li-O (anion),0.656648451730419,0.0,0.0
Li-O (anion),0.6644808743169399,0.0,0.0
Li-O (anion),0.6723132969034609,0.0,0.0
Li-O (anion),0.6801457194899818,0.0,0.0
Li-O (anion),0.6879781420765028,0.0,0.0
Li-O (anion),0.6958105646630237,0.0,0.0
Li-O (anion),0.7036429872495447,0.0,0.0
Li-O (anion),0.7114754098360656,0.0,0.0
Li-O (anion),0.7193078324225866,0.0,0.0
Li-O (anion),0.7271402550091075,0.0,0.0
Li-O (anion),0.7349726775956285,0.0,0.0
Li-O (anion),0.7428051001821494,0.0,0.0
Li-O (anion),0.7506375227686704,0.0,0.0
Li-O (anion),0.7584699453551913,0.0,0.0
Li-O (anion),0.7663023679417122,0.0,0.0
Li-O (anion),0.7741347905282332,0.0,0.0
Li-O (anion),0.7819672131147541,0.0,0.0
Li-O (anion),0.7897996357012751,0.0,0.0
Li-O (anion),0.797632058287796,0.0,0.0
Li-O (anion),0.805464480874317,0.0,0.0
Li-O (anion),0.8132969034608379,0.0,0.0
Li-O (anion),0.8211293260473589,0.0,0.0
Li-O (anion),0.8289617486338798,0.0,0.0
Li-O (anion),0.8367941712204008,0.0,0.0
Li-O (anion),0.8446265938069217,0.0,0.0
Li-O (anion),0.8524590163934427,0.0,0.0
Li-O (anion),0.8602914389799636,0.0,0.0
Li-O (anion),0.8681238615664846,0.0,0.0
Li-O (anion),0.8759562841530054,0.0,0.0
Li-O (anion),0.8837887067395264,0.0,0.0
Li-O (anion),0.8916211293260473,0.0,0.0
Li-O (anion),0.8994535519125683,0.0,0.0
Li-O (anion),0.9072859744990892,0.0,0.0
Li-O (anion),0.9151183970856102,0.0,0.0
Li-O (anion),0.9229508196721311,0.0,0.0
Li-O (anion),0.930783242258652,0.0,0.0
Li-O (anion),0.938615664845173,0.0,0.0
Li-O (anion),0.946448087431694,0.0,0.0
Li-O (anion),0.9542805100182149,0.0,0.0
Li-O (anion),0.9621129326047358,0.0,0.0
Li-O (anion),0.9699453551912568,0.0,0.0
Li-O (anion),0.9777777777777777,0.0,0.0
Li-O (anion),0.9856102003642987,0.0,0.0
Li-O (anion),0.9934426229508196,0.0,0.0
Li-O (anion),1.0012750455373407,0.0,0.0
Li-O (anion),1.0091074681238617,0.0,0.0
Li-O (anion),1.0169398907103826,0.0,0.0
Li-O (anion),1.0247723132969035,0.0,0.0
Li-O (anion),1.0326047358834245,0.0,0.0
Li-O (anion),1.0404371584699454,0.0,0.0
Li-O (anion),1.0482695810564664,0.0,0.0
Li-O (anion),1.0561020036429873,0.0,0.0
Li-O (anion),1.0639344262295083,0.0,0.0
Li-O (anion),1.0717668488160292,0.0,0.0
Li-O (anion),1.0795992714025502,0.0,0.0
Li-O (anion),1.0874316939890711,0.0,0.0
Li-O (anion),1.095264116575592,0.0,0.0
Li-O (anion),1.103096539162113,0.0,0.0
Li-O (anion),1.110928961748634,0.0,0.0
Li-O (anion),1.118761384335155,0.0,0.0
Li-O (anion),1.1265938069216759,0.0,0.0
Li-O (anion),1.1344262295081968,0.0,0.0
Li-O (anion),1.1422586520947178,0.0,0.0
Li-O (anion),1.1500910746812387,0.0,0.0
Li-O (anion),1.1579234972677597,0.0,0.0
Li-O (anion),1.1657559198542806,0.0,0.0
Li-O (anion),1.1735883424408016,0.0,0.0
Li-O (anion),1.1814207650273225,0.0,0.0
Li-O (anion),1.1892531876138435,0.0,0.0
Li-O (anion),1.1970856102003644,0.0,0.0
Li-O (anion),1.2049180327868854,0.0,0.0
Li-O (anion),1.2127504553734063,0.0,0.0
Li-O (anion),1.2205828779599273,0.0,0.0
Li-O (anion),1.2284153005464482,0.0,0.0
Li-O (anion),1.2362477231329692,0.0,0.0
Li-O (anion),1.24408014571949,0.0,0.0
Li-O (anion),1.2519125683060108,0.0,0.0
Li-O (anion),1.2597449908925318,0.0,0.0
Li-O (anion),1.2675774134790527,0.0,0.0
Li-O (anion),1.2754098360655737,0.0,0.0
Li-O (anion),1.2832422586520946,0.0,0.0
Li-O (anion),1.2910746812386156,0.0,0.0
Li-O (anion),1.2989071038251365,0.0,0.0
Li-O (anion),1.3067395264116575,0.0,0.0
Li-O (anion),1.3145719489981784,0.0,0.0
Li-O (anion),1.3224043715846994,0.0,0.0
Li-O (anion),1.3302367941712203,0.0,0.0
Li-O (anion),1.3380692167577413,0.0,0.0
Li-O (anion),1.3459016393442622,0.0,0.0
Li-O (anion),1.3537340619307832,0.0,0.0
Li-O (anion),1.361566484517304,0.0,0.0
Li-O (anion),1.369398907103825,0.0,0.0
Li-O (anion),1.377231329690346,0.0,0.0
Li-O (anion),1.385063752276867,0.0,0.0
Li-O (anion),1.392896174863388,0.0,0.0
Li-O (anion),1.4007285974499089,0.0008509950178097555,9.860347796144303e-07
Li-O (anion),1.4085610200364298,0.0009908345974889315,3.1330094112894374e-06
Li-O (anion),1.4163934426229507,0.001154438743546874,5.661665283725272e-06
Li-O (anion),1.4242258652094717,0.0013455591109610564,8.641205771859881e-06
Li-O (anion),1.4320582877959926,0.00156847260833154,1.2152601342249077e-05
Li-O (anion),1.4398907103825136,0.0018280429090825293,1.6290391922366246e-05
Li-O (anion),1.4477231329690345,0.0021297871825343407,2.1164727068779063e-05
Li-O (anion),1.4555555555555555,0.0024799481707741024,2.6903668598321157e-05
Li-O (anion),1.4633879781420764,0.0028855716831172468,3.365578178577179e-05
Li-O (anion),1.4712204007285974,0.0033545895149149733,4.159304256218797e-05
Li-O (anion),1.4790528233151183,0.003895907720781879,5.091408932683864e-05
Li-O (anion),1.4868852459016393,0.004519500083355139,6.18478489643414e-05
Li-O (anion),1.4947176684881602,0.005236506516955025,7.465756738352893e-05
Li-O (anion),1.5025500910746812,0.006059336030674383,8.964527530711294e-05
Li-O (anion),1.5103825136612021,0.0070017737473726865,0.00010715672007791444
Li-O (anion),1.518214936247723,0.008079091333931688,0.00012758679384049825
Li-O (anion),1.526047358834244,0.00930816004437642,0.00015138548753500358
Li-O (anion),1.533879781420765,0.010707565411838869,0.0001790643986284652
Li-O (anion),1.541712204007286,0.01229772244896871,0.00021120381833183066
Li-O (anion),1.5495446265938069,0.014100990030799225,0.0002484604211315416
Li-O (anion),1.5573770491803278,0.016141782941210294,0.0002915755757272721
Li-O (anion),1.5652094717668488,0.018446679866395293,0.0003413842918392456
Li-O (anion),1.5730418943533697,0.021044525419004183,0.0003988248117611884
Li-O (anion),1.5808743169398907,0.023966524078243668,0.00046494884892699036
Li-O (anion),1.5887067395264116,0.027246323737978077,0.0005409324680783181
Li-O (anion),1.5965391621129326,0.030920086371058957,0.0006280875928263127
Li-O (anion),1.6043715846994535,0.03502654314840807,0.0007278741164670827
Li-O (anion),1.6122040072859745,0.03960703120086311,0.0008419125808291473
Li-O (anion),1.6200364298724954,0.04470550908586409,0.000971997375712417
Li-O (anion),1.6278688524590164,0.05036854792536109,0.001120110398156607
Li-O (anion),1.6357012750455373,0.05664529512166189,0.0012884350964113486
Li-O (anion),1.6435336976320583,0.06358740754017216,0.001479370808157787
Li-O (anion),1.6513661202185792,0.07124895107788959,0.0016955472863691313
Li-O (anion),1.6591985428051002,0.07968626361968102,0.0019398392893443662
Li-O (anion),1.667030965391621,0.08895777852600542,0.002215381094087118
Li-O (anion),1.674863387978142,0.09912380600055329,0.0025255807745464998
Li-O (anion),1.682695810564663,0.11024626995826235,0.002874134068538661
Li-O (anion),1.690528233151184,0.12238839835649318,0.0032650376397102606
Li-O (anion),1.698360655737705,0.13561436536693872,0.003702601524003631
Li-O (anion),1.7061930783242258,0.14998888425401072,0.004191460534083211
Li-O (anion),1.7140255009107468,0.16557675038657887,0.0047365843804553385
Li-O (anion),1.7218579234972677,0.18244233444208616,0.005343286254952236
Li-O (anion),1.7296903460837887,0.20064902656168698,0.006017229611266166
Li-O (anion),1.7375227686703096,0.22025863297685092,0.00676443286873184
Li-O (anion),1.7453551912568306,0.24133072744477516,0.0075912717599877395
Li-O (anion),1.7531876138433515,0.26392196069305046,0.008504479040918445
Li-O (anion),1.7610200364298725,0.28808533197257513,0.00951114128279446
Li-O (anion),1.7688524590163934,0.3138694277392387,0.010618692472163451
Li-O (anion),1.7766848816029144,0.3413176334151813,0.011834904154153164
Li-O (anion),1.7845173041894353,0.3704673251037938,0.013167871869722663
Li-O (anion),1.7923497267759563,0.4013490490320083,0.014625997657290288
Li-O (anion),1.8001821493624772,0.4339856973506826,0.016217968414253343
Li-O (anion),1.8080145719489982,0.4683916897201157,0.017952729944298966
Li-O (anion),1.8158469945355191,0.5045721708235389,0.019839456552105256
Li-O (anion),1.82367941712204,0.5425222345673677,0.021887516087969267
Li-O (anion),1.831511839708561,0.5822261862239684,0.024106430390895647
Li-O (anion),1.839344262295082,0.6236568541323485,0.026505831129450326
Li-O (anion),1.847176684881603,0.6667749627774557,0.02909541109483102
Li-O (anion),1.8550091074681239,0.711528579104269,0.03188487105962104
Li-O (anion),1.8628415300546448,0.7578526437753684,0.034883862377952726
Li-O (anion),1.8706739526411658,0.8056685987396125,0.0381019255675816
Li-O (anion),1.8785063752276867,0.854884121937293,0.04154842518082774
Li-O (anion),1.8863387978142077,0.9053929792195883,0.045232481338548125
Li-O (anion),1.8941712204007286,0.9570750026067557,0.04916289836825119
Li-O (anion),1.9020036429872496,1.0097962028539285,0.05334809105306965
Li-O (anion),1.9098360655737705,1.0634090229431856,0.0577960090614355
Li-O (anion),1.9176684881602915,1.117752737587809,0.06251406018678232
Li-O (anion),1.9255009107468124,1.1726540021354008,0.06750903308125072
Li-O (anion),1.9333333333333333,1.2279275524112698,0.07278702021601884
Li-O (anion),1.9411657559198543,1.2833770550764036,0.07835334184238003
Li-O (anion),1.9489981785063752,1.3387961060134417,0.0842124717609576
Li-O (anion),1.9568306010928962,1.3939693721305053,0.0903679657304807
Li-O (anion),1.9646630236794171,1.4486738698204493,0.09682239336144889
Li-O (anion),1.972495446265938,1.5026803711681773,0.10357727434301822
Li-O (anion),1.980327868852459,1.555754926898658,0.1106330198429364
Li-O (anion),1.98816029143898,1.6076604930415044,0.11798887989989415
Li-O (anion),1.995992714025501,1.6581586463927565,0.12564289759499261
Li-O (anion),2.0038251366120217,1.7070113721182385,0.13359187074410203
Li-O (anion),2.0116575591985426,1.7539829053014258,0.1418313217958708
Li-O (anion),2.0194899817850636,1.798841606925333,0.15035547655141135
Li-O (anion),2.0273224043715845,1.8413618537227685,0.15915725224186558
Li-O (anion),2.0351548269581055,1.8813259205582018,0.16822825540993078
Li-O (anion),2.0429872495446264,1.9185258335390347,0.17755878994207194
Li-O (anion),2.0508196721311474,1.952765171910241,0.18713787549077157
Li-O (anion),2.0586520947176683,1.9838607969745492,0.19695327641219124
Li-O (anion),2.0664845173041893,2.0116444868048884,0.20699154122561986
Li-O (anion),2.07431693989071,2.035964456374611,0.2172380524787563
Li-O (anion),2.082149362477231,2.0566867439156518,0.22767708677904072
Li-O (anion),2.089981785063752,2.0736964458103917,0.23829188462778383
Li-O (anion),2.097814207650273,2.086898784108701,0.24906472957267023
Li-O (anion),2.105646630236794,2.096219992810596,0.25997703607724776
Li-O (anion),2.113479052823315,2.10160801133511,0.2710094453951478
Li-O (anion),2.121311475409836,2.1030329760705704,0.2821419286338172
Li-O (anion),2.129143897996357,2.1004875035296635,0.29335389609918605
Li-O (anion),2.136976320582878,2.09398676137054,0.3046243119305043
Li-O (anion),2.1448087431693987,2.0835683263465845,0.31593181296493394
Li-O (anion),2.1526411657559197,2.0692918310646986,0.3272548307155627
Li-O (anion),2.1604735883424406,2.051238404217316,0.33857171530526337
Li-O (anion),2.1683060109289616,2.029509911659563,0.3498608601729517
Li-O (anion),2.1761384335154825,2.0042280082844663,0.3611008263587528
Li-O (anion),2.1839708561020035,1.9755330130629858,0.37227046518051843
Li-O (anion),2.1918032786885244,1.9435826218222187,0.3833490381359601
Li-O (anion),2.1996357012750454,1.9085504742993011,0.39431633290197704
Li-O (anion),2.2074681238615663,1.8706245936997237,0.40515277435493524
Li-O (anion),2.2153005464480873,1.8300057183823488,0.41583952960178633
Li-O (anion),2.223132969034608,1.7869055463702268,0.42635860609088483
Li-O (anion),2.230965391621129,1.7415449141338175,0.43669294196182734
Li-O (anion),2.23879781420765,1.6941519315050322,0.44682648789408125
Li-O (anion),2.246630236794171,1.644960094656746,0.4567442798229257
Li-O (anion),2.254462659380692,1.5942063988294475,0.46643250200651076
Li-O (anion),2.262295081967213,1.5421294719167988,0.4758785400477846
Li-O (anion),2.270127504553734,1.4889677491530453,0.4850710235977349
Li-O (anion),2.277959927140255,1.4349577080004285,0.49399985858992623
Li-O (anion),2.285792349726776,1.380332180941451,0.5026562489787988
Li-O (anion),2.2936247723132968,1.3253187622703042,0.5110327080738067
Li-O (anion),2.3014571948998177,1.2701383231841874,0.5191230596764915
Li-O (anion),2.3092896174863387,1.215003647535064,0.5269224293364055
Li-O (anion),2.3171220400728596,1.160118198553494,0.5344272261429819
Li-O (anion),2.3249544626593805,1.1056750247368503,0.5416351155627185
Li-O (anion),2.3327868852459015,1.0518558109427347,0.5485449839133263
Li-O (anion),2.3406193078324224,0.9988300785817785,0.555156895137926
Li-O (anion),2.3484517304189434,0.9467545366978044,0.5614720406022948
Li-O (anion),2.3562841530054643,0.895772583690476,0.567492682686152
Li-O (anion),2.3641165755919853,0.84601395750635,0.5732220929752915
Li-O (anion),2.3719489981785062,0.7975945303253321,0.5786644858850429
Li-O (anion),2.379781420765027,0.7506162421239837,0.5838249485572578
Li-O (anion),2.387613843351548,0.7051671660239047,0.5887093678731714
Li-O (anion),2.395446265938069,0.6613216970472572,0.5933243554136624
Li-O (anion),2.40327868852459,0.6191408548129695,0.5976771711773325
Li-O (anion),2.411111111111111,0.578672689822504,0.6017756468363267
Li-O (anion),2.418943533697632,0.5399527823054894,0.6056281092708691
Li-O (anion),2.426775956284153,0.5030048221212633,0.6092433050771774
Li-O (anion),2.434608378870674,0.4678412579371099,0.6126303266908244
Li-O (anion),2.4424408014571948,0.4344640038190622,0.6157985407099339
Li-O (anion),2.4502732240437157,0.40286519146505423,0.6187575189409719
Li-O (anion),2.4581056466302367,0.3730279565689675,0.621516972625496
Li-O (anion),2.4659380692167576,0.3449272482116944,0.6240866902401917
Li-O (anion),2.4737704918032786,0.3185306507142186,0.6264764791959356
Li-O (anion),2.4816029143897995,0.29379920803921056,0.6286961116954983
Li-O (anion),2.4894353369763205,0.27068824157251925,0.6307552749447853
Li-O (anion),2.4972677595628414,0.24914815293471024,0.6326635258500524
Li-O (anion),2.5051001821493624,0.22912520434620137,0.6344302502740775
Li-O (anion),2.5129326047358833,0.2105622699788876,0.6360646268684703
Li-O (anion),2.5207650273224043,0.19339955265461767,0.6375755954476727
Li-O (anion),2.528597449908925,0.17757526117986222,0.6389718298232036
Li-O (anion),2.536429872495446,0.16302624452119863,0.640261714974594
Li-O (anion),2.544262295081967,0.14968857991416284,0.6414533283965007
Li-O (anion),2.552094717668488,0.13749811284669794,0.6425544254297388
Li-O (anion),2.559927140255009,0.1263909476577164,0.6435724283574817
Li-O (anion),2.56775956284153,0.11630388823289932,0.6445144190265317
Li-O (anion),2.575591985428051,0.10717482895731756,0.645387134737234
Li-O (anion),2.583424408014572,0.09894309669306346,0.6461969671340582
Li-O (anion),2.591256830601093,0.09154974508684516,0.646949963821824
Li-O (anion),2.5990892531876137,0.08493780297598409,0.6476518324296737
Li-O (anion),2.6069216757741347,0.0790524790515311,0.6483079468458359
Li-O (anion),2.6147540983606556,0.07384132525560454,0.6489233553505813
Li-O (anion),2.6225865209471766,0.06925436163905384,0.6495027903821423
Li-O (anion),2.6304189435336975,0.06524416558862245,0.6500506796803348
Li-O (anion),2.6382513661202185,0.061765928454182877,0.6505711585647719
Li-O (anion),2.6460837887067394,0.0587774826712391,0.651068083118483
Li-O (anion),2.6539162112932604,0.0562393024870902,0.6515450440630607
Li-O (anion),2.6617486338797813,0.0541144813664859,0.6520053811277776
Li-O (anion),2.6695810564663023,0.052368689080101546,0.6524521977320974
Li-O (anion),2.6774134790528232,0.0509701113725737,0.6528883758183327
Li-O (anion),2.685245901639344,0.0498893749719253,0.6533165906885822
Li-O (anion),2.693078324225865,0.04909946054454866,0.6537393257172598
Li-O (anion),2.700910746812386,0.048575606024801224,0.6541588868272846
Li-O (anion),2.708743169398907,0.048295202560655684,0.6545774166341356
Li-O (anion),2.716575591985428,0.04823768512128542,0.6549969081773463
Li-O (anion),2.724408014571949,0.048384419613077434,0.6554192181734758
Li-O (anion),2.73224043715847,0.04871858815100172,0.6558460797380693
Li-O (anion),2.740072859744991,0.049225073935714514,0.6562791145365295
Li-O (anion),2.7479052823315118,0.04989034699594401,0.6567198443351226
Li-O (anion),2.7557377049180327,0.050702351872850826,0.6571697019335239
Li-O (anion),2.7635701275045537,0.05165039814997921,0.6576300414693654
Li-O (anion),2.7714025500910746,0.05272505457050651,0.6581021480931971
Li-O (anion),2.7792349726775956,0.053918047333758025,0.6585872470191575
Li-O (anion),2.7870673952641165,0.055222163026032556,0.6590865119625062
Li-O (anion),2.7948998178506375,0.05663115651700994,0.6596010729800605
Li-O (anion),2.8027322404371584,0.05813966404244361,0.6601320237335693
Li-O (anion),2.8105646630236794,0.05974312159629458,0.6606804281992034
Li-O (anion),2.8183970856102003,0.06143768867055454,0.6612473268487424
Li-O (anion),2.8262295081967213,0.06322017730819102,0.6618337423297342
Li-O (anion),2.834061930783242,0.06508798637324843,0.6624406846730021
Li-O (anion),2.841894353369763,0.06703904089138905,0.6630691560564254
Li-O (anion),2.849726775956284,0.06907173627321478,0.6637201551540052
Li-O (anion),2.857559198542805,0.07118488720070089,0.664394681098913
Li-O (anion),2.865391621129326,0.07337768093309817,0.6650937370885668
Li-O (anion),2.873224043715847,0.07564963477182762,0.6658183336588522
Li-O (anion),2.881056466302368,0.07800055741333105,0.6665694916534537
Li-O (anion),2.888888888888889,0.08043051391370663,0.6673482449129378
Li-O (anion),2.89672131147541,0.08293979398845824,0.6681556427067771
Li-O (anion),2.9045537340619307,0.0855288833740714,0.6689927519299612
Li-O (anion),2.9123861566484517,0.08819843798471291,0.6698606590842469
Li-O (anion),2.9202185792349726,0.09094926060650559,0.6707604720624772
Li-O (anion),2.9280510018214936,0.09378227988299148,0.6716933217527825
Li-O (anion),2.9358834244080145,0.09669853135806435,0.6726603634778777
Li-O (anion),2.9437158469945355,0.09969914035638491,0.6736627782831165
Li-O (anion),2.9515482695810564,0.10278530649571074,0.6747017740854585
Li-O (anion),2.9593806921675774,0.1059582896403496,0.6757785866940715
Li-O (anion),2.9672131147540983,0.10921939711981342,0.676894480711928
Li-O (anion),2.9750455373406193,0.11256997205147924,0.6780507503264726
Li-O (anion),2.98287795992714,0.11601138262048029,0.6792487199962387
Li-O (anion),2.990710382513661,0.11954501218400893,0.6804897450391821
Li-O (anion),2.998542805100182,0.12317225008061,0.6817752121274732
Li-O (anion),3.006375227686703,0.1268944830378021,0.6831065396925511
Li-O (anion),3.014207650273224,0.13071308708343338,0.6844851782433935
Li-O (anion),3.022040072859745,0.1346294198775329,0.6859126106001842
Li-O (anion),3.029872495446266,0.13864481339204504,0.6873903520448756
Li-O (anion),3.037704918032787,0.1427605668757394,0.688919950389534
Li-O (anion),3.045537340619308,0.14697794005078801,0.6905029859628219
Li-O (anion),3.0533697632058288,0.15129814649601975,0.6921410715145115
Li-O (anion),3.0612021857923497,0.15572234717972883,0.6938358520375337
Li-O (anion),3.0690346083788707,0.1602516441121698,0.6955890045067357
Li-O (anion),3.0768670309653916,0.1648870740945454,0.6974022375332664
Li-O (anion),3.0846994535519126,0.1696296025474326,0.6992772909333
Li-O (anion),3.0925318761384335,0.17448011740722721,0.7012159352096689
Li-O (anion),3.1003642987249544,0.17943942308436,0.70321997094488
Li-O (anion),3.1081967213114754,0.18450823448177642,0.7052912281039655
Li-O (anion),3.1160291438979963,0.18968717107651262,0.7074315652456157
Li-O (anion),3.1238615664845173,0.19497675107116844,0.709642868640118
Li-O (anion),3.1316939890710382,0.20037738562569674,0.7119270512927272
Li-O (anion),3.139526411657559,0.20588937318321748,0.7142860518712454
Li-O (anion),3.14735883424408,0.21151289390654468,0.7167218335367878
Li-O (anion),3.155191256830601,0.2172480042447898,0.7192363826769437
Li-O (anion),3.163023679417122,0.22309463165179239,0.7218317075408185
Li-O (anion),3.170856102003643,0.2290525694802316,0.7245098367757509
Li-O (anion),3.178688524590164,0.2351214720770865,0.72727281786585
Li-O (anion),3.186520947176685,0.2413008501076521,0.730122715472869
Li-O (anion),3.194353369763206,0.24759006613656726,0.7330616096803458
Li-O (anion),3.202185792349727,0.25398833049527064,0.7360915941423729
Li-O (anion),3.2100182149362477,0.26049469746597004,0.7392147741388194
Li-O (anion),3.2178506375227687,0.2671080618125768,0.7424332645393134
Li-O (anion),3.2256830601092896,0.27382715568911603,0.7457491876787841
Li-O (anion),3.2335154826958106,0.28065054595587474,0.7491646711478902
Li-O (anion),3.2413479052823315,0.287576631932975,0.7526818455021731
Li-O (anion),3.2491803278688525,0.2946036436201728,0.7563028418943168
Li-O (anion),3.2570127504553734,0.30172964041046213,0.7600297896344246
Li-O (anion),3.2648451730418944,0.3089525103235254,0.7638648136837587
Li-O (anion),3.2726775956284153,0.3162699697832079,0.7678100320879155
Li-O (anion),3.2805100182149363,0.3236795639610112,0.7718675533559219
Li-O (anion),3.288342440801457,0.33117866770511506,0.7760394737922389
Li-O (anion),3.296174863387978,0.3387644870716476,0.7803278747891371
Li-O (anion),3.304007285974499,0.34643406147186134,0.7847348200873553
Li-O (anion),3.31183970856102,0.35418426644554163,0.7892623530133762
Li-O (anion),3.319672131147541,0.36201181706740915,0.7939124937020364
Li-O (anion),3.327504553734062,0.3699132719895041,0.7986872363135261
Li-O (anion),3.335336976320583,0.37788503811857954,0.8035885462541341
Li-O (anion),3.343169398907104,0.38592337592343523,0.8086183574103363
Li-O (anion),3.351001821493625,0.39402440536290856,0.8137785694060208
Li-O (anion),3.3588342440801457,0.40218411242096763,0.8190710448927747
Li-O (anion),3.3666666666666667,0.41039835623104887,0.8244976068832341
Li-O (anion),3.3744990892531876,0.41866287676749997,0.8300600361375093
Li-O (anion),3.3823315118397086,0.4269733030777777,0.8357600686126437
Li-O (anion),3.3901639344262295,0.4353251620249457,0.841599392984946
Li-O (anion),3.3979963570127505,0.44371388750607593,0.8475796482548476
Li-O (anion),3.4058287795992714,0.4521348301084209,0.8537024214436856
Li-O (anion),3.4136612021857924,0.4605832671617322,0.8599692453914934
Li-O (anion),3.4214936247723133,0.4690544131419092,0.866381596664495
Li-O (anion),3.4293260473588343,0.4775434303782873,0.8729408935805562
Li-O (anion),3.4371584699453552,0.4860454400143791,0.8796484943603404
Li-O (anion),3.444990892531876,0.49455553316977635,0.8865056954113572
Li-O (anion),3.452823315118397,0.5030687822492379,0.8935137297514752
Li-O (anion),3.460655737704918,0.5115802523437561,0.9006737655778194
Li-O (anion),3.468488160291439,0.5200850126676173,0.9079869049862657
Li-O (anion),3.47632058287796,0.5285781479751706,0.9154541828460124
Li-O (anion),3.484153005464481,0.5370547699011895,0.9230765658329442
Li-O (anion),3.491985428051002,0.5455100281693555,0.9308549516247112
Li-O (anion),3.499817850637523,0.5539391216144988,0.9387901682596442
Li-O (anion),3.5076502732240433,0.5623373089657974,0.94688297366081
Li-O (anion),3.5154826958105643,0.5706999193401165,0.9551340553256976
Li-O (anion),3.523315118397085,0.5790223623970663,0.9635440301812042
Li-O (anion),3.531147540983606,0.5873001381101327,0.9721134446027988
Li-O (anion),3.538979963570127,0.5955288461113395,0.980842774595951
Li-O (anion),3.546812386156648,0.6037041945703105,0.989732426137148
Li-O (anion),3.554644808743169,0.6118220085722852,0.998782735671101
Li-O (anion),3.56247723132969,0.6198782379635224,1.0079939707600394
Li-O (anion),3.570309653916211,0.627868964636601,1.0173663308803371
Li-O (anion),3.578142076502732,0.6357904092323122,1.026899948361104
Li-O (anion),3.585974499089253,0.6436389372391128,1.0365948894588175
Li-O (anion),3.5938069216757738,0.6514110644754135,1.0464511555615468
Li-O (anion),3.6016393442622947,0.659103461944277,1.0564686845158817
Li-O (anion),3.6094717668488157,0.6667129600543341,1.0666473520692636
Li-O (anion),3.6173041894353366,0.6742365522048859,1.076986973420079
Li-O (anion),3.6251366120218576,0.6816713977371669,1.0874873048675984
Li-O (anion),3.6329690346083785,0.6890148242576025,1.098148045553605
Li-O (anion),3.6408014571948994,0.6962643293425409,1.108968839287401
Li-O (anion),3.6486338797814204,0.7034175816373736,1.1199492764457668
Li-O (anion),3.6564663023679413,0.7104724213661364,1.131088895939389
Li-O (anion),3.6642987249544623,0.7174268602705977,1.1423871872372788
Li-O (anion),3.6721311475409832,0.7242790810004751,1.1538435924407497
Li-O (anion),3.679963570127504,0.731027435978764,1.1654575083986183
Li-O (anion),3.687795992714025,0.7376704457681991,1.1772282888554464
Li-O (anion),3.695628415300546,0.7442067969666172,1.1891552466248143
Li-O (anion),3.703460837887067,0.7506353396604278,1.2012376557798525
Li-O (anion),3.711293260473588,0.7569550844665386,1.2134747538535082
Li-O (anion),3.719125683060109,0.7631651991939459,1.225865744041319
Li-O (anion),3.72695810564663,0.7692650051567709,1.2384097973997785
Li-O (anion),3.734790528233151,0.7752539731708322,1.2511060550337212
Li-O (anion),3.742622950819672,0.7811317192659094,1.2639536302665098
Li-O (anion),3.7504553734061927,0.7868980001456675,1.2769516107871854
Li-O (anion),3.7582877959927137,0.7925527084268228,1.2900990607691254
Li-O (anion),3.7661202185792346,0.7980958676885352,1.3033950229551472
Li-O (anion),3.7739526411657556,0.8035276273622358,1.3168385207043973
Li-O (anion),3.7817850637522765,0.8088482574911692,1.3304285599967685
Li-O (anion),3.7896174863387975,0.8140581433878515,1.3441641313909793
Li-O (anion),3.7974499089253184,0.8191577802164552,1.3580442119328597
Li-O (anion),3.8052823315118394,0.8241477675258354,1.372067767010763
Li-O (anion),3.8131147540983603,0.8290288037575319,1.3862337521554187
Li-O (anion),3.8209471766848813,0.833801680751648,1.4005411147819007
Li-O (anion),3.828779599271402,0.8384672782720086,1.4149887958717582
Li-O (anion),3.836612021857923,0.8430265585704914,1.4295757315936843
Li-O (anion),3.844444444444444,0.847480561008879,1.4443008548614484
Li-O (anion),3.852276867030965,0.8518303967550513,1.459163096828118
Li-O (anion),3.860109289617486,0.8560772435688041,1.4741613883159
Li-O (anion),3.867941712204007,0.8602223406910743,1.4892946611812146
Li-O (anion),3.875774134790528,0.8642669838488813,1.5045618496148734
Li-O (anion),3.883606557377049,0.8682125203868541,1.5199618913774817
Li-O (anion),3.89143897996357,0.8720603445348272,1.5354937289704111
Li-O (anion),3.8992714025500907,0.8758118928196617,1.5511563107428976
Li-O (anion),3.9071038251366117,0.879468639628164,1.5669485919360155
Li-O (anion),3.9149362477231326,0.8830320929267736,1.582869535664441
Li-O (anion),3.9227686703096536,0.8865037901425383,1.5989181138370916
Li-O (anion),3.9306010928961745,0.8898852942088296,1.615093308017851
Li-O (anion),3.9384335154826955,0.8931781897782387,1.631394110227726
Li-O (anion),3.9462659380692164,0.8963840796041627,1.647819523689886
Li-O (anion),3.9540983606557374,0.899504581091729,1.6643685635191237
Li-O (anion),3.9619307832422583,0.9025413230179113,1.6810402573573688
Li-O (anion),3.9697632058287793,0.9054959424199661,1.69783364595694
Li-O (anion),3.9775956284153002,0.9083700816506673,1.7147477837132823
Li-O (anion),3.985428051001821,0.9111653855982226,1.7317817391489745
Li-O (anion),3.993260473588342,0.9138834990682273,1.7489345953508328
Li-O (anion),4.001092896174863,0.9165260643245496,1.7662054503619409
Li-O (anion),4.008925318761384,0.9190947187856255,1.7835934175304686
Li-O (anion),4.016757741347905,0.9215910928722963,1.8010976258171287
Li-O (anion),4.024590163934426,0.9240168080030101,1.8187172200631287
Li-O (anion),4.032422586520947,0.9263734747319606,1.836451361220455
Li-O (anion),4.040255009107468,0.9286626910255299,1.8542992265463123
Li-O (anion),4.048087431693989,0.9308860406722251,1.8722600097635247
Li-O (anion),4.05591985428051,0.9330450918211863,1.8903329211886555
Li-O (anion),4.063752276867031,0.9351413956442385,1.9085171878296
Li-O (anion),4.071584699453552,0.9371764851164083,1.9268120534543374
Li-O (anion),4.079417122040073,0.9391518739097947,1.945216778632515
Li-O (anion),4.0872495446265935,0.9410690553956832,1.9637306407514692
Li-O (anion),4.0950819672131145,0.9429295017498114,1.9823529340082666
Li-O (anion),4.102914389799635,0.944734663155743,2.00108296937928
Li-O (anion),4.110746812386156,0.9464859671013622,2.0199200745687786
Li-O (anion),4.118579234972677,0.9481848177635944,2.038863593937953
Li-O (anion),4.126411657559198,0.9498325954765343,2.0579128884157516
Li-O (anion),4.134244080145719,0.9514306562782909,2.0770673353928433
Li-O (anion),4.14207650273224,0.952980331531961,2.0963263285999805
Li-O (anion),4.149908925318761,0.9544829276162805,2.115689277971976
Li-O (anion),4.157741347905282,0.9559397256816288,2.1351556094984554
Li-O (anion),4.165573770491803,0.9573519814672133,2.154724765062501
Li-O (anion),4.173406193078324,0.9587209251753955,2.1743962022682495
Li-O (anion),4.181238615664845,0.9600477613992757,2.194169394258449
Li-O (anion),4.189071038251366,0.9613336690998021,2.2140438295229434
Li-O (anion),4.196903460837887,0.9625798016288244,2.234019011698994
Li-O (anion),4.204735883424408,0.9637872867946593,2.254094459364306
Li-O (anion),4.212568306010929,0.9649572269668968,2.274269705823575
Li-O (anion),4.22040072859745,0.9660906992173149,2.2945442988893414
Li-O (anion),4.228233151183971,0.9671887554939332,2.314917800657868
Li-O (anion),4.2360655737704915,0.9682524228253714,2.3353897872807434
Li-O (anion),4.2438979963570125,0.9692827035528297,2.355959848732855
Li-O (anion),4.251730418943533,0.970280575587147,2.376627588577341
Li-O (anion),4.259562841530054,0.971246992688529,2.397392623728096
Li-O (anion),4.267395264116575,0.9721828847666754,2.4182545842103638
Li-O (anion),4.275227686703096,0.9730891581991614,2.4392131129199206
Li-O (anion),4.283060109289617,0.9739666961660567,2.460267865381315
Li-O (anion),4.290892531876138,0.9748163589988846,2.4814185095055974
Li-O (anion),4.298724954462659,0.9756389845421438,2.5026647253479513
Li-O (anion),4.30655737704918,0.9764353885257205,2.5240062048655925
Li-O (anion),4.314389799635701,0.9772063649466386,2.5454426516762947
Li-O (anion),4.322222222222222,0.9779526864586825,2.5669737808178543
Li-O (anion),4.330054644808743,0.9786751047685426,2.588599318508798
Li-O (anion),4.337887067395264,0.9793743510372137,2.6103190019105953
Li-O (anion),4.345719489981785,0.9800511362854775,2.6321325788916448
Li-O (anion),4.353551912568306,0.9807061518023751,2.654039807793239
Li-O (anion),4.361384335154827,0.9813400695556694,2.6760404571977343
Li-O (anion),4.369216757741348,0.9819535426033599,2.6981343056991096
Li-O (anion),4.377049180327869,0.9825472055053992,2.72032114167608
Li-O (anion),4.3848816029143896,0.9831216747348193,2.7426007630679257
Li-O (anion),4.3927140255009105,0.9836775490875465,2.764972977153174
Li-O (anion),4.4005464480874315,0.984215410090246,2.78743760033125
Li-O (anion),4.408378870673952,0.9847358224055881,2.8099944579072154
Li-O (anion),4.416211293260473,0.9852393342343964,2.8326433838796805
Li-O (anion),4.424043715846994,0.9857264777141724,2.8553842207319824
Li-O (anion),4.431876138433515,0.9861977693135556,2.8782168192266915
Li-O (anion),4.439708561020036,0.9866537102223122,2.9011410382035137
Li-O (anion),4.447540983606557,0.9870947867364929,2.9241567443806322
Li-O (anion),4.455373406193078,0.987521470638441,2.94726381215954
Li-O (anion),4.463205828779599,0.9879342195713631,2.970462123433383
Li-O (anion),4.47103825136612,0.9883334774082181,2.9937515673988444
Li-O (anion),4.478870673952641,0.9887196746147037,3.0171320403715893
Li-O (anion),4.486703096539162,0.9890932286061562,3.040603445605271
Li-O (anion),4.494535519125683,0.9894545440982031,3.0641656931141084
Li-O (anion),4.502367941712204,0.9898040134510363,3.0878186994990284
Li-O (anion),4.510200364298725,0.9901420170071954,3.1115623877773664
Li-O (anion),4.518032786885246,0.9904689234227764,3.135396687216108
Li-O (anion),4.525865209471767,0.9907850899919961,3.159321533168659
Li-O (anion),4.533697632058288,0.9910908629650661,3.1833368669151123
Li-O (anion),4.5415300546448085,0.9913865778593453,3.2074426355059993
Li-O (anion),4.5493624772313295,0.9916725597637577,3.2316387916094773
Li-O (anion),4.55719489981785,0.991949123636472,3.255925293361938
Li-O (anion),4.565027322404371,0.9922165745958607,3.2803021042219855
Li-O (anion),4.572859744990892,0.9924752082047575,3.3047691928277616
Li-O (anion),4.580692167577413,0.9927253107480594,3.329326532857557
Li-O (anion),4.588524590163934,0.9929671595037064,3.353974102893686
Li-O (anion),4.596357012750455,0.9932010230071083,3.3787118862895644
Li-O (anion),4.604189435336976,0.9934271613090698,3.403539871039954
Li-O (anion),4.612021857923497,0.9936458262272936,3.4284580496543198
Li-O (anion),4.619854280510018,0.9938572615915321,3.4534664190332545
Li-O (anion),4.627686703096539,0.9940617034824769,3.4785649803479166
Li-O (anion),4.63551912568306,0.9942593804644678,3.5037537389224367
Li-O (anion),4.643351548269581,0.9944505138121195,3.5290327041192335
Li-O (anion),4.651183970856102,0.994635317730959,3.5544018892271945
Li-O (anion),4.659016393442623,0.9948139995721741,3.5798613113526607
Li-O (anion),4.666848816029144,0.9949867600415774,3.605410991313174
Li-O (anion),4.674681238615665,0.9951537934028879,3.6310509535339173
Li-O (anion),4.682513661202186,0.9953152876754414,3.6567812259468115
Li-O (anion),4.6903460837887065,0.9954714248264328,3.682601839892207
Li-O (anion),4.6981785063752275,0.9956223809578042,3.708512830023115
Li-O (anion),4.706010928961748,0.9957683264878902,3.7345142342119337
Li-O (anion),4.713843351548269,0.9959094263279261,3.7606060934596086
Li-O (anion),4.72167577413479,0.9960458400535371,3.7867884518071775
Li-O (anion),4.729508196721311,0.9961777220713166,3.813061356249651
Li-O (anion),4.737340619307832,0.9963052217806033,3.839424856652175
Li-O (anion),4.745173041894353,0.9964284837305735,3.8658790056684205
Li-O (anion),4.753005464480874,0.9965476477727543,3.8924238586611573
Li-O (anion),4.760837887067395,0.9966628492090677,3.919059473624953
Li-O (anion),4.768670309653916,0.9967742189355172,3.9457859111109617
Li-O (anion),4.776502732240437,0.9968818835816221,3.972603234153734
Li-O (anion),4.784335154826958,0.9969859656457059,3.9995115082000217
Li-O (anion),4.792167577413479,0.9970865836261465,4.026510801039509
Li-O (anion),4.8,0.9971838521486875,4.053601182737448
Li-F (diluent),0.5,0.0,0.0
Li-F (diluent),0.507832422586521,0.0,0.0
Li-F (diluent),0.5156648451730419,0.0,0.0
Li-F (diluent),0.5234972677595628,0.0,0.0
Li-F (diluent),0.5313296903460838,0.0,0.0
Li-F (diluent),0.5391621129326047,0.0,0.0
Li-F (diluent),0.5469945355191257,0.0,0.0
Li-F (diluent),0.5548269581056466,0.0,0.0
Li-F (diluent),0.5626593806921676,0.0,0.0
Li-F (diluent),0.5704918032786885,0.0,0.0
Li-F (diluent),0.5783242258652095,0.0,0.0
Li-F (diluent),0.5861566484517304,0.0,0.0
Li-F (diluent),0.5939890710382514,0.0,0.0
Li-F (diluent),0.6018214936247723,0.0,0.0
Li-F (diluent),0.6096539162112933,0.0,0.0
Li-F (diluent),0.6174863387978142,0.0,0.0
Li-F (diluent),0.6253187613843352,0.0,0.0
Li-F (diluent),0.6331511839708561,0.0,0.0
Li-F (diluent),0.6409836065573771,0.0,0.0
Li-F (diluent),0.648816029143898,0.0,0.0
Li-F (diluent),0.656648451730419,0.0,0.0
Li-F (diluent),0.6644808743169399,0.0,0.0
Li-F (diluent),0.6723132969034609,0.0,0.0
Li-F (diluent),0.6801457194899818,0.0,0.0
Li-F (diluent),0.6879781420765028,0.0,0.0
Li-F (diluent),0.6958105646630237,0.0,0.0
Li-F (diluent),0.7036429872495447,0.0,0.0
Li-F (diluent),0.7114754098360656,0.0,0.0
Li-F (diluent),0.7193078324225866,0.0,0.0
Li-F (diluent),0.7271402550091075,0.0,0.0
Li-F (diluent),0.7349726775956285,0.0,0.0
Li-F (diluent),0.7428051001821494,0.0,0.0
Li-F (diluent),0.7506375227686704,0.0,0.0
Li-F (diluent),0.7584699453551913,0.0,0.0
Li-F (diluent),0.7663023679417122,0.0,0.0
Li-F (diluent),0.7741347905282332,0.0,0.0
Li-F (diluent),0.7819672131147541,0.0,0.0
Li-F (diluent),0.7897996357012751,0.0,0.0
Li-F (diluent),0.797632058287796,0.0,0.0
Li-F (diluent),0.805464480874317,0.0,0.0
Li-F (diluent),0.8132969034608379,0.0,0.0
Li-F (diluent),0.8211293260473589,0.0,0.0
Li-F (diluent),0.8289617486338798,0.0,0.0
Li-F (diluent),0.8367941712204008,0.0,0.0
Li-F (diluent),0.8446265938069217,0.0,0.0
Li-F (diluent),0.8524590163934427,0.0,0.0
Li-F (diluent),0.8602914389799636,0.0,0.0
Li-F (diluent),0.8681238615664846,0.0,0.0
Li-F (diluent),0.8759562841530054,0.0,0.0
Li-F (diluent),0.8837887067395264,0.0,0.0
Li-F (diluent),0.8916211293260473,0.0,0.0
Li-F (diluent),0.8994535519125683,0.0,0.0
Li-F (diluent),0.9072859744990892,0.0,0.0
Li-F (diluent),0.9151183970856102,0.0,0.0
Li-F (diluent),0.9229508196721311,0.0,0.0
Li-F (diluent),0.930783242258652,0.0,0.0
Li-F (diluent),0.938615664845173,0.0,0.0
Li-F (diluent),0.946448087431694,0.0,0.0
Li-F (diluent),0.9542805100182149,0.0,0.0
Li-F (diluent),0.9621129326047358,0.0,0.0
Li-F (diluent),0.9699453551912568,0.0,0.0
Li-F (diluent),0.9777777777777777,0.0,0.0
Li-F (diluent),0.9856102003642987,0.0,0.0
Li-F (diluent),0.9934426229508196,0.0,0.0
Li-F (diluent),1.0012750455373407,0.0,0.0
Li-F (diluent),1.0091074681238617,0.0,0.0
Li-F (diluent),1.0169398907103826,0.0,0.0
Li-F (diluent),1.0247723132969035,0.0,0.0
Li-F (diluent),1.0326047358834245,0.0,0.0
Li-F (diluent),1.0404371584699454,0.0,0.0
Li-F (diluent),1.0482695810564664,0.0,0.0
Li-F (diluent),1.0561020036429873,0.0,0.0
Li-F (diluent),1.0639344262295083,0.0,0.0
Li-F (diluent),1.0717668488160292,0.0,0.0
Li-F (diluent),1.0795992714025502,0.0,0.0
Li-F (diluent),1.0874316939890711,0.0,0.0
Li-F (diluent),1.095264116575592,0.0,0.0
Li-F (diluent),1.103096539162113,0.0,0.0
Li-F (diluent),1.110928961748634,0.0,0.0
Li-F (diluent),1.118761384335155,0.0,0.0
Li-F (diluent),1.1265938069216759,0.0,0.0
Li-F (diluent),1.1344262295081968,0.0,0.0
Li-F (diluent),1.1422586520947178,0.0,0.0
Li-F (diluent),1.1500910746812387,0.0,0.0
Li-F (diluent),1.1579234972677597,0.0,0.0
Li-F (diluent),1.1657559198542806,0.0,0.0
Li-F (diluent),1.1735883424408016,0.0,0.0
Li-F (diluent),1.1814207650273225,0.0,0.0
Li-F (diluent),1.1892531876138435,0.0,0.0
Li-F (diluent),1.1970856102003644,0.0,0.0
Li-F (diluent),1.2049180327868854,0.0,0.0
Li-F (diluent),1.2127504553734063,0.0,0.0
Li-F (diluent),1.2205828779599273,0.0,0.0
Li-F (diluent),1.2284153005464482,0.0,0.0
Li-F (diluent),1.2362477231329692,0.0,0.0
Li-F (diluent),1.24408014571949,0.0,0.0
Li-F (diluent),1.2519125683060108,0.0,0.0
Li-F (diluent),1.2597449908925318,0.0,0.0
Li-F (diluent),1.2675774134790527,0.0,0.0
Li-F (diluent),1.2754098360655737,0.0,0.0
Li-F (diluent),1.2832422586520946,0.0,0.0
Li-F (diluent),1.2910746812386156,0.0,0.0
Li-F (diluent),1.2989071038251365,0.0,0.0
Li-F (diluent),1.3067395264116575,0.0,0.0
Li-F (diluent),1.3145719489981784,0.0,0.0
Li-F (diluent),1.3224043715846994,0.0,0.0
Li-F (diluent),1.3302367941712203,0.0,0.0
Li-F (diluent),1.3380692167577413,0.0,0.0
Li-F (diluent),1.3459016393442622,0.0,0.0
Li-F (diluent),1.3537340619307832,0.0,0.0
Li-F (diluent),1.361566484517304,0.0,0.0
Li-F (diluent),1.369398907103825,0.0,0.0
Li-F (diluent),1.377231329690346,0.0,0.0
Li-F (diluent),1.385063752276867,0.0,0.0
Li-F (diluent),1.392896174863388,0.0,0.0
Li-F (diluent),1.4007285974499089,0.000135030388782759,9.126694810264316e-08
Li-F (diluent),1.4085610200364298,0.00013970725378647134,2.780209089280188e-07
Li-F (diluent),1.4163934426229507,0.00014454608162225324,4.7340393521551565e-07
Li-F (diluent),1.4242258652094717,0.0001495524795165638,6.778021346589163e-07
Li-F (diluent),1.4320582877959926,0.0001547322487043014,8.91618436441156e-07
Li-F (diluent),1.4398907103825136,0.0001600913911332511,1.115273307888359e-06
Li-F (diluent),1.4477231329690345,0.00016563611639964615,1.349205501077796e-06
Li-F (diluent),1.4555555555555555,0.00017137284892277004,1.5938728306307456e-06
Li-F (diluent),1.4633879781420764,0.00017730823536679592,1.849752983971029e-06
Li-F (diluent),1.4712204007285974,0.00018344915231833782,2.1173443653817602e-06
Li-F (diluent),1.4790528233151183,0.00018980271422847685,2.3971669752466944e-06
Li-F (diluent),1.4868852459016393,0.00019637628162832193,2.689763325918505e-06
Li-F (diluent),1.4947176684881602,0.00020317746962747357,2.9956993957145413e-06
Li-F (diluent),1.5025500910746812,0.00021021415670507648,3.315565622601098e-06
Li-F (diluent),1.5103825136612021,0.00021749449380347696,3.6499779391901537e-06
Li-F (diluent),1.518214936247723,0.00022502691373484088,3.999578850737913e-06
Li-F (diluent),1.526047358834244,0.0002328201409114428,4.365038557902503e-06
Li-F (diluent),1.533879781420765,0.00024088320141069986,4.7470561260888446e-06
Li-F (diluent),1.541712204007286,0.00024922543338640754,5.146360703282233e-06
Li-F (diluent),1.5495446265938069,0.00025785649783802465,5.563712788348545e-06
Li-F (diluent),1.5573770491803278,0.00026678638975026817,5.999905551858459e-06
Li-F (diluent),1.5652094717668488,0.000276025449615704,6.455766211575662e-06
Li-F (diluent),1.5730418943533697,0.00028558437535346616,6.932157464834891e-06
Li-F (diluent),1.5808743169398907,0.0002954742346377059,7.4299789801250166e-06
Li-F (diluent),1.5887067395264116,0.00030570647764986073,7.950168950285216e-06
Li-F (diluent),1.5965391621129326,0.0003162929502693542,8.49370570981895e-06
Li-F (diluent),1.6043715846994535,0.00032724590771788533,9.06160941893098e-06
Li-F (diluent),1.6122040072859745,0.0003385780286730523,9.65494381699729e-06
Li-F (diluent),1.6200364298724954,0.00035030242986768575,1.0274818048286688e-05
Li-F (diluent),1.6278688524590164,0.00036243268119194496,1.0922388562866388e-05
Li-F (diluent),1.6357012750455373,0.0003749828213159742,1.1598861095742011e-05
Li-F (diluent),1.6435336976320583,0.0003879673738517311,1.230549272740586e-05
Li-F (diluent),1.6513661202185792,0.0004014013640735092,1.3043594029095978e-05
Li-F (diluent),1.6591985428051002,0.0004153003362176919,1.3814531296203064e-05
Li-F (diluent),1.667030965391621,0.000429680371383436,1.4619728873403024e-05
Li-F (diluent),1.674863387978142,0.00044455810605730493,1.5460671575240535e-05
Li-F (diluent),1.682695810564663,0.00045995075128640905,1.633890720604388e-05
Li-F (diluent),1.690528233151184,0.0004758761125264033,1.7256049183214466e-05
Li-F (diluent),1.698360655737705,0.0004923526101928072,1.821377926810659e-05
Li-F (diluent),1.7061930783242258,0.0005093993009466274,1.9213850408895498e-05
Li-F (diluent),1.7140255009107468,0.0005270358997482635,2.0258089700025668e-05
Li-F (diluent),1.7218579234972677,0.000545282802717293,2.1348401463038553e-05
Li-F (diluent),1.7296903460837887,0.0005641611108400973,2.248677045380145e-05
Li-F (diluent),1.7375227686703096,0.0005836926545725755,2.3675265201399526e-05
Li-F (diluent),1.7453551912568306,0.0006039000193916317,2.4916041484214203e-05
Li-F (diluent),1.7531876138433515,0.0006248065723569488,2.621134594899707e-05
Li-F (diluent),1.7610200364298725,0.0006464364897541101,2.756351987906373e-05
Li-F (diluent),1.7688524590163934,0.0006688147859017839,2.8975003118082564e-05
Li-F (diluent),1.7766848816029144,0.0006919673432198953,3.044833815632604e-05
Li-F (diluent),1.7845173041894353,0.0007159209436730343,3.1986174386695766e-05
Li-F (diluent),1.7923497267759563,0.0007407033017244684,3.3591272538337714e-05
Li-F (diluent),1.8001821493624772,0.0007663430989618069,3.5266509296243556e-05
Li-F (diluent),1.8080145719489982,0.0007928700205865929,3.701488211590395e-05
Li-F (diluent),1.8158469945355191,0.0008203147939979533,3.8839514242859055e-05
Li-F (diluent),1.82367941712204,0.0008487092297462876,4.0743659947903745e-05
Li-F (diluent),1.831511839708561,0.0008780862651883684,4.273070998977838e-05
Li-F (diluent),1.839344262295082,0.0009084800112419905,4.480419731844432e-05
Li-F (diluent),1.847176684881603,0.0009399258027186218,4.696780303354809e-05
Li-F (diluent),1.8550091074681239,0.0009724602528088392,4.922536261446804e-05
Li-F (diluent),1.8628415300546448,0.0010061213124106165,5.158087244047156e-05
Li-F (diluent),1.8706739526411658,0.0010409483351280979,5.403849662205981e-05
Li-F (diluent),1.8785063752276867,0.0010769821489322112,5.660257416762356e-05
Li-F (diluent),1.8863387978142077,0.001114265135668756,5.9277626513178266e-05
Li-F (diluent),1.8941712204007286,0.0011528413198294847,6.20683654473041e-05
Li-F (diluent),1.9020036429872496,0.0011927564682728707,6.497970146862731e-05
Li-F (diluent),1.9098360655737705,0.0012340582029002037,6.801675261940326e-05
Li-F (diluent),1.9176684881602915,0.0012767961286665125,7.11848538461879e-05
Li-F (diluent),1.9255009107468124,0.0013210219797427799,7.44895669474344e-05
Li-F (diluent),1.9333333333333333,0.0013667897871547509,7.793669117838064e-05
Li-F (diluent),1.9411657559198543,0.0014141560718143966,8.153227459609538e-05
Li-F (diluent),1.9489981785063752,0.0014631800675433454,8.528262624236963e-05
Li-F (diluent),1.9568306010928962,0.0015139239794752046,8.91943292796616e-05
Li-F (diluent),1.9646630236794171,0.0015664532841281572,9.32742552159782e-05
Li-F (diluent),1.972495446265938,0.0016208370784740207,9.75295793789067e-05
Li-F (diluent),1.980327868852459,0.0016771484865092442,0.00010196779782757298
Li-F (diluent),1.98816029143898,0.0017354651331719284,0.00010659674592474207
Li-F (diluent),1.995992714025501,0.001795869696962042,0.00011142461883031671
Li-F (diluent),2.0038251366120217,0.00185845055432504,0.00011645999422293669
Li-F (diluent),2.0116575591985426,0.0019233025307672424,0.000121711857609131
Li-F (diluent),2.0194899817850636,0.001990527775799353,0.00012718963064050612
Li-F (diluent),2.0273224043715845,0.002060236781166192,0.00013290320292985795
Li-F (diluent),2.0351548269581055,0.0021325495644280664,0.00013886296793802423
Li-F (diluent),2.0429872495446264,0.002207597042822317,0.00014507986359603537
Li-F (diluent),2.0508196721311474,0.0022855226254592815,0.0001515654184330124
Li-F (diluent),2.0586520947176683,0.0023664840552982914,0.00015833180410074665
Li-F (diluent),2.0664845173041893,0.0024506555360045454,0.000165391895322481
Li-F (diluent),2.07431693989071,0.002538230182699055,0.0001727593384476646
Li-F (diluent),2.082149362477231,0.002629422839766323,0.00018044862996797334
Li-F (diluent),2.089981785063752,0.0027244733132546716,0.00018847520654429698
Li-F (diluent),2.097814207650273,0.0028236500699588586,0.00019685554831128097
Li-F (diluent),2.105646630236794,0.0029272544599692994,0.00020560729746692716
Li-F (diluent),2.113479052823315,0.003035625524249415,0.00021474939442113245
Li-F (diluent),2.121311475409836,0.0031491454535907404,0.00022430223407016373
Li-F (diluent),2.129143897996357,0.0032682457700069535,0.00023428784508499513
Li-F (diluent),2.136976320582878,0.003393414306158227,0.00024473009545093857
Li-F (diluent),2.1448087431693987,0.003525203062623281,0.00025565492787448424
Li-F (diluent),2.1526411657559197,0.003664237026615346,0.0002670906290806721
Li-F (diluent),2.1604735883424406,0.003811224038907105,0.0002790681374600173
Li-F (diluent),2.1683060109289616,0.003966965798104457,0.00029162139398672453
Li-F (diluent),2.1761384335154825,0.004132370092784952,0.00030478774181757015
Li-F (diluent),2.1839708561020035,0.004308464352168475,0.000318608380490439
Li-F (diluent),2.1918032786885244,0.004496410604670483,0.00033312888116905653
Li-F (diluent),2.1996357012750454,0.004697521930639204,0.0003483997699207994
Li-F (diluent),2.2074681238615663,0.004913280490519759,0.0003644771865611423
Li-F (diluent),2.2153005464480873,0.005145357202330591,0.00038142362714344165
Li-F (diluent),2.223132969034608,0.00539563313238335,0.00039930877870698417
Li-F (diluent),2.230965391621129,0.005666222650326972,0.000418210455408512
Li-F (diluent),2.23879781420765,0.005959498383554384,0.00043821564564004587
Li-F (diluent),2.246630236794171,0.006278117986492155,0.0004594216801642342
Li-F (diluent),2.254462659380692,0.006625052717035078,0.000481937531661321
Li-F (diluent),2.262295081967213,0.007003617785154843,0.0005058852563609872
Li-F (diluent),2.270127504553734,0.007417504407309845,0.0005314015886078244
Li-F (diluent),2.277959927140255,0.007870813464568967,0.0005586396992594199
Li-F (diluent),2.285792349726776,0.008368090622256172,0.0005877711287177605
Li-F (diluent),2.2936247723132968,0.008914362724422014,0.000618987905123365
Li-F (diluent),2.3014571948998177,0.009515175227638391,0.0006525048577716042
Li-F (diluent),2.3092896174863387,0.010176630385682124,0.0006885621351156995
Li-F (diluent),2.3171220400728596,0.01090542583992414,0.0007274279357742208
Li-F (diluent),2.3249544626593805,0.011708893210102496,0.0007694014597360106
Li-F (diluent),2.3327868852459015,0.012595036217196095,0.000814816085426593
Li-F (diluent),2.3406193078324224,0.013572567805042901,0.0008640427764428938
Li-F (diluent),2.3484517304189434,0.014650945661026631,0.0009174937195552838
Li-F (diluent),2.3562841530054643,0.01584040546961095,0.0009756261929982404
Li-F (diluent),2.3641165755919853,0.01715199116690907,0.0010389466611077814
Li-F (diluent),2.3719489981785062,0.018597581401173464,0.0011080150880044372
Li-F (diluent),2.379781420765027,0.02018991134455752,0.0011834494592596978
Li-F (diluent),2.387613843351548,0.021942588947357282,0.0012659304963230347
Li-F (diluent),2.395446265938069,0.02387010467892453,0.0013562065439347176
Li-F (diluent),2.40327868852459,0.02598783376139157,0.0014550986058242074
Li-F (diluent),2.411111111111111,0.028312029875168142,0.0015635054987217603
Li-F (diluent),2.418943533697632,0.030859809300811756,0.0016824090891290175
Li-F (diluent),2.426775956284153,0.03364912446227904,0.0018128795714506566
Li-F (diluent),2.434608378870674,0.03669872585364477,0.0019560807400428584
Li-F (diluent),2.4424408014571948,0.040028111366940615,0.0021132752015563493
Li-F (diluent),2.4502732240437157,0.043657462094492214,0.0022858294677249504
Li-F (diluent),2.4581056466302367,0.047607563756500194,0.002475218862569438
Li-F (diluent),2.4659380692167576,0.05189971300484117,0.0026830321719570303
Li-F (diluent),2.4737704918032786,0.05655560797807965,0.0029109759576955987
Li-F (diluent),2.4816029143897995,0.061597222631024226,0.0031608784529749724
Li-F (diluent),2.4894353369763205,0.06704666453496412,0.0034346929511300714
Li-F (diluent),2.4972677595628414,0.07292601604163623,0.003734500595533226
Li-F (diluent),2.5051001821493624,0.0792571589241377,0.004062512475071643
Li-F (diluent),2.5129326047358833,0.08606158284998897,0.004421070927278443
Li-F (diluent),2.5207650273224043,0.09336017830336561,0.0048126499499092585
Li-F (diluent),2.528597449908925,0.10117301485254007,0.005239854621734822
Li-F (diluent),2.536429872495446,0.10951910595158146,0.005705419434690003
Li-F (diluent),2.544262295081967,0.11841616176853634,0.006212205442407872
Li-F (diluent),2.552094717668488,0.12788033184124087,0.006763196134685961
Li-F (diluent),2.559927140255009,0.13792593967165653,0.007361491953675693
Li-F (diluent),2.56775956284153,0.14856521167474798,0.008010303375628199
Li-F (diluent),2.575591985428051,0.15980800319258345,0.008712942491918696
Li-F (diluent),2.583424408014572,0.17166152456237477,0.009472813034827082
Li-F (diluent),2.591256830601093,0.184130070482201,0.01029339880716246
Li-F (diluent),2.5990892531876137,0.1972147561436807,0.011178250490238078
Li-F (diluent),2.6069216757741347,0.21091326379043618,0.012130970821847662
Li-F (diluent),2.6147540983606556,0.22521960350853065,0.013155198154643714
Li-F (diluent),2.6225865209471766,0.2401238921542131,0.014254588425512929
Li-F (diluent),2.6304189435336975,0.2556121543697893,0.015432795587984013
Li-F (diluent),2.6382513661202185,0.27166614962540403,0.01669345058215103
Li-F (diluent),2.6460837887067394,0.28826322914891744,0.018040138939775623
Li-F (diluent),2.6539162112932604,0.30537622646473506,0.01947637714583445
Li-F (diluent),2.6617486338797813,0.32297338505336326,0.021005587901462827
Li-F (diluent),2.6695810564663023,0.3410183263656931,0.02263107445664427
Li-F (diluent),2.6774134790528232,0.35947006107998536,0.02435599420371896
Li-F (diluent),2.685245901639344,0.3782830460769522,0.026183331744427267
Li-F (diluent),2.693078324225865,0.39740728913238754,0.028115871663354466
Li-F (diluent),2.700910746812386,0.41678850279202967,0.03015617125888509
Li-F (diluent),2.708743169398907,0.43636830830573753,0.03230653349870296
Li-F (diluent),2.716575591985428,0.4560844898649674,0.03456898048009428
Li-F (diluent),2.724408014571949,0.47587129871755124,0.036945227685458895
Li-F (diluent),2.73224043715847,0.4956598060366971,0.03943665933017364
Li-F (diluent),2.740072859744991,0.5153783027077514,0.042044305102989
Li-F (diluent),2.7479052823315118,0.5349527434781962,0.04476881859823094
Li-F (diluent),2.7557377049180327,0.5543072322058931,0.047610457734035744
Li-F (diluent),2.7635701275045537,0.5733645442503564,0.050569067441543665
Li-F (diluent),2.7714025500910746,0.5920466813946648,0.053644064896358756
Li-F (diluent),2.7792349726775956,0.6102754540741671,0.05683442754566656
Li-F (diluent),2.7870673952641165,0.627973085134725,0.06013868416227899
Li-F (diluent),2.7948998178506375,0.6450628288594373,0.06355490913071841
Li-F (diluent),2.8027322404371584,0.6614695985993486,0.06708072014050703
Li-F (diluent),2.8105646630236794,0.6771205960300146,0.07071327942841546
Li-F (diluent),2.8183970856102003,0.6919459348400492,0.0744492986749426
Li-F (diluent),2.8262295081967213,0.705879251546353,0.07828504762120629
Li-F (diluent),2.834061930783242,0.7188582961281867,0.08221636643124557
Li-F (diluent),2.841894353369763,0.7308254952812655,0.0862386817820423
Li-F (diluent),2.849726775956284,0.7417284813141504,0.09034702661998079
Li-F (diluent),2.857559198542805,0.7515205800408595,0.09453606347862474
Li-F (diluent),2.865391621129326,0.7601612514620938,0.09880011120927239
Li-F (diluent),2.873224043715847,0.7676164775670001,0.10313317493342658
Li-F (diluent),2.881056466302368,0.7738590922201594,0.1075289789857593
Li-F (diluent),2.888888888888889,0.7788690488148149,0.1119810025780117
Li-F (diluent),2.89672131147541,0.7826336221619015,0.11648251787917405
Li-F (diluent),2.9045537340619307,0.7851475419323113,0.12102663017581212
Li-F (diluent),2.9123861566484517,0.7864130558630256,0.12560631974907385
Li-F (diluent),2.9202185792349726,0.7864399218612161,0.1302144850821771
Li-F (diluent),2.9280510018214936,0.7852453290785748,0.13484398699443362
Li-F (diluent),2.9358834244080145,0.7828537489650308,0.13948769328540223
Li-F (diluent),2.9437158469945355,0.7792967182307673,0.14413852346579875
Li-F (diluent),2.9515482695810564,0.7746125565324992,0.14878949315044057
Li-F (diluent),2.9593806921675774,0.7688460225394709,0.15343375769278814
Li-F (diluent),2.9672131147540983,0.7620479128126869,0.15806465465049327
Li-F (diluent),2.9750455373406193,0.7542746086348731,0.16267574468660334
Li-F (diluent),2.98287795992714,0.7455875765474888,0.16726085053144266
Li-F (diluent),2.990710382513661,0.7360528288753752,0.17181409365534822
Li-F (diluent),2.998542805100182,0.7257403509418582,0.1763299283319574
Li-F (diluent),3.006375227686703,0.7147235019918617,0.1808031728051273
Li-F (diluent),3.014207650273224,0.7030783970444784,0.18522903730926496
Li-F (diluent),3.022040072859745,0.6908832769882729,0.1896031487322515
Li-F (diluent),3.029872495446266,0.6782178742132616,0.19392157175162167
Li-F (diluent),3.037704918032787,0.6651627809459675,0.19818082631754308
Li-F (diluent),3.045537340619308,0.6517988272231063,0.20237790139975873
Li-F (diluent),3.0533697632058288,0.6382064751120105,0.20651026495933664
Li-F (diluent),3.0612021857923497,0.6244652353701308,0.21057587014915782
Li-F (diluent),3.0690346083788707,0.6106531122416062,0.21457315778893615
Li-F (diluent),3.0768670309653916,0.5968460815267722,0.2185010552006118
Li-F (diluent),3.0846994535519126,0.5831176064423472,0.22235897152764442
Li-F (diluent),3.0925318761384335,0.5695381951282679,0.22614678969657093
Li-F (diluent),3.1003642987249544,0.5561750029644186,0.22986485521075903
Li-F (diluent),3.1081967213114754,0.5430914821496351,0.23351396199422586
Li-F (diluent),3.1160291438979963,0.5303470802789316,0.23709533552742487
Li-F (diluent),3.1238615664845173,0.5179969889450685,0.24061061353682672
Li-F (diluent),3.1316939890710382,0.5060919426988496,0.24406182451580555
Li-F (diluent),3.139526411657559,0.49467806803951975,0.24745136436574014
Li-F (diluent),3.14735883424408,0.48379678148192995,0.250781971453375
Li-F (diluent),3.155191256830601,0.47348473516913003,0.2540567003834508
Li-F (diluent),3.163023679417122,0.46377380797484763,0.25727889478456945
Li-F (diluent),3.170856102003643,0.45469113957564866,0.2604521594014222
Li-F (diluent),3.178688524590164,0.4462592045717586,0.26358033177815215
Li-F (diluent),3.186520947176685,0.4384959234014659,0.26666745380605905
Li-F (diluent),3.194353369763206,0.4314148065282178,0.2697177433944378
Li-F (diluent),3.202185792349727,0.42502512818211324,0.2727355665064486
Li-F (diluent),3.2100182149362477,0.41933212580740986,0.2757254097829476
Li-F (diluent),3.2178506375227687,0.4143372213025815,0.27869185395656987
Li-F (diluent),3.2256830601092896,0.41003826013613287,0.28163954823646115
Li-F (diluent),3.2335154826958106,0.4064297644755338,0.284573185821309
Li-F (diluent),3.2413479052823315,0.4035031965733409,0.2874974806751224
Li-F (diluent),3.2491803278688525,0.40124722880823166,0.29041714567691895
Li-F (diluent),3.2570127504553734,0.3996480169732588,0.293336872232463
Li-F (diluent),3.2648451730418944,0.3986894736328321,0.29626131141376005
Li-F (diluent),3.2726775956284153,0.39835353862725537,0.29919505667045904
Li-F (diluent),3.2805100182149363,0.39862044408263864,0.30214262813687687
Li-F (diluent),3.288342440801457,0.3994689715782986,0.30510845853927054
Li-F (diluent),3.296174863387978,0.40087669942724863,0.30809688069039937
Li-F (diluent),3.304007285974499,0.40282023833230335,0.3111121165424919
Li-F (diluent),3.31183970856102,0.4052754539853297,0.3141582677555477
Li-F (diluent),3.319672131147541,0.40821767547544036,0.31723930772552683
Li-F (diluent),3.327504553734062,0.4116218886591551,0.3203590750064324
Li-F (diluent),3.335336976320583,0.4154629139180511,0.3235212680515695
Li-F (diluent),3.343169398907104,0.4197155679841019,0.32672944119232405
Li-F (diluent),3.351001821493625,0.42435480974728135,0.3299870017675904
Li-F (diluent),3.3588342440801457,0.4293558701722256,0.3332972083133951
Li-F (diluent),3.3666666666666667,0.4346943666395081,0.3366631697202139
Li-F (diluent),3.3744990892531876,0.44034640219165694,0.34008784526483793
Li-F (diluent),3.3823315118397086,0.44628865030422465,0.34357404542428055
Li-F (diluent),3.3901639344262295,0.45249842591823536,0.3471244333809864
Li-F (diluent),3.3979963570127505,0.45895374356285157,0.35074152713136914
Li-F (diluent),3.4058287795992714,0.4656333634671475,0.35442770211330904
Li-F (diluent),3.4136612021857924,0.47251682660873817,0.35818519427254686
Li-F (diluent),3.4214936247723133,0.47958447967628287,0.3620161034927743
Li-F (diluent),3.4293260473588343,0.48681749093426324,0.3659223973195011
Li-F (diluent),3.4371584699453552,0.4941978579738278,0.36990591491335917
Li-F (diluent),3.444990892531876,0.5017084083148257,0.3739683711742518
Li-F (diluent),3.452823315118397,0.5093327937934051,0.3781113609835774
Li-F (diluent),3.460655737704918,0.5170554796286918,0.3823363635175428
Li-F (diluent),3.468488160291439,0.5248617290129969,0.3866447465902569
Li-F (diluent),3.47632058287796,0.5327375840145828,0.39103777099078074
Li-F (diluent),3.484153005464481,0.540669843521936,0.3955165947835475
Li-F (diluent),3.491985428051002,0.5486460388953811,0.4000822775465078
Li-F (diluent),3.499817850637523,0.5566544079271522,0.40473578452595804
Li-F (diluent),3.5076502732240433,0.5646838676460213,0.40947799069125007
Li-F (diluent),3.5154826958105643,0.5727239864383982,0.41430968467644447
Li-F (diluent),3.523315118397085,0.5807649558954238,0.41923157259942945
Li-F (diluent),3.531147540983606,0.5887975627358243,0.42424428175211715
Li-F (diluent),3.538979963570127,0.5968131610977712,0.4293483641580087
Li-F (diluent),3.546812386156648,0.6048036454402631,0.43454429999574523
Li-F (diluent),3.554644808743169,0.6127614242459473,0.43983250088921605
Li-F (diluent),3.56247723132969,0.6206793946730736,0.44521331306641987
Li-F (diluent),3.570309653916211,0.6285509182645534,0.4506870203905819
Li-F (diluent),3.578142076502732,0.6363697977869003,0.4562538472680494
Li-F (diluent),3.585974499089253,0.6441302552411029,0.4619139614382487
Li-F (diluent),3.5938069216757738,0.6518269110610677,0.4676674766515088
Li-F (diluent),3.6016393442622947,0.6594547644930028,0.47351445524088137
Li-F (diluent),3.6094717668488157,0.667009175130721,0.47945491059422507
Li-F (diluent),3.6173041894353366,0.674485845567056,0.4854888095328165
Li-F (diluent),3.6251366120218576,0.6818808051101002,0.491616074602612
Li-F (diluent),3.6329690346083785,0.6891903945044647,0.4978365862840509
Li-F (diluent),3.6408014571948994,0.6964112515919052,0.504150185125969
Li-F (diluent),3.6486338797814204,0.7035402978421161,0.5105566738088176
Li-F (diluent),3.6564663023679413,0.7105747256829761,0.5170558191419603
Li-F (diluent),3.6642987249544623,0.7175119865596784,0.5236473539993753
Li-F (diluent),3.6721311475409832,0.7243497796537639,0.5303309791976312
Li-F (diluent),3.679963570127504,0.7310860411957745,0.537106365319547
Li-F (diluent),3.687795992714025,0.7377189343088426,0.5439731544864962
Li-F (diluent),3.695628415300546,0.7442468393247874,0.5509309620818845
Li-F (diluent),3.703460837887067,0.7506683445190107,0.5579793784279229
Li-F (diluent),3.711293260473588,0.7569822372154869,0.5651179704174399
Li-F (diluent),3.719125683060109,0.7631874952182844,0.5723462831021342
Li-F (diluent),3.72695810564663,0.7692832785311943,0.5796638412383542
Li-F (diluent),3.734790528233151,0.7752689213320796,0.5870701507912242
Li-F (diluent),3.742622950819672,0.7811439241734176,0.5945647003976945
Li-F (diluent),3.7504553734061927,0.7869079463850813,0.6021469627888967
Li-F (diluent),3.7582877959927137,0.7925607986596965,0.6098163961720182
Li-F (diluent),3.7661202185792346,0.7981024358048388,0.6175724455717793
Li-F (diluent),3.7739526411657556,0.803532949649895,0.6254145441314938
Li-F (diluent),3.7817850637522765,0.8088525620985948,0.6333421143736291
Li-F (diluent),3.7896174863387975,0.8140616183210093,0.6413545694197266
Li-F (diluent),3.7974499089253184,0.8191605800812343,0.649451314169533
Li-F (diluent),3.8052823315118394,0.8241500191990278,0.6576317464391847
Li-F (diluent),3.8131147540983603,0.8290306111453669,0.6658952580583107
Li-F (diluent),3.8209471766848813,0.8338031287732809,0.6742412359259498
Li-F (diluent),3.828779599271402,0.8384684361863769,0.6826690630252247
Li-F (diluent),3.836612021857923,0.8430274827482949,0.6911781193967764
Li-F (diluent),3.844444444444444,0.8474812972368646,0.6997677830710195
Li-F (diluent),3.852276867030965,0.8518309821470846,0.708437430959358
Li-F (diluent),3.860109289617486,0.8560777081471799,0.7171864397045715
Li-F (diluent),3.867941712204007,0.8602227086919673,0.7260141864906604
Li-F (diluent),3.875774134790528,0.8642672747976017,0.7349200498125178
Li-F (diluent),3.883606557377049,0.8682127499814851,0.7439034102058709
Li-F (diluent),3.89143897996357,0.8720605253707482,0.7529636509380159
Li-F (diluent),3.8992714025500907,0.8758120349822671,0.7621001586599357
Li-F (diluent),3.9071038251366117,0.8794687511766663,0.7713123240204678
Li-F (diluent),3.9149362477231326,0.8830321802882191,0.7805995422432476
Li-F (diluent),3.9227686703096536,0.8865038584319822,0.7899612136672214
Li-F (diluent),3.9306010928961745,0.8898853474889304,0.7993967442515693
Li-F (diluent),3.9384335154826955,0.893178231269267,0.8089055460459359
Li-F (diluent),3.9462659380692164,0.8963841118535194,0.8184870376269093
Li-F (diluent),3.9540983606557374,0.8995046061104793,0.8281406445017251
Li-F (diluent),3.9619307832422583,0.9025413423905093,0.8378657994802085
Li-F (diluent),3.9697632058287793,0.9054959573922419,0.8476619430159951
Li-F (diluent),3.9775956284153002,0.908370093200228,0.8575285235180904
Li-F (diluent),3.985428051001821,0.9111653944906598,0.867464997633849
Li-F (diluent),3.993260473588342,0.9138835059018949,0.8774708305044623
Li-F (diluent),4.001092896174863,0.9165260695661583,0.8875454959940543
Li-F (diluent),4.008925318761384,0.9190947227984766,0.8976884768934854
Li-F (diluent),4.016757741347905,0.9215910959386283,0.9078992650999638
Li-F (diluent),4.024590163934426,0.9240168103416482,0.9181773617735558
Li-F (diluent),4.032422586520947,0.9263734765122251,0.9285222774716839
Li-F (diluent),4.040255009107468,0.9286626923781747,0.9389335322626794
Li-F (diluent),4.048087431693989,0.9308860416980204,0.9494106558194502
Li-F (diluent),4.05591985428051,0.9330450925976396,0.9599531874943009
Li-F (diluent),4.063752276867031,0.935141396230846,0.9705606763759222
Li-F (diluent),4.071584699453552,0.9371764855587498,0.9812326813295492
Li-F (diluent),4.079417122040073,0.939151874242719,0.9919687710212541
Li-F (diluent),4.0872495446265935,0.9410690556457816,1.0027685239273254
Li-F (diluent),4.0950819672131145,0.9429295019373342,1.0136315283296464
Li-F (diluent),4.102914389799635,0.9447346632960808,1.0245573822979681
Li-F (diluent),4.110746812386156,0.9464859672061893,1.035545693659933
Li-F (diluent),4.118579234972677,0.9481848178417481,1.046596079959685
Li-F (diluent),4.126411657559198,0.9498325955346915,1.0577081684058651
Li-F (diluent),4.134244080145719,0.951430656321486,1.068881595809764
Li-F (diluent),4.14207650273224,0.9529803315639828,1.080116008514371
Li-F (diluent),4.149908925318761,0.9544829276399741,1.0914110623150317
Li-F (diluent),4.157741347905282,0.9559397256991271,1.1027664223723892
Li-F (diluent),4.165573770491803,0.9573519814801118,1.114181763118264
Li-F (diluent),4.173406193078324,0.9587209251848854,1.1256567681550846
Li-F (diluent),4.181238615664845,0.9600477614062445,1.1371911301494666
Li-F (diluent),4.189071038251366,0.9613336691049099,1.1487845507204946
Li-F (diluent),4.196903460837887,0.9625798016325611,1.1604367403232445
Li-F (diluent),4.204735883424408,0.9637872867973878,1.172147418128049
Li-F (diluent),4.212568306010929,0.9649572269688853,1.1839163118959848
Li-F (diluent),4.22040072859745,0.9660906992187615,1.195743157851036
Li-F (diluent),4.228233151183971,0.9671887554949834,1.2076277005493585
Li-F (diluent),4.2360655737704915,0.9682524228261324,1.219569692746047
Li-F (diluent),4.2438979963570125,0.9692827035533802,1.231568895259787
Li-F (diluent),4.251730418943533,0.9702805755875444,1.2436250768357429
Li-F (diluent),4.259562841530054,0.9712469926888153,1.2557380140070207
Li-F (diluent),4.267395264116575,0.9721828847668813,1.2679074909550132
Li-F (diluent),4.275227686703096,0.9730891581993093,1.2801332993689236
Li-F (diluent),4.283060109289617,0.9739666961661626,1.2924152383047387
Li-F (diluent),4.290892531876138,0.9748163589989604,1.3047531140439046
Li-F (diluent),4.298724954462659,0.9756389845421979,1.3171467399519452
Li-F (diluent),4.30655737704918,0.9764353885257591,1.3295959363372363
Li-F (diluent),4.314389799635701,0.977206364946666,1.3421005303101463
Li-F (diluent),4.322222222222222,0.9779526864587019,1.3546603556427232
Li-F (diluent),4.330054644808743,0.9786751047685563,1.367275252629107
Li-F (diluent),4.337887067395264,0.9793743510372235,1.3799450679468226
Li-F (diluent),4.345719489981785,0.9800511362854843,1.3926696545191017
Li-F (diluent),4.353551912568306,0.98070615180238,1.405448871378365
Li-F (diluent),4.361384335154827,0.9813400695556729,1.4182825835309876
Li-F (diluent),4.369216757741348,0.9819535426033623,1.4311706618234565
Li-F (diluent),4.377049180327869,0.9825472055054009,1.4441129828100223
Li-F (diluent),4.3848816029143896,0.9831216747348205,1.4571094286219326
Li-F (diluent),4.3927140255009105,0.9836775490875472,1.4701598868383274
Li-F (diluent),4.4005464480874315,0.9842154100902466,1.4832642503588718
Li-F (diluent),4.408378870673952,0.9847358224055885,1.4964224172781846
Li-F (diluent),4.416211293260473,0.9852393342343966,1.5096342907621227
Li-F (diluent),4.424043715846994,0.9857264777141727,1.5228997789259655
Li-F (diluent),4.431876138433515,0.9861977693135557,1.536218794714546
Li-F (diluent),4.439708561020036,0.9866537102223123,1.5495912557843587
Li-F (diluent),4.447540983606557,0.987094786736493,1.563017084387678
Li-F (diluent),4.455373406193078,0.987521470638441,1.5764962072587076
Li-F (diluent),4.463205828779599,0.9879342195713631,1.5900285555017826
Li-F (diluent),4.47103825136612,0.9883334774082181,1.603614064481635
Li-F (diluent),4.478870673952641,0.9887196746147037,1.6172526737157362
Li-F (diluent),4.486703096539162,0.9890932286061562,1.6309443267687174
Li-F (diluent),4.494535519125683,0.9894545440982031,1.6446889711488724
Li-F (diluent),4.502367941712204,0.9898040134510363,1.6584865582067423
Li-F (diluent),4.510200364298725,0.9901420170071954,1.672337043035773
Li-F (diluent),4.518032786885246,0.9904689234227764,1.6862403843750389
Li-F (diluent),4.525865209471767,0.9907850899919961,1.7001965445140268
Li-F (diluent),4.533697632058288,0.9910908629650661,1.714205489199458
Li-F (diluent),4.5415300546448085,0.9913865778593453,1.7282671875441422
Li-F (diluent),4.5493624772313295,0.9916725597637577,1.7423816119378377
Li-F (diluent),4.55719489981785,0.991949123636472,1.7565487379601061
Li-F (diluent),4.565027322404371,0.9922165745958607,1.7707685442951342
Li-F (diluent),4.572859744990892,0.9924752082047575,1.7850410126485035
Li-F (diluent),4.580692167577413,0.9927253107480594,1.799366127665884
Li-F (diluent),4.588524590163934,0.9929671595037064,1.813743876853626
Li-F (diluent),4.596357012750455,0.9932010230071083,1.8281742505012217
Li-F (diluent),4.604189435336976,0.9934271613090698,1.8426572416056155
Li-F (diluent),4.612021857923497,0.9936458262272936,1.857192845797329
Li-F (diluent),4.619854280510018,0.9938572615915321,1.8717810612683743
Li-F (diluent),4.627686703096539,0.9940617034824769,1.886421888701927
Li-F (diluent),4.63551912568306,0.9942593804644678,1.9011153312037306
Li-F (diluent),4.643351548269581,0.9944505138121195,1.9158613942351954
Li-F (diluent),4.651183970856102,0.994635317730959,1.9306600855481726
Li-F (diluent),4.659016393442623,0.9948139995721741,1.9455114151213613
Li-F (diluent),4.666848816029144,0.9949867600415774,1.9604153950983274
Li-F (diluent),4.674681238615665,0.9951537934028879,1.9753720397270942
Li-F (diluent),4.682513661202186,0.9953152876754414,1.9903813653012825
Li-F (diluent),4.6903460837887065,0.9954714248264328,2.005443390102763
Li-F (diluent),4.6981785063752275,0.9956223809578042,2.020558134345793
Li-F (diluent),4.706010928961748,0.9957683264878902,2.0357256201226037
Li-F (diluent),4.713843351548269,0.9959094263279261,2.050945871350414
Li-F (diluent),4.72167577413479,0.9960458400535371,2.0662189137198292
Li-F (diluent),4.729508196721311,0.9961777220713166,2.0815447746446054
Li-F (diluent),4.737340619307832,0.9963052217806033,2.096923483212745
Li-F (diluent),4.745173041894353,0.9964284837305735,2.112355070138888
Li-F (diluent),4.753005464480874,0.9965476477727543,2.127839567717984
Li-F (diluent),4.760837887067395,0.9966628492090677,2.1433770097801985
Li-F (diluent),4.768670309653916,0.9967742189355172,2.158967431647037
Li-F (diluent),4.776502732240437,0.9968818835816221,2.174610870088654
Li-F (diluent),4.784335154826958,0.9969859656457059,2.190307363282322
Li-F (diluent),4.792167577413479,0.9970865836261465,2.206056950772023
Li-F (diluent),4.8,0.9971838521486875,2.2218596734291536
